time_UTC,T2m,RH,GHI,DNI,DHI,IR,WS,WD,SP,in_season,month,hour_of_day,day_of_year
2020-01-01 00:00:00,-4.94,60.66,0.0,-0.0,0.0,216.16,1.46,125.0,88760.0,False,1,0,1
2020-01-01 01:00:00,-5.35,61.72,0.0,-0.0,0.0,216.86,1.48,123.0,88620.0,False,1,1,1
2020-01-01 02:00:00,-5.77,62.77,0.0,-0.0,0.0,217.56,1.49,126.0,88610.0,False,1,2,1
2020-01-01 03:00:00,-6.19,63.83,0.0,-0.0,0.0,218.26,1.5,130.0,88610.0,False,1,3,1
2020-01-01 04:00:00,-6.61,64.88,0.0,-0.0,0.0,218.96,1.52,133.0,88590.0,False,1,4,1
2020-01-01 05:00:00,-7.02,65.94,0.0,-0.0,0.0,219.65,1.53,134.0,88610.0,False,1,5,1
2020-01-01 06:00:00,-7.44,66.99,0.0,-0.0,0.0,220.35,1.54,132.0,88640.0,False,1,6,1
2020-01-01 07:00:00,-7.86,68.05,0.0,-0.0,0.0,221.05,1.56,130.0,88690.0,False,1,7,1
2020-01-01 08:00:00,-7.34,68.45,24.0,0.0,24.0,235.3,1.31,126.0,88710.0,False,1,8,1
2020-01-01 09:00:00,-5.37,68.85,225.0,840.66,35.0,239.95,1.17,127.0,88720.0,False,1,9,1
2020-01-01 10:00:00,-1.92,61.45,321.0,924.97,39.0,243.05,0.97,130.0,88750.0,False,1,10,1
2020-01-01 11:00:00,1.73,55.2,362.0,910.99,49.0,247.3,0.55,138.0,88740.0,False,1,11,1
2020-01-01 12:00:00,3.24,51.3,347.0,845.37,60.0,238.6,0.48,149.0,88710.0,False,1,12,1
2020-01-01 13:00:00,3.77,53.5,294.0,829.66,51.0,223.5,0.55,146.0,88660.0,False,1,13,1
2020-01-01 14:00:00,3.4,57.95,195.0,758.64,38.0,225.25,0.48,123.0,88650.0,False,1,14,1
2020-01-01 15:00:00,2.49,60.05,55.0,297.06,29.0,224.3,0.69,107.0,88670.0,False,1,15,1
2020-01-01 16:00:00,-0.04,67.1,0.0,-0.0,0.0,222.75,1.1,125.0,88700.0,False,1,16,1
2020-01-01 17:00:00,-2.69,72.25,0.0,-0.0,0.0,222.75,1.45,134.0,88710.0,False,1,17,1
2020-01-01 18:00:00,-4.65,71.95,0.0,-0.0,0.0,223.7,1.59,135.0,88710.0,False,1,18,1
2020-01-01 19:00:00,-5.61,68.85,0.0,-0.0,0.0,220.8,1.45,132.0,88710.0,False,1,19,1
2020-01-01 20:00:00,-5.79,68.75,0.0,-0.0,0.0,221.95,1.38,131.0,88690.0,False,1,20,1
2020-01-01 21:00:00,-5.85,65.95,0.0,-0.0,0.0,222.75,1.38,132.0,88660.0,False,1,21,1
2020-01-01 22:00:00,-6.08,63.25,0.0,-0.0,0.0,226.6,1.38,135.0,88640.0,False,1,22,1
2020-01-01 23:00:00,-6.59,65.8,0.0,-0.0,0.0,231.65,1.38,136.0,88620.0,False,1,23,1
2020-01-02 00:00:00,-6.88,65.7,0.0,-0.0,0.0,241.3,1.31,136.0,88560.0,False,1,0,2
2020-01-02 01:00:00,-6.99,65.7,0.0,-0.0,0.0,249.35,1.31,137.0,88520.0,False,1,1,2
2020-01-02 02:00:00,-6.97,65.7,0.0,-0.0,0.0,250.4,1.38,136.0,88530.0,False,1,2,2
2020-01-02 03:00:00,-6.49,63.1,0.0,-0.0,0.0,255.45,1.45,135.0,88520.0,False,1,3,2
2020-01-02 04:00:00,-7.02,60.4,0.0,-0.0,0.0,229.7,1.45,136.0,88490.0,False,1,4,2
2020-01-02 05:00:00,-7.02,60.4,0.0,-0.0,0.0,235.5,1.38,137.0,88480.0,False,1,5,2
2020-01-02 06:00:00,-7.27,62.9,0.0,-0.0,0.0,232.6,1.38,138.0,88490.0,False,1,6,2
2020-01-02 07:00:00,-7.14,57.85,0.0,-0.0,0.0,230.1,1.45,136.0,88570.0,False,1,7,2
2020-01-02 08:00:00,-7.01,57.85,25.0,0.0,25.0,228.15,1.38,137.0,88590.0,False,1,8,2
2020-01-02 09:00:00,-4.6,51.55,222.0,820.77,36.0,232.2,1.1,141.0,88610.0,False,1,9,2
2020-01-02 10:00:00,-1.01,48.15,317.0,902.52,41.0,238.05,0.83,143.0,88630.0,False,1,10,2
2020-01-02 11:00:00,1.56,45.0,360.0,901.84,49.0,238.05,0.69,154.0,88610.0,False,1,11,2
2020-01-02 12:00:00,2.68,45.3,338.0,782.8,71.0,231.45,0.55,163.0,88550.0,False,1,12,2
2020-01-02 13:00:00,3.19,45.4,290.0,800.66,54.0,229.15,0.48,170.0,88510.0,False,1,13,2
2020-01-02 14:00:00,1.35,59.8,193.0,731.93,40.0,229.7,0.69,167.0,88500.0,False,1,14,2
2020-01-02 15:00:00,-0.83,72.5,53.0,256.25,30.0,227.0,1.17,153.0,88480.0,False,1,15,2
2020-01-02 16:00:00,-2.44,72.25,0.0,-0.0,0.0,230.85,1.52,148.0,88450.0,False,1,16,2
2020-01-02 17:00:00,-3.94,69.15,0.0,-0.0,0.0,234.75,1.66,147.0,88470.0,False,1,17,2
2020-01-02 18:00:00,-5.39,71.75,0.0,-0.0,0.0,225.65,1.72,146.0,88470.0,False,1,18,2
2020-01-02 19:00:00,-6.21,65.95,0.0,-0.0,0.0,221.4,1.66,144.0,88530.0,False,1,19,2
2020-01-02 20:00:00,-6.43,65.8,0.0,-0.0,0.0,224.65,1.72,144.0,88520.0,False,1,20,2
2020-01-02 21:00:00,-6.24,65.8,0.0,-0.0,0.0,236.3,1.79,145.0,88520.0,False,1,21,2
2020-01-02 22:00:00,-5.69,63.35,0.0,-0.0,0.0,250.8,1.86,146.0,88510.0,False,1,22,2
2020-01-02 23:00:00,-4.69,60.95,0.0,-0.0,0.0,267.85,1.93,147.0,88490.0,False,1,23,2
2020-01-03 00:00:00,-4.52,60.95,0.0,-0.0,0.0,260.85,1.93,147.0,88460.0,False,1,0,3
2020-01-03 01:00:00,-4.11,58.6,0.0,-0.0,0.0,269.9,1.93,146.0,88430.0,False,1,1,3
2020-01-03 02:00:00,-3.87,61.1,0.0,-0.0,0.0,273.05,1.86,146.0,88390.0,False,1,2,3
2020-01-03 03:00:00,-3.99,61.1,0.0,-0.0,0.0,267.25,1.86,147.0,88370.0,False,1,3,3
2020-01-03 04:00:00,-4.65,60.95,0.0,-0.0,0.0,248.65,1.86,149.0,88350.0,False,1,4,3
2020-01-03 05:00:00,-4.94,60.85,0.0,-0.0,0.0,249.65,1.79,151.0,88340.0,False,1,5,3
2020-01-03 06:00:00,-5.08,60.85,0.0,-0.0,0.0,251.75,1.72,154.0,88360.0,False,1,6,3
2020-01-03 07:00:00,-5.45,66.05,0.0,-0.0,0.0,260.3,1.59,149.0,88420.0,False,1,7,3
2020-01-03 08:00:00,-4.55,66.25,23.0,0.0,23.0,277.1,1.45,154.0,88450.0,False,1,8,3
2020-01-03 09:00:00,-2.71,66.6,193.0,536.65,71.0,280.6,1.24,161.0,88460.0,False,1,9,3
2020-01-03 10:00:00,-0.32,64.35,314.0,886.38,42.0,267.65,1.1,172.0,88460.0,False,1,10,3
2020-01-03 11:00:00,2.1,59.95,362.0,918.43,44.0,252.55,0.9,192.0,88450.0,False,1,11,3
2020-01-03 12:00:00,3.44,57.95,281.0,411.33,140.0,266.85,0.9,220.0,88430.0,False,1,12,3
2020-01-03 13:00:00,2.33,73.0,300.0,872.82,41.0,262.05,1.03,233.0,88420.0,False,1,13,3
2020-01-03 14:00:00,1.93,73.0,174.0,516.02,65.0,259.5,1.03,224.0,88450.0,False,1,14,3
2020-01-03 15:00:00,0.79,78.75,54.0,249.76,31.0,247.3,1.1,201.0,88470.0,False,1,15,3
2020-01-03 16:00:00,-0.63,78.6,0.0,-0.0,0.0,249.65,1.24,185.0,88490.0,False,1,16,3
2020-01-03 17:00:00,-0.48,78.6,0.0,-0.0,0.0,266.1,1.1,182.0,88540.0,False,1,17,3
2020-01-03 18:00:00,-0.87,81.7,0.0,-0.0,0.0,283.3,1.1,180.0,88580.0,False,1,18,3
2020-01-03 19:00:00,-1.53,78.45,0.0,-0.0,0.0,276.35,1.17,166.0,88630.0,False,1,19,3
2020-01-03 20:00:00,-1.69,84.85,0.0,-0.0,0.0,287.2,1.17,165.0,88640.0,False,1,20,3
2020-01-03 21:00:00,-1.46,84.95,0.0,-0.0,0.0,302.3,1.17,167.0,88670.0,False,1,21,3
2020-01-03 22:00:00,-1.19,88.35,0.0,-0.0,0.0,306.35,1.1,166.0,88660.0,False,1,22,3
2020-01-03 23:00:00,-1.01,85.0,0.0,-0.0,0.0,309.25,1.03,165.0,88680.0,False,1,23,3
2020-01-04 00:00:00,-1.17,85.0,0.0,-0.0,0.0,299.75,1.24,163.0,88670.0,False,1,0,4
2020-01-04 01:00:00,-1.79,88.3,0.0,-0.0,0.0,284.4,1.24,162.0,88650.0,False,1,1,4
2020-01-04 02:00:00,-1.59,84.95,0.0,-0.0,0.0,299.4,1.17,160.0,88650.0,False,1,2,4
2020-01-04 03:00:00,-1.29,88.35,0.0,-0.0,0.0,308.65,1.03,161.0,88640.0,False,1,3,4
2020-01-04 04:00:00,-1.37,91.9,0.0,-0.0,0.0,306.55,0.97,160.0,88630.0,False,1,4,4
2020-01-04 05:00:00,-1.35,91.9,0.0,-0.0,0.0,307.7,0.9,159.0,88650.0,False,1,5,4
2020-01-04 06:00:00,-1.31,91.9,0.0,-0.0,0.0,309.05,0.83,157.0,88700.0,False,1,6,4
2020-01-04 07:00:00,-1.24,91.9,0.0,-0.0,0.0,305.55,0.76,150.0,88700.0,False,1,7,4
2020-01-04 08:00:00,-1.07,88.4,45.0,0.0,45.0,308.1,0.69,154.0,88740.0,False,1,8,4
2020-01-04 09:00:00,-0.53,88.45,171.0,346.21,92.0,311.95,0.62,166.0,88780.0,False,1,9,4
2020-01-04 10:00:00,0.58,85.15,151.0,45.45,137.0,313.9,0.28,199.0,88810.0,False,1,10,4
2020-01-04 11:00:00,1.33,88.55,127.0,5.75,125.0,311.2,0.21,278.0,88830.0,False,1,11,4
2020-01-04 12:00:00,1.21,95.65,136.0,11.61,132.0,306.55,0.55,310.0,88780.0,False,1,12,4
2020-01-04 13:00:00,1.13,92.05,250.0,478.53,107.0,314.85,0.48,307.0,88760.0,False,1,13,4
2020-01-04 14:00:00,1.15,95.65,37.0,0.0,37.0,311.4,0.76,344.0,88780.0,False,1,14,4
2020-01-04 15:00:00,0.64,95.65,47.0,126.96,35.0,298.2,0.76,348.0,88830.0,False,1,15,4
2020-01-04 16:00:00,0.77,99.4,0.0,-0.0,0.0,303.05,0.41,335.0,88830.0,False,1,16,4
2020-01-04 17:00:00,0.11,99.4,0.0,-0.0,0.0,308.1,0.55,352.0,88860.0,False,1,17,4
2020-01-04 18:00:00,-0.55,95.6,0.0,-0.0,0.0,293.95,1.03,8.0,88940.0,False,1,18,4
2020-01-04 19:00:00,-1.11,95.6,0.0,-0.0,0.0,281.95,0.97,8.0,88930.0,False,1,19,4
2020-01-04 20:00:00,-0.44,99.4,0.0,-0.0,0.0,298.2,0.48,11.0,88920.0,False,1,20,4
2020-01-04 21:00:00,-1.24,99.4,0.0,-0.0,0.0,279.85,0.69,9.0,88890.0,False,1,21,4
2020-01-04 22:00:00,-1.81,99.4,0.0,-0.0,0.0,288.15,1.1,22.0,88940.0,False,1,22,4
2020-01-04 23:00:00,-1.91,99.4,0.0,-0.0,0.0,289.1,0.97,33.0,88930.0,False,1,23,4
2020-01-05 00:00:00,-2.12,95.55,0.0,-0.0,0.0,288.15,0.83,40.0,88890.0,False,1,0,5
2020-01-05 01:00:00,-2.78,99.4,0.0,-0.0,0.0,270.85,0.97,48.0,88840.0,False,1,1,5
2020-01-05 02:00:00,-2.8,99.4,0.0,-0.0,0.0,282.55,0.9,57.0,88840.0,False,1,2,5
2020-01-05 03:00:00,-2.56,99.4,0.0,-0.0,0.0,289.3,0.9,65.0,88840.0,False,1,3,5
2020-01-05 04:00:00,-2.77,99.4,0.0,-0.0,0.0,282.15,0.97,69.0,88820.0,False,1,4,5
2020-01-05 05:00:00,-2.91,99.4,0.0,-0.0,0.0,287.95,0.9,74.0,88810.0,False,1,5,5
2020-01-05 06:00:00,-3.46,95.55,0.0,-0.0,0.0,268.05,0.97,77.0,88810.0,False,1,6,5
2020-01-05 07:00:00,-3.33,99.4,0.0,-0.0,0.0,262.4,1.03,40.0,88850.0,False,1,7,5
2020-01-05 08:00:00,-3.64,95.55,25.0,0.0,25.0,260.85,0.9,58.0,88890.0,False,1,8,5
2020-01-05 09:00:00,-2.55,99.4,221.0,802.97,37.0,273.45,0.9,70.0,88870.0,False,1,9,5
2020-01-05 10:00:00,-0.89,88.4,317.0,888.97,42.0,258.15,1.1,67.0,88860.0,False,1,10,5
2020-01-05 11:00:00,0.3,85.1,361.0,890.11,50.0,256.05,1.1,52.0,88840.0,False,1,11,5
2020-01-05 12:00:00,1.08,81.95,353.0,862.76,54.0,247.5,1.31,43.0,88780.0,False,1,12,5
2020-01-05 13:00:00,1.5,78.9,296.0,813.84,51.0,243.85,1.38,41.0,88770.0,False,1,13,5
2020-01-05 14:00:00,1.55,78.9,197.0,713.17,43.0,234.15,1.45,39.0,88750.0,False,1,14,5
2020-01-05 15:00:00,0.84,81.95,59.0,278.22,32.0,234.15,1.38,37.0,88750.0,False,1,15,5
2020-01-05 16:00:00,-0.61,85.05,0.0,-0.0,0.0,227.0,1.31,41.0,88730.0,False,1,16,5
2020-01-05 17:00:00,-2.26,95.55,0.0,-0.0,0.0,225.25,1.17,54.0,88740.0,False,1,17,5
2020-01-05 18:00:00,-2.12,91.85,0.0,-0.0,0.0,227.95,1.1,60.0,88720.0,False,1,18,5
2020-01-05 19:00:00,-2.55,91.85,0.0,-0.0,0.0,230.3,1.1,60.0,88750.0,False,1,19,5
2020-01-05 20:00:00,-2.69,91.85,0.0,-0.0,0.0,227.4,1.03,75.0,88740.0,False,1,20,5
2020-01-05 21:00:00,-2.5,88.25,0.0,-0.0,0.0,230.3,0.97,88.0,88680.0,False,1,21,5
2020-01-05 22:00:00,-2.34,88.25,0.0,-0.0,0.0,225.65,0.9,92.0,88650.0,False,1,22,5
2020-01-05 23:00:00,-2.54,84.85,0.0,-0.0,0.0,227.0,0.9,101.0,88620.0,False,1,23,5
2020-01-06 00:00:00,-3.08,81.5,0.0,-0.0,0.0,226.4,0.97,112.0,88590.0,False,1,0,6
2020-01-06 01:00:00,-3.82,81.4,0.0,-0.0,0.0,225.95,1.1,125.0,88590.0,False,1,1,6
2020-01-06 02:00:00,-4.14,75.05,0.0,-0.0,0.0,226.4,1.17,134.0,88580.0,False,1,2,6
2020-01-06 03:00:00,-4.45,74.95,0.0,-0.0,0.0,226.05,1.17,137.0,88580.0,False,1,3,6
2020-01-06 04:00:00,-4.69,71.95,0.0,-0.0,0.0,226.6,1.24,138.0,88550.0,False,1,4,6
2020-01-06 05:00:00,-4.8,68.95,0.0,-0.0,0.0,226.4,1.31,136.0,88530.0,False,1,5,6
2020-01-06 06:00:00,-4.88,68.95,0.0,-0.0,0.0,226.05,1.31,136.0,88550.0,False,1,6,6
2020-01-06 07:00:00,-5.72,66.05,0.0,-0.0,0.0,223.7,1.45,134.0,88600.0,False,1,7,6
2020-01-06 08:00:00,-5.15,63.45,27.0,0.0,27.0,226.4,1.38,136.0,88620.0,False,1,8,6
2020-01-06 09:00:00,-3.06,63.9,226.0,825.23,36.0,225.05,1.17,139.0,88610.0,False,1,9,6
2020-01-06 10:00:00,0.81,59.6,323.0,907.42,41.0,228.55,0.9,147.0,88590.0,False,1,10,6
2020-01-06 11:00:00,3.77,53.5,366.0,897.05,51.0,229.15,0.76,160.0,88560.0,False,1,11,6
2020-01-06 12:00:00,4.91,51.8,364.0,903.56,49.0,231.05,0.69,172.0,88500.0,False,1,12,6
2020-01-06 13:00:00,4.0,60.4,303.0,830.7,51.0,232.4,0.69,174.0,88450.0,False,1,13,6
2020-01-06 14:00:00,2.75,70.3,205.0,750.76,41.0,233.75,0.9,171.0,88440.0,False,1,14,6
2020-01-06 15:00:00,1.51,72.95,66.0,351.16,31.0,231.05,0.97,165.0,88430.0,False,1,15,6
2020-01-06 16:00:00,-0.43,75.55,0.0,-0.0,0.0,229.3,1.31,157.0,88430.0,False,1,16,6
2020-01-06 17:00:00,-1.75,75.3,0.0,-0.0,0.0,229.15,1.52,152.0,88450.0,False,1,17,6
2020-01-06 18:00:00,-3.43,72.1,0.0,-0.0,0.0,228.95,1.59,151.0,88460.0,False,1,18,6
2020-01-06 19:00:00,-4.45,71.95,0.0,-0.0,0.0,225.05,1.52,151.0,88480.0,False,1,19,6
2020-01-06 20:00:00,-4.54,69.05,0.0,-0.0,0.0,226.05,1.59,153.0,88530.0,False,1,20,6
2020-01-06 21:00:00,-4.52,66.25,0.0,-0.0,0.0,226.8,1.59,154.0,88540.0,False,1,21,6
2020-01-06 22:00:00,-4.8,66.15,0.0,-0.0,0.0,227.2,1.66,154.0,88510.0,False,1,22,6
2020-01-06 23:00:00,-5.16,63.45,0.0,-0.0,0.0,225.85,1.72,153.0,88460.0,False,1,23,6
2020-01-07 00:00:00,-5.05,60.85,0.0,-0.0,0.0,224.3,1.66,155.0,88410.0,False,1,0,7
2020-01-07 01:00:00,-4.3,58.5,0.0,-0.0,0.0,222.85,1.31,159.0,88390.0,False,1,1,7
2020-01-07 02:00:00,-4.38,58.5,0.0,-0.0,0.0,224.1,1.31,157.0,88470.0,False,1,2,7
2020-01-07 03:00:00,-4.8,60.85,0.0,-0.0,0.0,226.4,1.38,156.0,88490.0,False,1,3,7
2020-01-07 04:00:00,-4.58,58.5,0.0,-0.0,0.0,228.15,1.31,157.0,88490.0,False,1,4,7
2020-01-07 05:00:00,-4.61,60.95,0.0,-0.0,0.0,225.25,1.24,157.0,88500.0,False,1,5,7
2020-01-07 06:00:00,-4.59,60.95,0.0,-0.0,0.0,228.75,1.17,155.0,88520.0,False,1,6,7
2020-01-07 07:00:00,-3.48,63.8,0.0,-0.0,0.0,247.15,1.1,155.0,88550.0,False,1,7,7
2020-01-07 08:00:00,-2.72,63.9,45.0,0.0,45.0,265.7,0.9,151.0,88620.0,False,1,8,7
2020-01-07 09:00:00,-0.98,66.9,122.0,77.77,104.0,262.6,0.69,145.0,88680.0,False,1,9,7
2020-01-07 10:00:00,0.81,67.2,265.0,473.88,117.0,269.2,0.55,149.0,88740.0,False,1,10,7
2020-01-07 11:00:00,2.04,64.9,347.0,770.49,75.0,267.25,0.41,160.0,88710.0,False,1,11,7
2020-01-07 12:00:00,2.63,65.0,362.0,883.71,52.0,270.75,0.41,159.0,88660.0,False,1,12,7
2020-01-07 13:00:00,2.96,62.6,294.0,748.9,65.0,264.75,0.34,145.0,88610.0,False,1,13,7
2020-01-07 14:00:00,2.96,65.1,205.0,732.85,43.0,245.6,0.07,113.0,88570.0,False,1,14,7
2020-01-07 15:00:00,2.35,67.6,73.0,459.06,26.0,251.75,0.28,75.0,88550.0,False,1,15,7
2020-01-07 16:00:00,1.43,72.95,0.0,-0.0,0.0,254.1,0.41,75.0,88540.0,False,1,16,7
2020-01-07 17:00:00,0.65,78.75,0.0,-0.0,0.0,256.4,0.55,76.0,88580.0,False,1,17,7
2020-01-07 18:00:00,-0.01,81.8,0.0,-0.0,0.0,270.35,0.69,89.0,88610.0,False,1,18,7
2020-01-07 19:00:00,-2.07,81.55,0.0,-0.0,0.0,249.45,1.1,96.0,88640.0,False,1,19,7
2020-01-07 20:00:00,-2.55,81.5,0.0,-0.0,0.0,258.75,1.1,115.0,88620.0,False,1,20,7
2020-01-07 21:00:00,-3.02,78.3,0.0,-0.0,0.0,245.6,1.1,126.0,88580.0,False,1,21,7
2020-01-07 22:00:00,-3.24,78.2,0.0,-0.0,0.0,245.4,1.1,134.0,88560.0,False,1,22,7
2020-01-07 23:00:00,-3.71,75.05,0.0,-0.0,0.0,233.95,1.1,139.0,88560.0,False,1,23,7
2020-01-08 00:00:00,-4.16,72.05,0.0,-0.0,0.0,226.6,1.1,141.0,88530.0,False,1,0,8
2020-01-08 01:00:00,-4.8,74.9,0.0,-0.0,0.0,243.35,1.1,141.0,88540.0,False,1,1,8
2020-01-08 02:00:00,-5.08,68.95,0.0,-0.0,0.0,237.65,1.31,144.0,88560.0,False,1,2,8
2020-01-08 03:00:00,-5.49,66.05,0.0,-0.0,0.0,234.15,1.45,144.0,88540.0,False,1,3,8
2020-01-08 04:00:00,-5.22,60.85,0.0,-0.0,0.0,232.4,1.38,145.0,88560.0,False,1,4,8
2020-01-08 05:00:00,-5.02,58.35,0.0,-0.0,0.0,242.85,1.31,147.0,88580.0,False,1,5,8
2020-01-08 06:00:00,-5.66,58.2,0.0,-0.0,0.0,232.4,1.45,146.0,88630.0,False,1,6,8
2020-01-08 07:00:00,-4.88,58.35,0.0,-0.0,0.0,228.35,1.31,146.0,88670.0,False,1,7,8
2020-01-08 08:00:00,-4.94,58.35,38.0,0.0,38.0,230.85,1.38,146.0,88720.0,False,1,8,8
2020-01-08 09:00:00,-2.7,56.45,195.0,528.41,72.0,231.85,1.17,147.0,88760.0,False,1,9,8
2020-01-08 10:00:00,0.36,54.95,285.0,621.06,90.0,239.0,0.97,150.0,88760.0,False,1,10,8
2020-01-08 11:00:00,3.55,47.45,352.0,811.23,64.0,243.25,0.69,160.0,88740.0,False,1,11,8
2020-01-08 12:00:00,5.09,44.15,347.0,793.01,67.0,249.45,0.28,206.0,88690.0,False,1,12,8
2020-01-08 13:00:00,5.48,48.0,249.0,418.4,120.0,255.25,0.28,183.0,88690.0,False,1,13,8
2020-01-08 14:00:00,2.15,70.2,202.0,706.1,44.0,263.0,0.97,162.0,88650.0,False,1,14,8
2020-01-08 15:00:00,1.81,72.95,79.0,551.38,21.0,273.05,0.97,165.0,88660.0,False,1,15,8
2020-01-08 16:00:00,2.43,62.5,0.0,-0.0,0.0,264.75,0.97,160.0,88650.0,False,1,16,8
2020-01-08 17:00:00,0.07,72.65,0.0,-0.0,0.0,270.35,1.17,151.0,88680.0,False,1,17,8
2020-01-08 18:00:00,-1.12,75.45,0.0,-0.0,0.0,284.3,1.38,147.0,88710.0,False,1,18,8
2020-01-08 19:00:00,-2.67,75.2,0.0,-0.0,0.0,263.2,1.45,147.0,88660.0,False,1,19,8
2020-01-08 20:00:00,-2.93,72.25,0.0,-0.0,0.0,268.6,1.45,145.0,88630.0,False,1,20,8
2020-01-08 21:00:00,-2.92,72.25,0.0,-0.0,0.0,274.2,1.45,144.0,88630.0,False,1,21,8
2020-01-08 22:00:00,-2.8,72.25,0.0,-0.0,0.0,279.05,1.45,146.0,88600.0,False,1,22,8
2020-01-08 23:00:00,-3.27,69.25,0.0,-0.0,0.0,266.3,1.45,145.0,88570.0,False,1,23,8
2020-01-09 00:00:00,-3.23,69.25,0.0,-0.0,0.0,272.65,1.52,147.0,88510.0,False,1,0,9
2020-01-09 01:00:00,-3.25,66.45,0.0,-0.0,0.0,273.15,1.52,147.0,88490.0,False,1,1,9
2020-01-09 02:00:00,-3.11,63.9,0.0,-0.0,0.0,277.3,1.52,147.0,88450.0,False,1,2,9
2020-01-09 03:00:00,-3.44,66.45,0.0,-0.0,0.0,267.05,1.52,146.0,88430.0,False,1,3,9
2020-01-09 04:00:00,-3.81,66.35,0.0,-0.0,0.0,260.5,1.52,144.0,88380.0,False,1,4,9
2020-01-09 05:00:00,-4.04,63.7,0.0,-0.0,0.0,259.5,1.59,143.0,88340.0,False,1,5,9
2020-01-09 06:00:00,-4.24,66.25,0.0,-0.0,0.0,256.05,1.66,143.0,88300.0,False,1,6,9
2020-01-09 07:00:00,-4.55,66.25,0.0,-0.0,0.0,258.95,1.59,142.0,88260.0,False,1,7,9
2020-01-09 08:00:00,-4.22,66.25,29.0,0.0,29.0,261.85,1.59,144.0,88250.0,False,1,8,9
2020-01-09 09:00:00,-2.36,69.35,206.0,623.34,60.0,268.2,1.38,149.0,88200.0,False,1,9,9
2020-01-09 10:00:00,0.59,64.55,314.0,829.73,52.0,256.4,1.17,156.0,88160.0,False,1,10,9
2020-01-09 11:00:00,3.29,65.1,345.0,742.04,80.0,250.8,1.03,164.0,88100.0,False,1,11,9
2020-01-09 12:00:00,3.98,65.3,368.0,905.81,46.0,245.6,0.9,180.0,88020.0,False,1,12,9
2020-01-09 13:00:00,5.33,56.05,305.0,810.4,53.0,244.6,0.9,191.0,87970.0,False,1,13,9
2020-01-09 14:00:00,3.54,67.8,206.0,710.59,45.0,247.3,1.03,189.0,87910.0,False,1,14,9
2020-01-09 15:00:00,2.44,67.6,65.0,249.79,38.0,238.6,1.1,182.0,87890.0,False,1,15,9
2020-01-09 16:00:00,0.36,72.75,0.0,-0.0,0.0,234.75,1.31,166.0,87860.0,False,1,16,9
2020-01-09 17:00:00,-1.12,69.65,0.0,-0.0,0.0,233.6,1.52,155.0,87840.0,False,1,17,9
2020-01-09 18:00:00,-2.62,72.25,0.0,-0.0,0.0,233.6,1.66,150.0,87820.0,False,1,18,9
2020-01-09 19:00:00,-3.57,69.25,0.0,-0.0,0.0,233.0,1.72,149.0,87740.0,False,1,19,9
2020-01-09 20:00:00,-3.67,66.45,0.0,-0.0,0.0,241.7,1.66,153.0,87720.0,False,1,20,9
2020-01-09 21:00:00,-3.64,66.45,0.0,-0.0,0.0,249.25,1.66,155.0,87700.0,False,1,21,9
2020-01-09 22:00:00,-3.78,69.15,0.0,-0.0,0.0,248.1,1.59,156.0,87680.0,False,1,22,9
2020-01-09 23:00:00,-3.75,69.15,0.0,-0.0,0.0,250.8,1.45,160.0,87650.0,False,1,23,9
2020-01-10 00:00:00,-3.72,66.35,0.0,-0.0,0.0,240.15,1.24,174.0,87660.0,False,1,0,10
2020-01-10 01:00:00,-3.68,61.2,0.0,-0.0,0.0,246.85,1.17,185.0,87710.0,False,1,1,10
2020-01-10 02:00:00,-3.5,63.8,0.0,-0.0,0.0,251.75,1.17,189.0,87780.0,False,1,2,10
2020-01-10 03:00:00,-3.55,69.25,0.0,-0.0,0.0,263.6,1.17,186.0,87830.0,False,1,3,10
2020-01-10 04:00:00,-3.65,75.1,0.0,-0.0,0.0,279.25,1.17,176.0,87820.0,False,1,4,10
2020-01-10 05:00:00,-3.49,78.2,0.0,-0.0,0.0,290.65,1.17,172.0,87840.0,False,1,5,10
2020-01-10 06:00:00,-3.14,78.3,0.0,-0.0,0.0,292.8,1.31,167.0,87870.0,False,1,6,10
2020-01-10 07:00:00,-2.87,81.5,0.0,-0.0,0.0,286.4,1.24,169.0,87880.0,False,1,7,10
2020-01-10 08:00:00,-2.52,81.5,47.0,0.0,47.0,291.45,1.24,170.0,87930.0,False,1,8,10
2020-01-10 09:00:00,-1.09,78.5,209.0,636.16,59.0,282.35,1.03,180.0,87970.0,False,1,9,10
2020-01-10 10:00:00,0.54,75.7,127.0,12.59,123.0,269.6,0.9,202.0,88010.0,False,1,10,10
2020-01-10 11:00:00,2.18,70.2,190.0,64.0,167.0,279.65,0.97,231.0,88060.0,False,1,11,10
2020-01-10 12:00:00,2.3,78.95,195.0,72.63,169.0,281.75,1.03,241.0,88070.0,False,1,12,10
2020-01-10 13:00:00,2.65,76.0,118.0,9.56,115.0,303.45,1.72,247.0,88100.0,False,1,13,10
2020-01-10 14:00:00,2.07,85.3,74.0,4.36,73.0,298.05,1.1,248.0,88160.0,False,1,14,10
2020-01-10 15:00:00,1.4,85.25,29.0,0.0,29.0,303.85,0.97,250.0,88210.0,False,1,15,10
2020-01-10 16:00:00,0.91,88.55,0.0,-0.0,0.0,285.65,0.76,242.0,88300.0,False,1,16,10
2020-01-10 17:00:00,1.06,88.55,0.0,-0.0,0.0,280.6,0.69,225.0,88370.0,False,1,17,10
2020-01-10 18:00:00,0.76,88.5,0.0,-0.0,0.0,286.4,0.55,196.0,88440.0,False,1,18,10
2020-01-10 19:00:00,0.88,88.55,0.0,-0.0,0.0,272.5,0.34,189.0,88470.0,False,1,19,10
2020-01-10 20:00:00,0.72,92.0,0.0,-0.0,0.0,294.75,0.07,107.0,88510.0,False,1,20,10
2020-01-10 21:00:00,0.49,92.0,0.0,-0.0,0.0,283.9,0.28,46.0,88550.0,False,1,21,10
2020-01-10 22:00:00,0.27,95.6,0.0,-0.0,0.0,292.2,0.34,46.0,88590.0,False,1,22,10
2020-01-10 23:00:00,0.07,95.6,0.0,-0.0,0.0,294.15,0.34,58.0,88600.0,False,1,23,10
2020-01-11 00:00:00,-0.27,95.6,0.0,-0.0,0.0,305.55,0.41,60.0,88590.0,False,1,0,11
2020-01-11 01:00:00,-0.26,99.4,0.0,-0.0,0.0,305.3,0.55,60.0,88610.0,False,1,1,11
2020-01-11 02:00:00,-0.72,99.4,0.0,-0.0,0.0,302.85,0.69,57.0,88630.0,False,1,2,11
2020-01-11 03:00:00,-0.89,99.4,0.0,-0.0,0.0,305.75,0.62,46.0,88660.0,False,1,3,11
2020-01-11 04:00:00,-1.41,99.4,0.0,-0.0,0.0,295.3,0.76,51.0,88670.0,False,1,4,11
2020-01-11 05:00:00,-1.5,99.4,0.0,-0.0,0.0,297.45,0.83,85.0,88670.0,False,1,5,11
2020-01-11 06:00:00,-1.77,99.4,0.0,-0.0,0.0,294.75,0.9,90.0,88670.0,False,1,6,11
2020-01-11 07:00:00,-2.58,99.4,0.0,-0.0,0.0,267.65,1.1,72.0,88740.0,False,1,7,11
2020-01-11 08:00:00,-2.54,99.4,27.0,0.0,27.0,275.95,1.1,85.0,88740.0,False,1,8,11
2020-01-11 09:00:00,-1.69,95.55,233.0,825.34,37.0,278.5,1.03,88.0,88730.0,False,1,9,11
2020-01-11 10:00:00,0.04,88.45,328.0,878.99,47.0,280.05,0.97,76.0,88720.0,False,1,10,11
2020-01-11 11:00:00,0.93,85.2,375.0,884.74,55.0,250.4,0.9,60.0,88710.0,False,1,11,11
2020-01-11 12:00:00,1.91,78.95,363.0,823.59,66.0,255.05,0.9,44.0,88650.0,False,1,12,11
2020-01-11 13:00:00,1.98,82.05,309.0,773.98,64.0,257.95,0.97,25.0,88630.0,False,1,13,11
2020-01-11 14:00:00,1.61,85.25,186.0,438.75,84.0,247.7,0.97,30.0,88620.0,False,1,14,11
2020-01-11 15:00:00,1.18,88.55,75.0,315.38,39.0,261.65,0.97,29.0,88600.0,False,1,15,11
2020-01-11 16:00:00,0.16,92.0,0.0,-0.0,0.0,254.65,0.83,29.0,88600.0,False,1,16,11
2020-01-11 17:00:00,0.57,92.0,0.0,-0.0,0.0,235.7,0.69,48.0,88590.0,False,1,17,11
2020-01-11 18:00:00,-0.05,92.0,0.0,-0.0,0.0,243.05,0.69,63.0,88590.0,False,1,18,11
2020-01-11 19:00:00,-1.47,91.9,0.0,-0.0,0.0,233.0,0.97,96.0,88590.0,False,1,19,11
2020-01-11 20:00:00,-2.13,91.85,0.0,-0.0,0.0,230.85,0.97,100.0,88570.0,False,1,20,11
2020-01-11 21:00:00,-2.28,95.55,0.0,-0.0,0.0,241.7,0.9,103.0,88560.0,False,1,21,11
2020-01-11 22:00:00,-2.96,88.25,0.0,-0.0,0.0,222.95,1.03,115.0,88540.0,False,1,22,11
2020-01-11 23:00:00,-3.32,84.8,0.0,-0.0,0.0,226.4,1.03,126.0,88510.0,False,1,23,11
2020-01-12 00:00:00,-3.81,81.4,0.0,-0.0,0.0,224.7,1.1,133.0,88470.0,False,1,0,12
2020-01-12 01:00:00,-4.0,78.15,0.0,-0.0,0.0,231.75,1.1,136.0,88430.0,False,1,1,12
2020-01-12 02:00:00,-4.44,74.95,0.0,-0.0,0.0,219.85,1.1,138.0,88420.0,False,1,2,12
2020-01-12 03:00:00,-4.19,69.15,0.0,-0.0,0.0,234.35,1.03,139.0,88400.0,False,1,3,12
2020-01-12 04:00:00,-4.49,69.05,0.0,-0.0,0.0,222.75,1.1,140.0,88380.0,False,1,4,12
2020-01-12 05:00:00,-4.36,66.25,0.0,-0.0,0.0,236.85,1.17,145.0,88390.0,False,1,5,12
2020-01-12 06:00:00,-4.41,60.95,0.0,-0.0,0.0,235.9,1.17,149.0,88410.0,False,1,6,12
2020-01-12 07:00:00,-4.88,66.15,0.0,-0.0,0.0,217.9,1.31,145.0,88470.0,False,1,7,12
2020-01-12 08:00:00,-4.0,58.6,26.0,0.0,26.0,221.0,1.1,148.0,88470.0,False,1,8,12
2020-01-12 09:00:00,-1.16,61.65,237.0,835.84,37.0,219.45,0.83,156.0,88510.0,False,1,9,12
2020-01-12 10:00:00,1.75,55.2,332.0,888.69,46.0,220.05,0.62,172.0,88540.0,False,1,10,12
2020-01-12 11:00:00,3.44,49.4,378.0,884.28,56.0,224.1,0.62,202.0,88530.0,False,1,11,12
2020-01-12 12:00:00,3.26,65.1,367.0,817.41,70.0,226.05,0.69,220.0,88470.0,False,1,12,12
2020-01-12 13:00:00,4.46,53.8,314.0,782.49,64.0,228.35,0.69,236.0,88440.0,False,1,13,12
2020-01-12 14:00:00,4.24,60.4,212.0,653.73,58.0,233.95,0.55,244.0,88420.0,False,1,14,12
2020-01-12 15:00:00,3.22,67.7,73.0,255.75,43.0,237.45,0.62,221.0,88430.0,False,1,15,12
2020-01-12 16:00:00,2.41,67.6,0.0,-0.0,0.0,240.55,0.76,184.0,88440.0,False,1,16,12
2020-01-12 17:00:00,1.98,67.5,0.0,-0.0,0.0,238.05,0.83,159.0,88470.0,False,1,17,12
2020-01-12 18:00:00,0.81,69.95,0.0,-0.0,0.0,237.05,0.9,148.0,88500.0,False,1,18,12
2020-01-12 19:00:00,-0.72,69.65,0.0,-0.0,0.0,242.1,1.03,140.0,88490.0,False,1,19,12
2020-01-12 20:00:00,-1.53,69.55,0.0,-0.0,0.0,238.8,1.17,135.0,88480.0,False,1,20,12
2020-01-12 21:00:00,-2.71,69.35,0.0,-0.0,0.0,235.3,1.24,134.0,88440.0,False,1,21,12
2020-01-12 22:00:00,-3.38,69.25,0.0,-0.0,0.0,228.35,1.24,133.0,88400.0,False,1,22,12
2020-01-12 23:00:00,-3.95,66.35,0.0,-0.0,0.0,222.15,1.24,133.0,88350.0,False,1,23,12
2020-01-13 00:00:00,-4.4,66.25,0.0,-0.0,0.0,216.75,1.24,133.0,88280.0,False,1,0,13
2020-01-13 01:00:00,-4.97,63.45,0.0,-0.0,0.0,222.25,1.1,131.0,88220.0,False,1,1,13
2020-01-13 02:00:00,-5.64,66.05,0.0,-0.0,0.0,241.5,1.03,129.0,88190.0,False,1,2,13
2020-01-13 03:00:00,-5.47,63.35,0.0,-0.0,0.0,244.4,1.1,131.0,88180.0,False,1,3,13
2020-01-13 04:00:00,-5.83,63.25,0.0,-0.0,0.0,236.1,1.1,133.0,88130.0,False,1,4,13
2020-01-13 05:00:00,-5.65,58.2,0.0,-0.0,0.0,225.65,1.1,136.0,88110.0,False,1,5,13
2020-01-13 06:00:00,-5.45,58.2,0.0,-0.0,0.0,233.95,1.1,138.0,88080.0,False,1,6,13
2020-01-13 07:00:00,-5.4,55.8,0.0,-0.0,0.0,242.85,1.1,138.0,88090.0,False,1,7,13
2020-01-13 08:00:00,-5.38,58.2,51.0,0.0,51.0,239.4,1.1,140.0,88090.0,False,1,8,13
2020-01-13 09:00:00,-3.87,61.1,166.0,236.32,109.0,247.7,1.03,139.0,88070.0,False,1,9,13
2020-01-13 10:00:00,-0.63,52.45,244.0,296.23,148.0,250.05,0.76,143.0,88040.0,False,1,10,13
2020-01-13 11:00:00,1.81,50.9,224.0,117.26,181.0,249.25,0.34,158.0,87960.0,False,1,11,13
2020-01-13 12:00:00,2.98,45.4,263.0,237.59,176.0,250.4,0.14,179.0,87910.0,False,1,12,13
2020-01-13 13:00:00,2.76,55.45,249.0,328.64,143.0,258.35,0.34,151.0,87840.0,False,1,13,13
2020-01-13 14:00:00,1.69,67.4,147.0,154.97,110.0,246.75,0.62,152.0,87790.0,False,1,14,13
2020-01-13 15:00:00,0.38,72.75,84.0,381.61,38.0,230.5,0.9,155.0,87760.0,False,1,15,13
2020-01-13 16:00:00,-0.05,64.45,0.0,-0.0,0.0,218.5,1.17,151.0,87770.0,False,1,16,13
2020-01-13 17:00:00,-3.33,69.25,0.0,-0.0,0.0,217.15,1.52,143.0,87750.0,False,1,17,13
2020-01-13 18:00:00,-5.09,71.85,0.0,-0.0,0.0,220.2,1.52,141.0,87720.0,False,1,18,13
2020-01-13 19:00:00,-5.85,68.75,0.0,-0.0,0.0,213.65,1.52,137.0,87730.0,False,1,19,13
2020-01-13 20:00:00,-6.36,68.65,0.0,-0.0,0.0,215.75,1.59,139.0,87670.0,False,1,20,13
2020-01-13 21:00:00,-6.44,60.5,0.0,-0.0,0.0,216.55,1.66,142.0,87600.0,False,1,21,13
2020-01-13 22:00:00,-6.27,58.0,0.0,-0.0,0.0,212.85,1.59,146.0,87570.0,False,1,22,13
2020-01-13 23:00:00,-6.38,53.25,0.0,-0.0,0.0,211.15,1.59,148.0,87600.0,False,1,23,13
2020-01-14 00:00:00,-6.68,51.0,0.0,-0.0,0.0,215.4,1.66,148.0,87600.0,False,1,0,14
2020-01-14 01:00:00,-6.74,50.85,0.0,-0.0,0.0,220.9,1.59,151.0,87560.0,False,1,1,14
2020-01-14 02:00:00,-6.73,53.1,0.0,-0.0,0.0,229.3,1.66,151.0,87570.0,False,1,2,14
2020-01-14 03:00:00,-6.95,53.1,0.0,-0.0,0.0,235.5,1.72,150.0,87550.0,False,1,3,14
2020-01-14 04:00:00,-6.59,51.0,0.0,-0.0,0.0,238.2,1.59,153.0,87500.0,False,1,4,14
2020-01-14 05:00:00,-6.63,51.0,0.0,-0.0,0.0,236.65,1.59,153.0,87530.0,False,1,5,14
2020-01-14 06:00:00,-7.2,50.85,0.0,-0.0,0.0,222.15,1.66,151.0,87540.0,False,1,6,14
2020-01-14 07:00:00,-7.69,50.7,0.0,-0.0,0.0,217.7,1.66,149.0,87600.0,False,1,7,14
2020-01-14 08:00:00,-7.31,52.95,36.0,0.0,36.0,216.15,1.59,151.0,87640.0,False,1,8,14
2020-01-14 09:00:00,-5.06,51.4,238.0,826.36,37.0,223.7,1.45,151.0,87670.0,False,1,9,14
2020-01-14 10:00:00,-1.07,48.15,325.0,820.98,57.0,223.3,1.03,157.0,87690.0,False,1,10,14
2020-01-14 11:00:00,2.26,49.0,374.0,839.26,64.0,232.6,0.9,175.0,87730.0,False,1,11,14
2020-01-14 12:00:00,2.87,60.15,365.0,777.54,78.0,236.5,0.97,183.0,87710.0,False,1,12,14
2020-01-14 13:00:00,3.39,49.4,311.0,718.5,77.0,242.3,0.97,191.0,87660.0,False,1,13,14
2020-01-14 14:00:00,2.49,65.0,188.0,392.51,93.0,240.35,0.9,194.0,87670.0,False,1,14,14
2020-01-14 15:00:00,1.3,67.3,77.0,250.28,46.0,242.1,1.03,176.0,87710.0,False,1,15,14
2020-01-14 16:00:00,0.32,64.45,0.0,-0.0,0.0,247.15,1.24,161.0,87740.0,False,1,16,14
2020-01-14 17:00:00,-1.53,66.8,0.0,-0.0,0.0,259.1,1.45,151.0,87770.0,False,1,17,14
2020-01-14 18:00:00,-3.12,63.9,0.0,-0.0,0.0,247.15,1.59,148.0,87790.0,False,1,18,14
2020-01-14 19:00:00,-3.81,63.7,0.0,-0.0,0.0,253.7,1.72,146.0,87780.0,False,1,19,14
2020-01-14 20:00:00,-4.48,60.95,0.0,-0.0,0.0,240.35,1.72,145.0,87770.0,False,1,20,14
2020-01-14 21:00:00,-4.88,58.35,0.0,-0.0,0.0,237.85,1.66,144.0,87740.0,False,1,21,14
2020-01-14 22:00:00,-5.08,55.95,0.0,-0.0,0.0,237.25,1.66,144.0,87730.0,False,1,22,14
2020-01-14 23:00:00,-4.99,53.65,0.0,-0.0,0.0,238.05,1.52,145.0,87710.0,False,1,23,14
2020-01-15 00:00:00,-4.91,53.65,0.0,-0.0,0.0,240.35,1.45,146.0,87720.0,False,1,0,15
2020-01-15 01:00:00,-5.03,55.95,0.0,-0.0,0.0,238.9,1.52,144.0,87710.0,False,1,1,15
2020-01-15 02:00:00,-5.38,58.2,0.0,-0.0,0.0,234.35,1.52,141.0,87720.0,False,1,2,15
2020-01-15 03:00:00,-5.51,55.8,0.0,-0.0,0.0,233.4,1.52,141.0,87710.0,False,1,3,15
2020-01-15 04:00:00,-5.42,55.8,0.0,-0.0,0.0,236.3,1.52,142.0,87680.0,False,1,4,15
2020-01-15 05:00:00,-5.57,53.5,0.0,-0.0,0.0,231.85,1.59,141.0,87700.0,False,1,5,15
2020-01-15 06:00:00,-5.7,53.5,0.0,-0.0,0.0,228.35,1.59,141.0,87720.0,False,1,6,15
2020-01-15 07:00:00,-6.23,58.0,0.0,-0.0,0.0,228.15,1.66,140.0,87780.0,False,1,7,15
2020-01-15 08:00:00,-5.64,55.8,28.0,0.0,28.0,230.5,1.59,139.0,87800.0,False,1,8,15
2020-01-15 09:00:00,-2.78,56.45,236.0,790.58,42.0,226.8,1.24,143.0,87840.0,False,1,9,15
2020-01-15 10:00:00,0.96,50.75,337.0,878.64,48.0,228.95,0.9,153.0,87870.0,False,1,10,15
2020-01-15 11:00:00,4.16,47.6,371.0,795.37,75.0,231.05,0.62,180.0,87900.0,False,1,11,15
2020-01-15 12:00:00,5.11,44.15,366.0,763.12,82.0,243.05,0.69,217.0,87910.0,False,1,12,15
2020-01-15 13:00:00,4.87,49.8,325.0,805.67,60.0,238.4,0.83,227.0,87940.0,False,1,13,15
2020-01-15 14:00:00,3.34,65.1,228.0,729.45,49.0,249.65,0.9,215.0,87990.0,False,1,14,15
2020-01-15 15:00:00,2.36,65.0,92.0,424.32,38.0,241.15,0.97,190.0,88030.0,False,1,15,15
2020-01-15 16:00:00,2.1,62.35,0.0,-0.0,0.0,235.9,1.1,173.0,88070.0,False,1,16,15
2020-01-15 17:00:00,-0.46,67.0,0.0,-0.0,0.0,227.75,1.24,164.0,88140.0,False,1,17,15
2020-01-15 18:00:00,-1.93,69.45,0.0,-0.0,0.0,228.75,1.38,158.0,88230.0,False,1,18,15
2020-01-15 19:00:00,-2.51,69.35,0.0,-0.0,0.0,237.25,1.45,157.0,88290.0,False,1,19,15
2020-01-15 20:00:00,-2.99,69.35,0.0,-0.0,0.0,249.05,1.52,154.0,88330.0,False,1,20,15
2020-01-15 21:00:00,-3.48,69.25,0.0,-0.0,0.0,244.05,1.52,152.0,88350.0,False,1,21,15
2020-01-15 22:00:00,-3.79,72.05,0.0,-0.0,0.0,248.3,1.38,151.0,88380.0,False,1,22,15
2020-01-15 23:00:00,-3.8,72.05,0.0,-0.0,0.0,249.05,1.31,149.0,88430.0,False,1,23,15
2020-01-16 00:00:00,-4.18,69.15,0.0,-0.0,0.0,237.45,1.38,146.0,88450.0,False,1,0,16
2020-01-16 01:00:00,-4.61,69.05,0.0,-0.0,0.0,239.7,1.38,144.0,88470.0,False,1,1,16
2020-01-16 02:00:00,-4.62,69.05,0.0,-0.0,0.0,247.15,1.38,141.0,88460.0,False,1,2,16
2020-01-16 03:00:00,-4.48,69.05,0.0,-0.0,0.0,256.4,1.31,140.0,88470.0,False,1,3,16
2020-01-16 04:00:00,-5.08,68.95,0.0,-0.0,0.0,240.55,1.38,137.0,88470.0,False,1,4,16
2020-01-16 05:00:00,-5.41,71.75,0.0,-0.0,0.0,240.75,1.38,135.0,88460.0,False,1,5,16
2020-01-16 06:00:00,-5.65,68.85,0.0,-0.0,0.0,235.15,1.38,133.0,88440.0,False,1,6,16
2020-01-16 07:00:00,-5.13,71.85,0.0,-0.0,0.0,248.1,1.38,130.0,88470.0,False,1,7,16
2020-01-16 08:00:00,-4.74,71.85,26.0,0.0,26.0,237.25,1.24,128.0,88490.0,False,1,8,16
2020-01-16 09:00:00,-2.06,69.45,240.0,803.54,41.0,237.85,0.97,128.0,88510.0,False,1,9,16
2020-01-16 10:00:00,1.87,59.95,340.0,883.84,47.0,239.75,0.62,127.0,88530.0,False,1,10,16
2020-01-16 11:00:00,4.08,58.05,388.0,893.23,53.0,234.15,0.28,123.0,88500.0,False,1,11,16
2020-01-16 12:00:00,5.13,51.8,370.0,772.72,80.0,235.5,0.14,119.0,88450.0,False,1,12,16
2020-01-16 13:00:00,5.56,51.95,334.0,845.75,53.0,237.65,0.07,126.0,88390.0,False,1,13,16
2020-01-16 14:00:00,5.43,54.05,236.0,775.61,43.0,237.05,0.0,121.0,88350.0,False,1,14,16
2020-01-16 15:00:00,5.0,56.05,98.0,481.88,35.0,236.5,0.07,89.0,88330.0,False,1,15,16
2020-01-16 16:00:00,4.2,60.4,0.0,-0.0,0.0,232.05,0.28,131.0,88340.0,False,1,16,16
2020-01-16 17:00:00,2.87,65.1,0.0,-0.0,0.0,230.65,0.9,137.0,88330.0,False,1,17,16
2020-01-16 18:00:00,-0.78,75.45,0.0,-0.0,0.0,230.3,1.38,136.0,88330.0,False,1,18,16
2020-01-16 19:00:00,-4.0,75.05,0.0,-0.0,0.0,222.35,1.59,139.0,88340.0,False,1,19,16
2020-01-16 20:00:00,-5.25,77.9,0.0,-0.0,0.0,221.95,1.52,137.0,88290.0,False,1,20,16
2020-01-16 21:00:00,-5.55,74.8,0.0,-0.0,0.0,220.05,1.52,139.0,88220.0,False,1,21,16
2020-01-16 22:00:00,-5.47,66.05,0.0,-0.0,0.0,219.25,1.52,142.0,88170.0,False,1,22,16
2020-01-16 23:00:00,-5.62,60.75,0.0,-0.0,0.0,219.05,1.52,145.0,88130.0,False,1,23,16
2020-01-17 00:00:00,-5.91,60.6,0.0,-0.0,0.0,217.15,1.59,147.0,88090.0,False,1,0,17
2020-01-17 01:00:00,-6.24,60.5,0.0,-0.0,0.0,216.45,1.59,145.0,88080.0,False,1,1,17
2020-01-17 02:00:00,-6.56,58.0,0.0,-0.0,0.0,215.4,1.59,142.0,88060.0,False,1,2,17
2020-01-17 03:00:00,-6.9,60.4,0.0,-0.0,0.0,216.75,1.66,142.0,88020.0,False,1,3,17
2020-01-17 04:00:00,-7.02,60.4,0.0,-0.0,0.0,217.15,1.59,143.0,87940.0,False,1,4,17
2020-01-17 05:00:00,-7.08,60.4,0.0,-0.0,0.0,220.05,1.59,146.0,87920.0,False,1,5,17
2020-01-17 06:00:00,-7.39,60.25,0.0,-0.0,0.0,217.3,1.66,145.0,87920.0,False,1,6,17
2020-01-17 07:00:00,-7.96,62.75,0.0,-0.0,0.0,223.7,1.72,147.0,88010.0,False,1,7,17
2020-01-17 08:00:00,-6.97,60.4,43.0,0.0,43.0,248.85,1.59,150.0,88000.0,False,1,8,17
2020-01-17 09:00:00,-4.11,61.1,63.0,0.0,63.0,266.65,1.38,154.0,88000.0,False,1,9,17
2020-01-17 10:00:00,-1.49,64.1,147.0,23.94,139.0,261.85,1.1,158.0,88010.0,False,1,10,17
2020-01-17 11:00:00,-0.63,67.0,196.0,55.55,175.0,282.95,0.97,166.0,87950.0,False,1,11,17
2020-01-17 12:00:00,0.77,69.95,98.0,0.0,98.0,275.75,0.76,186.0,87950.0,False,1,12,17
2020-01-17 13:00:00,0.31,81.8,47.0,0.0,47.0,293.6,0.97,172.0,87900.0,False,1,13,17
2020-01-17 14:00:00,0.0,81.8,26.0,0.0,26.0,298.8,1.1,161.0,87910.0,False,1,14,17
2020-01-17 15:00:00,-0.23,85.05,39.0,7.45,38.0,306.15,1.1,156.0,87920.0,False,1,15,17
2020-01-17 16:00:00,-0.64,85.05,0.0,-0.0,0.0,309.05,1.24,154.0,87930.0,False,1,16,17
2020-01-17 17:00:00,-1.05,88.4,0.0,-0.0,0.0,306.35,1.24,157.0,87960.0,False,1,17,17
2020-01-17 18:00:00,-1.26,91.9,0.0,-0.0,0.0,308.1,1.17,162.0,87990.0,False,1,18,17
2020-01-17 19:00:00,-1.48,91.9,0.0,-0.0,0.0,307.9,0.83,174.0,87980.0,False,1,19,17
2020-01-17 20:00:00,-1.55,91.9,0.0,-0.0,0.0,307.9,0.83,199.0,88030.0,False,1,20,17
2020-01-17 21:00:00,-1.67,95.6,0.0,-0.0,0.0,308.5,0.97,206.0,88080.0,False,1,21,17
2020-01-17 22:00:00,-1.61,95.6,0.0,-0.0,0.0,310.2,1.03,209.0,88150.0,False,1,22,17
2020-01-17 23:00:00,-1.54,95.6,0.0,-0.0,0.0,306.35,1.1,208.0,88210.0,False,1,23,17
2020-01-18 00:00:00,-1.39,95.6,0.0,-0.0,0.0,306.15,1.03,218.0,88260.0,False,1,0,18
2020-01-18 01:00:00,-1.66,91.9,0.0,-0.0,0.0,293.7,0.97,230.0,88280.0,False,1,1,18
2020-01-18 02:00:00,-2.32,95.55,0.0,-0.0,0.0,273.05,0.9,227.0,88320.0,False,1,2,18
2020-01-18 03:00:00,-3.05,84.85,0.0,-0.0,0.0,266.85,0.97,213.0,88290.0,False,1,3,18
2020-01-18 04:00:00,-3.8,78.15,0.0,-0.0,0.0,257.2,0.97,197.0,88280.0,False,1,4,18
2020-01-18 05:00:00,-4.55,71.95,0.0,-0.0,0.0,246.55,0.97,178.0,88290.0,False,1,5,18
2020-01-18 06:00:00,-4.68,78.05,0.0,-0.0,0.0,265.5,0.97,168.0,88300.0,False,1,6,18
2020-01-18 07:00:00,-3.78,81.4,0.0,-0.0,0.0,258.35,0.83,162.0,88340.0,False,1,7,18
2020-01-18 08:00:00,-3.94,81.4,25.0,0.0,25.0,253.3,0.69,151.0,88320.0,False,1,8,18
2020-01-18 09:00:00,-2.45,84.85,251.0,847.45,37.0,241.15,0.28,172.0,88320.0,False,1,9,18
2020-01-18 10:00:00,-1.45,84.95,313.0,632.02,100.0,236.65,0.41,273.0,88350.0,False,1,10,18
2020-01-18 11:00:00,-2.14,88.3,334.0,495.89,145.0,241.7,0.83,283.0,88350.0,False,1,11,18
2020-01-18 12:00:00,-0.99,78.5,299.0,324.71,175.0,236.85,0.83,284.0,88310.0,False,1,12,18
2020-01-18 13:00:00,-0.79,78.5,223.0,171.0,165.0,235.15,0.83,296.0,88250.0,False,1,13,18
2020-01-18 14:00:00,-1.22,78.45,245.0,769.61,48.0,236.1,0.83,312.0,88250.0,False,1,14,18
2020-01-18 15:00:00,-2.31,81.5,99.0,391.55,45.0,227.95,0.83,338.0,88230.0,False,1,15,18
2020-01-18 16:00:00,-3.07,78.3,0.0,-0.0,0.0,240.15,0.9,0.0,88220.0,False,1,16,18
2020-01-18 17:00:00,-3.66,78.2,0.0,-0.0,0.0,235.5,0.9,36.0,88230.0,False,1,17,18
2020-01-18 18:00:00,-3.72,81.4,0.0,-0.0,0.0,241.7,1.1,53.0,88250.0,False,1,18,18
2020-01-18 19:00:00,-4.9,81.25,0.0,-0.0,0.0,212.65,1.03,65.0,88220.0,False,1,19,18
2020-01-18 20:00:00,-5.72,81.2,0.0,-0.0,0.0,227.75,1.03,67.0,88220.0,False,1,20,18
2020-01-18 21:00:00,-6.38,84.45,0.0,-0.0,0.0,228.35,1.1,72.0,88220.0,False,1,21,18
2020-01-18 22:00:00,-7.25,87.9,0.0,-0.0,0.0,220.2,1.17,79.0,88180.0,False,1,22,18
2020-01-18 23:00:00,-7.65,84.35,0.0,-0.0,0.0,215.95,1.17,85.0,88160.0,False,1,23,18
2020-01-19 00:00:00,-7.97,84.3,0.0,-0.0,0.0,211.3,1.17,83.0,88180.0,False,1,0,19
2020-01-19 01:00:00,-8.3,84.2,0.0,-0.0,0.0,203.1,1.1,85.0,88210.0,False,1,1,19
2020-01-19 02:00:00,-8.64,84.2,0.0,-0.0,0.0,212.65,1.17,86.0,88250.0,False,1,2,19
2020-01-19 03:00:00,-8.79,84.15,0.0,-0.0,0.0,219.65,1.17,88.0,88260.0,False,1,3,19
2020-01-19 04:00:00,-9.12,80.7,0.0,-0.0,0.0,218.1,1.17,86.0,88270.0,False,1,4,19
2020-01-19 05:00:00,-8.94,84.15,0.0,-0.0,0.0,231.45,1.03,82.0,88300.0,False,1,5,19
2020-01-19 06:00:00,-9.02,84.15,0.0,-0.0,0.0,240.75,1.1,74.0,88340.0,False,1,6,19
2020-01-19 07:00:00,-6.98,91.6,0.0,-0.0,0.0,265.3,1.17,43.0,88410.0,False,1,7,19
2020-01-19 08:00:00,-7.21,91.6,25.0,0.0,25.0,249.85,1.17,41.0,88430.0,False,1,8,19
2020-01-19 09:00:00,-6.51,91.65,257.0,862.33,37.0,250.8,1.72,35.0,88510.0,False,1,9,19
2020-01-19 10:00:00,-4.38,81.3,323.0,667.79,96.0,247.7,2.14,35.0,88580.0,False,1,10,19
2020-01-19 11:00:00,-3.38,72.1,392.0,822.21,76.0,225.85,2.48,37.0,88630.0,False,1,11,19
2020-01-19 12:00:00,-2.73,69.35,356.0,586.55,130.0,222.95,2.62,36.0,88630.0,False,1,12,19
2020-01-19 13:00:00,-2.49,66.6,202.0,102.11,167.0,216.95,2.76,36.0,88640.0,False,1,13,19
2020-01-19 14:00:00,-2.64,66.6,123.0,42.36,112.0,218.1,2.69,35.0,88650.0,False,1,14,19
2020-01-19 15:00:00,-3.26,72.1,49.0,14.12,47.0,212.3,2.07,26.0,88690.0,False,1,15,19
2020-01-19 16:00:00,-4.26,81.3,0.0,-0.0,0.0,203.2,1.79,25.0,88740.0,False,1,16,19
2020-01-19 17:00:00,-5.45,88.05,0.0,-0.0,0.0,199.15,1.59,29.0,88800.0,False,1,17,19
2020-01-19 18:00:00,-6.54,91.65,0.0,-0.0,0.0,202.4,1.59,34.0,88860.0,False,1,18,19
2020-01-19 19:00:00,-6.47,91.65,0.0,-0.0,0.0,234.15,1.66,33.0,88880.0,False,1,19,19
2020-01-19 20:00:00,-7.11,91.6,0.0,-0.0,0.0,220.6,1.66,35.0,88910.0,False,1,20,19
2020-01-19 21:00:00,-7.38,95.4,0.0,-0.0,0.0,221.95,2.07,43.0,88970.0,False,1,21,19
2020-01-19 22:00:00,-7.52,91.6,0.0,-0.0,0.0,229.15,1.79,52.0,88990.0,False,1,22,19
2020-01-19 23:00:00,-8.09,91.55,0.0,-0.0,0.0,228.55,1.52,51.0,89030.0,False,1,23,19
2020-01-20 00:00:00,-8.94,95.35,0.0,-0.0,0.0,225.45,1.45,50.0,89030.0,False,1,0,20
2020-01-20 01:00:00,-8.64,91.5,0.0,-0.0,0.0,234.05,1.79,55.0,89050.0,False,1,1,20
2020-01-20 02:00:00,-9.09,91.5,0.0,-0.0,0.0,237.85,1.45,65.0,89040.0,False,1,2,20
2020-01-20 03:00:00,-9.95,95.3,0.0,-0.0,0.0,214.8,1.38,69.0,89010.0,False,1,3,20
2020-01-20 04:00:00,-10.53,91.4,0.0,-0.0,0.0,217.3,1.38,69.0,89020.0,False,1,4,20
2020-01-20 05:00:00,-10.23,91.4,0.0,-0.0,0.0,228.55,1.86,70.0,89020.0,False,1,5,20
2020-01-20 06:00:00,-10.46,87.65,0.0,-0.0,0.0,216.15,1.66,76.0,89050.0,False,1,6,20
2020-01-20 07:00:00,-10.36,87.65,0.0,-0.0,0.0,200.3,1.86,68.0,89110.0,False,1,7,20
2020-01-20 08:00:00,-10.23,80.55,24.0,0.0,24.0,217.5,1.72,78.0,89170.0,False,1,8,20
2020-01-20 09:00:00,-9.44,77.3,257.0,822.24,45.0,205.15,1.59,81.0,89160.0,False,1,9,20
2020-01-20 10:00:00,-7.44,68.45,350.0,828.11,66.0,204.95,1.52,72.0,89180.0,False,1,10,20
2020-01-20 11:00:00,-4.81,58.35,375.0,665.58,117.0,198.35,1.59,60.0,89150.0,False,1,11,20
2020-01-20 12:00:00,-3.27,54.0,351.0,524.65,147.0,196.6,1.66,53.0,89160.0,False,1,12,20
2020-01-20 13:00:00,-2.67,54.15,335.0,695.59,94.0,197.4,1.59,54.0,89130.0,False,1,13,20
2020-01-20 14:00:00,-2.75,56.45,250.0,717.46,61.0,200.3,1.52,50.0,89100.0,False,1,14,20
2020-01-20 15:00:00,-3.8,63.7,120.0,577.83,36.0,204.95,1.38,43.0,89110.0,False,1,15,20
2020-01-20 16:00:00,-5.33,68.85,0.0,0.0,0.0,203.0,1.31,50.0,89110.0,False,1,16,20
2020-01-20 17:00:00,-5.8,68.75,0.0,-0.0,0.0,203.95,1.24,62.0,89130.0,False,1,17,20
2020-01-20 18:00:00,-5.55,63.35,0.0,-0.0,0.0,200.1,1.17,75.0,89130.0,False,1,18,20
2020-01-20 19:00:00,-6.44,65.8,0.0,-0.0,0.0,195.85,1.1,86.0,89150.0,False,1,19,20
2020-01-20 20:00:00,-6.58,60.5,0.0,-0.0,0.0,197.75,1.17,93.0,89140.0,False,1,20,20
2020-01-20 21:00:00,-6.98,60.4,0.0,-0.0,0.0,199.7,1.24,104.0,89130.0,False,1,21,20
2020-01-20 22:00:00,-7.4,62.9,0.0,-0.0,0.0,202.2,1.24,115.0,89130.0,False,1,22,20
2020-01-20 23:00:00,-7.75,62.75,0.0,-0.0,0.0,203.2,1.24,120.0,89160.0,False,1,23,20
2020-01-21 00:00:00,-8.57,62.65,0.0,-0.0,0.0,204.35,1.38,123.0,89170.0,False,1,0,21
2020-01-21 01:00:00,-9.27,65.15,0.0,-0.0,0.0,205.8,1.52,125.0,89180.0,False,1,1,21
2020-01-21 02:00:00,-10.06,65.05,0.0,-0.0,0.0,205.7,1.59,124.0,89180.0,False,1,2,21
2020-01-21 03:00:00,-10.56,64.95,0.0,-0.0,0.0,205.9,1.59,122.0,89170.0,False,1,3,21
2020-01-21 04:00:00,-10.8,67.7,0.0,-0.0,0.0,205.7,1.59,122.0,89160.0,False,1,4,21
2020-01-21 05:00:00,-10.91,64.8,0.0,-0.0,0.0,206.3,1.59,122.0,89160.0,False,1,5,21
2020-01-21 06:00:00,-11.01,62.05,0.0,-0.0,0.0,205.7,1.59,123.0,89170.0,False,1,6,21
2020-01-21 07:00:00,-11.58,64.7,0.0,-0.0,0.0,207.65,1.79,128.0,89240.0,False,1,7,21
2020-01-21 08:00:00,-10.84,64.8,26.0,0.0,26.0,211.3,1.72,126.0,89230.0,False,1,8,21
2020-01-21 09:00:00,-8.1,57.6,261.0,855.55,38.0,216.15,1.45,125.0,89230.0,False,1,9,21
2020-01-21 10:00:00,-2.67,47.75,326.0,661.71,97.0,215.4,1.03,120.0,89220.0,False,1,10,21
2020-01-21 11:00:00,1.2,39.6,385.0,741.64,95.0,219.85,0.76,98.0,89220.0,False,1,11,21
2020-01-21 12:00:00,2.47,41.7,360.0,580.97,132.0,223.9,0.62,73.0,89200.0,False,1,12,21
2020-01-21 13:00:00,2.96,45.4,338.0,716.66,87.0,225.45,0.69,60.0,89160.0,False,1,13,21
2020-01-21 14:00:00,2.57,51.15,259.0,793.21,47.0,227.0,0.76,57.0,89140.0,False,1,14,21
2020-01-21 15:00:00,1.82,57.45,125.0,623.32,32.0,228.55,0.9,66.0,89110.0,False,1,15,21
2020-01-21 16:00:00,0.8,59.6,0.0,0.0,0.0,226.4,0.97,91.0,89070.0,False,1,16,21
2020-01-21 17:00:00,-1.59,61.55,0.0,-0.0,0.0,229.15,1.24,111.0,89050.0,False,1,17,21
2020-01-21 18:00:00,-3.35,63.8,0.0,-0.0,0.0,230.1,1.38,118.0,89030.0,False,1,18,21
2020-01-21 19:00:00,-4.5,63.55,0.0,-0.0,0.0,227.6,1.45,121.0,89030.0,False,1,19,21
2020-01-21 20:00:00,-5.73,68.75,0.0,-0.0,0.0,229.3,1.59,125.0,89000.0,False,1,20,21
2020-01-21 21:00:00,-6.32,68.65,0.0,-0.0,0.0,231.45,1.59,129.0,88980.0,False,1,21,21
2020-01-21 22:00:00,-6.45,68.65,0.0,-0.0,0.0,235.15,1.52,132.0,88950.0,False,1,22,21
2020-01-21 23:00:00,-6.54,68.65,0.0,-0.0,0.0,233.2,1.59,133.0,88920.0,False,1,23,21
2020-01-22 00:00:00,-6.38,65.8,0.0,-0.0,0.0,233.75,1.59,133.0,88880.0,False,1,0,22
2020-01-22 01:00:00,-6.26,65.8,0.0,-0.0,0.0,240.05,1.52,134.0,88870.0,False,1,1,22
2020-01-22 02:00:00,-6.13,65.95,0.0,-0.0,0.0,243.65,1.52,135.0,88870.0,False,1,2,22
2020-01-22 03:00:00,-6.39,65.8,0.0,-0.0,0.0,236.65,1.52,136.0,88850.0,False,1,3,22
2020-01-22 04:00:00,-6.54,65.8,0.0,-0.0,0.0,240.35,1.52,135.0,88810.0,False,1,4,22
2020-01-22 05:00:00,-6.84,65.7,0.0,-0.0,0.0,236.65,1.59,133.0,88790.0,False,1,5,22
2020-01-22 06:00:00,-7.42,65.6,0.0,-0.0,0.0,227.95,1.59,132.0,88780.0,False,1,6,22
2020-01-22 07:00:00,-8.31,68.25,0.0,-0.0,0.0,228.55,1.59,133.0,88800.0,False,1,7,22
2020-01-22 08:00:00,-8.6,68.25,27.0,0.0,27.0,224.65,1.59,131.0,88820.0,False,1,8,22
2020-01-22 09:00:00,-5.09,63.45,265.0,857.43,39.0,229.15,1.17,130.0,88840.0,False,1,9,22
2020-01-22 10:00:00,0.82,48.6,358.0,861.72,57.0,229.15,0.9,123.0,88840.0,False,1,10,22
2020-01-22 11:00:00,3.91,40.45,395.0,775.62,89.0,221.95,0.62,99.0,88840.0,False,1,11,22
2020-01-22 12:00:00,5.24,39.1,381.0,679.03,112.0,226.2,0.55,76.0,88790.0,False,1,12,22
2020-01-22 13:00:00,5.78,39.25,359.0,838.79,62.0,228.95,0.41,71.0,88750.0,False,1,13,22
2020-01-22 14:00:00,5.47,44.3,269.0,837.08,42.0,229.9,0.48,66.0,88730.0,False,1,14,22
2020-01-22 15:00:00,4.5,49.65,122.0,529.08,41.0,228.55,0.76,68.0,88730.0,False,1,15,22
2020-01-22 16:00:00,2.81,57.7,0.0,0.0,0.0,226.05,0.97,97.0,88750.0,False,1,16,22
2020-01-22 17:00:00,-0.81,66.9,0.0,-0.0,0.0,224.5,1.38,122.0,88730.0,False,1,17,22
2020-01-22 18:00:00,-3.07,66.6,0.0,-0.0,0.0,222.95,1.66,130.0,88710.0,False,1,18,22
2020-01-22 19:00:00,-5.18,68.95,0.0,-0.0,0.0,217.9,1.66,126.0,88710.0,False,1,19,22
2020-01-22 20:00:00,-6.02,68.75,0.0,-0.0,0.0,217.15,1.66,126.0,88690.0,False,1,20,22
2020-01-22 21:00:00,-6.5,65.8,0.0,-0.0,0.0,216.15,1.66,122.0,88670.0,False,1,21,22
2020-01-22 22:00:00,-6.74,65.7,0.0,-0.0,0.0,215.2,1.66,118.0,88660.0,False,1,22,22
2020-01-22 23:00:00,-6.9,65.7,0.0,-0.0,0.0,214.4,1.59,120.0,88630.0,False,1,23,22
2020-01-23 00:00:00,-7.07,63.0,0.0,-0.0,0.0,213.65,1.59,120.0,88580.0,False,1,0,23
2020-01-23 01:00:00,-7.23,60.4,0.0,-0.0,0.0,213.35,1.59,120.0,88530.0,False,1,1,23
2020-01-23 02:00:00,-7.37,62.9,0.0,-0.0,0.0,212.3,1.59,122.0,88480.0,False,1,2,23
2020-01-23 03:00:00,-7.51,62.9,0.0,-0.0,0.0,215.0,1.66,124.0,88440.0,False,1,3,23
2020-01-23 04:00:00,-7.68,60.25,0.0,-0.0,0.0,215.4,1.66,122.0,88380.0,False,1,4,23
2020-01-23 05:00:00,-7.92,62.75,0.0,-0.0,0.0,212.5,1.66,121.0,88330.0,False,1,5,23
2020-01-23 06:00:00,-8.06,62.75,0.0,-0.0,0.0,215.75,1.66,121.0,88310.0,False,1,6,23
2020-01-23 07:00:00,-8.1,60.1,0.0,-0.0,0.0,217.9,1.52,122.0,88380.0,False,1,7,23
2020-01-23 08:00:00,-7.6,60.25,26.0,0.0,26.0,217.3,1.45,120.0,88390.0,False,1,8,23
2020-01-23 09:00:00,-4.08,53.9,270.0,870.19,38.0,216.35,1.1,114.0,88380.0,False,1,9,23
2020-01-23 10:00:00,1.16,44.85,373.0,927.32,46.0,220.2,0.9,97.0,88360.0,False,1,10,23
2020-01-23 11:00:00,3.73,40.3,407.0,826.41,78.0,223.7,0.83,80.0,88310.0,False,1,11,23
2020-01-23 12:00:00,4.74,45.85,389.0,697.6,110.0,228.55,0.76,72.0,88230.0,False,1,12,23
2020-01-23 13:00:00,5.87,42.55,237.0,170.39,176.0,235.5,0.48,79.0,88180.0,False,1,13,23
2020-01-23 14:00:00,5.61,46.1,277.0,864.94,39.0,242.85,0.34,114.0,88160.0,False,1,14,23
2020-01-23 15:00:00,5.18,47.85,53.0,6.37,52.0,247.3,0.48,143.0,88160.0,False,1,15,23
2020-01-23 16:00:00,4.03,49.55,0.0,0.0,0.0,237.45,0.9,145.0,88140.0,False,1,16,23
2020-01-23 17:00:00,0.84,57.35,0.0,-0.0,0.0,235.9,1.24,145.0,88190.0,False,1,17,23
2020-01-23 18:00:00,-1.37,64.1,0.0,-0.0,0.0,233.4,1.45,143.0,88200.0,False,1,18,23
2020-01-23 19:00:00,-4.41,66.25,0.0,-0.0,0.0,224.65,1.59,140.0,88240.0,False,1,19,23
2020-01-23 20:00:00,-5.64,66.05,0.0,-0.0,0.0,224.85,1.66,140.0,88260.0,False,1,20,23
2020-01-23 21:00:00,-6.16,65.95,0.0,-0.0,0.0,225.05,1.66,140.0,88260.0,False,1,21,23
2020-01-23 22:00:00,-6.37,65.8,0.0,-0.0,0.0,224.65,1.66,139.0,88260.0,False,1,22,23
2020-01-23 23:00:00,-6.5,65.8,0.0,-0.0,0.0,225.05,1.66,137.0,88250.0,False,1,23,23
2020-01-24 00:00:00,-6.74,65.7,0.0,-0.0,0.0,224.5,1.66,135.0,88210.0,False,1,0,24
2020-01-24 01:00:00,-7.14,63.0,0.0,-0.0,0.0,224.4,1.66,134.0,88180.0,False,1,1,24
2020-01-24 02:00:00,-7.42,65.6,0.0,-0.0,0.0,223.7,1.59,132.0,88160.0,False,1,2,24
2020-01-24 03:00:00,-7.77,68.35,0.0,-0.0,0.0,223.15,1.59,132.0,88130.0,False,1,3,24
2020-01-24 04:00:00,-8.02,68.35,0.0,-0.0,0.0,222.75,1.59,133.0,88090.0,False,1,4,24
2020-01-24 05:00:00,-8.28,68.25,0.0,-0.0,0.0,222.55,1.52,134.0,88090.0,False,1,5,24
2020-01-24 06:00:00,-8.55,68.25,0.0,-0.0,0.0,223.3,1.52,134.0,88100.0,False,1,6,24
2020-01-24 07:00:00,-7.9,68.35,0.0,0.0,0.0,249.25,1.45,135.0,88170.0,False,1,7,24
2020-01-24 08:00:00,-6.92,65.7,31.0,0.0,31.0,258.95,1.31,135.0,88170.0,False,1,8,24
2020-01-24 09:00:00,-3.74,61.1,265.0,823.01,43.0,250.8,0.97,135.0,88170.0,False,1,9,24
2020-01-24 10:00:00,0.92,46.75,363.0,865.03,55.0,259.5,0.62,142.0,88150.0,False,1,10,24
2020-01-24 11:00:00,3.46,42.0,393.0,744.17,94.0,246.75,0.21,195.0,88120.0,False,1,11,24
2020-01-24 12:00:00,4.37,39.0,395.0,742.91,95.0,253.3,0.28,266.0,88100.0,False,1,12,24
2020-01-24 13:00:00,4.65,40.6,342.0,682.3,95.0,243.65,0.21,319.0,88040.0,False,1,13,24
2020-01-24 14:00:00,4.58,44.05,153.0,89.54,128.0,235.9,0.21,352.0,88030.0,False,1,14,24
2020-01-24 15:00:00,4.14,45.7,119.0,422.18,51.0,235.3,0.28,10.0,88020.0,False,1,15,24
2020-01-24 16:00:00,3.32,51.3,0.0,0.0,0.0,238.8,0.21,96.0,88010.0,False,1,16,24
2020-01-24 17:00:00,2.27,53.15,0.0,-0.0,0.0,239.75,0.69,135.0,88020.0,False,1,17,24
2020-01-24 18:00:00,0.42,59.6,0.0,-0.0,0.0,240.35,1.03,140.0,88010.0,False,1,18,24
2020-01-24 19:00:00,-2.49,72.25,0.0,-0.0,0.0,268.8,1.31,140.0,88010.0,False,1,19,24
2020-01-24 20:00:00,-3.83,78.15,0.0,-0.0,0.0,256.2,1.38,137.0,88030.0,False,1,20,24
2020-01-24 21:00:00,-4.27,81.3,0.0,-0.0,0.0,269.95,1.38,137.0,88010.0,False,1,21,24
2020-01-24 22:00:00,-4.6,81.3,0.0,-0.0,0.0,265.1,1.38,134.0,88010.0,False,1,22,24
2020-01-24 23:00:00,-4.74,84.6,0.0,-0.0,0.0,267.65,1.38,135.0,87970.0,False,1,23,24
2020-01-25 00:00:00,-5.24,84.55,0.0,-0.0,0.0,256.4,1.38,134.0,87900.0,False,1,0,25
2020-01-25 01:00:00,-5.32,84.55,0.0,-0.0,0.0,260.2,1.38,133.0,87870.0,False,1,1,25
2020-01-25 02:00:00,-6.11,81.1,0.0,-0.0,0.0,239.0,1.45,136.0,87830.0,False,1,2,25
2020-01-25 03:00:00,-6.79,84.4,0.0,-0.0,0.0,230.3,1.45,139.0,87820.0,False,1,3,25
2020-01-25 04:00:00,-7.48,80.9,0.0,-0.0,0.0,225.85,1.52,139.0,87780.0,False,1,4,25
2020-01-25 05:00:00,-7.79,84.3,0.0,-0.0,0.0,239.75,1.45,137.0,87750.0,False,1,5,25
2020-01-25 06:00:00,-8.12,87.85,0.0,-0.0,0.0,246.95,1.38,137.0,87760.0,False,1,6,25
2020-01-25 07:00:00,-6.69,88.0,0.0,0.0,0.0,253.7,1.45,140.0,87860.0,False,1,7,25
2020-01-25 08:00:00,-6.01,91.7,36.0,0.0,36.0,261.05,1.31,140.0,87920.0,False,1,8,25
2020-01-25 09:00:00,-3.47,91.8,268.0,827.9,42.0,291.05,1.03,139.0,87940.0,False,1,9,25
2020-01-25 10:00:00,-1.0,88.4,373.0,914.95,44.0,283.3,0.76,139.0,87950.0,False,1,10,25
2020-01-25 11:00:00,0.56,81.9,415.0,865.47,64.0,268.05,0.55,142.0,87920.0,False,1,11,25
2020-01-25 12:00:00,2.45,73.1,382.0,644.96,119.0,269.6,0.34,149.0,87900.0,False,1,12,25
2020-01-25 13:00:00,3.29,65.1,365.0,827.67,62.0,257.2,0.28,173.0,87840.0,False,1,13,25
2020-01-25 14:00:00,3.56,62.7,244.0,550.6,88.0,248.1,0.21,199.0,87820.0,False,1,14,25
2020-01-25 15:00:00,3.29,65.1,97.0,175.61,68.0,256.8,0.28,205.0,87800.0,False,1,15,25
2020-01-25 16:00:00,2.65,67.6,0.0,0.0,0.0,260.1,0.48,170.0,87800.0,False,1,16,25
2020-01-25 17:00:00,0.91,72.85,0.0,-0.0,0.0,254.3,0.9,148.0,87800.0,False,1,17,25
2020-01-25 18:00:00,-1.22,81.65,0.0,-0.0,0.0,246.95,1.17,143.0,87810.0,False,1,18,25
2020-01-25 19:00:00,-3.0,78.3,0.0,-0.0,0.0,235.5,1.31,143.0,87800.0,False,1,19,25
2020-01-25 20:00:00,-4.59,78.05,0.0,-0.0,0.0,230.1,1.45,140.0,87800.0,False,1,20,25
2020-01-25 21:00:00,-5.62,81.2,0.0,-0.0,0.0,227.2,1.45,139.0,87760.0,False,1,21,25
2020-01-25 22:00:00,-5.98,77.85,0.0,-0.0,0.0,224.65,1.45,138.0,87720.0,False,1,22,25
2020-01-25 23:00:00,-6.08,74.7,0.0,-0.0,0.0,225.65,1.38,140.0,87710.0,False,1,23,25
2020-01-26 00:00:00,-6.26,77.75,0.0,-0.0,0.0,225.05,1.38,140.0,87670.0,False,1,0,26
2020-01-26 01:00:00,-6.77,77.7,0.0,-0.0,0.0,221.3,1.45,140.0,87670.0,False,1,1,26
2020-01-26 02:00:00,-7.17,74.55,0.0,-0.0,0.0,221.75,1.45,139.0,87660.0,False,1,2,26
2020-01-26 03:00:00,-7.44,74.45,0.0,-0.0,0.0,221.95,1.45,139.0,87660.0,False,1,3,26
2020-01-26 04:00:00,-7.4,74.45,0.0,-0.0,0.0,234.95,1.38,139.0,87630.0,False,1,4,26
2020-01-26 05:00:00,-7.9,74.35,0.0,-0.0,0.0,226.8,1.45,139.0,87640.0,False,1,5,26
2020-01-26 06:00:00,-8.26,77.45,0.0,-0.0,0.0,226.2,1.45,138.0,87620.0,False,1,6,26
2020-01-26 07:00:00,-8.12,77.55,0.0,0.0,0.0,249.45,1.52,138.0,87670.0,False,1,7,26
2020-01-26 08:00:00,-7.54,74.45,57.0,0.0,57.0,244.8,1.45,137.0,87690.0,False,1,8,26
2020-01-26 09:00:00,-5.89,77.85,204.0,307.61,119.0,247.3,1.24,136.0,87710.0,False,1,9,26
2020-01-26 10:00:00,-1.49,64.1,234.0,159.69,176.0,245.2,0.76,142.0,87700.0,False,1,10,26
2020-01-26 11:00:00,1.65,59.8,356.0,490.94,155.0,234.35,0.41,175.0,87710.0,False,1,11,26
2020-01-26 12:00:00,2.56,57.7,187.0,24.28,177.0,256.2,0.41,235.0,87670.0,False,1,12,26
2020-01-26 13:00:00,2.5,62.5,115.0,0.0,115.0,270.55,0.48,227.0,87630.0,False,1,13,26
2020-01-26 14:00:00,1.94,70.2,141.0,52.17,126.0,279.65,0.48,229.0,87640.0,False,1,14,26
2020-01-26 15:00:00,1.39,72.95,90.0,112.25,71.0,280.6,0.48,209.0,87620.0,False,1,15,26
2020-01-26 16:00:00,-0.02,81.8,0.0,0.0,0.0,287.55,0.69,179.0,87630.0,False,1,16,26
2020-01-26 17:00:00,-0.63,81.75,0.0,-0.0,0.0,288.15,0.83,175.0,87640.0,False,1,17,26
2020-01-26 18:00:00,-1.15,85.0,0.0,-0.0,0.0,299.0,0.97,171.0,87650.0,False,1,18,26
2020-01-26 19:00:00,-2.68,84.85,0.0,-0.0,0.0,270.35,1.24,149.0,87700.0,False,1,19,26
2020-01-26 20:00:00,-2.95,81.5,0.0,-0.0,0.0,279.65,1.24,151.0,87700.0,False,1,20,26
2020-01-26 21:00:00,-3.83,81.4,0.0,-0.0,0.0,255.65,1.24,153.0,87710.0,False,1,21,26
2020-01-26 22:00:00,-3.91,81.4,0.0,-0.0,0.0,268.8,1.31,155.0,87690.0,False,1,22,26
2020-01-26 23:00:00,-3.66,78.2,0.0,-0.0,0.0,276.55,1.31,158.0,87700.0,False,1,23,26
2020-01-27 00:00:00,-3.55,78.2,0.0,-0.0,0.0,276.55,1.31,159.0,87670.0,False,1,0,27
2020-01-27 01:00:00,-3.61,78.2,0.0,-0.0,0.0,273.55,1.31,158.0,87660.0,False,1,1,27
2020-01-27 02:00:00,-4.32,81.3,0.0,-0.0,0.0,252.95,1.38,158.0,87630.0,False,1,2,27
2020-01-27 03:00:00,-5.04,78.0,0.0,-0.0,0.0,247.5,1.45,157.0,87630.0,False,1,3,27
2020-01-27 04:00:00,-5.61,81.2,0.0,-0.0,0.0,244.4,1.45,155.0,87590.0,False,1,4,27
2020-01-27 05:00:00,-6.22,81.1,0.0,-0.0,0.0,234.15,1.59,153.0,87590.0,False,1,5,27
2020-01-27 06:00:00,-6.28,84.45,0.0,-0.0,0.0,241.7,1.66,149.0,87560.0,False,1,6,27
2020-01-27 07:00:00,-5.68,88.05,0.0,0.0,0.0,260.85,1.45,146.0,87560.0,False,1,7,27
2020-01-27 08:00:00,-5.47,88.05,52.0,0.0,52.0,257.2,1.52,145.0,87500.0,False,1,8,27
2020-01-27 09:00:00,-3.78,88.2,257.0,682.73,66.0,263.2,1.31,148.0,87450.0,False,1,9,27
2020-01-27 10:00:00,-1.42,84.95,320.0,517.83,130.0,266.3,1.1,160.0,87400.0,False,1,10,27
2020-01-27 11:00:00,0.9,72.85,298.0,244.34,197.0,274.4,1.17,166.0,87380.0,False,1,11,27
2020-01-27 12:00:00,1.56,72.95,211.0,48.08,191.0,271.5,1.03,180.0,87270.0,False,1,12,27
2020-01-27 13:00:00,1.87,70.2,161.0,18.69,154.0,268.2,1.03,195.0,87210.0,False,1,13,27
2020-01-27 14:00:00,1.67,70.1,107.0,6.86,105.0,293.4,1.24,182.0,87170.0,False,1,14,27
2020-01-27 15:00:00,1.48,70.1,68.0,23.06,64.0,302.1,1.38,174.0,87110.0,False,1,15,27
2020-01-27 16:00:00,0.96,70.05,0.0,0.0,0.0,296.1,1.31,174.0,87040.0,False,1,16,27
2020-01-27 17:00:00,0.21,72.65,0.0,-0.0,0.0,295.3,1.31,179.0,87010.0,False,1,17,27
2020-01-27 18:00:00,-0.02,75.6,0.0,-0.0,0.0,305.2,1.31,191.0,86980.0,False,1,18,27
2020-01-27 19:00:00,-0.12,75.6,0.0,-0.0,0.0,303.85,1.52,193.0,86960.0,False,1,19,27
2020-01-27 20:00:00,-0.04,78.65,0.0,-0.0,0.0,302.1,1.72,184.0,86930.0,False,1,20,27
2020-01-27 21:00:00,-0.27,85.05,0.0,-0.0,0.0,300.15,1.79,177.0,86880.0,False,1,21,27
2020-01-27 22:00:00,-0.39,85.05,0.0,-0.0,0.0,296.85,1.86,177.0,86850.0,False,1,22,27
2020-01-27 23:00:00,-0.4,85.05,0.0,-0.0,0.0,296.3,1.86,177.0,86780.0,False,1,23,27
2020-01-28 00:00:00,-0.53,85.05,0.0,-0.0,0.0,293.6,1.79,182.0,86740.0,False,1,0,28
2020-01-28 01:00:00,-1.03,85.0,0.0,-0.0,0.0,279.15,1.66,178.0,86680.0,False,1,1,28
2020-01-28 02:00:00,-1.07,88.4,0.0,-0.0,0.0,295.5,1.79,176.0,86640.0,False,1,2,28
2020-01-28 03:00:00,-0.98,88.4,0.0,-0.0,0.0,301.9,1.93,176.0,86560.0,False,1,3,28
2020-01-28 04:00:00,-0.8,88.4,0.0,-0.0,0.0,299.0,2.0,179.0,86500.0,False,1,4,28
2020-01-28 05:00:00,-0.75,88.4,0.0,-0.0,0.0,286.8,2.0,187.0,86460.0,False,1,5,28
2020-01-28 06:00:00,-0.63,85.05,0.0,-0.0,0.0,285.65,2.34,206.0,86450.0,False,1,6,28
2020-01-28 07:00:00,-0.62,81.75,0.0,0.0,0.0,281.4,2.76,211.0,86460.0,False,1,7,28
2020-01-28 08:00:00,-0.29,85.05,62.0,0.0,62.0,278.65,2.9,213.0,86460.0,False,1,8,28
2020-01-28 09:00:00,0.6,81.9,41.0,0.0,41.0,278.65,3.45,227.0,86540.0,False,1,9,28
2020-01-28 10:00:00,0.68,88.5,156.0,16.18,150.0,293.95,3.38,237.0,86640.0,False,1,10,28
2020-01-28 11:00:00,0.23,92.0,133.0,0.0,133.0,278.65,3.31,240.0,86720.0,False,1,11,28
2020-01-28 12:00:00,-0.08,85.1,92.0,0.0,92.0,280.2,3.38,241.0,86720.0,False,1,12,28
2020-01-28 13:00:00,-0.13,88.45,81.0,0.0,81.0,281.4,2.69,233.0,86710.0,False,1,13,28
2020-01-28 14:00:00,-0.59,88.45,57.0,0.0,57.0,288.75,2.97,236.0,86690.0,False,1,14,28
2020-01-28 15:00:00,-1.03,91.95,78.0,45.02,70.0,286.6,2.55,237.0,86700.0,False,1,15,28
2020-01-28 16:00:00,-1.13,91.95,1.0,0.0,1.0,290.5,2.69,242.0,86710.0,False,1,16,28
2020-01-28 17:00:00,-1.02,91.95,0.0,-0.0,0.0,294.95,2.83,248.0,86790.0,False,1,17,28
2020-01-28 18:00:00,-1.6,91.9,0.0,-0.0,0.0,276.35,2.97,250.0,86830.0,False,1,18,28
2020-01-28 19:00:00,-1.9,95.55,0.0,-0.0,0.0,291.65,2.07,243.0,86880.0,False,1,19,28
2020-01-28 20:00:00,-2.3,95.55,0.0,-0.0,0.0,268.2,2.07,228.0,86850.0,False,1,20,28
2020-01-28 21:00:00,-2.39,95.55,0.0,-0.0,0.0,274.6,2.0,212.0,86810.0,False,1,21,28
2020-01-28 22:00:00,-2.06,91.85,0.0,-0.0,0.0,296.5,2.41,214.0,86790.0,False,1,22,28
2020-01-28 23:00:00,-2.14,91.85,0.0,-0.0,0.0,289.9,2.28,222.0,86800.0,False,1,23,28
2020-01-29 00:00:00,-2.3,95.55,0.0,-0.0,0.0,293.75,2.14,229.0,86810.0,False,1,0,29
2020-01-29 01:00:00,-2.55,95.55,0.0,-0.0,0.0,285.55,2.0,232.0,86870.0,False,1,1,29
2020-01-29 02:00:00,-2.75,95.55,0.0,-0.0,0.0,285.85,1.79,233.0,86940.0,False,1,2,29
2020-01-29 03:00:00,-2.96,95.55,0.0,-0.0,0.0,284.3,1.52,225.0,86960.0,False,1,3,29
2020-01-29 04:00:00,-3.19,91.85,0.0,-0.0,0.0,283.5,1.52,218.0,86960.0,False,1,4,29
2020-01-29 05:00:00,-3.26,91.8,0.0,-0.0,0.0,282.35,1.45,216.0,87010.0,False,1,5,29
2020-01-29 06:00:00,-3.19,88.25,0.0,-0.0,0.0,283.9,1.52,222.0,87050.0,False,1,6,29
2020-01-29 07:00:00,-2.86,95.55,0.0,0.0,0.0,292.2,1.38,223.0,87110.0,False,1,7,29
2020-01-29 08:00:00,-2.82,95.55,68.0,0.0,68.0,293.0,1.31,218.0,87150.0,False,1,8,29
2020-01-29 09:00:00,-2.47,95.55,102.0,6.97,100.0,291.05,1.45,229.0,87210.0,False,1,9,29
2020-01-29 10:00:00,-1.91,95.55,81.0,0.0,81.0,297.25,1.66,235.0,87280.0,False,1,10,29
2020-01-29 11:00:00,-1.64,91.9,77.0,0.0,77.0,297.85,1.45,234.0,87330.0,False,1,11,29
2020-01-29 12:00:00,-1.35,91.9,81.0,0.0,81.0,299.95,1.38,230.0,87340.0,False,1,12,29
2020-01-29 13:00:00,-1.28,91.9,141.0,5.22,139.0,299.55,1.24,228.0,87350.0,False,1,13,29
2020-01-29 14:00:00,-1.19,91.9,131.0,26.63,123.0,300.95,1.45,224.0,87380.0,False,1,14,29
2020-01-29 15:00:00,-1.14,88.4,51.0,0.0,51.0,291.85,1.45,221.0,87430.0,False,1,15,29
2020-01-29 16:00:00,-1.16,88.4,3.0,0.0,3.0,293.4,1.38,218.0,87480.0,False,1,16,29
2020-01-29 17:00:00,-1.44,91.9,0.0,-0.0,0.0,294.75,1.24,202.0,87560.0,False,1,17,29
2020-01-29 18:00:00,-1.57,91.9,0.0,-0.0,0.0,292.05,1.24,191.0,87630.0,False,1,18,29
2020-01-29 19:00:00,-1.27,91.9,0.0,-0.0,0.0,289.9,1.17,188.0,87620.0,False,1,19,29
2020-01-29 20:00:00,-1.17,91.95,0.0,-0.0,0.0,299.4,1.1,186.0,87660.0,False,1,20,29
2020-01-29 21:00:00,-1.09,91.95,0.0,-0.0,0.0,300.55,1.17,180.0,87700.0,False,1,21,29
2020-01-29 22:00:00,-1.18,91.9,0.0,-0.0,0.0,294.35,1.24,174.0,87710.0,False,1,22,29
2020-01-29 23:00:00,-1.18,91.9,0.0,-0.0,0.0,299.0,1.1,168.0,87720.0,False,1,23,29
2020-01-30 00:00:00,-1.97,91.85,0.0,-0.0,0.0,273.25,1.1,163.0,87720.0,False,1,0,30
2020-01-30 01:00:00,-2.67,88.25,0.0,-0.0,0.0,266.6,1.17,162.0,87690.0,False,1,1,30
2020-01-30 02:00:00,-3.55,84.8,0.0,-0.0,0.0,251.2,1.24,153.0,87670.0,False,1,2,30
2020-01-30 03:00:00,-4.17,84.7,0.0,-0.0,0.0,255.25,1.38,148.0,87640.0,False,1,3,30
2020-01-30 04:00:00,-4.46,84.65,0.0,-0.0,0.0,251.95,1.52,145.0,87580.0,False,1,4,30
2020-01-30 05:00:00,-4.8,84.6,0.0,-0.0,0.0,245.4,1.66,143.0,87560.0,False,1,5,30
2020-01-30 06:00:00,-5.34,81.2,0.0,-0.0,0.0,236.1,1.79,141.0,87540.0,False,1,6,30
2020-01-30 07:00:00,-6.69,88.0,0.0,0.0,0.0,243.25,1.79,140.0,87580.0,False,1,7,30
2020-01-30 08:00:00,-5.81,84.5,68.0,0.0,68.0,253.5,1.66,146.0,87580.0,False,1,8,30
2020-01-30 09:00:00,-3.48,75.1,215.0,313.09,124.0,257.0,1.52,149.0,87590.0,False,1,9,30
2020-01-30 10:00:00,-1.56,75.35,279.0,274.7,175.0,247.15,1.31,154.0,87570.0,False,1,10,30
2020-01-30 11:00:00,0.26,72.65,357.0,429.89,174.0,257.95,1.1,168.0,87550.0,False,1,11,30
2020-01-30 12:00:00,1.8,67.4,287.0,177.27,211.0,265.7,1.03,191.0,87520.0,False,1,12,30
2020-01-30 13:00:00,1.89,70.2,265.0,203.87,186.0,296.3,1.1,178.0,87460.0,False,1,13,30
2020-01-30 14:00:00,1.84,72.95,233.0,347.76,127.0,287.0,1.03,189.0,87430.0,False,1,14,30
2020-01-30 15:00:00,2.55,67.6,94.0,85.88,78.0,308.85,1.45,185.0,87420.0,False,1,15,30
2020-01-30 16:00:00,2.29,67.5,8.0,0.0,8.0,310.6,1.45,188.0,87410.0,False,1,16,30
2020-01-30 17:00:00,1.76,70.1,0.0,-0.0,0.0,311.0,1.45,189.0,87430.0,False,1,17,30
2020-01-30 18:00:00,1.12,75.75,0.0,-0.0,0.0,309.45,1.52,182.0,87480.0,False,1,18,30
2020-01-30 19:00:00,1.16,78.8,0.0,-0.0,0.0,313.7,1.79,170.0,87520.0,False,1,19,30
2020-01-30 20:00:00,1.24,81.95,0.0,-0.0,0.0,320.3,1.79,171.0,87550.0,False,1,20,30
2020-01-30 21:00:00,1.44,82.0,0.0,-0.0,0.0,323.2,1.86,171.0,87600.0,False,1,21,30
2020-01-30 22:00:00,1.77,85.25,0.0,-0.0,0.0,327.65,1.86,164.0,87620.0,False,1,22,30
2020-01-30 23:00:00,1.9,85.3,0.0,-0.0,0.0,325.9,1.93,162.0,87620.0,False,1,23,30
2020-01-31 00:00:00,2.17,85.3,0.0,-0.0,0.0,329.55,1.79,164.0,87600.0,False,1,0,31
2020-01-31 01:00:00,2.18,85.3,0.0,-0.0,0.0,329.7,1.66,165.0,87610.0,False,1,1,31
2020-01-31 02:00:00,2.2,85.3,0.0,-0.0,0.0,331.7,1.59,165.0,87640.0,False,1,2,31
2020-01-31 03:00:00,2.3,88.65,0.0,-0.0,0.0,332.85,1.59,167.0,87640.0,False,1,3,31
2020-01-31 04:00:00,2.36,85.35,0.0,-0.0,0.0,333.05,1.59,168.0,87630.0,False,1,4,31
2020-01-31 05:00:00,2.41,85.35,0.0,-0.0,0.0,333.65,1.52,168.0,87660.0,False,1,5,31
2020-01-31 06:00:00,2.36,85.35,0.0,-0.0,0.0,333.85,1.45,166.0,87670.0,False,1,6,31
2020-01-31 07:00:00,2.32,88.65,0.0,0.0,0.0,331.9,1.45,165.0,87740.0,False,1,7,31
2020-01-31 08:00:00,2.32,88.65,70.0,0.0,70.0,333.65,1.45,165.0,87780.0,False,1,8,31
2020-01-31 09:00:00,2.57,88.65,132.0,33.96,122.0,332.5,1.31,166.0,87800.0,False,1,9,31
2020-01-31 10:00:00,3.33,85.4,205.0,70.56,178.0,335.55,1.24,171.0,87810.0,False,1,10,31
2020-01-31 11:00:00,3.69,85.45,354.0,411.67,177.0,325.1,1.24,178.0,87790.0,False,1,11,31
2020-01-31 12:00:00,4.0,82.3,396.0,604.9,134.0,326.65,1.1,194.0,87760.0,False,1,12,31
2020-01-31 13:00:00,4.59,82.35,383.0,785.79,75.0,305.0,0.97,209.0,87710.0,False,1,13,31
2020-01-31 14:00:00,4.63,82.35,305.0,843.93,44.0,297.85,0.97,228.0,87690.0,False,1,14,31
2020-01-31 15:00:00,4.89,79.35,160.0,618.86,42.0,294.35,0.9,234.0,87670.0,False,1,15,31
2020-01-31 16:00:00,3.78,90.84,7.0,0.0,7.0,288.03,0.92,222.0,87690.0,False,1,16,31
2020-01-31 17:00:00,3.18,89.31,0.0,-0.0,0.0,286.99,1.0,194.0,87720.0,False,1,17,31
2020-01-31 18:00:00,2.57,87.77,0.0,-0.0,0.0,285.94,1.07,174.0,87750.0,False,1,18,31
2020-01-31 19:00:00,1.96,86.24,0.0,-0.0,0.0,284.9,1.14,167.0,87740.0,False,1,19,31
2020-01-31 20:00:00,1.36,84.71,0.0,-0.0,0.0,283.85,1.22,159.0,87740.0,False,1,20,31
2020-01-31 21:00:00,0.75,83.17,0.0,-0.0,0.0,282.8,1.29,154.0,87740.0,False,1,21,31
2020-01-31 22:00:00,0.14,81.64,0.0,-0.0,0.0,281.76,1.36,151.0,87700.0,False,1,22,31
2020-01-31 23:00:00,-0.47,80.11,0.0,-0.0,0.0,280.71,1.43,151.0,87670.0,False,1,23,31
2008-02-01 00:00:00,-1.07,78.57,0.0,-0.0,0.0,279.67,1.51,177.0,87380.0,False,2,0,32
2008-02-01 01:00:00,-1.68,77.04,0.0,-0.0,0.0,278.62,1.58,179.0,87340.0,False,2,1,32
2008-02-01 02:00:00,-2.29,75.51,0.0,-0.0,0.0,277.58,1.65,180.0,87280.0,False,2,2,32
2008-02-01 03:00:00,-2.9,73.97,0.0,-0.0,0.0,276.53,1.72,184.0,87190.0,False,2,3,32
2008-02-01 04:00:00,-3.5,72.44,0.0,-0.0,0.0,275.49,1.8,187.0,87130.0,False,2,4,32
2008-02-01 05:00:00,-4.11,70.91,0.0,-0.0,0.0,274.44,1.87,188.0,87120.0,False,2,5,32
2008-02-01 06:00:00,-4.72,69.38,0.0,-0.0,0.0,273.39,1.94,189.0,87140.0,False,2,6,32
2008-02-01 07:00:00,-5.33,67.84,0.0,0.0,0.0,272.35,2.02,185.0,87130.0,False,2,7,32
2008-02-01 08:00:00,-2.05,66.65,60.0,0.0,60.0,296.1,1.93,179.0,87120.0,False,2,8,32
2008-02-01 09:00:00,-1.57,69.55,164.0,87.14,138.0,299.0,1.93,180.0,87100.0,False,2,9,32
2008-02-01 10:00:00,-0.45,67.0,144.0,5.17,142.0,303.85,1.59,181.0,87080.0,False,2,10,32
2008-02-01 11:00:00,0.58,67.2,200.0,25.33,189.0,305.4,1.66,184.0,87030.0,False,2,11,32
2008-02-01 12:00:00,1.51,64.8,74.0,0.0,74.0,306.95,1.72,196.0,86980.0,False,2,12,32
2008-02-01 13:00:00,2.21,67.5,242.0,121.06,194.0,304.8,1.72,205.0,86910.0,False,2,13,32
2008-02-01 14:00:00,2.88,65.1,189.0,130.67,148.0,291.45,1.86,210.0,86860.0,False,2,14,32
2008-02-01 15:00:00,2.73,67.6,88.0,46.13,79.0,263.0,2.21,211.0,86820.0,False,2,15,32
2008-02-01 16:00:00,2.05,67.5,17.0,82.44,13.0,242.5,2.21,211.0,86800.0,False,2,16,32
2008-02-01 17:00:00,1.07,70.05,0.0,-0.0,0.0,238.4,2.14,210.0,86800.0,False,2,17,32
2008-02-01 18:00:00,0.65,72.75,0.0,-0.0,0.0,257.6,2.21,203.0,86810.0,False,2,18,32
2008-02-01 19:00:00,1.18,72.85,0.0,-0.0,0.0,292.8,2.28,195.0,86710.0,False,2,19,32
2008-02-01 20:00:00,0.7,78.75,0.0,-0.0,0.0,291.85,2.0,193.0,86680.0,False,2,20,32
2008-02-01 21:00:00,0.14,81.8,0.0,-0.0,0.0,288.15,1.79,200.0,86650.0,False,2,21,32
2008-02-01 22:00:00,-0.11,85.1,0.0,-0.0,0.0,297.05,1.72,204.0,86680.0,False,2,22,32
2008-02-01 23:00:00,-0.39,88.45,0.0,-0.0,0.0,293.4,1.66,196.0,86670.0,False,2,23,32
2008-02-02 00:00:00,-0.55,88.45,0.0,-0.0,0.0,300.55,1.38,193.0,86680.0,False,2,0,33
2008-02-02 01:00:00,-1.07,91.95,0.0,-0.0,0.0,298.5,0.97,203.0,86670.0,False,2,1,33
2008-02-02 02:00:00,-1.58,95.6,0.0,-0.0,0.0,296.65,0.62,227.0,86720.0,False,2,2,33
2008-02-02 03:00:00,-1.62,99.4,0.0,-0.0,0.0,304.8,0.55,280.0,86770.0,False,2,3,33
2008-02-02 04:00:00,-1.76,99.4,0.0,-0.0,0.0,302.85,1.17,318.0,86840.0,False,2,4,33
2008-02-02 05:00:00,-1.88,99.4,0.0,-0.0,0.0,299.95,1.24,326.0,86960.0,False,2,5,33
2008-02-02 06:00:00,-2.49,95.55,0.0,-0.0,0.0,296.1,1.1,320.0,87070.0,False,2,6,33
2008-02-02 07:00:00,-3.07,95.55,5.0,0.0,5.0,283.5,0.83,312.0,87200.0,False,2,7,33
2008-02-02 08:00:00,-3.09,88.25,125.0,296.48,72.0,284.3,0.97,308.0,87290.0,False,2,8,33
2008-02-02 09:00:00,-2.98,84.8,153.0,56.22,136.0,252.35,1.38,306.0,87400.0,False,2,9,33
2008-02-02 10:00:00,-2.59,78.3,44.0,0.0,44.0,247.3,1.38,307.0,87470.0,False,2,10,33
2008-02-02 11:00:00,-2.45,78.3,64.0,0.0,64.0,249.65,1.31,315.0,87540.0,False,2,11,33
2008-02-02 12:00:00,-1.9,72.3,133.0,0.0,133.0,232.8,1.52,322.0,87570.0,False,2,12,33
2008-02-02 13:00:00,-1.83,72.3,160.0,9.97,156.0,237.85,1.72,332.0,87580.0,False,2,13,33
2008-02-02 14:00:00,-1.96,72.3,101.0,0.0,101.0,234.95,1.72,342.0,87630.0,False,2,14,33
2008-02-02 15:00:00,-2.36,75.2,65.0,5.01,64.0,235.7,1.38,354.0,87670.0,False,2,15,33
2008-02-02 16:00:00,-3.44,84.7,12.0,0.0,12.0,226.05,0.97,9.0,87720.0,False,2,16,33
2008-02-02 17:00:00,-5.18,84.6,0.0,-0.0,0.0,215.95,0.9,39.0,87740.0,False,2,17,33
2008-02-02 18:00:00,-5.8,88.0,0.0,-0.0,0.0,216.35,0.9,68.0,87760.0,False,2,18,33
2008-02-02 19:00:00,-6.83,87.95,0.0,-0.0,0.0,204.95,1.03,82.0,87770.0,False,2,19,33
2008-02-02 20:00:00,-7.47,91.6,0.0,-0.0,0.0,212.85,1.17,97.0,87760.0,False,2,20,33
2008-02-02 21:00:00,-8.05,91.55,0.0,-0.0,0.0,215.2,1.24,103.0,87730.0,False,2,21,33
2008-02-02 22:00:00,-8.69,87.8,0.0,-0.0,0.0,204.55,1.31,109.0,87690.0,False,2,22,33
2008-02-02 23:00:00,-9.08,87.75,0.0,-0.0,0.0,209.6,1.38,118.0,87650.0,False,2,23,33
2008-02-03 00:00:00,-9.65,84.1,0.0,-0.0,0.0,192.75,1.59,125.0,87620.0,False,2,0,34
2008-02-03 01:00:00,-9.86,84.05,0.0,-0.0,0.0,195.35,1.72,129.0,87590.0,False,2,1,34
2008-02-03 02:00:00,-10.46,80.5,0.0,-0.0,0.0,203.0,1.79,132.0,87530.0,False,2,2,34
2008-02-03 03:00:00,-11.18,80.45,0.0,-0.0,0.0,205.7,1.93,134.0,87470.0,False,2,3,34
2008-02-03 04:00:00,-12.27,80.3,0.0,-0.0,0.0,213.05,1.93,136.0,87420.0,False,2,4,34
2008-02-03 05:00:00,-11.95,80.3,0.0,-0.0,0.0,227.95,1.93,136.0,87420.0,False,2,5,34
2008-02-03 06:00:00,-11.84,80.3,0.0,-0.0,0.0,216.75,1.93,135.0,87430.0,False,2,6,34
2008-02-03 07:00:00,-11.0,80.45,5.0,0.0,5.0,231.65,1.86,135.0,87500.0,False,2,7,34
2008-02-03 08:00:00,-10.33,77.15,171.0,739.36,36.0,209.0,1.79,134.0,87500.0,False,2,8,34
2008-02-03 09:00:00,-7.88,74.35,321.0,887.52,49.0,216.55,1.45,133.0,87490.0,False,2,9,34
2008-02-03 10:00:00,-3.92,61.1,394.0,723.39,108.0,218.5,1.24,134.0,87450.0,False,2,10,34
2008-02-03 11:00:00,-1.25,54.4,361.0,338.45,211.0,219.85,0.97,134.0,87420.0,False,2,11,34
2008-02-03 12:00:00,1.06,46.75,354.0,302.2,219.0,209.95,0.83,138.0,87350.0,False,2,12,34
2008-02-03 13:00:00,1.19,50.75,375.0,557.06,149.0,213.05,0.83,145.0,87290.0,False,2,13,34
2008-02-03 14:00:00,2.33,45.3,318.0,743.2,78.0,212.65,0.76,153.0,87230.0,False,2,14,34
2008-02-03 15:00:00,2.9,49.25,194.0,759.67,39.0,215.2,0.48,143.0,87220.0,False,2,15,34
2008-02-03 16:00:00,1.7,53.0,36.0,420.06,12.0,212.1,0.69,141.0,87180.0,False,2,16,34
2008-02-03 17:00:00,-0.03,59.45,0.0,-0.0,0.0,210.35,1.17,142.0,87170.0,False,2,17,34
2008-02-03 18:00:00,-4.27,69.05,0.0,-0.0,0.0,207.25,1.66,142.0,87150.0,False,2,18,34
2008-02-03 19:00:00,-5.9,68.75,0.0,-0.0,0.0,202.6,1.86,142.0,87060.0,False,2,19,34
2008-02-03 20:00:00,-7.11,71.5,0.0,-0.0,0.0,203.2,2.0,142.0,86980.0,False,2,20,34
2008-02-03 21:00:00,-7.59,74.45,0.0,-0.0,0.0,203.4,2.14,143.0,86940.0,False,2,21,34
2008-02-03 22:00:00,-7.84,74.35,0.0,-0.0,0.0,203.0,2.21,142.0,86880.0,False,2,22,34
2008-02-03 23:00:00,-7.96,74.35,0.0,-0.0,0.0,202.2,2.21,142.0,86810.0,False,2,23,34
2008-02-04 00:00:00,-7.99,74.35,0.0,-0.0,0.0,203.0,2.21,143.0,86770.0,False,2,0,35
2008-02-04 01:00:00,-8.13,71.3,0.0,-0.0,0.0,203.1,2.28,142.0,86730.0,False,2,1,35
2008-02-04 02:00:00,-7.94,74.35,0.0,-0.0,0.0,206.85,2.34,142.0,86700.0,False,2,2,35
2008-02-04 03:00:00,-7.61,71.4,0.0,-0.0,0.0,213.45,2.34,142.0,86660.0,False,2,3,35
2008-02-04 04:00:00,-7.02,71.5,0.0,-0.0,0.0,226.2,2.34,143.0,86640.0,False,2,4,35
2008-02-04 05:00:00,-6.12,68.75,0.0,-0.0,0.0,245.4,2.28,143.0,86620.0,False,2,5,35
2008-02-04 06:00:00,-5.18,68.95,0.0,-0.0,0.0,269.0,2.28,143.0,86580.0,False,2,6,35
2008-02-04 07:00:00,-4.56,71.95,5.0,0.0,5.0,281.6,1.59,152.0,86470.0,False,2,7,35
2008-02-04 08:00:00,-4.19,72.05,62.0,5.36,61.0,275.4,1.1,188.0,86610.0,False,2,8,35
2008-02-04 09:00:00,-3.05,72.1,99.0,0.0,99.0,278.5,0.83,186.0,86780.0,False,2,9,35
2008-02-04 10:00:00,-3.35,81.4,129.0,0.0,129.0,286.05,0.9,164.0,86870.0,False,2,10,35
2008-02-04 11:00:00,-2.53,78.3,135.0,0.0,135.0,287.75,0.9,166.0,86930.0,False,2,11,35
2008-02-04 12:00:00,-1.77,81.55,92.0,0.0,92.0,290.1,0.9,174.0,86930.0,False,2,12,35
2008-02-04 13:00:00,-2.5,84.85,123.0,0.0,123.0,288.75,0.83,184.0,86920.0,False,2,13,35
2008-02-04 14:00:00,-2.39,88.25,141.0,21.37,134.0,291.85,0.9,184.0,86970.0,False,2,14,35
2008-02-04 15:00:00,-2.58,88.25,56.0,0.0,56.0,287.2,0.97,173.0,87020.0,False,2,15,35
2008-02-04 16:00:00,-2.81,91.8,6.0,0.0,6.0,286.05,1.03,172.0,87070.0,False,2,16,35
2008-02-04 17:00:00,-3.16,88.25,0.0,-0.0,0.0,286.05,1.1,185.0,87160.0,False,2,17,35
2008-02-04 18:00:00,-3.53,88.2,0.0,-0.0,0.0,277.5,1.1,193.0,87250.0,False,2,18,35
2008-02-04 19:00:00,-3.5,88.2,0.0,-0.0,0.0,269.2,1.1,214.0,87300.0,False,2,19,35
2008-02-04 20:00:00,-3.67,84.7,0.0,-0.0,0.0,276.55,1.1,220.0,87410.0,False,2,20,35
2008-02-04 21:00:00,-3.53,88.2,0.0,-0.0,0.0,271.5,0.97,208.0,87520.0,False,2,21,35
2008-02-04 22:00:00,-3.68,88.2,0.0,-0.0,0.0,281.4,0.97,219.0,87630.0,False,2,22,35
2008-02-04 23:00:00,-3.24,91.8,0.0,-0.0,0.0,272.1,0.76,205.0,87680.0,False,2,23,35
2008-02-05 00:00:00,-3.63,91.8,0.0,-0.0,0.0,290.65,0.83,184.0,87740.0,False,2,0,36
2008-02-05 01:00:00,-4.0,88.2,0.0,-0.0,0.0,283.8,0.9,177.0,87770.0,False,2,1,36
2008-02-05 02:00:00,-5.31,91.7,0.0,-0.0,0.0,240.95,1.17,160.0,87780.0,False,2,2,36
2008-02-05 03:00:00,-6.05,91.7,0.0,-0.0,0.0,250.8,1.24,155.0,87770.0,False,2,3,36
2008-02-05 04:00:00,-6.86,91.6,0.0,-0.0,0.0,238.2,1.52,153.0,87770.0,False,2,4,36
2008-02-05 05:00:00,-7.78,87.9,0.0,-0.0,0.0,222.95,1.72,153.0,87810.0,False,2,5,36
2008-02-05 06:00:00,-7.96,84.3,0.0,-0.0,0.0,214.05,2.0,150.0,87810.0,False,2,6,36
2008-02-05 07:00:00,-8.93,91.5,3.0,0.0,3.0,225.05,1.86,149.0,87850.0,False,2,7,36
2008-02-05 08:00:00,-7.73,80.9,106.0,120.72,83.0,241.3,1.86,149.0,87920.0,False,2,8,36
2008-02-05 09:00:00,-5.48,71.75,174.0,85.74,147.0,245.4,1.66,154.0,87920.0,False,2,9,36
2008-02-05 10:00:00,-3.98,72.05,179.0,19.79,171.0,238.2,1.45,163.0,87960.0,False,2,10,36
2008-02-05 11:00:00,-1.63,64.1,179.0,8.84,175.0,252.75,1.38,178.0,88020.0,False,2,11,36
2008-02-05 12:00:00,-0.48,64.35,213.0,26.31,201.0,277.1,1.31,184.0,88050.0,False,2,12,36
2008-02-05 13:00:00,0.34,62.0,139.0,2.41,138.0,295.7,1.17,180.0,88030.0,False,2,13,36
2008-02-05 14:00:00,1.08,62.15,165.0,48.16,149.0,299.95,1.24,190.0,88040.0,False,2,14,36
2008-02-05 15:00:00,0.96,59.7,97.0,46.92,87.0,296.65,1.45,182.0,88070.0,False,2,15,36
2008-02-05 16:00:00,0.91,59.7,21.0,30.36,19.0,296.1,1.52,176.0,88100.0,False,2,16,36
2008-02-05 17:00:00,-0.15,61.9,0.0,-0.0,0.0,278.1,1.72,173.0,88140.0,False,2,17,36
2008-02-05 18:00:00,-1.08,64.25,0.0,-0.0,0.0,276.55,1.66,171.0,88170.0,False,2,18,36
2008-02-05 19:00:00,-1.39,64.1,0.0,-0.0,0.0,281.0,1.79,167.0,88210.0,False,2,19,36
2008-02-05 20:00:00,-2.19,61.45,0.0,-0.0,0.0,258.35,1.86,164.0,88200.0,False,2,20,36
2008-02-05 21:00:00,-2.48,63.9,0.0,-0.0,0.0,263.2,1.86,163.0,88190.0,False,2,21,36
2008-02-05 22:00:00,-2.97,66.45,0.0,-0.0,0.0,252.15,1.93,162.0,88210.0,False,2,22,36
2008-02-05 23:00:00,-2.84,66.45,0.0,-0.0,0.0,263.75,1.93,163.0,88200.0,False,2,23,36
2008-02-06 00:00:00,-2.83,66.45,0.0,-0.0,0.0,260.65,2.0,164.0,88210.0,False,2,0,37
2008-02-06 01:00:00,-1.97,66.65,0.0,-0.0,0.0,284.6,2.0,167.0,88210.0,False,2,1,37
2008-02-06 02:00:00,-0.87,66.9,0.0,-0.0,0.0,300.15,2.0,173.0,88240.0,False,2,2,37
2008-02-06 03:00:00,-0.27,67.0,0.0,-0.0,0.0,309.45,1.79,182.0,88250.0,False,2,3,37
2008-02-06 04:00:00,-0.01,75.6,0.0,-0.0,0.0,315.85,1.79,186.0,88280.0,False,2,4,37
2008-02-06 05:00:00,0.41,78.75,0.0,-0.0,0.0,311.55,1.93,184.0,88340.0,False,2,5,37
2008-02-06 06:00:00,0.42,85.15,0.0,-0.0,0.0,312.35,2.0,186.0,88380.0,False,2,6,37
2008-02-06 07:00:00,0.43,85.15,12.0,0.0,12.0,310.05,2.0,187.0,88370.0,False,2,7,37
2008-02-06 08:00:00,0.15,88.45,99.0,82.21,83.0,287.4,1.79,191.0,88400.0,False,2,8,37
2008-02-06 09:00:00,1.29,85.2,92.0,0.0,92.0,295.7,1.79,210.0,88470.0,False,2,9,37
2008-02-06 10:00:00,2.57,82.15,70.0,0.0,70.0,302.65,1.86,227.0,88550.0,False,2,10,37
2008-02-06 11:00:00,2.96,82.2,83.0,0.0,83.0,287.4,1.93,235.0,88600.0,False,2,11,37
2008-02-06 12:00:00,3.41,82.25,42.0,0.0,42.0,275.95,2.41,243.0,88630.0,False,2,12,37
2008-02-06 13:00:00,3.27,85.4,80.0,0.0,80.0,281.0,2.34,241.0,88610.0,False,2,13,37
2008-02-06 14:00:00,3.11,82.2,44.0,0.0,44.0,281.6,2.21,242.0,88640.0,False,2,14,37
2008-02-06 15:00:00,2.63,82.15,109.0,73.49,93.0,260.65,1.79,236.0,88700.0,False,2,15,37
2008-02-06 16:00:00,2.01,85.3,18.0,14.23,17.0,270.95,1.59,230.0,88750.0,False,2,16,37
2008-02-06 17:00:00,1.22,88.55,0.0,-0.0,0.0,269.4,1.59,231.0,88840.0,False,2,17,37
2008-02-06 18:00:00,0.43,92.0,0.0,-0.0,0.0,280.6,1.24,232.0,88880.0,False,2,18,37
2008-02-06 19:00:00,-0.05,92.0,0.0,-0.0,0.0,291.05,1.17,249.0,88870.0,False,2,19,37
2008-02-06 20:00:00,-0.37,95.6,0.0,-0.0,0.0,291.85,0.97,266.0,88930.0,False,2,20,37
2008-02-06 21:00:00,-0.12,92.0,0.0,-0.0,0.0,305.2,0.97,292.0,88980.0,False,2,21,37
2008-02-06 22:00:00,-0.53,95.6,0.0,-0.0,0.0,293.2,0.83,301.0,89020.0,False,2,22,37
2008-02-06 23:00:00,-0.63,91.95,0.0,-0.0,0.0,293.95,0.55,285.0,89060.0,False,2,23,37
2008-02-07 00:00:00,-0.59,91.95,0.0,-0.0,0.0,288.15,0.28,267.0,89100.0,False,2,0,38
2008-02-07 01:00:00,-0.81,95.6,0.0,-0.0,0.0,281.1,0.48,183.0,89130.0,False,2,1,38
2008-02-07 02:00:00,-1.27,95.6,0.0,-0.0,0.0,281.6,0.62,168.0,89120.0,False,2,2,38
2008-02-07 03:00:00,-1.62,91.9,0.0,-0.0,0.0,278.3,0.69,150.0,89090.0,False,2,3,38
2008-02-07 04:00:00,-2.38,95.55,0.0,-0.0,0.0,257.95,0.76,140.0,89100.0,False,2,4,38
2008-02-07 05:00:00,-2.97,95.55,0.0,-0.0,0.0,257.75,0.9,128.0,89140.0,False,2,5,38
2008-02-07 06:00:00,-3.74,91.8,0.0,-0.0,0.0,242.85,1.24,126.0,89140.0,False,2,6,38
2008-02-07 07:00:00,-4.13,88.2,10.0,0.0,10.0,236.65,1.24,126.0,89130.0,False,2,7,38
2008-02-07 08:00:00,-3.2,91.8,183.0,719.32,40.0,239.2,0.9,119.0,89120.0,False,2,8,38
2008-02-07 09:00:00,-1.76,88.3,332.0,862.03,53.0,244.8,0.83,100.0,89130.0,False,2,9,38
2008-02-07 10:00:00,-0.42,75.55,444.0,936.23,57.0,222.95,1.1,73.0,89130.0,False,2,10,38
2008-02-07 11:00:00,1.5,64.8,454.0,699.44,131.0,228.35,1.31,55.0,89140.0,False,2,11,38
2008-02-07 12:00:00,2.45,60.05,437.0,594.84,160.0,232.2,1.52,38.0,89120.0,False,2,12,38
2008-02-07 13:00:00,2.82,60.15,411.0,680.46,122.0,225.85,1.66,32.0,89100.0,False,2,13,38
2008-02-07 14:00:00,2.77,65.0,329.0,722.82,82.0,227.6,1.66,31.0,89110.0,False,2,14,38
2008-02-07 15:00:00,1.97,70.2,205.0,710.63,47.0,225.65,1.38,31.0,89120.0,False,2,15,38
2008-02-07 16:00:00,0.48,75.7,46.0,348.0,20.0,223.5,1.17,34.0,89130.0,False,2,16,38
2008-02-07 17:00:00,-1.67,78.45,0.0,-0.0,0.0,221.0,1.17,51.0,89140.0,False,2,17,38
2008-02-07 18:00:00,-2.66,78.3,0.0,-0.0,0.0,219.25,1.17,66.0,89150.0,False,2,18,38
2008-02-07 19:00:00,-1.45,78.45,0.0,-0.0,0.0,219.45,1.17,72.0,89170.0,False,2,19,38
2008-02-07 20:00:00,-2.56,78.3,0.0,-0.0,0.0,218.65,1.24,83.0,89160.0,False,2,20,38
2008-02-07 21:00:00,-3.63,81.4,0.0,-0.0,0.0,216.95,1.31,87.0,89160.0,False,2,21,38
2008-02-07 22:00:00,-4.38,81.3,0.0,-0.0,0.0,215.95,1.38,95.0,89150.0,False,2,22,38
2008-02-07 23:00:00,-5.06,78.0,0.0,-0.0,0.0,214.8,1.45,102.0,89140.0,False,2,23,38
2008-02-08 00:00:00,-5.75,77.9,0.0,-0.0,0.0,213.85,1.52,105.0,89100.0,False,2,0,39
2008-02-08 01:00:00,-6.03,77.85,0.0,-0.0,0.0,213.35,1.52,104.0,89070.0,False,2,1,39
2008-02-08 02:00:00,-6.46,77.75,0.0,-0.0,0.0,212.85,1.59,106.0,89030.0,False,2,2,39
2008-02-08 03:00:00,-6.7,74.6,0.0,-0.0,0.0,212.5,1.59,110.0,88990.0,False,2,3,39
2008-02-08 04:00:00,-6.89,77.7,0.0,-0.0,0.0,217.15,1.59,114.0,88970.0,False,2,4,39
2008-02-08 05:00:00,-7.14,74.55,0.0,-0.0,0.0,216.15,1.66,116.0,88970.0,False,2,5,39
2008-02-08 06:00:00,-7.63,74.45,0.0,-0.0,0.0,215.95,1.66,118.0,88940.0,False,2,6,39
2008-02-08 07:00:00,-8.46,80.8,11.0,0.0,11.0,225.45,1.52,118.0,89000.0,False,2,7,39
2008-02-08 08:00:00,-7.04,77.7,190.0,738.67,40.0,215.0,1.31,116.0,89000.0,False,2,8,39
2008-02-08 09:00:00,-3.29,72.05,340.0,877.65,52.0,222.15,0.9,101.0,89020.0,False,2,9,39
2008-02-08 10:00:00,0.85,48.7,453.0,949.68,56.0,217.5,0.97,69.0,88990.0,False,2,10,39
2008-02-08 11:00:00,1.5,57.45,489.0,857.26,89.0,218.1,1.03,51.0,88990.0,False,2,11,39
2008-02-08 12:00:00,2.86,55.55,454.0,641.82,152.0,222.35,1.1,37.0,88950.0,False,2,12,39
2008-02-08 13:00:00,3.24,57.8,441.0,819.42,89.0,225.45,1.17,27.0,88910.0,False,2,13,39
2008-02-08 14:00:00,2.97,60.15,343.0,779.22,73.0,228.15,1.1,15.0,88910.0,False,2,14,39
2008-02-08 15:00:00,2.11,64.9,209.0,696.08,51.0,228.75,0.97,3.0,88950.0,False,2,15,39
2008-02-08 16:00:00,3.33,53.5,47.0,290.52,24.0,227.2,0.83,3.0,88970.0,False,2,16,39
2008-02-08 17:00:00,3.01,55.55,0.0,-0.0,0.0,225.25,0.55,37.0,88980.0,False,2,17,39
2008-02-08 18:00:00,1.94,57.6,0.0,-0.0,0.0,224.1,0.62,87.0,89010.0,False,2,18,39
2008-02-08 19:00:00,0.71,62.0,0.0,-0.0,0.0,222.15,0.9,91.0,88940.0,False,2,19,39
2008-02-08 20:00:00,-1.32,69.55,0.0,-0.0,0.0,221.75,1.17,104.0,88920.0,False,2,20,39
2008-02-08 21:00:00,-2.8,72.1,0.0,-0.0,0.0,220.8,1.31,115.0,88890.0,False,2,21,39
2008-02-08 22:00:00,-3.77,69.15,0.0,-0.0,0.0,219.85,1.38,123.0,88860.0,False,2,22,39
2008-02-08 23:00:00,-4.51,69.05,0.0,-0.0,0.0,218.65,1.38,125.0,88840.0,False,2,23,39
2008-02-09 00:00:00,-5.04,68.95,0.0,-0.0,0.0,218.1,1.45,127.0,88830.0,False,2,0,40
2008-02-09 01:00:00,-5.72,68.85,0.0,-0.0,0.0,217.25,1.52,130.0,88830.0,False,2,1,40
2008-02-09 02:00:00,-6.78,74.55,0.0,-0.0,0.0,219.65,1.59,131.0,88830.0,False,2,2,40
2008-02-09 03:00:00,-7.76,74.45,0.0,-0.0,0.0,221.2,1.59,129.0,88820.0,False,2,3,40
2008-02-09 04:00:00,-8.34,84.2,0.0,-0.0,0.0,225.05,1.59,127.0,88810.0,False,2,4,40
2008-02-09 05:00:00,-8.57,84.2,0.0,-0.0,0.0,221.75,1.59,127.0,88830.0,False,2,5,40
2008-02-09 06:00:00,-9.02,84.15,0.0,-0.0,0.0,224.3,1.59,127.0,88840.0,False,2,6,40
2008-02-09 07:00:00,-8.59,84.2,12.0,0.0,12.0,242.85,1.52,129.0,88870.0,False,2,7,40
2008-02-09 08:00:00,-6.93,81.0,195.0,742.46,41.0,237.05,1.31,129.0,88900.0,False,2,8,40
2008-02-09 09:00:00,-2.61,66.6,345.0,880.63,52.0,227.95,0.9,126.0,88910.0,False,2,9,40
2008-02-09 10:00:00,2.0,49.0,455.0,929.57,62.0,224.65,0.41,103.0,88920.0,False,2,10,40
2008-02-09 11:00:00,4.26,43.9,489.0,827.22,99.0,222.75,0.41,22.0,88930.0,False,2,11,40
2008-02-09 12:00:00,4.2,47.6,459.0,643.61,153.0,226.4,0.69,357.0,88910.0,False,2,12,40
2008-02-09 13:00:00,3.55,60.3,439.0,775.66,102.0,228.55,0.76,353.0,88870.0,False,2,13,40
2008-02-09 14:00:00,3.36,60.3,356.0,828.31,65.0,229.9,0.76,355.0,88870.0,False,2,14,40
2008-02-09 15:00:00,2.6,65.0,219.0,751.11,45.0,229.7,0.83,358.0,88860.0,False,2,15,40
2008-02-09 16:00:00,2.38,62.5,53.0,346.7,24.0,227.4,0.83,16.0,88880.0,False,2,16,40
2008-02-09 17:00:00,2.64,62.5,0.0,-0.0,0.0,224.1,0.76,57.0,88880.0,False,2,17,40
2008-02-09 18:00:00,1.46,64.8,0.0,-0.0,0.0,223.15,0.9,92.0,88900.0,False,2,18,40
2008-02-09 19:00:00,-0.44,67.0,0.0,-0.0,0.0,218.7,1.1,107.0,88820.0,False,2,19,40
2008-02-09 20:00:00,-2.07,72.3,0.0,-0.0,0.0,217.9,1.24,111.0,88810.0,False,2,20,40
2008-02-09 21:00:00,-3.28,78.15,0.0,-0.0,0.0,216.75,1.31,116.0,88810.0,False,2,21,40
2008-02-09 22:00:00,-4.21,72.05,0.0,-0.0,0.0,215.75,1.45,119.0,88790.0,False,2,22,40
2008-02-09 23:00:00,-5.03,71.85,0.0,-0.0,0.0,214.4,1.45,120.0,88770.0,False,2,23,40
2008-02-10 00:00:00,-5.63,71.75,0.0,-0.0,0.0,213.65,1.45,120.0,88760.0,False,2,0,41
2008-02-10 01:00:00,-6.19,71.65,0.0,-0.0,0.0,212.8,1.52,123.0,88740.0,False,2,1,41
2008-02-10 02:00:00,-7.38,77.6,0.0,-0.0,0.0,217.3,1.59,127.0,88730.0,False,2,2,41
2008-02-10 03:00:00,-8.37,84.2,0.0,-0.0,0.0,219.45,1.59,129.0,88710.0,False,2,3,41
2008-02-10 04:00:00,-9.01,84.15,0.0,-0.0,0.0,215.2,1.52,128.0,88700.0,False,2,4,41
2008-02-10 05:00:00,-9.23,84.15,0.0,-0.0,0.0,213.65,1.52,126.0,88710.0,False,2,5,41
2008-02-10 06:00:00,-9.46,87.7,0.0,-0.0,0.0,218.1,1.52,125.0,88730.0,False,2,6,41
2008-02-10 07:00:00,-9.7,87.7,13.0,0.0,13.0,233.6,1.38,127.0,88700.0,False,2,7,41
2008-02-10 08:00:00,-7.68,80.9,201.0,750.52,42.0,232.05,1.1,126.0,88750.0,False,2,8,41
2008-02-10 09:00:00,-3.2,69.25,352.0,889.26,52.0,239.0,0.76,122.0,88780.0,False,2,9,41
2008-02-10 10:00:00,1.06,52.85,466.0,958.88,56.0,216.55,0.34,100.0,88800.0,False,2,10,41
2008-02-10 11:00:00,3.3,47.3,505.0,881.67,85.0,215.2,0.34,18.0,88800.0,False,2,11,41
2008-02-10 12:00:00,2.06,62.35,480.0,718.15,135.0,218.85,0.83,355.0,88790.0,False,2,12,41
2008-02-10 13:00:00,2.35,62.5,451.0,812.47,94.0,220.6,1.03,1.0,88760.0,False,2,13,41
2008-02-10 14:00:00,2.33,65.0,360.0,814.25,70.0,224.1,1.03,6.0,88770.0,False,2,14,41
2008-02-10 15:00:00,1.22,75.75,221.0,723.5,50.0,224.85,0.97,9.0,88760.0,False,2,15,41
2008-02-10 16:00:00,-0.19,75.6,61.0,442.46,22.0,223.15,1.1,18.0,88740.0,False,2,16,41
2008-02-10 17:00:00,-0.96,78.5,0.0,-0.0,0.0,218.85,1.03,44.0,88750.0,False,2,17,41
2008-02-10 18:00:00,-0.31,75.55,0.0,-0.0,0.0,216.55,1.03,66.0,88760.0,False,2,18,41
2008-02-10 19:00:00,-1.55,72.4,0.0,-0.0,0.0,215.2,1.1,78.0,88670.0,False,2,19,41
2008-02-10 20:00:00,-2.75,78.2,0.0,-0.0,0.0,214.4,1.17,88.0,88670.0,False,2,20,41
2008-02-10 21:00:00,-3.52,78.15,0.0,-0.0,0.0,214.8,1.17,95.0,88650.0,False,2,21,41
2008-02-10 22:00:00,-4.09,75.05,0.0,-0.0,0.0,215.95,1.17,101.0,88650.0,False,2,22,41
2008-02-10 23:00:00,-4.73,71.95,0.0,-0.0,0.0,214.8,1.24,103.0,88640.0,False,2,23,41
2008-02-11 00:00:00,-5.48,74.8,0.0,-0.0,0.0,213.45,1.24,104.0,88620.0,False,2,0,42
2008-02-11 01:00:00,-6.43,74.6,0.0,-0.0,0.0,213.95,1.31,109.0,88610.0,False,2,1,42
2008-02-11 02:00:00,-7.93,80.85,0.0,-0.0,0.0,220.6,1.38,118.0,88610.0,False,2,2,42
2008-02-11 03:00:00,-9.02,87.75,0.0,-0.0,0.0,218.5,1.38,122.0,88580.0,False,2,3,42
2008-02-11 04:00:00,-9.28,87.75,0.0,-0.0,0.0,221.95,1.31,122.0,88550.0,False,2,4,42
2008-02-11 05:00:00,-9.02,91.5,0.0,-0.0,0.0,237.25,1.31,124.0,88580.0,False,2,5,42
2008-02-11 06:00:00,-9.11,87.75,0.0,-0.0,0.0,232.2,1.38,125.0,88580.0,False,2,6,42
2008-02-11 07:00:00,-9.27,84.15,14.0,0.0,14.0,231.05,1.38,125.0,88620.0,False,2,7,42
2008-02-11 08:00:00,-7.37,84.35,206.0,757.98,42.0,238.6,0.97,121.0,88650.0,False,2,8,42
2008-02-11 09:00:00,-3.24,66.35,358.0,894.55,52.0,235.15,0.69,107.0,88690.0,False,2,9,42
2008-02-11 10:00:00,0.04,57.1,472.0,961.96,56.0,231.85,0.41,73.0,88710.0,False,2,10,42
2008-02-11 11:00:00,1.81,51.0,525.0,945.29,70.0,212.1,0.41,35.0,88720.0,False,2,11,42
2008-02-11 12:00:00,2.15,57.6,482.0,704.58,140.0,216.15,0.55,8.0,88690.0,False,2,12,42
2008-02-11 13:00:00,1.7,67.4,465.0,861.91,82.0,214.05,0.69,5.0,88670.0,False,2,13,42
2008-02-11 14:00:00,1.76,67.4,365.0,817.12,70.0,222.15,0.9,11.0,88670.0,False,2,14,42
2008-02-11 15:00:00,0.76,72.75,223.0,696.91,55.0,222.95,0.97,10.0,88690.0,False,2,15,42
2008-02-11 16:00:00,-0.49,75.55,64.0,431.7,24.0,218.3,1.03,18.0,88720.0,False,2,16,42
2008-02-11 17:00:00,-0.08,69.85,0.0,-0.0,0.0,215.0,0.9,50.0,88740.0,False,2,17,42
2008-02-11 18:00:00,-0.11,69.85,0.0,-0.0,0.0,213.05,0.97,85.0,88770.0,False,2,18,42
2008-02-11 19:00:00,-1.46,69.55,0.0,-0.0,0.0,209.0,1.03,108.0,88730.0,False,2,19,42
2008-02-11 20:00:00,-3.58,75.05,0.0,-0.0,0.0,206.85,1.24,119.0,88730.0,False,2,20,42
2008-02-11 21:00:00,-5.31,77.9,0.0,-0.0,0.0,205.5,1.45,123.0,88740.0,False,2,21,42
2008-02-11 22:00:00,-6.67,74.6,0.0,-0.0,0.0,203.95,1.59,125.0,88750.0,False,2,22,42
2008-02-11 23:00:00,-7.95,80.85,0.0,-0.0,0.0,202.6,1.66,126.0,88740.0,False,2,23,42
2008-02-12 00:00:00,-8.88,84.15,0.0,-0.0,0.0,204.55,1.66,126.0,88730.0,False,2,0,43
2008-02-12 01:00:00,-9.71,84.1,0.0,-0.0,0.0,207.75,1.59,126.0,88710.0,False,2,1,43
2008-02-12 02:00:00,-9.98,87.65,0.0,-0.0,0.0,208.6,1.52,125.0,88690.0,False,2,2,43
2008-02-12 03:00:00,-10.23,87.65,0.0,-0.0,0.0,223.3,1.45,124.0,88640.0,False,2,3,43
2008-02-12 04:00:00,-10.12,87.65,0.0,-0.0,0.0,221.4,1.45,124.0,88630.0,False,2,4,43
2008-02-12 05:00:00,-9.83,87.65,0.0,-0.0,0.0,232.8,1.45,125.0,88630.0,False,2,5,43
2008-02-12 06:00:00,-9.62,84.1,0.0,-0.0,0.0,235.15,1.45,125.0,88640.0,False,2,6,43
2008-02-12 07:00:00,-9.91,80.55,20.0,0.0,20.0,223.5,1.45,124.0,88660.0,False,2,7,43
2008-02-12 08:00:00,-8.55,77.45,0.0,0.0,0.0,224.3,1.1,124.0,88680.0,False,2,8,43
2008-02-12 09:00:00,-3.51,58.6,0.0,0.0,0.0,223.15,0.69,110.0,88700.0,False,2,9,43
2008-02-12 10:00:00,0.31,42.9,0.0,0.0,0.0,214.2,0.48,64.0,88710.0,False,2,10,43
2008-02-12 11:00:00,2.07,43.3,0.0,0.0,0.0,210.55,0.62,29.0,88710.0,False,2,11,43
2008-02-12 12:00:00,1.51,57.45,485.0,693.26,145.0,213.25,0.83,14.0,88700.0,False,2,12,43
2008-02-12 13:00:00,1.89,57.6,463.0,816.72,96.0,215.2,0.97,7.0,88650.0,False,2,13,43
2008-02-12 14:00:00,1.82,59.95,379.0,866.32,62.0,215.6,1.03,6.0,88640.0,False,2,14,43
2008-02-12 15:00:00,0.73,69.95,234.0,752.66,49.0,215.6,0.97,3.0,88650.0,False,2,15,43
2008-02-12 16:00:00,-0.22,69.75,69.0,452.74,25.0,213.85,0.97,10.0,88670.0,False,2,16,43
2008-02-12 17:00:00,1.03,62.15,0.0,-0.0,0.0,210.75,0.83,43.0,88680.0,False,2,17,43
2008-02-12 18:00:00,-0.15,64.45,0.0,-0.0,0.0,208.6,0.9,85.0,88690.0,False,2,18,43
2008-02-12 19:00:00,-1.92,69.45,0.0,-0.0,0.0,205.15,1.1,104.0,88650.0,False,2,19,43
2008-02-12 20:00:00,-4.13,72.05,0.0,-0.0,0.0,202.8,1.24,117.0,88650.0,False,2,20,43
2008-02-12 21:00:00,-5.77,74.7,0.0,-0.0,0.0,200.7,1.38,126.0,88650.0,False,2,21,43
2008-02-12 22:00:00,-7.11,71.5,0.0,-0.0,0.0,199.5,1.52,130.0,88670.0,False,2,22,43
2008-02-12 23:00:00,-8.44,74.25,0.0,-0.0,0.0,197.95,1.59,133.0,88690.0,False,2,23,43
2008-02-13 00:00:00,-9.63,77.3,0.0,-0.0,0.0,197.6,1.66,132.0,88720.0,False,2,0,44
2008-02-13 01:00:00,-10.71,84.0,0.0,-0.0,0.0,201.0,1.66,130.0,88690.0,False,2,1,44
2008-02-13 02:00:00,-11.14,83.95,0.0,-0.0,0.0,200.3,1.59,129.0,88700.0,False,2,2,44
2008-02-13 03:00:00,-11.42,83.9,0.0,-0.0,0.0,201.05,1.59,128.0,88690.0,False,2,3,44
2008-02-13 04:00:00,-11.61,83.9,0.0,-0.0,0.0,219.25,1.52,128.0,88680.0,False,2,4,44
2008-02-13 05:00:00,-11.38,83.9,0.0,-0.0,0.0,225.05,1.52,127.0,88710.0,False,2,5,44
2008-02-13 06:00:00,-11.82,80.35,0.0,-0.0,0.0,213.05,1.59,128.0,88750.0,False,2,6,44
2008-02-13 07:00:00,-11.5,80.35,16.0,0.0,16.0,224.3,1.52,129.0,88800.0,False,2,7,44
2008-02-13 08:00:00,-9.44,77.3,219.0,788.94,41.0,231.45,1.17,130.0,88850.0,False,2,8,44
2008-02-13 09:00:00,-4.96,60.85,374.0,918.39,51.0,226.2,0.9,131.0,88890.0,False,2,9,44
2008-02-13 10:00:00,0.0,39.3,490.0,983.37,55.0,221.2,0.48,136.0,88920.0,False,2,10,44
2008-02-13 11:00:00,2.3,33.9,541.0,952.37,73.0,207.85,0.07,148.0,88940.0,False,2,11,44
2008-02-13 12:00:00,3.69,32.75,499.0,720.48,142.0,207.25,0.34,317.0,88960.0,False,2,12,44
2008-02-13 13:00:00,3.14,45.4,477.0,849.51,91.0,210.35,0.62,330.0,88930.0,False,2,13,44
2008-02-13 14:00:00,3.08,47.3,0.0,0.0,0.0,212.7,0.62,341.0,88930.0,False,2,14,44
2008-02-13 15:00:00,3.75,45.55,239.0,742.38,53.0,214.05,0.62,354.0,88950.0,False,2,15,44
2008-02-13 16:00:00,3.04,49.25,72.0,422.7,29.0,212.7,0.48,29.0,88940.0,False,2,16,44
2008-02-13 17:00:00,1.74,55.2,0.0,-0.0,0.0,209.6,0.76,95.0,88970.0,False,2,17,44
2008-02-13 18:00:00,-1.01,64.25,0.0,-0.0,0.0,208.2,1.17,118.0,89000.0,False,2,18,44
2008-02-13 19:00:00,-5.04,66.15,0.0,-0.0,0.0,202.2,1.52,123.0,88940.0,False,2,19,44
2008-02-13 20:00:00,-7.12,71.5,0.0,-0.0,0.0,200.5,1.72,128.0,88930.0,False,2,20,44
2008-02-13 21:00:00,-8.77,74.25,0.0,-0.0,0.0,198.95,1.72,129.0,88930.0,False,2,21,44
2008-02-13 22:00:00,-9.8,80.55,0.0,-0.0,0.0,197.75,1.72,130.0,88910.0,False,2,22,44
2008-02-13 23:00:00,-10.58,80.5,0.0,-0.0,0.0,201.25,1.66,129.0,88910.0,False,2,23,44
2008-02-14 00:00:00,-10.62,80.5,0.0,-0.0,0.0,203.75,1.66,129.0,88910.0,False,2,0,45
2008-02-14 01:00:00,-10.82,83.95,0.0,-0.0,0.0,201.35,1.66,129.0,88910.0,False,2,1,45
2008-02-14 02:00:00,-11.16,80.45,0.0,-0.0,0.0,205.15,1.59,128.0,88900.0,False,2,2,45
2008-02-14 03:00:00,-11.36,83.9,0.0,-0.0,0.0,215.75,1.52,128.0,88890.0,False,2,3,45
2008-02-14 04:00:00,-11.54,80.35,0.0,-0.0,0.0,210.35,1.59,127.0,88860.0,False,2,4,45
2008-02-14 05:00:00,-11.31,77.05,0.0,-0.0,0.0,224.65,1.52,127.0,88860.0,False,2,5,45
2008-02-14 06:00:00,-11.23,77.05,0.0,-0.0,0.0,225.25,1.59,126.0,88870.0,False,2,6,45
2008-02-14 07:00:00,-10.97,70.7,18.0,0.0,18.0,215.95,1.59,128.0,88840.0,False,2,7,45
2008-02-14 08:00:00,-9.17,68.15,225.0,794.42,42.0,223.15,1.17,127.0,88880.0,False,2,8,45
2008-02-14 09:00:00,-3.57,49.55,381.0,922.57,52.0,203.0,0.69,121.0,88870.0,False,2,9,45
2008-02-14 10:00:00,0.18,37.7,497.0,987.95,55.0,197.0,0.34,86.0,88870.0,False,2,10,45
2008-02-14 11:00:00,2.35,38.4,533.0,890.22,91.0,201.25,0.41,26.0,88860.0,False,2,11,45
2008-02-14 12:00:00,2.4,45.3,500.0,695.15,152.0,204.35,0.69,5.0,88830.0,False,2,12,45
2008-02-14 13:00:00,1.66,59.8,489.0,883.71,83.0,207.45,0.83,352.0,88790.0,False,2,13,45
2008-02-14 14:00:00,2.17,57.6,400.0,915.49,56.0,209.4,0.83,348.0,88770.0,False,2,14,45
2008-02-14 15:00:00,1.97,55.3,248.0,771.62,51.0,211.15,0.76,354.0,88760.0,False,2,15,45
2008-02-14 16:00:00,1.93,55.3,78.0,470.45,28.0,210.15,0.69,16.0,88750.0,False,2,16,45
2008-02-14 17:00:00,1.26,57.35,0.0,-0.0,0.0,207.65,0.62,74.0,88750.0,False,2,17,45
2008-02-14 18:00:00,-0.23,64.35,0.0,-0.0,0.0,206.3,1.03,111.0,88750.0,False,2,18,45
2008-02-14 19:00:00,-3.03,69.25,0.0,-0.0,0.0,205.15,1.24,111.0,88690.0,False,2,19,45
2008-02-14 20:00:00,-5.31,71.75,0.0,-0.0,0.0,203.95,1.45,118.0,88660.0,False,2,20,45
2008-02-14 21:00:00,-6.91,71.5,0.0,-0.0,0.0,202.4,1.59,124.0,88640.0,False,2,21,45
2008-02-14 22:00:00,-8.22,71.3,0.0,-0.0,0.0,201.25,1.59,126.0,88610.0,False,2,22,45
2008-02-14 23:00:00,-9.2,74.15,0.0,-0.0,0.0,200.85,1.66,126.0,88590.0,False,2,23,45
2008-02-15 00:00:00,-9.92,77.2,0.0,-0.0,0.0,200.85,1.66,127.0,88580.0,False,2,0,46
2008-02-15 01:00:00,-10.52,80.5,0.0,-0.0,0.0,208.9,1.59,128.0,88560.0,False,2,1,46
2008-02-15 02:00:00,-11.11,83.95,0.0,-0.0,0.0,209.75,1.52,128.0,88540.0,False,2,2,46
2008-02-15 03:00:00,-11.26,83.95,0.0,-0.0,0.0,223.7,1.38,126.0,88500.0,False,2,3,46
2008-02-15 04:00:00,-11.25,83.95,0.0,-0.0,0.0,226.05,1.38,123.0,88490.0,False,2,4,46
2008-02-15 05:00:00,-10.85,83.95,0.0,-0.0,0.0,227.6,1.38,121.0,88470.0,False,2,5,46
2008-02-15 06:00:00,-10.36,84.0,0.0,-0.0,0.0,239.95,1.38,119.0,88470.0,False,2,6,46
2008-02-15 07:00:00,-9.69,74.1,19.0,0.0,19.0,234.75,1.45,113.0,88500.0,False,2,7,46
2008-02-15 08:00:00,-8.59,74.25,226.0,773.92,44.0,214.4,1.03,106.0,88520.0,False,2,8,46
2008-02-15 09:00:00,-3.46,61.1,380.0,901.58,54.0,213.25,0.83,74.0,88520.0,False,2,9,46
2008-02-15 10:00:00,-0.06,50.5,495.0,968.0,57.0,218.85,1.1,48.0,88540.0,False,2,10,46
2008-02-15 11:00:00,1.04,57.35,545.0,936.91,75.0,217.3,1.45,37.0,88540.0,False,2,11,46
2008-02-15 12:00:00,1.99,55.3,517.0,777.07,124.0,215.6,1.59,35.0,88520.0,False,2,12,46
2008-02-15 13:00:00,2.34,55.45,495.0,902.05,76.0,216.55,1.79,32.0,88470.0,False,2,13,46
2008-02-15 14:00:00,2.19,59.95,345.0,562.12,131.0,217.3,2.0,30.0,88460.0,False,2,14,46
2008-02-15 15:00:00,1.31,67.4,198.0,349.89,107.0,217.3,2.0,28.0,88460.0,False,2,15,46
2008-02-15 16:00:00,-0.12,75.6,69.0,279.67,38.0,216.35,1.79,28.0,88470.0,False,2,16,46
2008-02-15 17:00:00,-1.97,84.85,0.0,-0.0,0.0,215.95,1.59,38.0,88480.0,False,2,17,46
2008-02-15 18:00:00,-3.78,88.2,0.0,-0.0,0.0,211.7,1.52,48.0,88500.0,False,2,18,46
2008-02-15 19:00:00,-5.17,88.1,0.0,-0.0,0.0,210.95,1.59,47.0,88510.0,False,2,19,46
2008-02-15 20:00:00,-5.7,91.7,0.0,-0.0,0.0,223.15,1.59,52.0,88530.0,False,2,20,46
2008-02-15 21:00:00,-6.4,91.65,0.0,-0.0,0.0,213.45,1.52,57.0,88530.0,False,2,21,46
2008-02-15 22:00:00,-6.89,91.6,0.0,-0.0,0.0,215.2,1.52,60.0,88550.0,False,2,22,46
2008-02-15 23:00:00,-7.39,91.6,0.0,-0.0,0.0,213.85,1.59,59.0,88540.0,False,2,23,46
2008-02-16 00:00:00,-7.49,87.9,0.0,-0.0,0.0,225.85,1.45,61.0,88550.0,False,2,0,47
2008-02-16 01:00:00,-7.9,87.85,0.0,-0.0,0.0,214.55,1.45,66.0,88540.0,False,2,1,47
2008-02-16 02:00:00,-8.28,84.3,0.0,-0.0,0.0,220.6,1.38,72.0,88570.0,False,2,2,47
2008-02-16 03:00:00,-8.74,84.2,0.0,-0.0,0.0,223.7,1.38,73.0,88590.0,False,2,3,47
2008-02-16 04:00:00,-9.08,84.15,0.0,-0.0,0.0,224.65,1.38,77.0,88600.0,False,2,4,47
2008-02-16 05:00:00,-9.65,80.65,0.0,-0.0,0.0,214.05,1.31,82.0,88640.0,False,2,5,47
2008-02-16 06:00:00,-10.29,80.55,0.0,-0.0,0.0,208.05,1.38,84.0,88680.0,False,2,6,47
2008-02-16 07:00:00,-9.76,77.3,19.0,0.0,19.0,212.5,1.45,71.0,88770.0,False,2,7,47
2008-02-16 08:00:00,-9.03,77.35,202.0,479.08,87.0,205.15,1.45,70.0,88830.0,False,2,8,47
2008-02-16 09:00:00,-5.45,68.85,370.0,774.65,86.0,198.35,1.24,60.0,88890.0,False,2,9,47
2008-02-16 10:00:00,-2.33,61.35,512.0,1000.84,54.0,195.85,1.31,50.0,88910.0,False,2,10,47
2008-02-16 11:00:00,-0.11,52.6,563.0,966.79,73.0,190.4,1.45,41.0,88940.0,False,2,11,47
2008-02-16 12:00:00,1.11,50.75,505.0,659.6,168.0,197.0,1.59,31.0,88960.0,False,2,12,47
2008-02-16 13:00:00,1.67,50.9,501.0,879.5,88.0,197.75,1.66,25.0,88940.0,False,2,13,47
2008-02-16 14:00:00,1.49,53.0,406.0,879.01,67.0,197.75,1.72,25.0,88970.0,False,2,14,47
2008-02-16 15:00:00,0.69,59.6,264.0,819.29,47.0,199.9,1.59,25.0,88990.0,False,2,15,47
2008-02-16 16:00:00,-1.04,66.9,86.0,459.2,33.0,200.85,1.38,22.0,89010.0,False,2,16,47
2008-02-16 17:00:00,-3.41,78.15,0.0,-0.0,0.0,199.15,1.17,35.0,89040.0,False,2,17,47
2008-02-16 18:00:00,-4.02,72.05,0.0,-0.0,0.0,196.6,1.03,50.0,89070.0,False,2,18,47
2008-02-16 19:00:00,-4.59,69.05,0.0,-0.0,0.0,193.7,1.17,61.0,89060.0,False,2,19,47
2008-02-16 20:00:00,-5.7,68.85,0.0,-0.0,0.0,191.75,1.17,70.0,89070.0,False,2,20,47
2008-02-16 21:00:00,-6.67,68.65,0.0,-0.0,0.0,190.2,1.17,77.0,89070.0,False,2,21,47
2008-02-16 22:00:00,-7.42,71.4,0.0,-0.0,0.0,190.2,1.17,81.0,89080.0,False,2,22,47
2008-02-16 23:00:00,-7.8,68.35,0.0,-0.0,0.0,189.45,1.1,89.0,89090.0,False,2,23,47
2008-02-17 00:00:00,-8.38,68.25,0.0,-0.0,0.0,189.45,1.1,96.0,89110.0,False,2,0,48
2008-02-17 01:00:00,-10.35,73.9,0.0,-0.0,0.0,199.45,1.17,107.0,89120.0,False,2,1,48
2008-02-17 02:00:00,-11.11,77.05,0.0,-0.0,0.0,201.65,1.24,115.0,89120.0,False,2,2,48
2008-02-17 03:00:00,-11.0,77.05,0.0,-0.0,0.0,211.7,1.24,119.0,89100.0,False,2,3,48
2008-02-17 04:00:00,-11.13,77.05,0.0,-0.0,0.0,198.55,1.31,121.0,89130.0,False,2,4,48
2008-02-17 05:00:00,-11.36,77.0,0.0,-0.0,0.0,201.85,1.38,125.0,89170.0,False,2,5,48
2008-02-17 06:00:00,-11.94,76.9,0.0,-0.0,0.0,197.6,1.52,129.0,89210.0,False,2,6,48
2008-02-17 07:00:00,-11.86,76.9,20.0,0.0,20.0,192.15,1.59,126.0,89250.0,False,2,7,48
2008-02-17 08:00:00,-9.93,74.0,242.0,812.28,43.0,192.55,1.17,123.0,89290.0,False,2,8,48
2008-02-17 09:00:00,-3.67,51.65,399.0,933.53,52.0,205.7,0.69,123.0,89350.0,False,2,9,48
2008-02-17 10:00:00,0.4,41.15,516.0,996.12,55.0,200.85,0.28,151.0,89340.0,False,2,10,48
2008-02-17 11:00:00,2.88,32.6,564.0,949.13,78.0,200.7,0.14,259.0,89360.0,False,2,11,48
2008-02-17 12:00:00,3.05,47.3,511.0,670.4,165.0,204.75,0.62,300.0,89340.0,False,2,12,48
2008-02-17 13:00:00,1.67,55.2,499.0,842.65,99.0,207.45,0.9,303.0,89330.0,False,2,13,48
2008-02-17 14:00:00,2.06,57.6,404.0,839.66,76.0,209.4,0.9,299.0,89320.0,False,2,14,48
2008-02-17 15:00:00,2.22,55.3,270.0,826.98,47.0,212.5,0.76,302.0,89340.0,False,2,15,48
2008-02-17 16:00:00,3.27,49.25,93.0,533.34,29.0,211.9,0.41,316.0,89350.0,False,2,16,48
2008-02-17 17:00:00,2.44,51.15,0.0,-0.0,0.0,209.95,0.28,132.0,89370.0,False,2,17,48
2008-02-17 18:00:00,1.25,57.35,0.0,-0.0,0.0,209.2,0.9,142.0,89360.0,False,2,18,48
2008-02-17 19:00:00,-2.53,63.9,0.0,-0.0,0.0,203.6,1.24,129.0,89270.0,False,2,19,48
2008-02-17 20:00:00,-5.37,68.85,0.0,-0.0,0.0,202.2,1.45,131.0,89230.0,False,2,20,48
2008-02-17 21:00:00,-7.25,68.55,0.0,-0.0,0.0,200.3,1.59,131.0,89210.0,False,2,21,48
2008-02-17 22:00:00,-8.66,71.2,0.0,-0.0,0.0,198.75,1.66,129.0,89160.0,False,2,22,48
2008-02-17 23:00:00,-9.63,74.1,0.0,-0.0,0.0,197.2,1.66,129.0,89130.0,False,2,23,48
2008-02-18 00:00:00,-10.23,74.0,0.0,-0.0,0.0,195.45,1.66,130.0,89100.0,False,2,0,49
2008-02-18 01:00:00,-10.81,73.9,0.0,-0.0,0.0,198.25,1.66,131.0,89060.0,False,2,1,49
2008-02-18 02:00:00,-11.34,80.35,0.0,-0.0,0.0,201.05,1.59,132.0,89040.0,False,2,2,49
2008-02-18 03:00:00,-11.87,83.8,0.0,-0.0,0.0,219.45,1.38,132.0,89000.0,False,2,3,49
2008-02-18 04:00:00,-11.97,80.3,0.0,-0.0,0.0,220.6,1.38,132.0,88960.0,False,2,4,49
2008-02-18 05:00:00,-11.52,77.0,0.0,-0.0,0.0,220.05,1.45,131.0,88960.0,False,2,5,49
2008-02-18 06:00:00,-11.13,73.8,0.0,-0.0,0.0,228.35,1.52,131.0,88960.0,False,2,6,49
2008-02-18 07:00:00,-11.63,70.6,21.0,0.0,21.0,204.75,1.59,131.0,88890.0,False,2,7,49
2008-02-18 08:00:00,-8.98,68.15,249.0,820.01,44.0,222.35,1.03,133.0,88900.0,False,2,8,49
2008-02-18 09:00:00,-2.72,47.75,407.0,939.36,53.0,218.5,0.48,124.0,88900.0,False,2,9,49
2008-02-18 10:00:00,0.5,39.45,524.0,1002.08,55.0,216.95,0.28,64.0,88880.0,False,2,10,49
2008-02-18 11:00:00,1.76,43.2,553.0,867.97,104.0,202.4,0.55,18.0,88860.0,False,2,11,49
2008-02-18 12:00:00,2.45,51.15,527.0,717.4,153.0,203.2,0.76,10.0,88820.0,False,2,12,49
2008-02-18 13:00:00,2.0,53.15,506.0,848.23,99.0,205.3,0.9,5.0,88740.0,False,2,13,49
2008-02-18 14:00:00,2.02,57.6,411.0,846.78,76.0,207.25,1.03,1.0,88710.0,False,2,14,49
2008-02-18 15:00:00,1.31,59.8,276.0,834.39,47.0,208.6,1.03,2.0,88670.0,False,2,15,49
2008-02-18 16:00:00,0.33,62.0,99.0,553.85,30.0,207.65,0.9,3.0,88650.0,False,2,16,49
2008-02-18 17:00:00,1.32,55.2,0.0,-0.0,0.0,204.95,0.62,40.0,88650.0,False,2,17,49
2008-02-18 18:00:00,-0.03,59.45,0.0,-0.0,0.0,203.2,0.76,92.0,88640.0,False,2,18,49
2008-02-18 19:00:00,-2.75,66.45,0.0,-0.0,0.0,201.45,1.17,121.0,88520.0,False,2,19,49
2008-02-18 20:00:00,-5.2,66.15,0.0,-0.0,0.0,199.5,1.38,125.0,88490.0,False,2,20,49
2008-02-18 21:00:00,-6.71,68.65,0.0,-0.0,0.0,197.95,1.52,124.0,88480.0,False,2,21,49
2008-02-18 22:00:00,-7.8,68.35,0.0,-0.0,0.0,196.2,1.59,127.0,88460.0,False,2,22,49
2008-02-18 23:00:00,-8.65,65.4,0.0,-0.0,0.0,194.7,1.59,132.0,88430.0,False,2,23,49
2008-02-19 00:00:00,-9.54,68.0,0.0,-0.0,0.0,193.3,1.59,133.0,88400.0,False,2,0,50
2008-02-19 01:00:00,-10.34,67.8,0.0,-0.0,0.0,192.45,1.59,132.0,88350.0,False,2,1,50
2008-02-19 02:00:00,-10.89,67.7,0.0,-0.0,0.0,193.7,1.59,130.0,88330.0,False,2,2,50
2008-02-19 03:00:00,-11.35,70.6,0.0,-0.0,0.0,195.25,1.66,128.0,88280.0,False,2,3,50
2008-02-19 04:00:00,-11.85,73.65,0.0,-0.0,0.0,207.65,1.66,127.0,88260.0,False,2,4,50
2008-02-19 05:00:00,-12.51,80.25,0.0,-0.0,0.0,214.05,1.52,128.0,88250.0,False,2,5,50
2008-02-19 06:00:00,-12.04,76.9,0.0,-0.0,0.0,225.85,1.52,128.0,88250.0,False,2,6,50
2008-02-19 07:00:00,-10.82,70.7,22.0,0.0,22.0,219.85,1.66,129.0,88250.0,False,2,7,50
2008-02-19 08:00:00,-8.79,68.25,255.0,827.23,44.0,220.2,1.17,131.0,88270.0,False,2,8,50
2008-02-19 09:00:00,-2.26,47.75,413.0,942.29,53.0,215.2,0.69,130.0,88280.0,False,2,9,50
2008-02-19 10:00:00,1.71,39.75,531.0,1003.61,56.0,211.9,0.34,114.0,88270.0,False,2,10,50
2008-02-19 11:00:00,4.44,26.8,575.0,943.39,82.0,202.4,0.21,38.0,88270.0,False,2,11,50
2008-02-19 12:00:00,5.74,27.05,530.0,704.57,159.0,206.1,0.41,0.0,88240.0,False,2,12,50
2008-02-19 13:00:00,5.99,29.6,521.0,899.04,85.0,209.2,0.62,344.0,88190.0,False,2,13,50
2008-02-19 14:00:00,4.84,40.75,428.0,908.62,64.0,211.15,0.69,339.0,88170.0,False,2,14,50
2008-02-19 15:00:00,5.11,42.45,282.0,841.53,47.0,212.7,0.62,330.0,88170.0,False,2,15,50
2008-02-19 16:00:00,4.39,44.05,104.0,557.4,32.0,212.1,0.41,328.0,88150.0,False,2,16,50
2008-02-19 17:00:00,3.23,49.25,0.0,-0.0,0.0,209.6,0.14,142.0,88170.0,False,2,17,50
2008-02-19 18:00:00,1.78,55.2,0.0,-0.0,0.0,208.2,0.9,141.0,88180.0,False,2,18,50
2008-02-19 19:00:00,0.36,54.95,0.0,-0.0,0.0,208.4,1.17,142.0,88100.0,False,2,19,50
2008-02-19 20:00:00,-3.99,63.7,0.0,-0.0,0.0,208.4,1.52,138.0,88100.0,False,2,20,50
2008-02-19 21:00:00,-6.42,71.55,0.0,-0.0,0.0,207.05,1.66,134.0,88090.0,False,2,21,50
2008-02-19 22:00:00,-7.83,71.3,0.0,-0.0,0.0,205.5,1.72,133.0,88070.0,False,2,22,50
2008-02-19 23:00:00,-8.69,71.2,0.0,-0.0,0.0,204.75,1.72,133.0,88050.0,False,2,23,50
2008-02-20 00:00:00,-9.22,71.1,0.0,-0.0,0.0,203.95,1.72,134.0,88030.0,False,2,0,51
2008-02-20 01:00:00,-9.68,71.0,0.0,-0.0,0.0,204.25,1.72,136.0,88020.0,False,2,1,51
2008-02-20 02:00:00,-9.92,70.9,0.0,-0.0,0.0,204.55,1.79,136.0,88040.0,False,2,2,51
2008-02-20 03:00:00,-10.1,70.9,0.0,-0.0,0.0,206.1,1.79,136.0,88000.0,False,2,3,51
2008-02-20 04:00:00,-10.25,70.9,0.0,-0.0,0.0,208.8,1.72,136.0,87980.0,False,2,4,51
2008-02-20 05:00:00,-10.49,73.9,0.0,-0.0,0.0,210.35,1.66,135.0,87990.0,False,2,5,51
2008-02-20 06:00:00,-10.47,77.15,0.0,-0.0,0.0,215.4,1.59,135.0,87990.0,False,2,6,51
2008-02-20 07:00:00,-9.71,68.0,40.0,0.0,40.0,213.25,1.72,136.0,88010.0,False,2,7,51
2008-02-20 08:00:00,-7.62,71.4,202.0,384.32,102.0,220.2,1.17,139.0,88050.0,False,2,8,51
2008-02-20 09:00:00,-0.85,50.2,359.0,624.85,117.0,237.05,0.76,148.0,88090.0,False,2,9,51
2008-02-20 10:00:00,2.29,41.55,490.0,823.23,96.0,240.15,0.55,180.0,88120.0,False,2,10,51
2008-02-20 11:00:00,2.52,55.45,523.0,714.15,146.0,244.6,0.76,227.0,88140.0,False,2,11,51
2008-02-20 12:00:00,3.67,45.55,342.0,131.62,272.0,245.2,1.03,249.0,88150.0,False,2,12,51
2008-02-20 13:00:00,4.89,47.85,332.0,173.43,247.0,246.95,1.31,254.0,88120.0,False,2,13,51
2008-02-20 14:00:00,3.02,57.8,156.0,7.4,153.0,251.95,1.1,259.0,88100.0,False,2,14,51
2008-02-20 15:00:00,2.79,65.0,205.0,285.15,124.0,263.6,0.83,252.0,88120.0,False,2,15,51
2008-02-20 16:00:00,3.21,55.55,46.0,14.95,44.0,252.55,0.76,224.0,88110.0,False,2,16,51
2008-02-20 17:00:00,2.15,59.95,0.0,-0.0,0.0,250.05,0.9,192.0,88140.0,False,2,17,51
2008-02-20 18:00:00,0.12,64.45,0.0,-0.0,0.0,258.75,1.1,169.0,88160.0,False,2,18,51
2008-02-20 19:00:00,-1.47,78.45,0.0,-0.0,0.0,280.6,1.17,156.0,88180.0,False,2,19,51
2008-02-20 20:00:00,-2.36,84.85,0.0,-0.0,0.0,283.3,1.31,150.0,88220.0,False,2,20,51
2008-02-20 21:00:00,-2.34,88.25,0.0,-0.0,0.0,294.75,1.31,146.0,88280.0,False,2,21,51
2008-02-20 22:00:00,-1.94,88.3,0.0,-0.0,0.0,302.65,1.31,150.0,88300.0,False,2,22,51
2008-02-20 23:00:00,-1.56,84.95,0.0,-0.0,0.0,306.95,1.31,153.0,88310.0,False,2,23,51
2008-02-21 00:00:00,-1.29,84.95,0.0,-0.0,0.0,307.1,1.31,154.0,88300.0,False,2,0,52
2008-02-21 01:00:00,-1.5,84.95,0.0,-0.0,0.0,302.95,1.38,153.0,88290.0,False,2,1,52
2008-02-21 02:00:00,-1.71,81.65,0.0,-0.0,0.0,299.55,1.38,155.0,88300.0,False,2,2,52
2008-02-21 03:00:00,-1.69,81.65,0.0,-0.0,0.0,303.25,1.38,155.0,88290.0,False,2,3,52
2008-02-21 04:00:00,-1.44,84.95,0.0,-0.0,0.0,310.4,1.38,155.0,88290.0,False,2,4,52
2008-02-21 05:00:00,-1.23,84.95,0.0,-0.0,0.0,313.5,1.38,156.0,88320.0,False,2,5,52
2008-02-21 06:00:00,-1.33,88.35,0.0,-0.0,0.0,304.2,1.38,155.0,88380.0,False,2,6,52
2008-02-21 07:00:00,-0.94,85.0,37.0,0.0,37.0,309.65,1.24,157.0,88410.0,False,2,7,52
2008-02-21 08:00:00,-0.36,85.05,122.0,41.45,111.0,309.25,1.17,160.0,88470.0,False,2,8,52
2008-02-21 09:00:00,0.39,85.15,163.0,15.28,157.0,316.6,1.03,164.0,88500.0,False,2,9,52
2008-02-21 10:00:00,1.14,85.2,118.0,0.0,118.0,317.4,0.97,168.0,88550.0,False,2,10,52
2008-02-21 11:00:00,1.41,82.0,150.0,0.0,150.0,319.1,0.83,178.0,88590.0,False,2,11,52
2008-02-21 12:00:00,2.56,82.15,215.0,7.45,211.0,319.1,0.83,190.0,88580.0,False,2,12,52
2008-02-21 13:00:00,2.73,82.15,132.0,0.0,132.0,320.1,0.69,204.0,88550.0,False,2,13,52
2008-02-21 14:00:00,3.11,82.2,132.0,0.0,132.0,314.85,0.69,231.0,88530.0,False,2,14,52
2008-02-21 15:00:00,2.56,85.35,62.0,0.0,62.0,311.4,0.76,260.0,88560.0,False,2,15,52
2008-02-21 16:00:00,3.08,82.2,51.0,21.68,48.0,300.55,0.62,252.0,88600.0,False,2,16,52
2008-02-21 17:00:00,2.97,82.2,0.0,-0.0,0.0,317.2,0.55,208.0,88640.0,False,2,17,52
2008-02-21 18:00:00,2.97,79.1,0.0,-0.0,0.0,312.75,0.41,183.0,88690.0,False,2,18,52
2008-02-21 19:00:00,3.38,85.45,0.0,-0.0,0.0,305.2,0.14,225.0,88710.0,False,2,19,52
2008-02-21 20:00:00,2.92,88.7,0.0,-0.0,0.0,295.3,0.55,179.0,88730.0,False,2,20,52
2008-02-21 21:00:00,2.19,92.1,0.0,-0.0,0.0,300.75,0.62,176.0,88740.0,False,2,21,52
2008-02-21 22:00:00,1.94,88.65,0.0,-0.0,0.0,298.05,0.48,174.0,88770.0,False,2,22,52
2008-02-21 23:00:00,1.08,92.05,0.0,-0.0,0.0,292.8,0.62,164.0,88760.0,False,2,23,52
2008-02-22 00:00:00,0.08,92.0,0.0,-0.0,0.0,297.25,0.83,157.0,88760.0,False,2,0,53
2008-02-22 01:00:00,-0.42,95.6,0.0,-0.0,0.0,293.3,0.97,150.0,88740.0,False,2,1,53
2008-02-22 02:00:00,-0.96,95.6,0.0,-0.0,0.0,288.95,1.1,146.0,88710.0,False,2,2,53
2008-02-22 03:00:00,-1.93,95.55,0.0,-0.0,0.0,274.4,1.24,144.0,88690.0,False,2,3,53
2008-02-22 04:00:00,-2.54,95.55,0.0,-0.0,0.0,266.1,1.31,141.0,88660.0,False,2,4,53
2008-02-22 05:00:00,-2.75,95.55,0.0,-0.0,0.0,268.4,1.24,139.0,88700.0,False,2,5,53
2008-02-22 06:00:00,-3.04,95.55,0.0,-0.0,0.0,273.45,1.24,138.0,88710.0,False,2,6,53
2008-02-22 07:00:00,-3.16,95.55,28.0,0.0,28.0,266.3,1.1,141.0,88730.0,False,2,7,53
2008-02-22 08:00:00,-1.5,91.9,258.0,764.89,51.0,265.1,0.97,145.0,88760.0,False,2,8,53
2008-02-22 09:00:00,2.09,78.95,405.0,851.92,66.0,269.95,0.48,160.0,88800.0,False,2,9,53
2008-02-22 10:00:00,4.4,79.3,514.0,899.2,74.0,258.95,0.41,288.0,88850.0,False,2,10,53
2008-02-22 11:00:00,4.05,82.3,551.0,818.79,110.0,263.2,0.69,311.0,88890.0,False,2,11,53
2008-02-22 12:00:00,4.36,76.3,545.0,774.35,125.0,254.85,0.83,298.0,88850.0,False,2,12,53
2008-02-22 13:00:00,4.71,76.3,439.0,489.57,194.0,259.7,0.9,286.0,88780.0,False,2,13,53
2008-02-22 14:00:00,4.71,76.3,376.0,584.69,133.0,255.05,0.9,278.0,88730.0,False,2,14,53
2008-02-22 15:00:00,4.48,76.3,283.0,786.6,52.0,263.75,0.9,274.0,88700.0,False,2,15,53
2008-02-22 16:00:00,4.45,76.3,114.0,566.67,33.0,257.6,0.83,282.0,88700.0,False,2,16,53
2008-02-22 17:00:00,4.61,76.3,0.0,-0.0,0.0,249.25,0.69,288.0,88730.0,False,2,17,53
2008-02-22 18:00:00,4.3,79.2,0.0,-0.0,0.0,247.9,0.41,284.0,88810.0,False,2,18,53
2008-02-22 19:00:00,4.52,76.3,0.0,-0.0,0.0,245.4,0.48,165.0,88840.0,False,2,19,53
2008-02-22 20:00:00,3.48,76.15,0.0,-0.0,0.0,246.55,0.76,161.0,88860.0,False,2,20,53
2008-02-22 21:00:00,1.79,82.0,0.0,-0.0,0.0,251.4,0.97,158.0,88890.0,False,2,21,53
2008-02-22 22:00:00,-0.05,85.1,0.0,-0.0,0.0,254.65,1.1,154.0,88910.0,False,2,22,53
2008-02-22 23:00:00,-0.85,88.4,0.0,-0.0,0.0,252.35,1.1,147.0,88910.0,False,2,23,53
2008-02-23 00:00:00,-1.9,88.3,0.0,-0.0,0.0,249.65,1.24,141.0,88920.0,False,2,0,54
2008-02-23 01:00:00,-2.62,88.25,0.0,-0.0,0.0,256.15,1.38,139.0,88890.0,False,2,1,54
2008-02-23 02:00:00,-2.92,91.8,0.0,-0.0,0.0,257.75,1.38,134.0,88850.0,False,2,2,54
2008-02-23 03:00:00,-3.38,91.8,0.0,-0.0,0.0,252.95,1.45,132.0,88800.0,False,2,3,54
2008-02-23 04:00:00,-3.62,91.8,0.0,-0.0,0.0,257.95,1.38,128.0,88750.0,False,2,4,54
2008-02-23 05:00:00,-4.06,88.2,0.0,-0.0,0.0,258.35,1.38,123.0,88780.0,False,2,5,54
2008-02-23 06:00:00,-4.04,91.8,0.0,-0.0,0.0,268.05,1.45,126.0,88790.0,False,2,6,54
2008-02-23 07:00:00,-3.81,91.8,29.0,0.0,29.0,261.05,1.17,127.0,88790.0,False,2,7,54
2008-02-23 08:00:00,-1.24,91.9,264.0,775.58,50.0,262.6,0.76,121.0,88820.0,False,2,8,54
2008-02-23 09:00:00,3.66,76.15,418.0,890.15,59.0,259.1,0.62,100.0,88850.0,False,2,9,54
2008-02-23 10:00:00,6.55,63.35,532.0,950.01,62.0,247.7,0.69,64.0,88850.0,False,2,10,54
2008-02-23 11:00:00,7.16,65.85,594.0,977.98,62.0,250.2,0.69,39.0,88830.0,False,2,11,54
2008-02-23 12:00:00,6.85,68.4,529.0,668.26,163.0,254.5,0.9,18.0,88820.0,False,2,12,54
2008-02-23 13:00:00,6.65,71.05,515.0,820.79,100.0,262.05,1.03,16.0,88760.0,False,2,13,54
2008-02-23 14:00:00,7.12,71.05,438.0,901.09,59.0,259.3,0.97,22.0,88720.0,False,2,14,54
2008-02-23 15:00:00,7.68,71.15,284.0,757.2,58.0,259.7,0.9,22.0,88670.0,False,2,15,54
2008-02-23 16:00:00,8.55,68.7,115.0,528.72,37.0,258.35,0.83,20.0,88660.0,False,2,16,54
2008-02-23 17:00:00,7.13,76.65,0.0,-0.0,0.0,254.5,0.83,60.0,88650.0,False,2,17,54
2008-02-23 18:00:00,4.96,76.4,0.0,-0.0,0.0,251.4,1.1,106.0,88640.0,False,2,18,54
2008-02-23 19:00:00,2.8,79.0,0.0,-0.0,0.0,249.65,1.45,130.0,88620.0,False,2,19,54
2008-02-23 20:00:00,0.5,81.9,0.0,-0.0,0.0,248.1,1.72,138.0,88570.0,False,2,20,54
2008-02-23 21:00:00,-1.1,81.7,0.0,-0.0,0.0,246.55,1.79,138.0,88550.0,False,2,21,54
2008-02-23 22:00:00,-2.02,84.85,0.0,-0.0,0.0,244.6,1.79,137.0,88510.0,False,2,22,54
2008-02-23 23:00:00,-2.43,84.85,0.0,-0.0,0.0,243.05,1.79,137.0,88510.0,False,2,23,54
2008-02-24 00:00:00,-2.55,84.85,0.0,-0.0,0.0,241.7,1.79,137.0,88490.0,False,2,0,55
2008-02-24 01:00:00,-2.47,81.5,0.0,-0.0,0.0,240.45,1.79,138.0,88480.0,False,2,1,55
2008-02-24 02:00:00,-2.21,75.3,0.0,-0.0,0.0,240.15,1.79,138.0,88460.0,False,2,2,55
2008-02-24 03:00:00,-2.37,78.3,0.0,-0.0,0.0,239.2,1.79,137.0,88410.0,False,2,3,55
2008-02-24 04:00:00,-2.52,78.3,0.0,-0.0,0.0,238.4,1.79,137.0,88390.0,False,2,4,55
2008-02-24 05:00:00,-2.66,75.2,0.0,-0.0,0.0,238.05,1.86,137.0,88370.0,False,2,5,55
2008-02-24 06:00:00,-2.75,78.2,0.0,-0.0,0.0,237.65,1.86,136.0,88360.0,False,2,6,55
2008-02-24 07:00:00,-1.97,75.3,31.0,0.0,31.0,239.2,1.79,138.0,88380.0,False,2,7,55
2008-02-24 08:00:00,0.17,78.65,274.0,796.39,50.0,239.95,1.31,141.0,88380.0,False,2,8,55
2008-02-24 09:00:00,6.25,63.25,429.0,907.7,58.0,243.25,0.76,148.0,88400.0,False,2,9,55
2008-02-24 10:00:00,10.04,47.2,544.0,965.67,61.0,247.3,0.34,181.0,88420.0,False,2,10,55
2008-02-24 11:00:00,11.65,39.25,592.0,933.78,79.0,254.1,0.28,253.0,88410.0,False,2,11,55
2008-02-24 12:00:00,12.5,38.0,606.0,972.87,68.0,257.4,0.48,280.0,88400.0,False,2,12,55
2008-02-24 13:00:00,11.89,44.1,556.0,971.06,60.0,261.05,0.76,290.0,88340.0,False,2,13,55
2008-02-24 14:00:00,9.81,54.9,449.0,916.35,59.0,263.2,0.97,289.0,88310.0,False,2,14,55
2008-02-24 15:00:00,8.78,63.7,299.0,814.47,52.0,262.4,1.03,289.0,88290.0,False,2,15,55
2008-02-24 16:00:00,10.23,59.35,125.0,604.83,33.0,260.65,0.9,291.0,88280.0,False,2,16,55
2008-02-24 17:00:00,9.46,63.9,0.0,-0.0,0.0,257.4,0.69,272.0,88300.0,False,2,17,55
2008-02-24 18:00:00,8.1,71.25,0.0,-0.0,0.0,252.95,0.55,243.0,88340.0,False,2,18,55
2008-02-24 19:00:00,7.69,63.5,0.0,-0.0,0.0,250.8,0.69,195.0,88290.0,False,2,19,55
2008-02-24 20:00:00,6.11,65.75,0.0,-0.0,0.0,249.05,0.9,172.0,88310.0,False,2,20,55
2008-02-24 21:00:00,2.99,76.1,0.0,-0.0,0.0,245.75,1.17,156.0,88320.0,False,2,21,55
2008-02-24 22:00:00,1.05,78.8,0.0,-0.0,0.0,245.4,1.24,149.0,88310.0,False,2,22,55
2008-02-24 23:00:00,0.38,81.9,0.0,-0.0,0.0,242.85,1.17,150.0,88300.0,False,2,23,55
2008-02-25 00:00:00,0.52,85.15,0.0,-0.0,0.0,253.9,1.03,153.0,88320.0,False,2,0,56
2008-02-25 01:00:00,0.0,85.1,0.0,-0.0,0.0,243.35,1.03,156.0,88330.0,False,2,1,56
2008-02-25 02:00:00,-0.69,88.45,0.0,-0.0,0.0,240.55,1.03,156.0,88340.0,False,2,2,56
2008-02-25 03:00:00,-1.22,88.4,0.0,-0.0,0.0,242.1,1.1,154.0,88330.0,False,2,3,56
2008-02-25 04:00:00,-1.48,91.9,0.0,-0.0,0.0,264.75,1.1,150.0,88330.0,False,2,4,56
2008-02-25 05:00:00,-2.24,95.55,0.0,-0.0,0.0,251.4,1.24,146.0,88340.0,False,2,5,56
2008-02-25 06:00:00,-2.61,91.85,0.0,-0.0,0.0,250.4,1.31,144.0,88340.0,False,2,6,56
2008-02-25 07:00:00,-2.43,88.25,44.0,0.0,44.0,241.3,1.17,144.0,88340.0,False,2,7,56
2008-02-25 08:00:00,1.24,85.2,244.0,519.78,95.0,249.85,0.76,148.0,88370.0,False,2,8,56
2008-02-25 09:00:00,5.23,70.8,328.0,350.09,183.0,248.5,0.41,180.0,88400.0,False,2,9,56
2008-02-25 10:00:00,7.04,63.35,426.0,411.36,218.0,257.0,0.41,257.0,88380.0,False,2,10,56
2008-02-25 11:00:00,6.56,63.35,596.0,931.87,79.0,255.45,0.69,291.0,88350.0,False,2,11,56
2008-02-25 12:00:00,6.13,70.95,601.0,933.15,80.0,263.95,1.1,306.0,88330.0,False,2,12,56
2008-02-25 13:00:00,6.67,68.4,553.0,936.12,70.0,257.6,1.24,309.0,88290.0,False,2,13,56
2008-02-25 14:00:00,6.29,70.95,445.0,870.88,70.0,257.0,1.1,308.0,88250.0,False,2,14,56
2008-02-25 15:00:00,6.02,70.95,297.0,775.83,58.0,259.9,0.9,302.0,88220.0,False,2,15,56
2008-02-25 16:00:00,7.52,63.5,125.0,555.25,38.0,260.65,0.69,288.0,88200.0,False,2,16,56
2008-02-25 17:00:00,7.28,65.85,0.0,-0.0,0.0,257.4,0.34,262.0,88200.0,False,2,17,56
2008-02-25 18:00:00,6.57,65.85,0.0,-0.0,0.0,251.2,0.48,186.0,88200.0,False,2,18,56
2008-02-25 19:00:00,5.92,70.95,0.0,-0.0,0.0,245.0,0.55,192.0,88210.0,False,2,19,56
2008-02-25 20:00:00,4.39,76.3,0.0,-0.0,0.0,243.05,1.03,166.0,88180.0,False,2,20,56
2008-02-25 21:00:00,1.38,85.25,0.0,-0.0,0.0,243.45,1.24,156.0,88160.0,False,2,21,56
2008-02-25 22:00:00,-0.19,88.45,0.0,-0.0,0.0,240.15,1.31,150.0,88160.0,False,2,22,56
2008-02-25 23:00:00,-1.24,91.9,0.0,-0.0,0.0,238.4,1.38,148.0,88150.0,False,2,23,56
2008-02-26 00:00:00,-1.9,91.85,0.0,-0.0,0.0,243.45,1.38,146.0,88120.0,False,2,0,57
2008-02-26 01:00:00,-2.72,88.25,0.0,-0.0,0.0,239.7,1.45,145.0,88050.0,False,2,1,57
2008-02-26 02:00:00,-3.2,91.8,0.0,-0.0,0.0,241.15,1.52,145.0,88010.0,False,2,2,57
2008-02-26 03:00:00,-3.45,91.8,0.0,-0.0,0.0,240.75,1.52,147.0,87930.0,False,2,3,57
2008-02-26 04:00:00,-3.67,91.8,0.0,-0.0,0.0,236.65,1.52,149.0,87890.0,False,2,4,57
2008-02-26 05:00:00,-3.27,91.8,0.0,-0.0,0.0,253.1,1.52,150.0,87890.0,False,2,5,57
2008-02-26 06:00:00,-2.97,91.8,0.0,-0.0,0.0,258.15,1.52,152.0,87900.0,False,2,6,57
2008-02-26 07:00:00,-2.39,91.85,54.0,0.0,54.0,254.5,1.52,152.0,87910.0,False,2,7,57
2008-02-26 08:00:00,0.88,81.95,281.0,780.56,53.0,251.6,1.17,162.0,87940.0,False,2,8,57
2008-02-26 09:00:00,4.68,79.3,434.0,888.79,61.0,258.55,1.03,194.0,87950.0,False,2,9,57
2008-02-26 10:00:00,5.88,70.95,550.0,954.75,62.0,270.55,1.45,228.0,87910.0,False,2,10,57
2008-02-26 11:00:00,7.52,65.95,612.0,979.95,63.0,274.6,2.48,230.0,87880.0,False,2,11,57
2008-02-26 12:00:00,8.21,63.6,601.0,922.56,81.0,260.85,3.1,232.0,87820.0,False,2,12,57
2008-02-26 13:00:00,8.54,59.0,557.0,938.34,68.0,278.85,3.31,242.0,87760.0,False,2,13,57
2008-02-26 14:00:00,8.03,63.6,325.0,282.38,202.0,295.5,2.9,255.0,87740.0,False,2,14,57
2008-02-26 15:00:00,6.89,71.05,138.0,28.77,129.0,294.95,2.14,257.0,87730.0,False,2,15,57
2008-02-26 16:00:00,5.78,79.4,39.0,0.0,39.0,284.1,1.72,245.0,87750.0,False,2,16,57
2008-02-26 17:00:00,4.21,85.5,0.0,-0.0,0.0,288.95,1.31,221.0,87740.0,False,2,17,57
2008-02-26 18:00:00,3.49,85.45,0.0,-0.0,0.0,310.4,1.24,212.0,87750.0,False,2,18,57
2008-02-26 19:00:00,3.89,82.3,0.0,-0.0,0.0,309.25,1.24,222.0,87710.0,False,2,19,57
2008-02-26 20:00:00,3.25,88.7,0.0,-0.0,0.0,319.7,1.31,227.0,87730.0,False,2,20,57
2008-02-26 21:00:00,2.97,88.7,0.0,-0.0,0.0,324.15,1.38,223.0,87770.0,False,2,21,57
2008-02-26 22:00:00,2.73,92.15,0.0,-0.0,0.0,327.05,1.45,213.0,87780.0,False,2,22,57
2008-02-26 23:00:00,2.52,92.15,0.0,-0.0,0.0,325.5,1.45,209.0,87780.0,False,2,23,57
2008-02-27 00:00:00,2.39,92.15,0.0,-0.0,0.0,326.85,1.45,207.0,87780.0,False,2,0,58
2008-02-27 01:00:00,2.36,92.15,0.0,-0.0,0.0,327.15,1.38,204.0,87780.0,False,2,1,58
2008-02-27 02:00:00,2.29,95.65,0.0,-0.0,0.0,328.2,1.38,196.0,87770.0,False,2,2,58
2008-02-27 03:00:00,2.14,95.65,0.0,-0.0,0.0,328.8,1.31,190.0,87740.0,False,2,3,58
2008-02-27 04:00:00,2.0,95.65,0.0,-0.0,0.0,328.2,1.17,187.0,87720.0,False,2,4,58
2008-02-27 05:00:00,1.84,92.1,0.0,-0.0,0.0,320.5,1.1,184.0,87720.0,False,2,5,58
2008-02-27 06:00:00,1.82,92.1,0.0,-0.0,0.0,315.65,1.03,193.0,87760.0,False,2,6,58
2008-02-27 07:00:00,2.64,95.7,50.0,0.0,50.0,327.45,0.62,224.0,87790.0,False,2,7,58
2008-02-27 08:00:00,3.17,95.7,42.0,0.0,42.0,326.1,0.34,243.0,87840.0,False,2,8,58
2008-02-27 09:00:00,2.89,95.7,83.0,0.0,83.0,329.4,0.83,294.0,87860.0,False,2,9,58
2008-02-27 10:00:00,2.7,99.4,112.0,0.0,112.0,325.7,1.17,312.0,87890.0,False,2,10,58
2008-02-27 11:00:00,2.89,95.7,121.0,0.0,121.0,319.5,1.24,313.0,87910.0,False,2,11,58
2008-02-27 12:00:00,2.9,92.15,147.0,0.0,147.0,321.05,1.38,313.0,87930.0,False,2,12,58
2008-02-27 13:00:00,2.95,92.15,92.0,0.0,92.0,321.85,1.31,316.0,87890.0,False,2,13,58
2008-02-27 14:00:00,3.04,88.7,68.0,0.0,68.0,306.95,1.45,313.0,87860.0,False,2,14,58
2008-02-27 15:00:00,2.93,88.7,156.0,53.52,139.0,317.55,1.45,319.0,87880.0,False,2,15,58
2008-02-27 16:00:00,2.46,92.15,104.0,235.19,65.0,315.25,0.97,320.0,87910.0,False,2,16,58
2008-02-27 17:00:00,1.99,95.65,0.0,-0.0,0.0,306.95,0.9,331.0,87950.0,False,2,17,58
2008-02-27 18:00:00,1.99,92.1,0.0,-0.0,0.0,298.05,0.62,352.0,87980.0,False,2,18,58
2008-02-27 19:00:00,2.43,88.65,0.0,-0.0,0.0,313.9,0.69,4.0,87990.0,False,2,19,58
2008-02-27 20:00:00,2.28,88.65,0.0,-0.0,0.0,303.65,0.62,26.0,88020.0,False,2,20,58
2008-02-27 21:00:00,1.99,88.65,0.0,-0.0,0.0,298.4,0.62,41.0,88040.0,False,2,21,58
2008-02-27 22:00:00,1.61,92.05,0.0,-0.0,0.0,303.45,0.69,48.0,88050.0,False,2,22,58
2008-02-27 23:00:00,1.07,92.05,0.0,-0.0,0.0,299.2,0.76,56.0,88050.0,False,2,23,58
2008-02-28 00:00:00,0.6,92.0,0.0,-0.0,0.0,290.65,0.76,75.0,88020.0,False,2,0,59
2008-02-28 01:00:00,0.1,95.6,0.0,-0.0,0.0,277.8,0.83,100.0,88010.0,False,2,1,59
2008-02-28 02:00:00,-0.54,95.6,0.0,-0.0,0.0,284.65,0.97,117.0,88020.0,False,2,2,59
2008-02-28 03:00:00,-0.88,95.6,0.0,-0.0,0.0,287.4,1.03,126.0,87980.0,False,2,3,59
2008-02-28 04:00:00,-1.26,99.4,0.0,-0.0,0.0,278.3,1.17,129.0,87970.0,False,2,4,59
2008-02-28 05:00:00,-1.6,95.6,0.0,-0.0,0.0,275.0,1.24,129.0,87950.0,False,2,5,59
2008-02-28 06:00:00,-1.82,95.55,0.0,-0.0,0.0,271.5,1.24,130.0,87960.0,False,2,6,59
2008-02-28 07:00:00,-2.15,95.55,46.0,0.0,46.0,268.4,1.17,132.0,88000.0,False,2,7,59
2008-02-28 08:00:00,0.15,95.6,235.0,376.11,121.0,263.2,0.76,139.0,88050.0,False,2,8,59
2008-02-28 09:00:00,3.04,88.7,285.0,174.12,210.0,263.6,0.21,174.0,88080.0,False,2,9,59
2008-02-28 10:00:00,4.83,70.8,378.0,231.73,257.0,271.7,0.41,279.0,88100.0,False,2,10,59
2008-02-28 11:00:00,4.5,79.3,461.0,344.93,264.0,282.75,0.76,288.0,88120.0,False,2,11,59
2008-02-28 12:00:00,5.2,76.4,235.0,8.71,230.0,289.1,0.9,284.0,88130.0,False,2,12,59
2008-02-28 13:00:00,5.46,73.65,200.0,5.64,197.0,300.15,0.97,288.0,88110.0,False,2,13,59
2008-02-28 14:00:00,5.35,73.65,69.0,0.0,69.0,296.3,0.9,280.0,88120.0,False,2,14,59
2008-02-28 15:00:00,5.19,73.55,179.0,93.06,149.0,292.6,0.9,275.0,88120.0,False,2,15,59
2008-02-28 16:00:00,7.02,72.86,43.0,0.0,43.0,309.76,0.57,284.0,88140.0,False,2,16,59
2008-02-28 17:00:00,6.04,74.03,0.0,-0.0,0.0,303.56,0.65,285.0,88160.0,False,2,17,59
2008-02-28 18:00:00,5.05,75.2,0.0,-0.0,0.0,297.35,0.73,216.0,88190.0,False,2,18,59
2008-02-28 19:00:00,4.07,76.38,0.0,-0.0,0.0,291.14,0.81,181.0,88210.0,False,2,19,59
2008-02-28 20:00:00,3.08,77.55,0.0,-0.0,0.0,284.94,0.89,171.0,88250.0,False,2,20,59
2008-02-28 21:00:00,2.1,78.72,0.0,-0.0,0.0,278.73,0.97,168.0,88250.0,False,2,21,59
2008-02-28 22:00:00,1.12,79.89,0.0,-0.0,0.0,272.53,1.05,168.0,88280.0,False,2,22,59
2008-02-28 23:00:00,0.13,81.06,0.0,-0.0,0.0,266.32,1.13,170.0,88260.0,False,2,23,59
2021-03-01 00:00:00,-0.85,82.24,0.0,-0.0,0.0,260.12,1.21,131.0,88550.0,False,3,0,60
2021-03-01 01:00:00,-1.83,83.41,0.0,-0.0,0.0,253.91,1.29,131.0,88550.0,False,3,1,60
2021-03-01 02:00:00,-2.82,84.58,0.0,-0.0,0.0,247.7,1.37,130.0,88530.0,False,3,2,60
2021-03-01 03:00:00,-3.8,85.75,0.0,-0.0,0.0,241.5,1.45,129.0,88500.0,False,3,3,60
2021-03-01 04:00:00,-4.78,86.92,0.0,-0.0,0.0,235.29,1.53,129.0,88490.0,False,3,4,60
2021-03-01 05:00:00,-5.77,88.1,0.0,-0.0,0.0,229.09,1.62,129.0,88500.0,False,3,5,60
2021-03-01 06:00:00,-6.75,89.27,0.0,-0.0,0.0,222.88,1.7,129.0,88480.0,False,3,6,60
2021-03-01 07:00:00,-7.73,90.44,41.0,0.0,41.0,216.68,1.78,133.0,88540.0,False,3,7,60
2021-03-01 08:00:00,-2.02,75.3,305.0,777.56,65.0,243.05,1.03,131.0,88560.0,False,3,8,60
2021-03-01 09:00:00,1.59,67.4,463.0,886.95,76.0,232.6,0.55,119.0,88580.0,False,3,9,60
2021-03-01 10:00:00,5.01,45.85,579.0,945.59,80.0,222.35,0.21,63.0,88590.0,False,3,10,60
2021-03-01 11:00:00,6.81,36.5,624.0,903.59,103.0,221.75,0.34,0.0,88590.0,False,3,11,60
2021-03-01 12:00:00,7.13,41.15,621.0,879.87,111.0,226.6,0.55,349.0,88600.0,False,3,12,60
2021-03-01 13:00:00,6.79,50.2,582.0,916.85,90.0,228.75,0.69,346.0,88560.0,False,3,13,60
2021-03-01 14:00:00,6.95,50.2,480.0,894.56,77.0,232.2,0.69,348.0,88550.0,False,3,14,60
2021-03-01 15:00:00,6.81,54.3,326.0,794.79,66.0,233.6,0.76,350.0,88560.0,False,3,15,60
2021-03-01 16:00:00,6.98,52.2,149.0,600.27,44.0,233.75,0.62,15.0,88560.0,False,3,16,60
2021-03-01 17:00:00,5.31,60.65,0.0,0.0,0.0,230.1,0.76,58.0,88580.0,False,3,17,60
2021-03-01 18:00:00,3.9,62.7,0.0,-0.0,0.0,226.8,1.03,97.0,88610.0,False,3,18,60
2021-03-01 19:00:00,1.11,67.3,0.0,-0.0,0.0,219.65,1.24,115.0,88580.0,False,3,19,60
2021-03-01 20:00:00,-1.45,72.4,0.0,-0.0,0.0,216.95,1.52,126.0,88570.0,False,3,20,60
2021-03-01 21:00:00,-3.44,81.4,0.0,-0.0,0.0,214.6,1.72,130.0,88580.0,False,3,21,60
2021-03-01 22:00:00,-4.8,88.1,0.0,-0.0,0.0,212.85,1.72,133.0,88600.0,False,3,22,60
2021-03-01 23:00:00,-5.63,95.45,0.0,-0.0,0.0,210.35,1.66,134.0,88620.0,False,3,23,60
2021-03-02 00:00:00,-5.79,91.7,0.0,-0.0,0.0,207.65,1.59,134.0,88630.0,False,3,0,61
2021-03-02 01:00:00,-5.84,88.0,0.0,-0.0,0.0,205.6,1.66,134.0,88650.0,False,3,1,61
2021-03-02 02:00:00,-5.92,84.5,0.0,-0.0,0.0,203.6,1.72,134.0,88640.0,False,3,2,61
2021-03-02 03:00:00,-6.22,84.45,0.0,-0.0,0.0,208.05,1.72,133.0,88630.0,False,3,3,61
2021-03-02 04:00:00,-6.38,77.75,0.0,-0.0,0.0,207.45,1.72,132.0,88630.0,False,3,4,61
2021-03-02 05:00:00,-6.71,81.0,0.0,-0.0,0.0,210.95,1.72,130.0,88640.0,False,3,5,61
2021-03-02 06:00:00,-7.1,77.7,0.0,-0.0,0.0,213.05,1.66,130.0,88630.0,False,3,6,61
2021-03-02 07:00:00,-5.15,74.8,44.0,0.0,44.0,202.2,1.66,132.0,88720.0,False,3,7,61
2021-03-02 08:00:00,-1.88,69.55,312.0,782.82,66.0,203.95,1.1,135.0,88780.0,False,3,8,61
2021-03-02 09:00:00,3.7,53.5,472.0,896.07,76.0,207.85,0.76,133.0,88840.0,False,3,9,61
2021-03-02 10:00:00,7.5,36.6,589.0,954.49,80.0,213.85,0.41,135.0,88870.0,False,3,10,61
2021-03-02 11:00:00,9.27,22.8,633.0,910.57,103.0,219.45,0.34,129.0,88900.0,False,3,11,61
2021-03-02 12:00:00,10.24,19.5,640.0,923.15,100.0,225.05,0.28,99.0,88870.0,False,3,12,61
2021-03-02 13:00:00,10.77,19.65,588.0,913.67,93.0,230.1,0.34,59.0,88840.0,False,3,13,61
2021-03-02 14:00:00,10.87,22.25,484.0,884.84,81.0,234.95,0.41,31.0,88820.0,False,3,14,61
2021-03-02 15:00:00,10.43,30.7,321.0,726.19,80.0,238.6,0.48,11.0,88840.0,False,3,15,61
2021-03-02 16:00:00,9.6,37.2,148.0,546.1,50.0,238.4,0.48,24.0,88830.0,False,3,16,61
2021-03-02 17:00:00,8.41,39.95,0.0,0.0,0.0,231.65,0.55,76.0,88840.0,False,3,17,61
2021-03-02 18:00:00,6.42,46.25,0.0,-0.0,0.0,231.05,1.03,119.0,88890.0,False,3,18,61
2021-03-02 19:00:00,1.34,59.8,0.0,-0.0,0.0,226.05,1.52,131.0,88870.0,False,3,19,61
2021-03-02 20:00:00,-1.54,69.55,0.0,-0.0,0.0,225.25,1.72,133.0,88860.0,False,3,20,61
2021-03-02 21:00:00,-3.36,78.2,0.0,-0.0,0.0,223.9,1.79,134.0,88860.0,False,3,21,61
2021-03-02 22:00:00,-4.32,84.65,0.0,-0.0,0.0,223.15,1.86,134.0,88860.0,False,3,22,61
2021-03-02 23:00:00,-4.75,88.1,0.0,-0.0,0.0,221.75,1.79,134.0,88870.0,False,3,23,61
2021-03-03 00:00:00,-4.99,91.7,0.0,-0.0,0.0,221.6,1.79,134.0,88850.0,False,3,0,62
2021-03-03 01:00:00,-5.02,88.05,0.0,-0.0,0.0,221.5,1.72,135.0,88850.0,False,3,1,62
2021-03-03 02:00:00,-5.08,88.05,0.0,-0.0,0.0,221.2,1.72,136.0,88840.0,False,3,2,62
2021-03-03 03:00:00,-5.1,84.55,0.0,-0.0,0.0,222.15,1.72,136.0,88820.0,False,3,3,62
2021-03-03 04:00:00,-5.14,81.2,0.0,-0.0,0.0,222.15,1.72,137.0,88810.0,False,3,4,62
2021-03-03 05:00:00,-5.23,81.2,0.0,-0.0,0.0,222.35,1.72,137.0,88810.0,False,3,5,62
2021-03-03 06:00:00,-5.37,77.9,0.0,-0.0,0.0,222.35,1.72,137.0,88810.0,False,3,6,62
2021-03-03 07:00:00,-3.92,78.05,46.0,0.0,46.0,226.8,1.52,137.0,88850.0,False,3,7,62
2021-03-03 08:00:00,-0.22,69.85,117.0,9.38,114.0,232.6,0.97,141.0,88870.0,False,3,8,62
2021-03-03 09:00:00,5.24,56.05,180.0,11.17,175.0,235.7,0.48,159.0,88890.0,False,3,9,62
2021-03-03 10:00:00,8.36,32.7,167.0,0.0,167.0,244.4,0.28,223.0,88880.0,False,3,10,62
2021-03-03 11:00:00,9.26,33.0,148.0,0.0,148.0,246.55,0.34,280.0,88860.0,False,3,11,62
2021-03-03 12:00:00,9.97,33.1,172.0,0.0,172.0,245.75,0.48,293.0,88820.0,False,3,12,62
2021-03-03 13:00:00,10.37,31.95,164.0,0.0,164.0,250.6,0.55,298.0,88750.0,False,3,13,62
2021-03-03 14:00:00,10.48,33.25,101.0,0.0,101.0,250.8,0.55,302.0,88700.0,False,3,14,62
2021-03-03 15:00:00,10.23,37.45,119.0,5.94,117.0,249.25,0.48,299.0,88640.0,False,3,15,62
2021-03-03 16:00:00,9.6,41.85,58.0,5.44,57.0,246.75,0.28,318.0,88610.0,False,3,16,62
2021-03-03 17:00:00,8.83,43.4,0.0,0.0,0.0,243.45,0.14,113.0,88580.0,False,3,17,62
2021-03-03 18:00:00,7.62,48.4,0.0,-0.0,0.0,240.75,0.76,140.0,88590.0,False,3,18,62
2021-03-03 19:00:00,4.85,53.8,0.0,-0.0,0.0,243.65,0.83,140.0,88570.0,False,3,19,62
2021-03-03 20:00:00,2.2,60.05,0.0,-0.0,0.0,261.05,1.17,142.0,88560.0,False,3,20,62
2021-03-03 21:00:00,-0.23,72.65,0.0,-0.0,0.0,268.6,1.45,140.0,88530.0,False,3,21,62
2021-03-03 22:00:00,-1.19,78.5,0.0,-0.0,0.0,273.85,1.52,138.0,88480.0,False,3,22,62
2021-03-03 23:00:00,-1.91,81.55,0.0,-0.0,0.0,262.8,1.52,138.0,88420.0,False,3,23,62
2021-03-04 00:00:00,-1.6,81.65,0.0,-0.0,0.0,280.05,1.45,140.0,88370.0,False,3,0,63
2021-03-04 01:00:00,-1.7,81.65,0.0,-0.0,0.0,276.85,1.52,141.0,88330.0,False,3,1,63
2021-03-04 02:00:00,-1.74,81.65,0.0,-0.0,0.0,276.55,1.45,142.0,88280.0,False,3,2,63
2021-03-04 03:00:00,-1.72,81.65,0.0,-0.0,0.0,277.3,1.45,141.0,88230.0,False,3,3,63
2021-03-04 04:00:00,-1.58,81.65,0.0,-0.0,0.0,287.2,1.45,142.0,88180.0,False,3,4,63
2021-03-04 05:00:00,-1.13,81.7,0.0,-0.0,0.0,302.3,1.38,142.0,88160.0,False,3,5,63
2021-03-04 06:00:00,-1.04,81.7,0.0,-0.0,0.0,300.15,1.38,143.0,88110.0,False,3,6,63
2021-03-04 07:00:00,-1.7,75.35,68.0,0.0,68.0,251.6,1.17,144.0,88090.0,False,3,7,63
2021-03-04 08:00:00,1.42,72.95,266.0,436.21,124.0,270.95,0.62,158.0,88080.0,False,3,8,63
2021-03-04 09:00:00,4.4,60.4,382.0,434.69,185.0,261.45,0.48,207.0,88060.0,False,3,9,63
2021-03-04 10:00:00,4.51,67.9,451.0,383.89,242.0,243.45,0.9,252.0,88040.0,False,3,10,63
2021-03-04 11:00:00,5.81,58.45,0.0,0.0,0.0,240.75,1.24,259.0,87980.0,False,3,11,63
2021-03-04 12:00:00,6.53,56.3,264.0,18.47,253.0,253.9,1.52,259.0,87970.0,False,3,12,63
2021-03-04 13:00:00,6.99,54.3,449.0,358.68,251.0,261.65,1.79,258.0,87870.0,False,3,13,63
2021-03-04 14:00:00,6.65,58.55,233.0,45.13,212.0,266.65,1.79,260.0,87830.0,False,3,14,63
2021-03-04 15:00:00,5.88,63.15,172.0,58.6,152.0,284.3,1.66,262.0,87770.0,False,3,15,63
2021-03-04 16:00:00,4.84,70.7,92.0,79.58,77.0,294.75,1.38,268.0,87740.0,False,3,16,63
2021-03-04 17:00:00,3.4,76.15,0.0,0.0,0.0,290.5,0.97,271.0,87740.0,False,3,17,63
2021-03-04 18:00:00,4.0,76.15,0.0,-0.0,0.0,291.05,0.69,256.0,87750.0,False,3,18,63
2021-03-04 19:00:00,2.16,85.35,0.0,-0.0,0.0,307.3,0.83,283.0,87720.0,False,3,19,63
2021-03-04 20:00:00,1.7,88.65,0.0,-0.0,0.0,301.5,0.83,284.0,87730.0,False,3,20,63
2021-03-04 21:00:00,2.09,92.1,0.0,-0.0,0.0,306.55,0.55,280.0,87720.0,False,3,21,63
2021-03-04 22:00:00,1.91,92.1,0.0,-0.0,0.0,303.45,0.21,234.0,87730.0,False,3,22,63
2021-03-04 23:00:00,1.58,95.65,0.0,-0.0,0.0,290.65,0.41,159.0,87730.0,False,3,23,63
2021-03-05 00:00:00,1.38,95.65,0.0,-0.0,0.0,295.5,0.41,153.0,87720.0,False,3,0,64
2021-03-05 01:00:00,0.82,95.65,0.0,-0.0,0.0,280.35,0.41,142.0,87710.0,False,3,1,64
2021-03-05 02:00:00,0.53,95.65,0.0,-0.0,0.0,261.45,0.48,147.0,87670.0,False,3,2,64
2021-03-05 03:00:00,0.11,95.6,0.0,-0.0,0.0,272.1,0.41,145.0,87660.0,False,3,3,64
2021-03-05 04:00:00,-0.26,92.0,0.0,-0.0,0.0,268.2,0.41,133.0,87640.0,False,3,4,64
2021-03-05 05:00:00,-1.67,95.6,0.0,-0.0,0.0,267.85,0.69,130.0,87630.0,False,3,5,64
2021-03-05 06:00:00,-1.7,95.6,0.0,0.0,0.0,288.15,0.69,127.0,87630.0,False,3,6,64
2021-03-05 07:00:00,-1.59,95.6,69.0,0.0,69.0,283.3,0.83,133.0,87620.0,False,3,7,64
2021-03-05 08:00:00,0.35,92.0,78.0,0.0,78.0,277.7,0.48,119.0,87650.0,False,3,8,64
2021-03-05 09:00:00,1.73,82.05,171.0,6.54,168.0,284.5,0.48,24.0,87670.0,False,3,9,64
2021-03-05 10:00:00,2.5,79.0,113.0,0.0,113.0,272.85,1.1,9.0,87690.0,False,3,10,64
2021-03-05 11:00:00,3.21,73.3,179.0,0.0,179.0,262.05,1.38,6.0,87670.0,False,3,11,64
2021-03-05 12:00:00,3.53,73.3,152.0,0.0,152.0,265.9,1.59,6.0,87690.0,False,3,12,64
2021-03-05 13:00:00,3.24,73.3,87.0,0.0,87.0,266.65,1.79,8.0,87650.0,False,3,13,64
2021-03-05 14:00:00,2.85,79.1,185.0,8.51,181.0,280.2,1.93,15.0,87650.0,False,3,14,64
2021-03-05 15:00:00,2.23,82.15,216.0,150.29,164.0,279.85,1.86,18.0,87670.0,False,3,15,64
2021-03-05 16:00:00,1.58,88.6,80.0,31.09,74.0,258.95,1.72,18.0,87710.0,False,3,16,64
2021-03-05 17:00:00,0.74,92.05,0.0,0.0,0.0,252.75,1.59,16.0,87760.0,False,3,17,64
2021-03-05 18:00:00,-0.03,95.6,0.0,-0.0,0.0,253.9,1.59,19.0,87820.0,False,3,18,64
2021-03-05 19:00:00,-0.8,95.6,0.0,-0.0,0.0,293.4,1.45,19.0,87890.0,False,3,19,64
2021-03-05 20:00:00,-1.11,95.6,0.0,-0.0,0.0,289.1,1.31,26.0,87920.0,False,3,20,64
2021-03-05 21:00:00,-1.53,95.6,0.0,-0.0,0.0,267.85,1.45,35.0,87930.0,False,3,21,64
2021-03-05 22:00:00,-1.98,99.4,0.0,-0.0,0.0,261.65,1.31,41.0,87950.0,False,3,22,64
2021-03-05 23:00:00,-2.18,95.55,0.0,-0.0,0.0,269.6,1.45,48.0,87960.0,False,3,23,64
2021-03-06 00:00:00,-2.45,99.4,0.0,-0.0,0.0,275.95,1.38,49.0,87950.0,False,3,0,65
2021-03-06 01:00:00,-2.29,95.55,0.0,-0.0,0.0,282.25,1.52,55.0,87960.0,False,3,1,65
2021-03-06 02:00:00,-2.56,95.55,0.0,-0.0,0.0,276.55,1.45,57.0,87950.0,False,3,2,65
2021-03-06 03:00:00,-2.76,91.85,0.0,-0.0,0.0,266.1,1.38,55.0,87940.0,False,3,3,65
2021-03-06 04:00:00,-3.12,95.55,0.0,-0.0,0.0,250.6,1.24,55.0,87920.0,False,3,4,65
2021-03-06 05:00:00,-3.24,91.8,0.0,-0.0,0.0,263.6,1.17,58.0,87920.0,False,3,5,65
2021-03-06 06:00:00,-3.58,95.5,0.0,0.0,0.0,255.65,1.03,57.0,87940.0,False,3,6,65
2021-03-06 07:00:00,-3.08,91.8,143.0,468.46,58.0,253.3,1.03,62.0,88010.0,False,3,7,65
2021-03-06 08:00:00,-1.63,88.35,312.0,641.11,96.0,255.85,0.97,55.0,88060.0,False,3,8,65
2021-03-06 09:00:00,0.34,78.75,469.0,783.59,105.0,251.0,0.9,47.0,88090.0,False,3,9,65
2021-03-06 10:00:00,1.61,75.85,541.0,660.55,174.0,248.1,0.83,36.0,88100.0,False,3,10,65
2021-03-06 11:00:00,2.96,70.4,576.0,599.43,214.0,243.25,0.83,25.0,88120.0,False,3,11,65
2021-03-06 12:00:00,4.3,65.3,464.0,265.6,303.0,251.2,1.03,0.0,88120.0,False,3,12,65
2021-03-06 13:00:00,4.8,65.4,403.0,208.1,286.0,240.95,1.45,350.0,88100.0,False,3,13,65
2021-03-06 14:00:00,4.5,67.9,423.0,507.28,182.0,272.1,1.59,348.0,88090.0,False,3,14,65
2021-03-06 15:00:00,3.86,73.3,324.0,638.79,100.0,264.75,1.38,354.0,88100.0,False,3,15,65
2021-03-06 16:00:00,2.81,79.1,111.0,131.68,85.0,248.5,0.97,359.0,88100.0,False,3,16,65
2021-03-06 17:00:00,1.94,82.05,0.0,0.0,0.0,253.7,0.69,6.0,88110.0,False,3,17,65
2021-03-06 18:00:00,1.23,82.0,0.0,-0.0,0.0,245.2,0.76,51.0,88140.0,False,3,18,65
2021-03-06 19:00:00,0.99,78.8,0.0,-0.0,0.0,229.7,0.83,72.0,88150.0,False,3,19,65
2021-03-06 20:00:00,-0.05,81.8,0.0,-0.0,0.0,238.2,0.9,98.0,88150.0,False,3,20,65
2021-03-06 21:00:00,-1.06,81.7,0.0,-0.0,0.0,237.25,0.97,118.0,88140.0,False,3,21,65
2021-03-06 22:00:00,-1.99,84.85,0.0,-0.0,0.0,230.85,1.1,131.0,88140.0,False,3,22,65
2021-03-06 23:00:00,-3.06,88.25,0.0,-0.0,0.0,227.0,1.24,138.0,88120.0,False,3,23,65
2021-03-07 00:00:00,-3.45,88.2,0.0,-0.0,0.0,234.35,1.17,139.0,88120.0,False,3,0,66
2021-03-07 01:00:00,-4.24,88.15,0.0,-0.0,0.0,229.45,1.24,143.0,88110.0,False,3,1,66
2021-03-07 02:00:00,-3.74,84.7,0.0,-0.0,0.0,251.4,1.17,147.0,88070.0,False,3,2,66
2021-03-07 03:00:00,-4.07,88.15,0.0,-0.0,0.0,246.35,1.24,148.0,88030.0,False,3,3,66
2021-03-07 04:00:00,-3.25,84.8,0.0,-0.0,0.0,264.15,1.24,146.0,88010.0,False,3,4,66
2021-03-07 05:00:00,-3.45,88.2,0.0,-0.0,0.0,257.75,1.31,143.0,87980.0,False,3,5,66
2021-03-07 06:00:00,-3.51,88.2,0.0,0.0,0.0,263.6,1.31,142.0,87970.0,False,3,6,66
2021-03-07 07:00:00,-2.56,84.85,45.0,0.0,45.0,258.95,1.03,144.0,87980.0,False,3,7,66
2021-03-07 08:00:00,-0.34,81.8,191.0,93.39,159.0,261.25,0.62,148.0,88000.0,False,3,8,66
2021-03-07 09:00:00,1.98,73.0,96.0,0.0,96.0,240.95,0.34,198.0,87990.0,False,3,9,66
2021-03-07 10:00:00,2.86,73.2,287.0,44.55,262.0,246.15,0.9,255.0,87960.0,False,3,10,66
2021-03-07 11:00:00,3.4,67.8,401.0,144.41,313.0,254.3,1.38,263.0,87930.0,False,3,11,66
2021-03-07 12:00:00,3.91,70.5,395.0,134.11,313.0,258.95,1.59,265.0,87900.0,False,3,12,66
2021-03-07 13:00:00,4.06,70.5,523.0,553.5,209.0,265.3,1.59,275.0,87830.0,False,3,13,66
2021-03-07 14:00:00,4.17,70.6,108.0,0.0,108.0,259.3,1.45,282.0,87780.0,False,3,14,66
2021-03-07 15:00:00,3.15,82.2,164.0,33.77,152.0,261.45,1.1,291.0,87740.0,False,3,15,66
2021-03-07 16:00:00,2.19,88.65,117.0,153.53,86.0,259.7,0.76,293.0,87690.0,False,3,16,66
2021-03-07 17:00:00,2.0,88.65,1.0,0.0,1.0,257.4,0.41,304.0,87660.0,False,3,17,66
2021-03-07 18:00:00,1.74,85.3,0.0,-0.0,0.0,254.85,0.07,331.0,87680.0,False,3,18,66
2021-03-07 19:00:00,1.83,78.95,0.0,-0.0,0.0,267.05,0.21,2.0,87650.0,False,3,19,66
2021-03-07 20:00:00,1.3,82.0,0.0,-0.0,0.0,257.4,0.21,35.0,87610.0,False,3,20,66
2021-03-07 21:00:00,0.88,85.2,0.0,-0.0,0.0,262.6,0.28,53.0,87620.0,False,3,21,66
2021-03-07 22:00:00,0.59,88.5,0.0,-0.0,0.0,270.55,0.41,71.0,87600.0,False,3,22,66
2021-03-07 23:00:00,0.56,88.5,0.0,-0.0,0.0,292.4,0.34,68.0,87610.0,False,3,23,66
2021-03-08 00:00:00,0.46,92.0,0.0,-0.0,0.0,294.35,0.34,56.0,87570.0,False,3,0,67
2021-03-08 01:00:00,0.41,92.0,0.0,-0.0,0.0,291.95,0.28,48.0,87550.0,False,3,1,67
2021-03-08 02:00:00,-0.06,95.6,0.0,-0.0,0.0,277.7,0.28,54.0,87510.0,False,3,2,67
2021-03-08 03:00:00,-0.7,95.6,0.0,-0.0,0.0,270.55,0.34,77.0,87450.0,False,3,3,67
2021-03-08 04:00:00,-1.03,99.4,0.0,-0.0,0.0,286.8,0.41,81.0,87430.0,False,3,4,67
2021-03-08 05:00:00,-1.42,99.4,0.0,-0.0,0.0,280.6,0.48,83.0,87420.0,False,3,5,67
2021-03-08 06:00:00,-1.26,95.6,0.0,0.0,0.0,275.4,0.48,74.0,87430.0,False,3,6,67
2021-03-08 07:00:00,-1.27,91.95,75.0,25.92,70.0,281.4,0.48,77.0,87460.0,False,3,7,67
2021-03-08 08:00:00,-0.17,92.0,65.0,0.0,65.0,265.7,0.97,41.0,87490.0,False,3,8,67
2021-03-08 09:00:00,1.09,85.2,134.0,0.0,134.0,287.6,1.24,26.0,87490.0,False,3,9,67
2021-03-08 10:00:00,1.64,75.95,453.0,328.17,267.0,279.85,1.38,15.0,87480.0,False,3,10,67
2021-03-08 11:00:00,2.27,76.0,561.0,522.12,240.0,264.15,1.45,7.0,87470.0,False,3,11,67
2021-03-08 12:00:00,3.13,73.2,431.0,186.48,316.0,264.75,1.66,2.0,87460.0,False,3,12,67
2021-03-08 13:00:00,3.57,70.5,131.0,0.0,131.0,262.2,1.72,2.0,87420.0,False,3,13,67
2021-03-08 14:00:00,3.37,70.5,288.0,101.08,239.0,250.4,1.86,2.0,87370.0,False,3,14,67
2021-03-08 15:00:00,3.22,70.5,267.0,291.71,162.0,250.2,1.86,5.0,87360.0,False,3,15,67
2021-03-08 16:00:00,2.41,73.1,126.0,184.14,88.0,242.65,1.72,15.0,87360.0,False,3,16,67
2021-03-08 17:00:00,1.6,78.9,3.0,0.0,3.0,246.15,1.31,19.0,87380.0,False,3,17,67
2021-03-08 18:00:00,0.13,81.9,0.0,-0.0,0.0,246.95,1.1,24.0,87400.0,False,3,18,67
2021-03-08 19:00:00,-0.58,78.6,0.0,-0.0,0.0,224.65,0.97,29.0,87400.0,False,3,19,67
2021-03-08 20:00:00,-0.1,75.6,0.0,-0.0,0.0,224.3,0.83,51.0,87400.0,False,3,20,67
2021-03-08 21:00:00,-0.65,75.55,0.0,-0.0,0.0,221.2,0.83,61.0,87390.0,False,3,21,67
2021-03-08 22:00:00,-1.25,78.5,0.0,-0.0,0.0,220.6,0.83,69.0,87390.0,False,3,22,67
2021-03-08 23:00:00,-1.7,78.45,0.0,-0.0,0.0,218.1,0.76,76.0,87380.0,False,3,23,67
2021-03-09 00:00:00,-2.12,81.55,0.0,-0.0,0.0,219.25,0.69,88.0,87340.0,False,3,0,68
2021-03-09 01:00:00,-2.56,81.5,0.0,-0.0,0.0,216.25,0.55,104.0,87320.0,False,3,1,68
2021-03-09 02:00:00,-2.72,81.5,0.0,-0.0,0.0,216.55,0.55,115.0,87310.0,False,3,2,68
2021-03-09 03:00:00,-3.1,84.8,0.0,-0.0,0.0,226.4,0.62,124.0,87260.0,False,3,3,68
2021-03-09 04:00:00,-4.09,88.15,0.0,-0.0,0.0,224.3,0.69,129.0,87260.0,False,3,4,68
2021-03-09 05:00:00,-4.66,91.75,0.0,-0.0,0.0,230.3,0.83,130.0,87270.0,False,3,5,68
2021-03-09 06:00:00,-4.99,91.7,0.0,0.0,0.0,240.55,0.83,131.0,87270.0,False,3,6,68
2021-03-09 07:00:00,-3.64,91.8,142.0,322.15,78.0,238.6,0.48,123.0,87320.0,False,3,7,68
2021-03-09 08:00:00,-1.58,88.35,287.0,398.14,146.0,254.3,0.21,41.0,87360.0,False,3,8,68
2021-03-09 09:00:00,0.02,78.65,470.0,693.51,136.0,255.45,0.76,352.0,87360.0,False,3,9,68
2021-03-09 10:00:00,0.64,70.05,475.0,370.39,263.0,264.55,1.17,348.0,87370.0,False,3,10,68
2021-03-09 11:00:00,1.25,64.8,465.0,243.46,314.0,257.75,1.52,341.0,87360.0,False,3,11,68
2021-03-09 12:00:00,1.34,62.25,620.0,697.81,186.0,264.55,1.66,342.0,87380.0,False,3,12,68
2021-03-09 13:00:00,1.7,59.95,493.0,410.47,256.0,263.2,1.59,344.0,87360.0,False,3,13,68
2021-03-09 14:00:00,1.69,57.6,315.0,140.93,246.0,254.1,1.52,348.0,87350.0,False,3,14,68
2021-03-09 15:00:00,1.58,59.8,294.0,392.25,151.0,251.2,1.31,349.0,87350.0,False,3,15,68
2021-03-09 16:00:00,1.14,55.2,111.0,94.88,91.0,247.9,1.38,345.0,87370.0,False,3,16,68
2021-03-09 17:00:00,0.2,62.0,7.0,0.0,7.0,237.45,1.31,348.0,87420.0,False,3,17,68
2021-03-09 18:00:00,-1.79,69.55,0.0,-0.0,0.0,229.15,1.24,351.0,87470.0,False,3,18,68
2021-03-09 19:00:00,-0.39,67.0,0.0,-0.0,0.0,234.95,0.83,18.0,87510.0,False,3,19,68
2021-03-09 20:00:00,-0.61,67.0,0.0,-0.0,0.0,234.15,0.69,18.0,87530.0,False,3,20,68
2021-03-09 21:00:00,-1.13,69.65,0.0,-0.0,0.0,233.4,0.62,4.0,87560.0,False,3,21,68
2021-03-09 22:00:00,-1.57,72.4,0.0,-0.0,0.0,231.05,0.41,22.0,87580.0,False,3,22,68
2021-03-09 23:00:00,-1.9,75.3,0.0,-0.0,0.0,234.95,0.28,60.0,87580.0,False,3,23,68
2021-03-10 00:00:00,-2.42,78.3,0.0,-0.0,0.0,242.3,0.34,122.0,87590.0,False,3,0,69
2021-03-10 01:00:00,-3.33,81.45,0.0,-0.0,0.0,231.95,0.76,138.0,87580.0,False,3,1,69
2021-03-10 02:00:00,-4.2,84.65,0.0,-0.0,0.0,228.35,0.83,144.0,87560.0,False,3,2,69
2021-03-10 03:00:00,-4.5,88.1,0.0,-0.0,0.0,231.05,0.83,145.0,87590.0,False,3,3,69
2021-03-10 04:00:00,-4.95,88.05,0.0,-0.0,0.0,228.15,0.9,136.0,87600.0,False,3,4,69
2021-03-10 05:00:00,-5.22,84.55,0.0,-0.0,0.0,237.25,1.03,130.0,87670.0,False,3,5,69
2021-03-10 06:00:00,-5.95,88.0,1.0,0.0,1.0,229.9,1.24,135.0,87680.0,False,3,6,69
2021-03-10 07:00:00,-4.16,84.65,181.0,635.83,51.0,233.0,0.9,133.0,87680.0,False,3,7,69
2021-03-10 08:00:00,-2.2,75.3,301.0,441.76,142.0,232.8,0.62,125.0,87770.0,False,3,8,69
2021-03-10 09:00:00,0.02,64.45,523.0,911.12,79.0,231.45,0.41,67.0,87790.0,False,3,9,69
2021-03-10 10:00:00,1.32,59.8,630.0,930.88,92.0,223.5,0.55,41.0,87780.0,False,3,10,69
2021-03-10 11:00:00,1.96,70.2,691.0,954.21,94.0,224.3,0.48,27.0,87740.0,False,3,11,69
2021-03-10 12:00:00,2.87,62.6,703.0,988.57,83.0,228.15,0.62,347.0,87720.0,False,3,12,69
2021-03-10 13:00:00,3.6,55.7,644.0,964.98,82.0,227.0,0.9,323.0,87700.0,False,3,13,69
2021-03-10 14:00:00,3.32,65.2,531.0,914.25,79.0,231.85,0.69,312.0,87680.0,False,3,14,69
2021-03-10 15:00:00,4.5,45.7,374.0,823.52,70.0,241.3,0.41,265.0,87650.0,False,3,15,69
2021-03-10 16:00:00,4.05,51.4,137.0,204.46,93.0,246.35,0.55,242.0,87620.0,False,3,16,69
2021-03-10 17:00:00,3.74,51.4,8.0,0.0,8.0,238.4,0.48,264.0,87610.0,False,3,17,69
2021-03-10 18:00:00,3.2,51.4,0.0,-0.0,0.0,245.4,0.69,192.0,87640.0,False,3,18,69
2021-03-10 19:00:00,1.23,57.45,0.0,-0.0,0.0,278.5,1.03,171.0,87610.0,False,3,19,69
2021-03-10 20:00:00,-0.08,61.9,0.0,-0.0,0.0,261.85,1.17,169.0,87610.0,False,3,20,69
2021-03-10 21:00:00,-1.18,66.9,0.0,-0.0,0.0,252.95,1.31,165.0,87610.0,False,3,21,69
2021-03-10 22:00:00,-1.0,72.5,0.0,-0.0,0.0,293.95,1.38,170.0,87580.0,False,3,22,69
2021-03-10 23:00:00,-0.34,69.85,0.0,-0.0,0.0,301.9,1.45,171.0,87540.0,False,3,23,69
2021-03-11 00:00:00,0.05,69.85,0.0,-0.0,0.0,304.6,1.45,173.0,87530.0,False,3,0,70
2021-03-11 01:00:00,0.59,67.2,0.0,-0.0,0.0,309.35,1.59,173.0,87520.0,False,3,1,70
2021-03-11 02:00:00,1.07,62.15,0.0,-0.0,0.0,309.85,1.72,178.0,87470.0,False,3,2,70
2021-03-11 03:00:00,0.87,62.15,0.0,-0.0,0.0,305.2,1.79,178.0,87410.0,False,3,3,70
2021-03-11 04:00:00,0.97,64.65,0.0,-0.0,0.0,312.95,1.86,178.0,87340.0,False,3,4,70
2021-03-11 05:00:00,1.07,67.3,0.0,-0.0,0.0,320.65,1.86,175.0,87350.0,False,3,5,70
2021-03-11 06:00:00,1.2,67.4,1.0,0.0,1.0,324.75,1.79,176.0,87360.0,False,3,6,70
2021-03-11 07:00:00,1.72,62.35,102.0,71.34,87.0,320.1,1.79,181.0,87410.0,False,3,7,70
2021-03-11 08:00:00,2.53,65.0,280.0,339.07,156.0,311.0,1.79,186.0,87450.0,False,3,8,70
2021-03-11 09:00:00,2.98,70.4,113.0,0.0,113.0,321.05,1.72,187.0,87440.0,False,3,9,70
2021-03-11 10:00:00,5.71,60.75,267.0,23.99,253.0,297.85,2.0,211.0,87400.0,False,3,10,70
2021-03-11 11:00:00,7.44,61.1,259.0,9.51,253.0,296.85,2.62,228.0,87360.0,False,3,11,70
2021-03-11 12:00:00,7.68,63.5,170.0,0.0,170.0,300.75,2.97,232.0,87340.0,False,3,12,70
2021-03-11 13:00:00,7.58,65.95,162.0,0.0,162.0,312.95,2.9,232.0,87280.0,False,3,13,70
2021-03-11 14:00:00,7.65,68.5,112.0,0.0,112.0,320.3,2.97,221.0,87220.0,False,3,14,70
2021-03-11 15:00:00,7.42,68.5,65.0,0.0,65.0,308.5,2.9,215.0,87160.0,False,3,15,70
2021-03-11 16:00:00,6.48,73.7,65.0,4.55,64.0,314.85,2.83,216.0,87110.0,False,3,16,70
2021-03-11 17:00:00,5.71,79.4,2.0,0.0,2.0,315.85,2.9,213.0,87090.0,False,3,17,70
2021-03-11 18:00:00,4.98,82.35,0.0,-0.0,0.0,308.1,2.69,223.0,87100.0,False,3,18,70
2021-03-11 19:00:00,4.59,92.2,0.0,-0.0,0.0,320.3,2.83,232.0,87190.0,False,3,19,70
2021-03-11 20:00:00,3.36,92.15,0.0,-0.0,0.0,321.05,2.69,244.0,87250.0,False,3,20,70
2021-03-11 21:00:00,2.92,95.7,0.0,-0.0,0.0,317.95,2.83,247.0,87330.0,False,3,21,70
2021-03-11 22:00:00,2.0,92.1,0.0,-0.0,0.0,298.8,2.62,243.0,87400.0,False,3,22,70
2021-03-11 23:00:00,1.38,92.05,0.0,-0.0,0.0,303.05,2.41,236.0,87450.0,False,3,23,70
2021-03-12 00:00:00,0.58,92.0,0.0,-0.0,0.0,273.45,2.21,231.0,87480.0,False,3,0,71
2021-03-12 01:00:00,0.07,92.0,0.0,-0.0,0.0,274.9,1.93,232.0,87470.0,False,3,1,71
2021-03-12 02:00:00,-0.17,92.0,0.0,-0.0,0.0,259.7,1.86,228.0,87470.0,False,3,2,71
2021-03-12 03:00:00,-0.41,91.95,0.0,-0.0,0.0,269.2,1.86,229.0,87440.0,False,3,3,71
2021-03-12 04:00:00,-0.76,88.45,0.0,-0.0,0.0,257.95,1.52,222.0,87430.0,False,3,4,71
2021-03-12 05:00:00,-1.72,88.35,0.0,-0.0,0.0,236.3,1.38,219.0,87430.0,False,3,5,71
2021-03-12 06:00:00,-2.56,91.85,2.0,0.0,2.0,239.6,1.17,216.0,87430.0,False,3,6,71
2021-03-12 07:00:00,-1.8,91.9,152.0,296.16,88.0,240.75,1.1,248.0,87460.0,False,3,7,71
2021-03-12 08:00:00,-0.5,85.05,363.0,748.31,85.0,237.65,1.52,257.0,87480.0,False,3,8,71
2021-03-12 09:00:00,0.83,72.85,362.0,232.6,246.0,238.2,2.14,255.0,87480.0,False,3,9,71
2021-03-12 10:00:00,1.62,64.8,604.0,780.88,144.0,245.4,2.41,255.0,87460.0,False,3,10,71
2021-03-12 11:00:00,2.1,59.95,500.0,292.25,314.0,256.8,2.62,254.0,87430.0,False,3,11,71
2021-03-12 12:00:00,2.45,57.7,592.0,544.28,245.0,247.9,2.76,255.0,87380.0,False,3,12,71
2021-03-12 13:00:00,2.54,57.7,307.0,45.58,280.0,263.75,2.83,255.0,87350.0,False,3,13,71
2021-03-12 14:00:00,2.78,55.55,267.0,57.55,238.0,255.45,2.76,253.0,87320.0,False,3,14,71
2021-03-12 15:00:00,2.6,60.05,333.0,526.1,134.0,253.1,2.62,253.0,87300.0,False,3,15,71
2021-03-12 16:00:00,2.17,60.05,167.0,361.67,86.0,244.8,2.21,246.0,87310.0,False,3,16,71
2021-03-12 17:00:00,1.46,67.4,13.0,0.0,13.0,238.8,1.72,232.0,87320.0,False,3,17,71
2021-03-12 18:00:00,0.62,72.75,0.0,-0.0,0.0,236.85,1.79,215.0,87340.0,False,3,18,71
2021-03-12 19:00:00,-0.41,75.55,0.0,-0.0,0.0,227.95,1.66,212.0,87380.0,False,3,19,71
2021-03-12 20:00:00,-1.7,78.45,0.0,-0.0,0.0,221.2,1.66,204.0,87390.0,False,3,20,71
2021-03-12 21:00:00,-1.89,78.35,0.0,-0.0,0.0,250.8,1.79,206.0,87420.0,False,3,21,71
2021-03-12 22:00:00,-2.16,78.35,0.0,-0.0,0.0,238.6,1.93,205.0,87430.0,False,3,22,71
2021-03-12 23:00:00,-1.36,75.45,0.0,-0.0,0.0,261.25,2.07,203.0,87420.0,False,3,23,71
2021-03-13 00:00:00,-0.33,72.65,0.0,-0.0,0.0,269.75,2.14,202.0,87380.0,False,3,0,72
2021-03-13 01:00:00,-0.68,75.55,0.0,-0.0,0.0,264.45,2.0,202.0,87330.0,False,3,1,72
2021-03-13 02:00:00,-0.72,75.55,0.0,-0.0,0.0,265.9,2.0,197.0,87290.0,False,3,2,72
2021-03-13 03:00:00,-0.97,78.5,0.0,-0.0,0.0,254.85,2.0,198.0,87240.0,False,3,3,72
2021-03-13 04:00:00,-0.68,75.55,0.0,-0.0,0.0,275.4,2.0,202.0,87210.0,False,3,4,72
2021-03-13 05:00:00,-0.52,75.55,0.0,-0.0,0.0,280.05,2.07,206.0,87220.0,False,3,5,72
2021-03-13 06:00:00,-0.35,72.65,3.0,0.0,3.0,286.05,2.21,207.0,87220.0,False,3,6,72
2021-03-13 07:00:00,0.39,69.95,116.0,94.62,95.0,267.85,2.41,201.0,87160.0,False,3,7,72
2021-03-13 08:00:00,1.46,67.4,201.0,71.56,174.0,263.95,2.28,212.0,87160.0,False,3,8,72
2021-03-13 09:00:00,2.5,62.5,402.0,340.99,230.0,255.25,3.1,217.0,87130.0,False,3,9,72
2021-03-13 10:00:00,3.56,55.7,398.0,159.76,303.0,247.9,4.34,222.0,87070.0,False,3,10,72
2021-03-13 11:00:00,3.82,55.7,647.0,735.44,175.0,261.45,4.0,227.0,87070.0,False,3,11,72
2021-03-13 12:00:00,4.09,55.7,382.0,90.25,324.0,250.05,4.28,230.0,87080.0,False,3,12,72
2021-03-13 13:00:00,3.88,57.95,122.0,0.0,122.0,278.1,3.66,226.0,87030.0,False,3,13,72
2021-03-13 14:00:00,4.05,60.3,243.0,33.42,226.0,286.8,4.34,223.0,86960.0,False,3,14,72
2021-03-13 15:00:00,3.73,62.7,161.0,18.29,154.0,293.0,3.59,217.0,86910.0,False,3,15,72
2021-03-13 16:00:00,3.01,70.4,28.0,0.0,28.0,283.7,3.03,217.0,86880.0,False,3,16,72
2021-03-13 17:00:00,1.55,82.0,5.0,0.0,5.0,290.85,2.48,222.0,86820.0,False,3,17,72
2021-03-13 18:00:00,1.0,81.95,0.0,-0.0,0.0,286.6,2.28,224.0,86860.0,False,3,18,72
2021-03-13 19:00:00,0.4,88.5,0.0,-0.0,0.0,298.05,2.07,226.0,86850.0,False,3,19,72
2021-03-13 20:00:00,-0.38,95.6,0.0,-0.0,0.0,294.35,2.0,228.0,86900.0,False,3,20,72
2021-03-13 21:00:00,-0.4,95.6,0.0,-0.0,0.0,289.7,2.21,222.0,86930.0,False,3,21,72
2021-03-13 22:00:00,-0.33,88.45,0.0,-0.0,0.0,277.3,2.55,216.0,86920.0,False,3,22,72
2021-03-13 23:00:00,-0.6,88.45,0.0,-0.0,0.0,270.35,2.41,212.0,86820.0,False,3,23,72
2021-03-14 00:00:00,-0.83,88.45,0.0,-0.0,0.0,290.5,2.0,217.0,86760.0,False,3,0,73
2021-03-14 01:00:00,-1.15,91.95,0.0,-0.0,0.0,289.05,2.14,241.0,86750.0,False,3,1,73
2021-03-14 02:00:00,-1.83,91.9,0.0,-0.0,0.0,295.3,2.34,258.0,86790.0,False,3,2,73
2021-03-14 03:00:00,-2.54,88.25,0.0,-0.0,0.0,268.05,3.03,265.0,86870.0,False,3,3,73
2021-03-14 04:00:00,-3.31,84.8,0.0,-0.0,0.0,272.85,2.48,260.0,86920.0,False,3,4,73
2021-03-14 05:00:00,-3.89,84.7,0.0,-0.0,0.0,265.1,2.07,260.0,86980.0,False,3,5,73
2021-03-14 06:00:00,-4.09,88.15,14.0,0.0,14.0,255.65,2.0,256.0,87040.0,False,3,6,73
2021-03-14 07:00:00,-3.73,84.7,81.0,8.78,79.0,266.5,1.66,253.0,87170.0,False,3,7,73
2021-03-14 08:00:00,-3.4,78.2,252.0,174.89,185.0,245.2,1.86,253.0,87240.0,False,3,8,73
2021-03-14 09:00:00,-2.9,78.2,148.0,0.0,148.0,253.9,2.07,257.0,87250.0,False,3,9,73
2021-03-14 10:00:00,-2.25,72.3,92.0,0.0,92.0,270.35,2.14,261.0,87290.0,False,3,10,73
2021-03-14 11:00:00,-2.47,81.5,128.0,0.0,128.0,278.3,2.21,257.0,87330.0,False,3,11,73
2021-03-14 12:00:00,-2.06,84.85,140.0,0.0,140.0,288.75,2.28,250.0,87360.0,False,3,12,73
2021-03-14 13:00:00,-2.09,84.85,116.0,0.0,116.0,284.85,2.07,240.0,87330.0,False,3,13,73
2021-03-14 14:00:00,-2.03,84.85,74.0,0.0,74.0,291.05,1.66,240.0,87340.0,False,3,14,73
2021-03-14 15:00:00,-1.8,81.65,63.0,0.0,63.0,295.3,1.93,256.0,87380.0,False,3,15,73
2021-03-14 16:00:00,-1.95,88.3,45.0,0.0,45.0,297.05,1.72,259.0,87430.0,False,3,16,73
2021-03-14 17:00:00,-2.28,88.3,3.0,0.0,3.0,272.85,1.24,240.0,87450.0,False,3,17,73
2021-03-14 18:00:00,-2.69,88.25,0.0,-0.0,0.0,274.6,1.52,249.0,87490.0,False,3,18,73
2021-03-14 19:00:00,-2.63,91.85,0.0,-0.0,0.0,283.7,1.31,250.0,87560.0,False,3,19,73
2021-03-14 20:00:00,-2.65,88.25,0.0,-0.0,0.0,293.0,1.38,248.0,87560.0,False,3,20,73
2021-03-14 21:00:00,-2.74,88.25,0.0,-0.0,0.0,291.85,1.24,237.0,87580.0,False,3,21,73
2021-03-14 22:00:00,-2.92,88.25,0.0,-0.0,0.0,272.85,1.24,228.0,87550.0,False,3,22,73
2021-03-14 23:00:00,-2.95,88.25,0.0,-0.0,0.0,280.6,1.31,246.0,87540.0,False,3,23,73
2021-03-15 00:00:00,-3.36,88.25,0.0,-0.0,0.0,278.1,1.24,247.0,87550.0,False,3,0,74
2021-03-15 01:00:00,-3.26,84.8,0.0,-0.0,0.0,271.8,1.31,252.0,87560.0,False,3,1,74
2021-03-15 02:00:00,-3.44,84.7,0.0,-0.0,0.0,260.65,1.31,242.0,87500.0,False,3,2,74
2021-03-15 03:00:00,-3.25,88.25,0.0,-0.0,0.0,287.95,1.24,232.0,87470.0,False,3,3,74
2021-03-15 04:00:00,-3.3,88.25,0.0,-0.0,0.0,288.75,1.38,222.0,87410.0,False,3,4,74
2021-03-15 05:00:00,-3.2,91.8,0.0,-0.0,0.0,292.05,1.45,210.0,87370.0,False,3,5,74
2021-03-15 06:00:00,-3.03,91.8,3.0,0.0,3.0,294.75,1.59,205.0,87330.0,False,3,6,74
2021-03-15 07:00:00,-2.97,91.8,32.0,0.0,32.0,293.95,1.66,213.0,87310.0,False,3,7,74
2021-03-15 08:00:00,-2.73,91.85,109.0,0.0,109.0,296.65,1.24,209.0,87330.0,False,3,8,74
2021-03-15 09:00:00,-2.43,91.85,75.0,0.0,75.0,293.4,1.31,212.0,87350.0,False,3,9,74
2021-03-15 10:00:00,-1.88,84.95,100.0,0.0,100.0,289.3,1.52,219.0,87360.0,False,3,10,74
2021-03-15 11:00:00,-1.3,85.0,101.0,0.0,101.0,292.8,1.59,229.0,87360.0,False,3,11,74
2021-03-15 12:00:00,-1.19,85.0,93.0,0.0,93.0,280.6,1.45,234.0,87330.0,False,3,12,74
2021-03-15 13:00:00,-1.23,88.4,181.0,0.0,181.0,296.1,1.31,236.0,87330.0,False,3,13,74
2021-03-15 14:00:00,-1.03,88.4,80.0,0.0,80.0,291.05,1.24,240.0,87320.0,False,3,14,74
2021-03-15 15:00:00,-1.21,88.4,89.0,0.0,89.0,274.8,1.03,239.0,87330.0,False,3,15,74
2021-03-15 16:00:00,-1.66,91.9,49.0,0.0,49.0,293.2,0.83,243.0,87330.0,False,3,16,74
2021-03-15 17:00:00,-2.06,91.85,7.0,0.0,7.0,295.3,0.76,252.0,87390.0,False,3,17,74
2021-03-15 18:00:00,-3.01,95.55,0.0,-0.0,0.0,275.4,0.55,233.0,87460.0,False,3,18,74
2021-03-15 19:00:00,-3.37,88.25,0.0,-0.0,0.0,247.5,0.9,270.0,87580.0,False,3,19,74
2021-03-15 20:00:00,-3.87,88.2,0.0,-0.0,0.0,258.95,0.9,252.0,87610.0,False,3,20,74
2021-03-15 21:00:00,-3.92,95.5,0.0,-0.0,0.0,265.1,0.83,254.0,87630.0,False,3,21,74
2021-03-15 22:00:00,-4.15,91.75,0.0,-0.0,0.0,256.2,0.83,260.0,87670.0,False,3,22,74
2021-03-15 23:00:00,-4.72,91.75,0.0,-0.0,0.0,253.5,0.9,256.0,87690.0,False,3,23,74
2021-03-16 00:00:00,-4.72,88.1,0.0,-0.0,0.0,250.05,0.83,266.0,87730.0,False,3,0,75
2021-03-16 01:00:00,-5.13,91.7,0.0,-0.0,0.0,249.35,0.9,272.0,87760.0,False,3,1,75
2021-03-16 02:00:00,-5.21,91.7,0.0,-0.0,0.0,268.8,0.9,276.0,87770.0,False,3,2,75
2021-03-16 03:00:00,-4.46,91.75,0.0,-0.0,0.0,282.55,0.9,287.0,87770.0,False,3,3,75
2021-03-16 04:00:00,-4.6,88.1,0.0,-0.0,0.0,272.65,0.9,287.0,87810.0,False,3,4,75
2021-03-16 05:00:00,-4.87,88.1,0.0,-0.0,0.0,263.95,0.9,291.0,87860.0,False,3,5,75
2021-03-16 06:00:00,-4.85,88.1,7.0,0.0,7.0,267.05,0.9,291.0,87910.0,False,3,6,75
2021-03-16 07:00:00,-4.46,91.75,93.0,16.7,89.0,277.3,0.76,290.0,87990.0,False,3,7,75
2021-03-16 08:00:00,-3.75,81.4,111.0,0.0,111.0,258.15,1.17,301.0,88050.0,False,3,8,75
2021-03-16 09:00:00,-3.25,78.2,264.0,44.11,241.0,262.4,1.1,302.0,88100.0,False,3,9,75
2021-03-16 10:00:00,-2.71,75.2,311.0,40.9,286.0,240.35,1.31,291.0,88110.0,False,3,10,75
2021-03-16 11:00:00,-1.77,66.8,226.0,1.52,225.0,229.3,1.66,292.0,88110.0,False,3,11,75
2021-03-16 12:00:00,-1.19,66.9,200.0,0.0,200.0,240.15,1.79,292.0,88100.0,False,3,12,75
2021-03-16 13:00:00,-0.85,64.35,138.0,0.0,138.0,245.6,1.93,291.0,88060.0,False,3,13,75
2021-03-16 14:00:00,-0.71,67.0,239.0,22.96,227.0,267.45,1.86,288.0,88040.0,False,3,14,75
2021-03-16 15:00:00,-1.04,72.5,190.0,40.39,174.0,269.2,1.72,287.0,88030.0,False,3,15,75
2021-03-16 16:00:00,-1.78,81.65,91.0,16.58,87.0,272.5,1.24,281.0,88040.0,False,3,16,75
2021-03-16 17:00:00,-2.23,88.3,14.0,0.0,14.0,283.5,0.9,254.0,88030.0,False,3,17,75
2021-03-16 18:00:00,-2.9,95.55,0.0,-0.0,0.0,280.6,0.76,212.0,88010.0,False,3,18,75
2021-03-16 19:00:00,-3.17,91.8,0.0,-0.0,0.0,282.55,0.69,204.0,88060.0,False,3,19,75
2021-03-16 20:00:00,-3.25,95.55,0.0,-0.0,0.0,282.55,0.97,177.0,88010.0,False,3,20,75
2021-03-16 21:00:00,-3.17,91.8,0.0,-0.0,0.0,287.4,1.03,168.0,87960.0,False,3,21,75
2021-03-16 22:00:00,-3.25,91.8,0.0,-0.0,0.0,285.65,0.97,170.0,87900.0,False,3,22,75
2021-03-16 23:00:00,-3.42,91.8,0.0,-0.0,0.0,282.95,0.9,172.0,87850.0,False,3,23,75
2021-03-17 00:00:00,-3.42,91.8,0.0,-0.0,0.0,289.7,0.9,172.0,87810.0,False,3,0,76
2021-03-17 01:00:00,-3.44,91.8,0.0,-0.0,0.0,288.45,0.97,170.0,87720.0,False,3,1,76
2021-03-17 02:00:00,-3.48,91.8,0.0,-0.0,0.0,290.85,0.9,166.0,87670.0,False,3,2,76
2021-03-17 03:00:00,-3.5,91.8,0.0,-0.0,0.0,293.75,0.83,159.0,87640.0,False,3,3,76
2021-03-17 04:00:00,-3.51,91.8,0.0,-0.0,0.0,295.5,0.9,159.0,87610.0,False,3,4,76
2021-03-17 05:00:00,-3.51,91.8,0.0,-0.0,0.0,295.5,0.76,165.0,87590.0,False,3,5,76
2021-03-17 06:00:00,-3.56,91.8,10.0,0.0,10.0,294.35,0.55,174.0,87610.0,False,3,6,76
2021-03-17 07:00:00,-2.92,91.8,37.0,0.0,37.0,292.4,0.14,134.0,87690.0,False,3,7,76
2021-03-17 08:00:00,-2.52,88.25,73.0,0.0,73.0,295.3,0.21,355.0,87740.0,False,3,8,76
2021-03-17 09:00:00,-2.1,91.85,147.0,0.0,147.0,298.05,0.97,342.0,87760.0,False,3,9,76
2021-03-17 10:00:00,-1.79,88.35,113.0,0.0,113.0,294.55,1.17,345.0,87760.0,False,3,10,76
2021-03-17 11:00:00,-1.24,85.0,170.0,0.0,170.0,293.0,1.31,349.0,87730.0,False,3,11,76
2021-03-17 12:00:00,-0.42,85.05,151.0,0.0,151.0,288.15,1.52,347.0,87740.0,False,3,12,76
2021-03-17 13:00:00,-0.28,85.1,80.0,0.0,80.0,281.75,1.66,346.0,87730.0,False,3,13,76
2021-03-17 14:00:00,-0.02,85.1,56.0,0.0,56.0,270.75,1.59,350.0,87720.0,False,3,14,76
2021-03-17 15:00:00,-0.16,85.1,191.0,39.94,175.0,271.9,1.45,355.0,87700.0,False,3,15,76
2021-03-17 16:00:00,-0.92,85.0,109.0,40.73,99.0,240.15,1.03,353.0,87660.0,False,3,16,76
2021-03-17 17:00:00,-2.04,88.3,4.0,0.0,4.0,252.75,0.97,346.0,87690.0,False,3,17,76
2021-03-17 18:00:00,-3.31,88.25,0.0,-0.0,0.0,246.75,0.69,355.0,87720.0,False,3,18,76
2021-03-17 19:00:00,-4.1,91.75,0.0,-0.0,0.0,249.25,0.69,351.0,87780.0,False,3,19,76
2021-03-17 20:00:00,-3.94,84.65,0.0,-0.0,0.0,231.45,0.62,11.0,87770.0,False,3,20,76
2021-03-17 21:00:00,-3.3,84.8,0.0,-0.0,0.0,263.75,0.55,29.0,87750.0,False,3,21,76
2021-03-17 22:00:00,-3.76,88.2,0.0,-0.0,0.0,243.65,0.34,39.0,87750.0,False,3,22,76
2021-03-17 23:00:00,-3.99,88.15,0.0,-0.0,0.0,232.8,0.48,47.0,87740.0,False,3,23,76
2021-03-18 00:00:00,-4.43,91.75,0.0,-0.0,0.0,256.2,0.62,24.0,87760.0,False,3,0,77
2021-03-18 01:00:00,-4.99,95.45,0.0,-0.0,0.0,274.15,0.69,14.0,87730.0,False,3,1,77
2021-03-18 02:00:00,-5.27,95.45,0.0,-0.0,0.0,253.5,0.76,27.0,87680.0,False,3,2,77
2021-03-18 03:00:00,-5.48,95.45,0.0,-0.0,0.0,263.75,1.03,17.0,87650.0,False,3,3,77
2021-03-18 04:00:00,-5.51,95.45,0.0,-0.0,0.0,263.0,0.97,21.0,87640.0,False,3,4,77
2021-03-18 05:00:00,-5.69,95.45,0.0,-0.0,0.0,261.25,1.03,19.0,87650.0,False,3,5,77
2021-03-18 06:00:00,-5.85,95.45,18.0,0.0,18.0,265.3,1.1,18.0,87650.0,False,3,6,77
2021-03-18 07:00:00,-5.45,95.45,100.0,19.9,95.0,246.55,1.31,21.0,87680.0,False,3,7,77
2021-03-18 08:00:00,-4.76,88.1,204.0,46.77,185.0,252.35,1.52,27.0,87680.0,False,3,8,77
2021-03-18 09:00:00,-3.84,78.15,305.0,78.84,263.0,235.3,1.72,22.0,87650.0,False,3,9,77
2021-03-18 10:00:00,-2.85,66.6,330.0,49.83,299.0,243.85,1.93,25.0,87600.0,False,3,10,77
2021-03-18 11:00:00,-2.12,58.95,272.0,7.48,267.0,235.7,2.07,20.0,87570.0,False,3,11,77
2021-03-18 12:00:00,-1.74,56.7,197.0,0.0,197.0,244.05,2.14,12.0,87540.0,False,3,12,77
2021-03-18 13:00:00,-1.51,56.7,291.0,24.14,276.0,259.5,2.21,6.0,87510.0,False,3,13,77
2021-03-18 14:00:00,-1.61,59.1,109.0,0.0,109.0,251.6,2.14,3.0,87470.0,False,3,14,77
2021-03-18 15:00:00,-1.57,59.1,256.0,143.23,198.0,249.65,2.07,6.0,87430.0,False,3,15,77
2021-03-18 16:00:00,-2.08,61.45,95.0,16.02,91.0,235.15,1.86,10.0,87410.0,False,3,16,77
2021-03-18 17:00:00,-3.2,72.1,9.0,0.0,9.0,219.85,1.38,11.0,87390.0,False,3,17,77
2021-03-18 18:00:00,-5.12,81.2,0.0,-0.0,0.0,210.95,1.1,18.0,87370.0,False,3,18,77
2021-03-18 19:00:00,-4.56,78.0,0.0,-0.0,0.0,202.05,0.76,34.0,87420.0,False,3,19,77
2021-03-18 20:00:00,-5.03,81.2,0.0,-0.0,0.0,201.65,0.62,67.0,87370.0,False,3,20,77
2021-03-18 21:00:00,-5.83,84.5,0.0,-0.0,0.0,215.2,0.62,96.0,87340.0,False,3,21,77
2021-03-18 22:00:00,-6.95,84.4,0.0,-0.0,0.0,212.7,0.69,112.0,87270.0,False,3,22,77
2021-03-18 23:00:00,-7.78,84.35,0.0,-0.0,0.0,226.05,0.83,114.0,87240.0,False,3,23,77
2021-03-19 00:00:00,-7.91,80.9,0.0,-0.0,0.0,231.85,0.83,117.0,87200.0,False,3,0,78
2021-03-19 01:00:00,-7.77,80.9,0.0,-0.0,0.0,243.55,0.9,117.0,87170.0,False,3,1,78
2021-03-19 02:00:00,-7.82,80.9,0.0,-0.0,0.0,246.15,0.9,118.0,87120.0,False,3,2,78
2021-03-19 03:00:00,-8.05,80.85,0.0,-0.0,0.0,239.6,0.97,116.0,87070.0,False,3,3,78
2021-03-19 04:00:00,-8.09,80.85,0.0,-0.0,0.0,238.2,0.97,117.0,87030.0,False,3,4,78
2021-03-19 05:00:00,-8.4,77.55,0.0,-0.0,0.0,228.55,0.97,118.0,87000.0,False,3,5,78
2021-03-19 06:00:00,-9.35,77.35,26.0,0.0,26.0,203.0,0.97,110.0,86980.0,False,3,6,78
2021-03-19 07:00:00,-7.23,74.55,183.0,279.95,111.0,193.5,0.97,69.0,87070.0,False,3,7,78
2021-03-19 08:00:00,-6.55,74.55,373.0,553.32,145.0,193.5,1.24,50.0,87110.0,False,3,8,78
2021-03-19 09:00:00,-4.75,66.15,469.0,445.78,229.0,203.95,1.66,51.0,87110.0,False,3,9,78
2021-03-19 10:00:00,-2.86,56.45,492.0,285.25,313.0,211.15,1.93,47.0,87110.0,False,3,10,78
2021-03-19 11:00:00,-1.52,48.05,506.0,237.58,346.0,225.45,2.28,43.0,87120.0,False,3,11,78
2021-03-19 12:00:00,-0.96,48.15,378.0,62.41,336.0,230.65,2.34,35.0,87130.0,False,3,12,78
2021-03-19 13:00:00,-0.69,48.3,383.0,99.01,321.0,219.25,2.48,30.0,87130.0,False,3,13,78
2021-03-19 14:00:00,-0.75,48.3,373.0,188.34,272.0,222.55,2.48,30.0,87120.0,False,3,14,78
2021-03-19 15:00:00,-1.02,54.55,338.0,405.58,172.0,239.75,2.28,28.0,87130.0,False,3,15,78
2021-03-19 16:00:00,-1.66,61.55,129.0,70.88,111.0,219.65,2.0,24.0,87160.0,False,3,16,78
2021-03-19 17:00:00,-2.79,75.2,32.0,74.21,26.0,218.1,1.79,14.0,87230.0,False,3,17,78
2021-03-19 18:00:00,-4.02,84.65,0.0,-0.0,0.0,217.7,1.59,16.0,87310.0,False,3,18,78
2021-03-19 19:00:00,-5.37,88.05,0.0,-0.0,0.0,206.5,1.45,20.0,87380.0,False,3,19,78
2021-03-19 20:00:00,-6.2,91.65,0.0,-0.0,0.0,214.05,1.45,23.0,87430.0,False,3,20,78
2021-03-19 21:00:00,-6.55,95.45,0.0,-0.0,0.0,224.5,1.66,29.0,87480.0,False,3,21,78
2021-03-19 22:00:00,-6.65,95.45,0.0,-0.0,0.0,235.15,1.72,32.0,87480.0,False,3,22,78
2021-03-19 23:00:00,-6.17,95.45,0.0,-0.0,0.0,250.4,1.86,32.0,87530.0,False,3,23,78
2021-03-20 00:00:00,-6.31,91.65,0.0,-0.0,0.0,244.4,1.59,30.0,87560.0,False,3,0,79
2021-03-20 01:00:00,-6.42,91.65,0.0,-0.0,0.0,233.5,1.86,35.0,87570.0,False,3,1,79
2021-03-20 02:00:00,-6.72,91.6,0.0,-0.0,0.0,225.45,1.86,36.0,87570.0,False,3,2,79
2021-03-20 03:00:00,-6.85,91.6,0.0,-0.0,0.0,234.15,1.86,37.0,87580.0,False,3,3,79
2021-03-20 04:00:00,-6.92,87.95,0.0,-0.0,0.0,229.5,1.86,40.0,87560.0,False,3,4,79
2021-03-20 05:00:00,-7.17,87.95,0.0,-0.0,0.0,228.15,1.79,40.0,87570.0,False,3,5,79
2021-03-20 06:00:00,-7.43,84.4,24.0,0.0,24.0,228.15,1.79,40.0,87590.0,False,3,6,79
2021-03-20 07:00:00,-7.35,84.4,249.0,726.07,58.0,229.3,1.86,35.0,87660.0,False,3,7,79
2021-03-20 08:00:00,-6.09,81.05,437.0,868.79,74.0,235.3,2.28,36.0,87690.0,False,3,8,79
2021-03-20 09:00:00,-5.03,71.75,527.0,648.93,174.0,229.5,2.62,35.0,87730.0,False,3,9,79
2021-03-20 10:00:00,-3.91,66.25,699.0,949.56,98.0,237.05,2.97,35.0,87750.0,False,3,10,79
2021-03-20 11:00:00,-3.05,58.75,717.0,825.21,157.0,225.45,3.03,32.0,87760.0,False,3,11,79
2021-03-20 12:00:00,-2.48,56.45,601.0,445.48,299.0,230.5,3.03,30.0,87750.0,False,3,12,79
2021-03-20 13:00:00,-2.15,56.6,516.0,337.62,303.0,229.7,3.03,28.0,87720.0,False,3,13,79
2021-03-20 14:00:00,-1.97,56.6,446.0,366.16,248.0,230.65,3.03,27.0,87700.0,False,3,14,79
2021-03-20 15:00:00,-2.14,54.3,425.0,834.12,80.0,215.6,2.97,28.0,87720.0,False,3,15,79
2021-03-20 16:00:00,-2.79,56.45,243.0,716.62,58.0,218.85,2.62,28.0,87710.0,False,3,16,79
2021-03-20 17:00:00,-3.78,63.7,55.0,364.8,24.0,206.7,2.0,20.0,87710.0,False,3,17,79
2021-03-20 18:00:00,-5.04,71.75,0.0,-0.0,0.0,200.5,1.72,18.0,87710.0,False,3,18,79
2021-03-20 19:00:00,-6.17,71.55,0.0,-0.0,0.0,198.15,1.66,21.0,87770.0,False,3,19,79
2021-03-20 20:00:00,-7.17,71.5,0.0,-0.0,0.0,205.7,1.52,28.0,87790.0,False,3,20,79
2021-03-20 21:00:00,-8.3,74.35,0.0,-0.0,0.0,205.3,1.38,38.0,87790.0,False,3,21,79
2021-03-20 22:00:00,-8.35,71.3,0.0,-0.0,0.0,199.15,1.24,48.0,87780.0,False,3,22,79
2021-03-20 23:00:00,-9.06,74.15,0.0,-0.0,0.0,198.15,1.24,57.0,87750.0,False,3,23,79
2021-03-21 00:00:00,-9.56,74.1,0.0,-0.0,0.0,197.4,1.24,60.0,87740.0,False,3,0,80
2021-03-21 01:00:00,-9.74,74.1,0.0,-0.0,0.0,196.15,1.31,59.0,87700.0,False,3,1,80
2021-03-21 02:00:00,-9.86,71.0,0.0,-0.0,0.0,205.3,1.24,65.0,87680.0,False,3,2,80
2021-03-21 03:00:00,-10.04,74.0,0.0,-0.0,0.0,208.4,1.24,78.0,87640.0,False,3,3,80
2021-03-21 04:00:00,-10.19,70.9,0.0,-0.0,0.0,205.9,1.17,86.0,87580.0,False,3,4,80
2021-03-21 05:00:00,-10.35,70.9,0.0,-0.0,0.0,205.5,1.1,86.0,87570.0,False,3,5,80
2021-03-21 06:00:00,-10.47,73.9,27.0,0.0,27.0,204.75,1.1,87.0,87580.0,False,3,6,80
2021-03-21 07:00:00,-6.96,65.7,252.0,713.94,60.0,214.4,0.9,63.0,87660.0,False,3,7,80
2021-03-21 08:00:00,-4.85,63.45,437.0,854.64,75.0,214.4,0.97,43.0,87690.0,False,3,8,80
2021-03-21 09:00:00,-4.88,71.85,596.0,937.13,81.0,210.15,1.17,30.0,87680.0,False,3,9,80
2021-03-21 10:00:00,-2.17,64.0,678.0,874.2,120.0,224.5,1.52,13.0,87660.0,False,3,10,80
2021-03-21 11:00:00,-0.74,61.8,727.0,861.43,138.0,221.2,1.79,9.0,87660.0,False,3,11,80
2021-03-21 12:00:00,0.13,59.6,560.0,339.77,328.0,228.95,2.21,11.0,87630.0,False,3,12,80
2021-03-21 13:00:00,0.41,62.0,468.0,228.15,323.0,255.65,2.34,16.0,87610.0,False,3,13,80
2021-03-21 14:00:00,0.21,64.55,334.0,110.05,274.0,267.05,2.14,13.0,87560.0,False,3,14,80
2021-03-21 15:00:00,-0.21,69.85,360.0,478.58,160.0,276.75,1.86,15.0,87540.0,False,3,15,80
2021-03-21 16:00:00,-0.45,72.6,172.0,213.47,116.0,287.6,1.72,16.0,87520.0,False,3,16,80
2021-03-21 17:00:00,-1.09,78.5,45.0,168.37,30.0,281.75,1.31,15.0,87520.0,False,3,17,80
2021-03-21 18:00:00,-1.89,84.85,0.0,-0.0,0.0,284.1,1.1,15.0,87530.0,False,3,18,80
2021-03-21 19:00:00,-2.53,88.25,0.0,-0.0,0.0,283.3,1.24,15.0,87570.0,False,3,19,80
2021-03-21 20:00:00,-3.4,88.25,0.0,-0.0,0.0,260.65,1.17,20.0,87580.0,False,3,20,80
2021-03-21 21:00:00,-3.73,91.8,0.0,-0.0,0.0,277.9,1.03,27.0,87580.0,False,3,21,80
2021-03-21 22:00:00,-4.26,91.75,0.0,-0.0,0.0,269.2,1.03,25.0,87550.0,False,3,22,80
2021-03-21 23:00:00,-4.47,95.5,0.0,-0.0,0.0,269.2,0.97,26.0,87550.0,False,3,23,80
2021-03-22 00:00:00,-4.58,95.5,0.0,-0.0,0.0,265.5,0.9,34.0,87520.0,False,3,0,81
2021-03-22 01:00:00,-4.67,91.75,0.0,-0.0,0.0,276.65,0.83,38.0,87500.0,False,3,1,81
2021-03-22 02:00:00,-4.67,91.75,0.0,-0.0,0.0,272.3,0.76,36.0,87470.0,False,3,2,81
2021-03-22 03:00:00,-4.71,91.75,0.0,-0.0,0.0,281.2,0.83,38.0,87460.0,False,3,3,81
2021-03-22 04:00:00,-5.06,95.45,0.0,-0.0,0.0,264.35,0.9,35.0,87460.0,False,3,4,81
2021-03-22 05:00:00,-5.19,95.45,0.0,-0.0,0.0,272.1,1.1,33.0,87470.0,False,3,5,81
2021-03-22 06:00:00,-5.06,95.45,28.0,0.0,28.0,275.0,1.1,28.0,87490.0,False,3,6,81
2021-03-22 07:00:00,-4.23,91.75,257.0,709.64,62.0,280.6,1.1,27.0,87560.0,False,3,7,81
2021-03-22 08:00:00,-3.05,84.8,441.0,850.23,76.0,273.25,1.59,26.0,87590.0,False,3,8,81
2021-03-22 09:00:00,-2.15,81.55,599.0,931.36,82.0,277.1,1.79,22.0,87610.0,False,3,9,81
2021-03-22 10:00:00,-1.32,72.5,712.0,975.72,84.0,269.95,2.07,21.0,87640.0,False,3,10,81
2021-03-22 11:00:00,-0.87,69.75,771.0,997.32,84.0,269.6,2.21,19.0,87650.0,False,3,11,81
2021-03-22 12:00:00,-0.27,67.1,304.0,16.0,293.0,279.65,2.34,21.0,87650.0,False,3,12,81
2021-03-22 13:00:00,0.05,67.1,440.0,174.95,328.0,275.2,2.48,22.0,87650.0,False,3,13,81
2021-03-22 14:00:00,-0.1,67.1,308.0,74.6,267.0,267.05,2.48,21.0,87640.0,False,3,14,81
2021-03-22 15:00:00,-0.53,72.6,188.0,26.06,177.0,258.35,2.21,14.0,87660.0,False,3,15,81
2021-03-22 16:00:00,-0.89,78.5,151.0,116.33,120.0,276.15,2.14,14.0,87670.0,False,3,16,81
2021-03-22 17:00:00,-1.61,84.95,23.0,0.0,23.0,273.85,1.79,18.0,87730.0,False,3,17,81
2021-03-22 18:00:00,-2.47,91.85,0.0,-0.0,0.0,266.65,1.45,19.0,87770.0,False,3,18,81
2021-03-22 19:00:00,-2.58,88.25,0.0,-0.0,0.0,264.35,1.52,24.0,87830.0,False,3,19,81
2021-03-22 20:00:00,-3.28,91.8,0.0,-0.0,0.0,253.1,1.38,30.0,87850.0,False,3,20,81
2021-03-22 21:00:00,-3.67,91.8,0.0,-0.0,0.0,260.65,1.24,35.0,87860.0,False,3,21,81
2021-03-22 22:00:00,-4.34,91.75,0.0,-0.0,0.0,245.75,1.24,45.0,87840.0,False,3,22,81
2021-03-22 23:00:00,-5.16,91.7,0.0,-0.0,0.0,241.15,1.24,57.0,87820.0,False,3,23,81
2021-03-23 00:00:00,-5.83,95.45,0.0,-0.0,0.0,238.4,1.24,66.0,87800.0,False,3,0,82
2021-03-23 01:00:00,-6.07,99.4,0.0,-0.0,0.0,244.55,1.17,71.0,87810.0,False,3,1,82
2021-03-23 02:00:00,-6.7,95.45,0.0,-0.0,0.0,235.3,1.31,80.0,87790.0,False,3,2,82
2021-03-23 03:00:00,-6.54,95.45,0.0,-0.0,0.0,242.5,1.31,87.0,87810.0,False,3,3,82
2021-03-23 04:00:00,-6.65,95.45,0.0,-0.0,0.0,248.5,1.24,91.0,87780.0,False,3,4,82
2021-03-23 05:00:00,-6.93,91.6,0.0,-0.0,0.0,240.55,1.24,97.0,87810.0,False,3,5,82
2021-03-23 06:00:00,-7.07,87.95,29.0,0.0,29.0,242.85,1.24,104.0,87840.0,False,3,6,82
2021-03-23 07:00:00,-5.84,88.0,266.0,726.92,62.0,238.4,0.97,102.0,87930.0,False,3,7,82
2021-03-23 08:00:00,-3.03,78.2,452.0,864.36,76.0,233.0,0.97,73.0,87970.0,False,3,8,82
2021-03-23 09:00:00,-1.14,66.9,610.0,943.59,81.0,216.35,1.31,43.0,88000.0,False,3,9,82
2021-03-23 10:00:00,0.94,62.15,684.0,849.09,133.0,219.85,1.59,28.0,88010.0,False,3,10,82
2021-03-23 11:00:00,2.31,57.7,691.0,687.41,214.0,222.35,1.66,23.0,88030.0,False,3,11,82
2021-03-23 12:00:00,3.3,57.95,641.0,531.42,273.0,224.1,1.66,19.0,88010.0,False,3,12,82
2021-03-23 13:00:00,3.87,60.3,660.0,767.71,165.0,227.0,1.66,15.0,88030.0,False,3,13,82
2021-03-23 14:00:00,3.68,62.7,601.0,938.62,81.0,228.95,1.66,11.0,88000.0,False,3,14,82
2021-03-23 15:00:00,3.49,65.2,441.0,858.38,75.0,232.8,1.45,10.0,88020.0,False,3,15,82
2021-03-23 16:00:00,2.47,73.1,169.0,173.69,122.0,241.15,1.17,3.0,88020.0,False,3,16,82
2021-03-23 17:00:00,1.49,75.85,38.0,51.41,33.0,256.8,0.9,354.0,88070.0,False,3,17,82
2021-03-23 18:00:00,2.97,67.7,0.0,-0.0,0.0,261.85,0.55,12.0,88110.0,False,3,18,82
2021-03-23 19:00:00,2.36,67.6,0.0,-0.0,0.0,259.1,0.55,74.0,88150.0,False,3,19,82
2021-03-23 20:00:00,1.59,70.1,0.0,-0.0,0.0,247.3,0.76,101.0,88160.0,False,3,20,82
2021-03-23 21:00:00,0.14,72.75,0.0,-0.0,0.0,237.65,0.97,114.0,88150.0,False,3,21,82
2021-03-23 22:00:00,-1.37,75.45,0.0,-0.0,0.0,223.3,1.1,126.0,88140.0,False,3,22,82
2021-03-23 23:00:00,-2.82,78.3,0.0,-0.0,0.0,220.4,1.24,137.0,88130.0,False,3,23,82
2021-03-24 00:00:00,-4.09,84.65,0.0,-0.0,0.0,219.05,1.38,138.0,88110.0,False,3,0,83
2021-03-24 01:00:00,-5.44,88.0,0.0,-0.0,0.0,218.2,1.45,136.0,88090.0,False,3,1,83
2021-03-24 02:00:00,-6.19,84.45,0.0,-0.0,0.0,217.3,1.52,135.0,88100.0,False,3,2,83
2021-03-24 03:00:00,-6.66,84.4,0.0,-0.0,0.0,217.15,1.59,134.0,88090.0,False,3,3,83
2021-03-24 04:00:00,-7.19,81.0,0.0,-0.0,0.0,221.6,1.66,134.0,88070.0,False,3,4,83
2021-03-24 05:00:00,-7.54,84.35,0.0,-0.0,0.0,232.2,1.59,133.0,88070.0,False,3,5,83
2021-03-24 06:00:00,-7.73,87.9,36.0,0.0,36.0,243.05,1.38,134.0,88060.0,False,3,6,83
2021-03-24 07:00:00,-4.68,81.25,272.0,729.58,63.0,243.85,1.31,140.0,88180.0,False,3,7,83
2021-03-24 08:00:00,-1.13,72.5,458.0,866.82,76.0,243.45,1.03,142.0,88220.0,False,3,8,83
2021-03-24 09:00:00,3.79,55.7,582.0,810.79,123.0,238.4,0.55,154.0,88240.0,False,3,9,83
2021-03-24 10:00:00,6.15,40.9,704.0,903.4,113.0,228.15,0.21,255.0,88230.0,False,3,10,83
2021-03-24 11:00:00,5.75,51.95,671.0,606.64,247.0,232.2,0.69,307.0,88230.0,False,3,11,83
2021-03-24 12:00:00,5.56,56.05,649.0,543.55,270.0,235.15,0.83,314.0,88180.0,False,3,12,83
2021-03-24 13:00:00,5.9,51.95,716.0,962.55,91.0,237.45,0.9,314.0,88160.0,False,3,13,83
2021-03-24 14:00:00,6.4,56.3,605.0,938.47,81.0,238.6,0.83,311.0,88120.0,False,3,14,83
2021-03-24 15:00:00,7.78,43.1,444.0,856.99,75.0,239.4,0.69,306.0,88110.0,False,3,15,83
2021-03-24 16:00:00,8.21,43.25,250.0,662.56,68.0,239.0,0.62,304.0,88100.0,False,3,16,83
2021-03-24 17:00:00,7.43,48.4,62.0,296.09,32.0,235.7,0.0,339.0,88110.0,False,3,17,83
2021-03-24 18:00:00,6.15,51.95,0.0,-0.0,0.0,231.85,0.76,138.0,88120.0,False,3,18,83
2021-03-24 19:00:00,3.32,57.95,0.0,-0.0,0.0,231.05,1.1,144.0,88140.0,False,3,19,83
2021-03-24 20:00:00,-0.11,69.85,0.0,-0.0,0.0,228.95,1.45,141.0,88150.0,False,3,20,83
2021-03-24 21:00:00,-2.33,75.3,0.0,-0.0,0.0,227.0,1.59,139.0,88140.0,False,3,21,83
2021-03-24 22:00:00,-3.88,81.4,0.0,-0.0,0.0,224.5,1.66,139.0,88120.0,False,3,22,83
2021-03-24 23:00:00,-4.7,88.1,0.0,-0.0,0.0,222.55,1.72,139.0,88080.0,False,3,23,83
2021-03-25 00:00:00,-5.21,88.05,0.0,-0.0,0.0,220.6,1.72,140.0,88070.0,False,3,0,84
2021-03-25 01:00:00,-5.43,88.0,0.0,-0.0,0.0,219.15,1.72,141.0,88050.0,False,3,1,84
2021-03-25 02:00:00,-5.42,88.0,0.0,-0.0,0.0,219.65,1.79,141.0,88010.0,False,3,2,84
2021-03-25 03:00:00,-5.84,84.5,0.0,-0.0,0.0,227.0,1.72,141.0,87990.0,False,3,3,84
2021-03-25 04:00:00,-6.17,88.0,0.0,-0.0,0.0,227.0,1.72,141.0,87950.0,False,3,4,84
2021-03-25 05:00:00,-6.78,87.95,0.0,-0.0,0.0,233.2,1.66,140.0,87920.0,False,3,5,84
2021-03-25 06:00:00,-6.42,88.0,44.0,0.0,44.0,243.25,1.52,141.0,87930.0,False,3,6,84
2021-03-25 07:00:00,-3.66,81.4,278.0,735.59,63.0,243.25,1.17,142.0,88050.0,False,3,7,84
2021-03-25 08:00:00,0.78,64.65,464.0,869.28,76.0,243.45,0.9,148.0,88090.0,False,3,8,84
2021-03-25 09:00:00,5.68,47.85,597.0,853.78,109.0,240.75,0.41,204.0,88120.0,False,3,9,84
2021-03-25 10:00:00,6.83,42.85,735.0,988.75,83.0,241.9,0.55,279.0,88090.0,False,3,10,84
2021-03-25 11:00:00,5.28,58.3,793.0,1008.66,83.0,250.6,0.9,296.0,88070.0,False,3,11,84
2021-03-25 12:00:00,5.38,60.65,763.0,921.66,116.0,255.05,1.17,293.0,88040.0,False,3,12,84
2021-03-25 13:00:00,6.12,56.2,650.0,698.97,193.0,256.2,1.45,288.0,88000.0,False,3,13,84
2021-03-25 14:00:00,6.16,58.45,510.0,529.62,212.0,248.85,1.59,294.0,87980.0,False,3,14,84
2021-03-25 15:00:00,6.13,60.75,140.0,2.3,139.0,269.0,1.93,296.0,87990.0,False,3,15,84
2021-03-25 16:00:00,4.41,76.25,230.0,480.69,96.0,271.7,1.45,303.0,88040.0,False,3,16,84
2021-03-25 17:00:00,5.43,73.55,11.0,0.0,11.0,281.2,0.69,302.0,88060.0,False,3,17,84
2021-03-25 18:00:00,4.47,82.3,0.0,-0.0,0.0,273.25,0.28,266.0,88080.0,False,3,18,84
2021-03-25 19:00:00,4.93,70.7,0.0,-0.0,0.0,270.15,0.34,190.0,88090.0,False,3,19,84
2021-03-25 20:00:00,4.16,76.15,0.0,-0.0,0.0,257.2,0.55,152.0,88090.0,False,3,20,84
2021-03-25 21:00:00,2.94,73.2,0.0,-0.0,0.0,249.65,0.83,147.0,88110.0,False,3,21,84
2021-03-25 22:00:00,0.49,78.75,0.0,-0.0,0.0,239.75,1.1,141.0,88080.0,False,3,22,84
2021-03-25 23:00:00,-1.07,81.7,0.0,-0.0,0.0,235.7,1.24,138.0,88070.0,False,3,23,84
2021-03-26 00:00:00,-2.68,84.85,0.0,-0.0,0.0,229.9,1.38,135.0,88040.0,False,3,0,85
2021-03-26 01:00:00,-3.82,84.7,0.0,-0.0,0.0,230.6,1.45,133.0,88010.0,False,3,1,85
2021-03-26 02:00:00,-4.64,88.1,0.0,-0.0,0.0,225.85,1.59,133.0,87950.0,False,3,2,85
2021-03-26 03:00:00,-5.11,88.05,0.0,-0.0,0.0,221.2,1.59,134.0,87920.0,False,3,3,85
2021-03-26 04:00:00,-5.3,88.05,0.0,-0.0,0.0,219.65,1.66,135.0,87870.0,False,3,4,85
2021-03-26 05:00:00,-5.6,88.0,0.0,-0.0,0.0,216.15,1.66,136.0,87850.0,False,3,5,85
2021-03-26 06:00:00,-5.57,84.5,34.0,0.0,34.0,214.6,1.59,137.0,87860.0,False,3,6,85
2021-03-26 07:00:00,-2.72,78.3,242.0,449.55,108.0,218.1,1.31,136.0,87940.0,False,3,7,85
2021-03-26 08:00:00,2.66,60.15,406.0,553.12,156.0,224.65,0.97,136.0,87970.0,False,3,8,85
2021-03-26 09:00:00,6.29,52.1,523.0,530.33,217.0,231.85,0.76,141.0,87990.0,False,3,9,85
2021-03-26 10:00:00,7.69,43.0,674.0,753.83,173.0,236.3,0.69,168.0,87970.0,False,3,10,85
2021-03-26 11:00:00,7.63,46.55,539.0,256.76,357.0,243.85,0.83,215.0,87920.0,False,3,11,85
2021-03-26 12:00:00,7.05,52.2,646.0,516.5,281.0,257.4,1.38,246.0,87890.0,False,3,12,85
2021-03-26 13:00:00,7.12,54.3,591.0,493.71,266.0,268.05,1.45,251.0,87850.0,False,3,13,85
2021-03-26 14:00:00,7.25,54.4,543.0,649.1,175.0,285.45,1.52,246.0,87820.0,False,3,14,85
2021-03-26 15:00:00,6.78,58.65,361.0,410.14,181.0,277.5,1.45,247.0,87810.0,False,3,15,85
2021-03-26 16:00:00,6.06,65.65,128.0,38.9,117.0,279.45,1.38,250.0,87810.0,False,3,16,85
2021-03-26 17:00:00,5.51,65.55,64.0,237.67,38.0,267.25,1.17,241.0,87820.0,False,3,17,85
2021-03-26 18:00:00,7.52,56.55,0.0,-0.0,0.0,276.35,0.9,215.0,87840.0,False,3,18,85
2021-03-26 19:00:00,4.65,62.8,0.0,-0.0,0.0,274.6,1.1,169.0,87820.0,False,3,19,85
2021-03-26 20:00:00,2.34,67.6,0.0,-0.0,0.0,264.95,1.31,159.0,87840.0,False,3,20,85
2021-03-26 21:00:00,0.86,72.85,0.0,-0.0,0.0,271.5,1.45,160.0,87850.0,False,3,21,85
2021-03-26 22:00:00,0.25,75.7,0.0,-0.0,0.0,275.75,1.45,175.0,87880.0,False,3,22,85
2021-03-26 23:00:00,0.03,81.8,0.0,-0.0,0.0,280.6,1.52,186.0,87890.0,False,3,23,85
2021-03-27 00:00:00,0.22,85.15,0.0,-0.0,0.0,295.5,1.45,182.0,87890.0,False,3,0,86
2021-03-27 01:00:00,0.23,88.5,0.0,-0.0,0.0,298.15,1.31,181.0,87890.0,False,3,1,86
2021-03-27 02:00:00,0.54,92.0,0.0,-0.0,0.0,304.8,1.24,202.0,87890.0,False,3,2,86
2021-03-27 03:00:00,0.78,92.05,0.0,-0.0,0.0,308.1,1.24,225.0,87950.0,False,3,3,86
2021-03-27 04:00:00,0.97,95.65,0.0,-0.0,0.0,315.45,1.24,225.0,88020.0,False,3,4,86
2021-03-27 05:00:00,0.66,95.65,0.0,-0.0,0.0,308.3,1.1,229.0,88090.0,False,3,5,86
2021-03-27 06:00:00,0.62,99.4,48.0,0.0,48.0,313.1,1.03,251.0,88150.0,False,3,6,86
2021-03-27 07:00:00,0.74,95.65,127.0,23.04,120.0,310.05,1.1,281.0,88260.0,False,3,7,86
2021-03-27 08:00:00,1.04,95.65,472.0,861.05,78.0,305.4,1.59,289.0,88290.0,False,3,8,86
2021-03-27 09:00:00,1.16,88.6,628.0,935.81,83.0,286.8,1.72,282.0,88370.0,False,3,9,86
2021-03-27 10:00:00,2.04,75.95,740.0,979.47,84.0,274.2,2.0,265.0,88400.0,False,3,10,86
2021-03-27 11:00:00,2.91,67.7,573.0,320.85,344.0,280.4,2.14,260.0,88420.0,False,3,11,86
2021-03-27 12:00:00,3.73,62.7,382.0,52.02,345.0,270.55,2.28,263.0,88430.0,False,3,12,86
2021-03-27 13:00:00,4.0,62.7,425.0,131.28,338.0,262.05,2.14,270.0,88440.0,False,3,13,86
2021-03-27 14:00:00,4.14,62.7,514.0,523.48,215.0,271.3,2.0,282.0,88450.0,False,3,14,86
2021-03-27 15:00:00,3.82,62.7,419.0,674.99,120.0,256.4,1.79,294.0,88460.0,False,3,15,86
2021-03-27 16:00:00,3.25,62.7,267.0,711.22,63.0,236.85,1.52,308.0,88490.0,False,3,16,86
2021-03-27 17:00:00,2.15,70.3,80.0,432.08,31.0,250.2,1.03,319.0,88510.0,False,3,17,86
2021-03-27 18:00:00,1.82,70.2,0.0,-0.0,0.0,240.55,0.62,343.0,88560.0,False,3,18,86
2021-03-27 19:00:00,2.05,64.9,0.0,-0.0,0.0,245.95,0.62,6.0,88600.0,False,3,19,86
2021-03-27 20:00:00,1.61,67.4,0.0,-0.0,0.0,252.95,0.62,66.0,88620.0,False,3,20,86
2021-03-27 21:00:00,0.97,67.3,0.0,-0.0,0.0,239.4,0.76,89.0,88610.0,False,3,21,86
2021-03-27 22:00:00,0.03,72.65,0.0,-0.0,0.0,241.7,0.76,100.0,88630.0,False,3,22,86
2021-03-27 23:00:00,-1.33,75.45,0.0,-0.0,0.0,233.75,0.97,112.0,88630.0,False,3,23,86
2021-03-28 00:00:00,-2.74,78.3,0.0,-0.0,0.0,231.25,1.17,122.0,88640.0,False,3,0,87
2021-03-28 01:00:00,-3.61,81.4,0.0,-0.0,0.0,225.95,1.24,128.0,88600.0,False,3,1,87
2021-03-28 02:00:00,-4.19,84.65,0.0,-0.0,0.0,232.6,1.31,129.0,88560.0,False,3,2,87
2021-03-28 03:00:00,-4.39,84.65,0.0,-0.0,0.0,230.65,1.38,129.0,88540.0,False,3,3,87
2021-03-28 04:00:00,-4.61,88.1,0.0,-0.0,0.0,231.85,1.52,132.0,88520.0,False,3,4,87
2021-03-28 05:00:00,-4.74,88.1,0.0,-0.0,0.0,213.25,1.59,134.0,88530.0,False,3,5,87
2021-03-28 06:00:00,-4.19,84.65,37.0,0.0,37.0,211.3,1.38,130.0,88590.0,False,3,6,87
2021-03-28 07:00:00,-2.66,88.25,277.0,604.02,90.0,239.95,0.97,132.0,88710.0,False,3,7,87
2021-03-28 08:00:00,1.29,78.9,450.0,703.88,124.0,234.15,0.55,131.0,88760.0,False,3,8,87
2021-03-28 09:00:00,4.32,70.6,566.0,641.45,189.0,221.6,0.0,47.0,88790.0,False,3,9,87
2021-03-28 10:00:00,6.74,42.85,704.0,810.54,157.0,226.8,0.34,300.0,88810.0,False,3,10,87
2021-03-28 11:00:00,5.7,60.75,761.0,841.94,156.0,232.05,0.83,300.0,88810.0,False,3,11,87
2021-03-28 12:00:00,6.41,60.85,775.0,906.51,126.0,235.7,1.1,302.0,88820.0,False,3,12,87
2021-03-28 13:00:00,6.69,61.0,706.0,855.97,135.0,240.35,1.17,290.0,88800.0,False,3,13,87
2021-03-28 14:00:00,6.81,58.65,587.0,785.59,135.0,242.65,1.17,278.0,88780.0,False,3,14,87
2021-03-28 15:00:00,6.4,60.85,448.0,787.41,96.0,245.0,1.1,272.0,88770.0,False,3,15,87
2021-03-28 16:00:00,7.28,54.4,239.0,464.19,104.0,245.4,0.97,277.0,88790.0,False,3,16,87
2021-03-28 17:00:00,9.15,48.8,85.0,451.46,32.0,244.2,0.69,313.0,88810.0,False,3,17,87
2021-03-28 18:00:00,8.21,50.6,0.0,-0.0,0.0,241.5,0.28,16.0,88870.0,False,3,18,87
2021-03-28 19:00:00,6.92,52.2,0.0,-0.0,0.0,238.8,0.28,86.0,88890.0,False,3,19,87
2021-03-28 20:00:00,4.54,58.05,0.0,-0.0,0.0,237.05,1.17,140.0,88940.0,False,3,20,87
2021-03-28 21:00:00,0.52,69.95,0.0,-0.0,0.0,233.4,1.52,143.0,88940.0,False,3,21,87
2021-03-28 22:00:00,-1.46,75.35,0.0,-0.0,0.0,231.85,1.59,139.0,88940.0,False,3,22,87
2021-03-28 23:00:00,-2.62,78.3,0.0,-0.0,0.0,230.1,1.66,138.0,88950.0,False,3,23,87
2021-03-29 00:00:00,-3.21,78.2,0.0,-0.0,0.0,229.15,1.66,138.0,88950.0,False,3,0,88
2021-03-29 01:00:00,-3.49,81.4,0.0,-0.0,0.0,227.9,1.72,139.0,88940.0,False,3,1,88
2021-03-29 02:00:00,-3.59,81.4,0.0,-0.0,0.0,226.4,1.66,139.0,88910.0,False,3,2,88
2021-03-29 03:00:00,-3.68,78.15,0.0,-0.0,0.0,226.05,1.66,138.0,88930.0,False,3,3,88
2021-03-29 04:00:00,-3.86,78.15,0.0,-0.0,0.0,226.2,1.66,138.0,88910.0,False,3,4,88
2021-03-29 05:00:00,-3.94,78.05,0.0,-0.0,0.0,225.85,1.72,138.0,88920.0,False,3,5,88
2021-03-29 06:00:00,-3.58,78.15,39.0,0.0,39.0,226.8,1.59,136.0,88950.0,False,3,6,88
2021-03-29 07:00:00,0.76,70.05,292.0,685.04,76.0,230.5,1.1,135.0,89060.0,False,3,7,88
2021-03-29 08:00:00,7.11,52.2,476.0,821.46,91.0,235.9,0.62,136.0,89100.0,False,3,8,88
2021-03-29 09:00:00,10.01,34.45,608.0,812.76,126.0,243.25,0.21,135.0,89110.0,False,3,9,88
2021-03-29 10:00:00,11.69,27.45,737.0,928.06,106.0,249.05,0.07,4.0,89140.0,False,3,10,88
2021-03-29 11:00:00,12.88,25.7,784.0,920.68,118.0,253.5,0.41,339.0,89100.0,False,3,11,88
2021-03-29 12:00:00,10.81,40.65,808.0,1004.88,84.0,257.0,0.97,339.0,89080.0,False,3,12,88
2021-03-29 13:00:00,9.61,50.85,730.0,936.83,101.0,259.7,1.24,343.0,89060.0,False,3,13,88
2021-03-29 14:00:00,9.61,52.85,592.0,805.84,125.0,261.65,1.24,347.0,89060.0,False,3,14,88
2021-03-29 15:00:00,10.05,49.05,449.0,787.03,94.0,262.8,1.1,355.0,89040.0,False,3,15,88
2021-03-29 16:00:00,12.1,40.95,259.0,600.41,82.0,263.4,0.9,5.0,89040.0,False,3,16,88
2021-03-29 17:00:00,12.42,44.35,87.0,436.67,34.0,260.5,0.76,18.0,89050.0,False,3,17,88
2021-03-29 18:00:00,11.16,47.45,0.0,-0.0,0.0,256.8,0.69,64.0,89060.0,False,3,18,88
2021-03-29 19:00:00,9.24,50.85,0.0,-0.0,0.0,250.4,0.97,102.0,89030.0,False,3,19,88
2021-03-29 20:00:00,5.86,60.75,0.0,-0.0,0.0,248.85,1.31,123.0,89050.0,False,3,20,88
2021-03-29 21:00:00,3.01,67.7,0.0,-0.0,0.0,247.5,1.52,130.0,89030.0,False,3,21,88
2021-03-29 22:00:00,0.86,72.85,0.0,-0.0,0.0,246.75,1.66,134.0,89030.0,False,3,22,88
2021-03-29 23:00:00,-0.76,75.55,0.0,-0.0,0.0,245.95,1.72,135.0,89030.0,False,3,23,88
2021-03-30 00:00:00,-1.64,81.65,0.0,-0.0,0.0,245.75,1.72,134.0,89010.0,False,3,0,89
2021-03-30 01:00:00,-2.11,81.55,0.0,-0.0,0.0,244.9,1.72,134.0,88990.0,False,3,1,89
2021-03-30 02:00:00,-2.31,78.35,0.0,-0.0,0.0,244.4,1.72,134.0,88950.0,False,3,2,89
2021-03-30 03:00:00,-2.42,78.3,0.0,-0.0,0.0,243.45,1.66,133.0,88940.0,False,3,3,89
2021-03-30 04:00:00,-2.5,78.3,0.0,-0.0,0.0,243.45,1.72,133.0,88920.0,False,3,4,89
2021-03-30 05:00:00,-2.57,75.2,0.0,-0.0,0.0,243.25,1.72,134.0,88920.0,False,3,5,89
2021-03-30 06:00:00,-2.21,75.3,41.0,0.0,41.0,242.85,1.59,133.0,88920.0,False,3,6,89
2021-03-30 07:00:00,2.19,73.1,303.0,725.86,70.0,244.05,1.17,134.0,89030.0,False,3,7,89
2021-03-30 08:00:00,9.27,54.9,481.0,824.59,90.0,248.3,0.62,130.0,89030.0,False,3,8,89
2021-03-30 09:00:00,12.56,35.15,630.0,882.5,102.0,254.65,0.28,76.0,89040.0,False,3,9,89
2021-03-30 10:00:00,14.14,30.45,742.0,932.95,103.0,260.3,0.55,18.0,89040.0,False,3,10,89
2021-03-30 11:00:00,15.08,30.6,812.0,998.44,85.0,265.5,0.76,360.0,89000.0,False,3,11,89
2021-03-30 12:00:00,13.14,41.2,792.0,948.98,104.0,268.05,0.97,351.0,88960.0,False,3,12,89
2021-03-30 13:00:00,11.82,47.75,734.0,941.24,98.0,271.3,1.17,347.0,88940.0,False,3,13,89
2021-03-30 14:00:00,11.26,51.35,614.0,885.82,97.0,273.25,1.24,348.0,88890.0,False,3,14,89
2021-03-30 15:00:00,11.34,51.35,460.0,821.86,86.0,273.85,1.24,351.0,88860.0,False,3,15,89
2021-03-30 16:00:00,13.76,42.95,264.0,615.91,80.0,274.05,0.97,354.0,88830.0,False,3,16,89
2021-03-30 17:00:00,14.25,46.5,87.0,406.92,36.0,271.5,0.69,2.0,88830.0,False,3,17,89
2021-03-30 18:00:00,13.11,49.85,0.0,-0.0,0.0,266.85,0.55,59.0,88820.0,False,3,18,89
2021-03-30 19:00:00,11.73,55.4,0.0,-0.0,0.0,264.55,0.9,110.0,88760.0,False,3,19,89
2021-03-30 20:00:00,8.23,63.7,0.0,-0.0,0.0,260.1,1.24,126.0,88740.0,False,3,20,89
2021-03-30 21:00:00,5.02,73.45,0.0,-0.0,0.0,260.5,1.59,134.0,88720.0,False,3,21,89
2021-03-30 22:00:00,2.29,76.0,0.0,-0.0,0.0,255.25,1.72,137.0,88700.0,False,3,22,89
2021-03-30 23:00:00,0.47,81.9,0.0,-0.0,0.0,253.7,1.79,137.0,88680.0,False,3,23,89
2021-03-31 00:00:00,-0.57,85.05,0.0,-0.0,0.0,251.2,1.79,138.0,88660.0,False,3,0,90
2021-03-31 01:00:00,-1.15,81.7,0.0,-0.0,0.0,249.75,1.79,138.0,88640.0,False,3,1,90
2021-03-31 02:00:00,-1.42,84.95,0.0,-0.0,0.0,248.3,1.79,139.0,88590.0,False,3,2,90
2021-03-31 03:00:00,-1.57,81.65,0.0,-0.0,0.0,247.5,1.79,140.0,88580.0,False,3,3,90
2021-03-31 04:00:00,-1.7,78.45,0.0,-0.0,0.0,246.75,1.79,140.0,88560.0,False,3,4,90
2021-03-31 05:00:00,-1.8,75.35,0.0,-0.0,0.0,246.15,1.79,139.0,88530.0,False,3,5,90
2021-03-31 06:00:00,-1.4,78.45,44.0,0.0,44.0,246.75,1.72,139.0,88530.0,False,3,6,90
2021-03-31 07:00:00,3.16,73.3,303.0,694.93,76.0,249.05,1.17,141.0,88580.0,False,3,7,90
2021-03-31 08:00:00,9.93,55.05,487.0,831.89,88.0,252.75,0.76,146.0,88580.0,False,3,8,90
2021-03-31 09:00:00,13.05,39.65,636.0,889.78,99.0,259.5,0.28,180.0,88590.0,False,3,9,90
2021-03-31 10:00:00,14.47,35.6,748.0,942.19,98.0,265.3,0.28,299.0,88570.0,False,3,10,90
2021-03-31 11:00:00,14.78,37.15,802.0,959.29,99.0,268.6,0.76,318.0,88540.0,False,3,11,90
2021-03-31 12:00:00,13.09,44.5,790.0,932.21,110.0,272.65,0.97,320.0,88500.0,False,3,12,90
2021-03-31 13:00:00,12.94,46.2,739.0,948.6,94.0,275.4,1.03,324.0,88460.0,False,3,13,90
2021-03-31 14:00:00,12.91,48.0,616.0,881.38,98.0,278.1,1.1,328.0,88410.0,False,3,14,90
2021-03-31 15:00:00,12.82,48.0,462.0,816.94,87.0,280.8,1.1,330.0,88370.0,False,3,15,90
2021-03-31 16:00:00,13.3,50.6,262.0,578.2,87.0,277.39,0.88,330.0,88350.0,False,3,16,90
2021-03-31 17:00:00,12.13,53.35,81.0,286.22,44.0,275.24,0.94,337.0,88350.0,False,3,17,90
2021-03-31 18:00:00,10.97,56.1,0.0,-0.0,0.0,273.1,1.0,20.0,88350.0,False,3,18,90
2021-03-31 19:00:00,9.81,58.84,0.0,-0.0,0.0,270.95,1.06,130.0,88260.0,False,3,19,90
2021-03-31 20:00:00,8.65,61.59,0.0,-0.0,0.0,268.81,1.12,140.0,88270.0,False,3,20,90
2021-03-31 21:00:00,7.48,64.34,0.0,-0.0,0.0,266.66,1.17,142.0,88240.0,False,3,21,90
2021-03-31 22:00:00,6.32,67.08,0.0,-0.0,0.0,264.51,1.23,141.0,88250.0,False,3,22,90
2021-03-31 23:00:00,5.16,69.83,0.0,-0.0,0.0,262.37,1.29,141.0,88230.0,False,3,23,90
2021-04-01 00:00:00,4.0,72.58,0.0,-0.0,0.0,260.22,1.35,141.0,88210.0,False,4,0,91
2021-04-01 01:00:00,2.84,75.32,0.0,-0.0,0.0,258.08,1.41,141.0,88200.0,False,4,1,91
2021-04-01 02:00:00,1.67,78.07,0.0,-0.0,0.0,255.93,1.47,141.0,88160.0,False,4,2,91
2021-04-01 03:00:00,0.51,80.82,0.0,-0.0,0.0,253.79,1.53,139.0,88150.0,False,4,3,91
2021-04-01 04:00:00,-0.65,83.56,0.0,-0.0,0.0,251.64,1.59,138.0,88120.0,False,4,4,91
2021-04-01 05:00:00,-1.81,86.31,0.0,-0.0,0.0,249.5,1.65,137.0,88090.0,False,4,5,91
2021-04-01 06:00:00,-2.97,89.06,120.0,447.78,48.0,247.35,1.71,136.0,88120.0,False,4,6,91
2021-04-01 07:00:00,-4.14,91.8,302.0,656.09,84.0,245.21,1.77,136.0,88160.0,False,4,7,91
2021-04-01 08:00:00,9.8,57.15,485.0,804.05,95.0,256.8,0.55,138.0,88170.0,False,4,8,91
2021-04-01 09:00:00,12.46,42.7,632.0,862.5,107.0,265.1,0.21,76.0,88160.0,False,4,9,91
2021-04-01 10:00:00,13.55,41.35,743.0,915.37,107.0,267.05,0.48,30.0,88120.0,False,4,10,91
2021-04-01 11:00:00,11.55,53.35,792.0,920.69,113.0,269.0,0.97,13.0,88100.0,False,4,11,91
2021-04-01 12:00:00,10.75,59.6,792.0,932.06,108.0,272.1,1.31,6.0,88050.0,False,4,12,91
2021-04-01 13:00:00,10.9,59.6,710.0,850.7,128.0,275.0,1.38,2.0,88030.0,False,4,13,91
2021-04-01 14:00:00,10.7,61.75,601.0,819.61,116.0,277.3,1.38,357.0,87980.0,False,4,14,91
2021-04-01 15:00:00,10.12,64.0,426.0,635.05,132.0,278.85,1.38,355.0,87960.0,False,4,15,91
2021-04-01 16:00:00,13.31,53.85,268.0,606.74,82.0,278.5,0.97,1.0,87930.0,False,4,16,91
2021-04-01 17:00:00,12.28,64.55,91.0,375.39,41.0,280.6,0.9,332.0,87970.0,False,4,17,91
2021-04-01 18:00:00,12.2,64.45,0.0,-0.0,0.0,273.85,0.48,348.0,87980.0,False,4,18,91
2021-04-01 19:00:00,11.99,53.5,0.0,-0.0,0.0,267.25,0.62,67.0,87890.0,False,4,19,91
2021-04-01 20:00:00,10.74,55.3,0.0,-0.0,0.0,271.7,0.69,109.0,87930.0,False,4,20,91
2021-04-01 21:00:00,9.21,61.45,0.0,-0.0,0.0,263.4,0.97,130.0,87920.0,False,4,21,91
2021-04-01 22:00:00,6.01,70.85,0.0,-0.0,0.0,263.2,1.31,134.0,87930.0,False,4,22,91
2021-04-01 23:00:00,3.79,73.3,0.0,-0.0,0.0,261.45,1.52,135.0,87890.0,False,4,23,91
2021-04-02 00:00:00,1.61,78.9,0.0,-0.0,0.0,257.6,1.59,134.0,87870.0,False,4,0,92
2021-04-02 01:00:00,0.09,85.1,0.0,-0.0,0.0,254.8,1.59,133.0,87820.0,False,4,1,92
2021-04-02 02:00:00,-0.67,85.05,0.0,-0.0,0.0,253.1,1.52,133.0,87760.0,False,4,2,92
2021-04-02 03:00:00,-1.08,85.0,0.0,-0.0,0.0,251.4,1.52,132.0,87740.0,False,4,3,92
2021-04-02 04:00:00,-1.39,88.35,0.0,-0.0,0.0,249.85,1.52,133.0,87690.0,False,4,4,92
2021-04-02 05:00:00,-1.67,84.95,0.0,-0.0,0.0,248.65,1.52,132.0,87680.0,False,4,5,92
2021-04-02 06:00:00,-0.93,85.0,113.0,324.25,59.0,247.15,1.38,131.0,87670.0,False,4,6,92
2021-04-02 07:00:00,5.19,76.4,293.0,562.37,103.0,248.65,0.76,124.0,87750.0,False,4,7,92
2021-04-02 08:00:00,9.34,59.25,479.0,750.39,111.0,252.95,0.41,66.0,87750.0,False,4,8,92
2021-04-02 09:00:00,11.44,45.8,625.0,816.2,124.0,258.15,0.69,20.0,87760.0,False,4,9,92
2021-04-02 10:00:00,9.95,59.35,745.0,900.44,115.0,261.85,0.97,351.0,87730.0,False,4,10,92
2021-04-02 11:00:00,11.02,57.4,785.0,881.3,131.0,265.5,1.38,341.0,87720.0,False,4,11,92
2021-04-02 12:00:00,11.91,53.5,689.0,574.36,265.0,268.2,1.72,340.0,87700.0,False,4,12,92
2021-04-02 13:00:00,11.88,55.5,723.0,870.26,124.0,275.4,1.79,340.0,87630.0,False,4,13,92
2021-04-02 14:00:00,11.37,55.4,580.0,705.0,160.0,284.5,1.72,340.0,87610.0,False,4,14,92
2021-04-02 15:00:00,10.4,61.75,323.0,218.48,221.0,305.4,1.72,344.0,87580.0,False,4,15,92
2021-04-02 16:00:00,9.37,68.9,203.0,209.39,138.0,301.3,1.66,359.0,87570.0,False,4,16,92
2021-04-02 17:00:00,8.1,76.8,92.0,342.82,45.0,294.35,1.66,11.0,87570.0,False,4,17,92
2021-04-02 18:00:00,6.67,85.7,0.0,-0.0,0.0,290.5,1.66,18.0,87610.0,False,4,18,92
2021-04-02 19:00:00,5.73,82.5,0.0,-0.0,0.0,275.0,1.72,16.0,87620.0,False,4,19,92
2021-04-02 20:00:00,4.39,88.8,0.0,-0.0,0.0,273.05,1.52,20.0,87670.0,False,4,20,92
2021-04-02 21:00:00,3.22,88.75,0.0,-0.0,0.0,269.0,1.38,25.0,87650.0,False,4,21,92
2021-04-02 22:00:00,2.58,92.15,0.0,-0.0,0.0,255.45,1.24,34.0,87640.0,False,4,22,92
2021-04-02 23:00:00,1.75,88.65,0.0,-0.0,0.0,261.05,1.24,39.0,87610.0,False,4,23,92
2021-04-03 00:00:00,0.36,95.65,0.0,-0.0,0.0,257.4,1.45,34.0,87610.0,False,4,0,93
2021-04-03 01:00:00,0.48,95.65,0.0,-0.0,0.0,278.4,1.31,38.0,87570.0,False,4,1,93
2021-04-03 02:00:00,-0.02,95.6,0.0,-0.0,0.0,271.1,1.38,39.0,87530.0,False,4,2,93
2021-04-03 03:00:00,-0.43,99.4,0.0,-0.0,0.0,276.55,1.45,36.0,87510.0,False,4,3,93
2021-04-03 04:00:00,-0.38,99.4,0.0,-0.0,0.0,287.2,1.38,39.0,87500.0,False,4,4,93
2021-04-03 05:00:00,-0.51,99.4,0.0,-0.0,0.0,284.1,1.38,40.0,87490.0,False,4,5,93
2021-04-03 06:00:00,0.53,99.4,123.0,359.94,61.0,303.45,1.59,38.0,87520.0,False,4,6,93
2021-04-03 07:00:00,1.36,92.05,315.0,640.66,95.0,283.7,1.93,34.0,87570.0,False,4,7,93
2021-04-03 08:00:00,1.79,85.3,334.0,179.53,245.0,305.4,2.07,36.0,87590.0,False,4,8,93
2021-04-03 09:00:00,2.41,82.15,423.0,176.12,314.0,299.55,2.21,32.0,87600.0,False,4,9,93
2021-04-03 10:00:00,3.31,73.3,425.0,95.11,358.0,297.05,2.48,29.0,87580.0,False,4,10,93
2021-04-03 11:00:00,4.17,67.9,532.0,194.2,387.0,272.5,2.97,30.0,87590.0,False,4,11,93
2021-04-03 12:00:00,4.95,62.95,413.0,61.95,367.0,270.75,3.31,31.0,87570.0,False,4,12,93
2021-04-03 13:00:00,5.05,62.95,514.0,236.86,350.0,264.15,3.38,32.0,87570.0,False,4,13,93
2021-04-03 14:00:00,5.13,60.5,642.0,905.46,99.0,248.65,3.31,33.0,87550.0,False,4,14,93
2021-04-03 15:00:00,4.8,58.2,484.0,841.27,88.0,237.85,3.31,33.0,87530.0,False,4,15,93
2021-04-03 16:00:00,4.05,62.7,297.0,715.96,72.0,237.65,3.1,34.0,87550.0,False,4,16,93
2021-04-03 17:00:00,3.08,62.6,101.0,404.29,44.0,226.6,2.62,33.0,87560.0,False,4,17,93
2021-04-03 18:00:00,1.9,64.9,0.0,-0.0,0.0,219.25,2.21,31.0,87560.0,False,4,18,93
2021-04-03 19:00:00,0.79,67.3,0.0,-0.0,0.0,219.25,2.07,32.0,87660.0,False,4,19,93
2021-04-03 20:00:00,-0.22,69.85,0.0,-0.0,0.0,221.95,1.86,37.0,87680.0,False,4,20,93
2021-04-03 21:00:00,-1.24,75.45,0.0,-0.0,0.0,219.85,1.79,42.0,87670.0,False,4,21,93
2021-04-03 22:00:00,-2.6,81.5,0.0,-0.0,0.0,225.25,1.59,47.0,87680.0,False,4,22,93
2021-04-03 23:00:00,-3.1,81.45,0.0,-0.0,0.0,215.95,1.52,48.0,87640.0,False,4,23,93
2021-04-04 00:00:00,-3.68,84.7,0.0,-0.0,0.0,224.85,1.45,50.0,87650.0,False,4,0,94
2021-04-04 01:00:00,-3.83,84.7,0.0,-0.0,0.0,225.35,1.31,55.0,87640.0,False,4,1,94
2021-04-04 02:00:00,-3.98,84.65,0.0,-0.0,0.0,217.9,1.31,61.0,87630.0,False,4,2,94
2021-04-04 03:00:00,-3.82,81.4,0.0,-0.0,0.0,215.75,1.24,62.0,87600.0,False,4,3,94
2021-04-04 04:00:00,-3.66,81.4,0.0,-0.0,0.0,217.5,1.17,60.0,87600.0,False,4,4,94
2021-04-04 05:00:00,-3.64,81.4,0.0,-0.0,0.0,222.95,1.17,62.0,87610.0,False,4,5,94
2021-04-04 06:00:00,-2.77,75.2,147.0,556.41,48.0,215.2,1.03,61.0,87620.0,False,4,6,94
2021-04-04 07:00:00,-0.95,72.5,339.0,756.68,75.0,220.6,1.24,43.0,87680.0,False,4,7,94
2021-04-04 08:00:00,1.99,57.6,518.0,848.28,93.0,223.9,1.52,38.0,87690.0,False,4,8,94
2021-04-04 09:00:00,3.31,51.4,671.0,915.19,100.0,224.65,1.66,33.0,87690.0,False,4,9,94
2021-04-04 10:00:00,4.63,51.55,784.0,965.84,99.0,222.95,1.79,23.0,87680.0,False,4,10,94
2021-04-04 11:00:00,5.69,49.95,834.0,970.54,105.0,226.4,2.07,18.0,87680.0,False,4,11,94
2021-04-04 12:00:00,6.43,50.05,828.0,968.16,105.0,229.7,2.28,17.0,87660.0,False,4,12,94
2021-04-04 13:00:00,6.94,48.25,767.0,960.57,98.0,232.4,2.34,17.0,87660.0,False,4,13,94
2021-04-04 14:00:00,7.06,50.2,645.0,904.56,99.0,234.15,2.34,18.0,87650.0,False,4,14,94
2021-04-04 15:00:00,6.87,50.2,490.0,851.34,86.0,235.5,2.14,19.0,87630.0,False,4,15,94
2021-04-04 16:00:00,6.25,54.15,299.0,704.24,75.0,236.3,1.93,16.0,87600.0,False,4,16,94
2021-04-04 17:00:00,5.06,62.95,107.0,441.82,43.0,235.5,1.45,6.0,87610.0,False,4,17,94
2021-04-04 18:00:00,3.38,70.5,0.0,-0.0,0.0,232.4,1.17,0.0,87600.0,False,4,18,94
2021-04-04 19:00:00,3.81,62.7,0.0,-0.0,0.0,229.5,0.9,13.0,87640.0,False,4,19,94
2021-04-04 20:00:00,3.68,60.3,0.0,-0.0,0.0,226.6,0.62,40.0,87650.0,False,4,20,94
2021-04-04 21:00:00,2.99,62.6,0.0,-0.0,0.0,224.85,0.55,88.0,87640.0,False,4,21,94
2021-04-04 22:00:00,2.28,65.0,0.0,-0.0,0.0,222.95,0.69,125.0,87620.0,False,4,22,94
2021-04-04 23:00:00,1.27,67.4,0.0,-0.0,0.0,222.15,0.97,143.0,87570.0,False,4,23,94
2021-04-05 00:00:00,-0.6,75.55,0.0,-0.0,0.0,220.2,1.1,148.0,87530.0,False,4,0,95
2021-04-05 01:00:00,-2.42,81.5,0.0,-0.0,0.0,219.95,1.24,146.0,87490.0,False,4,1,95
2021-04-05 02:00:00,-2.8,78.3,0.0,-0.0,0.0,217.5,1.24,147.0,87430.0,False,4,2,95
2021-04-05 03:00:00,-2.95,81.45,0.0,-0.0,0.0,218.85,1.24,148.0,87410.0,False,4,3,95
2021-04-05 04:00:00,-3.47,81.4,0.0,-0.0,0.0,218.5,1.45,153.0,87380.0,False,4,4,95
2021-04-05 05:00:00,-3.29,78.2,0.0,0.0,0.0,217.5,1.45,158.0,87340.0,False,4,5,95
2021-04-05 06:00:00,-2.13,78.35,119.0,256.04,72.0,217.9,1.24,164.0,87340.0,False,4,6,95
2021-04-05 07:00:00,1.31,72.95,295.0,465.64,130.0,223.9,0.97,180.0,87390.0,False,4,7,95
2021-04-05 08:00:00,5.04,58.2,442.0,491.86,193.0,234.15,1.31,216.0,87350.0,False,4,8,95
2021-04-05 09:00:00,6.13,51.95,630.0,747.36,160.0,238.8,1.79,244.0,87340.0,False,4,9,95
2021-04-05 10:00:00,7.05,46.4,666.0,565.89,262.0,243.45,2.41,247.0,87310.0,False,4,10,95
2021-04-05 11:00:00,7.71,44.85,712.0,575.72,277.0,247.15,2.83,249.0,87270.0,False,4,11,95
2021-04-05 12:00:00,8.27,43.25,586.0,286.29,371.0,246.55,3.1,248.0,87210.0,False,4,12,95
2021-04-05 13:00:00,8.54,43.25,683.0,663.84,218.0,250.4,3.24,247.0,87120.0,False,4,13,95
2021-04-05 14:00:00,8.49,43.25,317.0,51.03,286.0,254.65,3.24,253.0,87080.0,False,4,14,95
2021-04-05 15:00:00,8.2,44.85,276.0,96.17,230.0,246.75,3.45,256.0,87010.0,False,4,15,95
2021-04-05 16:00:00,7.47,48.4,181.0,108.74,146.0,252.35,3.38,260.0,86990.0,False,4,16,95
2021-04-05 17:00:00,6.14,58.45,48.0,13.45,46.0,260.65,2.76,268.0,87010.0,False,4,17,95
2021-04-05 18:00:00,4.49,70.6,0.0,-0.0,0.0,284.85,2.83,266.0,86990.0,False,4,18,95
2021-04-05 19:00:00,2.55,85.35,0.0,-0.0,0.0,296.3,2.48,281.0,86980.0,False,4,19,95
2021-04-05 20:00:00,0.85,95.65,0.0,-0.0,0.0,301.5,1.38,313.0,87010.0,False,4,20,95
2021-04-05 21:00:00,-0.14,99.4,0.0,-0.0,0.0,309.65,1.93,335.0,87020.0,False,4,21,95
2021-04-05 22:00:00,-1.73,91.9,0.0,-0.0,0.0,305.55,2.21,347.0,87070.0,False,4,22,95
2021-04-05 23:00:00,-3.37,88.25,0.0,-0.0,0.0,295.9,1.86,358.0,87080.0,False,4,23,95
2021-04-06 00:00:00,-4.07,88.15,0.0,-0.0,0.0,290.65,1.45,3.0,87080.0,False,4,0,96
2021-04-06 01:00:00,-4.57,88.1,0.0,-0.0,0.0,283.6,1.45,0.0,87050.0,False,4,1,96
2021-04-06 02:00:00,-4.88,88.1,0.0,-0.0,0.0,269.95,1.52,351.0,87020.0,False,4,2,96
2021-04-06 03:00:00,-5.42,95.45,0.0,-0.0,0.0,246.95,1.31,349.0,87010.0,False,4,3,96
2021-04-06 04:00:00,-5.72,91.7,0.0,-0.0,0.0,243.65,1.31,355.0,87030.0,False,4,4,96
2021-04-06 05:00:00,-6.05,91.65,0.0,0.0,0.0,229.5,1.17,357.0,87040.0,False,4,5,96
2021-04-06 06:00:00,-6.29,91.65,120.0,222.03,78.0,232.2,1.38,5.0,87050.0,False,4,6,96
2021-04-06 07:00:00,-6.16,88.0,328.0,614.31,107.0,213.65,1.45,8.0,87070.0,False,4,7,96
2021-04-06 08:00:00,-5.37,71.75,487.0,639.41,160.0,213.65,1.59,13.0,87070.0,False,4,8,96
2021-04-06 09:00:00,-4.03,60.95,655.0,799.94,148.0,199.3,1.93,13.0,87070.0,False,4,9,96
2021-04-06 10:00:00,-3.1,54.0,776.0,896.23,132.0,211.15,2.0,8.0,87040.0,False,4,10,96
2021-04-06 11:00:00,-2.53,51.95,737.0,615.83,269.0,221.95,2.07,4.0,87030.0,False,4,11,96
2021-04-06 12:00:00,-2.22,49.95,555.0,217.18,391.0,226.4,2.21,356.0,86980.0,False,4,12,96
2021-04-06 13:00:00,-2.41,56.45,528.0,239.91,359.0,234.55,2.14,350.0,86990.0,False,4,13,96
2021-04-06 14:00:00,-2.29,56.6,389.0,127.6,311.0,221.0,2.07,348.0,86960.0,False,4,14,96
2021-04-06 15:00:00,-2.48,63.9,250.0,53.93,224.0,233.4,1.93,341.0,86940.0,False,4,15,96
2021-04-06 16:00:00,-2.77,66.6,308.0,709.41,77.0,250.2,1.79,324.0,86940.0,False,4,16,96
2021-04-06 17:00:00,-3.44,72.05,69.0,65.56,59.0,236.3,1.66,314.0,86950.0,False,4,17,96
2021-04-06 18:00:00,-4.28,71.95,0.0,-0.0,0.0,222.75,1.52,301.0,86990.0,False,4,18,96
2021-04-06 19:00:00,-5.54,74.7,0.0,-0.0,0.0,211.5,1.38,302.0,87050.0,False,4,19,96
2021-04-06 20:00:00,-6.23,71.55,0.0,-0.0,0.0,225.05,1.38,291.0,87070.0,False,4,20,96
2021-04-06 21:00:00,-7.03,74.55,0.0,-0.0,0.0,210.55,1.31,280.0,87070.0,False,4,21,96
2021-04-06 22:00:00,-7.07,74.55,0.0,-0.0,0.0,230.85,1.38,265.0,87050.0,False,4,22,96
2021-04-06 23:00:00,-7.09,77.7,0.0,-0.0,0.0,256.6,1.66,265.0,87050.0,False,4,23,96
2021-04-07 00:00:00,-6.9,84.4,0.0,-0.0,0.0,259.9,1.38,254.0,87040.0,False,4,0,97
2021-04-07 01:00:00,-6.76,87.95,0.0,-0.0,0.0,260.6,1.52,263.0,87090.0,False,4,1,97
2021-04-07 02:00:00,-7.18,84.4,0.0,-0.0,0.0,249.65,1.72,292.0,87070.0,False,4,2,97
2021-04-07 03:00:00,-7.77,87.9,0.0,-0.0,0.0,242.1,1.66,308.0,87130.0,False,4,3,97
2021-04-07 04:00:00,-7.9,84.35,0.0,-0.0,0.0,252.15,1.45,308.0,87170.0,False,4,4,97
2021-04-07 05:00:00,-8.31,84.3,0.0,0.0,0.0,237.65,1.59,309.0,87280.0,False,4,5,97
2021-04-07 06:00:00,-8.44,80.85,69.0,15.41,66.0,230.1,1.45,311.0,87340.0,False,4,6,97
2021-04-07 07:00:00,-8.04,84.3,104.0,0.0,104.0,241.5,1.24,308.0,87480.0,False,4,7,97
2021-04-07 08:00:00,-6.78,77.7,261.0,44.53,238.0,231.65,1.24,304.0,87570.0,False,4,8,97
2021-04-07 09:00:00,-5.76,68.75,356.0,67.33,313.0,221.4,1.17,304.0,87640.0,False,4,9,97
2021-04-07 10:00:00,-4.56,63.45,416.0,73.29,363.0,226.6,1.31,307.0,87680.0,False,4,10,97
2021-04-07 11:00:00,-4.06,60.95,400.0,43.18,367.0,218.1,1.38,300.0,87740.0,False,4,11,97
2021-04-07 12:00:00,-3.09,58.75,458.0,89.56,390.0,224.3,1.52,291.0,87770.0,False,4,12,97
2021-04-07 13:00:00,-2.39,56.45,354.0,33.88,330.0,214.2,1.86,290.0,87800.0,False,4,13,97
2021-04-07 14:00:00,-2.19,56.6,269.0,16.26,259.0,233.95,2.0,288.0,87810.0,False,4,14,97
2021-04-07 15:00:00,-2.38,54.3,234.0,37.05,216.0,248.65,2.07,288.0,87850.0,False,4,15,97
2021-04-07 16:00:00,-2.63,56.45,169.0,66.8,147.0,257.6,1.86,292.0,87890.0,False,4,16,97
2021-04-07 17:00:00,-3.28,63.8,62.0,31.98,57.0,248.85,1.24,288.0,87920.0,False,4,17,97
2021-04-07 18:00:00,-3.5,63.7,0.0,-0.0,0.0,241.9,0.62,277.0,87950.0,False,4,18,97
2021-04-07 19:00:00,-3.9,53.9,0.0,-0.0,0.0,220.8,0.48,203.0,88000.0,False,4,19,97
2021-04-07 20:00:00,-5.12,60.75,0.0,-0.0,0.0,212.1,0.83,157.0,88010.0,False,4,20,97
2021-04-07 21:00:00,-7.06,65.7,0.0,-0.0,0.0,204.95,0.97,146.0,88040.0,False,4,21,97
2021-04-07 22:00:00,-8.23,65.5,0.0,-0.0,0.0,200.85,1.1,140.0,88030.0,False,4,22,97
2021-04-07 23:00:00,-9.05,68.15,0.0,-0.0,0.0,199.3,1.17,140.0,88040.0,False,4,23,97
2021-04-08 00:00:00,-9.83,68.0,0.0,-0.0,0.0,191.6,1.24,140.0,88030.0,False,4,0,98
2021-04-08 01:00:00,-10.17,67.9,0.0,-0.0,0.0,188.6,1.31,139.0,88050.0,False,4,1,98
2021-04-08 02:00:00,-10.56,70.8,0.0,-0.0,0.0,189.85,1.38,137.0,88030.0,False,4,2,98
2021-04-08 03:00:00,-11.02,70.7,0.0,-0.0,0.0,188.3,1.38,135.0,88030.0,False,4,3,98
2021-04-08 04:00:00,-11.34,67.7,0.0,-0.0,0.0,191.6,1.45,132.0,88000.0,False,4,4,98
2021-04-08 05:00:00,-11.65,70.6,0.0,0.0,0.0,191.0,1.45,129.0,87990.0,False,4,5,98
2021-04-08 06:00:00,-10.71,70.8,160.0,484.44,63.0,193.7,1.31,127.0,87990.0,False,4,6,98
2021-04-08 07:00:00,-4.98,60.75,339.0,615.52,111.0,200.1,0.83,131.0,88100.0,False,4,7,98
2021-04-08 08:00:00,-1.59,44.15,519.0,736.2,135.0,200.5,0.48,115.0,88130.0,False,4,8,98
2021-04-08 09:00:00,-0.14,44.6,675.0,836.12,137.0,201.65,0.21,98.0,88130.0,False,4,9,98
2021-04-08 10:00:00,1.28,33.6,765.0,819.04,169.0,205.15,0.14,297.0,88110.0,False,4,10,98
2021-04-08 11:00:00,1.44,57.45,825.0,866.56,159.0,207.85,0.62,289.0,88090.0,False,4,11,98
2021-04-08 12:00:00,2.49,47.15,845.0,951.16,119.0,210.95,0.97,282.0,88070.0,False,4,12,98
2021-04-08 13:00:00,1.91,53.15,784.0,943.54,112.0,213.65,1.1,276.0,88040.0,False,4,13,98
2021-04-08 14:00:00,2.94,49.25,658.0,879.07,114.0,216.95,1.17,273.0,88020.0,False,4,14,98
2021-04-08 15:00:00,2.83,49.25,502.0,821.22,100.0,219.65,1.17,270.0,88000.0,False,4,15,98
2021-04-08 16:00:00,1.85,55.3,317.0,717.58,78.0,220.4,1.03,268.0,87990.0,False,4,16,98
2021-04-08 17:00:00,3.98,42.0,125.0,499.55,45.0,221.0,0.41,299.0,87990.0,False,4,17,98
2021-04-08 18:00:00,3.22,43.75,0.0,-0.0,0.0,217.5,0.14,90.0,87970.0,False,4,18,98
2021-04-08 19:00:00,2.23,43.45,0.0,-0.0,0.0,213.65,0.97,130.0,87950.0,False,4,19,98
2021-04-08 20:00:00,-2.24,56.6,0.0,-0.0,0.0,211.9,1.45,137.0,87970.0,False,4,20,98
2021-04-08 21:00:00,-5.08,66.05,0.0,-0.0,0.0,209.75,1.66,138.0,87940.0,False,4,21,98
2021-04-08 22:00:00,-6.06,68.65,0.0,-0.0,0.0,207.65,1.59,140.0,87900.0,False,4,22,98
2021-04-08 23:00:00,-6.12,63.1,0.0,-0.0,0.0,206.5,1.66,143.0,87870.0,False,4,23,98
2021-04-09 00:00:00,-6.11,58.0,0.0,-0.0,0.0,206.1,1.66,145.0,87870.0,False,4,0,99
2021-04-09 01:00:00,-6.19,55.55,0.0,-0.0,0.0,208.55,1.66,145.0,87850.0,False,4,1,99
2021-04-09 02:00:00,-6.23,53.25,0.0,-0.0,0.0,217.5,1.66,145.0,87810.0,False,4,2,99
2021-04-09 03:00:00,-6.11,53.25,0.0,-0.0,0.0,229.15,1.72,144.0,87770.0,False,4,3,99
2021-04-09 04:00:00,-6.22,53.25,0.0,-0.0,0.0,227.2,1.72,145.0,87740.0,False,4,4,99
2021-04-09 05:00:00,-6.3,53.25,0.0,0.0,0.0,223.5,1.66,148.0,87730.0,False,4,5,99
2021-04-09 06:00:00,-5.27,55.8,89.0,43.75,80.0,224.5,1.52,150.0,87740.0,False,4,6,99
2021-04-09 07:00:00,-1.6,52.2,256.0,218.27,174.0,250.6,1.17,152.0,87790.0,False,4,7,99
2021-04-09 08:00:00,3.77,42.0,358.0,188.0,259.0,250.8,0.83,159.0,87810.0,False,4,8,99
2021-04-09 09:00:00,5.19,42.45,607.0,586.25,227.0,260.85,0.76,189.0,87810.0,False,4,9,99
2021-04-09 10:00:00,4.83,55.95,775.0,867.31,140.0,266.65,0.97,215.0,87810.0,False,4,10,99
2021-04-09 11:00:00,4.81,51.7,848.0,947.25,116.0,264.55,1.31,225.0,87770.0,False,4,11,99
2021-04-09 12:00:00,7.63,43.0,845.0,956.64,111.0,247.9,1.72,232.0,87730.0,False,4,12,99
2021-04-09 13:00:00,8.23,39.95,734.0,780.7,175.0,240.95,2.0,238.0,87700.0,False,4,13,99
2021-04-09 14:00:00,8.08,41.45,655.0,870.63,113.0,244.6,2.07,240.0,87660.0,False,4,14,99
2021-04-09 15:00:00,8.3,43.25,473.0,687.39,134.0,244.8,1.79,244.0,87630.0,False,4,15,99
2021-04-09 16:00:00,7.19,50.2,242.0,279.14,148.0,245.6,1.31,247.0,87630.0,False,4,16,99
2021-04-09 17:00:00,8.66,45.0,84.0,109.81,66.0,251.75,0.9,242.0,87600.0,False,4,17,99
2021-04-09 18:00:00,7.21,50.35,0.0,-0.0,0.0,246.75,0.83,209.0,87590.0,False,4,18,99
2021-04-09 19:00:00,5.82,49.95,0.0,-0.0,0.0,260.5,1.03,181.0,87610.0,False,4,19,99
2021-04-09 20:00:00,3.66,55.7,0.0,-0.0,0.0,246.15,1.03,175.0,87600.0,False,4,20,99
2021-04-09 21:00:00,1.01,64.65,0.0,-0.0,0.0,240.15,1.24,163.0,87600.0,False,4,21,99
2021-04-09 22:00:00,-0.5,69.75,0.0,-0.0,0.0,240.75,1.24,158.0,87580.0,False,4,22,99
2021-04-09 23:00:00,-1.21,72.5,0.0,-0.0,0.0,243.45,1.24,160.0,87570.0,False,4,23,99
2021-04-10 00:00:00,-1.67,72.4,0.0,-0.0,0.0,245.95,1.24,160.0,87590.0,False,4,0,100
2021-04-10 01:00:00,-1.63,75.35,0.0,-0.0,0.0,267.55,1.17,160.0,87580.0,False,4,1,100
2021-04-10 02:00:00,-1.95,78.35,0.0,-0.0,0.0,259.3,1.17,159.0,87550.0,False,4,2,100
2021-04-10 03:00:00,-1.94,78.35,0.0,-0.0,0.0,263.6,1.1,162.0,87530.0,False,4,3,100
2021-04-10 04:00:00,-2.02,81.55,0.0,-0.0,0.0,272.1,1.1,160.0,87500.0,False,4,4,100
2021-04-10 05:00:00,-1.85,78.45,2.0,0.0,2.0,286.05,1.03,158.0,87490.0,False,4,5,100
2021-04-10 06:00:00,-1.1,81.7,83.0,28.42,77.0,274.4,0.9,159.0,87480.0,False,4,6,100
2021-04-10 07:00:00,1.41,78.9,213.0,99.77,175.0,297.25,0.76,141.0,87510.0,False,4,7,100
2021-04-10 08:00:00,3.99,70.5,307.0,97.83,255.0,301.5,0.55,138.0,87500.0,False,4,8,100
2021-04-10 09:00:00,5.65,58.3,428.0,154.7,327.0,287.2,0.28,187.0,87490.0,False,4,9,100
2021-04-10 10:00:00,6.65,60.85,755.0,811.89,157.0,272.65,0.48,230.0,87490.0,False,4,10,100
2021-04-10 11:00:00,8.37,48.65,677.0,450.5,327.0,258.75,0.62,233.0,87450.0,False,4,11,100
2021-04-10 12:00:00,8.82,48.8,619.0,331.95,363.0,265.1,0.83,246.0,87390.0,False,4,12,100
2021-04-10 13:00:00,7.51,58.8,380.0,52.79,342.0,284.3,1.17,231.0,87360.0,False,4,13,100
2021-04-10 14:00:00,7.7,54.55,407.0,153.31,311.0,300.75,1.17,246.0,87320.0,False,4,14,100
2021-04-10 15:00:00,7.3,56.55,265.0,70.45,230.0,290.3,1.17,247.0,87280.0,False,4,15,100
2021-04-10 16:00:00,8.88,50.7,171.0,64.63,149.0,284.3,0.9,268.0,87280.0,False,4,16,100
2021-04-10 17:00:00,8.47,54.65,53.0,11.93,51.0,284.5,0.48,283.0,87260.0,False,4,17,100
2021-04-10 18:00:00,7.78,54.55,0.0,-0.0,0.0,287.75,0.07,238.0,87270.0,False,4,18,100
2021-04-10 19:00:00,7.23,56.55,0.0,-0.0,0.0,290.3,0.69,165.0,87260.0,False,4,19,100
2021-04-10 20:00:00,4.7,65.4,0.0,-0.0,0.0,285.45,1.03,153.0,87250.0,False,4,20,100
2021-04-10 21:00:00,2.9,70.4,0.0,-0.0,0.0,286.8,1.24,152.0,87230.0,False,4,21,100
2021-04-10 22:00:00,1.74,75.95,0.0,-0.0,0.0,283.5,1.24,152.0,87210.0,False,4,22,100
2021-04-10 23:00:00,0.87,78.8,0.0,-0.0,0.0,277.1,1.31,150.0,87210.0,False,4,23,100
2021-04-11 00:00:00,0.46,81.9,0.0,-0.0,0.0,282.75,1.31,149.0,87190.0,False,4,0,101
2021-04-11 01:00:00,0.18,81.9,0.0,-0.0,0.0,284.4,1.31,149.0,87160.0,False,4,1,101
2021-04-11 02:00:00,-0.04,85.1,0.0,-0.0,0.0,281.95,1.31,149.0,87120.0,False,4,2,101
2021-04-11 03:00:00,-0.1,85.1,0.0,-0.0,0.0,285.05,1.38,148.0,87090.0,False,4,3,101
2021-04-11 04:00:00,-0.05,85.1,0.0,-0.0,0.0,287.4,1.45,144.0,87070.0,False,4,4,101
2021-04-11 05:00:00,0.17,81.9,5.0,0.0,5.0,293.55,1.45,141.0,87040.0,False,4,5,101
2021-04-11 06:00:00,0.19,81.9,146.0,286.42,84.0,273.65,1.31,143.0,87020.0,False,4,6,101
2021-04-11 07:00:00,2.71,85.4,368.0,735.73,84.0,278.85,1.17,152.0,87060.0,False,4,7,101
2021-04-11 08:00:00,5.4,79.35,546.0,840.74,95.0,281.6,1.03,162.0,87050.0,False,4,8,101
2021-04-11 09:00:00,6.54,70.95,685.0,868.47,114.0,256.8,0.9,188.0,87080.0,False,4,9,101
2021-04-11 10:00:00,7.95,61.2,804.0,952.89,98.0,260.85,0.97,215.0,87060.0,False,4,10,101
2021-04-11 11:00:00,9.24,54.9,806.0,824.57,162.0,269.2,1.66,229.0,87070.0,False,4,11,101
2021-04-11 12:00:00,10.01,51.0,843.0,954.74,103.0,281.95,2.14,233.0,87090.0,False,4,12,101
2021-04-11 13:00:00,10.29,51.1,597.0,378.71,323.0,278.85,2.34,239.0,87090.0,False,4,13,101
2021-04-11 14:00:00,9.98,57.15,368.0,95.27,308.0,282.75,2.0,246.0,87090.0,False,4,14,101
2021-04-11 15:00:00,8.96,63.8,180.0,6.0,177.0,296.3,1.86,265.0,87060.0,False,4,15,101
2021-04-11 16:00:00,6.57,85.7,40.0,0.0,40.0,287.95,1.59,262.0,87140.0,False,4,16,101
2021-04-11 17:00:00,5.2,92.25,14.0,0.0,14.0,308.5,1.03,267.0,87210.0,False,4,17,101
2021-04-11 18:00:00,4.35,95.75,0.0,-0.0,0.0,312.95,1.1,297.0,87260.0,False,4,18,101
2021-04-11 19:00:00,4.75,92.25,0.0,-0.0,0.0,322.4,0.83,318.0,87320.0,False,4,19,101
2021-04-11 20:00:00,3.23,95.7,0.0,-0.0,0.0,323.0,1.38,321.0,87390.0,False,4,20,101
2021-04-11 21:00:00,2.33,99.4,0.0,-0.0,0.0,324.15,1.24,312.0,87450.0,False,4,21,101
2021-04-11 22:00:00,1.54,99.4,0.0,-0.0,0.0,319.5,1.03,304.0,87520.0,False,4,22,101
2021-04-11 23:00:00,0.62,99.4,0.0,-0.0,0.0,318.15,0.97,284.0,87600.0,False,4,23,101
2021-04-12 00:00:00,0.2,95.65,0.0,-0.0,0.0,316.2,0.9,280.0,87640.0,False,4,0,102
2021-04-12 01:00:00,0.08,99.4,0.0,-0.0,0.0,316.5,0.83,301.0,87670.0,False,4,1,102
2021-04-12 02:00:00,-0.4,99.4,0.0,-0.0,0.0,316.2,1.03,311.0,87660.0,False,4,2,102
2021-04-12 03:00:00,-0.88,99.4,0.0,-0.0,0.0,311.2,0.97,312.0,87700.0,False,4,3,102
2021-04-12 04:00:00,-1.27,95.6,0.0,-0.0,0.0,305.55,0.83,314.0,87720.0,False,4,4,102
2021-04-12 05:00:00,-1.52,99.4,3.0,0.0,3.0,298.8,0.9,319.0,87770.0,False,4,5,102
2021-04-12 06:00:00,-1.6,99.4,46.0,0.0,46.0,299.55,1.03,329.0,87810.0,False,4,6,102
2021-04-12 07:00:00,-1.93,95.55,88.0,0.0,88.0,295.9,1.52,346.0,87940.0,False,4,7,102
2021-04-12 08:00:00,-1.92,95.55,168.0,0.0,168.0,288.15,1.59,358.0,87980.0,False,4,8,102
2021-04-12 09:00:00,-1.56,84.95,150.0,0.0,150.0,281.6,1.93,8.0,88010.0,False,4,9,102
2021-04-12 10:00:00,-0.71,75.55,245.0,0.0,245.0,277.1,2.34,11.0,88020.0,False,4,10,102
2021-04-12 11:00:00,0.14,67.2,364.0,21.65,347.0,283.3,2.41,12.0,88040.0,False,4,11,102
2021-04-12 12:00:00,0.3,67.2,240.0,0.0,240.0,280.2,2.48,10.0,88050.0,False,4,12,102
2021-04-12 13:00:00,0.32,69.95,188.0,0.0,188.0,277.7,2.55,10.0,88070.0,False,4,13,102
2021-04-12 14:00:00,0.26,69.95,119.0,0.0,119.0,273.45,2.62,12.0,88080.0,False,4,14,102
2021-04-12 15:00:00,0.12,72.65,111.0,0.0,111.0,269.2,2.41,16.0,88100.0,False,4,15,102
2021-04-12 16:00:00,-0.37,75.55,174.0,60.41,153.0,273.85,2.0,21.0,88130.0,False,4,16,102
2021-04-12 17:00:00,-0.68,75.55,50.0,5.71,49.0,262.8,1.72,24.0,88170.0,False,4,17,102
2021-04-12 18:00:00,-1.48,84.95,0.0,-0.0,0.0,245.95,1.31,27.0,88180.0,False,4,18,102
2021-04-12 19:00:00,-2.82,84.85,0.0,-0.0,0.0,223.9,0.97,31.0,88230.0,False,4,19,102
2021-04-12 20:00:00,-3.36,84.8,0.0,-0.0,0.0,229.9,0.83,39.0,88250.0,False,4,20,102
2021-04-12 21:00:00,-3.51,88.2,0.0,-0.0,0.0,220.6,0.83,36.0,88250.0,False,4,21,102
2021-04-12 22:00:00,-2.92,88.25,0.0,-0.0,0.0,217.9,0.76,35.0,88210.0,False,4,22,102
2021-04-12 23:00:00,-3.44,91.8,0.0,-0.0,0.0,218.3,0.76,31.0,88220.0,False,4,23,102
2021-04-13 00:00:00,-4.25,88.15,0.0,-0.0,0.0,224.7,0.9,26.0,88220.0,False,4,0,103
2021-04-13 01:00:00,-4.39,88.15,0.0,-0.0,0.0,215.1,0.9,33.0,88220.0,False,4,1,103
2021-04-13 02:00:00,-4.63,91.75,0.0,-0.0,0.0,223.3,0.69,47.0,88200.0,False,4,2,103
2021-04-13 03:00:00,-4.98,91.7,0.0,-0.0,0.0,240.95,0.69,53.0,88230.0,False,4,3,103
2021-04-13 04:00:00,-5.38,91.7,0.0,-0.0,0.0,220.4,0.62,74.0,88210.0,False,4,4,103
2021-04-13 05:00:00,-5.5,95.45,9.0,0.0,9.0,233.2,0.62,82.0,88230.0,False,4,5,103
2021-04-13 06:00:00,-5.31,91.7,160.0,299.53,92.0,224.7,0.69,79.0,88230.0,False,4,6,103
2021-04-13 07:00:00,-3.76,81.4,302.0,320.61,175.0,238.2,0.83,62.0,88270.0,False,4,7,103
2021-04-13 08:00:00,-2.22,66.65,410.0,269.22,263.0,226.05,1.45,38.0,88270.0,False,4,8,103
2021-04-13 09:00:00,-1.18,59.2,522.0,297.07,324.0,202.8,2.14,36.0,88250.0,False,4,9,103
2021-04-13 10:00:00,-0.21,54.8,572.0,258.87,378.0,226.6,2.48,31.0,88270.0,False,4,10,103
2021-04-13 11:00:00,0.43,54.95,548.0,171.1,413.0,228.95,2.55,28.0,88230.0,False,4,11,103
2021-04-13 12:00:00,0.89,55.05,399.0,37.05,370.0,249.85,2.48,26.0,88230.0,False,4,12,103
2021-04-13 13:00:00,1.01,55.05,501.0,166.94,379.0,265.3,2.34,23.0,88210.0,False,4,13,103
2021-04-13 14:00:00,1.11,55.05,462.0,222.95,320.0,270.55,2.28,23.0,88200.0,False,4,14,103
2021-04-13 15:00:00,1.18,55.2,147.0,0.0,147.0,254.65,2.21,24.0,88180.0,False,4,15,103
2021-04-13 16:00:00,0.86,57.35,230.0,190.77,163.0,235.5,2.14,26.0,88170.0,False,4,16,103
2021-04-13 17:00:00,-0.11,67.1,100.0,145.39,74.0,239.4,1.59,15.0,88170.0,False,4,17,103
2021-04-13 18:00:00,-1.5,78.45,0.0,0.0,0.0,209.4,1.45,15.0,88200.0,False,4,18,103
2021-04-13 19:00:00,-3.04,78.2,0.0,-0.0,0.0,209.0,1.66,32.0,88230.0,False,4,19,103
2021-04-13 20:00:00,-4.83,84.6,0.0,-0.0,0.0,205.5,1.38,43.0,88250.0,False,4,20,103
2021-04-13 21:00:00,-5.53,88.0,0.0,-0.0,0.0,203.2,1.17,54.0,88220.0,False,4,21,103
2021-04-13 22:00:00,-4.55,88.1,0.0,-0.0,0.0,201.05,1.1,61.0,88190.0,False,4,22,103
2021-04-13 23:00:00,-5.25,88.05,0.0,-0.0,0.0,198.75,1.1,65.0,88130.0,False,4,23,103
2021-04-14 00:00:00,-5.34,88.05,0.0,-0.0,0.0,200.5,1.03,67.0,88090.0,False,4,0,104
2021-04-14 01:00:00,-5.29,84.55,0.0,-0.0,0.0,194.4,1.03,70.0,88050.0,False,4,1,104
2021-04-14 02:00:00,-5.62,84.5,0.0,-0.0,0.0,192.75,1.03,72.0,88000.0,False,4,2,104
2021-04-14 03:00:00,-5.88,81.1,0.0,-0.0,0.0,192.75,1.1,69.0,87980.0,False,4,3,104
2021-04-14 04:00:00,-6.2,81.05,0.0,-0.0,0.0,190.4,1.1,67.0,87930.0,False,4,4,104
2021-04-14 05:00:00,-6.48,81.0,13.0,0.0,13.0,189.05,1.1,64.0,87930.0,False,4,5,104
2021-04-14 06:00:00,-5.42,74.8,200.0,581.35,65.0,191.0,1.03,55.0,87940.0,False,4,6,104
2021-04-14 07:00:00,-6.2,81.05,364.0,583.43,130.0,214.2,1.38,45.0,88000.0,False,4,7,104
2021-04-14 08:00:00,-2.11,64.0,505.0,555.64,199.0,208.2,1.79,40.0,87990.0,False,4,8,104
2021-04-14 09:00:00,-0.55,54.7,614.0,518.68,266.0,199.9,2.0,36.0,88000.0,False,4,9,104
2021-04-14 10:00:00,0.7,48.7,702.0,537.45,297.0,214.8,2.14,33.0,87980.0,False,4,10,104
2021-04-14 11:00:00,1.68,47.05,688.0,409.87,363.0,203.0,2.21,28.0,87950.0,False,4,11,104
2021-04-14 12:00:00,2.23,47.15,645.0,331.9,384.0,205.7,2.21,25.0,87910.0,False,4,12,104
2021-04-14 13:00:00,2.45,45.3,451.0,100.77,377.0,209.95,2.07,21.0,87900.0,False,4,13,104
2021-04-14 14:00:00,2.63,45.3,306.0,29.67,287.0,219.45,2.07,15.0,87880.0,False,4,14,104
2021-04-14 15:00:00,2.07,49.0,270.0,58.72,240.0,244.4,2.14,13.0,87890.0,False,4,15,104
2021-04-14 16:00:00,1.27,53.0,132.0,8.46,129.0,229.9,2.14,15.0,87880.0,False,4,16,104
2021-04-14 17:00:00,0.46,59.6,107.0,169.86,76.0,232.6,1.72,18.0,87910.0,False,4,17,104
2021-04-14 18:00:00,-0.74,64.35,0.0,0.0,0.0,231.05,1.45,16.0,87920.0,False,4,18,104
2021-04-14 19:00:00,-3.03,75.1,0.0,-0.0,0.0,208.6,1.38,22.0,87940.0,False,4,19,104
2021-04-14 20:00:00,-4.56,81.25,0.0,-0.0,0.0,211.9,1.17,26.0,87960.0,False,4,20,104
2021-04-14 21:00:00,-3.65,81.4,0.0,-0.0,0.0,200.5,1.03,33.0,87940.0,False,4,21,104
2021-04-14 22:00:00,-3.85,81.4,0.0,-0.0,0.0,204.75,0.9,40.0,87920.0,False,4,22,104
2021-04-14 23:00:00,-4.13,84.65,0.0,-0.0,0.0,198.95,0.9,46.0,87890.0,False,4,23,104
2021-04-15 00:00:00,-4.48,88.1,0.0,-0.0,0.0,198.55,0.9,53.0,87890.0,False,4,0,105
2021-04-15 01:00:00,-4.91,88.1,0.0,-0.0,0.0,197.1,0.9,55.0,87850.0,False,4,1,105
2021-04-15 02:00:00,-5.25,91.7,0.0,-0.0,0.0,201.85,0.97,54.0,87810.0,False,4,2,105
2021-04-15 03:00:00,-6.36,91.65,0.0,-0.0,0.0,208.6,1.03,56.0,87810.0,False,4,3,105
2021-04-15 04:00:00,-6.81,95.45,0.0,-0.0,0.0,217.7,1.03,57.0,87780.0,False,4,4,105
2021-04-15 05:00:00,-7.1,91.6,17.0,0.0,17.0,211.7,1.03,57.0,87790.0,False,4,5,105
2021-04-15 06:00:00,-6.41,88.0,205.0,594.06,64.0,224.65,1.31,52.0,87800.0,False,4,6,105
2021-04-15 07:00:00,-4.43,81.25,383.0,674.93,109.0,222.55,1.72,49.0,87850.0,False,4,7,105
2021-04-15 08:00:00,-2.37,64.0,522.0,612.24,182.0,226.6,1.93,47.0,87850.0,False,4,8,105
2021-04-15 09:00:00,-0.65,50.35,556.0,358.36,314.0,226.4,2.21,45.0,87850.0,False,4,9,105
2021-04-15 10:00:00,0.54,46.6,492.0,130.67,393.0,220.8,2.21,43.0,87840.0,False,4,10,105
2021-04-15 11:00:00,1.14,45.0,618.0,271.09,402.0,222.55,2.14,36.0,87790.0,False,4,11,105
2021-04-15 12:00:00,1.45,45.0,566.0,196.19,411.0,220.8,2.34,33.0,87770.0,False,4,12,105
2021-04-15 13:00:00,1.68,47.05,468.0,119.26,380.0,229.15,2.55,30.0,87740.0,False,4,13,105
2021-04-15 14:00:00,1.68,53.15,515.0,326.16,305.0,231.85,2.69,31.0,87720.0,False,4,14,105
2021-04-15 15:00:00,1.14,55.2,243.0,33.05,226.0,238.05,2.55,34.0,87690.0,False,4,15,105
2021-04-15 16:00:00,0.74,57.35,261.0,284.7,159.0,236.5,2.41,36.0,87660.0,False,4,16,105
2021-04-15 17:00:00,0.11,64.45,115.0,209.5,76.0,250.6,1.86,32.0,87670.0,False,4,17,105
2021-04-15 18:00:00,-1.0,72.5,0.0,0.0,0.0,235.3,1.59,23.0,87680.0,False,4,18,105
2021-04-15 19:00:00,-2.61,81.5,0.0,-0.0,0.0,224.5,1.45,25.0,87740.0,False,4,19,105
2021-04-15 20:00:00,-4.02,88.15,0.0,-0.0,0.0,213.45,1.38,30.0,87770.0,False,4,20,105
2021-04-15 21:00:00,-4.25,88.15,0.0,-0.0,0.0,225.65,1.24,35.0,87740.0,False,4,21,105
2021-04-15 22:00:00,-4.88,88.1,0.0,-0.0,0.0,227.2,1.24,41.0,87710.0,False,4,22,105
2021-04-15 23:00:00,-5.12,91.7,0.0,-0.0,0.0,222.95,1.17,47.0,87680.0,False,4,23,105
2021-04-16 00:00:00,-5.33,91.7,0.0,-0.0,0.0,223.3,1.17,47.0,87650.0,False,4,0,106
2021-04-16 01:00:00,-5.66,95.45,0.0,-0.0,0.0,232.15,1.31,47.0,87590.0,False,4,1,106
2021-04-16 02:00:00,-5.56,91.7,0.0,-0.0,0.0,239.95,1.31,46.0,87560.0,False,4,2,106
2021-04-16 03:00:00,-5.51,91.7,0.0,-0.0,0.0,245.0,1.31,44.0,87550.0,False,4,3,106
2021-04-16 04:00:00,-5.68,91.7,0.0,-0.0,0.0,230.3,1.17,44.0,87520.0,False,4,4,106
2021-04-16 05:00:00,-6.06,91.65,10.0,0.0,10.0,226.4,1.17,46.0,87520.0,False,4,5,106
2021-04-16 06:00:00,-5.43,91.7,205.0,565.14,68.0,224.5,1.31,42.0,87530.0,False,4,6,106
2021-04-16 07:00:00,-3.29,78.2,391.0,708.38,100.0,227.75,1.72,44.0,87560.0,False,4,7,106
2021-04-16 08:00:00,-0.74,61.8,559.0,764.42,131.0,220.6,2.0,45.0,87550.0,False,4,8,106
2021-04-16 09:00:00,0.92,55.05,706.0,831.4,141.0,233.75,2.21,45.0,87570.0,False,4,9,106
2021-04-16 10:00:00,2.0,51.0,762.0,711.6,220.0,237.25,2.28,39.0,87560.0,False,4,10,106
2021-04-16 11:00:00,2.33,49.15,793.0,679.52,249.0,248.3,2.28,32.0,87550.0,False,4,11,106
2021-04-16 12:00:00,3.54,47.45,826.0,806.41,186.0,256.8,2.48,30.0,87530.0,False,4,12,106
2021-04-16 13:00:00,3.53,47.45,742.0,718.96,209.0,260.5,2.69,27.0,87520.0,False,4,13,106
2021-04-16 14:00:00,3.45,47.45,615.0,622.62,212.0,252.95,2.69,29.0,87540.0,False,4,14,106
2021-04-16 15:00:00,3.4,49.4,473.0,575.52,175.0,249.85,2.69,30.0,87520.0,False,4,15,106
2021-04-16 16:00:00,2.63,53.25,311.0,522.44,122.0,249.45,2.55,28.0,87520.0,False,4,16,106
2021-04-16 17:00:00,1.91,57.6,145.0,447.85,60.0,244.4,2.14,24.0,87540.0,False,4,17,106
2021-04-16 18:00:00,0.68,62.15,0.0,0.0,0.0,228.55,1.79,19.0,87570.0,False,4,18,106
2021-04-16 19:00:00,-0.79,67.0,0.0,-0.0,0.0,227.6,1.72,21.0,87580.0,False,4,19,106
2021-04-16 20:00:00,-2.17,72.3,0.0,-0.0,0.0,225.05,1.45,26.0,87620.0,False,4,20,106
2021-04-16 21:00:00,-3.14,78.2,0.0,-0.0,0.0,223.9,1.31,34.0,87600.0,False,4,21,106
2021-04-16 22:00:00,-3.76,81.4,0.0,-0.0,0.0,219.25,1.24,41.0,87600.0,False,4,22,106
2021-04-16 23:00:00,-4.14,84.65,0.0,-0.0,0.0,219.05,1.17,43.0,87570.0,False,4,23,106
2021-04-17 00:00:00,-4.24,84.65,0.0,-0.0,0.0,215.0,1.1,45.0,87570.0,False,4,0,107
2021-04-17 01:00:00,-4.12,84.65,0.0,-0.0,0.0,214.9,1.03,51.0,87550.0,False,4,1,107
2021-04-17 02:00:00,-4.34,84.65,0.0,-0.0,0.0,216.55,0.97,57.0,87520.0,False,4,2,107
2021-04-17 03:00:00,-4.62,88.1,0.0,-0.0,0.0,213.25,0.97,60.0,87520.0,False,4,3,107
2021-04-17 04:00:00,-5.12,91.7,0.0,-0.0,0.0,212.1,0.97,59.0,87490.0,False,4,4,107
2021-04-17 05:00:00,-5.6,91.7,17.0,0.0,17.0,216.15,1.03,56.0,87490.0,False,4,5,107
2021-04-17 06:00:00,-4.44,88.1,212.0,586.04,67.0,216.95,1.03,49.0,87510.0,False,4,6,107
2021-04-17 07:00:00,-2.95,81.45,405.0,753.21,92.0,221.75,1.52,52.0,87540.0,False,4,7,107
2021-04-17 08:00:00,-0.19,67.1,567.0,781.37,126.0,233.2,1.66,42.0,87540.0,False,4,8,107
2021-04-17 09:00:00,1.55,62.25,694.0,769.24,168.0,229.7,2.07,34.0,87520.0,False,4,9,107
2021-04-17 10:00:00,2.71,53.4,787.0,781.07,189.0,240.95,2.55,36.0,87510.0,False,4,10,107
2021-04-17 11:00:00,3.38,47.45,797.0,680.1,250.0,254.1,2.76,36.0,87470.0,False,4,11,107
2021-04-17 12:00:00,4.28,47.6,784.0,663.59,255.0,256.6,2.83,35.0,87460.0,False,4,12,107
2021-04-17 13:00:00,4.47,45.7,630.0,394.75,336.0,259.9,2.83,32.0,87420.0,False,4,13,107
2021-04-17 14:00:00,3.87,49.4,585.0,513.35,251.0,273.05,2.76,24.0,87450.0,False,4,14,107
2021-04-17 15:00:00,4.02,51.4,428.0,395.26,222.0,283.5,2.76,25.0,87430.0,False,4,15,107
2021-04-17 16:00:00,3.17,55.7,285.0,369.63,150.0,282.55,2.69,23.0,87450.0,False,4,16,107
2021-04-17 17:00:00,2.16,65.0,158.0,542.88,53.0,255.45,2.14,19.0,87470.0,False,4,17,107
2021-04-17 18:00:00,1.07,72.85,0.0,0.0,0.0,236.5,1.86,18.0,87510.0,False,4,18,107
2021-04-17 19:00:00,-0.06,75.6,0.0,-0.0,0.0,241.3,1.52,20.0,87520.0,False,4,19,107
2021-04-17 20:00:00,-1.26,81.7,0.0,-0.0,0.0,244.4,1.24,23.0,87540.0,False,4,20,107
2021-04-17 21:00:00,-1.42,84.95,0.0,-0.0,0.0,232.4,1.03,26.0,87540.0,False,4,21,107
2021-04-17 22:00:00,-1.96,84.85,0.0,-0.0,0.0,232.6,0.97,31.0,87550.0,False,4,22,107
2021-04-17 23:00:00,-1.94,88.3,0.0,-0.0,0.0,235.5,0.9,40.0,87530.0,False,4,23,107
2021-04-18 00:00:00,-2.18,88.3,0.0,-0.0,0.0,241.5,0.83,47.0,87530.0,False,4,0,108
2021-04-18 01:00:00,-2.22,88.3,0.0,-0.0,0.0,244.15,0.76,47.0,87490.0,False,4,1,108
2021-04-18 02:00:00,-2.37,88.3,0.0,-0.0,0.0,232.6,0.76,53.0,87460.0,False,4,2,108
2021-04-18 03:00:00,-2.73,88.25,0.0,-0.0,0.0,246.15,0.83,62.0,87450.0,False,4,3,108
2021-04-18 04:00:00,-2.72,88.25,0.0,-0.0,0.0,236.1,0.76,58.0,87460.0,False,4,4,108
2021-04-18 05:00:00,-3.07,91.8,12.0,0.0,12.0,228.55,0.76,56.0,87460.0,False,4,5,108
2021-04-18 06:00:00,-2.52,88.25,104.0,27.74,97.0,240.35,0.76,54.0,87490.0,False,4,6,108
2021-04-18 07:00:00,-1.16,81.7,194.0,35.69,179.0,247.15,1.03,35.0,87530.0,False,4,7,108
2021-04-18 08:00:00,0.92,70.05,370.0,154.71,282.0,240.15,1.38,28.0,87530.0,False,4,8,108
2021-04-18 09:00:00,1.84,64.9,569.0,379.39,308.0,248.85,1.59,26.0,87520.0,False,4,9,108
2021-04-18 10:00:00,2.95,60.15,509.0,148.15,395.0,264.95,1.79,19.0,87530.0,False,4,10,108
2021-04-18 11:00:00,3.31,57.95,171.0,0.0,171.0,278.1,1.93,10.0,87530.0,False,4,11,108
2021-04-18 12:00:00,3.26,62.7,154.0,0.0,154.0,283.1,2.07,10.0,87530.0,False,4,12,108
2021-04-18 13:00:00,3.55,62.7,160.0,0.0,160.0,255.65,2.14,14.0,87530.0,False,4,13,108
2021-04-18 14:00:00,4.01,65.2,151.0,0.0,151.0,266.85,2.14,12.0,87540.0,False,4,14,108
2021-04-18 15:00:00,3.96,65.2,103.0,0.0,103.0,258.35,2.14,9.0,87510.0,False,4,15,108
2021-04-18 16:00:00,2.84,73.2,186.0,62.39,163.0,244.6,1.93,11.0,87510.0,False,4,16,108
2021-04-18 17:00:00,2.34,79.0,64.0,10.15,62.0,265.9,1.45,17.0,87550.0,False,4,17,108
2021-04-18 18:00:00,1.39,82.0,0.0,0.0,0.0,248.85,0.76,12.0,87590.0,False,4,18,108
2021-04-18 19:00:00,-1.03,91.95,0.0,-0.0,0.0,254.1,0.83,10.0,87660.0,False,4,19,108
2021-04-18 20:00:00,-0.91,95.6,0.0,-0.0,0.0,257.0,0.69,35.0,87690.0,False,4,20,108
2021-04-18 21:00:00,-0.57,95.6,0.0,-0.0,0.0,257.0,0.55,70.0,87670.0,False,4,21,108
2021-04-18 22:00:00,-1.01,95.6,0.0,-0.0,0.0,250.8,0.55,90.0,87670.0,False,4,22,108
2021-04-18 23:00:00,-1.26,91.95,0.0,-0.0,0.0,253.5,0.55,100.0,87640.0,False,4,23,108
2021-04-19 00:00:00,-1.57,95.6,0.0,-0.0,0.0,249.25,0.62,110.0,87620.0,False,4,0,109
2021-04-19 01:00:00,-2.16,91.85,0.0,-0.0,0.0,261.15,0.62,111.0,87600.0,False,4,1,109
2021-04-19 02:00:00,-2.69,91.85,0.0,-0.0,0.0,240.35,0.69,117.0,87590.0,False,4,2,109
2021-04-19 03:00:00,-3.0,95.55,0.0,-0.0,0.0,246.15,0.69,118.0,87580.0,False,4,3,109
2021-04-19 04:00:00,-3.27,91.8,0.0,-0.0,0.0,242.5,0.76,117.0,87560.0,False,4,4,109
2021-04-19 05:00:00,-4.09,91.75,25.0,0.0,25.0,228.15,0.9,122.0,87560.0,False,4,5,109
2021-04-19 06:00:00,-3.33,91.8,229.0,649.22,62.0,240.35,0.76,119.0,87550.0,False,4,6,109
2021-04-19 07:00:00,-0.71,88.45,420.0,788.49,85.0,237.45,0.62,97.0,87620.0,False,4,7,109
2021-04-19 08:00:00,1.5,72.95,582.0,813.04,116.0,226.6,0.97,42.0,87610.0,False,4,8,109
2021-04-19 09:00:00,2.85,65.1,693.0,747.1,176.0,230.85,1.52,34.0,87610.0,False,4,9,109
2021-04-19 10:00:00,4.12,60.3,764.0,691.82,229.0,257.4,1.93,28.0,87610.0,False,4,10,109
2021-04-19 11:00:00,4.96,55.95,714.0,452.22,347.0,252.35,2.0,22.0,87610.0,False,4,11,109
2021-04-19 12:00:00,5.64,53.9,761.0,591.97,285.0,268.6,2.07,18.0,87560.0,False,4,12,109
2021-04-19 13:00:00,6.0,51.95,453.0,98.48,379.0,280.05,2.07,11.0,87570.0,False,4,13,109
2021-04-19 14:00:00,5.92,54.05,474.0,226.71,325.0,281.75,1.93,9.0,87540.0,False,4,14,109
2021-04-19 15:00:00,5.81,56.2,343.0,162.93,257.0,262.8,1.86,7.0,87540.0,False,4,15,109
2021-04-19 16:00:00,4.7,65.4,171.0,37.63,157.0,261.65,1.24,6.0,87520.0,False,4,16,109
2021-04-19 17:00:00,3.79,73.3,124.0,209.39,82.0,259.7,0.97,348.0,87540.0,False,4,17,109
2021-04-19 18:00:00,2.91,76.1,0.0,0.0,0.0,245.95,0.9,327.0,87550.0,False,4,18,109
2021-04-19 19:00:00,2.29,70.3,0.0,-0.0,0.0,242.65,0.9,6.0,87590.0,False,4,19,109
2021-04-19 20:00:00,3.0,70.4,0.0,-0.0,0.0,238.2,0.55,51.0,87610.0,False,4,20,109
2021-04-19 21:00:00,2.21,70.3,0.0,-0.0,0.0,229.5,0.62,117.0,87560.0,False,4,21,109
2021-04-19 22:00:00,1.47,75.85,0.0,-0.0,0.0,234.75,0.62,126.0,87540.0,False,4,22,109
2021-04-19 23:00:00,-0.07,78.65,0.0,-0.0,0.0,230.65,0.9,126.0,87540.0,False,4,23,109
2021-04-20 00:00:00,-1.1,81.7,0.0,-0.0,0.0,239.4,0.97,130.0,87520.0,False,4,0,110
2021-04-20 01:00:00,-2.24,84.85,0.0,-0.0,0.0,238.9,1.03,136.0,87490.0,False,4,1,110
2021-04-20 02:00:00,-3.07,88.25,0.0,-0.0,0.0,242.5,1.1,135.0,87470.0,False,4,2,110
2021-04-20 03:00:00,-3.63,88.2,0.0,-0.0,0.0,240.15,1.17,131.0,87430.0,False,4,3,110
2021-04-20 04:00:00,-4.12,88.15,0.0,-0.0,0.0,230.1,1.24,131.0,87400.0,False,4,4,110
2021-04-20 05:00:00,-4.47,91.75,23.0,0.0,23.0,239.75,1.24,132.0,87400.0,False,4,5,110
2021-04-20 06:00:00,-2.86,84.85,188.0,320.57,104.0,239.4,0.97,134.0,87400.0,False,4,6,110
2021-04-20 07:00:00,2.34,70.3,415.0,745.21,95.0,234.75,0.28,119.0,87500.0,False,4,7,110
2021-04-20 08:00:00,4.22,62.8,603.0,878.02,96.0,234.15,0.41,45.0,87500.0,False,4,8,110
2021-04-20 09:00:00,4.77,68.0,747.0,923.83,104.0,232.05,0.69,34.0,87470.0,False,4,9,110
2021-04-20 10:00:00,6.02,58.45,738.0,608.69,265.0,235.3,1.03,19.0,87450.0,False,4,10,110
2021-04-20 11:00:00,6.54,56.3,608.0,241.69,411.0,243.85,1.17,6.0,87430.0,False,4,11,110
2021-04-20 12:00:00,6.93,52.2,414.0,42.11,380.0,249.45,1.24,353.0,87410.0,False,4,12,110
2021-04-20 13:00:00,7.4,50.35,433.0,78.17,374.0,258.15,1.31,344.0,87380.0,False,4,13,110
2021-04-20 14:00:00,7.37,52.35,432.0,151.41,332.0,259.9,1.24,343.0,87370.0,False,4,14,110
2021-04-20 15:00:00,6.75,56.45,353.0,178.87,258.0,274.6,1.1,349.0,87370.0,False,4,15,110
2021-04-20 16:00:00,6.21,58.55,256.0,231.72,169.0,255.85,1.03,357.0,87360.0,False,4,16,110
2021-04-20 17:00:00,5.3,65.55,156.0,450.7,64.0,255.45,0.83,6.0,87370.0,False,4,17,110
2021-04-20 18:00:00,5.04,68.0,0.0,0.0,0.0,247.15,0.76,26.0,87370.0,False,4,18,110
2021-04-20 19:00:00,5.44,65.55,0.0,-0.0,0.0,242.85,0.83,4.0,87380.0,False,4,19,110
2021-04-20 20:00:00,5.04,65.4,0.0,-0.0,0.0,244.2,0.48,60.0,87410.0,False,4,20,110
2021-04-20 21:00:00,4.19,67.9,0.0,-0.0,0.0,239.4,0.62,114.0,87410.0,False,4,21,110
2021-04-20 22:00:00,3.08,70.4,0.0,-0.0,0.0,238.05,0.9,128.0,87400.0,False,4,22,110
2021-04-20 23:00:00,1.0,75.75,0.0,-0.0,0.0,232.4,1.1,134.0,87410.0,False,4,23,110
2021-04-21 00:00:00,-0.45,78.6,0.0,-0.0,0.0,232.2,1.31,137.0,87390.0,False,4,0,111
2021-04-21 01:00:00,-1.6,81.65,0.0,-0.0,0.0,232.15,1.38,138.0,87360.0,False,4,1,111
2021-04-21 02:00:00,-2.79,81.5,0.0,-0.0,0.0,229.3,1.45,137.0,87340.0,False,4,2,111
2021-04-21 03:00:00,-3.68,84.7,0.0,-0.0,0.0,229.7,1.38,136.0,87320.0,False,4,3,111
2021-04-21 04:00:00,-4.02,88.15,0.0,-0.0,0.0,230.65,1.38,137.0,87320.0,False,4,4,111
2021-04-21 05:00:00,-3.88,84.7,29.0,0.0,29.0,231.45,1.31,139.0,87340.0,False,4,5,111
2021-04-21 06:00:00,-0.99,85.0,190.0,311.14,107.0,232.8,0.9,143.0,87370.0,False,4,6,111
2021-04-21 07:00:00,3.79,73.3,237.0,82.97,201.0,243.25,0.55,165.0,87490.0,False,4,7,111
2021-04-21 08:00:00,5.89,65.65,518.0,527.82,211.0,254.3,0.41,249.0,87520.0,False,4,8,111
2021-04-21 09:00:00,6.17,68.2,671.0,650.05,216.0,264.55,0.62,296.0,87520.0,False,4,9,111
2021-04-21 10:00:00,6.81,65.85,489.0,117.83,397.0,262.4,0.9,321.0,87520.0,False,4,10,111
2021-04-21 11:00:00,7.38,65.95,276.0,1.22,275.0,274.8,1.24,334.0,87520.0,False,4,11,111
2021-04-21 12:00:00,8.1,63.6,533.0,144.31,416.0,272.3,1.38,346.0,87480.0,False,4,12,111
2021-04-21 13:00:00,8.48,61.3,363.0,29.03,341.0,278.85,1.38,359.0,87450.0,False,4,13,111
2021-04-21 14:00:00,8.2,63.6,250.0,6.03,246.0,280.8,1.38,7.0,87430.0,False,4,14,111
2021-04-21 15:00:00,6.58,79.5,382.0,241.42,253.0,281.0,0.76,30.0,87430.0,False,4,15,111
2021-04-21 16:00:00,7.91,73.95,108.0,0.0,108.0,271.9,0.41,34.0,87430.0,False,4,16,111
2021-04-21 17:00:00,6.73,76.65,53.0,0.0,53.0,281.4,0.69,352.0,87430.0,False,4,17,111
2021-04-21 18:00:00,4.81,85.55,1.0,0.0,1.0,274.2,0.76,336.0,87470.0,False,4,18,111
2021-04-21 19:00:00,4.43,85.5,0.0,-0.0,0.0,260.3,0.62,104.0,87560.0,False,4,19,111
2021-04-21 20:00:00,4.03,85.45,0.0,-0.0,0.0,270.35,0.83,122.0,87620.0,False,4,20,111
2021-04-21 21:00:00,2.48,82.15,0.0,-0.0,0.0,256.6,0.97,126.0,87610.0,False,4,21,111
2021-04-21 22:00:00,1.09,85.2,0.0,-0.0,0.0,244.6,1.1,131.0,87610.0,False,4,22,111
2021-04-21 23:00:00,-0.14,85.1,0.0,-0.0,0.0,240.15,1.17,136.0,87620.0,False,4,23,111
2021-04-22 00:00:00,-1.23,85.0,0.0,-0.0,0.0,239.75,1.31,139.0,87630.0,False,4,0,112
2021-04-22 01:00:00,-2.3,84.85,0.0,-0.0,0.0,236.4,1.38,137.0,87630.0,False,4,1,112
2021-04-22 02:00:00,-3.07,88.25,0.0,-0.0,0.0,238.2,1.38,134.0,87630.0,False,4,2,112
2021-04-22 03:00:00,-3.77,88.2,0.0,-0.0,0.0,233.6,1.45,134.0,87630.0,False,4,3,112
2021-04-22 04:00:00,-4.1,91.75,0.0,-0.0,0.0,240.15,1.45,134.0,87640.0,False,4,4,112
2021-04-22 05:00:00,-3.97,91.75,30.0,0.0,30.0,243.25,1.31,134.0,87630.0,False,4,5,112
2021-04-22 06:00:00,-1.28,91.95,239.0,630.02,68.0,246.75,1.03,134.0,87690.0,False,4,6,112
2021-04-22 07:00:00,4.07,85.45,427.0,766.63,91.0,240.35,0.41,118.0,87780.0,False,4,7,112
2021-04-22 08:00:00,5.83,70.85,601.0,843.35,107.0,243.45,0.62,36.0,87820.0,False,4,8,112
2021-04-22 09:00:00,6.62,65.75,686.0,690.53,200.0,242.5,1.31,34.0,87820.0,False,4,9,112
2021-04-22 10:00:00,7.92,56.7,654.0,382.47,354.0,250.2,1.86,35.0,87830.0,False,4,10,112
2021-04-22 11:00:00,8.8,50.7,597.0,218.99,417.0,255.85,2.07,33.0,87830.0,False,4,11,112
2021-04-22 12:00:00,9.31,48.95,822.0,751.81,210.0,254.65,2.34,30.0,87810.0,False,4,12,112
2021-04-22 13:00:00,9.43,50.85,623.0,358.69,350.0,261.45,2.34,27.0,87810.0,False,4,13,112
2021-04-22 14:00:00,9.52,50.85,647.0,691.36,186.0,264.35,2.34,27.0,87810.0,False,4,14,112
2021-04-22 15:00:00,9.07,54.8,484.0,567.4,179.0,254.85,2.28,28.0,87800.0,False,4,15,112
2021-04-22 16:00:00,8.46,59.0,315.0,465.81,137.0,261.85,2.07,23.0,87810.0,False,4,16,112
2021-04-22 17:00:00,7.41,65.95,175.0,568.29,55.0,256.05,1.79,17.0,87830.0,False,4,17,112
2021-04-22 18:00:00,6.09,73.65,4.0,0.0,4.0,264.15,1.66,18.0,87880.0,False,4,18,112
2021-04-22 19:00:00,5.08,76.3,0.0,-0.0,0.0,254.85,1.59,26.0,87890.0,False,4,19,112
2021-04-22 20:00:00,4.22,76.25,0.0,-0.0,0.0,242.3,1.31,36.0,87970.0,False,4,20,112
2021-04-22 21:00:00,3.71,79.15,0.0,-0.0,0.0,245.2,1.1,53.0,87960.0,False,4,21,112
2021-04-22 22:00:00,2.81,79.1,0.0,-0.0,0.0,237.45,1.1,67.0,87980.0,False,4,22,112
2021-04-22 23:00:00,1.69,82.05,0.0,-0.0,0.0,234.75,1.17,78.0,87960.0,False,4,23,112
2021-04-23 00:00:00,0.63,88.5,0.0,-0.0,0.0,232.6,1.17,85.0,87960.0,False,4,0,113
2021-04-23 01:00:00,-0.31,88.45,0.0,-0.0,0.0,233.5,1.24,92.0,87950.0,False,4,1,113
2021-04-23 02:00:00,-1.1,88.4,0.0,-0.0,0.0,230.5,1.24,101.0,87960.0,False,4,2,113
2021-04-23 03:00:00,-1.85,88.35,0.0,-0.0,0.0,228.15,1.24,106.0,87960.0,False,4,3,113
2021-04-23 04:00:00,-2.81,91.85,0.0,-0.0,0.0,230.65,1.24,110.0,87960.0,False,4,4,113
2021-04-23 05:00:00,-2.82,88.25,30.0,0.0,30.0,224.65,1.24,110.0,87980.0,False,4,5,113
2021-04-23 06:00:00,0.34,88.5,251.0,673.9,65.0,230.85,0.76,97.0,88030.0,False,4,6,113
2021-04-23 07:00:00,3.89,79.15,442.0,804.33,86.0,231.45,0.9,60.0,88140.0,False,4,7,113
2021-04-23 08:00:00,5.18,68.1,621.0,891.81,95.0,231.25,1.24,42.0,88150.0,False,4,8,113
2021-04-23 09:00:00,7.15,58.65,776.0,968.07,91.0,234.95,1.52,34.0,88150.0,False,4,9,113
2021-04-23 10:00:00,8.61,52.6,876.0,992.49,94.0,237.65,1.72,27.0,88160.0,False,4,10,113
2021-04-23 11:00:00,9.73,45.4,919.0,993.56,99.0,241.15,1.93,25.0,88160.0,False,4,11,113
2021-04-23 12:00:00,10.42,43.8,913.0,1003.38,93.0,244.6,2.07,23.0,88150.0,False,4,12,113
2021-04-23 13:00:00,10.84,42.3,836.0,956.52,105.0,246.75,2.21,24.0,88140.0,False,4,13,113
2021-04-23 14:00:00,10.89,42.3,720.0,929.97,97.0,247.7,2.21,27.0,88140.0,False,4,14,113
2021-04-23 15:00:00,10.56,45.55,551.0,828.54,103.0,249.65,2.14,29.0,88120.0,False,4,15,113
2021-04-23 16:00:00,9.69,50.85,376.0,773.17,78.0,251.2,1.93,27.0,88100.0,False,4,16,113
2021-04-23 17:00:00,7.94,61.2,176.0,549.75,58.0,248.65,1.45,16.0,88110.0,False,4,17,113
2021-04-23 18:00:00,6.35,68.3,5.0,0.0,5.0,246.95,1.24,15.0,88120.0,False,4,18,113
2021-04-23 19:00:00,6.54,65.75,0.0,-0.0,0.0,242.1,1.1,38.0,88140.0,False,4,19,113
2021-04-23 20:00:00,6.68,63.25,0.0,-0.0,0.0,239.2,0.97,70.0,88180.0,False,4,20,113
2021-04-23 21:00:00,5.79,63.15,0.0,-0.0,0.0,237.05,0.97,95.0,88170.0,False,4,21,113
2021-04-23 22:00:00,3.68,67.8,0.0,-0.0,0.0,235.7,1.17,116.0,88170.0,False,4,22,113
2021-04-23 23:00:00,1.64,72.95,0.0,-0.0,0.0,234.95,1.38,129.0,88150.0,False,4,23,113
2021-04-24 00:00:00,-0.03,78.65,0.0,-0.0,0.0,233.6,1.59,135.0,88120.0,False,4,0,114
2021-04-24 01:00:00,-1.67,81.65,0.0,-0.0,0.0,232.7,1.66,135.0,88100.0,False,4,1,114
2021-04-24 02:00:00,-2.58,84.85,0.0,-0.0,0.0,231.25,1.66,135.0,88070.0,False,4,2,114
2021-04-24 03:00:00,-3.01,84.8,0.0,-0.0,0.0,230.3,1.59,136.0,88050.0,False,4,3,114
2021-04-24 04:00:00,-3.2,84.8,0.0,-0.0,0.0,230.65,1.59,135.0,88050.0,False,4,4,114
2021-04-24 05:00:00,-3.13,84.8,32.0,0.0,32.0,231.45,1.52,135.0,88070.0,False,4,5,114
2021-04-24 06:00:00,-0.21,85.1,247.0,623.86,72.0,233.2,1.1,138.0,88090.0,False,4,6,114
2021-04-24 07:00:00,6.78,63.35,438.0,769.83,94.0,245.0,0.62,150.0,88160.0,False,4,7,114
2021-04-24 08:00:00,9.81,43.7,617.0,865.63,103.0,251.2,0.41,236.0,88180.0,False,4,8,114
2021-04-24 09:00:00,9.67,54.9,774.0,956.0,94.0,256.6,0.76,279.0,88170.0,False,4,9,114
2021-04-24 10:00:00,10.09,57.15,867.0,961.6,106.0,260.1,1.17,281.0,88150.0,False,4,10,114
2021-04-24 11:00:00,11.42,49.45,924.0,1001.7,94.0,267.85,1.45,288.0,88120.0,False,4,11,114
2021-04-24 12:00:00,12.32,44.35,913.0,998.32,94.0,269.0,1.72,296.0,88090.0,False,4,12,114
2021-04-24 13:00:00,12.36,44.35,845.0,977.46,95.0,277.3,1.72,295.0,88050.0,False,4,13,114
2021-04-24 14:00:00,12.28,42.7,706.0,876.7,116.0,286.4,1.72,296.0,88060.0,False,4,14,114
2021-04-24 15:00:00,11.43,45.8,482.0,527.73,195.0,308.5,1.59,300.0,88030.0,False,4,15,114
2021-04-24 16:00:00,10.41,51.1,326.0,483.67,138.0,298.8,1.24,304.0,88020.0,False,4,16,114
2021-04-24 17:00:00,13.05,42.8,148.0,288.86,85.0,311.4,0.69,325.0,88020.0,False,4,17,114
2021-04-24 18:00:00,12.03,49.6,8.0,0.0,8.0,306.95,0.55,5.0,88010.0,False,4,18,114
2021-04-24 19:00:00,11.8,44.2,0.0,-0.0,0.0,287.0,0.28,34.0,87940.0,False,4,19,114
2021-04-24 20:00:00,10.81,47.45,0.0,-0.0,0.0,288.75,0.48,94.0,87950.0,False,4,20,114
2021-04-24 21:00:00,9.55,52.85,0.0,-0.0,0.0,279.25,0.62,129.0,87940.0,False,4,21,114
2021-04-24 22:00:00,7.72,56.7,0.0,-0.0,0.0,279.65,0.97,137.0,87950.0,False,4,22,114
2021-04-24 23:00:00,4.9,68.0,0.0,-0.0,0.0,270.55,1.31,139.0,87920.0,False,4,23,114
2021-04-25 00:00:00,2.59,73.1,0.0,-0.0,0.0,256.8,1.52,142.0,87900.0,False,4,0,115
2021-04-25 01:00:00,1.11,81.95,0.0,-0.0,0.0,263.9,1.52,140.0,87890.0,False,4,1,115
2021-04-25 02:00:00,-0.1,85.1,0.0,-0.0,0.0,252.95,1.59,139.0,87850.0,False,4,2,115
2021-04-25 03:00:00,-0.41,85.05,0.0,-0.0,0.0,259.7,1.52,140.0,87820.0,False,4,3,115
2021-04-25 04:00:00,-0.93,85.0,0.0,-0.0,0.0,249.45,1.52,138.0,87790.0,False,4,4,115
2021-04-25 05:00:00,-1.04,85.0,39.0,0.0,39.0,248.65,1.45,134.0,87790.0,False,4,5,115
2021-04-25 06:00:00,1.93,85.3,242.0,561.52,82.0,249.05,0.97,129.0,87800.0,False,4,6,115
2021-04-25 07:00:00,7.78,63.6,442.0,773.8,93.0,251.0,0.55,78.0,87860.0,False,4,7,115
2021-04-25 08:00:00,9.06,56.9,617.0,858.32,104.0,256.4,1.03,31.0,87870.0,False,4,8,115
2021-04-25 09:00:00,8.97,61.45,754.0,888.19,119.0,260.5,1.31,24.0,87870.0,False,4,9,115
2021-04-25 10:00:00,9.92,55.05,857.0,931.06,117.0,263.2,1.45,17.0,87850.0,False,4,10,115
2021-04-25 11:00:00,11.01,53.25,899.0,930.51,125.0,259.5,1.52,4.0,87850.0,False,4,11,115
2021-04-25 12:00:00,11.81,47.75,911.0,990.94,95.0,259.9,1.79,360.0,87820.0,False,4,12,115
2021-04-25 13:00:00,12.1,47.75,846.0,978.82,92.0,261.65,1.93,3.0,87810.0,False,4,13,115
2021-04-25 14:00:00,11.88,47.75,709.0,881.66,113.0,268.8,1.79,9.0,87770.0,False,4,14,115
2021-04-25 15:00:00,11.28,51.35,563.0,862.98,91.0,269.0,1.72,13.0,87740.0,False,4,15,115
2021-04-25 16:00:00,10.51,55.15,311.0,403.13,153.0,268.6,1.72,15.0,87690.0,False,4,16,115
2021-04-25 17:00:00,9.09,63.8,82.0,18.06,78.0,266.65,1.52,16.0,87700.0,False,4,17,115
2021-04-25 18:00:00,7.39,71.15,4.0,0.0,4.0,263.2,1.38,24.0,87670.0,False,4,18,115
2021-04-25 19:00:00,6.66,73.7,0.0,-0.0,0.0,269.0,1.45,29.0,87610.0,False,4,19,115
2021-04-25 20:00:00,6.95,71.05,0.0,-0.0,0.0,267.45,1.31,49.0,87610.0,False,4,20,115
2021-04-25 21:00:00,6.39,73.7,0.0,-0.0,0.0,267.25,1.17,66.0,87570.0,False,4,21,115
2021-04-25 22:00:00,4.91,76.3,0.0,-0.0,0.0,269.95,1.17,81.0,87540.0,False,4,22,115
2021-04-25 23:00:00,4.19,76.25,0.0,-0.0,0.0,274.6,1.1,92.0,87480.0,False,4,23,115
2021-04-26 00:00:00,4.01,79.15,0.0,-0.0,0.0,279.85,0.97,93.0,87450.0,False,4,0,116
2021-04-26 01:00:00,3.67,79.15,0.0,-0.0,0.0,287.1,1.03,84.0,87420.0,False,4,1,116
2021-04-26 02:00:00,3.04,79.1,0.0,-0.0,0.0,284.1,1.1,84.0,87370.0,False,4,2,116
2021-04-26 03:00:00,2.81,79.1,0.0,-0.0,0.0,284.3,1.03,91.0,87340.0,False,4,3,116
2021-04-26 04:00:00,2.54,79.0,0.0,-0.0,0.0,288.95,1.03,98.0,87320.0,False,4,4,116
2021-04-26 05:00:00,2.43,79.0,9.0,0.0,9.0,295.3,1.03,103.0,87320.0,False,4,5,116
2021-04-26 06:00:00,3.5,82.25,58.0,0.0,58.0,306.75,0.76,109.0,87320.0,False,4,6,116
2021-04-26 07:00:00,5.94,76.5,124.0,0.0,124.0,292.4,0.62,89.0,87360.0,False,4,7,116
2021-04-26 08:00:00,7.79,66.05,233.0,8.31,228.0,301.5,0.55,71.0,87330.0,False,4,8,116
2021-04-26 09:00:00,8.68,63.7,513.0,219.9,355.0,295.7,0.62,62.0,87300.0,False,4,9,116
2021-04-26 10:00:00,7.86,68.6,425.0,53.88,382.0,297.85,0.97,49.0,87260.0,False,4,10,116
2021-04-26 11:00:00,9.21,66.25,681.0,354.51,385.0,294.15,1.31,38.0,87200.0,False,4,11,116
2021-04-26 12:00:00,9.62,63.9,543.0,147.61,421.0,295.9,1.52,32.0,87170.0,False,4,12,116
2021-04-26 13:00:00,9.65,63.9,430.0,69.83,376.0,300.35,1.45,32.0,87100.0,False,4,13,116
2021-04-26 14:00:00,10.16,61.65,475.0,209.14,333.0,301.1,1.59,27.0,87020.0,False,4,14,116
2021-04-26 15:00:00,9.93,64.0,287.0,61.82,253.0,300.55,1.45,26.0,87010.0,False,4,15,116
2021-04-26 16:00:00,8.96,68.8,191.0,50.62,171.0,306.95,1.31,23.0,86950.0,False,4,16,116
2021-04-26 17:00:00,8.03,71.25,116.0,102.25,93.0,310.8,1.17,18.0,86920.0,False,4,17,116
2021-04-26 18:00:00,7.05,76.65,3.0,0.0,3.0,322.4,1.17,16.0,86920.0,False,4,18,116
2021-04-26 19:00:00,7.01,73.8,0.0,-0.0,0.0,302.65,1.45,30.0,86880.0,False,4,19,116
2021-04-26 20:00:00,6.09,76.5,0.0,-0.0,0.0,297.65,1.31,44.0,86870.0,False,4,20,116
2021-04-26 21:00:00,5.97,76.5,0.0,-0.0,0.0,299.75,1.1,59.0,86820.0,False,4,21,116
2021-04-26 22:00:00,5.82,76.5,0.0,-0.0,0.0,285.25,0.9,85.0,86780.0,False,4,22,116
2021-04-26 23:00:00,5.5,76.4,0.0,-0.0,0.0,276.15,0.76,80.0,86740.0,False,4,23,116
2021-04-27 00:00:00,4.91,79.3,0.0,-0.0,0.0,272.5,0.83,75.0,86730.0,False,4,0,117
2021-04-27 01:00:00,4.39,79.2,0.0,-0.0,0.0,276.25,0.83,91.0,86690.0,False,4,1,117
2021-04-27 02:00:00,3.45,79.15,0.0,-0.0,0.0,285.65,0.9,109.0,86670.0,False,4,2,117
2021-04-27 03:00:00,2.58,82.15,0.0,-0.0,0.0,282.55,0.97,118.0,86640.0,False,4,3,117
2021-04-27 04:00:00,1.63,88.6,0.0,-0.0,0.0,287.75,1.03,124.0,86630.0,False,4,4,117
2021-04-27 05:00:00,1.62,88.6,22.0,0.0,22.0,291.05,1.03,123.0,86630.0,False,4,5,117
2021-04-27 06:00:00,3.66,85.45,146.0,71.53,125.0,291.85,0.55,117.0,86630.0,False,4,6,117
2021-04-27 07:00:00,6.04,76.5,192.0,19.6,183.0,271.5,0.34,31.0,86680.0,False,4,7,117
2021-04-27 08:00:00,7.88,63.6,271.0,23.13,257.0,278.85,0.55,356.0,86680.0,False,4,8,117
2021-04-27 09:00:00,7.74,68.6,658.0,549.88,261.0,279.45,0.69,347.0,86700.0,False,4,9,117
2021-04-27 10:00:00,8.15,71.25,843.0,878.48,139.0,275.95,0.9,341.0,86680.0,False,4,10,117
2021-04-27 11:00:00,9.72,61.65,907.0,939.09,120.0,278.1,1.31,336.0,86660.0,False,4,11,117
2021-04-27 12:00:00,10.4,61.75,886.0,911.45,130.0,286.2,1.24,338.0,86630.0,False,4,12,117
2021-04-27 13:00:00,10.39,59.5,733.0,611.95,258.0,296.1,1.17,336.0,86610.0,False,4,13,117
2021-04-27 14:00:00,10.41,59.5,570.0,409.14,291.0,287.2,1.24,333.0,86590.0,False,4,14,117
2021-04-27 15:00:00,10.0,61.65,553.0,804.66,108.0,283.5,1.24,334.0,86580.0,False,4,15,117
2021-04-27 16:00:00,8.79,66.25,331.0,479.52,140.0,289.3,1.03,337.0,86580.0,False,4,16,117
2021-04-27 17:00:00,10.88,57.4,94.0,35.04,86.0,296.1,0.62,349.0,86590.0,False,4,17,117
2021-04-27 18:00:00,10.23,61.75,6.0,0.0,6.0,316.0,0.41,28.0,86580.0,False,4,18,117
2021-04-27 19:00:00,9.37,61.55,0.0,-0.0,0.0,280.4,0.69,29.0,86560.0,False,4,19,117
2021-04-27 20:00:00,8.73,61.45,0.0,-0.0,0.0,285.45,0.62,83.0,86580.0,False,4,20,117
2021-04-27 21:00:00,8.08,66.05,0.0,-0.0,0.0,297.85,0.76,123.0,86600.0,False,4,21,117
2021-04-27 22:00:00,6.78,71.05,0.0,-0.0,0.0,305.0,0.9,144.0,86610.0,False,4,22,117
2021-04-27 23:00:00,5.05,82.35,0.0,-0.0,0.0,299.95,1.03,154.0,86610.0,False,4,23,117
2021-04-28 00:00:00,4.09,88.75,0.0,-0.0,0.0,311.55,1.1,154.0,86610.0,False,4,0,118
2021-04-28 01:00:00,3.5,88.75,0.0,-0.0,0.0,310.7,1.1,157.0,86610.0,False,4,1,118
2021-04-28 02:00:00,3.47,88.75,0.0,-0.0,0.0,313.7,1.1,160.0,86600.0,False,4,2,118
2021-04-28 03:00:00,3.53,88.75,0.0,-0.0,0.0,319.1,1.1,158.0,86610.0,False,4,3,118
2021-04-28 04:00:00,3.34,92.15,0.0,-0.0,0.0,318.75,1.17,153.0,86620.0,False,4,4,118
2021-04-28 05:00:00,3.3,92.15,7.0,0.0,7.0,319.7,1.1,149.0,86630.0,False,4,5,118
2021-04-28 06:00:00,4.32,95.75,116.0,20.15,110.0,318.35,0.83,155.0,86660.0,False,4,6,118
2021-04-28 07:00:00,6.81,89.0,119.0,0.0,119.0,306.75,0.69,163.0,86660.0,False,4,7,118
2021-04-28 08:00:00,7.63,82.65,368.0,118.25,296.0,313.1,0.76,165.0,86660.0,False,4,8,118
2021-04-28 09:00:00,7.35,76.7,499.0,193.0,359.0,307.5,0.76,187.0,86640.0,False,4,9,118
2021-04-28 10:00:00,8.29,71.35,470.0,89.49,398.0,296.3,0.9,226.0,86630.0,False,4,10,118
2021-04-28 11:00:00,9.28,66.35,672.0,334.1,391.0,303.85,1.03,236.0,86620.0,False,4,11,118
2021-04-28 12:00:00,9.29,66.35,215.0,0.0,215.0,317.0,1.17,234.0,86580.0,False,4,12,118
2021-04-28 13:00:00,9.07,71.4,161.0,0.0,161.0,322.8,1.31,237.0,86580.0,False,4,13,118
2021-04-28 14:00:00,8.64,74.05,283.0,13.14,274.0,330.95,1.52,251.0,86580.0,False,4,14,118
2021-04-28 15:00:00,7.37,82.65,224.0,12.59,217.0,321.05,1.17,259.0,86610.0,False,4,15,118
2021-04-28 16:00:00,7.71,85.85,62.0,0.0,62.0,316.8,0.76,233.0,86600.0,False,4,16,118
2021-04-28 17:00:00,7.79,89.05,55.0,0.0,55.0,323.75,0.69,202.0,86600.0,False,4,17,118
2021-04-28 18:00:00,6.8,89.0,3.0,0.0,3.0,313.5,0.83,188.0,86590.0,False,4,18,118
2021-04-28 19:00:00,6.97,89.0,0.0,-0.0,0.0,315.25,0.97,219.0,86600.0,False,4,19,118
2021-04-28 20:00:00,6.04,92.3,0.0,-0.0,0.0,318.95,1.1,204.0,86650.0,False,4,20,118
2021-04-28 21:00:00,5.36,92.25,0.0,-0.0,0.0,319.1,1.17,201.0,86670.0,False,4,21,118
2021-04-28 22:00:00,5.28,92.25,0.0,-0.0,0.0,318.95,1.1,204.0,86670.0,False,4,22,118
2021-04-28 23:00:00,5.29,92.25,0.0,-0.0,0.0,326.3,1.03,225.0,86690.0,False,4,23,118
2021-04-29 00:00:00,4.8,92.25,0.0,-0.0,0.0,327.05,1.17,242.0,86710.0,False,4,0,119
2021-04-29 01:00:00,4.75,92.25,0.0,-0.0,0.0,314.8,1.1,249.0,86730.0,False,4,1,119
2021-04-29 02:00:00,4.8,95.75,0.0,-0.0,0.0,319.7,0.9,250.0,86740.0,False,4,2,119
2021-04-29 03:00:00,4.97,95.75,0.0,-0.0,0.0,328.05,0.69,232.0,86730.0,False,4,3,119
2021-04-29 04:00:00,4.77,95.75,0.0,-0.0,0.0,319.5,0.62,199.0,86750.0,False,4,4,119
2021-04-29 05:00:00,4.57,99.4,22.0,0.0,22.0,316.05,0.69,190.0,86760.0,False,4,5,119
2021-04-29 06:00:00,5.02,95.75,131.0,36.44,120.0,322.8,0.55,205.0,86780.0,False,4,6,119
2021-04-29 07:00:00,4.32,95.75,166.0,6.43,163.0,317.2,0.9,175.0,86810.0,False,4,7,119
2021-04-29 08:00:00,4.64,95.75,316.0,55.51,282.0,309.45,1.1,193.0,86810.0,False,4,8,119
2021-04-29 09:00:00,5.45,88.85,142.0,0.0,142.0,317.0,0.9,207.0,86830.0,False,4,9,119
2021-04-29 10:00:00,6.49,82.55,344.0,13.62,333.0,306.75,0.9,222.0,86830.0,False,4,10,119
2021-04-29 11:00:00,7.88,73.95,423.0,39.1,390.0,308.3,1.31,243.0,86810.0,False,4,11,119
2021-04-29 12:00:00,8.55,68.7,565.0,170.02,423.0,318.35,1.59,258.0,86800.0,False,4,12,119
2021-04-29 13:00:00,8.42,74.05,257.0,1.28,256.0,311.4,1.66,268.0,86820.0,False,4,13,119
2021-04-29 14:00:00,7.15,82.6,179.0,0.0,179.0,324.95,1.31,276.0,86840.0,False,4,14,119
2021-04-29 15:00:00,5.9,88.9,111.0,0.0,111.0,318.15,0.83,287.0,86850.0,False,4,15,119
2021-04-29 16:00:00,5.51,92.25,69.0,0.0,69.0,332.5,0.69,287.0,86860.0,False,4,16,119
2021-04-29 17:00:00,6.55,88.95,17.0,0.0,17.0,330.35,0.41,302.0,86880.0,False,4,17,119
2021-04-29 18:00:00,6.19,88.95,5.0,0.0,5.0,331.7,0.21,39.0,86900.0,False,4,18,119
2021-04-29 19:00:00,5.27,92.25,0.0,-0.0,0.0,289.1,0.21,197.0,86960.0,False,4,19,119
2021-04-29 20:00:00,5.01,95.75,0.0,-0.0,0.0,307.1,0.07,70.0,87000.0,False,4,20,119
2021-04-29 21:00:00,4.77,95.75,0.0,-0.0,0.0,311.55,0.28,75.0,87010.0,False,4,21,119
2021-04-29 22:00:00,4.56,95.75,0.0,-0.0,0.0,317.75,0.28,92.0,87010.0,False,4,22,119
2021-04-29 23:00:00,4.24,95.75,0.0,-0.0,0.0,307.1,0.28,76.0,87030.0,False,4,23,119
2021-04-30 00:00:00,3.84,99.4,0.0,-0.0,0.0,301.1,0.41,93.0,87050.0,False,4,0,120
2021-04-30 01:00:00,3.78,99.4,0.0,-0.0,0.0,305.9,0.48,105.0,87020.0,False,4,1,120
2021-04-30 02:00:00,2.81,95.7,0.0,-0.0,0.0,292.4,0.69,116.0,87000.0,False,4,2,120
2021-04-30 03:00:00,1.88,95.65,0.0,-0.0,0.0,293.75,0.83,123.0,86950.0,False,4,3,120
2021-04-30 04:00:00,1.25,99.4,0.0,-0.0,0.0,292.2,0.9,124.0,86950.0,False,4,4,120
2021-04-30 05:00:00,0.81,99.35,49.0,0.0,49.0,285.45,1.03,123.0,86950.0,False,4,5,120
2021-04-30 06:00:00,2.39,95.7,139.0,45.77,125.0,293.55,0.83,115.0,86960.0,False,4,6,120
2021-04-30 07:00:00,4.65,95.75,315.0,203.98,219.0,297.65,0.83,35.0,86900.0,False,4,7,120
2021-04-30 08:00:00,5.23,92.25,308.0,47.08,279.0,288.75,0.97,7.0,86920.0,False,4,8,120
2021-04-30 09:00:00,5.98,92.3,299.0,10.93,291.0,308.85,1.1,352.0,86950.0,False,4,9,120
2021-04-30 10:00:00,5.99,95.75,112.0,0.0,112.0,322.4,1.24,345.0,86970.0,False,4,10,120
2021-04-30 11:00:00,6.49,95.8,94.0,0.0,94.0,311.2,1.24,329.0,87010.0,False,4,11,120
2021-04-30 12:00:00,6.73,92.35,96.0,0.0,96.0,324.95,1.24,331.0,87010.0,False,4,12,120
2021-04-30 13:00:00,6.18,95.8,81.0,0.0,81.0,320.85,1.17,336.0,87020.0,False,4,13,120
2021-04-30 14:00:00,6.01,99.4,74.0,0.0,74.0,324.95,1.17,338.0,86980.0,False,4,14,120
2021-04-30 15:00:00,5.7,95.75,85.0,0.0,85.0,331.9,1.1,336.0,86990.0,False,4,15,120
2021-04-30 16:00:00,4.34,99.06,66.0,0.0,66.0,322.12,0.76,333.0,87010.0,False,4,16,120
2021-04-30 17:00:00,4.18,98.56,17.0,0.0,17.0,321.45,0.77,336.0,87030.0,False,4,17,120
2021-04-30 18:00:00,4.03,98.07,3.0,0.0,3.0,320.78,0.78,344.0,87090.0,False,4,18,120
2021-04-30 19:00:00,3.87,97.58,0.0,-0.0,0.0,320.12,0.79,33.0,87110.0,False,4,19,120
2021-04-30 20:00:00,3.71,97.08,0.0,-0.0,0.0,319.45,0.8,51.0,87170.0,False,4,20,120
2021-04-30 21:00:00,3.56,96.59,0.0,-0.0,0.0,318.79,0.81,67.0,87170.0,False,4,21,120
2021-04-30 22:00:00,3.4,96.1,0.0,-0.0,0.0,318.12,0.82,75.0,87170.0,False,4,22,120
2021-04-30 23:00:00,3.24,95.61,0.0,-0.0,0.0,317.46,0.83,79.0,87130.0,False,4,23,120
2018-05-01 00:00:00,3.09,95.11,0.0,-0.0,0.0,316.79,0.84,255.0,87170.0,True,5,0,121
2018-05-01 01:00:00,2.93,94.62,0.0,-0.0,0.0,316.13,0.85,268.0,87150.0,True,5,1,121
2018-05-01 02:00:00,2.77,94.13,0.0,-0.0,0.0,315.46,0.86,278.0,87140.0,True,5,2,121
2018-05-01 03:00:00,2.62,93.63,0.0,-0.0,0.0,314.8,0.87,295.0,87140.0,True,5,3,121
2018-05-01 04:00:00,2.46,93.14,0.0,-0.0,0.0,314.13,0.88,306.0,87170.0,True,5,4,121
2018-05-01 05:00:00,2.3,92.65,40.0,0.0,40.0,313.47,0.89,320.0,87190.0,True,5,5,121
2018-05-01 06:00:00,2.15,92.16,35.0,0.0,35.0,312.8,0.9,336.0,87230.0,True,5,6,121
2018-05-01 07:00:00,1.99,91.66,79.0,0.0,79.0,312.13,0.92,15.0,87270.0,True,5,7,121
2018-05-01 08:00:00,2.15,95.65,222.0,4.84,219.0,320.85,0.9,27.0,87310.0,True,5,8,121
2018-05-01 09:00:00,2.68,92.15,312.0,14.96,301.0,311.2,1.17,26.0,87320.0,True,5,9,121
2018-05-01 10:00:00,3.42,85.45,237.0,0.0,237.0,320.85,1.38,25.0,87300.0,True,5,10,121
2018-05-01 11:00:00,4.11,82.3,220.0,0.0,220.0,321.85,1.59,16.0,87290.0,True,5,11,121
2018-05-01 12:00:00,4.22,82.3,217.0,0.0,217.0,323.95,1.66,9.0,87280.0,True,5,12,121
2018-05-01 13:00:00,4.08,85.5,197.0,0.0,197.0,320.5,1.52,10.0,87290.0,True,5,13,121
2018-05-01 14:00:00,4.45,82.35,257.0,5.77,253.0,315.45,1.52,17.0,87280.0,True,5,14,121
2018-05-01 15:00:00,4.39,85.55,227.0,12.39,220.0,312.35,1.52,20.0,87260.0,True,5,15,121
2018-05-01 16:00:00,4.2,88.8,57.0,0.0,57.0,318.15,1.31,28.0,87230.0,True,5,16,121
2018-05-01 17:00:00,3.92,88.8,28.0,0.0,28.0,315.05,1.1,38.0,87240.0,True,5,17,121
2018-05-01 18:00:00,3.27,95.7,3.0,0.0,3.0,311.55,0.83,46.0,87250.0,True,5,18,121
2018-05-01 19:00:00,3.16,92.15,0.0,-0.0,0.0,306.95,0.83,26.0,87260.0,True,5,19,121
2018-05-01 20:00:00,2.89,92.15,0.0,-0.0,0.0,291.65,0.83,34.0,87290.0,True,5,20,121
2018-05-01 21:00:00,2.87,95.7,0.0,-0.0,0.0,296.65,0.76,51.0,87270.0,True,5,21,121
2018-05-01 22:00:00,2.83,95.7,0.0,-0.0,0.0,291.25,0.62,70.0,87260.0,True,5,22,121
2018-05-01 23:00:00,2.97,92.15,0.0,-0.0,0.0,290.5,0.62,79.0,87240.0,True,5,23,121
2018-05-02 00:00:00,2.47,95.7,0.0,-0.0,0.0,287.6,0.55,98.0,87210.0,True,5,0,122
2018-05-02 01:00:00,2.3,95.65,0.0,-0.0,0.0,274.35,0.62,107.0,87170.0,True,5,1,122
2018-05-02 02:00:00,1.97,95.65,0.0,-0.0,0.0,285.65,0.62,108.0,87140.0,True,5,2,122
2018-05-02 03:00:00,1.57,99.4,0.0,-0.0,0.0,271.1,0.62,104.0,87110.0,True,5,3,122
2018-05-02 04:00:00,0.13,99.4,0.0,-0.0,0.0,268.6,0.83,112.0,87090.0,True,5,4,122
2018-05-02 05:00:00,-0.18,100.0,39.0,0.0,39.0,258.55,0.83,118.0,87080.0,True,5,5,122
2018-05-02 06:00:00,2.59,95.7,101.0,6.38,99.0,266.3,0.28,114.0,87130.0,True,5,6,122
2018-05-02 07:00:00,4.78,85.55,213.0,31.39,198.0,290.3,1.03,21.0,87130.0,True,5,7,122
2018-05-02 08:00:00,5.28,82.4,293.0,33.72,272.0,299.2,1.17,11.0,87140.0,True,5,8,122
2018-05-02 09:00:00,6.18,76.55,343.0,27.09,323.0,311.4,1.31,14.0,87120.0,True,5,9,122
2018-05-02 10:00:00,6.84,73.8,333.0,9.8,325.0,319.7,1.31,11.0,87110.0,True,5,10,122
2018-05-02 11:00:00,7.27,73.9,331.0,5.87,326.0,326.85,1.45,359.0,87100.0,True,5,11,122
2018-05-02 12:00:00,7.91,71.25,377.0,20.16,360.0,333.45,1.52,356.0,87080.0,True,5,12,122
2018-05-02 13:00:00,8.07,68.7,307.0,7.59,301.0,334.4,1.59,354.0,87070.0,True,5,13,122
2018-05-02 14:00:00,7.99,71.35,161.0,0.0,161.0,336.55,1.59,357.0,87070.0,True,5,14,122
2018-05-02 15:00:00,7.7,73.95,99.0,0.0,99.0,338.1,1.59,352.0,87100.0,True,5,15,122
2018-05-02 16:00:00,6.8,79.55,71.0,0.0,71.0,338.85,1.31,344.0,87110.0,True,5,16,122
2018-05-02 17:00:00,6.27,82.55,56.0,0.0,56.0,338.1,1.1,345.0,87150.0,True,5,17,122
2018-05-02 18:00:00,6.84,85.75,9.0,0.0,9.0,337.1,0.76,340.0,87180.0,True,5,18,122
2018-05-02 19:00:00,5.83,88.9,0.0,-0.0,0.0,332.3,0.83,15.0,87210.0,True,5,19,122
2018-05-02 20:00:00,5.96,88.95,0.0,-0.0,0.0,330.75,0.62,25.0,87230.0,True,5,20,122
2018-05-02 21:00:00,5.68,92.3,0.0,-0.0,0.0,328.2,0.48,14.0,87210.0,True,5,21,122
2018-05-02 22:00:00,5.38,95.75,0.0,-0.0,0.0,324.15,0.55,4.0,87200.0,True,5,22,122
2018-05-02 23:00:00,4.76,99.4,0.0,-0.0,0.0,323.2,0.76,3.0,87210.0,True,5,23,122
2018-05-03 00:00:00,4.45,95.75,0.0,-0.0,0.0,329.75,0.9,5.0,87210.0,True,5,0,123
2018-05-03 01:00:00,4.42,95.75,0.0,-0.0,0.0,335.3,0.9,357.0,87210.0,True,5,1,123
2018-05-03 02:00:00,4.39,99.4,0.0,-0.0,0.0,334.8,0.97,357.0,87180.0,True,5,2,123
2018-05-03 03:00:00,4.2,99.4,0.0,-0.0,0.0,334.2,0.97,358.0,87200.0,True,5,3,123
2018-05-03 04:00:00,4.18,95.75,0.0,-0.0,0.0,335.95,1.03,6.0,87180.0,True,5,4,123
2018-05-03 05:00:00,3.92,95.75,69.0,103.26,54.0,333.65,1.24,16.0,87200.0,True,5,5,123
2018-05-03 06:00:00,4.03,95.75,102.0,6.3,100.0,325.5,1.66,19.0,87250.0,True,5,6,123
2018-05-03 07:00:00,4.49,88.85,67.0,0.0,67.0,330.75,1.72,24.0,87240.0,True,5,7,123
2018-05-03 08:00:00,5.34,92.25,225.0,4.79,222.0,326.65,1.93,23.0,87260.0,True,5,8,123
2018-05-03 09:00:00,5.82,88.9,157.0,0.0,157.0,333.85,1.93,29.0,87270.0,True,5,9,123
2018-05-03 10:00:00,6.22,88.95,118.0,0.0,118.0,337.1,2.0,28.0,87280.0,True,5,10,123
2018-05-03 11:00:00,6.99,82.65,223.0,0.0,223.0,338.65,2.14,26.0,87260.0,True,5,11,123
2018-05-03 12:00:00,7.9,82.7,202.0,0.0,202.0,337.5,2.41,23.0,87260.0,True,5,12,123
2018-05-03 13:00:00,7.91,82.7,130.0,0.0,130.0,333.65,2.41,23.0,87260.0,True,5,13,123
2018-05-03 14:00:00,7.32,85.8,120.0,0.0,120.0,341.2,2.07,16.0,87280.0,True,5,14,123
2018-05-03 15:00:00,7.18,85.8,135.0,0.0,135.0,342.35,2.14,23.0,87290.0,True,5,15,123
2018-05-03 16:00:00,6.49,89.0,66.0,0.0,66.0,337.9,1.79,16.0,87300.0,True,5,16,123
2018-05-03 17:00:00,6.06,88.95,73.0,4.03,72.0,336.35,1.79,18.0,87320.0,True,5,17,123
2018-05-03 18:00:00,5.67,92.3,5.0,0.0,5.0,334.4,1.72,24.0,87360.0,True,5,18,123
2018-05-03 19:00:00,5.35,95.75,0.0,-0.0,0.0,334.4,1.38,24.0,87430.0,True,5,19,123
2018-05-03 20:00:00,5.48,95.75,0.0,-0.0,0.0,327.65,1.17,35.0,87460.0,True,5,20,123
2018-05-03 21:00:00,5.58,95.75,0.0,-0.0,0.0,336.35,1.1,42.0,87440.0,True,5,21,123
2018-05-03 22:00:00,5.3,95.75,0.0,-0.0,0.0,329.2,1.1,47.0,87430.0,True,5,22,123
2018-05-03 23:00:00,4.97,95.75,0.0,-0.0,0.0,319.9,1.17,48.0,87430.0,True,5,23,123
2018-05-04 00:00:00,4.84,95.75,0.0,-0.0,0.0,325.9,1.17,50.0,87400.0,True,5,0,124
2018-05-04 01:00:00,4.83,95.75,0.0,-0.0,0.0,326.8,1.24,57.0,87380.0,True,5,1,124
2018-05-04 02:00:00,4.56,95.75,0.0,-0.0,0.0,324.15,1.24,57.0,87320.0,True,5,2,124
2018-05-04 03:00:00,4.19,95.75,0.0,-0.0,0.0,318.35,1.31,57.0,87320.0,True,5,3,124
2018-05-04 04:00:00,4.08,95.75,0.0,-0.0,0.0,326.5,1.31,59.0,87310.0,True,5,4,124
2018-05-04 05:00:00,4.14,95.75,31.0,0.0,31.0,320.3,1.31,60.0,87330.0,True,5,5,124
2018-05-04 06:00:00,4.76,95.75,134.0,31.14,124.0,323.75,1.31,55.0,87350.0,True,5,6,124
2018-05-04 07:00:00,5.73,95.75,296.0,142.31,227.0,337.7,1.93,44.0,87420.0,True,5,7,124
2018-05-04 08:00:00,6.58,92.35,378.0,119.21,303.0,337.5,2.0,40.0,87440.0,True,5,8,124
2018-05-04 09:00:00,8.32,85.9,513.0,198.87,365.0,338.5,2.07,35.0,87450.0,True,5,9,124
2018-05-04 10:00:00,9.42,85.95,510.0,121.62,410.0,334.8,2.14,32.0,87470.0,True,5,10,124
2018-05-04 11:00:00,11.0,74.45,541.0,128.23,431.0,334.0,2.41,33.0,87500.0,True,5,11,124
2018-05-04 12:00:00,12.55,66.95,673.0,332.3,391.0,330.15,2.69,37.0,87500.0,True,5,12,124
2018-05-04 13:00:00,13.23,67.05,580.0,245.21,385.0,323.55,2.69,29.0,87510.0,True,5,13,124
2018-05-04 14:00:00,13.14,67.05,349.0,44.2,318.0,336.95,2.48,24.0,87510.0,True,5,14,124
2018-05-04 15:00:00,12.81,69.45,399.0,230.28,267.0,336.75,2.41,21.0,87510.0,True,5,15,124
2018-05-04 16:00:00,12.41,74.6,329.0,405.04,159.0,315.85,2.28,21.0,87530.0,True,5,16,124
2018-05-04 17:00:00,10.93,83.0,146.0,167.17,104.0,317.2,1.79,15.0,87580.0,True,5,17,124
2018-05-04 18:00:00,9.5,85.95,19.0,0.0,19.0,319.1,1.59,12.0,87610.0,True,5,18,124
2018-05-04 19:00:00,8.19,92.4,0.0,-0.0,0.0,330.15,1.59,17.0,87640.0,True,5,19,124
2018-05-04 20:00:00,9.26,95.85,0.0,-0.0,0.0,325.1,1.45,26.0,87690.0,True,5,20,124
2018-05-04 21:00:00,8.68,99.4,0.0,-0.0,0.0,343.1,1.38,33.0,87700.0,True,5,21,124
2018-05-04 22:00:00,8.55,99.4,0.0,-0.0,0.0,326.65,1.31,38.0,87700.0,True,5,22,124
2018-05-04 23:00:00,8.58,99.4,0.0,-0.0,0.0,331.7,1.24,49.0,87690.0,True,5,23,124
2018-05-05 00:00:00,8.49,99.4,0.0,-0.0,0.0,333.05,1.17,62.0,87680.0,True,5,0,125
2018-05-05 01:00:00,7.62,95.8,0.0,-0.0,0.0,340.35,1.1,70.0,87650.0,True,5,1,125
2018-05-05 02:00:00,7.02,95.8,0.0,-0.0,0.0,330.35,1.1,76.0,87630.0,True,5,2,125
2018-05-05 03:00:00,6.3,99.4,0.0,-0.0,0.0,324.75,1.1,85.0,87590.0,True,5,3,125
2018-05-05 04:00:00,5.82,99.4,0.0,-0.0,0.0,323.55,1.03,92.0,87610.0,True,5,4,125
2018-05-05 05:00:00,5.96,95.8,84.0,169.88,58.0,329.4,0.97,100.0,87640.0,True,5,5,125
2018-05-05 06:00:00,7.67,92.4,252.0,424.96,114.0,316.4,0.76,94.0,87690.0,True,5,6,125
2018-05-05 07:00:00,8.98,89.1,409.0,483.43,173.0,300.35,1.45,54.0,87760.0,True,5,7,125
2018-05-05 08:00:00,11.29,80.1,505.0,374.86,268.0,312.55,1.45,46.0,87810.0,True,5,8,125
2018-05-05 09:00:00,10.94,80.05,671.0,547.46,262.0,323.4,1.38,46.0,87820.0,True,5,9,125
2018-05-05 10:00:00,11.95,74.55,772.0,617.03,263.0,329.95,1.38,26.0,87830.0,True,5,10,125
2018-05-05 11:00:00,13.43,67.05,707.0,378.89,381.0,337.7,1.66,14.0,87820.0,True,5,11,125
2018-05-05 12:00:00,14.25,62.55,582.0,183.28,426.0,335.0,1.79,11.0,87840.0,True,5,12,125
2018-05-05 13:00:00,14.4,67.25,625.0,324.66,366.0,343.9,2.21,360.0,87850.0,True,5,13,125
2018-05-05 14:00:00,14.34,69.75,391.0,78.14,336.0,320.5,2.28,8.0,87860.0,True,5,14,125
2018-05-05 15:00:00,13.83,72.2,538.0,680.61,146.0,334.8,2.14,18.0,87910.0,True,5,15,125
2018-05-05 16:00:00,12.91,74.7,378.0,638.85,108.0,317.55,1.79,25.0,87890.0,True,5,16,125
2018-05-05 17:00:00,11.88,77.3,192.0,428.46,83.0,316.4,1.59,24.0,87900.0,True,5,17,125
2018-05-05 18:00:00,14.07,74.95,12.0,0.0,12.0,320.5,1.17,24.0,87940.0,True,5,18,125
2018-05-05 19:00:00,13.17,83.25,0.0,-0.0,0.0,308.5,1.1,28.0,87940.0,True,5,19,125
2018-05-05 20:00:00,12.04,86.2,0.0,-0.0,0.0,301.3,0.97,51.0,87980.0,True,5,20,125
2018-05-05 21:00:00,11.27,89.3,0.0,-0.0,0.0,296.3,0.97,91.0,87990.0,True,5,21,125
2018-05-05 22:00:00,10.55,89.25,0.0,-0.0,0.0,297.25,1.1,120.0,87970.0,True,5,22,125
2018-05-05 23:00:00,10.35,89.2,0.0,-0.0,0.0,284.5,1.1,126.0,87940.0,True,5,23,125
2018-05-06 00:00:00,9.73,89.15,0.0,-0.0,0.0,285.85,1.03,123.0,87930.0,True,5,0,126
2018-05-06 01:00:00,8.16,89.1,0.0,-0.0,0.0,285.35,1.1,117.0,87940.0,True,5,1,126
2018-05-06 02:00:00,5.35,99.4,0.0,-0.0,0.0,301.9,1.31,121.0,87950.0,True,5,2,126
2018-05-06 03:00:00,4.37,99.4,0.0,-0.0,0.0,286.6,1.38,126.0,87940.0,True,5,3,126
2018-05-06 04:00:00,3.73,99.4,0.0,-0.0,0.0,286.05,1.45,128.0,87940.0,True,5,4,126
2018-05-06 05:00:00,3.94,95.75,99.0,280.6,55.0,293.6,1.24,129.0,87950.0,True,5,5,126
2018-05-06 06:00:00,7.6,89.05,274.0,548.37,94.0,286.4,0.9,122.0,87980.0,True,5,6,126
2018-05-06 07:00:00,12.11,86.2,455.0,685.75,118.0,298.05,0.83,64.0,88060.0,True,5,7,126
2018-05-06 08:00:00,14.24,74.95,619.0,761.91,135.0,297.85,0.97,46.0,88070.0,True,5,8,126
2018-05-06 09:00:00,13.17,74.75,761.0,832.13,137.0,303.45,1.17,25.0,88070.0,True,5,9,126
2018-05-06 10:00:00,13.86,72.2,845.0,837.42,152.0,307.1,1.45,14.0,88060.0,True,5,10,126
2018-05-06 11:00:00,15.19,65.05,888.0,849.44,155.0,309.45,1.66,8.0,88010.0,True,5,11,126
2018-05-06 12:00:00,16.07,62.95,866.0,816.54,169.0,307.9,1.93,7.0,87990.0,True,5,12,126
2018-05-06 13:00:00,15.95,67.55,743.0,608.57,256.0,319.1,2.07,16.0,87960.0,True,5,13,126
2018-05-06 14:00:00,15.37,69.9,637.0,569.03,235.0,327.25,1.86,23.0,87940.0,True,5,14,126
2018-05-06 15:00:00,14.81,69.85,499.0,516.72,200.0,325.1,1.72,19.0,87920.0,True,5,15,126
2018-05-06 16:00:00,14.37,72.3,388.0,674.45,101.0,325.9,2.0,28.0,87910.0,True,5,16,126
2018-05-06 17:00:00,16.02,72.65,203.0,497.04,75.0,329.4,1.03,32.0,87910.0,True,5,17,126
2018-05-06 18:00:00,15.19,80.6,28.0,0.0,28.0,315.45,1.1,28.0,87930.0,True,5,18,126
2018-05-06 19:00:00,14.53,77.75,0.0,-0.0,0.0,318.35,1.1,39.0,87890.0,True,5,19,126
2018-05-06 20:00:00,13.29,83.25,0.0,-0.0,0.0,304.4,0.9,68.0,87920.0,True,5,20,126
2018-05-06 21:00:00,12.58,83.25,0.0,-0.0,0.0,303.85,0.97,88.0,87920.0,True,5,21,126
2018-05-06 22:00:00,12.04,83.15,0.0,-0.0,0.0,301.1,0.97,92.0,87890.0,True,5,22,126
2018-05-06 23:00:00,9.32,92.45,0.0,-0.0,0.0,289.3,1.17,103.0,87850.0,True,5,23,126
2018-05-07 00:00:00,6.7,95.8,0.0,-0.0,0.0,287.55,1.31,116.0,87840.0,True,5,0,127
2018-05-07 01:00:00,5.37,99.4,0.0,-0.0,0.0,296.0,1.38,130.0,87810.0,True,5,1,127
2018-05-07 02:00:00,4.82,99.4,0.0,-0.0,0.0,299.75,1.24,133.0,87800.0,True,5,2,127
2018-05-07 03:00:00,4.32,99.4,0.0,-0.0,0.0,296.65,1.24,130.0,87770.0,True,5,3,127
2018-05-07 04:00:00,4.11,99.4,0.0,-0.0,0.0,297.65,1.31,130.0,87750.0,True,5,4,127
2018-05-07 05:00:00,4.48,95.75,92.0,186.94,62.0,294.35,1.31,129.0,87760.0,True,5,5,127
2018-05-07 06:00:00,8.42,92.4,241.0,322.62,134.0,295.9,0.83,123.0,87760.0,True,5,6,127
2018-05-07 07:00:00,12.09,83.15,445.0,600.49,148.0,279.25,0.34,51.0,87810.0,True,5,7,127
2018-05-07 08:00:00,14.09,69.75,566.0,529.64,228.0,297.25,0.62,7.0,87820.0,True,5,8,127
2018-05-07 09:00:00,13.48,69.55,695.0,585.97,254.0,292.6,0.97,353.0,87790.0,True,5,9,127
2018-05-07 10:00:00,13.25,69.55,738.0,497.54,325.0,299.0,1.31,348.0,87760.0,True,5,10,127
2018-05-07 11:00:00,14.15,64.85,668.0,288.9,418.0,310.4,1.52,349.0,87740.0,True,5,11,127
2018-05-07 12:00:00,14.71,62.65,660.0,287.38,414.0,313.5,1.59,355.0,87690.0,True,5,12,127
2018-05-07 13:00:00,13.19,69.55,104.0,0.0,104.0,314.1,1.45,35.0,87680.0,True,5,13,127
2018-05-07 14:00:00,14.11,64.85,173.0,0.0,173.0,329.2,1.17,61.0,87680.0,True,5,14,127
2018-05-07 15:00:00,16.25,56.5,484.0,436.94,230.0,323.2,0.76,39.0,87640.0,True,5,15,127
2018-05-07 16:00:00,16.15,56.5,328.0,359.49,174.0,324.55,0.9,11.0,87590.0,True,5,16,127
2018-05-07 17:00:00,13.83,74.85,215.0,548.7,72.0,314.1,0.83,54.0,87600.0,True,5,17,127
2018-05-07 18:00:00,10.34,86.0,30.0,0.0,30.0,305.2,1.1,104.0,87650.0,True,5,18,127
2018-05-07 19:00:00,13.14,77.5,0.0,-0.0,0.0,302.3,0.83,85.0,87570.0,True,5,19,127
2018-05-07 20:00:00,12.73,77.45,0.0,-0.0,0.0,299.4,0.69,104.0,87550.0,True,5,20,127
2018-05-07 21:00:00,11.89,80.15,0.0,-0.0,0.0,286.6,0.9,110.0,87530.0,True,5,21,127
2018-05-07 22:00:00,10.02,82.95,0.0,-0.0,0.0,288.15,1.1,128.0,87540.0,True,5,22,127
2018-05-07 23:00:00,7.97,82.75,0.0,-0.0,0.0,276.35,1.31,141.0,87500.0,True,5,23,127
2018-05-08 00:00:00,5.53,92.3,0.0,-0.0,0.0,285.45,1.52,141.0,87490.0,True,5,0,128
2018-05-08 01:00:00,3.84,99.4,0.0,-0.0,0.0,285.15,1.45,140.0,87430.0,True,5,1,128
2018-05-08 02:00:00,3.49,95.7,0.0,-0.0,0.0,283.9,1.45,140.0,87410.0,True,5,2,128
2018-05-08 03:00:00,3.09,95.7,0.0,-0.0,0.0,279.65,1.45,141.0,87380.0,True,5,3,128
2018-05-08 04:00:00,2.75,95.7,0.0,-0.0,0.0,276.35,1.59,141.0,87360.0,True,5,4,128
2018-05-08 05:00:00,3.34,92.15,110.0,335.25,55.0,285.25,1.52,141.0,87340.0,True,5,5,128
2018-05-08 06:00:00,6.31,88.95,291.0,603.0,89.0,286.2,1.17,143.0,87340.0,True,5,6,128
2018-05-08 07:00:00,11.22,83.05,467.0,705.29,116.0,280.05,0.62,133.0,87390.0,True,5,7,128
2018-05-08 08:00:00,13.64,62.45,628.0,769.1,135.0,291.45,0.14,76.0,87380.0,True,5,8,128
2018-05-08 09:00:00,14.84,54.1,775.0,850.06,133.0,299.55,0.55,350.0,87350.0,True,5,9,128
2018-05-08 10:00:00,13.86,55.9,841.0,798.73,176.0,293.0,0.97,344.0,87340.0,True,5,10,128
2018-05-08 11:00:00,13.34,60.05,463.0,56.47,414.0,305.2,1.24,341.0,87250.0,True,5,11,128
2018-05-08 12:00:00,14.09,58.1,682.0,333.2,396.0,309.25,1.45,341.0,87240.0,True,5,12,128
2018-05-08 13:00:00,17.22,50.85,235.0,0.0,235.0,314.1,1.59,345.0,87170.0,True,5,13,128
2018-05-08 14:00:00,16.63,52.65,392.0,74.5,339.0,317.0,1.66,338.0,87130.0,True,5,14,128
2018-05-08 15:00:00,15.71,56.35,204.0,3.42,202.0,325.3,1.17,328.0,87160.0,True,5,15,128
2018-05-08 16:00:00,13.61,83.35,247.0,118.27,196.0,326.1,1.1,307.0,87130.0,True,5,16,128
2018-05-08 17:00:00,12.24,89.35,19.0,0.0,19.0,332.5,0.55,283.0,87150.0,True,5,17,128
2018-05-08 18:00:00,12.37,86.2,14.0,0.0,14.0,326.1,0.55,181.0,87170.0,True,5,18,128
2018-05-08 19:00:00,12.24,83.15,0.0,-0.0,0.0,306.35,0.48,179.0,87100.0,True,5,19,128
2018-05-08 20:00:00,11.56,83.1,0.0,-0.0,0.0,315.05,0.48,207.0,87140.0,True,5,20,128
2018-05-08 21:00:00,10.92,89.25,0.0,-0.0,0.0,314.85,0.41,215.0,87120.0,True,5,21,128
2018-05-08 22:00:00,10.47,86.05,0.0,-0.0,0.0,316.6,0.41,166.0,87120.0,True,5,22,128
2018-05-08 23:00:00,9.17,92.45,0.0,-0.0,0.0,307.3,0.97,153.0,87110.0,True,5,23,128
2018-05-09 00:00:00,7.92,89.1,0.0,-0.0,0.0,306.35,1.03,153.0,87050.0,True,5,0,129
2018-05-09 01:00:00,4.27,95.75,0.0,-0.0,0.0,302.95,1.1,154.0,87030.0,True,5,1,129
2018-05-09 02:00:00,4.13,95.75,0.0,-0.0,0.0,303.05,1.1,152.0,87000.0,True,5,2,129
2018-05-09 03:00:00,3.82,95.7,0.0,-0.0,0.0,299.75,1.1,149.0,86970.0,True,5,3,129
2018-05-09 04:00:00,3.17,95.7,0.0,0.0,0.0,295.3,1.31,143.0,86960.0,True,5,4,129
2018-05-09 05:00:00,3.68,99.4,109.0,298.42,59.0,302.5,1.1,140.0,86970.0,True,5,5,129
2018-05-09 06:00:00,8.95,95.85,244.0,322.27,135.0,298.05,0.62,143.0,86990.0,True,5,6,129
2018-05-09 07:00:00,11.08,92.55,457.0,647.15,133.0,296.3,0.21,277.0,87070.0,True,5,7,129
2018-05-09 08:00:00,11.83,86.15,577.0,565.42,213.0,305.95,1.03,305.0,87090.0,True,5,8,129
2018-05-09 09:00:00,12.97,83.25,724.0,676.96,211.0,305.4,1.1,304.0,87080.0,True,5,9,129
2018-05-09 10:00:00,13.55,80.4,343.0,10.78,334.0,316.2,0.97,298.0,87110.0,True,5,10,129
2018-05-09 11:00:00,14.27,77.65,674.0,301.13,412.0,321.85,0.9,309.0,87050.0,True,5,11,129
2018-05-09 12:00:00,14.77,72.4,759.0,493.81,334.0,319.9,0.97,328.0,87040.0,True,5,12,129
2018-05-09 13:00:00,15.47,69.9,312.0,7.43,306.0,314.85,0.97,348.0,87000.0,True,5,13,129
2018-05-09 14:00:00,14.75,69.85,69.0,0.0,69.0,322.4,0.83,353.0,86960.0,True,5,14,129
2018-05-09 15:00:00,13.55,69.65,72.0,0.0,72.0,329.0,1.1,33.0,86950.0,True,5,15,129
2018-05-09 16:00:00,13.07,77.5,60.0,0.0,60.0,322.8,0.62,21.0,86950.0,True,5,16,129
2018-05-09 17:00:00,11.61,83.1,102.0,22.5,96.0,315.05,0.34,304.0,86970.0,True,5,17,129
2018-05-09 18:00:00,11.19,86.1,28.0,0.0,28.0,306.75,0.07,300.0,87000.0,True,5,18,129
2018-05-09 19:00:00,9.25,89.1,0.0,-0.0,0.0,320.1,0.83,270.0,87050.0,True,5,19,129
2018-05-09 20:00:00,9.47,85.95,0.0,-0.0,0.0,313.1,0.62,223.0,87080.0,True,5,20,129
2018-05-09 21:00:00,8.53,89.1,0.0,-0.0,0.0,299.2,0.83,174.0,87110.0,True,5,21,129
2018-05-09 22:00:00,8.22,89.1,0.0,-0.0,0.0,311.4,0.9,188.0,87080.0,True,5,22,129
2018-05-09 23:00:00,7.66,89.05,0.0,-0.0,0.0,294.95,0.9,188.0,87080.0,True,5,23,129
2018-05-10 00:00:00,7.02,89.0,0.0,-0.0,0.0,309.65,0.97,176.0,87060.0,True,5,0,130
2018-05-10 01:00:00,7.52,85.85,0.0,-0.0,0.0,304.7,0.9,172.0,87040.0,True,5,1,130
2018-05-10 02:00:00,7.39,89.0,0.0,-0.0,0.0,310.2,0.9,182.0,87070.0,True,5,2,130
2018-05-10 03:00:00,7.15,85.8,0.0,-0.0,0.0,304.4,0.9,182.0,87080.0,True,5,3,130
2018-05-10 04:00:00,4.35,95.75,0.0,0.0,0.0,315.25,0.97,180.0,87090.0,True,5,4,130
2018-05-10 05:00:00,5.11,95.75,56.0,17.55,53.0,328.6,0.97,191.0,87140.0,True,5,5,130
2018-05-10 06:00:00,6.7,95.8,52.0,0.0,52.0,324.15,0.83,207.0,87190.0,True,5,6,130
2018-05-10 07:00:00,8.08,92.4,68.0,0.0,68.0,340.4,0.34,193.0,87300.0,True,5,7,130
2018-05-10 08:00:00,9.68,92.45,65.0,0.0,65.0,339.25,0.21,285.0,87360.0,True,5,8,130
2018-05-10 09:00:00,9.49,95.85,117.0,0.0,117.0,338.3,0.48,284.0,87410.0,True,5,9,130
2018-05-10 10:00:00,10.17,99.4,85.0,0.0,85.0,341.75,0.62,292.0,87450.0,True,5,10,130
2018-05-10 11:00:00,11.13,95.9,143.0,0.0,143.0,345.45,0.9,301.0,87470.0,True,5,11,130
2018-05-10 12:00:00,9.91,92.45,95.0,0.0,95.0,347.0,0.97,319.0,87510.0,True,5,12,130
2018-05-10 13:00:00,9.96,95.9,96.0,0.0,96.0,339.25,1.45,319.0,87560.0,True,5,13,130
2018-05-10 14:00:00,8.82,99.4,84.0,0.0,84.0,344.5,1.93,326.0,87610.0,True,5,14,130
2018-05-10 15:00:00,8.03,95.85,88.0,0.0,88.0,343.3,1.59,329.0,87690.0,True,5,15,130
2018-05-10 16:00:00,7.72,99.4,53.0,0.0,53.0,343.9,1.17,324.0,87740.0,True,5,16,130
2018-05-10 17:00:00,7.06,95.8,58.0,0.0,58.0,342.15,1.31,331.0,87790.0,True,5,17,130
2018-05-10 18:00:00,6.69,95.8,13.0,0.0,13.0,340.2,1.17,339.0,87850.0,True,5,18,130
2018-05-10 19:00:00,6.33,99.4,0.0,-0.0,0.0,338.85,0.62,357.0,87960.0,True,5,19,130
2018-05-10 20:00:00,6.02,95.8,0.0,-0.0,0.0,338.65,0.48,20.0,88010.0,True,5,20,130
2018-05-10 21:00:00,5.47,95.75,0.0,-0.0,0.0,333.45,0.55,33.0,88030.0,True,5,21,130
2018-05-10 22:00:00,5.17,95.75,0.0,-0.0,0.0,333.45,0.69,42.0,87960.0,True,5,22,130
2018-05-10 23:00:00,4.61,95.75,0.0,-0.0,0.0,320.3,0.76,50.0,87920.0,True,5,23,130
2018-05-11 00:00:00,4.45,95.75,0.0,-0.0,0.0,296.1,0.9,52.0,87860.0,True,5,0,131
2018-05-11 01:00:00,2.95,95.7,0.0,-0.0,0.0,292.9,0.9,56.0,87810.0,True,5,1,131
2018-05-11 02:00:00,2.25,99.4,0.0,-0.0,0.0,285.85,0.9,65.0,87780.0,True,5,2,131
2018-05-11 03:00:00,2.21,99.4,0.0,-0.0,0.0,298.2,0.83,73.0,87760.0,True,5,3,131
2018-05-11 04:00:00,1.95,95.65,0.0,0.0,0.0,293.55,0.9,76.0,87740.0,True,5,4,131
2018-05-11 05:00:00,2.2,99.4,114.0,292.69,63.0,285.05,0.83,84.0,87750.0,True,5,5,131
2018-05-11 06:00:00,4.97,95.75,234.0,252.59,147.0,277.7,0.83,73.0,87760.0,True,5,6,131
2018-05-11 07:00:00,7.43,85.85,499.0,793.88,97.0,280.6,1.24,58.0,87800.0,True,5,7,131
2018-05-11 08:00:00,9.56,77.0,654.0,821.22,121.0,289.9,1.17,54.0,87790.0,True,5,8,131
2018-05-11 09:00:00,11.67,69.25,762.0,780.14,167.0,300.35,1.03,34.0,87770.0,True,5,9,131
2018-05-11 10:00:00,13.56,62.45,876.0,874.23,142.0,303.05,1.17,4.0,87770.0,True,5,10,131
2018-05-11 11:00:00,15.0,58.35,903.0,848.47,161.0,293.0,1.52,347.0,87760.0,True,5,11,131
2018-05-11 12:00:00,15.38,60.5,887.0,828.84,170.0,311.55,1.86,344.0,87760.0,True,5,12,131
2018-05-11 13:00:00,15.14,62.75,841.0,863.42,140.0,305.2,1.86,341.0,87710.0,True,5,13,131
2018-05-11 14:00:00,14.2,67.25,721.0,805.72,142.0,308.1,0.97,0.0,87780.0,True,5,14,131
2018-05-11 15:00:00,14.16,67.25,569.0,736.99,133.0,319.9,0.34,29.0,87800.0,True,5,15,131
2018-05-11 16:00:00,13.68,69.65,388.0,600.71,124.0,323.75,0.28,100.0,87800.0,True,5,16,131
2018-05-11 17:00:00,13.23,74.75,192.0,322.76,104.0,322.2,0.55,118.0,87790.0,True,5,17,131
2018-05-11 18:00:00,12.63,80.3,34.0,0.0,34.0,322.05,0.48,136.0,87810.0,True,5,18,131
2018-05-11 19:00:00,12.36,86.2,0.0,-0.0,0.0,316.8,0.55,119.0,87800.0,True,5,19,131
2018-05-11 20:00:00,11.55,86.15,0.0,-0.0,0.0,324.55,0.76,132.0,87850.0,True,5,20,131
2018-05-11 21:00:00,11.01,86.1,0.0,-0.0,0.0,317.95,0.76,144.0,87890.0,True,5,21,131
2018-05-11 22:00:00,9.24,92.45,0.0,-0.0,0.0,310.4,1.03,147.0,87860.0,True,5,22,131
2018-05-11 23:00:00,7.66,92.4,0.0,-0.0,0.0,309.85,1.24,145.0,87840.0,True,5,23,131
2018-05-12 00:00:00,5.94,95.8,0.0,-0.0,0.0,296.3,1.31,138.0,87810.0,True,5,0,132
2018-05-12 01:00:00,4.37,99.4,0.0,-0.0,0.0,301.25,1.17,135.0,87780.0,True,5,1,132
2018-05-12 02:00:00,3.63,99.4,0.0,-0.0,0.0,289.5,1.31,135.0,87740.0,True,5,2,132
2018-05-12 03:00:00,3.17,99.4,0.0,-0.0,0.0,287.75,1.38,135.0,87730.0,True,5,3,132
2018-05-12 04:00:00,2.91,95.7,0.0,0.0,0.0,288.55,1.45,134.0,87720.0,True,5,4,132
2018-05-12 05:00:00,4.1,95.75,76.0,56.35,66.0,304.8,1.31,134.0,87710.0,True,5,5,132
2018-05-12 06:00:00,7.78,89.05,264.0,382.85,131.0,291.45,1.03,132.0,87720.0,True,5,6,132
2018-05-12 07:00:00,11.01,83.05,454.0,593.21,152.0,303.45,0.62,122.0,87760.0,True,5,7,132
2018-05-12 08:00:00,13.37,74.75,565.0,501.89,238.0,298.8,0.55,68.0,87720.0,True,5,8,132
2018-05-12 09:00:00,14.87,69.85,658.0,464.04,303.0,300.35,0.76,25.0,87680.0,True,5,9,132
2018-05-12 10:00:00,16.17,62.95,662.0,323.12,390.0,312.95,1.1,7.0,87610.0,True,5,10,132
2018-05-12 11:00:00,16.71,63.05,713.0,363.89,394.0,324.35,1.38,356.0,87560.0,True,5,11,132
2018-05-12 12:00:00,17.43,58.8,429.0,38.05,396.0,319.3,1.45,354.0,87510.0,True,5,12,132
2018-05-12 13:00:00,17.51,58.8,359.0,19.65,343.0,325.5,1.59,355.0,87440.0,True,5,13,132
2018-05-12 14:00:00,16.22,62.95,440.0,120.68,353.0,344.3,1.38,349.0,87420.0,True,5,14,132
2018-05-12 15:00:00,14.9,72.4,428.0,260.91,273.0,334.4,0.28,32.0,87470.0,True,5,15,132
2018-05-12 16:00:00,14.17,77.65,213.0,49.76,191.0,342.35,0.69,164.0,87440.0,True,5,16,132
2018-05-12 17:00:00,13.89,83.35,97.0,14.52,93.0,341.0,0.62,195.0,87450.0,True,5,17,132
2018-05-12 18:00:00,12.76,89.4,26.0,0.0,26.0,335.0,0.28,189.0,87430.0,True,5,18,132
2018-05-12 19:00:00,11.6,95.9,0.0,-0.0,0.0,329.2,1.1,181.0,87450.0,True,5,19,132
2018-05-12 20:00:00,9.9,99.4,0.0,-0.0,0.0,334.4,1.24,180.0,87480.0,True,5,20,132
2018-05-12 21:00:00,8.68,99.4,0.0,-0.0,0.0,326.3,1.03,168.0,87490.0,True,5,21,132
2018-05-12 22:00:00,8.17,95.85,0.0,-0.0,0.0,330.35,0.76,174.0,87470.0,True,5,22,132
2018-05-12 23:00:00,7.84,95.8,0.0,-0.0,0.0,328.8,0.76,203.0,87430.0,True,5,23,132
2018-05-13 00:00:00,9.07,92.45,0.0,-0.0,0.0,323.95,0.69,183.0,87420.0,True,5,0,133
2018-05-13 01:00:00,9.77,89.15,0.0,-0.0,0.0,337.4,0.41,163.0,87370.0,True,5,1,133
2018-05-13 02:00:00,9.61,89.15,0.0,-0.0,0.0,326.65,0.07,207.0,87300.0,True,5,2,133
2018-05-13 03:00:00,9.11,92.45,0.0,-0.0,0.0,329.2,0.41,304.0,87260.0,True,5,3,133
2018-05-13 04:00:00,6.8,99.4,0.0,0.0,0.0,333.25,0.83,328.0,87250.0,True,5,4,133
2018-05-13 05:00:00,7.44,95.8,18.0,0.0,18.0,346.4,1.03,321.0,87240.0,True,5,5,133
2018-05-13 06:00:00,8.41,99.4,27.0,0.0,27.0,342.15,1.24,321.0,87250.0,True,5,6,133
2018-05-13 07:00:00,8.2,99.4,47.0,0.0,47.0,343.1,0.97,333.0,87300.0,True,5,7,133
2018-05-13 08:00:00,8.07,95.85,128.0,0.0,128.0,346.2,1.1,330.0,87290.0,True,5,8,133
2018-05-13 09:00:00,8.05,95.85,134.0,0.0,134.0,348.95,1.31,326.0,87270.0,True,5,9,133
2018-05-13 10:00:00,8.57,99.4,128.0,0.0,128.0,347.2,1.31,321.0,87250.0,True,5,10,133
2018-05-13 11:00:00,7.9,99.4,154.0,0.0,154.0,346.8,1.31,319.0,87240.0,True,5,11,133
2018-05-13 12:00:00,7.41,95.8,180.0,0.0,180.0,344.85,1.38,317.0,87200.0,True,5,12,133
2018-05-13 13:00:00,7.13,92.35,139.0,0.0,139.0,345.85,1.45,324.0,87150.0,True,5,13,133
2018-05-13 14:00:00,7.12,92.35,159.0,0.0,159.0,338.1,1.31,331.0,87120.0,True,5,14,133
2018-05-13 15:00:00,6.83,92.35,126.0,0.0,126.0,339.45,1.31,344.0,87090.0,True,5,15,133
2018-05-13 16:00:00,6.67,92.35,91.0,0.0,91.0,345.05,1.24,342.0,87040.0,True,5,16,133
2018-05-13 17:00:00,6.24,92.3,40.0,0.0,40.0,344.3,1.24,339.0,87030.0,True,5,17,133
2018-05-13 18:00:00,5.96,92.3,16.0,0.0,16.0,338.5,1.1,335.0,87040.0,True,5,18,133
2018-05-13 19:00:00,4.9,95.75,0.0,-0.0,0.0,333.05,1.03,284.0,87080.0,True,5,19,133
2018-05-13 20:00:00,4.32,99.4,0.0,-0.0,0.0,325.1,1.17,278.0,87140.0,True,5,20,133
2018-05-13 21:00:00,3.89,95.75,0.0,-0.0,0.0,327.65,1.1,262.0,87160.0,True,5,21,133
2018-05-13 22:00:00,3.65,95.7,0.0,-0.0,0.0,329.0,1.1,251.0,87160.0,True,5,22,133
2018-05-13 23:00:00,3.33,99.4,0.0,-0.0,0.0,323.55,1.17,242.0,87150.0,True,5,23,133
2018-05-14 00:00:00,3.15,95.7,0.0,-0.0,0.0,321.45,0.9,238.0,87120.0,True,5,0,134
2018-05-14 01:00:00,3.03,92.15,0.0,-0.0,0.0,318.85,0.69,236.0,87080.0,True,5,1,134
2018-05-14 02:00:00,3.0,92.15,0.0,-0.0,0.0,320.5,0.55,243.0,87030.0,True,5,2,134
2018-05-14 03:00:00,2.73,95.7,0.0,-0.0,0.0,303.05,0.34,227.0,86960.0,True,5,3,134
2018-05-14 04:00:00,2.77,95.7,0.0,0.0,0.0,305.4,0.28,217.0,86940.0,True,5,4,134
2018-05-14 05:00:00,3.17,95.7,20.0,0.0,20.0,317.95,0.34,227.0,86920.0,True,5,5,134
2018-05-14 06:00:00,3.42,92.15,175.0,67.98,151.0,298.8,0.48,247.0,86920.0,True,5,6,134
2018-05-14 07:00:00,6.03,82.55,290.0,97.22,240.0,312.35,0.83,281.0,87000.0,True,5,7,134
2018-05-14 08:00:00,4.79,88.85,323.0,44.19,294.0,324.75,1.03,296.0,87020.0,True,5,8,134
2018-05-14 09:00:00,6.47,79.55,154.0,0.0,154.0,318.15,1.17,304.0,87030.0,True,5,9,134
2018-05-14 10:00:00,7.49,73.95,326.0,5.91,321.0,327.65,1.38,314.0,87040.0,True,5,10,134
2018-05-14 11:00:00,8.86,74.05,286.0,1.14,285.0,317.0,1.66,322.0,87030.0,True,5,11,134
2018-05-14 12:00:00,9.33,74.15,253.0,0.0,253.0,325.7,1.79,330.0,87070.0,True,5,12,134
2018-05-14 13:00:00,9.42,74.15,168.0,0.0,168.0,324.15,1.79,334.0,87090.0,True,5,13,134
2018-05-14 14:00:00,9.71,74.2,184.0,0.0,184.0,335.4,1.59,333.0,87140.0,True,5,14,134
2018-05-14 15:00:00,9.05,76.95,101.0,0.0,101.0,337.9,1.45,333.0,87150.0,True,5,15,134
2018-05-14 16:00:00,9.02,76.95,71.0,0.0,71.0,334.2,1.24,320.0,87170.0,True,5,16,134
2018-05-14 17:00:00,8.69,79.75,25.0,0.0,25.0,337.1,1.1,315.0,87200.0,True,5,17,134
2018-05-14 18:00:00,8.16,79.75,6.0,0.0,6.0,337.5,0.97,302.0,87230.0,True,5,18,134
2018-05-14 19:00:00,7.3,89.0,0.0,-0.0,0.0,340.8,1.03,285.0,87250.0,True,5,19,134
2018-05-14 20:00:00,6.66,95.8,0.0,-0.0,0.0,341.2,1.03,273.0,87310.0,True,5,20,134
2018-05-14 21:00:00,6.44,95.8,0.0,-0.0,0.0,342.15,0.76,254.0,87320.0,True,5,21,134
2018-05-14 22:00:00,6.23,99.4,0.0,-0.0,0.0,340.8,1.03,217.0,87320.0,True,5,22,134
2018-05-14 23:00:00,5.81,99.4,0.0,-0.0,0.0,339.45,1.17,207.0,87270.0,True,5,23,134
2018-05-15 00:00:00,5.44,92.3,0.0,-0.0,0.0,337.9,1.17,203.0,87230.0,True,5,0,135
2018-05-15 01:00:00,5.15,95.75,0.0,-0.0,0.0,338.4,1.1,200.0,87220.0,True,5,1,135
2018-05-15 02:00:00,4.96,95.75,0.0,-0.0,0.0,336.75,0.97,199.0,87200.0,True,5,2,135
2018-05-15 03:00:00,4.86,99.4,0.0,-0.0,0.0,336.15,0.83,201.0,87190.0,True,5,3,135
2018-05-15 04:00:00,4.85,99.4,0.0,0.0,0.0,336.75,0.69,204.0,87180.0,True,5,4,135
2018-05-15 05:00:00,4.97,95.75,16.0,0.0,16.0,335.2,0.55,209.0,87210.0,True,5,5,135
2018-05-15 06:00:00,5.4,95.75,58.0,0.0,58.0,335.2,0.48,225.0,87210.0,True,5,6,135
2018-05-15 07:00:00,5.7,88.9,55.0,0.0,55.0,336.15,0.62,226.0,87310.0,True,5,7,135
2018-05-15 08:00:00,6.56,82.6,110.0,0.0,110.0,335.2,0.55,264.0,87320.0,True,5,8,135
2018-05-15 09:00:00,7.52,82.7,375.0,36.29,347.0,338.65,0.9,303.0,87360.0,True,5,9,135
2018-05-15 10:00:00,8.79,82.75,217.0,0.0,217.0,331.9,0.9,318.0,87360.0,True,5,10,135
2018-05-15 11:00:00,10.19,79.95,381.0,14.73,368.0,327.45,1.17,342.0,87340.0,True,5,11,135
2018-05-15 12:00:00,11.51,69.25,396.0,21.76,377.0,316.8,1.72,356.0,87340.0,True,5,12,135
2018-05-15 13:00:00,11.73,71.85,236.0,0.0,236.0,318.75,1.52,360.0,87340.0,True,5,13,135
2018-05-15 14:00:00,11.2,71.75,86.0,0.0,86.0,309.65,1.66,347.0,87360.0,True,5,14,135
2018-05-15 15:00:00,11.02,74.45,86.0,0.0,86.0,303.65,1.72,339.0,87380.0,True,5,15,135
2018-05-15 16:00:00,9.47,82.9,207.0,40.0,189.0,302.5,1.24,349.0,87330.0,True,5,16,135
2018-05-15 17:00:00,8.95,82.85,123.0,42.24,111.0,302.85,0.83,18.0,87410.0,True,5,17,135
2018-05-15 18:00:00,8.49,95.85,53.0,104.45,41.0,307.9,0.21,44.0,87410.0,True,5,18,135
2018-05-15 19:00:00,7.45,85.85,0.0,-0.0,0.0,301.7,0.41,312.0,87520.0,True,5,19,135
2018-05-15 20:00:00,7.21,85.8,0.0,-0.0,0.0,305.75,0.41,332.0,87570.0,True,5,20,135
2018-05-15 21:00:00,7.06,85.8,0.0,-0.0,0.0,298.4,0.14,93.0,87580.0,True,5,21,135
2018-05-15 22:00:00,4.6,92.25,0.0,-0.0,0.0,290.3,0.69,153.0,87560.0,True,5,22,135
2018-05-15 23:00:00,4.09,92.2,0.0,-0.0,0.0,290.65,0.76,158.0,87540.0,True,5,23,135
2018-05-16 00:00:00,4.1,92.2,0.0,-0.0,0.0,288.95,0.83,155.0,87540.0,True,5,0,136
2018-05-16 01:00:00,3.81,95.7,0.0,-0.0,0.0,291.15,0.9,144.0,87530.0,True,5,1,136
2018-05-16 02:00:00,2.5,95.7,0.0,-0.0,0.0,282.55,1.03,146.0,87540.0,True,5,2,136
2018-05-16 03:00:00,2.6,95.7,0.0,-0.0,0.0,303.85,1.1,152.0,87530.0,True,5,3,136
2018-05-16 04:00:00,2.59,95.7,0.0,0.0,0.0,303.05,1.1,150.0,87540.0,True,5,4,136
2018-05-16 05:00:00,3.33,99.4,57.0,5.28,56.0,306.15,0.97,154.0,87560.0,True,5,5,136
2018-05-16 06:00:00,5.45,95.75,176.0,61.4,154.0,316.05,0.9,164.0,87580.0,True,5,6,136
2018-05-16 07:00:00,6.87,89.0,201.0,11.56,195.0,294.95,0.83,220.0,87590.0,True,5,7,136
2018-05-16 08:00:00,8.68,82.75,337.0,51.46,303.0,296.3,1.03,257.0,87620.0,True,5,8,136
2018-05-16 09:00:00,9.42,82.85,116.0,0.0,116.0,310.2,1.31,271.0,87650.0,True,5,9,136
2018-05-16 10:00:00,9.58,82.9,132.0,0.0,132.0,317.75,1.31,271.0,87650.0,True,5,10,136
2018-05-16 11:00:00,10.09,79.95,188.0,0.0,188.0,317.55,1.31,266.0,87660.0,True,5,11,136
2018-05-16 12:00:00,10.62,80.05,141.0,0.0,141.0,337.5,1.31,262.0,87650.0,True,5,12,136
2018-05-16 13:00:00,10.38,86.0,191.0,0.0,191.0,329.0,0.97,278.0,87640.0,True,5,13,136
2018-05-16 14:00:00,10.11,79.95,197.0,0.0,197.0,323.75,1.24,284.0,87600.0,True,5,14,136
2018-05-16 15:00:00,8.95,82.85,246.0,14.91,237.0,328.4,1.31,303.0,87580.0,True,5,15,136
2018-05-16 16:00:00,8.92,82.75,206.0,37.57,189.0,312.95,0.76,285.0,87580.0,True,5,16,136
2018-05-16 17:00:00,8.63,85.9,88.0,3.49,87.0,321.85,0.55,249.0,87580.0,True,5,17,136
2018-05-16 18:00:00,7.94,85.9,19.0,0.0,19.0,313.1,0.55,232.0,87590.0,True,5,18,136
2018-05-16 19:00:00,7.58,89.05,0.0,-0.0,0.0,305.55,0.34,300.0,87660.0,True,5,19,136
2018-05-16 20:00:00,7.25,89.0,0.0,-0.0,0.0,317.55,0.34,20.0,87700.0,True,5,20,136
2018-05-16 21:00:00,6.93,89.0,0.0,-0.0,0.0,314.85,0.48,65.0,87740.0,True,5,21,136
2018-05-16 22:00:00,5.85,95.75,0.0,-0.0,0.0,322.4,0.48,100.0,87700.0,True,5,22,136
2018-05-16 23:00:00,6.34,92.3,0.0,-0.0,0.0,296.65,0.48,82.0,87700.0,True,5,23,136
2018-05-17 00:00:00,5.03,92.25,0.0,-0.0,0.0,288.55,0.62,86.0,87690.0,True,5,0,137
2018-05-17 01:00:00,3.78,95.7,0.0,-0.0,0.0,292.5,0.69,98.0,87670.0,True,5,1,137
2018-05-17 02:00:00,3.54,95.7,0.0,-0.0,0.0,294.35,0.69,105.0,87660.0,True,5,2,137
2018-05-17 03:00:00,3.29,95.7,0.0,-0.0,0.0,295.1,0.69,115.0,87640.0,True,5,3,137
2018-05-17 04:00:00,2.31,99.4,1.0,0.0,1.0,281.75,0.9,125.0,87660.0,True,5,4,137
2018-05-17 05:00:00,2.85,99.4,142.0,432.09,59.0,289.1,0.69,123.0,87680.0,True,5,5,137
2018-05-17 06:00:00,5.75,95.75,297.0,493.3,119.0,300.75,0.62,114.0,87710.0,True,5,6,137
2018-05-17 07:00:00,6.94,85.8,435.0,462.21,194.0,300.35,0.48,73.0,87770.0,True,5,7,137
2018-05-17 08:00:00,8.7,79.75,621.0,650.22,190.0,297.45,0.97,20.0,87790.0,True,5,8,137
2018-05-17 09:00:00,10.0,71.6,473.0,114.76,384.0,303.05,1.72,18.0,87810.0,True,5,9,137
2018-05-17 10:00:00,10.79,69.1,538.0,127.97,429.0,309.85,2.07,19.0,87830.0,True,5,10,137
2018-05-17 11:00:00,11.49,64.35,349.0,6.77,343.0,306.95,2.07,14.0,87850.0,True,5,11,137
2018-05-17 12:00:00,12.16,66.85,270.0,0.0,270.0,311.75,2.07,10.0,87830.0,True,5,12,137
2018-05-17 13:00:00,12.54,66.95,159.0,0.0,159.0,308.3,2.07,6.0,87810.0,True,5,13,137
2018-05-17 14:00:00,12.89,66.95,410.0,79.26,352.0,320.3,2.14,7.0,87790.0,True,5,14,137
2018-05-17 15:00:00,12.68,66.95,315.0,61.07,278.0,327.25,2.21,15.0,87780.0,True,5,15,137
2018-05-17 16:00:00,11.69,71.85,272.0,136.26,210.0,327.65,2.21,20.0,87770.0,True,5,16,137
2018-05-17 17:00:00,11.18,74.45,219.0,404.02,102.0,305.75,1.79,23.0,87810.0,True,5,17,137
2018-05-17 18:00:00,10.13,79.95,13.0,0.0,13.0,311.55,1.59,15.0,87860.0,True,5,18,137
2018-05-17 19:00:00,8.81,89.1,0.0,-0.0,0.0,305.2,1.31,18.0,87910.0,True,5,19,137
2018-05-17 20:00:00,7.91,95.8,0.0,-0.0,0.0,295.5,1.1,32.0,87940.0,True,5,20,137
2018-05-17 21:00:00,6.82,99.4,0.0,-0.0,0.0,290.1,1.03,43.0,87940.0,True,5,21,137
2018-05-17 22:00:00,6.06,95.8,0.0,-0.0,0.0,295.9,0.97,49.0,87930.0,True,5,22,137
2018-05-17 23:00:00,5.55,95.75,0.0,-0.0,0.0,287.55,0.97,65.0,87890.0,True,5,23,137
2018-05-18 00:00:00,5.03,99.4,0.0,-0.0,0.0,287.0,0.97,81.0,87870.0,True,5,0,138
2018-05-18 01:00:00,4.52,99.4,0.0,-0.0,0.0,284.8,0.97,94.0,87850.0,True,5,1,138
2018-05-18 02:00:00,3.85,99.4,0.0,-0.0,0.0,272.5,1.03,107.0,87830.0,True,5,2,138
2018-05-18 03:00:00,3.3,99.4,0.0,-0.0,0.0,272.65,1.1,113.0,87820.0,True,5,3,138
2018-05-18 04:00:00,2.77,99.4,3.0,0.0,3.0,289.3,1.1,119.0,87810.0,True,5,4,138
2018-05-18 05:00:00,4.03,95.75,145.0,436.5,60.0,305.75,0.9,122.0,87830.0,True,5,5,138
2018-05-18 06:00:00,5.84,92.3,323.0,633.18,93.0,300.95,0.76,113.0,87860.0,True,5,6,138
2018-05-18 07:00:00,8.08,85.9,503.0,741.02,115.0,306.55,0.55,74.0,87950.0,True,5,7,138
2018-05-18 08:00:00,10.12,77.1,661.0,789.63,136.0,275.4,0.97,29.0,87960.0,True,5,8,138
2018-05-18 09:00:00,11.85,69.25,781.0,789.79,167.0,271.3,1.45,14.0,87950.0,True,5,9,138
2018-05-18 10:00:00,13.07,60.05,824.0,672.46,250.0,274.6,2.0,16.0,87950.0,True,5,10,138
2018-05-18 11:00:00,13.83,58.0,828.0,588.85,305.0,287.0,2.21,15.0,87930.0,True,5,11,138
2018-05-18 12:00:00,14.4,56.0,657.0,257.16,431.0,289.1,2.14,13.0,87910.0,True,5,12,138
2018-05-18 13:00:00,14.63,52.15,665.0,351.01,375.0,285.05,2.0,15.0,87880.0,True,5,13,138
2018-05-18 14:00:00,14.9,54.1,433.0,100.84,359.0,290.3,2.07,14.0,87860.0,True,5,14,138
2018-05-18 15:00:00,14.53,54.1,359.0,110.18,292.0,307.3,2.07,14.0,87830.0,True,5,15,138
2018-05-18 16:00:00,14.01,58.1,374.0,448.13,169.0,306.35,2.07,14.0,87820.0,True,5,16,138
2018-05-18 17:00:00,13.11,62.3,116.0,23.95,109.0,295.3,1.66,12.0,87830.0,True,5,17,138
2018-05-18 18:00:00,12.14,71.95,79.0,323.23,39.0,291.45,1.38,7.0,87860.0,True,5,18,138
2018-05-18 19:00:00,10.82,80.05,0.0,-0.0,0.0,314.3,1.31,5.0,87890.0,True,5,19,138
2018-05-18 20:00:00,9.46,85.95,0.0,-0.0,0.0,299.2,0.97,11.0,87930.0,True,5,20,138
2018-05-18 21:00:00,9.16,89.1,0.0,-0.0,0.0,307.3,0.62,36.0,87940.0,True,5,21,138
2018-05-18 22:00:00,8.81,89.1,0.0,-0.0,0.0,292.8,0.62,80.0,87930.0,True,5,22,138
2018-05-18 23:00:00,7.66,89.05,0.0,-0.0,0.0,278.85,0.76,105.0,87900.0,True,5,23,138
2018-05-19 00:00:00,7.04,89.0,0.0,-0.0,0.0,281.2,0.83,117.0,87880.0,True,5,0,139
2018-05-19 01:00:00,6.12,92.3,0.0,-0.0,0.0,268.7,0.9,122.0,87850.0,True,5,1,139
2018-05-19 02:00:00,5.19,92.25,0.0,-0.0,0.0,264.15,1.03,124.0,87820.0,True,5,2,139
2018-05-19 03:00:00,4.63,92.25,0.0,-0.0,0.0,269.75,1.1,123.0,87790.0,True,5,3,139
2018-05-19 04:00:00,4.03,92.2,4.0,0.0,4.0,264.75,1.17,123.0,87760.0,True,5,4,139
2018-05-19 05:00:00,4.24,92.2,136.0,334.56,70.0,272.1,1.03,121.0,87760.0,True,5,5,139
2018-05-19 06:00:00,7.91,92.4,306.0,525.22,114.0,274.2,0.41,85.0,87810.0,True,5,6,139
2018-05-19 07:00:00,9.6,89.15,470.0,593.48,158.0,302.5,0.83,31.0,87900.0,True,5,7,139
2018-05-19 08:00:00,10.76,89.25,620.0,637.37,195.0,298.6,0.97,10.0,87910.0,True,5,8,139
2018-05-19 09:00:00,11.86,86.15,715.0,582.63,261.0,330.15,1.1,359.0,87920.0,True,5,9,139
2018-05-19 10:00:00,12.72,77.45,727.0,430.25,359.0,332.3,1.38,1.0,87900.0,True,5,10,139
2018-05-19 11:00:00,13.38,74.75,682.0,286.55,427.0,332.1,1.66,1.0,87890.0,True,5,11,139
2018-05-19 12:00:00,13.28,72.1,356.0,9.08,348.0,334.2,1.72,12.0,87880.0,True,5,12,139
2018-05-19 13:00:00,13.34,74.75,93.0,0.0,93.0,312.75,1.93,21.0,87850.0,True,5,13,139
2018-05-19 14:00:00,13.88,67.15,105.0,0.0,105.0,315.65,1.52,24.0,87860.0,True,5,14,139
2018-05-19 15:00:00,13.31,72.1,117.0,0.0,117.0,313.3,1.24,19.0,87840.0,True,5,15,139
2018-05-19 16:00:00,12.28,77.35,129.0,0.0,129.0,321.85,0.9,15.0,87810.0,True,5,16,139
2018-05-19 17:00:00,11.34,83.05,134.0,50.86,119.0,331.5,1.17,359.0,87860.0,True,5,17,139
2018-05-19 18:00:00,9.95,86.0,20.0,0.0,20.0,326.1,1.17,8.0,87850.0,True,5,18,139
2018-05-19 19:00:00,9.95,82.95,0.0,-0.0,0.0,314.1,1.03,16.0,87910.0,True,5,19,139
2018-05-19 20:00:00,8.46,92.4,0.0,-0.0,0.0,289.1,0.9,38.0,87930.0,True,5,20,139
2018-05-19 21:00:00,7.56,92.4,0.0,-0.0,0.0,300.15,0.97,62.0,87940.0,True,5,21,139
2018-05-19 22:00:00,6.85,95.8,0.0,-0.0,0.0,295.7,0.9,72.0,87930.0,True,5,22,139
2018-05-19 23:00:00,6.4,95.8,0.0,-0.0,0.0,295.3,0.9,81.0,87880.0,True,5,23,139
2018-05-20 00:00:00,5.52,95.75,0.0,-0.0,0.0,272.65,0.9,81.0,87850.0,True,5,0,140
2018-05-20 01:00:00,4.67,99.4,0.0,-0.0,0.0,276.05,0.97,86.0,87830.0,True,5,1,140
2018-05-20 02:00:00,3.91,95.75,0.0,-0.0,0.0,291.25,1.03,104.0,87810.0,True,5,2,140
2018-05-20 03:00:00,3.62,99.4,0.0,-0.0,0.0,297.05,0.97,113.0,87790.0,True,5,3,140
2018-05-20 04:00:00,3.76,99.4,3.0,0.0,3.0,305.4,0.9,114.0,87780.0,True,5,4,140
2018-05-20 05:00:00,4.93,95.75,149.0,435.61,62.0,306.35,0.76,113.0,87800.0,True,5,5,140
2018-05-20 06:00:00,7.29,89.0,327.0,636.24,93.0,298.6,0.69,92.0,87830.0,True,5,6,140
2018-05-20 07:00:00,9.19,82.85,488.0,665.11,137.0,281.4,0.9,50.0,87870.0,True,5,7,140
2018-05-20 08:00:00,10.96,71.75,629.0,664.02,185.0,289.7,1.17,33.0,87860.0,True,5,8,140
2018-05-20 09:00:00,12.39,66.85,628.0,359.82,347.0,278.5,1.52,18.0,87850.0,True,5,9,140
2018-05-20 10:00:00,13.01,67.05,639.0,260.22,416.0,322.2,1.79,14.0,87840.0,True,5,10,140
2018-05-20 11:00:00,14.0,64.85,600.0,168.25,450.0,314.1,1.86,8.0,87820.0,True,5,11,140
2018-05-20 12:00:00,14.51,64.95,486.0,66.87,427.0,299.55,2.0,2.0,87780.0,True,5,12,140
2018-05-20 13:00:00,14.16,64.85,520.0,126.53,415.0,315.45,2.07,6.0,87760.0,True,5,13,140
2018-05-20 14:00:00,13.82,67.15,285.0,8.13,279.0,311.0,1.86,26.0,87730.0,True,5,14,140
2018-05-20 15:00:00,13.66,67.15,263.0,19.59,251.0,313.3,1.17,35.0,87700.0,True,5,15,140
2018-05-20 16:00:00,13.66,69.65,163.0,6.49,160.0,320.3,0.83,33.0,87670.0,True,5,16,140
2018-05-20 17:00:00,12.6,77.45,93.0,3.36,92.0,319.7,0.69,35.0,87650.0,True,5,17,140
2018-05-20 18:00:00,11.54,83.1,49.0,46.36,43.0,308.1,0.69,42.0,87680.0,True,5,18,140
2018-05-20 19:00:00,10.73,86.05,0.0,-0.0,0.0,312.15,0.69,46.0,87680.0,True,5,19,140
2018-05-20 20:00:00,9.03,95.85,0.0,-0.0,0.0,289.3,0.83,85.0,87680.0,True,5,20,140
2018-05-20 21:00:00,7.79,92.4,0.0,-0.0,0.0,291.85,0.9,104.0,87670.0,True,5,21,140
2018-05-20 22:00:00,7.51,89.05,0.0,-0.0,0.0,278.3,0.9,117.0,87650.0,True,5,22,140
2018-05-20 23:00:00,6.45,89.0,0.0,-0.0,0.0,274.8,1.1,133.0,87650.0,True,5,23,140
2018-05-21 00:00:00,5.51,92.3,0.0,-0.0,0.0,280.4,1.24,142.0,87640.0,True,5,0,141
2018-05-21 01:00:00,4.38,95.75,0.0,-0.0,0.0,273.55,1.38,144.0,87610.0,True,5,1,141
2018-05-21 02:00:00,3.68,92.15,0.0,-0.0,0.0,273.05,1.45,140.0,87610.0,True,5,2,141
2018-05-21 03:00:00,3.27,92.15,0.0,-0.0,0.0,274.4,1.45,139.0,87600.0,True,5,3,141
2018-05-21 04:00:00,2.9,88.7,4.0,0.0,4.0,271.1,1.45,138.0,87590.0,True,5,4,141
2018-05-21 05:00:00,4.11,92.2,97.0,84.13,80.0,281.2,1.24,140.0,87610.0,True,5,5,141
2018-05-21 06:00:00,8.28,89.1,208.0,116.24,165.0,276.75,0.83,147.0,87630.0,True,5,6,141
2018-05-21 07:00:00,10.3,86.0,343.0,179.36,248.0,292.4,0.55,154.0,87680.0,True,5,7,141
2018-05-21 08:00:00,11.89,77.3,640.0,707.01,166.0,301.9,0.14,191.0,87650.0,True,5,8,141
2018-05-21 09:00:00,12.84,66.95,625.0,356.5,346.0,309.85,0.07,184.0,87660.0,True,5,9,141
2018-05-21 10:00:00,14.18,58.1,137.0,0.0,137.0,312.75,0.21,35.0,87650.0,True,5,10,141
2018-05-21 11:00:00,15.26,56.25,617.0,191.46,446.0,329.75,0.62,9.0,87610.0,True,5,11,141
2018-05-21 12:00:00,16.11,54.45,571.0,143.68,444.0,312.55,0.97,3.0,87570.0,True,5,12,141
2018-05-21 13:00:00,16.46,56.5,442.0,58.92,393.0,315.05,1.24,358.0,87520.0,True,5,13,141
2018-05-21 14:00:00,15.8,56.35,510.0,204.13,359.0,329.55,1.24,19.0,87480.0,True,5,14,141
2018-05-21 15:00:00,15.05,60.5,390.0,156.22,294.0,323.55,0.34,8.0,87500.0,True,5,15,141
2018-05-21 16:00:00,13.02,80.35,236.0,64.58,206.0,332.85,0.69,297.0,87520.0,True,5,16,141
2018-05-21 17:00:00,11.73,86.15,106.0,13.33,102.0,319.7,0.14,18.0,87520.0,True,5,17,141
2018-05-21 18:00:00,11.29,89.3,46.0,30.26,42.0,314.3,0.55,146.0,87550.0,True,5,18,141
2018-05-21 19:00:00,10.78,95.9,0.0,-0.0,0.0,306.55,0.62,105.0,87490.0,True,5,19,141
2018-05-21 20:00:00,9.24,95.85,0.0,-0.0,0.0,310.2,1.1,125.0,87530.0,True,5,20,141
2018-05-21 21:00:00,7.32,95.8,0.0,-0.0,0.0,296.5,1.17,142.0,87520.0,True,5,21,141
2018-05-21 22:00:00,6.35,95.8,0.0,-0.0,0.0,292.8,1.17,143.0,87490.0,True,5,22,141
2018-05-21 23:00:00,5.28,95.75,0.0,-0.0,0.0,284.3,1.31,144.0,87490.0,True,5,23,141
2018-05-22 00:00:00,5.82,95.75,0.0,-0.0,0.0,291.05,1.38,138.0,87460.0,True,5,0,142
2018-05-22 01:00:00,5.28,92.25,0.0,-0.0,0.0,289.05,1.45,139.0,87450.0,True,5,1,142
2018-05-22 02:00:00,3.94,95.75,0.0,-0.0,0.0,289.7,1.45,138.0,87430.0,True,5,2,142
2018-05-22 03:00:00,3.55,95.7,0.0,-0.0,0.0,285.85,1.45,141.0,87420.0,True,5,3,142
2018-05-22 04:00:00,3.41,95.7,3.0,0.0,3.0,288.75,1.45,141.0,87430.0,True,5,4,142
2018-05-22 05:00:00,4.78,95.75,127.0,230.03,80.0,293.4,1.31,142.0,87430.0,True,5,5,142
2018-05-22 06:00:00,8.43,92.4,314.0,548.45,110.0,294.55,0.76,146.0,87470.0,True,5,6,142
2018-05-22 07:00:00,11.52,83.1,464.0,553.13,170.0,293.4,0.41,140.0,87510.0,True,5,7,142
2018-05-22 08:00:00,13.23,74.75,529.0,354.1,291.0,295.5,0.21,14.0,87520.0,True,5,8,142
2018-05-22 09:00:00,14.19,64.85,643.0,392.76,335.0,299.55,1.03,349.0,87510.0,True,5,9,142
2018-05-22 10:00:00,14.86,62.65,613.0,220.9,423.0,307.5,1.38,352.0,87510.0,True,5,10,142
2018-05-22 11:00:00,15.13,62.75,403.0,21.24,384.0,335.4,1.52,360.0,87520.0,True,5,11,142
2018-05-22 12:00:00,15.02,65.05,576.0,149.06,444.0,330.75,1.31,5.0,87520.0,True,5,12,142
2018-05-22 13:00:00,15.28,65.05,183.0,0.0,183.0,341.95,1.1,360.0,87520.0,True,5,13,142
2018-05-22 14:00:00,14.19,74.95,66.0,0.0,66.0,343.9,0.69,9.0,87510.0,True,5,14,142
2018-05-22 15:00:00,13.7,77.6,122.0,0.0,122.0,333.85,0.21,301.0,87480.0,True,5,15,142
2018-05-22 16:00:00,12.93,86.25,232.0,59.98,204.0,334.4,0.55,211.0,87520.0,True,5,16,142
2018-05-22 17:00:00,11.61,89.3,217.0,340.44,114.0,335.2,0.21,254.0,87560.0,True,5,17,142
2018-05-22 18:00:00,11.33,92.55,51.0,44.47,45.0,342.95,0.28,301.0,87600.0,True,5,18,142
2018-05-22 19:00:00,11.0,92.55,0.0,-0.0,0.0,320.85,0.69,221.0,87620.0,True,5,19,142
2018-05-22 20:00:00,10.46,89.25,0.0,-0.0,0.0,319.5,0.48,181.0,87670.0,True,5,20,142
2018-05-22 21:00:00,10.28,92.5,0.0,-0.0,0.0,311.2,0.21,202.0,87730.0,True,5,21,142
2018-05-22 22:00:00,9.87,95.85,0.0,-0.0,0.0,328.05,0.34,206.0,87750.0,True,5,22,142
2018-05-22 23:00:00,9.23,95.85,0.0,-0.0,0.0,310.05,0.62,184.0,87720.0,True,5,23,142
2018-05-23 00:00:00,7.41,95.8,0.0,-0.0,0.0,304.05,0.97,159.0,87700.0,True,5,0,143
2018-05-23 01:00:00,5.66,95.75,0.0,-0.0,0.0,295.05,1.1,149.0,87710.0,True,5,1,143
2018-05-23 02:00:00,5.1,95.75,0.0,-0.0,0.0,298.8,1.17,148.0,87730.0,True,5,2,143
2018-05-23 03:00:00,5.11,99.4,0.0,-0.0,0.0,314.85,1.1,146.0,87720.0,True,5,3,143
2018-05-23 04:00:00,5.34,99.4,3.0,0.0,3.0,325.1,0.9,145.0,87750.0,True,5,4,143
2018-05-23 05:00:00,6.57,95.8,61.0,4.84,60.0,331.1,0.83,149.0,87780.0,True,5,5,143
2018-05-23 06:00:00,7.99,95.85,128.0,8.02,125.0,327.25,0.69,162.0,87820.0,True,5,6,143
2018-05-23 07:00:00,10.32,92.5,137.0,0.0,137.0,333.25,0.28,195.0,87900.0,True,5,7,143
2018-05-23 08:00:00,11.37,92.55,160.0,0.0,160.0,322.05,0.28,287.0,87930.0,True,5,8,143
2018-05-23 09:00:00,11.65,86.15,209.0,0.0,209.0,343.7,0.55,321.0,87940.0,True,5,9,143
2018-05-23 10:00:00,12.1,89.35,275.0,1.16,274.0,352.6,0.76,322.0,87950.0,True,5,10,143
2018-05-23 11:00:00,13.92,86.35,349.0,6.7,343.0,340.8,1.1,306.0,87940.0,True,5,11,143
2018-05-23 12:00:00,14.42,83.4,388.0,18.04,372.0,335.95,1.31,307.0,87920.0,True,5,12,143
2018-05-23 13:00:00,14.34,80.45,317.0,5.99,312.0,332.3,0.9,311.0,87920.0,True,5,13,143
2018-05-23 14:00:00,13.78,83.35,231.0,0.0,231.0,343.3,0.69,289.0,87920.0,True,5,14,143
2018-05-23 15:00:00,13.39,86.3,153.0,0.0,153.0,343.3,1.17,277.0,87920.0,True,5,15,143
2018-05-23 16:00:00,12.46,89.35,112.0,0.0,112.0,331.9,1.24,297.0,87940.0,True,5,16,143
2018-05-23 17:00:00,11.5,92.55,35.0,0.0,35.0,332.3,0.76,322.0,87950.0,True,5,17,143
2018-05-23 18:00:00,11.03,95.9,8.0,0.0,8.0,329.95,0.41,103.0,87960.0,True,5,18,143
2018-05-23 19:00:00,10.7,95.9,0.0,-0.0,0.0,319.9,0.55,222.0,87930.0,True,5,19,143
2018-05-23 20:00:00,10.45,99.4,0.0,-0.0,0.0,310.2,0.0,320.0,87990.0,True,5,20,143
2018-05-23 21:00:00,10.11,92.5,0.0,-0.0,0.0,323.0,0.21,144.0,88020.0,True,5,21,143
2018-05-23 22:00:00,7.48,95.8,0.0,-0.0,0.0,319.5,0.76,152.0,88030.0,True,5,22,143
2018-05-23 23:00:00,6.9,99.4,0.0,-0.0,0.0,314.85,0.9,163.0,88000.0,True,5,23,143
2018-05-24 00:00:00,6.83,99.4,0.0,-0.0,0.0,305.2,1.1,151.0,87980.0,True,5,0,144
2018-05-24 01:00:00,5.06,99.4,0.0,-0.0,0.0,296.8,1.24,140.0,87980.0,True,5,1,144
2018-05-24 02:00:00,5.1,99.4,0.0,-0.0,0.0,313.1,1.17,143.0,87970.0,True,5,2,144
2018-05-24 03:00:00,5.08,99.4,0.0,-0.0,0.0,314.65,1.24,145.0,87960.0,True,5,3,144
2018-05-24 04:00:00,4.84,99.4,5.0,0.0,5.0,313.5,1.24,143.0,87960.0,True,5,4,144
2018-05-24 05:00:00,5.32,99.4,164.0,498.72,60.0,310.4,1.17,140.0,87980.0,True,5,5,144
2018-05-24 06:00:00,7.17,95.8,340.0,665.32,90.0,325.7,1.03,143.0,88010.0,True,5,6,144
2018-05-24 07:00:00,10.6,92.5,516.0,755.2,112.0,289.3,0.28,164.0,88060.0,True,5,7,144
2018-05-24 08:00:00,12.79,80.3,663.0,770.05,143.0,308.85,0.07,323.0,88070.0,True,5,8,144
2018-05-24 09:00:00,14.02,64.85,615.0,323.95,360.0,303.85,0.48,312.0,88060.0,True,5,9,144
2018-05-24 10:00:00,15.39,56.25,642.0,259.57,418.0,296.65,0.9,290.0,88050.0,True,5,10,144
2018-05-24 11:00:00,16.27,52.5,800.0,511.38,341.0,306.95,1.31,280.0,88040.0,True,5,11,144
2018-05-24 12:00:00,16.45,50.6,263.0,0.0,263.0,316.2,1.66,280.0,88020.0,True,5,12,144
2018-05-24 13:00:00,15.63,52.4,329.0,8.37,322.0,316.4,1.52,282.0,88000.0,True,5,13,144
2018-05-24 14:00:00,16.14,50.6,647.0,489.81,282.0,316.05,1.31,276.0,88010.0,True,5,14,144
2018-05-24 15:00:00,16.33,50.6,566.0,613.94,185.0,318.55,1.31,272.0,87980.0,True,5,15,144
2018-05-24 16:00:00,16.31,50.6,404.0,538.98,150.0,321.65,1.38,270.0,87960.0,True,5,16,144
2018-05-24 17:00:00,15.86,56.35,222.0,341.56,117.0,301.9,1.24,279.0,87960.0,True,5,17,144
2018-05-24 18:00:00,14.95,64.95,66.0,99.87,52.0,293.75,0.97,302.0,87980.0,True,5,18,144
2018-05-24 19:00:00,14.6,64.95,0.0,-0.0,0.0,296.65,0.34,24.0,87980.0,True,5,19,144
2018-05-24 20:00:00,13.98,67.15,0.0,-0.0,0.0,293.2,0.55,103.0,88030.0,True,5,20,144
2018-05-24 21:00:00,13.15,69.55,0.0,-0.0,0.0,284.65,0.69,121.0,88070.0,True,5,21,144
2018-05-24 22:00:00,10.71,80.05,0.0,-0.0,0.0,282.35,0.97,127.0,88070.0,True,5,22,144
2018-05-24 23:00:00,8.53,89.1,0.0,-0.0,0.0,281.0,1.31,133.0,88040.0,True,5,23,144
2018-05-25 00:00:00,7.15,92.35,0.0,-0.0,0.0,290.1,1.45,134.0,87990.0,True,5,0,145
2018-05-25 01:00:00,5.98,95.8,0.0,-0.0,0.0,293.3,1.31,134.0,87970.0,True,5,1,145
2018-05-25 02:00:00,5.83,99.4,0.0,-0.0,0.0,298.05,1.31,133.0,87950.0,True,5,2,145
2018-05-25 03:00:00,5.71,95.75,0.0,-0.0,0.0,293.0,1.45,132.0,87940.0,True,5,3,145
2018-05-25 04:00:00,5.59,95.75,4.0,0.0,4.0,282.95,1.59,134.0,87930.0,True,5,4,145
2018-05-25 05:00:00,6.19,92.3,127.0,199.53,85.0,283.9,1.38,135.0,87930.0,True,5,5,145
2018-05-25 06:00:00,8.97,89.1,330.0,606.59,101.0,292.6,0.97,136.0,87940.0,True,5,6,145
2018-05-25 07:00:00,13.55,69.65,521.0,767.87,109.0,291.45,0.28,80.0,88030.0,True,5,7,145
2018-05-25 08:00:00,15.54,60.65,679.0,815.68,127.0,288.75,0.76,25.0,88030.0,True,5,8,145
2018-05-25 09:00:00,16.97,56.6,821.0,885.19,123.0,289.1,1.17,13.0,88030.0,True,5,9,145
2018-05-25 10:00:00,17.91,49.15,890.0,852.69,153.0,295.7,1.38,7.0,88020.0,True,5,10,145
2018-05-25 11:00:00,18.38,47.55,817.0,546.2,326.0,306.15,1.31,2.0,88030.0,True,5,11,145
2018-05-25 12:00:00,18.67,45.95,831.0,606.73,291.0,327.05,1.31,358.0,88030.0,True,5,12,145
2018-05-25 13:00:00,19.07,45.95,542.0,146.75,419.0,315.45,1.45,354.0,88000.0,True,5,13,145
2018-05-25 14:00:00,19.05,47.65,418.0,80.33,358.0,320.3,1.45,354.0,88010.0,True,5,14,145
2018-05-25 15:00:00,18.58,47.65,340.0,78.71,291.0,322.0,1.17,354.0,88010.0,True,5,15,145
2018-05-25 16:00:00,18.5,49.3,286.0,141.53,219.0,326.85,0.9,353.0,88000.0,True,5,16,145
2018-05-25 17:00:00,17.57,58.9,209.0,264.72,127.0,323.55,0.69,357.0,87990.0,True,5,17,145
2018-05-25 18:00:00,16.8,67.75,80.0,196.16,52.0,308.65,0.69,19.0,88010.0,True,5,18,145
2018-05-25 19:00:00,15.53,72.55,0.0,-0.0,0.0,306.15,0.97,36.0,88010.0,True,5,19,145
2018-05-25 20:00:00,13.89,74.85,0.0,-0.0,0.0,301.7,1.1,72.0,88030.0,True,5,20,145
2018-05-25 21:00:00,12.79,74.7,0.0,-0.0,0.0,289.7,1.1,102.0,88010.0,True,5,21,145
2018-05-25 22:00:00,11.61,74.55,0.0,-0.0,0.0,284.3,1.24,119.0,88000.0,True,5,22,145
2018-05-25 23:00:00,10.68,77.15,0.0,-0.0,0.0,284.1,1.24,126.0,87990.0,True,5,23,145
2018-05-26 00:00:00,9.64,79.9,0.0,-0.0,0.0,287.2,1.45,136.0,87990.0,True,5,0,146
2018-05-26 01:00:00,8.79,82.75,0.0,-0.0,0.0,289.8,1.59,136.0,87990.0,True,5,1,146
2018-05-26 02:00:00,8.05,82.75,0.0,-0.0,0.0,286.2,1.66,134.0,87980.0,True,5,2,146
2018-05-26 03:00:00,7.42,82.7,0.0,-0.0,0.0,283.1,1.66,134.0,87970.0,True,5,3,146
2018-05-26 04:00:00,7.05,82.65,9.0,0.0,9.0,281.4,1.66,135.0,87980.0,True,5,4,146
2018-05-26 05:00:00,7.38,89.0,143.0,306.08,78.0,282.35,1.38,132.0,88000.0,True,5,5,146
2018-05-26 06:00:00,11.43,86.1,308.0,482.6,125.0,282.95,0.83,130.0,88050.0,True,5,6,146
2018-05-26 07:00:00,16.05,67.65,484.0,618.9,151.0,290.5,0.55,105.0,88120.0,True,5,7,146
2018-05-26 08:00:00,18.38,54.95,473.0,222.68,322.0,300.75,0.48,352.0,88140.0,True,5,8,146
2018-05-26 09:00:00,19.63,51.4,435.0,73.43,377.0,307.5,1.24,313.0,88190.0,True,5,9,146
2018-05-26 10:00:00,18.63,59.15,545.0,131.7,431.0,319.7,1.59,278.0,88260.0,True,5,10,146
2018-05-26 11:00:00,17.27,65.45,644.0,223.27,443.0,330.55,0.97,244.0,88370.0,True,5,11,146
2018-05-26 12:00:00,18.46,61.2,453.0,44.87,413.0,353.0,0.14,106.0,88330.0,True,5,12,146
2018-05-26 13:00:00,19.04,59.15,756.0,551.39,293.0,343.3,0.76,52.0,88300.0,True,5,13,146
2018-05-26 14:00:00,19.4,57.1,727.0,742.7,171.0,343.7,0.9,78.0,88320.0,True,5,14,146
2018-05-26 15:00:00,19.39,57.1,100.0,0.0,100.0,346.2,0.9,82.0,88280.0,True,5,15,146
2018-05-26 16:00:00,19.07,59.15,39.0,0.0,39.0,347.75,1.17,69.0,88220.0,True,5,16,146
2018-05-26 17:00:00,18.63,63.5,31.0,0.0,31.0,337.3,1.03,73.0,88210.0,True,5,17,146
2018-05-26 18:00:00,17.95,67.95,38.0,6.89,37.0,327.65,0.97,84.0,88210.0,True,5,18,146
2018-05-26 19:00:00,16.31,72.65,0.0,-0.0,0.0,345.65,1.38,98.0,88260.0,True,5,19,146
2018-05-26 20:00:00,15.11,75.1,0.0,-0.0,0.0,339.25,1.45,109.0,88260.0,True,5,20,146
2018-05-26 21:00:00,13.85,83.35,0.0,-0.0,0.0,330.55,1.45,118.0,88250.0,True,5,21,146
2018-05-26 22:00:00,12.47,83.25,0.0,-0.0,0.0,317.4,1.52,124.0,88200.0,True,5,22,146
2018-05-26 23:00:00,11.15,89.3,0.0,-0.0,0.0,311.4,1.59,130.0,88180.0,True,5,23,146
2018-05-27 00:00:00,9.65,95.85,0.0,-0.0,0.0,306.95,1.59,132.0,88140.0,True,5,0,147
2018-05-27 01:00:00,8.73,99.4,0.0,-0.0,0.0,303.75,1.52,134.0,88110.0,True,5,1,147
2018-05-27 02:00:00,8.06,92.4,0.0,-0.0,0.0,304.6,1.52,136.0,88070.0,True,5,2,147
2018-05-27 03:00:00,7.9,92.4,0.0,-0.0,0.0,298.2,1.66,138.0,88050.0,True,5,3,147
2018-05-27 04:00:00,7.9,89.05,10.0,0.0,10.0,298.05,1.72,140.0,88060.0,True,5,4,147
2018-05-27 05:00:00,8.72,89.1,14.0,0.0,14.0,309.25,1.59,140.0,88080.0,True,5,5,147
2018-05-27 06:00:00,11.07,86.1,40.0,0.0,40.0,304.4,1.24,140.0,88110.0,True,5,6,147
2018-05-27 07:00:00,13.61,80.4,72.0,0.0,72.0,319.7,0.83,154.0,88250.0,True,5,7,147
2018-05-27 08:00:00,15.97,72.55,459.0,195.76,326.0,325.7,0.69,119.0,88250.0,True,5,8,147
2018-05-27 09:00:00,17.01,60.95,293.0,5.06,289.0,333.45,1.03,92.0,88240.0,True,5,9,147
2018-05-27 10:00:00,19.12,53.15,733.0,433.77,357.0,332.65,1.17,69.0,88210.0,True,5,10,147
2018-05-27 11:00:00,20.32,47.9,210.0,0.0,210.0,334.6,1.31,50.0,88170.0,True,5,11,147
2018-05-27 12:00:00,20.76,46.35,763.0,449.17,362.0,327.05,1.45,33.0,88140.0,True,5,12,147
2018-05-27 13:00:00,21.21,44.85,861.0,854.76,142.0,334.4,1.59,20.0,88060.0,True,5,13,147
2018-05-27 14:00:00,21.47,46.5,756.0,831.7,132.0,330.15,1.79,6.0,88030.0,True,5,14,147
2018-05-27 15:00:00,18.83,61.3,540.0,515.77,217.0,349.3,1.17,0.0,88020.0,True,5,15,147
2018-05-27 16:00:00,18.14,65.65,304.0,180.08,218.0,335.95,1.17,54.0,88060.0,True,5,16,147
2018-05-27 17:00:00,17.23,72.8,155.0,76.35,131.0,338.65,0.83,90.0,88050.0,True,5,17,147
2018-05-27 18:00:00,16.71,80.8,40.0,6.77,39.0,330.75,0.48,131.0,88070.0,True,5,18,147
2018-05-27 19:00:00,16.6,72.7,0.0,-0.0,0.0,335.55,0.34,334.0,87950.0,True,5,19,147
2018-05-27 20:00:00,13.69,89.45,0.0,-0.0,0.0,334.2,1.17,229.0,88030.0,True,5,20,147
2018-05-27 21:00:00,11.62,95.9,0.0,-0.0,0.0,331.5,1.1,225.0,88110.0,True,5,21,147
2018-05-27 22:00:00,10.82,99.4,0.0,-0.0,0.0,333.25,0.69,193.0,88060.0,True,5,22,147
2018-05-27 23:00:00,10.31,99.4,0.0,-0.0,0.0,334.4,1.03,140.0,88020.0,True,5,23,147
2018-05-28 00:00:00,10.38,99.4,0.0,-0.0,0.0,317.95,1.03,139.0,87980.0,True,5,0,148
2018-05-28 01:00:00,9.01,99.4,0.0,-0.0,0.0,317.5,1.03,138.0,87940.0,True,5,1,148
2018-05-28 02:00:00,8.55,99.4,0.0,-0.0,0.0,320.1,1.17,139.0,87930.0,True,5,2,148
2018-05-28 03:00:00,7.99,95.85,0.0,-0.0,0.0,313.9,1.24,139.0,87900.0,True,5,3,148
2018-05-28 04:00:00,7.73,99.4,4.0,0.0,4.0,319.5,1.31,136.0,87900.0,True,5,4,148
2018-05-28 05:00:00,8.97,99.4,30.0,0.0,30.0,326.5,0.97,132.0,87900.0,True,5,5,148
2018-05-28 06:00:00,12.1,99.4,182.0,54.94,161.0,332.5,0.83,132.0,87940.0,True,5,6,148
2018-05-28 07:00:00,14.06,86.4,116.0,0.0,116.0,309.65,0.48,91.0,88000.0,True,5,7,148
2018-05-28 08:00:00,15.03,83.5,164.0,0.0,164.0,341.55,0.14,102.0,88000.0,True,5,8,148
2018-05-28 09:00:00,16.58,70.2,516.0,162.83,387.0,345.45,0.21,263.0,88020.0,True,5,9,148
2018-05-28 10:00:00,17.04,67.85,732.0,438.95,351.0,339.25,0.41,327.0,88010.0,True,5,10,148
2018-05-28 11:00:00,18.34,63.4,625.0,200.51,444.0,338.1,0.62,357.0,87980.0,True,5,11,148
2018-05-28 12:00:00,19.29,61.3,926.0,885.86,134.0,329.4,0.83,10.0,87930.0,True,5,12,148
2018-05-28 13:00:00,19.67,61.4,827.0,763.11,184.0,328.0,1.17,18.0,87880.0,True,5,13,148
2018-05-28 14:00:00,19.2,61.3,609.0,397.67,310.0,333.25,1.31,32.0,87810.0,True,5,14,148
2018-05-28 15:00:00,18.88,61.3,428.0,218.14,291.0,345.65,0.76,2.0,87810.0,True,5,15,148
2018-05-28 16:00:00,17.28,70.3,218.0,39.62,199.0,347.4,0.21,275.0,87830.0,True,5,16,148
2018-05-28 17:00:00,15.96,80.65,37.0,0.0,37.0,342.75,0.14,56.0,87850.0,True,5,17,148
2018-05-28 18:00:00,15.46,83.5,9.0,0.0,9.0,337.9,0.28,68.0,87880.0,True,5,18,148
2018-05-28 19:00:00,14.78,86.45,0.0,-0.0,0.0,343.5,0.48,239.0,87810.0,True,5,19,148
2018-05-28 20:00:00,13.58,89.45,0.0,-0.0,0.0,336.55,0.48,242.0,87890.0,True,5,20,148
2018-05-28 21:00:00,11.7,99.4,0.0,-0.0,0.0,341.55,1.1,226.0,87900.0,True,5,21,148
2018-05-28 22:00:00,11.16,99.35,0.0,-0.0,0.0,340.0,0.9,236.0,87920.0,True,5,22,148
2018-05-28 23:00:00,11.68,95.9,0.0,-0.0,0.0,328.05,0.62,242.0,87890.0,True,5,23,148
2018-05-29 00:00:00,11.65,95.9,0.0,-0.0,0.0,336.75,0.48,244.0,87900.0,True,5,0,149
2018-05-29 01:00:00,11.33,99.35,0.0,-0.0,0.0,335.5,0.34,254.0,87900.0,True,5,1,149
2018-05-29 02:00:00,11.25,95.9,0.0,-0.0,0.0,344.85,0.28,281.0,87860.0,True,5,2,149
2018-05-29 03:00:00,11.01,95.9,0.0,-0.0,0.0,349.7,0.41,261.0,87850.0,True,5,3,149
2018-05-29 04:00:00,10.66,95.9,8.0,0.0,8.0,342.15,0.41,220.0,87840.0,True,5,4,149
2018-05-29 05:00:00,10.67,92.5,24.0,0.0,24.0,335.55,0.34,198.0,87840.0,True,5,5,149
2018-05-29 06:00:00,12.13,95.95,119.0,2.61,118.0,341.95,0.28,226.0,87860.0,True,5,6,149
2018-05-29 07:00:00,11.93,95.9,142.0,0.0,142.0,349.5,0.34,74.0,87890.0,True,5,7,149
2018-05-29 08:00:00,13.08,89.4,259.0,8.8,253.0,345.25,0.21,42.0,87880.0,True,5,8,149
2018-05-29 09:00:00,14.17,83.4,439.0,76.89,378.0,345.25,0.48,14.0,87860.0,True,5,9,149
2018-05-29 10:00:00,14.57,77.75,282.0,1.15,281.0,340.2,0.83,353.0,87850.0,True,5,10,149
2018-05-29 11:00:00,15.44,75.1,487.0,61.96,431.0,346.8,0.97,356.0,87830.0,True,5,11,149
2018-05-29 12:00:00,16.04,72.65,472.0,55.85,422.0,347.55,0.97,353.0,87820.0,True,5,12,149
2018-05-29 13:00:00,16.95,72.7,620.0,259.48,401.0,340.6,0.97,358.0,87790.0,True,5,13,149
2018-05-29 14:00:00,17.38,70.3,291.0,7.96,285.0,331.5,1.03,341.0,87760.0,True,5,14,149
2018-05-29 15:00:00,16.62,70.2,540.0,512.86,217.0,333.85,0.69,347.0,87710.0,True,5,15,149
2018-05-29 16:00:00,16.19,72.65,361.0,342.67,196.0,330.95,0.62,104.0,87730.0,True,5,16,149
2018-05-29 17:00:00,15.93,77.85,171.0,109.83,136.0,331.3,0.62,141.0,87710.0,True,5,17,149
2018-05-29 18:00:00,15.35,80.6,72.0,98.43,57.0,330.15,0.34,165.0,87720.0,True,5,18,149
2018-05-29 19:00:00,14.7,83.45,0.0,-0.0,0.0,324.55,0.48,121.0,87720.0,True,5,19,149
2018-05-29 20:00:00,13.33,89.4,0.0,-0.0,0.0,308.65,0.83,115.0,87780.0,True,5,20,149
2018-05-29 21:00:00,12.63,89.4,0.0,-0.0,0.0,308.65,0.9,116.0,87800.0,True,5,21,149
2018-05-29 22:00:00,11.43,92.55,0.0,-0.0,0.0,308.65,1.1,117.0,87810.0,True,5,22,149
2018-05-29 23:00:00,10.71,92.5,0.0,-0.0,0.0,302.1,1.1,124.0,87770.0,True,5,23,149
2018-05-30 00:00:00,10.08,92.5,0.0,-0.0,0.0,300.95,1.17,133.0,87770.0,True,5,0,150
2018-05-30 01:00:00,9.37,95.85,0.0,-0.0,0.0,298.9,1.17,136.0,87720.0,True,5,1,150
2018-05-30 02:00:00,8.52,92.4,0.0,-0.0,0.0,292.2,1.31,138.0,87710.0,True,5,2,150
2018-05-30 03:00:00,7.58,92.4,0.0,-0.0,0.0,296.3,1.45,140.0,87680.0,True,5,3,150
2018-05-30 04:00:00,7.06,92.35,12.0,0.0,12.0,295.7,1.45,140.0,87680.0,True,5,4,150
2018-05-30 05:00:00,7.89,92.4,163.0,438.66,67.0,290.5,1.24,140.0,87690.0,True,5,5,150
2018-05-30 06:00:00,10.81,89.25,251.0,215.6,168.0,299.55,0.9,136.0,87740.0,True,5,6,150
2018-05-30 07:00:00,12.86,89.4,303.0,97.56,250.0,328.05,0.48,107.0,87840.0,True,5,7,150
2018-05-30 08:00:00,15.15,72.45,500.0,276.77,311.0,309.25,0.55,41.0,87830.0,True,5,8,150
2018-05-30 09:00:00,16.68,63.05,770.0,736.44,185.0,326.3,0.97,25.0,87820.0,True,5,9,150
2018-05-30 10:00:00,18.11,56.95,768.0,517.18,318.0,315.25,1.24,16.0,87770.0,True,5,10,150
2018-05-30 11:00:00,18.99,55.05,799.0,512.75,335.0,330.35,1.45,9.0,87760.0,True,5,11,150
2018-05-30 12:00:00,19.61,55.2,390.0,17.85,374.0,334.4,1.52,6.0,87730.0,True,5,12,150
2018-05-30 13:00:00,18.07,65.65,122.0,0.0,122.0,347.75,0.97,350.0,87720.0,True,5,13,150
2018-05-30 14:00:00,16.93,72.7,665.0,535.14,261.0,352.4,0.83,20.0,87730.0,True,5,14,150
2018-05-30 15:00:00,16.54,75.3,618.0,791.76,118.0,335.0,0.28,72.0,87710.0,True,5,15,150
2018-05-30 16:00:00,16.85,78.0,111.0,0.0,111.0,337.3,0.28,71.0,87670.0,True,5,16,150
2018-05-30 17:00:00,16.71,75.3,44.0,0.0,44.0,341.95,0.21,299.0,87670.0,True,5,17,150
2018-05-30 18:00:00,15.04,83.5,27.0,0.0,27.0,336.95,0.55,226.0,87720.0,True,5,18,150
2018-05-30 19:00:00,13.29,92.65,0.0,-0.0,0.0,327.85,0.69,283.0,87730.0,True,5,19,150
2018-05-30 20:00:00,12.48,95.95,0.0,-0.0,0.0,330.75,0.41,326.0,87780.0,True,5,20,150
2018-05-30 21:00:00,11.41,99.35,0.0,-0.0,0.0,316.8,0.9,129.0,87790.0,True,5,21,150
2018-05-30 22:00:00,10.93,99.4,0.0,-0.0,0.0,313.7,0.76,120.0,87770.0,True,5,22,150
2018-05-30 23:00:00,10.91,95.9,0.0,-0.0,0.0,306.95,0.69,136.0,87750.0,True,5,23,150
2018-05-31 00:00:00,10.25,95.9,0.0,-0.0,0.0,326.1,0.83,159.0,87720.0,True,5,0,151
2018-05-31 01:00:00,9.51,95.85,0.0,-0.0,0.0,308.6,1.03,146.0,87710.0,True,5,1,151
2018-05-31 02:00:00,8.84,95.85,0.0,-0.0,0.0,301.9,1.1,139.0,87680.0,True,5,2,151
2018-05-31 03:00:00,8.71,95.85,0.0,-0.0,0.0,313.5,1.1,136.0,87680.0,True,5,3,151
2018-05-31 04:00:00,8.36,92.4,12.0,0.0,12.0,309.25,1.1,140.0,87680.0,True,5,4,151
2018-05-31 05:00:00,8.95,95.85,76.0,13.62,73.0,308.5,0.9,140.0,87710.0,True,5,5,151
2018-05-31 06:00:00,12.16,92.6,137.0,10.36,133.0,313.3,0.48,171.0,87760.0,True,5,6,151
2018-05-31 07:00:00,13.56,89.45,486.0,613.61,152.0,310.6,0.41,278.0,87860.0,True,5,7,151
2018-05-31 08:00:00,14.66,80.55,657.0,739.91,151.0,312.35,0.62,304.0,87890.0,True,5,8,151
2018-05-31 09:00:00,15.61,72.55,608.0,309.31,362.0,340.2,0.83,313.0,87900.0,True,5,9,151
2018-05-31 10:00:00,16.43,70.1,624.0,233.05,421.0,329.2,1.03,334.0,87890.0,True,5,10,151
2018-05-31 11:00:00,17.15,65.45,444.0,37.53,410.0,334.0,1.17,339.0,87870.0,True,5,11,151
2018-05-31 12:00:00,17.65,67.95,391.0,17.82,375.0,324.75,1.52,346.0,87830.0,True,5,12,151
2018-05-31 13:00:00,17.77,67.95,77.0,0.0,77.0,334.8,1.45,344.0,87790.0,True,5,13,151
2018-05-31 14:00:00,16.71,72.7,154.0,0.0,154.0,335.95,1.03,346.0,87790.0,True,5,14,151
2018-05-31 15:00:00,16.23,75.25,186.0,0.0,186.0,337.9,0.9,307.0,87810.0,True,5,15,151
2018-05-31 16:00:00,13.34,92.67,343.0,274.07,210.0,330.72,1.02,267.0,87830.0,True,5,16,151
2018-05-31 17:00:00,12.49,93.04,82.0,0.0,82.0,329.75,1.05,249.0,87890.0,True,5,17,151
2018-05-31 18:00:00,11.63,93.42,38.0,0.0,38.0,328.79,1.09,232.0,87910.0,True,5,18,151
2018-05-31 19:00:00,10.77,93.79,0.0,-0.0,0.0,327.82,1.12,210.0,88010.0,True,5,19,151
2018-05-31 20:00:00,9.91,94.17,0.0,-0.0,0.0,326.86,1.15,161.0,88080.0,True,5,20,151
2018-05-31 21:00:00,9.05,94.55,0.0,-0.0,0.0,325.9,1.19,160.0,88070.0,True,5,21,151
2018-05-31 22:00:00,8.19,94.92,0.0,-0.0,0.0,324.93,1.22,160.0,88060.0,True,5,22,151
2018-05-31 23:00:00,7.33,95.3,0.0,-0.0,0.0,323.97,1.25,156.0,88080.0,True,5,23,151
2011-06-01 00:00:00,6.47,95.67,0.0,-0.0,0.0,323.01,1.29,334.0,88140.0,True,6,0,152
2011-06-01 01:00:00,5.62,96.05,0.0,-0.0,0.0,322.04,1.32,342.0,88090.0,True,6,1,152
2011-06-01 02:00:00,4.76,96.42,0.0,-0.0,0.0,321.08,1.35,348.0,88040.0,True,6,2,152
2011-06-01 03:00:00,3.9,96.8,0.0,-0.0,0.0,320.11,1.39,355.0,88000.0,True,6,3,152
2011-06-01 04:00:00,3.04,97.17,14.0,0.0,14.0,319.15,1.42,1.0,87990.0,True,6,4,152
2011-06-01 05:00:00,2.18,97.55,73.0,9.03,71.0,318.19,1.46,6.0,87990.0,True,6,5,152
2011-06-01 06:00:00,1.32,97.93,41.0,0.0,41.0,317.22,1.49,11.0,87990.0,True,6,6,152
2011-06-01 07:00:00,0.46,98.3,158.0,0.0,158.0,316.26,1.52,27.0,87970.0,True,6,7,152
2011-06-01 08:00:00,4.18,95.75,204.0,0.0,204.0,321.45,1.86,27.0,87980.0,True,6,8,152
2011-06-01 09:00:00,4.88,92.25,261.0,1.26,260.0,325.1,2.28,32.0,87950.0,True,6,9,152
2011-06-01 10:00:00,5.57,88.9,193.0,0.0,193.0,323.95,2.48,34.0,87940.0,True,6,10,152
2011-06-01 11:00:00,6.74,88.95,252.0,0.0,252.0,323.75,2.69,34.0,87950.0,True,6,11,152
2011-06-01 12:00:00,6.98,85.75,245.0,0.0,245.0,327.85,2.83,33.0,87950.0,True,6,12,152
2011-06-01 13:00:00,7.56,85.8,119.0,0.0,119.0,330.75,2.55,32.0,87970.0,True,6,13,152
2011-06-01 14:00:00,7.95,85.85,180.0,0.0,180.0,336.75,2.69,31.0,87970.0,True,6,14,152
2011-06-01 15:00:00,7.53,89.0,165.0,0.0,165.0,339.65,2.69,29.0,87990.0,True,6,15,152
2011-06-01 16:00:00,8.1,85.85,130.0,0.0,130.0,332.85,2.62,32.0,87990.0,True,6,16,152
2011-06-01 17:00:00,7.94,85.85,134.0,30.79,124.0,334.4,2.34,29.0,88030.0,True,6,17,152
2011-06-01 18:00:00,7.48,92.35,43.0,6.29,42.0,333.05,2.21,27.0,88070.0,True,6,18,152
2011-06-01 19:00:00,6.69,95.8,0.0,0.0,0.0,338.5,2.0,23.0,88170.0,True,6,19,152
2011-06-01 20:00:00,6.26,95.8,0.0,-0.0,0.0,337.5,1.93,28.0,88200.0,True,6,20,152
2011-06-01 21:00:00,6.08,95.8,0.0,-0.0,0.0,340.0,1.86,33.0,88230.0,True,6,21,152
2011-06-01 22:00:00,6.0,95.8,0.0,-0.0,0.0,337.3,1.66,38.0,88250.0,True,6,22,152
2011-06-01 23:00:00,5.91,95.8,0.0,-0.0,0.0,334.4,1.72,41.0,88220.0,True,6,23,152
2011-06-02 00:00:00,5.73,99.4,0.0,-0.0,0.0,324.15,1.59,44.0,88160.0,True,6,0,153
2011-06-02 01:00:00,5.56,99.4,0.0,-0.0,0.0,304.9,1.38,47.0,88160.0,True,6,1,153
2011-06-02 02:00:00,5.37,95.75,0.0,-0.0,0.0,305.75,1.24,55.0,88130.0,True,6,2,153
2011-06-02 03:00:00,5.18,99.4,0.0,-0.0,0.0,308.1,1.24,60.0,88130.0,True,6,3,153
2011-06-02 04:00:00,5.02,95.75,5.0,0.0,5.0,300.35,1.17,60.0,88150.0,True,6,4,153
2011-06-02 05:00:00,5.6,95.75,79.0,17.96,75.0,313.9,1.03,56.0,88200.0,True,6,5,153
2011-06-02 06:00:00,7.23,95.8,207.0,92.7,171.0,311.4,1.24,48.0,88230.0,True,6,6,153
2011-06-02 07:00:00,9.05,89.1,367.0,208.69,253.0,309.45,1.52,37.0,88270.0,True,6,7,153
2011-06-02 08:00:00,10.69,83.0,613.0,568.8,223.0,304.6,1.86,33.0,88290.0,True,6,8,153
2011-06-02 09:00:00,12.68,74.7,616.0,319.93,361.0,316.4,2.28,30.0,88310.0,True,6,9,153
2011-06-02 10:00:00,14.53,62.65,662.0,287.57,411.0,322.6,2.48,34.0,88320.0,True,6,10,153
2011-06-02 11:00:00,15.62,60.65,703.0,307.31,424.0,349.7,2.62,29.0,88320.0,True,6,11,153
2011-06-02 12:00:00,15.76,62.85,607.0,176.71,448.0,347.75,2.62,24.0,88300.0,True,6,12,153
2011-06-02 13:00:00,16.73,60.85,472.0,74.2,409.0,328.4,2.76,25.0,88280.0,True,6,13,153
2011-06-02 14:00:00,16.72,60.85,374.0,42.15,342.0,346.4,2.83,26.0,88270.0,True,6,14,153
2011-06-02 15:00:00,16.84,63.05,261.0,15.71,251.0,337.9,2.9,24.0,88280.0,True,6,15,153
2011-06-02 16:00:00,15.82,67.55,230.0,45.01,208.0,356.85,2.83,21.0,88300.0,True,6,16,153
2011-06-02 17:00:00,14.65,75.0,183.0,128.55,141.0,345.05,2.07,21.0,88310.0,True,6,17,153
2011-06-02 18:00:00,13.69,80.4,70.0,68.29,59.0,338.65,1.79,20.0,88320.0,True,6,18,153
2011-06-02 19:00:00,12.49,86.25,0.0,0.0,0.0,331.9,1.66,25.0,88360.0,True,6,19,153
2011-06-02 20:00:00,11.84,92.55,0.0,-0.0,0.0,344.85,1.59,31.0,88390.0,True,6,20,153
2011-06-02 21:00:00,11.51,92.55,0.0,-0.0,0.0,356.85,1.45,36.0,88390.0,True,6,21,153
2011-06-02 22:00:00,11.23,95.9,0.0,-0.0,0.0,352.2,1.38,38.0,88390.0,True,6,22,153
2011-06-02 23:00:00,10.92,95.9,0.0,-0.0,0.0,343.5,1.31,40.0,88360.0,True,6,23,153
2011-06-03 00:00:00,10.63,99.4,0.0,-0.0,0.0,340.4,1.24,45.0,88340.0,True,6,0,154
2011-06-03 01:00:00,9.83,100.0,0.0,-0.0,0.0,332.4,1.1,52.0,88300.0,True,6,1,154
2011-06-03 02:00:00,9.27,100.0,0.0,-0.0,0.0,329.2,0.97,63.0,88250.0,True,6,2,154
2011-06-03 03:00:00,8.54,99.4,0.0,-0.0,0.0,311.75,0.97,76.0,88230.0,True,6,3,154
2011-06-03 04:00:00,7.95,99.4,10.0,0.0,10.0,321.65,0.9,92.0,88220.0,True,6,4,154
2011-06-03 05:00:00,8.17,99.4,66.0,4.47,65.0,318.35,0.69,98.0,88240.0,True,6,5,154
2011-06-03 06:00:00,9.98,89.2,174.0,41.1,158.0,313.1,0.83,62.0,88250.0,True,6,6,154
2011-06-03 07:00:00,12.2,83.15,509.0,701.89,125.0,322.05,0.9,49.0,88310.0,True,6,7,154
2011-06-03 08:00:00,14.0,72.3,645.0,686.16,174.0,328.2,1.03,34.0,88310.0,True,6,8,154
2011-06-03 09:00:00,15.61,65.15,774.0,738.27,185.0,331.1,1.17,19.0,88300.0,True,6,9,154
2011-06-03 10:00:00,17.02,60.85,871.0,790.95,180.0,327.65,1.45,5.0,88290.0,True,6,10,154
2011-06-03 11:00:00,18.09,58.9,705.0,314.72,419.0,340.4,1.66,1.0,88290.0,True,6,11,154
2011-06-03 12:00:00,18.49,56.95,465.0,49.96,420.0,336.75,1.86,357.0,88260.0,True,6,12,154
2011-06-03 13:00:00,17.77,63.2,520.0,119.97,418.0,340.4,2.0,0.0,88220.0,True,6,13,154
2011-06-03 14:00:00,16.98,65.35,536.0,228.79,362.0,349.9,2.07,12.0,88210.0,True,6,14,154
2011-06-03 15:00:00,16.29,70.1,318.0,51.74,285.0,336.75,1.52,38.0,88240.0,True,6,15,154
2011-06-03 16:00:00,16.29,72.65,230.0,44.85,208.0,335.4,0.76,41.0,88230.0,True,6,16,154
2011-06-03 17:00:00,15.75,75.15,157.0,63.91,136.0,335.95,0.9,30.0,88170.0,True,6,17,154
2011-06-03 18:00:00,15.01,80.6,20.0,0.0,20.0,329.4,0.76,29.0,88120.0,True,6,18,154
2011-06-03 19:00:00,13.8,86.35,0.0,0.0,0.0,330.15,0.97,46.0,88150.0,True,6,19,154
2011-06-03 20:00:00,12.81,92.6,0.0,-0.0,0.0,322.2,0.9,71.0,88140.0,True,6,20,154
2011-06-03 21:00:00,11.97,92.6,0.0,-0.0,0.0,331.7,0.83,87.0,88140.0,True,6,21,154
2011-06-03 22:00:00,12.11,89.35,0.0,-0.0,0.0,333.65,0.69,112.0,88100.0,True,6,22,154
2011-06-03 23:00:00,11.7,92.55,0.0,-0.0,0.0,328.2,0.83,130.0,88050.0,True,6,23,154
2011-06-04 00:00:00,11.19,92.55,0.0,-0.0,0.0,314.3,0.9,138.0,88020.0,True,6,0,155
2011-06-04 01:00:00,10.13,92.5,0.0,-0.0,0.0,310.5,1.03,149.0,88010.0,True,6,1,155
2011-06-04 02:00:00,9.3,92.45,0.0,-0.0,0.0,309.65,1.17,149.0,87960.0,True,6,2,155
2011-06-04 03:00:00,8.66,92.4,0.0,-0.0,0.0,309.65,1.24,146.0,87940.0,True,6,3,155
2011-06-04 04:00:00,7.98,92.4,19.0,0.0,19.0,303.25,1.24,142.0,87940.0,True,6,4,155
2011-06-04 05:00:00,8.73,92.4,167.0,435.94,69.0,304.4,1.1,140.0,87920.0,True,6,5,155
2011-06-04 06:00:00,11.9,89.35,231.0,148.65,173.0,305.4,0.55,151.0,87940.0,True,6,6,155
2011-06-04 07:00:00,13.8,80.4,462.0,503.78,186.0,322.8,0.28,177.0,87940.0,True,6,7,155
2011-06-04 08:00:00,14.86,72.4,538.0,358.01,292.0,324.15,0.48,224.0,87940.0,True,6,8,155
2011-06-04 09:00:00,16.2,62.95,474.0,107.7,388.0,332.85,0.55,253.0,87920.0,True,6,9,155
2011-06-04 10:00:00,16.99,60.85,420.0,34.31,390.0,337.7,0.76,287.0,87900.0,True,6,10,155
2011-06-04 11:00:00,17.95,58.9,537.0,98.95,447.0,336.55,0.97,307.0,87850.0,True,6,11,155
2011-06-04 12:00:00,18.61,59.05,103.0,0.0,103.0,330.95,0.97,321.0,87810.0,True,6,12,155
2011-06-04 13:00:00,18.37,63.3,714.0,435.8,343.0,346.0,1.1,326.0,87730.0,True,6,13,155
2011-06-04 14:00:00,16.7,67.75,733.0,735.09,173.0,344.65,0.48,301.0,87720.0,True,6,14,155
2011-06-04 15:00:00,16.41,67.75,280.0,25.03,264.0,337.1,0.9,310.0,87700.0,True,6,15,155
2011-06-04 16:00:00,15.53,77.85,244.0,58.92,215.0,347.0,0.14,243.0,87680.0,True,6,16,155
2011-06-04 17:00:00,15.71,77.85,141.0,36.32,129.0,324.35,0.28,146.0,87650.0,True,6,17,155
2011-06-04 18:00:00,15.02,83.5,17.0,0.0,17.0,327.85,0.41,241.0,87610.0,True,6,18,155
2011-06-04 19:00:00,14.62,86.45,0.0,0.0,0.0,330.55,0.55,224.0,87630.0,True,6,19,155
2011-06-04 20:00:00,13.09,86.3,0.0,-0.0,0.0,325.7,0.69,201.0,87680.0,True,6,20,155
2011-06-04 21:00:00,11.83,92.55,0.0,-0.0,0.0,323.95,0.9,194.0,87670.0,True,6,21,155
2011-06-04 22:00:00,11.6,89.3,0.0,-0.0,0.0,308.3,0.83,198.0,87620.0,True,6,22,155
2011-06-04 23:00:00,11.53,89.3,0.0,-0.0,0.0,301.7,0.69,187.0,87590.0,True,6,23,155
2011-06-05 00:00:00,10.23,92.5,0.0,-0.0,0.0,297.25,0.9,151.0,87580.0,True,6,0,156
2011-06-05 01:00:00,9.14,92.45,0.0,-0.0,0.0,298.15,0.97,146.0,87530.0,True,6,1,156
2011-06-05 02:00:00,8.35,92.4,0.0,-0.0,0.0,296.1,1.1,141.0,87520.0,True,6,2,156
2011-06-05 03:00:00,7.1,95.8,0.0,-0.0,0.0,301.9,1.24,134.0,87480.0,True,6,3,156
2011-06-05 04:00:00,6.72,99.4,14.0,0.0,14.0,309.25,1.24,132.0,87440.0,True,6,4,156
2011-06-05 05:00:00,8.28,99.4,173.0,465.21,68.0,324.75,0.9,133.0,87440.0,True,6,5,156
2011-06-05 06:00:00,10.66,92.5,228.0,135.57,175.0,315.25,0.76,132.0,87470.0,True,6,6,156
2011-06-05 07:00:00,12.43,83.25,460.0,486.74,193.0,333.85,0.34,174.0,87480.0,True,6,7,156
2011-06-05 08:00:00,13.52,80.4,677.0,792.41,132.0,343.1,0.21,227.0,87480.0,True,6,8,156
2011-06-05 09:00:00,15.1,67.45,527.0,170.18,391.0,318.35,0.41,330.0,87450.0,True,6,9,156
2011-06-05 10:00:00,15.76,62.85,193.0,0.0,193.0,320.85,0.76,347.0,87420.0,True,6,10,156
2011-06-05 11:00:00,16.41,60.85,188.0,0.0,188.0,336.75,0.9,329.0,87390.0,True,6,11,156
2011-06-05 12:00:00,16.66,60.85,642.0,221.58,442.0,333.65,0.69,338.0,87350.0,True,6,12,156
2011-06-05 13:00:00,16.76,60.85,719.0,438.78,345.0,345.65,0.76,318.0,87320.0,True,6,13,156
2011-06-05 14:00:00,14.88,69.85,531.0,216.24,366.0,347.0,0.21,279.0,87290.0,True,6,14,156
2011-06-05 15:00:00,15.12,72.45,496.0,349.6,272.0,325.7,0.62,254.0,87270.0,True,6,15,156
2011-06-05 16:00:00,14.84,77.75,291.0,131.64,226.0,341.4,0.41,272.0,87230.0,True,6,16,156
2011-06-05 17:00:00,14.48,75.0,176.0,99.35,143.0,324.35,0.34,299.0,87210.0,True,6,17,156
2011-06-05 18:00:00,13.86,83.35,99.0,227.67,61.0,320.5,0.28,263.0,87190.0,True,6,18,156
2011-06-05 19:00:00,13.91,74.95,0.0,0.0,0.0,324.35,0.14,305.0,87150.0,True,6,19,156
2011-06-05 20:00:00,12.08,89.35,0.0,-0.0,0.0,314.65,0.76,243.0,87170.0,True,6,20,156
2011-06-05 21:00:00,11.74,89.3,0.0,-0.0,0.0,311.55,0.83,241.0,87190.0,True,6,21,156
2011-06-05 22:00:00,11.53,86.15,0.0,-0.0,0.0,310.6,0.69,248.0,87180.0,True,6,22,156
2011-06-05 23:00:00,10.85,92.5,0.0,-0.0,0.0,339.85,0.55,225.0,87180.0,True,6,23,156
2011-06-06 00:00:00,10.49,86.05,0.0,-0.0,0.0,325.3,0.28,212.0,87180.0,True,6,0,157
2011-06-06 01:00:00,9.06,99.4,0.0,-0.0,0.0,345.15,0.83,175.0,87140.0,True,6,1,157
2011-06-06 02:00:00,8.84,95.85,0.0,-0.0,0.0,336.75,0.83,173.0,87100.0,True,6,2,157
2011-06-06 03:00:00,8.9,95.85,0.0,-0.0,0.0,341.0,0.55,179.0,87080.0,True,6,3,157
2011-06-06 04:00:00,8.79,99.4,10.0,0.0,10.0,339.25,0.62,181.0,87070.0,True,6,4,157
2011-06-06 05:00:00,9.32,99.4,26.0,0.0,26.0,339.05,0.41,192.0,87060.0,True,6,5,157
2011-06-06 06:00:00,9.95,99.4,33.0,0.0,33.0,332.3,0.21,249.0,87070.0,True,6,6,157
2011-06-06 07:00:00,10.31,92.5,63.0,0.0,63.0,313.7,0.76,252.0,87100.0,True,6,7,157
2011-06-06 08:00:00,11.27,86.1,355.0,56.66,316.0,329.4,0.83,260.0,87130.0,True,6,8,157
2011-06-06 09:00:00,12.0,83.15,619.0,320.12,363.0,326.65,1.1,274.0,87150.0,True,6,9,157
2011-06-06 10:00:00,12.45,83.25,290.0,1.14,289.0,330.35,1.17,282.0,87180.0,True,6,10,157
2011-06-06 11:00:00,13.71,77.6,409.0,20.85,390.0,340.0,1.38,288.0,87160.0,True,6,11,157
2011-06-06 12:00:00,13.74,72.2,332.0,4.43,328.0,335.0,1.38,282.0,87150.0,True,6,12,157
2011-06-06 13:00:00,14.31,69.75,374.0,18.75,358.0,324.95,0.9,258.0,87160.0,True,6,13,157
2011-06-06 14:00:00,14.57,64.95,421.0,75.89,363.0,342.95,0.97,237.0,87120.0,True,6,14,157
2011-06-06 15:00:00,15.01,60.5,516.0,398.7,260.0,338.1,1.31,234.0,87120.0,True,6,15,157
2011-06-06 16:00:00,15.11,60.5,296.0,137.29,228.0,328.0,1.24,244.0,87100.0,True,6,16,157
2011-06-06 17:00:00,14.39,62.65,159.0,59.91,139.0,327.05,0.83,249.0,87090.0,True,6,17,157
2011-06-06 18:00:00,13.78,72.2,93.0,171.89,64.0,324.95,0.41,229.0,87070.0,True,6,18,157
2011-06-06 19:00:00,13.05,74.75,0.0,0.0,0.0,300.75,0.76,174.0,87090.0,True,6,19,157
2011-06-06 20:00:00,11.5,83.1,0.0,-0.0,0.0,303.85,0.9,150.0,87110.0,True,6,20,157
2011-06-06 21:00:00,10.86,80.1,0.0,-0.0,0.0,298.05,0.97,140.0,87140.0,True,6,21,157
2011-06-06 22:00:00,9.78,85.95,0.0,-0.0,0.0,299.95,1.1,144.0,87130.0,True,6,22,157
2011-06-06 23:00:00,8.87,85.95,0.0,-0.0,0.0,291.65,1.17,142.0,87110.0,True,6,23,157
2011-06-07 00:00:00,7.72,92.35,0.0,-0.0,0.0,288.35,1.38,143.0,87080.0,True,6,0,158
2011-06-07 01:00:00,6.77,95.8,0.0,-0.0,0.0,284.8,1.38,140.0,87030.0,True,6,1,158
2011-06-07 02:00:00,6.21,92.3,0.0,-0.0,0.0,289.1,1.38,137.0,87010.0,True,6,2,158
2011-06-07 03:00:00,6.08,92.3,0.0,-0.0,0.0,293.55,1.38,137.0,86970.0,True,6,3,158
2011-06-07 04:00:00,5.91,88.95,6.0,0.0,6.0,294.15,1.38,137.0,86980.0,True,6,4,158
2011-06-07 05:00:00,6.98,92.35,69.0,4.4,68.0,299.55,1.1,138.0,86990.0,True,6,5,158
2011-06-07 06:00:00,9.67,85.95,304.0,405.37,145.0,306.15,0.83,135.0,87000.0,True,6,6,158
2011-06-07 07:00:00,12.65,69.45,506.0,671.3,137.0,297.05,0.55,113.0,87030.0,True,6,7,158
2011-06-07 08:00:00,14.09,58.1,651.0,691.02,175.0,309.65,0.48,58.0,87010.0,True,6,8,158
2011-06-07 09:00:00,15.23,54.25,559.0,213.69,388.0,313.9,0.83,18.0,86990.0,True,6,9,158
2011-06-07 10:00:00,15.88,52.4,560.0,141.51,436.0,320.3,1.17,7.0,86960.0,True,6,10,158
2011-06-07 11:00:00,16.68,50.75,439.0,32.9,409.0,328.2,1.38,357.0,86940.0,True,6,11,158
2011-06-07 12:00:00,17.19,50.75,163.0,0.0,163.0,320.5,1.45,351.0,86910.0,True,6,12,158
2011-06-07 13:00:00,16.84,52.65,175.0,0.0,175.0,337.9,1.24,355.0,86910.0,True,6,13,158
2011-06-07 14:00:00,15.73,62.85,201.0,0.0,201.0,345.25,0.69,26.0,86880.0,True,6,14,158
2011-06-07 15:00:00,14.76,75.0,127.0,0.0,127.0,347.2,0.48,93.0,86870.0,True,6,15,158
2011-06-07 16:00:00,14.43,75.0,91.0,0.0,91.0,346.6,0.21,168.0,86860.0,True,6,16,158
2011-06-07 17:00:00,13.22,80.35,49.0,0.0,49.0,346.8,0.76,249.0,86860.0,True,6,17,158
2011-06-07 18:00:00,12.21,83.15,46.0,5.87,45.0,344.5,1.03,239.0,86890.0,True,6,18,158
2011-06-07 19:00:00,11.48,95.9,0.0,0.0,0.0,348.75,0.62,209.0,86840.0,True,6,19,158
2011-06-07 20:00:00,10.75,99.4,0.0,-0.0,0.0,345.25,0.69,222.0,86860.0,True,6,20,158
2011-06-07 21:00:00,10.51,99.4,0.0,-0.0,0.0,355.3,0.76,225.0,86900.0,True,6,21,158
2011-06-07 22:00:00,10.23,99.4,0.0,-0.0,0.0,353.0,0.9,235.0,86920.0,True,6,22,158
2011-06-07 23:00:00,9.81,99.4,0.0,-0.0,0.0,344.85,1.1,226.0,86910.0,True,6,23,158
2011-06-08 00:00:00,9.84,92.5,0.0,-0.0,0.0,345.85,1.24,230.0,86940.0,True,6,0,159
2011-06-08 01:00:00,9.45,99.4,0.0,-0.0,0.0,348.05,1.03,219.0,86960.0,True,6,1,159
2011-06-08 02:00:00,9.15,99.4,0.0,-0.0,0.0,339.45,0.9,207.0,86940.0,True,6,2,159
2011-06-08 03:00:00,8.9,99.4,0.0,-0.0,0.0,338.3,0.9,198.0,86920.0,True,6,3,159
2011-06-08 04:00:00,8.8,100.0,3.0,0.0,3.0,339.45,0.9,194.0,86920.0,True,6,4,159
2011-06-08 05:00:00,9.16,99.4,15.0,0.0,15.0,334.0,0.83,202.0,86930.0,True,6,5,159
2011-06-08 06:00:00,10.48,99.4,64.0,0.0,64.0,343.7,0.69,221.0,86970.0,True,6,6,159
2011-06-08 07:00:00,9.82,100.0,60.0,0.0,60.0,350.65,0.62,272.0,86990.0,True,6,7,159
2011-06-08 08:00:00,9.46,95.85,94.0,0.0,94.0,349.9,0.97,275.0,87050.0,True,6,8,159
2011-06-08 09:00:00,9.45,99.4,113.0,0.0,113.0,348.75,1.31,281.0,87080.0,True,6,9,159
2011-06-08 10:00:00,9.02,99.4,142.0,0.0,142.0,350.1,1.24,280.0,87140.0,True,6,10,159
2011-06-08 11:00:00,8.85,99.4,154.0,0.0,154.0,350.3,1.03,284.0,87180.0,True,6,11,159
2011-06-08 12:00:00,8.67,99.4,177.0,0.0,177.0,350.1,1.03,297.0,87220.0,True,6,12,159
2011-06-08 13:00:00,8.76,100.0,128.0,0.0,128.0,350.5,0.9,306.0,87230.0,True,6,13,159
2011-06-08 14:00:00,8.76,100.0,127.0,0.0,127.0,347.2,0.76,316.0,87240.0,True,6,14,159
2011-06-08 15:00:00,8.69,99.4,98.0,0.0,98.0,347.95,0.76,314.0,87270.0,True,6,15,159
2011-06-08 16:00:00,8.51,99.4,60.0,0.0,60.0,348.95,0.76,305.0,87310.0,True,6,16,159
2011-06-08 17:00:00,8.35,99.4,51.0,0.0,51.0,350.65,0.62,298.0,87310.0,True,6,17,159
2011-06-08 18:00:00,8.41,99.4,31.0,0.0,31.0,348.75,0.62,291.0,87350.0,True,6,18,159
2011-06-08 19:00:00,8.07,99.4,0.0,0.0,0.0,350.3,0.9,315.0,87400.0,True,6,19,159
2011-06-08 20:00:00,7.74,100.0,0.0,-0.0,0.0,347.4,1.03,312.0,87460.0,True,6,20,159
2011-06-08 21:00:00,7.53,99.4,0.0,-0.0,0.0,346.2,1.1,306.0,87520.0,True,6,21,159
2011-06-08 22:00:00,7.18,99.4,0.0,-0.0,0.0,341.95,1.1,302.0,87560.0,True,6,22,159
2011-06-08 23:00:00,6.91,99.4,0.0,-0.0,0.0,340.4,1.1,297.0,87560.0,True,6,23,159
2011-06-09 00:00:00,6.93,92.35,0.0,-0.0,0.0,339.65,0.97,291.0,87580.0,True,6,0,160
2011-06-09 01:00:00,6.52,99.4,0.0,-0.0,0.0,339.75,0.83,290.0,87600.0,True,6,1,160
2011-06-09 02:00:00,6.33,99.4,0.0,-0.0,0.0,334.8,0.76,294.0,87570.0,True,6,2,160
2011-06-09 03:00:00,6.2,95.8,0.0,-0.0,0.0,334.8,0.69,303.0,87560.0,True,6,3,160
2011-06-09 04:00:00,5.91,95.8,9.0,0.0,9.0,329.4,0.76,314.0,87550.0,True,6,4,160
2011-06-09 05:00:00,6.0,95.8,38.0,0.0,38.0,326.85,0.69,322.0,87570.0,True,6,5,160
2011-06-09 06:00:00,6.29,88.95,109.0,0.0,109.0,323.2,1.03,333.0,87600.0,True,6,6,160
2011-06-09 07:00:00,6.31,88.95,127.0,0.0,127.0,320.5,0.83,338.0,87660.0,True,6,7,160
2011-06-09 08:00:00,6.74,88.95,180.0,0.0,180.0,312.55,1.03,341.0,87670.0,True,6,8,160
2011-06-09 09:00:00,7.59,76.7,161.0,0.0,161.0,322.2,1.1,350.0,87680.0,True,6,9,160
2011-06-09 10:00:00,8.32,73.95,120.0,0.0,120.0,319.5,1.1,345.0,87670.0,True,6,10,160
2011-06-09 11:00:00,9.31,68.8,312.0,1.1,311.0,315.65,1.24,344.0,87690.0,True,6,11,160
2011-06-09 12:00:00,9.73,68.9,351.0,6.62,345.0,323.0,1.31,339.0,87700.0,True,6,12,160
2011-06-09 13:00:00,10.2,66.45,275.0,1.17,274.0,323.2,1.45,335.0,87700.0,True,6,13,160
2011-06-09 14:00:00,10.29,69.0,237.0,0.0,237.0,324.95,1.52,332.0,87710.0,True,6,14,160
2011-06-09 15:00:00,10.11,69.0,120.0,0.0,120.0,324.15,1.45,330.0,87730.0,True,6,15,160
2011-06-09 16:00:00,9.68,71.5,91.0,0.0,91.0,318.95,1.31,333.0,87740.0,True,6,16,160
2011-06-09 17:00:00,9.33,74.15,73.0,0.0,73.0,317.55,1.17,328.0,87760.0,True,6,17,160
2011-06-09 18:00:00,8.75,79.75,59.0,17.27,56.0,320.1,0.76,318.0,87780.0,True,6,18,160
2011-06-09 19:00:00,8.09,82.7,0.0,0.0,0.0,321.65,0.21,316.0,87820.0,True,6,19,160
2011-06-09 20:00:00,7.84,79.7,0.0,-0.0,0.0,311.0,0.0,246.0,87840.0,True,6,20,160
2011-06-09 21:00:00,7.52,82.65,0.0,-0.0,0.0,307.1,0.14,32.0,87860.0,True,6,21,160
2011-06-09 22:00:00,7.09,85.75,0.0,-0.0,0.0,298.4,0.21,51.0,87840.0,True,6,22,160
2011-06-09 23:00:00,6.63,88.95,0.0,-0.0,0.0,292.6,0.28,72.0,87810.0,True,6,23,160
2011-06-10 00:00:00,5.83,85.7,0.0,-0.0,0.0,294.75,0.55,114.0,87790.0,True,6,0,161
2011-06-10 01:00:00,4.97,92.25,0.0,-0.0,0.0,287.5,0.76,121.0,87760.0,True,6,1,161
2011-06-10 02:00:00,4.44,92.25,0.0,-0.0,0.0,297.05,0.83,122.0,87730.0,True,6,2,161
2011-06-10 03:00:00,4.31,92.25,0.0,-0.0,0.0,301.9,0.9,120.0,87700.0,True,6,3,161
2011-06-10 04:00:00,4.43,92.25,22.0,0.0,22.0,309.25,0.9,121.0,87690.0,True,6,4,161
2011-06-10 05:00:00,4.95,92.25,178.0,476.33,69.0,295.5,0.76,126.0,87700.0,True,6,5,161
2011-06-10 06:00:00,6.12,88.95,358.0,673.38,93.0,294.35,0.76,124.0,87720.0,True,6,6,161
2011-06-10 07:00:00,8.25,82.7,529.0,744.37,119.0,275.2,0.07,32.0,87720.0,True,6,7,161
2011-06-10 08:00:00,9.66,74.2,660.0,704.44,174.0,270.35,0.41,325.0,87730.0,True,6,8,161
2011-06-10 09:00:00,11.41,62.0,761.0,662.61,230.0,279.25,0.9,307.0,87720.0,True,6,9,161
2011-06-10 10:00:00,12.41,57.75,692.0,325.88,406.0,296.5,1.24,298.0,87740.0,True,6,10,161
2011-06-10 11:00:00,12.68,55.65,624.0,180.64,459.0,315.25,1.45,299.0,87730.0,True,6,11,161
2011-06-10 12:00:00,13.03,55.75,543.0,101.5,451.0,327.05,1.59,291.0,87730.0,True,6,12,161
2011-06-10 13:00:00,13.71,53.85,425.0,39.68,391.0,311.4,1.79,288.0,87740.0,True,6,13,161
2011-06-10 14:00:00,14.04,53.95,435.0,84.58,370.0,305.2,1.86,290.0,87710.0,True,6,14,161
2011-06-10 15:00:00,13.66,58.0,136.0,0.0,136.0,318.75,1.79,294.0,87720.0,True,6,15,161
2011-06-10 16:00:00,13.18,57.9,291.0,117.8,232.0,329.55,1.59,294.0,87690.0,True,6,16,161
2011-06-10 17:00:00,12.53,59.95,128.0,14.71,123.0,323.2,1.31,298.0,87670.0,True,6,17,161
2011-06-10 18:00:00,11.81,66.75,41.0,0.0,41.0,313.7,0.76,292.0,87700.0,True,6,18,161
2011-06-10 19:00:00,10.59,71.7,0.0,0.0,0.0,300.95,0.83,297.0,87730.0,True,6,19,161
2011-06-10 20:00:00,9.76,82.9,0.0,-0.0,0.0,318.35,0.62,296.0,87770.0,True,6,20,161
2011-06-10 21:00:00,8.93,85.95,0.0,-0.0,0.0,323.0,0.62,304.0,87810.0,True,6,21,161
2011-06-10 22:00:00,8.53,85.9,0.0,-0.0,0.0,317.75,0.69,301.0,87810.0,True,6,22,161
2011-06-10 23:00:00,8.06,92.4,0.0,-0.0,0.0,329.2,0.76,296.0,87810.0,True,6,23,161
2011-06-11 00:00:00,7.67,92.35,0.0,-0.0,0.0,325.7,0.76,288.0,87800.0,True,6,0,162
2011-06-11 01:00:00,7.68,92.35,0.0,-0.0,0.0,338.0,0.69,283.0,87790.0,True,6,1,162
2011-06-11 02:00:00,7.37,92.35,0.0,-0.0,0.0,331.7,0.55,279.0,87780.0,True,6,2,162
2011-06-11 03:00:00,7.0,99.4,0.0,-0.0,0.0,329.2,0.55,291.0,87760.0,True,6,3,162
2011-06-11 04:00:00,6.95,99.4,3.0,0.0,3.0,332.85,0.62,290.0,87750.0,True,6,4,162
2011-06-11 05:00:00,6.82,99.4,22.0,0.0,22.0,326.5,0.62,303.0,87790.0,True,6,5,162
2011-06-11 06:00:00,7.26,100.0,62.0,0.0,62.0,330.95,0.83,307.0,87830.0,True,6,6,162
2011-06-11 07:00:00,7.88,92.4,74.0,0.0,74.0,332.85,1.1,299.0,87850.0,True,6,7,162
2011-06-11 08:00:00,8.78,89.1,169.0,0.0,169.0,319.5,1.03,306.0,87890.0,True,6,8,162
2011-06-11 09:00:00,9.83,92.45,127.0,0.0,127.0,300.95,0.97,316.0,87900.0,True,6,9,162
2011-06-11 10:00:00,10.33,92.5,134.0,0.0,134.0,317.0,1.1,319.0,87910.0,True,6,10,162
2011-06-11 11:00:00,11.46,89.3,191.0,0.0,191.0,307.9,1.38,323.0,87920.0,True,6,11,162
2011-06-11 12:00:00,12.13,86.2,279.0,0.0,279.0,307.5,1.66,320.0,87920.0,True,6,12,162
2011-06-11 13:00:00,11.32,83.05,366.0,15.16,353.0,310.4,1.72,321.0,87910.0,True,6,13,162
2011-06-11 14:00:00,11.31,83.05,351.0,25.99,331.0,319.5,1.38,314.0,87930.0,True,6,14,162
2011-06-11 15:00:00,11.98,80.2,250.0,9.26,244.0,314.1,1.38,309.0,87940.0,True,6,15,162
2011-06-11 16:00:00,10.96,77.2,213.0,23.9,201.0,317.0,1.38,310.0,87910.0,True,6,16,162
2011-06-11 17:00:00,10.76,77.15,133.0,20.51,126.0,312.75,1.17,312.0,87950.0,True,6,17,162
2011-06-11 18:00:00,9.97,77.1,69.0,33.96,63.0,305.2,1.1,313.0,87980.0,True,6,18,162
2011-06-11 19:00:00,9.1,82.85,0.0,0.0,0.0,326.65,0.76,326.0,87980.0,True,6,19,162
2011-06-11 20:00:00,8.29,92.4,0.0,-0.0,0.0,304.6,0.48,319.0,88030.0,True,6,20,162
2011-06-11 21:00:00,8.25,85.85,0.0,-0.0,0.0,305.75,0.21,9.0,88050.0,True,6,21,162
2011-06-11 22:00:00,7.79,89.0,0.0,-0.0,0.0,283.7,0.21,65.0,88050.0,True,6,22,162
2011-06-11 23:00:00,7.45,89.0,0.0,-0.0,0.0,297.85,0.14,40.0,88030.0,True,6,23,162
2011-06-12 00:00:00,7.24,92.35,0.0,-0.0,0.0,311.2,0.21,45.0,88020.0,True,6,0,163
2011-06-12 01:00:00,6.92,92.35,0.0,-0.0,0.0,306.65,0.41,74.0,88000.0,True,6,1,163
2011-06-12 02:00:00,6.04,92.3,0.0,-0.0,0.0,291.65,0.62,92.0,87990.0,True,6,2,163
2011-06-12 03:00:00,5.66,92.3,0.0,-0.0,0.0,301.7,0.69,94.0,87980.0,True,6,3,163
2011-06-12 04:00:00,5.23,95.75,19.0,0.0,19.0,293.4,0.76,96.0,87980.0,True,6,4,163
2011-06-12 05:00:00,5.7,95.75,169.0,396.61,78.0,297.25,0.62,107.0,87980.0,True,6,5,163
2011-06-12 06:00:00,7.73,92.35,351.0,637.08,100.0,281.6,0.69,79.0,87990.0,True,6,6,163
2011-06-12 07:00:00,8.75,85.9,502.0,633.19,153.0,286.2,0.83,16.0,87980.0,True,6,7,163
2011-06-12 08:00:00,10.33,74.3,529.0,317.26,310.0,279.25,0.9,16.0,88000.0,True,6,8,163
2011-06-12 09:00:00,11.59,64.35,579.0,238.2,388.0,282.35,0.83,12.0,87980.0,True,6,9,163
2011-06-12 10:00:00,13.06,55.75,653.0,260.74,424.0,308.65,0.9,350.0,87970.0,True,6,10,163
2011-06-12 11:00:00,13.94,52.0,513.0,74.37,445.0,319.9,1.1,330.0,87960.0,True,6,11,163
2011-06-12 12:00:00,14.93,50.35,420.0,25.34,397.0,316.2,1.72,324.0,87930.0,True,6,12,163
2011-06-12 13:00:00,15.26,52.25,481.0,75.72,416.0,324.95,1.93,321.0,87920.0,True,6,13,163
2011-06-12 14:00:00,15.02,52.25,522.0,188.24,377.0,328.8,1.79,315.0,87920.0,True,6,14,163
2011-06-12 15:00:00,14.89,54.1,474.0,269.58,299.0,329.4,1.59,306.0,87940.0,True,6,15,163
2011-06-12 16:00:00,14.44,54.1,327.0,186.78,233.0,317.4,1.38,308.0,87930.0,True,6,16,163
2011-06-12 17:00:00,13.96,56.0,181.0,93.41,149.0,341.2,1.03,308.0,87930.0,True,6,17,163
2011-06-12 18:00:00,13.44,60.2,19.0,0.0,19.0,335.0,0.62,316.0,87940.0,True,6,18,163
2011-06-12 19:00:00,12.95,62.3,0.0,0.0,0.0,310.4,0.14,273.0,87920.0,True,6,19,163
2011-06-12 20:00:00,12.04,71.95,0.0,-0.0,0.0,318.15,0.41,223.0,87970.0,True,6,20,163
2011-06-12 21:00:00,11.2,80.1,0.0,-0.0,0.0,328.8,0.69,234.0,87980.0,True,6,21,163
2011-06-12 22:00:00,10.39,83.0,0.0,-0.0,0.0,332.65,0.83,248.0,88000.0,True,6,22,163
2011-06-12 23:00:00,9.68,89.15,0.0,-0.0,0.0,345.25,0.9,264.0,88000.0,True,6,23,163
2011-06-13 00:00:00,9.4,89.15,0.0,-0.0,0.0,343.3,0.69,265.0,87980.0,True,6,0,164
2011-06-13 01:00:00,9.52,85.95,0.0,-0.0,0.0,338.8,0.41,250.0,87980.0,True,6,1,164
2011-06-13 02:00:00,9.52,85.95,0.0,-0.0,0.0,345.85,0.28,213.0,87940.0,True,6,2,164
2011-06-13 03:00:00,8.77,99.4,0.0,-0.0,0.0,344.85,0.48,183.0,87930.0,True,6,3,164
2011-06-13 04:00:00,8.37,95.85,15.0,0.0,15.0,335.75,0.69,167.0,87900.0,True,6,4,164
2011-06-13 05:00:00,8.85,95.85,44.0,0.0,44.0,331.1,0.62,164.0,87930.0,True,6,5,164
2011-06-13 06:00:00,10.65,95.9,87.0,0.0,87.0,337.7,0.41,182.0,87950.0,True,6,6,164
2011-06-13 07:00:00,10.83,92.5,131.0,0.0,131.0,339.25,0.28,327.0,87990.0,True,6,7,164
2011-06-13 08:00:00,11.6,80.15,160.0,0.0,160.0,345.25,0.41,308.0,88020.0,True,6,8,164
2011-06-13 09:00:00,12.06,77.35,191.0,0.0,191.0,346.8,0.55,292.0,88020.0,True,6,9,164
2011-06-13 10:00:00,11.9,74.6,169.0,0.0,169.0,346.6,0.76,302.0,88020.0,True,6,10,164
2011-06-13 11:00:00,12.24,74.6,186.0,0.0,186.0,346.2,0.62,314.0,88020.0,True,6,11,164
2011-06-13 12:00:00,13.23,69.55,271.0,0.0,271.0,342.75,0.76,308.0,88010.0,True,6,12,164
2011-06-13 13:00:00,14.11,64.85,445.0,52.38,400.0,340.6,1.03,306.0,88000.0,True,6,13,164
2011-06-13 14:00:00,14.81,64.95,567.0,267.14,361.0,337.5,1.03,310.0,87980.0,True,6,14,164
2011-06-13 15:00:00,15.05,65.05,480.0,287.63,293.0,346.6,1.03,309.0,87980.0,True,6,15,164
2011-06-13 16:00:00,14.06,67.25,168.0,3.97,166.0,335.95,0.83,300.0,87980.0,True,6,16,164
2011-06-13 17:00:00,13.7,72.2,171.0,72.72,146.0,337.5,0.41,294.0,88000.0,True,6,17,164
2011-06-13 18:00:00,13.02,80.35,72.0,44.61,64.0,330.35,0.48,319.0,88040.0,True,6,18,164
2011-06-13 19:00:00,12.59,80.3,0.0,0.0,0.0,324.35,0.21,43.0,88060.0,True,6,19,164
2011-06-13 20:00:00,11.38,83.1,0.0,-0.0,0.0,319.7,0.69,133.0,88090.0,True,6,20,164
2011-06-13 21:00:00,11.16,83.05,0.0,-0.0,0.0,305.55,0.69,138.0,88100.0,True,6,21,164
2011-06-13 22:00:00,10.04,86.0,0.0,-0.0,0.0,303.05,0.83,136.0,88100.0,True,6,22,164
2011-06-13 23:00:00,9.24,92.45,0.0,-0.0,0.0,306.15,0.9,139.0,88090.0,True,6,23,164
2011-06-14 00:00:00,8.5,92.4,0.0,-0.0,0.0,299.75,0.97,141.0,88080.0,True,6,0,165
2011-06-14 01:00:00,7.77,95.8,0.0,-0.0,0.0,305.9,1.1,141.0,88080.0,True,6,1,165
2011-06-14 02:00:00,7.11,95.8,0.0,-0.0,0.0,303.25,1.17,140.0,88060.0,True,6,2,165
2011-06-14 03:00:00,6.95,95.8,0.0,-0.0,0.0,314.1,1.17,138.0,88060.0,True,6,3,165
2011-06-14 04:00:00,6.86,95.8,6.0,0.0,6.0,318.55,1.1,139.0,88060.0,True,6,4,165
2011-06-14 05:00:00,7.55,95.8,88.0,26.12,82.0,310.8,0.9,140.0,88080.0,True,6,5,165
2011-06-14 06:00:00,9.74,92.45,310.0,423.74,143.0,321.05,0.62,138.0,88110.0,True,6,6,165
2011-06-14 07:00:00,11.51,86.15,464.0,491.61,193.0,327.25,0.34,121.0,88140.0,True,6,7,165
2011-06-14 08:00:00,13.22,77.5,431.0,140.5,334.0,307.3,0.62,349.0,88150.0,True,6,8,165
2011-06-14 09:00:00,14.49,67.35,540.0,182.02,394.0,309.45,1.03,341.0,88160.0,True,6,9,165
2011-06-14 10:00:00,15.31,65.05,567.0,147.95,437.0,313.9,1.38,334.0,88160.0,True,6,10,165
2011-06-14 11:00:00,15.59,65.15,371.0,9.84,362.0,331.7,1.59,334.0,88160.0,True,6,11,165
2011-06-14 12:00:00,16.26,67.65,451.0,39.62,415.0,320.65,1.52,338.0,88150.0,True,6,12,165
2011-06-14 13:00:00,16.87,70.2,382.0,20.94,364.0,317.75,1.52,343.0,88130.0,True,6,13,165
2011-06-14 14:00:00,16.65,67.75,421.0,72.55,365.0,330.95,1.31,346.0,88110.0,True,6,14,165
2011-06-14 15:00:00,16.57,67.75,278.0,19.97,265.0,353.95,1.24,355.0,88090.0,True,6,15,165
2011-06-14 16:00:00,16.53,67.75,353.0,253.25,225.0,324.75,1.17,351.0,88070.0,True,6,16,165
2011-06-14 17:00:00,15.38,77.8,147.0,34.79,135.0,340.6,1.1,338.0,88090.0,True,6,17,165
2011-06-14 18:00:00,14.1,77.65,38.0,0.0,38.0,341.95,0.76,328.0,88150.0,True,6,18,165
2011-06-14 19:00:00,13.85,80.4,0.0,0.0,0.0,315.25,0.69,2.0,88170.0,True,6,19,165
2011-06-14 20:00:00,13.08,83.25,0.0,-0.0,0.0,325.5,0.48,16.0,88200.0,True,6,20,165
2011-06-14 21:00:00,12.76,86.25,0.0,-0.0,0.0,323.75,0.14,47.0,88240.0,True,6,21,165
2011-06-14 22:00:00,12.08,89.35,0.0,-0.0,0.0,319.9,0.28,139.0,88230.0,True,6,22,165
2011-06-14 23:00:00,10.58,92.5,0.0,-0.0,0.0,308.3,0.69,140.0,88210.0,True,6,23,165
2011-06-15 00:00:00,8.27,100.0,0.0,-0.0,0.0,310.4,1.1,137.0,88170.0,True,6,0,166
2011-06-15 01:00:00,7.75,100.0,0.0,-0.0,0.0,309.95,1.1,134.0,88150.0,True,6,1,166
2011-06-15 02:00:00,7.37,99.4,0.0,-0.0,0.0,311.55,1.17,136.0,88120.0,True,6,2,166
2011-06-15 03:00:00,7.12,100.0,0.0,-0.0,0.0,320.85,1.24,136.0,88090.0,True,6,3,166
2011-06-15 04:00:00,6.74,100.0,22.0,0.0,22.0,317.2,1.24,136.0,88090.0,True,6,4,166
2011-06-15 05:00:00,7.36,99.4,169.0,404.9,76.0,330.35,1.03,138.0,88110.0,True,6,5,166
2011-06-15 06:00:00,9.89,92.5,335.0,558.3,115.0,317.55,0.76,142.0,88140.0,True,6,6,166
2011-06-15 07:00:00,13.36,89.4,489.0,589.64,164.0,347.75,0.07,196.0,88180.0,True,6,7,166
2011-06-15 08:00:00,15.1,72.45,553.0,380.96,290.0,351.05,0.62,319.0,88180.0,True,6,8,166
2011-06-15 09:00:00,16.41,65.35,591.0,264.3,379.0,308.1,0.83,310.0,88180.0,True,6,9,166
2011-06-15 10:00:00,17.28,65.35,581.0,163.85,437.0,331.7,1.17,299.0,88170.0,True,6,10,166
2011-06-15 11:00:00,17.98,61.05,654.0,223.98,449.0,336.35,1.45,289.0,88160.0,True,6,11,166
2011-06-15 12:00:00,17.88,63.2,619.0,183.73,452.0,333.45,1.66,293.0,88150.0,True,6,12,166
2011-06-15 13:00:00,17.82,63.2,598.0,205.74,421.0,353.55,1.79,292.0,88150.0,True,6,13,166
2011-06-15 14:00:00,17.63,63.2,527.0,198.02,374.0,345.25,1.72,293.0,88150.0,True,6,14,166
2011-06-15 15:00:00,17.58,63.2,451.0,223.95,305.0,344.5,1.59,296.0,88150.0,True,6,15,166
2011-06-15 16:00:00,17.12,65.35,361.0,274.47,222.0,343.7,1.24,296.0,88130.0,True,6,16,166
2011-06-15 17:00:00,16.3,70.1,208.0,164.73,151.0,347.4,0.69,277.0,88130.0,True,6,17,166
2011-06-15 18:00:00,15.92,72.65,110.0,225.69,69.0,349.5,0.28,259.0,88140.0,True,6,18,166
2011-06-15 19:00:00,15.15,83.5,0.0,0.0,0.0,340.0,0.41,258.0,88110.0,True,6,19,166
2011-06-15 20:00:00,14.99,75.1,0.0,-0.0,0.0,344.3,0.34,215.0,88140.0,True,6,20,166
2011-06-15 21:00:00,14.44,77.75,0.0,-0.0,0.0,328.8,0.55,192.0,88170.0,True,6,21,166
2011-06-15 22:00:00,13.72,80.4,0.0,-0.0,0.0,328.2,0.69,177.0,88150.0,True,6,22,166
2011-06-15 23:00:00,13.0,83.25,0.0,-0.0,0.0,335.75,0.69,163.0,88120.0,True,6,23,166
2011-06-16 00:00:00,12.28,89.35,0.0,-0.0,0.0,345.85,0.83,156.0,88090.0,True,6,0,167
2011-06-16 01:00:00,11.42,92.55,0.0,-0.0,0.0,337.25,0.97,150.0,88060.0,True,6,1,167
2011-06-16 02:00:00,10.64,95.9,0.0,-0.0,0.0,329.75,1.1,145.0,88000.0,True,6,2,167
2011-06-16 03:00:00,9.87,95.9,0.0,-0.0,0.0,319.7,1.17,144.0,87960.0,True,6,3,167
2011-06-16 04:00:00,9.39,95.85,22.0,0.0,22.0,318.35,1.24,145.0,87950.0,True,6,4,167
2011-06-16 05:00:00,10.01,95.9,139.0,204.71,92.0,311.2,1.03,147.0,87960.0,True,6,5,167
2011-06-16 06:00:00,13.46,86.35,288.0,330.02,158.0,303.85,0.76,156.0,87970.0,True,6,6,167
2011-06-16 07:00:00,15.77,70.0,502.0,655.12,141.0,302.1,0.83,188.0,87990.0,True,6,7,167
2011-06-16 08:00:00,17.2,63.05,664.0,743.19,151.0,304.6,0.9,212.0,87990.0,True,6,8,167
2011-06-16 09:00:00,18.2,56.85,788.0,769.23,171.0,308.65,1.17,236.0,87960.0,True,6,9,167
2011-06-16 10:00:00,19.22,49.45,881.0,807.82,171.0,311.2,1.66,240.0,87920.0,True,6,10,167
2011-06-16 11:00:00,19.54,47.8,855.0,623.72,284.0,322.2,2.0,242.0,87890.0,True,6,11,167
2011-06-16 12:00:00,20.12,46.2,916.0,817.1,173.0,332.65,2.41,244.0,87850.0,True,6,12,167
2011-06-16 13:00:00,20.15,46.2,249.0,0.0,249.0,338.85,2.69,248.0,87780.0,True,6,13,167
2011-06-16 14:00:00,18.73,54.95,85.0,0.0,85.0,347.55,3.17,269.0,87860.0,True,6,14,167
2011-06-16 15:00:00,15.33,75.1,72.0,0.0,72.0,357.45,2.21,287.0,87920.0,True,6,15,167
2011-06-16 16:00:00,14.31,89.5,65.0,0.0,65.0,351.85,1.66,276.0,88010.0,True,6,16,167
2011-06-16 17:00:00,13.11,95.95,42.0,0.0,42.0,359.75,1.17,274.0,88020.0,True,6,17,167
2011-06-16 18:00:00,12.2,95.95,26.0,0.0,26.0,364.0,0.9,286.0,88010.0,True,6,18,167
2011-06-16 19:00:00,11.75,99.4,0.0,0.0,0.0,364.4,1.03,290.0,88000.0,True,6,19,167
2011-06-16 20:00:00,11.44,95.9,0.0,-0.0,0.0,364.8,0.69,271.0,88040.0,True,6,20,167
2011-06-16 21:00:00,11.22,99.35,0.0,-0.0,0.0,358.6,0.48,255.0,88080.0,True,6,21,167
2011-06-16 22:00:00,11.07,95.9,0.0,-0.0,0.0,355.9,0.62,269.0,88070.0,True,6,22,167
2011-06-16 23:00:00,10.86,95.9,0.0,-0.0,0.0,352.2,0.76,281.0,88070.0,True,6,23,167
2011-06-17 00:00:00,10.53,99.4,0.0,-0.0,0.0,337.9,0.62,287.0,88040.0,True,6,0,168
2011-06-17 01:00:00,10.53,99.4,0.0,-0.0,0.0,354.05,0.69,300.0,88010.0,True,6,1,168
2011-06-17 02:00:00,9.9,99.4,0.0,-0.0,0.0,329.2,0.55,310.0,87960.0,True,6,2,168
2011-06-17 03:00:00,9.78,100.0,0.0,-0.0,0.0,336.55,0.34,322.0,87920.0,True,6,3,168
2011-06-17 04:00:00,9.69,100.0,5.0,0.0,5.0,341.2,0.34,1.0,87900.0,True,6,4,168
2011-06-17 05:00:00,10.03,100.0,64.0,4.36,63.0,338.5,0.69,36.0,87880.0,True,6,5,168
2011-06-17 06:00:00,10.54,95.9,220.0,114.3,175.0,332.3,0.62,52.0,87860.0,True,6,6,168
2011-06-17 07:00:00,11.76,89.3,474.0,537.37,178.0,342.75,0.62,69.0,87830.0,True,6,7,168
2011-06-17 08:00:00,13.1,83.25,662.0,740.47,151.0,335.4,0.28,87.0,87800.0,True,6,8,168
2011-06-17 09:00:00,14.88,75.0,747.0,644.63,230.0,342.95,0.21,289.0,87770.0,True,6,9,168
2011-06-17 10:00:00,16.63,65.35,869.0,774.79,188.0,336.55,0.76,284.0,87720.0,True,6,10,168
2011-06-17 11:00:00,17.91,63.2,847.0,609.4,289.0,337.5,1.52,257.0,87690.0,True,6,11,168
2011-06-17 12:00:00,18.87,59.05,625.0,194.58,448.0,335.55,1.79,261.0,87640.0,True,6,12,168
2011-06-17 13:00:00,19.36,57.1,655.0,299.55,397.0,336.55,1.52,280.0,87560.0,True,6,13,168
2011-06-17 14:00:00,19.32,57.1,115.0,0.0,115.0,341.0,1.31,292.0,87510.0,True,6,14,168
2011-06-17 15:00:00,18.92,59.05,142.0,0.0,142.0,350.5,1.24,293.0,87460.0,True,6,15,168
2011-06-17 16:00:00,17.13,72.7,49.0,0.0,49.0,364.6,0.83,262.0,87450.0,True,6,16,168
2011-06-17 17:00:00,15.72,86.5,30.0,0.0,30.0,366.35,0.48,228.0,87420.0,True,6,17,168
2011-06-17 18:00:00,14.95,96.0,51.0,5.44,50.0,364.4,0.83,218.0,87400.0,True,6,18,168
2011-06-17 19:00:00,14.3,96.0,3.0,0.0,3.0,356.5,1.03,167.0,87360.0,True,6,19,168
2011-06-17 20:00:00,13.78,95.95,0.0,-0.0,0.0,354.35,1.1,200.0,87360.0,True,6,20,168
2011-06-17 21:00:00,12.5,95.95,0.0,-0.0,0.0,340.8,1.52,225.0,87410.0,True,6,21,168
2011-06-17 22:00:00,11.98,95.95,0.0,-0.0,0.0,342.15,1.59,228.0,87440.0,True,6,22,168
2011-06-17 23:00:00,11.62,95.9,0.0,-0.0,0.0,347.95,1.79,228.0,87490.0,True,6,23,168
2011-06-18 00:00:00,12.18,92.6,0.0,-0.0,0.0,356.1,1.72,213.0,87480.0,True,6,0,169
2011-06-18 01:00:00,11.37,92.55,0.0,-0.0,0.0,349.4,1.66,200.0,87460.0,True,6,1,169
2011-06-18 02:00:00,11.02,95.9,0.0,-0.0,0.0,339.85,1.52,202.0,87430.0,True,6,2,169
2011-06-18 03:00:00,10.78,99.4,0.0,-0.0,0.0,345.25,1.52,209.0,87380.0,True,6,3,169
2011-06-18 04:00:00,10.58,99.4,8.0,0.0,8.0,346.4,1.38,218.0,87360.0,True,6,4,169
2011-06-18 05:00:00,10.96,95.9,16.0,0.0,16.0,352.8,1.38,235.0,87350.0,True,6,5,169
2011-06-18 06:00:00,11.26,95.9,45.0,0.0,45.0,354.15,1.45,255.0,87360.0,True,6,6,169
2011-06-18 07:00:00,10.68,99.4,46.0,0.0,46.0,352.2,1.38,280.0,87360.0,True,6,7,169
2011-06-18 08:00:00,10.37,99.4,81.0,0.0,81.0,356.1,1.59,292.0,87340.0,True,6,8,169
2011-06-18 09:00:00,9.96,99.4,78.0,0.0,78.0,354.15,2.21,294.0,87370.0,True,6,9,169
2011-06-18 10:00:00,9.37,99.4,90.0,0.0,90.0,351.85,1.79,273.0,87450.0,True,6,10,169
2011-06-18 11:00:00,9.16,99.4,104.0,0.0,104.0,345.85,1.31,228.0,87520.0,True,6,11,169
2011-06-18 12:00:00,8.81,99.4,170.0,0.0,170.0,341.75,1.45,217.0,87560.0,True,6,12,169
2011-06-18 13:00:00,9.15,95.85,78.0,0.0,78.0,336.55,1.86,222.0,87520.0,True,6,13,169
2011-06-18 14:00:00,9.65,89.15,76.0,0.0,76.0,327.85,1.72,223.0,87530.0,True,6,14,169
2011-06-18 15:00:00,10.86,77.2,562.0,510.54,228.0,332.85,2.28,238.0,87520.0,True,6,15,169
2011-06-18 16:00:00,10.94,77.2,312.0,151.27,235.0,331.3,1.72,241.0,87510.0,True,6,16,169
2011-06-18 17:00:00,10.68,80.05,111.0,5.73,109.0,317.4,1.59,234.0,87480.0,True,6,17,169
2011-06-18 18:00:00,10.14,82.95,12.0,0.0,12.0,291.05,1.59,238.0,87520.0,True,6,18,169
2011-06-18 19:00:00,8.81,89.1,5.0,0.0,5.0,284.1,1.52,237.0,87570.0,True,6,19,169
2011-06-18 20:00:00,7.71,92.35,0.0,-0.0,0.0,284.1,1.17,222.0,87640.0,True,6,20,169
2011-06-18 21:00:00,6.58,99.4,0.0,-0.0,0.0,285.85,1.24,212.0,87680.0,True,6,21,169
2011-06-18 22:00:00,6.04,95.8,0.0,-0.0,0.0,298.8,1.38,213.0,87680.0,True,6,22,169
2011-06-18 23:00:00,6.06,95.8,0.0,-0.0,0.0,309.85,1.31,221.0,87690.0,True,6,23,169
2011-06-19 00:00:00,5.97,92.3,0.0,-0.0,0.0,304.4,1.45,230.0,87670.0,True,6,0,170
2011-06-19 01:00:00,5.37,95.75,0.0,-0.0,0.0,296.0,1.38,230.0,87690.0,True,6,1,170
2011-06-19 02:00:00,5.03,95.75,0.0,-0.0,0.0,288.55,1.52,232.0,87680.0,True,6,2,170
2011-06-19 03:00:00,4.74,99.4,0.0,-0.0,0.0,296.3,1.59,236.0,87680.0,True,6,3,170
2011-06-19 04:00:00,4.49,95.75,7.0,0.0,7.0,290.65,1.52,231.0,87710.0,True,6,4,170
2011-06-19 05:00:00,4.77,99.4,33.0,0.0,33.0,282.15,1.45,231.0,87730.0,True,6,5,170
2011-06-19 06:00:00,5.9,88.95,54.0,0.0,54.0,282.15,1.52,231.0,87780.0,True,6,6,170
2011-06-19 07:00:00,6.83,92.35,102.0,0.0,102.0,302.1,1.93,244.0,87790.0,True,6,7,170
2011-06-19 08:00:00,7.57,92.35,350.0,49.3,316.0,293.75,1.72,247.0,87860.0,True,6,8,170
2011-06-19 09:00:00,8.7,92.4,383.0,32.43,357.0,281.0,1.86,250.0,87900.0,True,6,9,170
2011-06-19 10:00:00,9.33,82.85,658.0,262.84,427.0,285.25,2.14,247.0,87940.0,True,6,10,170
2011-06-19 11:00:00,10.02,71.6,397.0,15.29,383.0,291.25,2.69,247.0,87980.0,True,6,11,170
2011-06-19 12:00:00,10.68,59.5,409.0,19.78,391.0,297.85,3.03,253.0,87960.0,True,6,12,170
2011-06-19 13:00:00,11.14,55.3,596.0,191.39,431.0,291.25,2.97,256.0,87970.0,True,6,13,170
2011-06-19 14:00:00,11.52,51.35,513.0,166.45,384.0,317.4,2.83,259.0,88000.0,True,6,14,170
2011-06-19 15:00:00,11.82,51.35,503.0,322.21,292.0,305.2,2.76,260.0,88010.0,True,6,15,170
2011-06-19 16:00:00,11.54,51.35,285.0,94.16,237.0,318.15,2.62,265.0,88020.0,True,6,16,170
2011-06-19 17:00:00,11.13,55.3,161.0,45.76,145.0,310.2,2.21,271.0,88040.0,True,6,17,170
2011-06-19 18:00:00,10.34,59.35,72.0,32.37,66.0,302.65,1.86,278.0,88050.0,True,6,18,170
2011-06-19 19:00:00,9.62,63.9,2.0,0.0,2.0,313.5,1.17,274.0,88050.0,True,6,19,170
2011-06-19 20:00:00,9.07,68.8,0.0,-0.0,0.0,317.2,0.97,260.0,88120.0,True,6,20,170
2011-06-19 21:00:00,8.07,76.8,0.0,-0.0,0.0,288.75,0.69,240.0,88150.0,True,6,21,170
2011-06-19 22:00:00,7.7,76.7,0.0,-0.0,0.0,286.2,0.69,211.0,88150.0,True,6,22,170
2011-06-19 23:00:00,7.13,79.55,0.0,-0.0,0.0,291.45,0.76,199.0,88140.0,True,6,23,170
2011-06-20 00:00:00,6.48,82.55,0.0,-0.0,0.0,285.45,0.9,181.0,88150.0,True,6,0,171
2011-06-20 01:00:00,5.87,79.5,0.0,-0.0,0.0,276.25,1.1,167.0,88110.0,True,6,1,171
2011-06-20 02:00:00,5.44,82.5,0.0,-0.0,0.0,279.65,1.17,161.0,88070.0,True,6,2,171
2011-06-20 03:00:00,5.6,82.5,0.0,-0.0,0.0,300.75,1.17,155.0,88040.0,True,6,3,171
2011-06-20 04:00:00,5.49,82.5,23.0,0.0,23.0,291.25,1.24,150.0,88020.0,True,6,4,171
2011-06-20 05:00:00,6.16,79.5,89.0,30.65,82.0,291.65,1.03,150.0,88010.0,True,6,5,171
2011-06-20 06:00:00,8.51,76.85,265.0,241.98,170.0,289.9,0.62,164.0,88020.0,True,6,6,171
2011-06-20 07:00:00,10.96,61.85,513.0,700.26,128.0,301.3,0.62,211.0,88030.0,True,6,7,171
2011-06-20 08:00:00,12.23,57.65,624.0,593.4,215.0,307.3,1.03,243.0,88050.0,True,6,8,171
2011-06-20 09:00:00,13.35,55.75,809.0,829.76,144.0,323.0,1.31,247.0,88050.0,True,6,9,171
2011-06-20 10:00:00,14.36,56.0,905.0,867.15,143.0,337.1,1.52,249.0,88050.0,True,6,10,171
2011-06-20 11:00:00,15.38,56.25,739.0,362.5,407.0,327.45,1.79,258.0,88100.0,True,6,11,171
2011-06-20 12:00:00,16.47,54.6,813.0,528.39,332.0,314.5,2.41,261.0,88100.0,True,6,12,171
2011-06-20 13:00:00,16.83,56.6,735.0,453.37,344.0,313.1,2.48,260.0,88100.0,True,6,13,171
2011-06-20 14:00:00,17.01,58.7,534.0,205.03,375.0,332.3,2.41,260.0,88100.0,True,6,14,171
2011-06-20 15:00:00,17.01,58.7,596.0,617.92,191.0,335.55,2.28,262.0,88100.0,True,6,15,171
2011-06-20 16:00:00,16.79,60.85,467.0,675.92,122.0,339.85,1.66,262.0,88090.0,True,6,16,171
2011-06-20 17:00:00,16.65,63.05,278.0,459.56,117.0,337.3,1.38,262.0,88070.0,True,6,17,171
2011-06-20 18:00:00,15.97,67.65,115.0,236.43,71.0,314.3,0.97,265.0,88070.0,True,6,18,171
2011-06-20 19:00:00,15.25,80.6,6.0,0.0,6.0,310.4,0.62,232.0,88040.0,True,6,19,171
2011-06-20 20:00:00,14.65,75.0,0.0,-0.0,0.0,302.65,0.62,189.0,88060.0,True,6,20,171
2011-06-20 21:00:00,13.16,83.25,0.0,-0.0,0.0,306.75,0.9,170.0,88100.0,True,6,21,171
2011-06-20 22:00:00,11.47,86.15,0.0,-0.0,0.0,298.6,1.17,159.0,88110.0,True,6,22,171
2011-06-20 23:00:00,10.06,92.5,0.0,-0.0,0.0,296.85,1.38,151.0,88110.0,True,6,23,171
2011-06-21 00:00:00,9.26,92.45,0.0,-0.0,0.0,297.65,1.52,149.0,88080.0,True,6,0,172
2011-06-21 01:00:00,8.79,92.4,0.0,-0.0,0.0,297.15,1.52,149.0,88090.0,True,6,1,172
2011-06-21 02:00:00,8.49,92.4,0.0,-0.0,0.0,293.6,1.59,149.0,88030.0,True,6,2,172
2011-06-21 03:00:00,8.39,89.1,0.0,-0.0,0.0,298.4,1.66,149.0,88020.0,True,6,3,172
2011-06-21 04:00:00,8.18,92.4,18.0,0.0,18.0,294.95,1.66,148.0,88000.0,True,6,4,172
2011-06-21 05:00:00,8.72,92.4,170.0,434.52,71.0,294.35,1.38,150.0,88030.0,True,6,5,172
2011-06-21 06:00:00,12.69,86.25,333.0,571.32,109.0,302.1,0.83,163.0,88070.0,True,6,6,172
2011-06-21 07:00:00,15.9,67.65,501.0,662.65,137.0,308.85,0.69,198.0,88130.0,True,6,7,172
2011-06-21 08:00:00,17.82,63.2,685.0,818.77,121.0,312.75,1.17,244.0,88160.0,True,6,8,172
2011-06-21 09:00:00,19.07,57.1,615.0,317.05,361.0,316.4,2.07,250.0,88190.0,True,6,9,172
2011-06-21 10:00:00,19.82,53.25,802.0,588.45,285.0,323.4,2.55,249.0,88220.0,True,6,10,172
2011-06-21 11:00:00,20.55,49.8,788.0,468.42,359.0,325.7,2.55,251.0,88250.0,True,6,11,172
2011-06-21 12:00:00,21.25,46.5,925.0,843.55,157.0,338.65,2.55,254.0,88250.0,True,6,12,172
2011-06-21 13:00:00,21.5,44.95,873.0,839.22,149.0,321.65,2.41,255.0,88260.0,True,6,13,172
2011-06-21 14:00:00,21.64,44.95,575.0,280.96,357.0,330.75,2.41,256.0,88250.0,True,6,14,172
2011-06-21 15:00:00,20.6,49.8,70.0,0.0,70.0,334.8,2.07,256.0,88250.0,True,6,15,172
2011-06-21 16:00:00,20.4,53.35,59.0,0.0,59.0,336.35,1.52,245.0,88220.0,True,6,16,172
2011-06-21 17:00:00,19.67,57.2,78.0,0.0,78.0,342.35,1.03,239.0,88180.0,True,6,17,172
2011-06-21 18:00:00,18.97,63.5,26.0,0.0,26.0,336.15,0.76,199.0,88170.0,True,6,18,172
2011-06-21 19:00:00,17.71,83.7,1.0,0.0,1.0,338.1,0.62,195.0,88140.0,True,6,19,172
2011-06-21 20:00:00,15.67,86.5,0.0,-0.0,0.0,340.4,0.83,183.0,88190.0,True,6,20,172
2011-06-21 21:00:00,14.55,83.45,0.0,-0.0,0.0,321.45,1.03,171.0,88240.0,True,6,21,172
2011-06-21 22:00:00,13.14,86.3,0.0,-0.0,0.0,330.15,1.31,149.0,88240.0,True,6,22,172
2011-06-21 23:00:00,12.45,86.25,0.0,-0.0,0.0,338.3,1.31,146.0,88180.0,True,6,23,172
2011-06-22 00:00:00,11.62,92.55,0.0,-0.0,0.0,327.85,1.24,148.0,88140.0,True,6,0,173
2011-06-22 01:00:00,10.97,92.55,0.0,-0.0,0.0,322.15,1.45,147.0,88090.0,True,6,1,173
2011-06-22 02:00:00,10.06,92.5,0.0,-0.0,0.0,306.55,1.59,146.0,88030.0,True,6,2,173
2011-06-22 03:00:00,9.56,92.45,0.0,-0.0,0.0,308.85,1.59,146.0,87980.0,True,6,3,173
2011-06-22 04:00:00,9.29,92.45,21.0,0.0,21.0,305.55,1.59,144.0,87950.0,True,6,4,173
2011-06-22 05:00:00,10.42,89.25,34.0,0.0,34.0,311.95,1.38,142.0,87940.0,True,6,5,173
2011-06-22 06:00:00,13.44,80.4,106.0,0.0,106.0,313.3,1.03,138.0,87930.0,True,6,6,173
2011-06-22 07:00:00,16.03,77.95,188.0,3.64,186.0,324.95,0.41,167.0,87970.0,True,6,7,173
2011-06-22 08:00:00,17.27,70.2,92.0,0.0,92.0,337.3,0.62,156.0,87980.0,True,6,8,173
2011-06-22 09:00:00,18.48,61.2,103.0,0.0,103.0,346.8,1.03,167.0,87980.0,True,6,9,173
2011-06-22 10:00:00,18.49,63.4,273.0,0.0,273.0,361.3,1.24,176.0,87980.0,True,6,10,173
2011-06-22 11:00:00,18.98,63.5,564.0,121.21,453.0,366.75,1.52,171.0,87960.0,True,6,11,173
2011-06-22 12:00:00,21.33,53.6,901.0,778.67,192.0,347.75,1.86,197.0,87920.0,True,6,12,173
2011-06-22 13:00:00,22.09,48.45,672.0,331.43,386.0,332.5,2.76,235.0,87850.0,True,6,13,173
2011-06-22 14:00:00,18.48,70.45,69.0,0.0,69.0,353.4,2.9,259.0,87920.0,True,6,14,173
2011-06-22 15:00:00,15.54,80.65,56.0,0.0,56.0,354.15,2.14,263.0,88020.0,True,6,15,173
2011-06-22 16:00:00,14.1,86.4,42.0,0.0,42.0,356.65,1.52,282.0,88090.0,True,6,16,173
2011-06-22 17:00:00,13.46,95.95,68.0,0.0,68.0,364.2,1.03,255.0,88150.0,True,6,17,173
2011-06-22 18:00:00,13.1,95.95,28.0,0.0,28.0,359.55,0.76,238.0,88150.0,True,6,18,173
2011-06-22 19:00:00,12.22,95.95,3.0,0.0,3.0,349.3,0.62,214.0,88170.0,True,6,19,173
2011-06-22 20:00:00,11.88,95.95,0.0,-0.0,0.0,356.85,0.48,238.0,88180.0,True,6,20,173
2011-06-22 21:00:00,11.65,99.4,0.0,-0.0,0.0,353.75,0.55,277.0,88210.0,True,6,21,173
2011-06-22 22:00:00,11.48,95.9,0.0,-0.0,0.0,355.9,0.55,278.0,88180.0,True,6,22,173
2011-06-22 23:00:00,11.08,95.9,0.0,-0.0,0.0,347.0,0.62,275.0,88140.0,True,6,23,173
2011-06-23 00:00:00,10.59,99.4,0.0,-0.0,0.0,335.95,0.62,257.0,88110.0,True,6,0,174
2011-06-23 01:00:00,10.23,100.0,0.0,-0.0,0.0,320.95,0.34,224.0,88070.0,True,6,1,174
2011-06-23 02:00:00,10.14,99.4,0.0,-0.0,0.0,337.5,0.28,181.0,88030.0,True,6,2,174
2011-06-23 03:00:00,10.02,99.4,0.0,-0.0,0.0,335.0,0.14,172.0,88000.0,True,6,3,174
2011-06-23 04:00:00,9.78,100.0,18.0,0.0,18.0,338.5,0.07,161.0,87980.0,True,6,4,174
2011-06-23 05:00:00,10.37,99.4,15.0,0.0,15.0,349.9,0.34,339.0,88010.0,True,6,5,174
2011-06-23 06:00:00,10.31,99.4,36.0,0.0,36.0,352.2,0.76,335.0,88030.0,True,6,6,174
2011-06-23 07:00:00,10.98,95.9,83.0,0.0,83.0,350.85,0.69,352.0,88060.0,True,6,7,174
2011-06-23 08:00:00,11.37,92.55,129.0,0.0,129.0,356.5,0.9,328.0,88070.0,True,6,8,174
2011-06-23 09:00:00,11.74,92.55,191.0,0.0,191.0,344.85,1.24,311.0,88080.0,True,6,9,174
2011-06-23 10:00:00,12.04,89.35,133.0,0.0,133.0,355.5,1.38,311.0,88090.0,True,6,10,174
2011-06-23 11:00:00,11.67,92.55,91.0,0.0,91.0,345.65,1.17,307.0,88110.0,True,6,11,174
2011-06-23 12:00:00,13.51,89.45,118.0,0.0,118.0,347.75,1.1,297.0,88110.0,True,6,12,174
2011-06-23 13:00:00,12.78,86.25,329.0,5.79,324.0,345.45,1.31,276.0,88100.0,True,6,13,174
2011-06-23 14:00:00,12.65,83.25,503.0,158.39,380.0,341.0,1.72,271.0,88140.0,True,6,14,174
2011-06-23 15:00:00,13.44,80.4,295.0,27.41,277.0,319.9,1.59,273.0,88150.0,True,6,15,174
2011-06-23 16:00:00,12.64,77.45,317.0,154.3,238.0,318.35,1.93,273.0,88160.0,True,6,16,174
2011-06-23 17:00:00,12.21,77.35,27.0,0.0,27.0,326.65,1.31,262.0,88200.0,True,6,17,174
2011-06-23 18:00:00,11.59,80.15,54.0,5.33,53.0,311.0,0.83,236.0,88250.0,True,6,18,174
2011-06-23 19:00:00,10.54,89.25,4.0,0.0,4.0,306.35,0.69,255.0,88220.0,True,6,19,174
2011-06-23 20:00:00,9.76,95.85,0.0,-0.0,0.0,308.3,0.55,227.0,88270.0,True,6,20,174
2011-06-23 21:00:00,8.84,92.45,0.0,-0.0,0.0,296.65,0.55,218.0,88310.0,True,6,21,174
2011-06-23 22:00:00,8.62,92.4,0.0,-0.0,0.0,297.65,0.41,216.0,88300.0,True,6,22,174
2011-06-23 23:00:00,8.12,95.8,0.0,-0.0,0.0,321.05,0.34,194.0,88310.0,True,6,23,174
2011-06-24 00:00:00,7.53,99.4,0.0,-0.0,0.0,323.95,0.48,184.0,88310.0,True,6,0,175
2011-06-24 01:00:00,7.31,100.0,0.0,-0.0,0.0,327.95,0.34,173.0,88310.0,True,6,1,175
2011-06-24 02:00:00,7.07,99.4,0.0,-0.0,0.0,319.1,0.21,198.0,88280.0,True,6,2,175
2011-06-24 03:00:00,7.15,99.4,0.0,-0.0,0.0,328.8,0.41,315.0,88290.0,True,6,3,175
2011-06-24 04:00:00,7.36,99.4,4.0,0.0,4.0,334.0,0.62,317.0,88300.0,True,6,4,175
2011-06-24 05:00:00,7.43,92.35,74.0,8.86,72.0,316.2,0.76,328.0,88310.0,True,6,5,175
2011-06-24 06:00:00,7.95,92.4,276.0,282.0,166.0,304.6,0.9,332.0,88320.0,True,6,6,175
2011-06-24 07:00:00,9.19,95.85,351.0,168.04,259.0,299.2,0.83,337.0,88350.0,True,6,7,175
2011-06-24 08:00:00,10.5,89.25,466.0,194.98,332.0,308.3,1.1,342.0,88360.0,True,6,8,175
2011-06-24 09:00:00,11.41,86.15,398.0,41.25,365.0,307.3,1.38,337.0,88350.0,True,6,9,175
2011-06-24 10:00:00,11.65,80.15,224.0,0.0,224.0,303.25,1.66,331.0,88400.0,True,6,10,175
2011-06-24 11:00:00,12.26,71.95,308.0,1.09,307.0,306.95,1.79,322.0,88390.0,True,6,11,175
2011-06-24 12:00:00,12.34,66.85,265.0,0.0,265.0,326.1,1.86,319.0,88390.0,True,6,12,175
2011-06-24 13:00:00,13.14,60.05,504.0,91.52,425.0,313.9,2.0,316.0,88390.0,True,6,13,175
2011-06-24 14:00:00,13.46,55.9,617.0,348.87,346.0,317.55,2.14,316.0,88380.0,True,6,14,175
2011-06-24 15:00:00,13.26,55.75,366.0,83.7,311.0,313.9,1.86,318.0,88400.0,True,6,15,175
2011-06-24 16:00:00,13.22,53.7,252.0,52.7,225.0,301.5,2.0,319.0,88430.0,True,6,16,175
2011-06-24 17:00:00,12.57,53.6,257.0,332.0,140.0,311.95,1.72,322.0,88470.0,True,6,17,175
2011-06-24 18:00:00,11.75,59.7,111.0,196.67,74.0,327.05,1.45,332.0,88530.0,True,6,18,175
2011-06-24 19:00:00,11.03,61.85,4.0,0.0,4.0,308.85,1.1,341.0,88520.0,True,6,19,175
2011-06-24 20:00:00,10.16,66.45,0.0,-0.0,0.0,305.0,1.17,346.0,88580.0,True,6,20,175
2011-06-24 21:00:00,9.22,76.95,0.0,-0.0,0.0,296.1,1.03,351.0,88630.0,True,6,21,175
2011-06-24 22:00:00,8.99,74.15,0.0,-0.0,0.0,292.8,0.69,2.0,88650.0,True,6,22,175
2011-06-24 23:00:00,9.23,68.8,0.0,-0.0,0.0,292.6,0.34,28.0,88640.0,True,6,23,175
2011-06-25 00:00:00,8.8,71.35,0.0,-0.0,0.0,285.05,0.28,55.0,88620.0,True,6,0,176
2011-06-25 01:00:00,8.58,74.05,0.0,-0.0,0.0,279.75,0.28,85.0,88610.0,True,6,1,176
2011-06-25 02:00:00,8.08,76.8,0.0,-0.0,0.0,271.5,0.41,112.0,88600.0,True,6,2,176
2011-06-25 03:00:00,6.91,82.6,0.0,-0.0,0.0,270.75,0.55,125.0,88600.0,True,6,3,176
2011-06-25 04:00:00,5.45,85.65,21.0,0.0,21.0,276.95,0.97,134.0,88600.0,True,6,4,176
2011-06-25 05:00:00,5.86,88.95,175.0,480.11,67.0,271.7,0.9,135.0,88620.0,True,6,5,176
2011-06-25 06:00:00,9.34,77.0,343.0,626.82,99.0,279.65,0.41,132.0,88630.0,True,6,6,176
2011-06-25 07:00:00,11.07,69.15,525.0,757.22,111.0,275.75,0.14,69.0,88700.0,True,6,7,176
2011-06-25 08:00:00,12.68,62.2,651.0,703.44,168.0,284.65,0.48,338.0,88730.0,True,6,8,176
2011-06-25 09:00:00,14.24,58.1,647.0,381.53,342.0,292.8,1.03,326.0,88760.0,True,6,9,176
2011-06-25 10:00:00,15.53,52.4,759.0,476.4,341.0,295.3,1.38,323.0,88800.0,True,6,10,176
2011-06-25 11:00:00,16.52,50.75,937.0,852.19,157.0,294.95,1.31,320.0,88810.0,True,6,11,176
2011-06-25 12:00:00,17.54,50.85,941.0,874.27,145.0,296.65,1.31,318.0,88810.0,True,6,12,176
2011-06-25 13:00:00,18.27,51.0,791.0,589.59,282.0,304.05,1.52,322.0,88810.0,True,6,13,176
2011-06-25 14:00:00,18.67,51.15,786.0,839.14,134.0,308.85,1.66,324.0,88800.0,True,6,14,176
2011-06-25 15:00:00,18.2,52.9,638.0,768.18,133.0,340.2,1.45,326.0,88810.0,True,6,15,176
2011-06-25 16:00:00,17.89,56.75,464.0,649.51,131.0,344.1,1.24,328.0,88800.0,True,6,16,176
2011-06-25 17:00:00,17.52,58.8,208.0,150.26,155.0,341.55,0.9,330.0,88810.0,True,6,17,176
2011-06-25 18:00:00,16.97,63.05,132.0,376.82,61.0,339.25,0.69,338.0,88810.0,True,6,18,176
2011-06-25 19:00:00,15.79,70.0,7.0,0.0,7.0,321.65,0.83,3.0,88770.0,True,6,19,176
2011-06-25 20:00:00,14.27,77.65,0.0,-0.0,0.0,312.35,0.76,36.0,88800.0,True,6,20,176
2011-06-25 21:00:00,13.67,77.6,0.0,-0.0,0.0,307.3,0.76,70.0,88800.0,True,6,21,176
2011-06-25 22:00:00,12.66,80.3,0.0,-0.0,0.0,302.85,0.83,97.0,88780.0,True,6,22,176
2011-06-25 23:00:00,11.64,83.1,0.0,-0.0,0.0,299.75,0.97,106.0,88750.0,True,6,23,176
2011-06-26 00:00:00,10.75,86.05,0.0,-0.0,0.0,295.1,1.1,107.0,88720.0,True,6,0,177
2011-06-26 01:00:00,9.81,89.15,0.0,-0.0,0.0,293.7,1.17,109.0,88700.0,True,6,1,177
2011-06-26 02:00:00,8.61,92.4,0.0,-0.0,0.0,298.6,1.38,116.0,88640.0,True,6,2,177
2011-06-26 03:00:00,7.72,99.4,0.0,-0.0,0.0,301.9,1.38,123.0,88610.0,True,6,3,177
2011-06-26 04:00:00,7.23,99.4,20.0,0.0,20.0,299.4,1.31,125.0,88580.0,True,6,4,177
2011-06-26 05:00:00,8.22,95.8,178.0,504.4,65.0,304.2,1.03,124.0,88580.0,True,6,5,177
2011-06-26 06:00:00,11.83,89.3,345.0,633.39,99.0,309.85,0.76,116.0,88600.0,True,6,6,177
2011-06-26 07:00:00,15.38,72.45,530.0,771.16,109.0,305.2,0.62,63.0,88640.0,True,6,7,177
2011-06-26 08:00:00,17.65,63.2,698.0,851.39,114.0,294.95,0.83,35.0,88630.0,True,6,8,177
2011-06-26 09:00:00,19.3,59.15,821.0,861.23,133.0,299.2,1.03,16.0,88630.0,True,6,9,177
2011-06-26 10:00:00,20.67,53.5,920.0,899.67,131.0,304.6,1.24,4.0,88610.0,True,6,10,177
2011-06-26 11:00:00,21.74,51.9,956.0,887.41,144.0,309.25,1.38,355.0,88640.0,True,6,11,177
2011-06-26 12:00:00,22.49,50.3,951.0,886.46,144.0,313.7,1.38,350.0,88640.0,True,6,12,177
2011-06-26 13:00:00,23.05,48.7,879.0,833.99,159.0,317.4,1.31,345.0,88660.0,True,6,13,177
2011-06-26 14:00:00,23.34,48.7,794.0,851.87,132.0,319.9,1.17,339.0,88650.0,True,6,14,177
2011-06-26 15:00:00,23.37,48.7,649.0,792.28,128.0,319.9,1.1,337.0,88620.0,True,6,15,177
2011-06-26 16:00:00,23.04,50.45,483.0,719.39,114.0,319.5,1.03,337.0,88590.0,True,6,16,177
2011-06-26 17:00:00,22.31,57.75,310.0,626.11,89.0,317.95,0.9,336.0,88570.0,True,6,17,177
2011-06-26 18:00:00,21.15,66.15,124.0,291.59,69.0,316.4,0.62,348.0,88570.0,True,6,18,177
2011-06-26 19:00:00,20.8,63.8,7.0,0.0,7.0,310.4,0.41,344.0,88510.0,True,6,19,177
2011-06-26 20:00:00,19.94,68.2,0.0,-0.0,0.0,306.15,0.14,106.0,88540.0,True,6,20,177
2011-06-26 21:00:00,18.53,70.45,0.0,-0.0,0.0,306.35,0.83,142.0,88550.0,True,6,21,177
2011-06-26 22:00:00,15.42,80.65,0.0,-0.0,0.0,304.05,1.24,138.0,88560.0,True,6,22,177
2011-06-26 23:00:00,13.54,86.35,0.0,-0.0,0.0,308.3,1.45,139.0,88520.0,True,6,23,177
2011-06-27 00:00:00,12.39,89.4,0.0,-0.0,0.0,307.5,1.59,141.0,88510.0,True,6,0,178
2011-06-27 01:00:00,11.57,92.55,0.0,-0.0,0.0,300.25,1.66,141.0,88460.0,True,6,1,178
2011-06-27 02:00:00,11.2,92.55,0.0,-0.0,0.0,298.4,1.72,140.0,88430.0,True,6,2,178
2011-06-27 03:00:00,10.32,95.9,0.0,-0.0,0.0,303.05,1.72,138.0,88400.0,True,6,3,178
2011-06-27 04:00:00,9.65,99.4,21.0,0.0,21.0,315.25,1.59,137.0,88380.0,True,6,4,178
2011-06-27 05:00:00,11.03,92.55,171.0,461.82,68.0,305.55,1.45,136.0,88360.0,True,6,5,178
2011-06-27 06:00:00,14.31,83.4,338.0,614.3,100.0,322.6,1.03,137.0,88370.0,True,6,6,178
2011-06-27 07:00:00,18.18,78.15,519.0,743.03,114.0,324.95,0.55,137.0,88410.0,True,6,7,178
2011-06-27 08:00:00,21.31,57.55,688.0,834.81,116.0,312.55,0.07,20.0,88430.0,True,6,8,178
2011-06-27 09:00:00,22.81,50.3,806.0,834.33,140.0,320.5,0.62,323.0,88420.0,True,6,9,178
2011-06-27 10:00:00,23.81,48.8,899.0,861.35,144.0,326.65,0.9,304.0,88410.0,True,6,10,178
2011-06-27 11:00:00,24.58,45.75,944.0,873.49,145.0,331.9,1.24,294.0,88410.0,True,6,11,178
2011-06-27 12:00:00,24.99,42.75,939.0,871.23,146.0,341.0,1.45,290.0,88390.0,True,6,12,178
2011-06-27 13:00:00,25.32,42.75,873.0,832.86,154.0,347.4,1.66,287.0,88390.0,True,6,13,178
2011-06-27 14:00:00,25.06,42.75,784.0,837.65,133.0,354.55,1.79,286.0,88390.0,True,6,14,178
2011-06-27 15:00:00,24.56,44.15,637.0,766.27,133.0,352.2,1.45,286.0,88400.0,True,6,15,178
2011-06-27 16:00:00,24.16,47.25,473.0,693.82,117.0,359.55,1.24,282.0,88360.0,True,6,16,178
2011-06-27 17:00:00,23.59,52.35,302.0,591.85,93.0,357.85,0.76,275.0,88340.0,True,6,17,178
2011-06-27 18:00:00,22.19,66.35,131.0,365.61,62.0,345.65,0.34,208.0,88320.0,True,6,18,178
2011-06-27 19:00:00,21.36,75.95,7.0,0.0,7.0,346.4,0.69,227.0,88260.0,True,6,19,178
2011-06-27 20:00:00,20.35,73.2,0.0,-0.0,0.0,345.25,0.9,190.0,88290.0,True,6,20,178
2011-06-27 21:00:00,18.7,75.55,0.0,-0.0,0.0,342.75,1.1,174.0,88290.0,True,6,21,178
2011-06-27 22:00:00,17.17,80.8,0.0,-0.0,0.0,340.8,1.31,158.0,88300.0,True,6,22,178
2011-06-27 23:00:00,15.89,83.55,0.0,-0.0,0.0,337.5,1.38,150.0,88270.0,True,6,23,178
2011-06-28 00:00:00,14.93,83.5,0.0,-0.0,0.0,328.2,1.38,147.0,88250.0,True,6,0,179
2011-06-28 01:00:00,14.19,86.4,0.0,-0.0,0.0,324.85,1.45,145.0,88220.0,True,6,1,179
2011-06-28 02:00:00,13.52,86.35,0.0,-0.0,0.0,319.9,1.52,141.0,88190.0,True,6,2,179
2011-06-28 03:00:00,12.89,86.3,0.0,-0.0,0.0,313.9,1.52,140.0,88170.0,True,6,3,179
2011-06-28 04:00:00,12.4,86.25,19.0,0.0,19.0,312.35,1.52,138.0,88150.0,True,6,4,179
2011-06-28 05:00:00,13.18,86.3,162.0,400.97,73.0,308.65,1.38,137.0,88170.0,True,6,5,179
2011-06-28 06:00:00,16.38,86.55,330.0,574.51,108.0,309.65,0.76,138.0,88180.0,True,6,6,179
2011-06-28 07:00:00,19.85,75.7,510.0,714.89,121.0,329.2,0.48,148.0,88220.0,True,6,7,179
2011-06-28 08:00:00,21.84,61.85,677.0,802.18,128.0,331.7,0.28,351.0,88200.0,True,6,8,179
2011-06-28 09:00:00,22.92,57.9,801.0,823.74,144.0,330.35,0.9,359.0,88180.0,True,6,9,179
2011-06-28 10:00:00,23.92,50.55,889.0,839.02,154.0,333.85,1.24,10.0,88130.0,True,6,10,179
2011-06-28 11:00:00,24.73,45.75,908.0,774.31,200.0,337.9,1.45,8.0,88110.0,True,6,11,179
2011-06-28 12:00:00,25.29,42.75,795.0,492.31,347.0,337.7,1.66,356.0,88070.0,True,6,12,179
2011-06-28 13:00:00,25.55,39.95,761.0,516.68,315.0,336.95,1.86,352.0,88060.0,True,6,13,179
2011-06-28 14:00:00,25.5,39.95,746.0,717.97,188.0,339.25,1.66,359.0,88060.0,True,6,14,179
2011-06-28 15:00:00,24.93,41.15,616.0,688.65,163.0,344.1,1.45,6.0,88020.0,True,6,15,179
2011-06-28 16:00:00,24.74,42.65,446.0,568.99,154.0,342.35,1.24,6.0,88010.0,True,6,16,179
2011-06-28 17:00:00,24.07,47.25,289.0,515.28,107.0,341.0,0.9,0.0,88010.0,True,6,17,179
2011-06-28 18:00:00,23.05,56.0,141.0,450.34,56.0,338.5,0.62,8.0,87990.0,True,6,18,179
2011-06-28 19:00:00,21.98,57.75,7.0,0.0,7.0,343.7,0.41,7.0,87910.0,True,6,19,179
2011-06-28 20:00:00,21.4,59.6,0.0,-0.0,0.0,338.3,0.14,140.0,87940.0,True,6,20,179
2011-06-28 21:00:00,20.61,61.6,0.0,-0.0,0.0,333.85,0.21,178.0,87940.0,True,6,21,179
2011-06-28 22:00:00,19.7,65.85,0.0,-0.0,0.0,322.8,0.62,151.0,87960.0,True,6,22,179
2011-06-28 23:00:00,17.06,75.3,0.0,-0.0,0.0,318.35,1.1,154.0,87940.0,True,6,23,179
2011-06-29 00:00:00,15.39,80.65,0.0,-0.0,0.0,319.9,1.31,156.0,87970.0,True,6,0,180
2011-06-29 01:00:00,14.59,83.45,0.0,-0.0,0.0,323.1,1.38,156.0,87980.0,True,6,1,180
2011-06-29 02:00:00,14.06,83.4,0.0,-0.0,0.0,320.3,1.31,161.0,87990.0,True,6,2,180
2011-06-29 03:00:00,13.81,83.35,0.0,-0.0,0.0,323.2,1.17,162.0,87990.0,True,6,3,180
2011-06-29 04:00:00,13.55,83.35,16.0,0.0,16.0,327.65,0.97,169.0,88010.0,True,6,4,180
2011-06-29 05:00:00,14.5,83.45,134.0,212.85,87.0,349.9,0.69,188.0,88040.0,True,6,5,180
2011-06-29 06:00:00,15.68,89.6,145.0,15.57,139.0,355.9,0.62,212.0,88050.0,True,6,6,180
2011-06-29 07:00:00,15.74,89.6,278.0,68.12,241.0,378.35,0.48,274.0,88100.0,True,6,7,180
2011-06-29 08:00:00,15.68,92.75,71.0,0.0,71.0,367.1,0.41,207.0,88140.0,True,6,8,180
2011-06-29 09:00:00,16.26,89.65,71.0,0.0,71.0,383.75,0.14,313.0,88130.0,True,6,9,180
2011-06-29 10:00:00,19.25,75.65,163.0,0.0,163.0,386.65,0.9,344.0,88100.0,True,6,10,180
2011-06-29 11:00:00,17.4,86.6,88.0,0.0,88.0,377.2,1.31,5.0,88100.0,True,6,11,180
2011-06-29 12:00:00,16.58,86.6,228.0,0.0,228.0,379.3,1.17,3.0,88050.0,True,6,12,180
2011-06-29 13:00:00,16.2,89.65,467.0,69.52,407.0,385.9,0.9,340.0,88100.0,True,6,13,180
2011-06-29 14:00:00,15.69,92.75,273.0,3.86,270.0,383.75,1.24,327.0,88090.0,True,6,14,180
2011-06-29 15:00:00,14.99,96.0,71.0,0.0,71.0,383.4,1.45,327.0,88080.0,True,6,15,180
2011-06-29 16:00:00,14.5,96.0,208.0,19.49,198.0,381.85,1.1,329.0,88070.0,True,6,16,180
2011-06-29 17:00:00,14.59,96.0,159.0,48.13,142.0,383.0,1.1,325.0,88100.0,True,6,17,180
2011-06-29 18:00:00,14.02,96.0,12.0,0.0,12.0,381.65,1.31,314.0,88090.0,True,6,18,180
2011-06-29 19:00:00,13.58,95.95,1.0,0.0,1.0,374.65,1.17,323.0,88060.0,True,6,19,180
2011-06-29 20:00:00,13.32,99.4,0.0,-0.0,0.0,378.55,1.17,309.0,88110.0,True,6,20,180
2011-06-29 21:00:00,13.1,95.95,0.0,-0.0,0.0,378.15,1.24,302.0,88130.0,True,6,21,180
2011-06-29 22:00:00,12.92,95.95,0.0,-0.0,0.0,377.2,1.31,301.0,88140.0,True,6,22,180
2011-06-29 23:00:00,12.46,95.95,0.0,-0.0,0.0,372.95,1.31,302.0,88130.0,True,6,23,180
2011-06-30 00:00:00,12.2,95.95,0.0,-0.0,0.0,373.3,1.1,298.0,88120.0,True,6,0,181
2011-06-30 01:00:00,11.96,95.95,0.0,-0.0,0.0,372.85,1.24,303.0,88100.0,True,6,1,181
2011-06-30 02:00:00,11.64,95.9,0.0,-0.0,0.0,369.65,1.31,310.0,88100.0,True,6,2,181
2011-06-30 03:00:00,11.22,99.35,0.0,-0.0,0.0,368.5,1.24,318.0,88090.0,True,6,3,181
2011-06-30 04:00:00,10.75,99.4,3.0,0.0,3.0,365.95,1.31,324.0,88120.0,True,6,4,181
2011-06-30 05:00:00,10.39,99.4,21.0,0.0,21.0,363.65,1.52,330.0,88140.0,True,6,5,181
2011-06-30 06:00:00,10.16,99.4,59.0,0.0,59.0,362.1,1.45,335.0,88180.0,True,6,6,181
2011-06-30 07:00:00,9.68,95.85,83.0,0.0,83.0,353.55,1.52,2.0,88270.0,True,6,7,181
2011-06-30 08:00:00,9.91,89.2,128.0,0.0,128.0,354.95,1.38,8.0,88300.0,True,6,8,181
2011-06-30 09:00:00,10.51,83.0,296.0,5.02,292.0,349.3,1.45,7.0,88320.0,True,6,9,181
2011-06-30 10:00:00,10.88,77.2,632.0,235.47,426.0,351.45,1.66,2.0,88340.0,True,6,10,181
2011-06-30 11:00:00,11.73,71.85,490.0,60.21,435.0,344.5,1.66,358.0,88340.0,True,6,11,181
2011-06-30 12:00:00,12.87,64.65,384.0,14.29,371.0,343.1,1.52,345.0,88330.0,True,6,12,181
2011-06-30 13:00:00,13.59,62.45,496.0,86.92,421.0,327.05,1.72,340.0,88290.0,True,6,13,181
2011-06-30 14:00:00,14.09,60.3,512.0,169.88,380.0,321.25,1.86,333.0,88270.0,True,6,14,181
2011-06-30 15:00:00,14.38,58.25,462.0,232.61,309.0,335.4,1.86,336.0,88260.0,True,6,15,181
2011-06-30 16:00:00,12.95,64.54,280.0,89.64,234.0,316.98,1.43,344.0,88240.0,True,6,16,181
2011-06-30 17:00:00,12.56,66.26,260.0,348.34,137.0,314.52,1.36,350.0,88230.0,True,6,17,181
2011-06-30 18:00:00,12.17,67.99,103.0,148.53,75.0,312.06,1.3,353.0,88230.0,True,6,18,181
2011-06-30 19:00:00,11.79,69.71,2.0,0.0,2.0,309.6,1.23,356.0,88250.0,True,6,19,181
2011-06-30 20:00:00,11.4,71.43,0.0,-0.0,0.0,307.14,1.17,356.0,88250.0,True,6,20,181
2011-06-30 21:00:00,11.02,73.16,0.0,-0.0,0.0,304.68,1.1,353.0,88270.0,True,6,21,181
2011-06-30 22:00:00,10.63,74.88,0.0,-0.0,0.0,302.21,1.04,356.0,88270.0,True,6,22,181
2011-06-30 23:00:00,10.25,76.6,0.0,-0.0,0.0,299.75,0.98,1.0,88240.0,True,6,23,181
2011-07-01 00:00:00,9.86,78.33,0.0,-0.0,0.0,297.29,0.91,5.0,88230.0,True,7,0,182
2011-07-01 01:00:00,9.48,80.05,0.0,-0.0,0.0,294.83,0.85,9.0,88180.0,True,7,1,182
2011-07-01 02:00:00,9.09,81.77,0.0,-0.0,0.0,292.37,0.78,13.0,88170.0,True,7,2,182
2011-07-01 03:00:00,8.71,83.5,0.0,-0.0,0.0,289.91,0.72,22.0,88150.0,True,7,3,182
2011-07-01 04:00:00,8.32,85.22,14.0,0.0,14.0,287.45,0.66,57.0,88150.0,True,7,4,182
2011-07-01 05:00:00,7.94,86.94,83.0,22.91,78.0,284.98,0.59,96.0,88160.0,True,7,5,182
2011-07-01 06:00:00,7.55,88.67,247.0,195.84,172.0,282.52,0.53,2.0,88160.0,True,7,6,182
2011-07-01 07:00:00,7.17,90.39,454.0,467.64,201.0,280.06,0.46,343.0,88220.0,True,7,7,182
2011-07-01 08:00:00,11.16,71.75,592.0,497.32,253.0,298.4,1.59,330.0,88230.0,True,7,8,182
2011-07-01 09:00:00,11.83,66.75,501.0,132.03,396.0,303.65,2.0,327.0,88230.0,True,7,9,182
2011-07-01 10:00:00,12.36,62.2,646.0,249.37,428.0,300.95,2.14,326.0,88240.0,True,7,10,182
2011-07-01 11:00:00,12.54,62.2,587.0,138.0,461.0,315.25,2.21,326.0,88260.0,True,7,11,182
2011-07-01 12:00:00,12.97,60.05,711.0,309.11,430.0,302.65,2.34,325.0,88270.0,True,7,12,182
2011-07-01 13:00:00,13.2,57.9,597.0,193.6,430.0,303.45,2.28,327.0,88250.0,True,7,13,182
2011-07-01 14:00:00,13.59,53.85,499.0,146.75,385.0,289.7,2.21,330.0,88230.0,True,7,14,182
2011-07-01 15:00:00,13.5,51.9,356.0,71.47,309.0,297.65,2.07,336.0,88210.0,True,7,15,182
2011-07-01 16:00:00,13.22,51.75,378.0,298.23,225.0,292.8,1.79,343.0,88180.0,True,7,16,182
2011-07-01 17:00:00,12.72,51.65,256.0,317.34,144.0,295.5,1.52,349.0,88140.0,True,7,17,182
2011-07-01 18:00:00,12.07,55.5,113.0,207.17,74.0,285.45,1.38,356.0,88110.0,True,7,18,182
2011-07-01 19:00:00,11.31,57.4,4.0,0.0,4.0,302.3,1.52,11.0,88070.0,True,7,19,182
2011-07-01 20:00:00,10.2,61.65,0.0,-0.0,0.0,290.65,1.45,21.0,88070.0,True,7,20,182
2011-07-01 21:00:00,9.05,68.8,0.0,-0.0,0.0,267.45,1.38,25.0,88060.0,True,7,21,182
2011-07-01 22:00:00,8.2,76.8,0.0,-0.0,0.0,278.1,1.31,27.0,88030.0,True,7,22,182
2011-07-01 23:00:00,7.29,85.75,0.0,-0.0,0.0,272.3,1.17,30.0,88000.0,True,7,23,182
2011-07-02 00:00:00,6.59,88.95,0.0,-0.0,0.0,275.75,1.03,35.0,87960.0,True,7,0,183
2011-07-02 01:00:00,6.09,88.95,0.0,-0.0,0.0,281.7,0.9,52.0,87930.0,True,7,1,183
2011-07-02 02:00:00,5.44,88.9,0.0,-0.0,0.0,263.2,0.83,71.0,87870.0,True,7,2,183
2011-07-02 03:00:00,5.04,92.25,0.0,-0.0,0.0,265.9,0.9,81.0,87830.0,True,7,3,183
2011-07-02 04:00:00,4.36,92.25,18.0,0.0,18.0,265.3,0.9,95.0,87770.0,True,7,4,183
2011-07-02 05:00:00,5.1,92.25,168.0,465.6,67.0,267.85,0.62,99.0,87730.0,True,7,5,183
2011-07-02 06:00:00,6.84,82.6,344.0,652.36,95.0,260.85,0.62,66.0,87720.0,True,7,6,183
2011-07-02 07:00:00,8.85,71.4,521.0,748.35,117.0,263.6,1.1,34.0,87730.0,True,7,7,183
2011-07-02 08:00:00,10.14,64.0,673.0,766.93,151.0,259.1,1.38,14.0,87720.0,True,7,8,183
2011-07-02 09:00:00,11.28,59.6,775.0,707.42,213.0,274.05,1.72,8.0,87720.0,True,7,9,183
2011-07-02 10:00:00,12.2,53.5,776.0,496.84,342.0,286.2,1.86,4.0,87720.0,True,7,10,183
2011-07-02 11:00:00,12.62,51.65,806.0,481.11,367.0,291.05,1.93,1.0,87730.0,True,7,11,183
2011-07-02 12:00:00,13.19,49.85,868.0,639.41,287.0,297.25,2.0,1.0,87690.0,True,7,12,183
2011-07-02 13:00:00,13.39,46.35,793.0,565.92,305.0,297.65,1.93,359.0,87660.0,True,7,13,183
2011-07-02 14:00:00,13.7,46.35,762.0,728.8,196.0,286.05,1.93,355.0,87650.0,True,7,14,183
2011-07-02 15:00:00,13.5,48.15,663.0,821.4,123.0,299.4,1.79,354.0,87630.0,True,7,15,183
2011-07-02 16:00:00,13.37,49.85,494.0,750.76,109.0,282.35,1.72,354.0,87620.0,True,7,16,183
2011-07-02 17:00:00,12.66,51.65,305.0,581.28,100.0,284.5,1.52,360.0,87630.0,True,7,17,183
2011-07-02 18:00:00,11.93,57.65,144.0,468.33,56.0,272.5,1.24,10.0,87650.0,True,7,18,183
2011-07-02 19:00:00,11.6,59.7,5.0,0.0,5.0,282.35,0.9,11.0,87620.0,True,7,19,183
2011-07-02 20:00:00,10.34,66.55,0.0,-0.0,0.0,275.75,0.76,27.0,87640.0,True,7,20,183
2011-07-02 21:00:00,9.44,68.9,0.0,-0.0,0.0,280.2,0.76,36.0,87660.0,True,7,21,183
2011-07-02 22:00:00,8.12,76.8,0.0,-0.0,0.0,266.3,0.9,44.0,87670.0,True,7,22,183
2011-07-02 23:00:00,7.13,79.55,0.0,-0.0,0.0,258.75,0.97,54.0,87640.0,True,7,23,183
2011-07-03 00:00:00,6.56,79.5,0.0,-0.0,0.0,256.05,0.9,70.0,87610.0,True,7,0,184
2011-07-03 01:00:00,6.13,79.5,0.0,-0.0,0.0,255.15,0.9,84.0,87590.0,True,7,1,184
2011-07-03 02:00:00,5.55,82.5,0.0,-0.0,0.0,251.2,0.9,97.0,87550.0,True,7,2,184
2011-07-03 03:00:00,4.84,82.4,0.0,-0.0,0.0,250.05,1.03,102.0,87500.0,True,7,3,184
2011-07-03 04:00:00,3.84,85.5,16.0,0.0,16.0,252.15,1.17,106.0,87510.0,True,7,4,184
2011-07-03 05:00:00,4.23,92.2,176.0,538.32,60.0,252.55,0.97,111.0,87480.0,True,7,5,184
2011-07-03 06:00:00,7.99,79.7,350.0,683.58,90.0,253.3,0.48,70.0,87520.0,True,7,6,184
2011-07-03 07:00:00,10.26,69.0,527.0,776.03,109.0,258.95,0.55,35.0,87560.0,True,7,7,184
2011-07-03 08:00:00,11.99,59.85,696.0,853.48,116.0,261.25,0.9,6.0,87600.0,True,7,8,184
2011-07-03 09:00:00,13.37,55.75,829.0,885.91,126.0,266.3,1.24,354.0,87610.0,True,7,9,184
2011-07-03 10:00:00,14.56,52.15,921.0,899.43,136.0,270.35,1.38,346.0,87650.0,True,7,10,184
2011-07-03 11:00:00,15.5,48.65,958.0,887.18,149.0,274.6,1.45,343.0,87670.0,True,7,11,184
2011-07-03 12:00:00,16.23,47.0,974.0,934.83,125.0,278.85,1.52,342.0,87670.0,True,7,12,184
2011-07-03 13:00:00,16.77,47.15,922.0,932.76,118.0,280.8,1.52,345.0,87670.0,True,7,13,184
2011-07-03 14:00:00,17.1,47.15,816.0,901.68,116.0,281.0,1.59,350.0,87650.0,True,7,14,184
2011-07-03 15:00:00,17.13,47.15,675.0,864.35,107.0,282.55,1.59,354.0,87640.0,True,7,15,184
2011-07-03 16:00:00,16.87,48.9,493.0,749.24,109.0,282.15,1.45,355.0,87630.0,True,7,16,184
2011-07-03 17:00:00,16.26,50.6,304.0,579.02,100.0,281.75,1.38,354.0,87640.0,True,7,17,184
2011-07-03 18:00:00,15.29,58.35,144.0,474.77,55.0,280.05,1.1,359.0,87630.0,True,7,18,184
2011-07-03 19:00:00,14.42,64.95,6.0,0.0,6.0,276.55,0.83,7.0,87610.0,True,7,19,184
2011-07-03 20:00:00,13.34,67.05,0.0,-0.0,0.0,272.85,0.76,40.0,87640.0,True,7,20,184
2011-07-03 21:00:00,12.44,66.95,0.0,-0.0,0.0,269.75,0.76,81.0,87660.0,True,7,21,184
2011-07-03 22:00:00,11.17,71.75,0.0,-0.0,0.0,267.65,0.9,102.0,87660.0,True,7,22,184
2011-07-03 23:00:00,9.92,74.3,0.0,-0.0,0.0,266.1,1.03,110.0,87650.0,True,7,23,184
2011-07-04 00:00:00,8.8,82.75,0.0,-0.0,0.0,265.1,1.1,119.0,87650.0,True,7,0,185
2011-07-04 01:00:00,7.55,85.8,0.0,-0.0,0.0,263.9,1.31,126.0,87630.0,True,7,1,185
2011-07-04 02:00:00,6.66,88.95,0.0,-0.0,0.0,263.0,1.38,128.0,87590.0,True,7,2,185
2011-07-04 03:00:00,6.07,85.7,0.0,-0.0,0.0,261.65,1.52,128.0,87560.0,True,7,3,185
2011-07-04 04:00:00,5.6,88.9,16.0,0.0,16.0,266.85,1.59,127.0,87540.0,True,7,4,185
2011-07-04 05:00:00,5.67,92.3,170.0,504.73,62.0,275.4,1.1,128.0,87560.0,True,7,5,185
2011-07-04 06:00:00,9.42,89.15,345.0,670.28,91.0,287.75,0.62,123.0,87590.0,True,7,6,185
2011-07-04 07:00:00,13.36,69.55,518.0,749.95,115.0,276.35,0.41,63.0,87640.0,True,7,7,185
2011-07-04 08:00:00,15.51,58.45,670.0,775.29,144.0,276.35,0.55,0.0,87670.0,True,7,8,185
2011-07-04 09:00:00,17.0,54.6,794.0,784.78,172.0,281.4,0.83,332.0,87720.0,True,7,9,185
2011-07-04 10:00:00,18.2,51.0,881.0,792.45,190.0,286.8,1.03,319.0,87740.0,True,7,10,185
2011-07-04 11:00:00,19.1,45.95,821.0,523.46,344.0,292.6,1.24,308.0,87740.0,True,7,11,185
2011-07-04 12:00:00,19.76,44.45,918.0,786.63,204.0,300.55,1.59,298.0,87740.0,True,7,12,185
2011-07-04 13:00:00,19.86,44.45,889.0,853.13,154.0,311.95,1.66,291.0,87770.0,True,7,13,185
2011-07-04 14:00:00,19.57,46.1,791.0,838.95,140.0,328.6,1.52,289.0,87750.0,True,7,14,185
2011-07-04 15:00:00,19.33,47.65,578.0,525.27,233.0,323.55,1.38,284.0,87760.0,True,7,15,185
2011-07-04 16:00:00,19.01,47.65,337.0,189.4,240.0,329.0,1.24,278.0,87770.0,True,7,16,185
2011-07-04 17:00:00,18.53,51.15,312.0,636.57,88.0,331.9,1.17,268.0,87760.0,True,7,17,185
2011-07-04 18:00:00,17.87,58.8,147.0,508.24,52.0,333.45,0.83,239.0,87780.0,True,7,18,185
2011-07-04 19:00:00,17.28,58.7,6.0,0.0,6.0,327.05,0.62,220.0,87760.0,True,7,19,185
2011-07-04 20:00:00,16.03,62.95,0.0,-0.0,0.0,326.3,0.76,199.0,87770.0,True,7,20,185
2011-07-04 21:00:00,14.68,67.35,0.0,-0.0,0.0,313.5,0.97,197.0,87780.0,True,7,21,185
2011-07-04 22:00:00,13.46,69.65,0.0,-0.0,0.0,298.4,1.1,192.0,87800.0,True,7,22,185
2011-07-04 23:00:00,12.67,72.05,0.0,-0.0,0.0,295.9,1.1,182.0,87800.0,True,7,23,185
2011-07-05 00:00:00,11.84,74.55,0.0,-0.0,0.0,294.15,1.1,170.0,87800.0,True,7,0,186
2011-07-05 01:00:00,10.76,80.05,0.0,-0.0,0.0,292.7,1.17,160.0,87790.0,True,7,1,186
2011-07-05 02:00:00,9.86,79.95,0.0,-0.0,0.0,288.75,1.31,154.0,87770.0,True,7,2,186
2011-07-05 03:00:00,9.07,82.85,0.0,-0.0,0.0,284.5,1.38,150.0,87760.0,True,7,3,186
2011-07-05 04:00:00,8.63,85.9,15.0,0.0,15.0,290.85,1.38,150.0,87770.0,True,7,4,186
2011-07-05 05:00:00,9.11,85.95,150.0,353.11,75.0,281.6,1.31,148.0,87780.0,True,7,5,186
2011-07-05 06:00:00,12.49,80.3,327.0,590.76,104.0,283.7,0.76,157.0,87810.0,True,7,6,186
2011-07-05 07:00:00,15.46,65.15,506.0,723.82,118.0,308.65,0.55,215.0,87880.0,True,7,7,186
2011-07-05 08:00:00,16.88,58.7,674.0,809.11,126.0,304.6,0.69,269.0,87880.0,True,7,8,186
2011-07-05 09:00:00,17.97,49.15,813.0,865.36,128.0,308.1,1.1,288.0,87880.0,True,7,9,186
2011-07-05 10:00:00,18.76,45.85,894.0,856.35,148.0,312.95,1.24,294.0,87870.0,True,7,10,186
2011-07-05 11:00:00,19.52,42.85,946.0,879.69,145.0,323.55,1.38,297.0,87860.0,True,7,11,186
2011-07-05 12:00:00,20.03,39.95,916.0,804.75,186.0,327.65,1.52,298.0,87810.0,True,7,12,186
2011-07-05 13:00:00,20.49,38.65,857.0,775.78,189.0,317.75,1.72,298.0,87780.0,True,7,13,186
2011-07-05 14:00:00,20.63,40.1,810.0,905.17,108.0,311.2,1.86,296.0,87770.0,True,7,14,186
2011-07-05 15:00:00,20.45,40.1,663.0,844.01,109.0,322.4,1.86,291.0,87770.0,True,7,15,186
2011-07-05 16:00:00,20.12,41.45,483.0,726.98,111.0,324.15,1.66,285.0,87750.0,True,7,16,186
2011-07-05 17:00:00,19.57,46.1,313.0,651.74,84.0,317.2,1.24,278.0,87750.0,True,7,17,186
2011-07-05 18:00:00,18.44,56.95,138.0,434.81,57.0,310.2,0.69,256.0,87730.0,True,7,18,186
2011-07-05 19:00:00,17.45,65.45,5.0,0.0,5.0,300.95,0.55,237.0,87690.0,True,7,19,186
2011-07-05 20:00:00,16.51,63.05,0.0,-0.0,0.0,297.45,0.83,197.0,87710.0,True,7,20,186
2011-07-05 21:00:00,14.24,74.95,0.0,-0.0,0.0,295.9,1.17,175.0,87730.0,True,7,21,186
2011-07-05 22:00:00,12.69,77.45,0.0,-0.0,0.0,294.95,1.31,162.0,87710.0,True,7,22,186
2011-07-05 23:00:00,11.54,83.1,0.0,-0.0,0.0,300.55,1.38,156.0,87720.0,True,7,23,186
2011-07-06 00:00:00,11.01,83.05,0.0,-0.0,0.0,303.05,1.45,155.0,87690.0,True,7,0,187
2011-07-06 01:00:00,10.75,83.0,0.0,-0.0,0.0,301.6,1.59,152.0,87690.0,True,7,1,187
2011-07-06 02:00:00,10.15,82.95,0.0,-0.0,0.0,291.65,1.59,150.0,87640.0,True,7,2,187
2011-07-06 03:00:00,9.56,82.9,0.0,-0.0,0.0,286.2,1.52,150.0,87600.0,True,7,3,187
2011-07-06 04:00:00,9.07,82.85,10.0,0.0,10.0,286.2,1.52,148.0,87600.0,True,7,4,187
2011-07-06 05:00:00,9.7,85.95,79.0,23.72,74.0,288.95,1.38,146.0,87600.0,True,7,5,187
2011-07-06 06:00:00,13.22,80.35,146.0,18.62,139.0,294.15,0.76,152.0,87610.0,True,7,6,187
2011-07-06 07:00:00,16.68,63.05,499.0,710.73,119.0,299.0,0.48,172.0,87640.0,True,7,7,187
2011-07-06 08:00:00,18.27,52.9,648.0,735.13,151.0,309.85,0.55,240.0,87630.0,True,7,8,187
2011-07-06 09:00:00,19.45,47.8,712.0,566.7,264.0,321.45,1.03,260.0,87620.0,True,7,9,187
2011-07-06 10:00:00,19.8,49.55,292.0,1.15,291.0,332.85,1.59,263.0,87600.0,True,7,10,187
2011-07-06 11:00:00,20.32,47.9,546.0,105.52,450.0,333.85,2.07,267.0,87590.0,True,7,11,187
2011-07-06 12:00:00,19.88,51.4,652.0,231.66,442.0,346.0,2.21,275.0,87580.0,True,7,12,187
2011-07-06 13:00:00,19.55,55.2,790.0,593.82,279.0,353.55,1.93,276.0,87600.0,True,7,13,187
2011-07-06 14:00:00,19.76,55.2,453.0,99.35,376.0,347.95,1.86,270.0,87600.0,True,7,14,187
2011-07-06 15:00:00,19.43,55.2,611.0,672.35,170.0,337.1,1.66,273.0,87580.0,True,7,15,187
2011-07-06 16:00:00,18.26,63.3,434.0,522.32,167.0,341.75,1.66,274.0,87570.0,True,7,16,187
2011-07-06 17:00:00,17.34,70.2,215.0,173.91,154.0,337.5,0.97,273.0,87600.0,True,7,17,187
2011-07-06 18:00:00,16.41,70.2,121.0,291.01,67.0,344.85,0.69,262.0,87610.0,True,7,18,187
2011-07-06 19:00:00,16.12,75.25,2.0,0.0,2.0,341.4,0.69,319.0,87620.0,True,7,19,187
2011-07-06 20:00:00,15.35,80.6,0.0,-0.0,0.0,342.35,0.62,333.0,87640.0,True,7,20,187
2011-07-06 21:00:00,15.06,75.1,0.0,-0.0,0.0,342.15,0.07,311.0,87670.0,True,7,21,187
2011-07-06 22:00:00,14.27,77.65,0.0,-0.0,0.0,339.05,0.34,130.0,87660.0,True,7,22,187
2011-07-06 23:00:00,13.58,83.35,0.0,-0.0,0.0,338.65,0.41,137.0,87620.0,True,7,23,187
2011-07-07 00:00:00,12.5,86.25,0.0,-0.0,0.0,330.35,0.55,152.0,87610.0,True,7,0,188
2011-07-07 01:00:00,11.09,95.9,0.0,-0.0,0.0,327.95,0.69,152.0,87570.0,True,7,1,188
2011-07-07 02:00:00,10.64,95.9,0.0,-0.0,0.0,335.75,0.76,145.0,87560.0,True,7,2,188
2011-07-07 03:00:00,10.17,99.4,0.0,-0.0,0.0,334.2,0.83,144.0,87510.0,True,7,3,188
2011-07-07 04:00:00,10.21,99.4,14.0,0.0,14.0,346.8,0.76,144.0,87520.0,True,7,4,188
2011-07-07 05:00:00,10.8,99.4,131.0,243.96,80.0,329.75,0.55,141.0,87540.0,True,7,5,188
2011-07-07 06:00:00,13.23,89.4,294.0,446.08,127.0,317.4,0.34,137.0,87540.0,True,7,6,188
2011-07-07 07:00:00,14.43,86.45,441.0,480.09,185.0,345.05,0.62,105.0,87540.0,True,7,7,188
2011-07-07 08:00:00,16.35,80.75,607.0,607.58,197.0,323.4,0.28,60.0,87520.0,True,7,8,188
2011-07-07 09:00:00,17.92,70.35,664.0,456.02,304.0,314.5,0.76,341.0,87480.0,True,7,9,188
2011-07-07 10:00:00,19.11,65.75,544.0,134.59,427.0,324.75,1.31,345.0,87430.0,True,7,10,188
2011-07-07 11:00:00,19.96,63.7,481.0,59.4,427.0,340.6,1.45,342.0,87370.0,True,7,11,188
2011-07-07 12:00:00,19.55,68.2,141.0,0.0,141.0,348.95,1.72,312.0,87390.0,True,7,12,188
2011-07-07 13:00:00,17.89,78.1,116.0,0.0,116.0,356.5,1.24,281.0,87420.0,True,7,13,188
2011-07-07 14:00:00,17.53,83.7,355.0,28.4,333.0,365.2,0.07,226.0,87390.0,True,7,14,188
2011-07-07 15:00:00,17.9,80.85,113.0,0.0,113.0,349.7,0.41,356.0,87330.0,True,7,15,188
2011-07-07 16:00:00,16.62,80.8,103.0,0.0,103.0,345.45,0.97,295.0,87310.0,True,7,16,188
2011-07-07 17:00:00,16.22,83.6,130.0,14.28,125.0,356.3,0.9,277.0,87330.0,True,7,17,188
2011-07-07 18:00:00,15.56,89.6,115.0,254.42,68.0,344.85,0.62,270.0,87320.0,True,7,18,188
2011-07-07 19:00:00,14.44,92.7,4.0,0.0,4.0,358.4,0.69,327.0,87330.0,True,7,19,188
2011-07-07 20:00:00,13.89,92.7,0.0,-0.0,0.0,365.75,0.97,302.0,87390.0,True,7,20,188
2011-07-07 21:00:00,13.26,95.95,0.0,-0.0,0.0,369.45,0.76,296.0,87400.0,True,7,21,188
2011-07-07 22:00:00,12.78,99.4,0.0,-0.0,0.0,364.2,0.62,280.0,87420.0,True,7,22,188
2011-07-07 23:00:00,12.54,95.95,0.0,-0.0,0.0,366.15,0.83,274.0,87420.0,True,7,23,188
2011-07-08 00:00:00,12.16,92.6,0.0,-0.0,0.0,369.45,1.86,290.0,87490.0,True,7,0,189
2011-07-08 01:00:00,11.29,95.9,0.0,-0.0,0.0,367.8,1.86,289.0,87600.0,True,7,1,189
2011-07-08 02:00:00,10.51,99.4,0.0,-0.0,0.0,360.35,0.69,221.0,87600.0,True,7,2,189
2011-07-08 03:00:00,10.46,99.4,0.0,-0.0,0.0,347.95,0.83,172.0,87610.0,True,7,3,189
2011-07-08 04:00:00,9.82,100.0,13.0,0.0,13.0,315.25,0.69,173.0,87610.0,True,7,4,189
2011-07-08 05:00:00,10.52,95.9,142.0,323.24,75.0,311.75,0.28,206.0,87630.0,True,7,5,189
2011-07-08 06:00:00,11.71,89.3,316.0,571.46,103.0,284.3,0.41,298.0,87650.0,True,7,6,189
2011-07-08 07:00:00,12.45,86.25,489.0,680.77,127.0,310.6,0.83,332.0,87680.0,True,7,7,189
2011-07-08 08:00:00,13.66,80.4,612.0,616.19,197.0,331.7,0.76,332.0,87690.0,True,7,8,189
2011-07-08 09:00:00,14.46,75.0,740.0,663.45,217.0,330.75,0.83,337.0,87700.0,True,7,9,189
2011-07-08 10:00:00,15.9,67.65,875.0,828.0,156.0,348.15,1.03,320.0,87710.0,True,7,10,189
2011-07-08 11:00:00,16.39,67.65,784.0,472.36,355.0,357.05,1.24,302.0,87710.0,True,7,11,189
2011-07-08 12:00:00,16.95,67.75,458.0,45.3,417.0,342.35,1.38,296.0,87750.0,True,7,12,189
2011-07-08 13:00:00,17.2,70.2,87.0,0.0,87.0,331.7,0.97,295.0,87740.0,True,7,13,189
2011-07-08 14:00:00,18.05,65.55,233.0,0.0,233.0,332.65,0.97,300.0,87730.0,True,7,14,189
2011-07-08 15:00:00,18.17,65.55,554.0,484.18,237.0,342.35,1.38,292.0,87720.0,True,7,15,189
2011-07-08 16:00:00,17.49,65.45,201.0,13.73,194.0,346.8,1.17,277.0,87750.0,True,7,16,189
2011-07-08 17:00:00,16.48,67.75,69.0,0.0,69.0,338.5,0.34,250.0,87780.0,True,7,17,189
2011-07-08 18:00:00,15.93,72.65,61.0,16.32,58.0,345.05,0.21,196.0,87800.0,True,7,18,189
2011-07-08 19:00:00,14.68,83.45,3.0,0.0,3.0,350.5,0.48,215.0,87800.0,True,7,19,189
2011-07-08 20:00:00,13.98,86.4,0.0,-0.0,0.0,353.4,0.9,138.0,87850.0,True,7,20,189
2011-07-08 21:00:00,13.11,92.65,0.0,-0.0,0.0,328.2,0.97,127.0,87860.0,True,7,21,189
2011-07-08 22:00:00,12.1,92.6,0.0,-0.0,0.0,326.1,1.03,134.0,87880.0,True,7,22,189
2011-07-08 23:00:00,11.36,92.55,0.0,-0.0,0.0,322.05,1.17,137.0,87870.0,True,7,23,189
2011-07-09 00:00:00,10.83,99.4,0.0,-0.0,0.0,312.55,1.24,139.0,87860.0,True,7,0,190
2011-07-09 01:00:00,10.24,99.4,0.0,-0.0,0.0,313.8,1.31,142.0,87880.0,True,7,1,190
2011-07-09 02:00:00,9.89,95.9,0.0,-0.0,0.0,306.75,1.45,143.0,87860.0,True,7,2,190
2011-07-09 03:00:00,9.63,95.85,0.0,-0.0,0.0,310.05,1.45,144.0,87870.0,True,7,3,190
2011-07-09 04:00:00,9.44,92.45,4.0,0.0,4.0,307.7,1.45,145.0,87890.0,True,7,4,190
2011-07-09 05:00:00,10.52,95.9,93.0,63.28,80.0,318.55,1.17,147.0,87960.0,True,7,5,190
2011-07-09 06:00:00,13.74,92.65,274.0,353.07,143.0,323.55,0.69,160.0,87990.0,True,7,6,190
2011-07-09 07:00:00,16.0,77.95,390.0,311.19,225.0,311.4,0.83,173.0,88080.0,True,7,7,190
2011-07-09 08:00:00,17.73,72.8,638.0,724.56,151.0,307.3,0.69,219.0,88100.0,True,7,8,190
2011-07-09 09:00:00,19.1,59.15,776.0,795.3,150.0,317.4,1.1,260.0,88090.0,True,7,9,190
2011-07-09 10:00:00,19.85,55.2,823.0,679.09,234.0,334.8,1.24,263.0,88080.0,True,7,10,190
2011-07-09 11:00:00,20.44,51.65,828.0,585.24,297.0,331.9,1.52,287.0,88100.0,True,7,11,190
2011-07-09 12:00:00,20.36,55.3,345.0,6.63,339.0,346.2,1.66,292.0,88110.0,True,7,12,190
2011-07-09 13:00:00,18.98,61.3,698.0,390.17,363.0,344.65,1.52,292.0,88140.0,True,7,13,190
2011-07-09 14:00:00,17.69,72.8,715.0,640.18,220.0,343.7,0.69,291.0,88170.0,True,7,14,190
2011-07-09 15:00:00,17.83,72.8,348.0,71.86,301.0,340.0,0.07,252.0,88180.0,True,7,15,190
2011-07-09 16:00:00,17.65,72.8,94.0,0.0,94.0,345.45,0.28,234.0,88190.0,True,7,16,190
2011-07-09 17:00:00,17.86,72.8,57.0,0.0,57.0,340.6,0.48,268.0,88170.0,True,7,17,190
2011-07-09 18:00:00,16.82,78.0,93.0,120.35,71.0,338.65,0.41,317.0,88230.0,True,7,18,190
2011-07-09 19:00:00,15.66,86.5,0.0,0.0,0.0,335.95,0.76,340.0,88180.0,True,7,19,190
2011-07-09 20:00:00,14.73,92.7,0.0,-0.0,0.0,341.2,0.55,5.0,88220.0,True,7,20,190
2011-07-09 21:00:00,13.91,92.7,0.0,-0.0,0.0,336.75,0.62,61.0,88240.0,True,7,21,190
2011-07-09 22:00:00,13.66,92.65,0.0,-0.0,0.0,328.4,0.76,78.0,88240.0,True,7,22,190
2011-07-09 23:00:00,12.1,95.95,0.0,-0.0,0.0,322.8,0.97,118.0,88210.0,True,7,23,190
2011-07-10 00:00:00,10.98,95.9,0.0,-0.0,0.0,318.95,1.1,133.0,88180.0,True,7,0,191
2011-07-10 01:00:00,10.44,99.4,0.0,-0.0,0.0,324.85,1.03,134.0,88160.0,True,7,1,191
2011-07-10 02:00:00,9.74,100.0,0.0,-0.0,0.0,314.85,1.17,132.0,88100.0,True,7,2,191
2011-07-10 03:00:00,9.5,99.4,0.0,-0.0,0.0,324.75,1.1,132.0,88050.0,True,7,3,191
2011-07-10 04:00:00,9.08,99.4,13.0,0.0,13.0,309.25,1.24,131.0,88060.0,True,7,4,191
2011-07-10 05:00:00,10.14,99.4,134.0,294.79,74.0,319.1,1.03,129.0,88060.0,True,7,5,191
2011-07-10 06:00:00,12.73,89.4,318.0,606.59,94.0,335.75,0.76,122.0,88060.0,True,7,6,191
2011-07-10 07:00:00,14.75,89.5,469.0,618.58,142.0,343.9,0.41,126.0,88100.0,True,7,7,191
2011-07-10 08:00:00,16.93,75.3,600.0,594.88,201.0,346.0,0.14,64.0,88090.0,True,7,8,191
2011-07-10 09:00:00,18.67,65.65,155.0,0.0,155.0,333.45,0.69,303.0,88070.0,True,7,9,191
2011-07-10 10:00:00,19.32,63.5,89.0,0.0,89.0,338.5,1.24,292.0,88100.0,True,7,10,191
2011-07-10 11:00:00,19.04,68.1,83.0,0.0,83.0,355.1,1.38,288.0,88110.0,True,7,11,191
2011-07-10 12:00:00,17.68,75.4,238.0,0.0,238.0,359.4,1.38,271.0,88090.0,True,7,12,191
2011-07-10 13:00:00,17.21,80.8,782.0,596.85,270.0,359.2,0.97,276.0,88130.0,True,7,13,191
2011-07-10 14:00:00,17.54,80.85,647.0,453.09,297.0,370.8,0.41,227.0,88150.0,True,7,14,191
2011-07-10 15:00:00,17.84,80.85,610.0,698.06,154.0,350.5,0.48,176.0,88110.0,True,7,15,191
2011-07-10 16:00:00,18.29,75.45,357.0,265.61,222.0,337.7,0.34,280.0,88060.0,True,7,16,191
2011-07-10 17:00:00,17.91,78.1,171.0,69.08,147.0,336.15,0.97,294.0,88060.0,True,7,17,191
2011-07-10 18:00:00,16.37,86.55,51.0,5.5,50.0,353.95,1.1,288.0,88110.0,True,7,18,191
2011-07-10 19:00:00,15.06,86.5,0.0,0.0,0.0,345.45,0.21,150.0,88140.0,True,7,19,191
2011-07-10 20:00:00,14.27,92.7,0.0,-0.0,0.0,328.8,0.34,120.0,88180.0,True,7,20,191
2011-07-10 21:00:00,13.25,92.65,0.0,-0.0,0.0,325.1,0.55,142.0,88210.0,True,7,21,191
2011-07-10 22:00:00,12.26,95.95,0.0,-0.0,0.0,320.65,0.9,148.0,88220.0,True,7,22,191
2011-07-10 23:00:00,11.7,95.9,0.0,-0.0,0.0,327.45,1.03,138.0,88200.0,True,7,23,191
2011-07-11 00:00:00,10.92,95.9,0.0,-0.0,0.0,313.1,1.1,136.0,88180.0,True,7,0,192
2011-07-11 01:00:00,10.02,99.4,0.0,-0.0,0.0,301.8,1.17,136.0,88140.0,True,7,1,192
2011-07-11 02:00:00,9.39,99.4,0.0,-0.0,0.0,319.7,1.17,134.0,88090.0,True,7,2,192
2011-07-11 03:00:00,9.15,100.0,0.0,-0.0,0.0,336.75,0.97,129.0,88060.0,True,7,3,192
2011-07-11 04:00:00,9.35,99.4,9.0,0.0,9.0,337.1,1.24,126.0,88060.0,True,7,4,192
2011-07-11 05:00:00,9.52,99.4,149.0,431.6,62.0,340.0,1.03,126.0,88070.0,True,7,5,192
2011-07-11 06:00:00,11.52,92.55,308.0,549.7,106.0,343.1,0.76,124.0,88100.0,True,7,6,192
2011-07-11 07:00:00,13.77,89.45,490.0,703.99,119.0,327.85,0.83,54.0,88120.0,True,7,7,192
2011-07-11 08:00:00,15.54,77.85,661.0,803.85,123.0,334.8,0.9,37.0,88130.0,True,7,8,192
2011-07-11 09:00:00,16.99,70.2,762.0,743.04,179.0,333.65,0.97,16.0,88130.0,True,7,9,192
2011-07-11 10:00:00,18.37,65.55,761.0,510.89,319.0,337.3,1.1,0.0,88140.0,True,7,10,192
2011-07-11 11:00:00,19.05,61.3,699.0,309.25,419.0,341.0,0.97,347.0,88130.0,True,7,11,192
2011-07-11 12:00:00,19.65,59.25,647.0,230.44,439.0,332.85,1.1,342.0,88110.0,True,7,12,192
2011-07-11 13:00:00,19.95,57.3,665.0,319.72,391.0,334.6,1.03,343.0,88100.0,True,7,13,192
2011-07-11 14:00:00,20.29,57.3,584.0,300.65,352.0,333.65,1.1,345.0,88100.0,True,7,14,192
2011-07-11 15:00:00,20.21,59.35,483.0,291.24,293.0,341.2,1.03,346.0,88100.0,True,7,15,192
2011-07-11 16:00:00,19.91,61.4,363.0,277.93,222.0,343.5,1.03,347.0,88080.0,True,7,16,192
2011-07-11 17:00:00,19.34,65.75,278.0,485.04,110.0,332.5,0.83,358.0,88060.0,True,7,17,192
2011-07-11 18:00:00,18.72,70.45,129.0,398.96,57.0,332.65,0.62,17.0,88050.0,True,7,18,192
2011-07-11 19:00:00,18.27,75.45,0.0,0.0,0.0,349.3,0.97,17.0,87990.0,True,7,19,192
2011-07-11 20:00:00,16.72,83.65,0.0,-0.0,0.0,330.35,0.76,48.0,88010.0,True,7,20,192
2011-07-11 21:00:00,15.88,83.55,0.0,-0.0,0.0,314.1,0.76,92.0,88020.0,True,7,21,192
2011-07-11 22:00:00,14.76,86.45,0.0,-0.0,0.0,312.35,0.97,114.0,88010.0,True,7,22,192
2011-07-11 23:00:00,13.63,86.35,0.0,-0.0,0.0,311.55,1.1,126.0,87990.0,True,7,23,192
2011-07-12 00:00:00,12.47,89.4,0.0,-0.0,0.0,309.25,1.38,132.0,87970.0,True,7,0,193
2011-07-12 01:00:00,11.81,92.55,0.0,-0.0,0.0,311.3,1.45,134.0,87940.0,True,7,1,193
2011-07-12 02:00:00,11.1,92.55,0.0,-0.0,0.0,306.35,1.52,135.0,87920.0,True,7,2,193
2011-07-12 03:00:00,10.29,95.9,0.0,-0.0,0.0,309.65,1.52,134.0,87900.0,True,7,3,193
2011-07-12 04:00:00,10.04,92.5,6.0,0.0,6.0,304.4,1.59,134.0,87850.0,True,7,4,193
2011-07-12 05:00:00,10.89,86.1,140.0,370.83,66.0,313.9,1.52,133.0,87850.0,True,7,5,193
2011-07-12 06:00:00,13.62,80.4,312.0,590.79,96.0,305.55,1.31,132.0,87850.0,True,7,6,193
2011-07-12 07:00:00,16.89,78.0,489.0,713.86,114.0,342.15,0.83,131.0,87810.0,True,7,7,193
2011-07-12 08:00:00,19.95,59.35,633.0,721.8,151.0,344.65,0.69,126.0,87800.0,True,7,8,193
2011-07-12 09:00:00,22.16,48.45,772.0,794.08,150.0,321.65,0.48,128.0,87790.0,True,7,9,193
2011-07-12 10:00:00,23.87,42.35,875.0,846.06,144.0,321.85,0.28,142.0,87790.0,True,7,10,193
2011-07-12 11:00:00,24.92,39.7,869.0,702.13,234.0,341.55,0.14,224.0,87770.0,True,7,11,193
2011-07-12 12:00:00,25.66,37.2,919.0,857.27,146.0,340.6,0.76,246.0,87740.0,True,7,12,193
2011-07-12 13:00:00,26.34,36.05,787.0,610.89,264.0,355.1,1.1,245.0,87690.0,True,7,13,193
2011-07-12 14:00:00,26.41,34.8,410.0,64.87,360.0,342.35,1.31,242.0,87640.0,True,7,14,193
2011-07-12 15:00:00,25.75,37.2,330.0,55.26,294.0,360.75,1.03,276.0,87620.0,True,7,15,193
2011-07-12 16:00:00,24.93,44.15,225.0,31.6,209.0,364.8,0.83,311.0,87540.0,True,7,16,193
2011-07-12 17:00:00,23.74,56.15,0.0,0.0,0.0,361.5,0.69,324.0,87460.0,True,7,17,193
2011-07-12 18:00:00,22.47,64.2,39.0,0.0,39.0,357.25,1.17,317.0,87480.0,True,7,18,193
2011-07-12 19:00:00,19.09,75.65,0.0,0.0,0.0,356.65,1.17,304.0,87580.0,True,7,19,193
2011-07-12 20:00:00,17.59,86.65,0.0,-0.0,0.0,347.75,0.48,293.0,87610.0,True,7,20,193
2011-07-12 21:00:00,15.92,89.65,0.0,-0.0,0.0,351.45,0.76,304.0,87630.0,True,7,21,193
2011-07-12 22:00:00,16.0,86.55,0.0,-0.0,0.0,352.0,0.21,94.0,87640.0,True,7,22,193
2011-07-12 23:00:00,13.81,99.4,0.0,-0.0,0.0,348.75,1.03,112.0,87650.0,True,7,23,193
2011-07-13 00:00:00,14.41,92.7,0.0,-0.0,0.0,356.5,0.76,125.0,87580.0,True,7,0,194
2011-07-13 01:00:00,13.64,95.95,0.0,-0.0,0.0,354.45,0.69,172.0,87560.0,True,7,1,194
2011-07-13 02:00:00,13.01,95.95,0.0,-0.0,0.0,347.0,0.83,144.0,87490.0,True,7,2,194
2011-07-13 03:00:00,12.79,99.4,0.0,-0.0,0.0,347.95,0.83,135.0,87450.0,True,7,3,194
2011-07-13 04:00:00,12.81,99.4,5.0,0.0,5.0,357.45,0.83,156.0,87430.0,True,7,4,194
2011-07-13 05:00:00,13.26,99.4,23.0,0.0,23.0,350.3,1.03,133.0,87420.0,True,7,5,194
2011-07-13 06:00:00,15.65,96.0,148.0,27.5,138.0,356.65,0.55,110.0,87360.0,True,7,6,194
2011-07-13 07:00:00,16.09,92.8,389.0,334.24,214.0,368.1,0.34,50.0,87290.0,True,7,7,194
2011-07-13 08:00:00,17.46,86.65,255.0,10.51,248.0,363.05,0.97,15.0,87270.0,True,7,8,194
2011-07-13 09:00:00,17.81,83.7,69.0,0.0,69.0,365.55,0.97,11.0,87260.0,True,7,9,194
2011-07-13 10:00:00,16.86,86.6,169.0,0.0,169.0,374.85,0.83,339.0,87220.0,True,7,10,194
2011-07-13 11:00:00,16.97,86.6,488.0,67.53,427.0,357.85,1.31,302.0,87240.0,True,7,11,194
2011-07-13 12:00:00,16.32,86.55,119.0,0.0,119.0,355.9,1.45,299.0,87210.0,True,7,12,194
2011-07-13 13:00:00,16.56,80.8,212.0,0.0,212.0,368.85,1.93,297.0,87230.0,True,7,13,194
2011-07-13 14:00:00,15.54,83.55,76.0,0.0,76.0,373.7,1.59,295.0,87190.0,True,7,14,194
2011-07-13 15:00:00,14.67,96.0,56.0,0.0,56.0,372.95,1.52,295.0,87200.0,True,7,15,194
2011-07-13 16:00:00,14.23,96.0,57.0,0.0,57.0,375.85,1.79,297.0,87230.0,True,7,16,194
2011-07-13 17:00:00,13.53,95.95,40.0,0.0,40.0,376.6,1.52,301.0,87310.0,True,7,17,194
2011-07-13 18:00:00,12.94,95.95,59.0,16.88,56.0,373.7,1.72,312.0,87390.0,True,7,18,194
2011-07-13 19:00:00,11.89,95.95,0.0,0.0,0.0,362.5,1.24,301.0,87570.0,True,7,19,194
2011-07-13 20:00:00,11.44,95.9,0.0,-0.0,0.0,367.1,1.38,300.0,87650.0,True,7,20,194
2011-07-13 21:00:00,10.81,99.4,0.0,-0.0,0.0,364.4,1.31,293.0,87740.0,True,7,21,194
2011-07-13 22:00:00,10.29,100.0,0.0,-0.0,0.0,357.25,1.24,285.0,87780.0,True,7,22,194
2011-07-13 23:00:00,9.79,100.0,0.0,-0.0,0.0,359.2,1.24,287.0,87840.0,True,7,23,194
2011-07-14 00:00:00,9.58,99.4,0.0,-0.0,0.0,355.9,1.03,287.0,87870.0,True,7,0,195
2011-07-14 01:00:00,9.22,100.0,0.0,-0.0,0.0,357.35,1.03,294.0,87850.0,True,7,1,195
2011-07-14 02:00:00,9.05,99.4,0.0,-0.0,0.0,354.35,0.97,299.0,87830.0,True,7,2,195
2011-07-14 03:00:00,8.66,99.4,0.0,-0.0,0.0,351.65,1.03,307.0,87830.0,True,7,3,195
2011-07-14 04:00:00,8.36,99.4,2.0,0.0,2.0,339.65,1.1,318.0,87840.0,True,7,4,195
2011-07-14 05:00:00,8.23,100.0,36.0,0.0,36.0,335.95,1.1,320.0,87850.0,True,7,5,195
2011-07-14 06:00:00,8.23,99.4,94.0,0.0,94.0,340.6,1.1,324.0,87890.0,True,7,6,195
2011-07-14 07:00:00,8.23,95.8,116.0,0.0,116.0,350.65,1.17,331.0,87910.0,True,7,7,195
2011-07-14 08:00:00,8.72,92.4,204.0,0.0,204.0,350.1,1.38,335.0,87940.0,True,7,8,195
2011-07-14 09:00:00,9.07,89.1,482.0,124.27,385.0,330.75,1.52,336.0,87980.0,True,7,9,195
2011-07-14 10:00:00,9.43,85.95,349.0,10.45,340.0,337.5,1.66,330.0,88000.0,True,7,10,195
2011-07-14 11:00:00,10.47,77.15,349.0,6.65,343.0,337.1,1.72,329.0,87990.0,True,7,11,195
2011-07-14 12:00:00,11.44,71.85,291.0,1.11,290.0,315.65,1.79,326.0,87990.0,True,7,12,195
2011-07-14 13:00:00,12.07,66.85,217.0,0.0,217.0,340.2,1.66,322.0,87970.0,True,7,13,195
2011-07-14 14:00:00,12.35,64.45,143.0,0.0,143.0,330.35,1.59,318.0,88000.0,True,7,14,195
2011-07-14 15:00:00,12.81,62.2,175.0,0.0,175.0,337.1,1.66,317.0,88020.0,True,7,15,195
2011-07-14 16:00:00,12.61,59.95,193.0,11.9,187.0,326.3,1.52,322.0,88040.0,True,7,16,195
2011-07-14 17:00:00,12.11,62.1,92.0,0.0,92.0,336.75,1.45,328.0,88060.0,True,7,17,195
2011-07-14 18:00:00,11.53,64.35,39.0,0.0,39.0,320.3,1.38,331.0,88080.0,True,7,18,195
2011-07-14 19:00:00,10.71,71.7,0.0,0.0,0.0,313.9,1.45,344.0,88130.0,True,7,19,195
2011-07-14 20:00:00,10.2,74.3,0.0,-0.0,0.0,332.85,1.45,349.0,88160.0,True,7,20,195
2011-07-14 21:00:00,9.62,77.0,0.0,-0.0,0.0,321.05,1.24,352.0,88190.0,True,7,21,195
2011-07-14 22:00:00,9.34,77.0,0.0,-0.0,0.0,334.8,1.1,354.0,88180.0,True,7,22,195
2011-07-14 23:00:00,9.14,76.95,0.0,-0.0,0.0,337.7,0.83,350.0,88200.0,True,7,23,195
2011-07-15 00:00:00,8.96,79.85,0.0,-0.0,0.0,337.1,0.55,346.0,88160.0,True,7,0,196
2011-07-15 01:00:00,8.52,79.75,0.0,-0.0,0.0,315.75,0.34,317.0,88140.0,True,7,1,196
2011-07-15 02:00:00,8.33,82.75,0.0,-0.0,0.0,323.2,0.34,310.0,88130.0,True,7,2,196
2011-07-15 03:00:00,8.38,76.85,0.0,-0.0,0.0,322.6,0.34,318.0,88110.0,True,7,3,196
2011-07-15 04:00:00,8.59,71.35,7.0,0.0,7.0,308.3,0.21,331.0,88140.0,True,7,4,196
2011-07-15 05:00:00,8.5,71.35,83.0,46.6,74.0,298.6,0.14,321.0,88150.0,True,7,5,196
2011-07-15 06:00:00,8.79,74.05,289.0,450.35,127.0,280.4,0.14,2.0,88190.0,True,7,6,196
2011-07-15 07:00:00,9.78,71.5,470.0,615.41,150.0,299.95,0.69,27.0,88220.0,True,7,7,196
2011-07-15 08:00:00,11.07,59.6,623.0,659.11,186.0,285.65,0.83,9.0,88250.0,True,7,8,196
2011-07-15 09:00:00,12.13,53.5,756.0,709.81,203.0,296.1,0.97,352.0,88250.0,True,7,9,196
2011-07-15 10:00:00,13.07,49.85,815.0,635.86,268.0,297.65,1.1,345.0,88250.0,True,7,10,196
2011-07-15 11:00:00,14.06,48.25,834.0,580.46,311.0,293.75,1.31,340.0,88230.0,True,7,11,196
2011-07-15 12:00:00,14.66,48.4,617.0,182.51,453.0,296.65,1.45,339.0,88210.0,True,7,12,196
2011-07-15 13:00:00,15.08,46.75,646.0,278.98,408.0,311.55,1.45,334.0,88180.0,True,7,13,196
2011-07-15 14:00:00,15.18,48.55,709.0,600.48,248.0,332.85,1.52,340.0,88160.0,True,7,14,196
2011-07-15 15:00:00,15.11,48.55,596.0,615.54,197.0,323.55,1.45,344.0,88120.0,True,7,15,196
2011-07-15 16:00:00,15.26,50.35,449.0,594.74,150.0,319.5,1.38,344.0,88120.0,True,7,16,196
2011-07-15 17:00:00,14.93,50.35,278.0,486.5,112.0,287.75,1.24,346.0,88110.0,True,7,17,196
2011-07-15 18:00:00,14.15,58.1,129.0,435.17,53.0,282.75,1.17,356.0,88120.0,True,7,18,196
2011-07-15 19:00:00,13.06,64.65,0.0,0.0,0.0,274.6,1.1,12.0,88060.0,True,7,19,196
2011-07-15 20:00:00,11.29,80.1,0.0,-0.0,0.0,272.1,0.9,34.0,88060.0,True,7,20,196
2011-07-15 21:00:00,10.75,77.15,0.0,-0.0,0.0,270.15,0.83,60.0,88070.0,True,7,21,196
2011-07-15 22:00:00,9.99,77.1,0.0,-0.0,0.0,268.6,0.76,79.0,88060.0,True,7,22,196
2011-07-15 23:00:00,9.21,82.85,0.0,-0.0,0.0,267.65,0.83,92.0,88020.0,True,7,23,196
2011-07-16 00:00:00,8.45,82.75,0.0,-0.0,0.0,266.85,0.83,106.0,87980.0,True,7,0,197
2011-07-16 01:00:00,7.88,85.85,0.0,-0.0,0.0,267.75,0.9,116.0,87910.0,True,7,1,197
2011-07-16 02:00:00,7.29,89.0,0.0,-0.0,0.0,268.2,1.03,124.0,87850.0,True,7,2,197
2011-07-16 03:00:00,6.99,89.0,0.0,-0.0,0.0,269.4,1.03,130.0,87810.0,True,7,3,197
2011-07-16 04:00:00,6.43,88.95,7.0,0.0,7.0,273.25,1.1,135.0,87790.0,True,7,4,197
2011-07-16 05:00:00,6.37,92.3,149.0,497.65,54.0,272.5,1.03,139.0,87800.0,True,7,5,197
2011-07-16 06:00:00,9.72,89.15,313.0,617.92,92.0,274.2,0.48,151.0,87810.0,True,7,6,197
2011-07-16 07:00:00,12.48,69.45,494.0,743.08,109.0,274.6,0.41,205.0,87810.0,True,7,7,197
2011-07-16 08:00:00,14.37,64.85,663.0,825.59,117.0,276.95,0.83,261.0,87790.0,True,7,8,197
2011-07-16 09:00:00,15.71,60.65,797.0,861.64,127.0,281.95,1.1,269.0,87760.0,True,7,9,197
2011-07-16 10:00:00,16.99,54.6,885.0,865.04,142.0,285.65,1.45,270.0,87700.0,True,7,10,197
2011-07-16 11:00:00,17.93,51.0,924.0,851.31,158.0,291.65,1.79,268.0,87660.0,True,7,11,197
2011-07-16 12:00:00,18.55,49.3,942.0,901.47,133.0,297.25,2.21,267.0,87610.0,True,7,12,197
2011-07-16 13:00:00,18.85,49.3,868.0,836.87,155.0,303.05,2.34,265.0,87580.0,True,7,13,197
2011-07-16 14:00:00,18.75,49.3,750.0,748.8,176.0,315.65,2.34,260.0,87520.0,True,7,14,197
2011-07-16 15:00:00,18.59,49.3,625.0,748.1,141.0,321.45,2.34,255.0,87510.0,True,7,15,197
2011-07-16 16:00:00,18.06,52.9,452.0,628.27,137.0,325.5,2.0,254.0,87470.0,True,7,16,197
2011-07-16 17:00:00,17.52,56.75,104.0,2.94,103.0,331.3,1.52,255.0,87430.0,True,7,17,197
2011-07-16 18:00:00,16.8,60.85,46.0,0.0,46.0,323.95,1.1,241.0,87400.0,True,7,18,197
2011-07-16 19:00:00,16.3,67.65,0.0,0.0,0.0,336.35,1.17,232.0,87310.0,True,7,19,197
2011-07-16 20:00:00,15.34,72.45,0.0,-0.0,0.0,348.35,1.31,215.0,87290.0,True,7,20,197
2011-07-16 21:00:00,15.41,65.15,0.0,-0.0,0.0,365.0,1.59,217.0,87290.0,True,7,21,197
2011-07-16 22:00:00,14.81,72.4,0.0,-0.0,0.0,366.55,1.45,202.0,87250.0,True,7,22,197
2011-07-16 23:00:00,14.75,72.4,0.0,-0.0,0.0,366.75,1.52,187.0,87200.0,True,7,23,197
2011-07-17 00:00:00,14.54,72.4,0.0,-0.0,0.0,361.7,1.52,181.0,87130.0,True,7,0,198
2011-07-17 01:00:00,14.27,72.3,0.0,-0.0,0.0,353.7,1.59,198.0,87080.0,True,7,1,198
2011-07-17 02:00:00,14.23,72.3,0.0,-0.0,0.0,359.55,1.66,200.0,87030.0,True,7,2,198
2011-07-17 03:00:00,14.35,69.75,0.0,-0.0,0.0,363.05,1.72,191.0,87000.0,True,7,3,198
2011-07-17 04:00:00,13.78,74.85,1.0,0.0,1.0,350.85,1.59,175.0,86950.0,True,7,4,198
2011-07-17 05:00:00,13.74,77.6,76.0,42.42,68.0,353.75,1.24,167.0,86850.0,True,7,5,198
2011-07-17 06:00:00,14.47,75.0,64.0,0.0,64.0,350.5,0.83,225.0,86820.0,True,7,6,198
2011-07-17 07:00:00,12.63,89.4,54.0,0.0,54.0,359.2,0.69,206.0,86890.0,True,7,7,198
2011-07-17 08:00:00,12.65,95.95,57.0,0.0,57.0,356.85,0.62,241.0,86920.0,True,7,8,198
2011-07-17 09:00:00,13.74,89.45,101.0,0.0,101.0,360.15,1.45,273.0,86950.0,True,7,9,198
2011-07-17 10:00:00,12.38,92.6,126.0,0.0,126.0,358.8,1.86,287.0,87020.0,True,7,10,198
2011-07-17 11:00:00,10.87,95.9,126.0,0.0,126.0,359.4,2.0,276.0,87040.0,True,7,11,198
2011-07-17 12:00:00,10.12,99.4,147.0,0.0,147.0,355.1,1.86,262.0,87090.0,True,7,12,198
2011-07-17 13:00:00,9.82,99.4,92.0,0.0,92.0,352.0,1.59,245.0,87120.0,True,7,13,198
2011-07-17 14:00:00,9.61,99.4,116.0,0.0,116.0,351.45,1.72,229.0,87110.0,True,7,14,198
2011-07-17 15:00:00,9.32,99.4,154.0,0.0,154.0,343.1,1.72,213.0,87060.0,True,7,15,198
2011-07-17 16:00:00,9.77,95.85,205.0,20.0,195.0,332.65,1.45,223.0,87030.0,True,7,16,198
2011-07-17 17:00:00,10.56,83.0,154.0,47.33,138.0,313.9,1.66,245.0,87020.0,True,7,17,198
2011-07-17 18:00:00,10.67,83.0,115.0,338.9,57.0,305.75,1.45,248.0,87030.0,True,7,18,198
2011-07-17 19:00:00,10.08,79.95,0.0,0.0,0.0,297.05,1.17,241.0,87080.0,True,7,19,198
2011-07-17 20:00:00,9.14,85.95,0.0,-0.0,0.0,285.45,1.17,226.0,87100.0,True,7,20,198
2011-07-17 21:00:00,8.34,85.9,0.0,-0.0,0.0,295.5,1.24,218.0,87140.0,True,7,21,198
2011-07-17 22:00:00,7.53,92.35,0.0,-0.0,0.0,288.95,1.24,212.0,87150.0,True,7,22,198
2011-07-17 23:00:00,6.73,92.3,0.0,-0.0,0.0,277.1,1.24,211.0,87150.0,True,7,23,198
2011-07-18 00:00:00,6.4,92.3,0.0,-0.0,0.0,290.5,1.24,216.0,87130.0,True,7,0,199
2011-07-18 01:00:00,6.12,92.3,0.0,-0.0,0.0,296.0,1.24,214.0,87100.0,True,7,1,199
2011-07-18 02:00:00,5.83,88.95,0.0,-0.0,0.0,292.6,1.24,210.0,87080.0,True,7,2,199
2011-07-18 03:00:00,5.61,92.3,0.0,-0.0,0.0,293.75,1.1,207.0,87080.0,True,7,3,199
2011-07-18 04:00:00,5.22,95.75,1.0,0.0,1.0,290.3,0.97,194.0,87060.0,True,7,4,199
2011-07-18 05:00:00,5.32,92.3,23.0,0.0,23.0,283.1,0.83,197.0,87080.0,True,7,5,199
2011-07-18 06:00:00,8.01,95.8,49.0,0.0,49.0,293.55,0.76,208.0,87100.0,True,7,6,199
2011-07-18 07:00:00,8.34,92.4,115.0,0.0,115.0,300.95,1.17,245.0,87090.0,True,7,7,199
2011-07-18 08:00:00,9.87,89.2,210.0,1.52,209.0,304.6,1.45,266.0,87090.0,True,7,8,199
2011-07-18 09:00:00,11.16,89.3,314.0,10.33,306.0,302.5,1.52,272.0,87110.0,True,7,9,199
2011-07-18 10:00:00,10.72,89.25,445.0,51.4,401.0,301.9,1.79,270.0,87150.0,True,7,10,199
2011-07-18 11:00:00,11.56,86.15,490.0,63.53,433.0,304.05,1.72,264.0,87170.0,True,7,11,199
2011-07-18 12:00:00,11.4,77.3,705.0,322.92,416.0,300.55,2.07,257.0,87180.0,True,7,12,199
2011-07-18 13:00:00,12.34,71.95,659.0,309.58,396.0,308.65,2.41,253.0,87160.0,True,7,13,199
2011-07-18 14:00:00,12.58,62.2,677.0,523.54,277.0,301.1,2.41,253.0,87140.0,True,7,14,199
2011-07-18 15:00:00,12.62,59.95,380.0,108.65,310.0,302.5,2.14,255.0,87140.0,True,7,15,199
2011-07-18 16:00:00,12.39,57.75,335.0,210.67,230.0,293.75,1.79,256.0,87140.0,True,7,16,199
2011-07-18 17:00:00,11.85,64.35,241.0,309.18,137.0,292.4,1.45,261.0,87090.0,True,7,17,199
2011-07-18 18:00:00,11.24,69.15,117.0,348.62,58.0,293.55,1.03,272.0,87090.0,True,7,18,199
2011-07-18 19:00:00,10.71,69.1,0.0,0.0,0.0,299.4,0.76,291.0,87090.0,True,7,19,199
2011-07-18 20:00:00,10.19,69.0,0.0,-0.0,0.0,270.55,0.28,274.0,87120.0,True,7,20,199
2011-07-18 21:00:00,9.86,69.0,0.0,-0.0,0.0,283.1,0.34,168.0,87120.0,True,7,21,199
2011-07-18 22:00:00,9.05,74.15,0.0,-0.0,0.0,272.3,0.69,141.0,87090.0,True,7,22,199
2011-07-18 23:00:00,7.78,82.65,0.0,-0.0,0.0,281.0,0.9,133.0,87010.0,True,7,23,199
2011-07-19 00:00:00,7.09,85.75,0.0,-0.0,0.0,275.6,0.9,131.0,86950.0,True,7,0,200
2011-07-19 01:00:00,6.42,88.95,0.0,-0.0,0.0,275.9,1.03,128.0,86900.0,True,7,1,200
2011-07-19 02:00:00,5.72,88.9,0.0,-0.0,0.0,276.95,1.17,123.0,86830.0,True,7,2,200
2011-07-19 03:00:00,5.48,88.9,0.0,-0.0,0.0,277.3,1.24,122.0,86760.0,True,7,3,200
2011-07-19 04:00:00,5.58,88.9,0.0,0.0,0.0,289.9,1.31,120.0,86710.0,True,7,4,200
2011-07-19 05:00:00,5.83,85.7,126.0,337.25,64.0,286.8,1.1,121.0,86690.0,True,7,5,200
2011-07-19 06:00:00,8.67,89.1,85.0,0.0,85.0,285.45,0.48,113.0,86700.0,True,7,6,200
2011-07-19 07:00:00,11.29,71.75,305.0,128.85,239.0,285.25,0.21,312.0,86730.0,True,7,7,200
2011-07-19 08:00:00,12.43,62.2,474.0,259.12,304.0,303.25,1.38,297.0,86780.0,True,7,8,200
2011-07-19 09:00:00,12.06,66.85,235.0,0.0,235.0,314.85,1.59,305.0,86770.0,True,7,9,200
2011-07-19 10:00:00,11.28,71.75,165.0,0.0,165.0,335.95,1.52,316.0,86750.0,True,7,10,200
2011-07-19 11:00:00,10.82,77.15,134.0,0.0,134.0,340.2,1.72,299.0,86770.0,True,7,11,200
2011-07-19 12:00:00,9.74,89.15,107.0,0.0,107.0,337.5,1.45,284.0,86790.0,True,7,12,200
2011-07-19 13:00:00,9.42,95.85,124.0,0.0,124.0,342.15,1.1,266.0,86830.0,True,7,13,200
2011-07-19 14:00:00,9.29,99.4,102.0,0.0,102.0,339.25,0.9,264.0,86830.0,True,7,14,200
2011-07-19 15:00:00,9.36,95.85,61.0,0.0,61.0,339.65,0.69,265.0,86820.0,True,7,15,200
2011-07-19 16:00:00,9.75,99.4,47.0,0.0,47.0,341.0,0.83,271.0,86850.0,True,7,16,200
2011-07-19 17:00:00,8.98,99.4,37.0,0.0,37.0,343.3,1.1,271.0,86900.0,True,7,17,200
2011-07-19 18:00:00,8.36,95.85,22.0,0.0,22.0,332.5,1.38,252.0,86970.0,True,7,18,200
2011-07-19 19:00:00,7.56,99.4,0.0,0.0,0.0,323.4,1.38,236.0,87060.0,True,7,19,200
2011-07-19 20:00:00,6.86,95.8,0.0,-0.0,0.0,312.55,1.52,229.0,87120.0,True,7,20,200
2011-07-19 21:00:00,6.64,95.8,0.0,-0.0,0.0,320.5,1.66,224.0,87150.0,True,7,21,200
2011-07-19 22:00:00,6.42,95.8,0.0,-0.0,0.0,320.3,1.66,216.0,87160.0,True,7,22,200
2011-07-19 23:00:00,6.18,95.8,0.0,-0.0,0.0,319.7,1.72,212.0,87160.0,True,7,23,200
2011-07-20 00:00:00,6.3,95.8,0.0,-0.0,0.0,337.3,1.79,211.0,87180.0,True,7,0,201
2011-07-20 01:00:00,6.22,95.8,0.0,-0.0,0.0,335.7,1.72,216.0,87190.0,True,7,1,201
2011-07-20 02:00:00,6.08,95.8,0.0,-0.0,0.0,332.5,1.59,216.0,87180.0,True,7,2,201
2011-07-20 03:00:00,6.06,95.8,0.0,-0.0,0.0,337.1,1.59,223.0,87180.0,True,7,3,201
2011-07-20 04:00:00,5.95,95.8,0.0,0.0,0.0,325.7,1.59,230.0,87210.0,True,7,4,201
2011-07-20 05:00:00,6.11,95.8,20.0,0.0,20.0,337.7,1.59,234.0,87250.0,True,7,5,201
2011-07-20 06:00:00,6.48,99.4,35.0,0.0,35.0,336.35,1.24,234.0,87310.0,True,7,6,201
2011-07-20 07:00:00,6.75,99.4,64.0,0.0,64.0,326.3,1.31,219.0,87330.0,True,7,7,201
2011-07-20 08:00:00,7.07,99.4,88.0,0.0,88.0,339.25,1.38,219.0,87350.0,True,7,8,201
2011-07-20 09:00:00,8.92,92.45,96.0,0.0,96.0,325.1,1.45,234.0,87380.0,True,7,9,201
2011-07-20 10:00:00,9.4,89.15,86.0,0.0,86.0,328.05,1.31,247.0,87430.0,True,7,10,201
2011-07-20 11:00:00,10.83,89.25,154.0,0.0,154.0,316.05,1.38,254.0,87450.0,True,7,11,201
2011-07-20 12:00:00,11.44,86.15,179.0,0.0,179.0,304.2,1.59,257.0,87480.0,True,7,12,201
2011-07-20 13:00:00,12.44,80.3,160.0,0.0,160.0,325.9,1.59,254.0,87490.0,True,7,13,201
2011-07-20 14:00:00,12.04,80.2,342.0,23.65,324.0,320.1,1.38,251.0,87490.0,True,7,14,201
2011-07-20 15:00:00,12.15,77.35,336.0,62.38,296.0,318.35,1.1,261.0,87500.0,True,7,15,201
2011-07-20 16:00:00,11.13,74.45,170.0,4.04,168.0,324.75,0.97,243.0,87480.0,True,7,16,201
2011-07-20 17:00:00,10.96,74.45,156.0,54.11,138.0,297.05,1.24,245.0,87500.0,True,7,17,201
2011-07-20 18:00:00,10.29,82.95,116.0,375.43,54.0,308.3,1.1,249.0,87500.0,True,7,18,201
2011-07-20 19:00:00,9.35,89.15,0.0,0.0,0.0,314.85,0.76,227.0,87520.0,True,7,19,201
2011-07-20 20:00:00,8.95,92.45,0.0,-0.0,0.0,320.5,0.62,210.0,87510.0,True,7,20,201
2011-07-20 21:00:00,8.78,95.85,0.0,-0.0,0.0,329.55,0.41,209.0,87500.0,True,7,21,201
2011-07-20 22:00:00,8.6,92.4,0.0,-0.0,0.0,305.95,0.41,206.0,87470.0,True,7,22,201
2011-07-20 23:00:00,8.2,95.8,0.0,-0.0,0.0,298.4,0.48,165.0,87450.0,True,7,23,201
2011-07-21 00:00:00,6.63,99.4,0.0,-0.0,0.0,305.2,0.76,138.0,87420.0,True,7,0,202
2011-07-21 01:00:00,5.83,95.8,0.0,-0.0,0.0,286.9,0.9,138.0,87370.0,True,7,1,202
2011-07-21 02:00:00,4.71,99.4,0.0,-0.0,0.0,282.35,1.1,138.0,87310.0,True,7,2,202
2011-07-21 03:00:00,4.6,95.75,0.0,-0.0,0.0,296.5,1.1,138.0,87250.0,True,7,3,202
2011-07-21 04:00:00,5.32,92.3,0.0,0.0,0.0,314.85,1.1,138.0,87210.0,True,7,4,202
2011-07-21 05:00:00,6.1,95.8,49.0,5.59,48.0,312.15,0.9,135.0,87210.0,True,7,5,202
2011-07-21 06:00:00,7.93,92.4,177.0,77.89,150.0,317.0,0.69,129.0,87190.0,True,7,6,202
2011-07-21 07:00:00,8.7,92.4,209.0,19.68,199.0,336.15,0.69,167.0,87210.0,True,7,7,202
2011-07-21 08:00:00,9.66,89.15,315.0,41.39,288.0,337.7,0.69,177.0,87210.0,True,7,8,202
2011-07-21 09:00:00,10.49,92.5,122.0,0.0,122.0,334.0,0.76,234.0,87260.0,True,7,9,202
2011-07-21 10:00:00,9.98,95.9,126.0,0.0,126.0,342.95,1.1,255.0,87290.0,True,7,10,202
2011-07-21 11:00:00,10.57,92.5,179.0,0.0,179.0,350.65,1.38,256.0,87330.0,True,7,11,202
2011-07-21 12:00:00,11.65,92.55,247.0,0.0,247.0,341.2,1.31,255.0,87340.0,True,7,12,202
2011-07-21 13:00:00,12.54,86.25,137.0,0.0,137.0,338.1,1.38,255.0,87350.0,True,7,13,202
2011-07-21 14:00:00,12.64,86.25,172.0,0.0,172.0,331.1,1.52,254.0,87350.0,True,7,14,202
2011-07-21 15:00:00,12.94,80.35,531.0,444.03,247.0,316.6,1.66,250.0,87350.0,True,7,15,202
2011-07-21 16:00:00,12.94,74.75,204.0,20.27,194.0,317.75,2.07,250.0,87330.0,True,7,16,202
2011-07-21 17:00:00,12.36,77.35,257.0,426.37,116.0,305.95,1.79,248.0,87350.0,True,7,17,202
2011-07-21 18:00:00,11.52,80.15,46.0,6.14,45.0,292.05,1.03,238.0,87380.0,True,7,18,202
2011-07-21 19:00:00,11.02,80.1,0.0,0.0,0.0,298.2,0.97,244.0,87410.0,True,7,19,202
2011-07-21 20:00:00,9.95,86.0,0.0,-0.0,0.0,296.65,0.76,228.0,87460.0,True,7,20,202
2011-07-21 21:00:00,9.05,89.1,0.0,-0.0,0.0,293.2,0.83,219.0,87460.0,True,7,21,202
2011-07-21 22:00:00,8.2,95.8,0.0,-0.0,0.0,308.85,0.69,202.0,87480.0,True,7,22,202
2011-07-21 23:00:00,7.54,95.8,0.0,-0.0,0.0,297.45,0.83,186.0,87470.0,True,7,23,202
2011-07-22 00:00:00,7.33,92.35,0.0,-0.0,0.0,312.35,0.83,183.0,87440.0,True,7,0,203
2011-07-22 01:00:00,7.33,92.35,0.0,-0.0,0.0,318.45,0.76,187.0,87430.0,True,7,1,203
2011-07-22 02:00:00,7.05,95.8,0.0,-0.0,0.0,318.55,0.83,184.0,87380.0,True,7,2,203
2011-07-22 03:00:00,6.66,95.8,0.0,-0.0,0.0,307.5,0.83,182.0,87370.0,True,7,3,203
2011-07-22 04:00:00,6.29,95.8,0.0,0.0,0.0,304.8,0.83,175.0,87360.0,True,7,4,203
2011-07-22 05:00:00,6.18,95.8,67.0,28.36,62.0,297.65,0.9,171.0,87370.0,True,7,5,203
2011-07-22 06:00:00,8.53,92.4,106.0,2.9,105.0,318.35,0.55,196.0,87390.0,True,7,6,203
2011-07-22 07:00:00,9.99,86.0,247.0,51.38,221.0,305.55,0.83,228.0,87420.0,True,7,7,203
2011-07-22 08:00:00,10.98,80.1,237.0,6.15,233.0,314.1,1.1,258.0,87440.0,True,7,8,203
2011-07-22 09:00:00,12.18,74.6,284.0,5.21,280.0,302.65,1.38,273.0,87440.0,True,7,9,203
2011-07-22 10:00:00,12.87,72.05,419.0,40.0,385.0,315.05,1.59,287.0,87440.0,True,7,10,203
2011-07-22 11:00:00,13.57,69.65,564.0,133.5,445.0,319.9,1.52,299.0,87440.0,True,7,11,203
2011-07-22 12:00:00,13.93,72.3,471.0,56.22,421.0,314.3,1.66,314.0,87450.0,True,7,12,203
2011-07-22 13:00:00,13.61,80.4,725.0,465.71,332.0,322.2,1.52,316.0,87450.0,True,7,13,203
2011-07-22 14:00:00,14.11,77.65,479.0,142.46,371.0,315.25,1.72,321.0,87420.0,True,7,14,203
2011-07-22 15:00:00,13.18,83.25,124.0,0.0,124.0,327.45,1.66,325.0,87410.0,True,7,15,203
2011-07-22 16:00:00,12.52,83.25,203.0,20.35,193.0,325.1,1.24,324.0,87400.0,True,7,16,203
2011-07-22 17:00:00,12.39,83.25,166.0,76.08,141.0,316.8,0.9,297.0,87430.0,True,7,17,203
2011-07-22 18:00:00,11.65,86.15,62.0,37.35,56.0,331.1,0.55,270.0,87400.0,True,7,18,203
2011-07-22 19:00:00,10.78,89.25,0.0,-0.0,0.0,308.3,0.69,297.0,87440.0,True,7,19,203
2011-07-22 20:00:00,9.45,95.85,0.0,-0.0,0.0,325.1,0.62,268.0,87500.0,True,7,20,203
2011-07-22 21:00:00,9.0,95.85,0.0,-0.0,0.0,314.1,0.41,201.0,87500.0,True,7,21,203
2011-07-22 22:00:00,8.69,95.85,0.0,-0.0,0.0,297.45,0.41,139.0,87500.0,True,7,22,203
2011-07-22 23:00:00,7.74,99.4,0.0,-0.0,0.0,328.8,0.34,130.0,87470.0,True,7,23,203
2011-07-23 00:00:00,8.17,95.8,0.0,-0.0,0.0,329.2,0.14,142.0,87450.0,True,7,0,204
2011-07-23 01:00:00,8.08,99.4,0.0,-0.0,0.0,347.5,0.34,144.0,87440.0,True,7,1,204
2011-07-23 02:00:00,8.46,99.4,0.0,-0.0,0.0,350.3,0.34,164.0,87400.0,True,7,2,204
2011-07-23 03:00:00,8.16,99.4,0.0,-0.0,0.0,333.85,0.28,180.0,87360.0,True,7,3,204
2011-07-23 04:00:00,8.16,99.4,0.0,0.0,0.0,341.95,0.28,257.0,87370.0,True,7,4,204
2011-07-23 05:00:00,8.32,100.0,21.0,0.0,21.0,342.15,0.34,334.0,87390.0,True,7,5,204
2011-07-23 06:00:00,8.21,100.0,56.0,0.0,56.0,350.1,0.69,349.0,87390.0,True,7,6,204
2011-07-23 07:00:00,9.26,100.0,101.0,0.0,101.0,321.65,1.17,311.0,87400.0,True,7,7,204
2011-07-23 08:00:00,9.87,99.4,111.0,0.0,111.0,336.55,0.97,299.0,87440.0,True,7,8,204
2011-07-23 09:00:00,9.98,99.4,368.0,35.25,341.0,329.4,1.03,290.0,87470.0,True,7,9,204
2011-07-23 10:00:00,10.94,92.55,524.0,122.6,420.0,333.85,0.76,279.0,87490.0,True,7,10,204
2011-07-23 11:00:00,12.22,89.35,404.0,23.6,383.0,328.6,0.9,276.0,87510.0,True,7,11,204
2011-07-23 12:00:00,11.97,83.15,394.0,19.15,377.0,331.9,0.97,264.0,87480.0,True,7,12,204
2011-07-23 13:00:00,11.58,80.15,264.0,0.0,264.0,338.3,0.9,269.0,87460.0,True,7,13,204
2011-07-23 14:00:00,11.42,80.15,299.0,9.25,292.0,332.5,1.03,270.0,87450.0,True,7,14,204
2011-07-23 15:00:00,10.96,80.1,280.0,23.58,265.0,333.25,1.03,284.0,87390.0,True,7,15,204
2011-07-23 16:00:00,10.74,80.05,396.0,439.3,181.0,321.85,1.31,288.0,87390.0,True,7,16,204
2011-07-23 17:00:00,10.11,82.95,118.0,12.25,114.0,317.75,1.03,275.0,87390.0,True,7,17,204
2011-07-23 18:00:00,9.4,85.95,20.0,0.0,20.0,324.55,0.76,238.0,87380.0,True,7,18,204
2011-07-23 19:00:00,7.93,99.4,0.0,-0.0,0.0,307.9,1.1,254.0,87340.0,True,7,19,204
2011-07-23 20:00:00,7.55,99.4,0.0,-0.0,0.0,329.0,1.03,239.0,87390.0,True,7,20,204
2011-07-23 21:00:00,7.23,99.4,0.0,-0.0,0.0,330.55,1.31,234.0,87390.0,True,7,21,204
2011-07-23 22:00:00,6.67,99.4,0.0,-0.0,0.0,319.9,1.31,227.0,87410.0,True,7,22,204
2011-07-23 23:00:00,6.41,95.8,0.0,-0.0,0.0,318.15,1.38,232.0,87420.0,True,7,23,204
2011-07-24 00:00:00,5.87,92.3,0.0,-0.0,0.0,302.65,1.38,243.0,87420.0,True,7,0,205
2011-07-24 01:00:00,5.47,92.3,0.0,-0.0,0.0,308.4,1.45,264.0,87410.0,True,7,1,205
2011-07-24 02:00:00,4.61,95.75,0.0,-0.0,0.0,294.95,1.1,259.0,87420.0,True,7,2,205
2011-07-24 03:00:00,4.13,95.75,0.0,-0.0,0.0,294.35,0.83,253.0,87400.0,True,7,3,205
2011-07-24 04:00:00,4.24,99.4,0.0,0.0,0.0,306.15,0.76,240.0,87420.0,True,7,4,205
2011-07-24 05:00:00,4.17,99.4,25.0,0.0,25.0,299.95,0.76,242.0,87440.0,True,7,5,205
2011-07-24 06:00:00,4.97,92.25,138.0,23.56,130.0,300.35,0.76,250.0,87480.0,True,7,6,205
2011-07-24 07:00:00,6.67,92.3,366.0,287.06,222.0,271.1,0.9,292.0,87520.0,True,7,7,205
2011-07-24 08:00:00,7.2,92.35,298.0,30.94,278.0,287.4,0.97,298.0,87550.0,True,7,8,205
2011-07-24 09:00:00,7.75,85.8,196.0,0.0,196.0,277.9,1.24,302.0,87560.0,True,7,9,205
2011-07-24 10:00:00,8.46,76.85,560.0,160.65,424.0,282.55,1.38,302.0,87570.0,True,7,10,205
2011-07-24 11:00:00,9.3,71.4,349.0,7.88,342.0,289.3,1.45,296.0,87560.0,True,7,11,205
2011-07-24 12:00:00,9.65,63.9,703.0,331.76,409.0,312.95,1.59,287.0,87540.0,True,7,12,205
2011-07-24 13:00:00,10.45,55.15,360.0,15.46,347.0,313.1,1.72,287.0,87520.0,True,7,13,205
2011-07-24 14:00:00,10.44,55.15,116.0,0.0,116.0,320.85,1.66,293.0,87500.0,True,7,14,205
2011-07-24 15:00:00,10.33,59.35,141.0,0.0,141.0,315.65,1.72,297.0,87530.0,True,7,15,205
2011-07-24 16:00:00,10.02,59.35,206.0,22.57,195.0,314.65,1.59,300.0,87520.0,True,7,16,205
2011-07-24 17:00:00,9.65,61.55,58.0,0.0,58.0,322.4,1.45,304.0,87520.0,True,7,17,205
2011-07-24 18:00:00,9.23,66.25,35.0,0.0,35.0,327.25,1.24,310.0,87520.0,True,7,18,205
2011-07-24 19:00:00,8.54,68.7,0.0,-0.0,0.0,310.6,0.76,303.0,87510.0,True,7,19,205
2011-07-24 20:00:00,8.46,66.15,0.0,-0.0,0.0,307.9,0.28,285.0,87540.0,True,7,20,205
2011-07-24 21:00:00,8.3,68.6,0.0,-0.0,0.0,304.4,0.28,205.0,87550.0,True,7,21,205
2011-07-24 22:00:00,7.97,71.25,0.0,-0.0,0.0,307.7,0.48,191.0,87520.0,True,7,22,205
2011-07-24 23:00:00,7.78,73.9,0.0,-0.0,0.0,308.3,0.48,190.0,87520.0,True,7,23,205
2011-07-25 00:00:00,7.51,73.9,0.0,-0.0,0.0,301.1,0.48,194.0,87490.0,True,7,0,206
2011-07-25 01:00:00,7.19,76.65,0.0,-0.0,0.0,291.95,0.55,192.0,87460.0,True,7,1,206
2011-07-25 02:00:00,6.47,82.55,0.0,-0.0,0.0,307.1,0.69,173.0,87420.0,True,7,2,206
2011-07-25 03:00:00,5.82,82.55,0.0,-0.0,0.0,297.65,0.76,161.0,87380.0,True,7,3,206
2011-07-25 04:00:00,5.4,85.65,0.0,0.0,0.0,299.95,0.9,150.0,87370.0,True,7,4,206
2011-07-25 05:00:00,5.45,88.9,78.0,71.25,66.0,296.65,0.83,144.0,87360.0,True,7,5,206
2011-07-25 06:00:00,7.21,89.0,269.0,453.96,116.0,288.75,0.41,145.0,87360.0,True,7,6,206
2011-07-25 07:00:00,8.67,71.35,149.0,0.0,149.0,292.6,0.48,172.0,87350.0,True,7,7,206
2011-07-25 08:00:00,9.8,66.35,254.0,10.86,247.0,287.95,0.28,226.0,87350.0,True,7,8,206
2011-07-25 09:00:00,11.14,57.4,289.0,6.56,284.0,291.65,0.55,291.0,87320.0,True,7,9,206
2011-07-25 10:00:00,12.39,49.7,376.0,20.12,359.0,286.6,0.83,304.0,87300.0,True,7,10,206
2011-07-25 11:00:00,13.88,44.75,745.0,408.34,383.0,298.2,1.1,297.0,87280.0,True,7,11,206
2011-07-25 12:00:00,13.97,44.75,537.0,107.4,442.0,297.25,1.59,298.0,87290.0,True,7,12,206
2011-07-25 13:00:00,14.14,48.25,428.0,45.3,390.0,301.9,1.72,302.0,87300.0,True,7,13,206
2011-07-25 14:00:00,14.14,52.0,333.0,21.25,317.0,310.4,1.72,303.0,87320.0,True,7,14,206
2011-07-25 15:00:00,13.9,53.95,350.0,80.67,299.0,306.75,1.59,308.0,87280.0,True,7,15,206
2011-07-25 16:00:00,12.65,66.95,93.0,0.0,93.0,306.55,1.03,314.0,87280.0,True,7,16,206
2011-07-25 17:00:00,12.21,69.35,149.0,49.72,133.0,293.0,0.62,306.0,87270.0,True,7,17,206
2011-07-25 18:00:00,11.89,71.95,51.0,13.06,49.0,292.2,0.21,286.0,87280.0,True,7,18,206
2011-07-25 19:00:00,11.13,74.45,0.0,-0.0,0.0,284.1,0.83,330.0,87270.0,True,7,19,206
2011-07-25 20:00:00,11.08,69.15,0.0,-0.0,0.0,292.2,0.34,4.0,87330.0,True,7,20,206
2011-07-25 21:00:00,10.64,71.7,0.0,-0.0,0.0,293.95,0.28,111.0,87360.0,True,7,21,206
2011-07-25 22:00:00,10.16,74.3,0.0,-0.0,0.0,291.85,0.48,136.0,87350.0,True,7,22,206
2011-07-25 23:00:00,9.48,77.0,0.0,-0.0,0.0,283.3,0.62,145.0,87360.0,True,7,23,206
2011-07-26 00:00:00,8.46,79.75,0.0,-0.0,0.0,284.5,0.76,148.0,87340.0,True,7,0,207
2011-07-26 01:00:00,7.54,85.8,0.0,-0.0,0.0,281.9,0.9,145.0,87320.0,True,7,1,207
2011-07-26 02:00:00,6.44,88.95,0.0,-0.0,0.0,288.75,1.03,139.0,87280.0,True,7,2,207
2011-07-26 03:00:00,5.33,88.9,0.0,-0.0,0.0,280.6,1.17,137.0,87270.0,True,7,3,207
2011-07-26 04:00:00,4.65,92.25,0.0,0.0,0.0,286.05,1.24,136.0,87280.0,True,7,4,207
2011-07-26 05:00:00,4.99,92.25,101.0,235.39,62.0,292.6,1.03,135.0,87320.0,True,7,5,207
2011-07-26 06:00:00,7.83,89.05,149.0,41.85,135.0,314.5,0.62,136.0,87320.0,True,7,6,207
2011-07-26 07:00:00,9.78,77.0,174.0,6.03,171.0,309.45,0.69,149.0,87390.0,True,7,7,207
2011-07-26 08:00:00,11.41,69.25,305.0,37.36,281.0,320.1,0.21,207.0,87430.0,True,7,8,207
2011-07-26 09:00:00,12.25,69.35,609.0,370.9,327.0,317.75,0.55,288.0,87470.0,True,7,9,207
2011-07-26 10:00:00,13.17,64.65,641.0,295.37,392.0,320.85,0.69,290.0,87480.0,True,7,10,207
2011-07-26 11:00:00,13.75,62.45,444.0,42.95,406.0,342.75,0.9,286.0,87510.0,True,7,11,207
2011-07-26 12:00:00,14.22,60.3,438.0,39.65,403.0,329.4,1.03,282.0,87520.0,True,7,12,207
2011-07-26 13:00:00,14.45,58.25,211.0,0.0,211.0,336.95,1.03,281.0,87540.0,True,7,13,207
2011-07-26 14:00:00,13.93,64.85,214.0,0.0,214.0,340.0,0.76,277.0,87570.0,True,7,14,207
2011-07-26 15:00:00,13.91,67.25,241.0,9.52,235.0,336.95,0.62,263.0,87590.0,True,7,15,207
2011-07-26 16:00:00,13.72,72.2,290.0,138.73,223.0,345.65,0.41,263.0,87620.0,True,7,16,207
2011-07-26 17:00:00,13.38,74.85,68.0,0.0,68.0,335.55,0.41,305.0,87610.0,True,7,17,207
2011-07-26 18:00:00,12.51,83.25,65.0,59.8,56.0,321.45,0.41,337.0,87630.0,True,7,18,207
2011-07-26 19:00:00,12.11,86.2,0.0,-0.0,0.0,339.05,0.14,58.0,87690.0,True,7,19,207
2011-07-26 20:00:00,11.33,89.3,0.0,-0.0,0.0,334.2,0.41,105.0,87720.0,True,7,20,207
2011-07-26 21:00:00,11.47,83.1,0.0,-0.0,0.0,321.05,0.48,96.0,87750.0,True,7,21,207
2011-07-26 22:00:00,11.07,86.1,0.0,-0.0,0.0,324.55,0.41,92.0,87760.0,True,7,22,207
2011-07-26 23:00:00,10.29,92.5,0.0,-0.0,0.0,332.1,0.55,82.0,87750.0,True,7,23,207
2011-07-27 00:00:00,9.73,92.45,0.0,-0.0,0.0,317.55,0.62,93.0,87750.0,True,7,0,208
2011-07-27 01:00:00,9.08,95.85,0.0,-0.0,0.0,317.9,0.62,104.0,87740.0,True,7,1,208
2011-07-27 02:00:00,8.64,95.85,0.0,-0.0,0.0,314.3,0.76,108.0,87710.0,True,7,2,208
2011-07-27 03:00:00,7.96,95.8,0.0,-0.0,0.0,313.1,0.83,116.0,87720.0,True,7,3,208
2011-07-27 04:00:00,7.63,99.4,0.0,-0.0,0.0,315.45,0.9,121.0,87740.0,True,7,4,208
2011-07-27 05:00:00,7.86,95.8,79.0,98.21,63.0,335.2,0.76,126.0,87770.0,True,7,5,208
2011-07-27 06:00:00,9.51,92.45,163.0,69.28,140.0,338.1,0.41,122.0,87790.0,True,7,6,208
2011-07-27 07:00:00,11.12,92.55,386.0,388.04,194.0,321.25,0.34,126.0,87850.0,True,7,7,208
2011-07-27 08:00:00,12.64,83.25,299.0,35.93,276.0,336.35,0.34,58.0,87880.0,True,7,8,208
2011-07-27 09:00:00,13.55,77.6,377.0,44.83,343.0,338.1,0.55,29.0,87880.0,True,7,9,208
2011-07-27 10:00:00,14.88,75.0,309.0,4.76,305.0,333.25,0.9,355.0,87880.0,True,7,10,208
2011-07-27 11:00:00,15.4,70.0,263.0,0.0,263.0,335.95,1.45,350.0,87880.0,True,7,11,208
2011-07-27 12:00:00,16.34,70.1,388.0,19.3,371.0,331.3,1.52,338.0,87880.0,True,7,12,208
2011-07-27 13:00:00,16.49,65.35,219.0,0.0,219.0,328.6,1.45,342.0,87820.0,True,7,13,208
2011-07-27 14:00:00,15.44,70.0,67.0,0.0,67.0,350.3,0.76,344.0,87810.0,True,7,14,208
2011-07-27 15:00:00,14.99,72.45,80.0,0.0,80.0,328.05,0.07,86.0,87850.0,True,7,15,208
2011-07-27 16:00:00,17.08,65.35,39.0,0.0,39.0,341.75,0.9,287.0,87880.0,True,7,16,208
2011-07-27 17:00:00,13.74,83.35,156.0,72.6,133.0,344.1,0.9,265.0,87940.0,True,7,17,208
2011-07-27 18:00:00,12.19,95.95,63.0,60.93,54.0,350.1,0.48,254.0,87940.0,True,7,18,208
2011-07-27 19:00:00,11.38,89.3,0.0,-0.0,0.0,345.85,0.55,232.0,87980.0,True,7,19,208
2011-07-27 20:00:00,10.62,95.9,0.0,-0.0,0.0,333.05,0.55,213.0,88000.0,True,7,20,208
2011-07-27 21:00:00,9.82,99.4,0.0,-0.0,0.0,329.95,0.55,195.0,88030.0,True,7,21,208
2011-07-27 22:00:00,9.07,99.4,0.0,-0.0,0.0,318.35,0.55,164.0,88020.0,True,7,22,208
2011-07-27 23:00:00,9.75,95.85,0.0,-0.0,0.0,318.35,0.41,159.0,88030.0,True,7,23,208
2011-07-28 00:00:00,9.4,95.85,0.0,-0.0,0.0,314.1,0.21,141.0,88010.0,True,7,0,209
2011-07-28 01:00:00,8.45,99.4,0.0,-0.0,0.0,328.5,0.34,137.0,88010.0,True,7,1,209
2011-07-28 02:00:00,7.67,100.0,0.0,-0.0,0.0,324.55,0.83,140.0,88000.0,True,7,2,209
2011-07-28 03:00:00,7.89,99.4,0.0,-0.0,0.0,335.55,0.76,153.0,87970.0,True,7,3,209
2011-07-28 04:00:00,8.32,100.0,0.0,-0.0,0.0,344.1,0.62,150.0,87980.0,True,7,4,209
2011-07-28 05:00:00,8.87,99.4,17.0,0.0,17.0,342.75,0.48,136.0,87990.0,True,7,5,209
2011-07-28 06:00:00,10.25,99.4,60.0,0.0,60.0,356.1,0.21,120.0,88010.0,True,7,6,209
2011-07-28 07:00:00,10.74,95.9,105.0,0.0,105.0,319.9,0.28,46.0,88020.0,True,7,7,209
2011-07-28 08:00:00,12.8,89.4,193.0,0.0,193.0,323.55,0.48,355.0,88030.0,True,7,8,209
2011-07-28 09:00:00,13.69,83.35,228.0,0.0,228.0,319.1,0.69,347.0,88030.0,True,7,9,209
2011-07-28 10:00:00,13.99,80.45,202.0,0.0,202.0,340.0,0.83,347.0,88030.0,True,7,10,209
2011-07-28 11:00:00,14.2,80.45,214.0,0.0,214.0,328.6,0.9,6.0,88000.0,True,7,11,209
2011-07-28 12:00:00,15.32,75.1,243.0,0.0,243.0,331.1,0.9,353.0,87980.0,True,7,12,209
2011-07-28 13:00:00,15.24,72.45,149.0,0.0,149.0,354.95,1.03,357.0,87960.0,True,7,13,209
2011-07-28 14:00:00,15.44,70.0,165.0,0.0,165.0,342.75,1.17,354.0,87950.0,True,7,14,209
2011-07-28 15:00:00,14.32,77.65,337.0,75.1,290.0,335.0,1.45,326.0,87970.0,True,7,15,209
2011-07-28 16:00:00,12.53,86.25,68.0,0.0,68.0,341.0,1.24,328.0,87940.0,True,7,16,209
2011-07-28 17:00:00,12.02,89.35,111.0,9.55,108.0,324.15,0.83,319.0,88020.0,True,7,17,209
2011-07-28 18:00:00,11.53,92.55,97.0,338.33,48.0,335.95,0.41,315.0,88010.0,True,7,18,209
2011-07-28 19:00:00,10.88,86.1,0.0,-0.0,0.0,331.3,0.55,16.0,88070.0,True,7,19,209
2011-07-28 20:00:00,10.66,89.25,0.0,-0.0,0.0,328.8,0.28,50.0,88110.0,True,7,20,209
2011-07-28 21:00:00,10.24,89.2,0.0,-0.0,0.0,324.55,0.28,66.0,88120.0,True,7,21,209
2011-07-28 22:00:00,8.7,95.85,0.0,-0.0,0.0,310.2,0.41,98.0,88100.0,True,7,22,209
2011-07-28 23:00:00,8.63,99.4,0.0,-0.0,0.0,325.5,0.48,108.0,88100.0,True,7,23,209
2011-07-29 00:00:00,8.53,99.4,0.0,-0.0,0.0,334.4,0.62,97.0,88080.0,True,7,0,210
2011-07-29 01:00:00,8.54,99.4,0.0,-0.0,0.0,329.1,0.55,100.0,88050.0,True,7,1,210
2011-07-29 02:00:00,8.23,99.4,0.0,-0.0,0.0,314.65,0.55,100.0,88030.0,True,7,2,210
2011-07-29 03:00:00,7.82,100.0,0.0,-0.0,0.0,321.65,0.62,87.0,88000.0,True,7,3,210
2011-07-29 04:00:00,7.6,99.4,0.0,-0.0,0.0,323.95,0.69,99.0,88000.0,True,7,4,210
2011-07-29 05:00:00,7.89,99.4,57.0,25.44,53.0,328.6,0.62,98.0,88020.0,True,7,5,210
2011-07-29 06:00:00,9.38,95.85,251.0,413.09,116.0,320.65,0.76,102.0,88040.0,True,7,6,210
2011-07-29 07:00:00,10.93,86.1,428.0,573.41,147.0,326.1,0.9,37.0,88060.0,True,7,7,210
2011-07-29 08:00:00,11.83,83.1,406.0,158.84,305.0,312.75,0.9,28.0,88060.0,True,7,8,210
2011-07-29 09:00:00,13.32,74.75,513.0,193.55,367.0,321.45,1.24,32.0,88050.0,True,7,9,210
2011-07-29 10:00:00,14.74,64.95,520.0,126.59,414.0,329.2,1.52,24.0,88050.0,True,7,10,210
2011-07-29 11:00:00,15.8,58.45,622.0,217.23,431.0,329.0,1.79,15.0,88030.0,True,7,11,210
2011-07-29 12:00:00,16.08,58.6,664.0,283.85,415.0,332.85,1.79,1.0,88030.0,True,7,12,210
2011-07-29 13:00:00,16.59,56.6,432.0,52.92,388.0,326.1,1.86,3.0,88010.0,True,7,13,210
2011-07-29 14:00:00,16.82,56.6,352.0,33.56,327.0,320.1,1.79,356.0,87990.0,True,7,14,210
2011-07-29 15:00:00,16.6,56.6,420.0,198.86,296.0,331.5,1.79,350.0,87980.0,True,7,15,210
2011-07-29 16:00:00,16.08,58.6,341.0,281.69,207.0,325.5,1.66,345.0,87990.0,True,7,16,210
2011-07-29 17:00:00,15.3,65.05,176.0,131.66,135.0,331.9,1.31,347.0,87980.0,True,7,17,210
2011-07-29 18:00:00,14.35,74.95,45.0,14.1,43.0,330.15,0.97,345.0,88000.0,True,7,18,210
2011-07-29 19:00:00,13.5,74.85,0.0,-0.0,0.0,315.45,1.38,357.0,87980.0,True,7,19,210
2011-07-29 20:00:00,12.67,83.25,0.0,-0.0,0.0,339.85,1.03,350.0,88000.0,True,7,20,210
2011-07-29 21:00:00,11.67,92.55,0.0,-0.0,0.0,333.25,0.76,346.0,88020.0,True,7,21,210
2011-07-29 22:00:00,11.5,89.3,0.0,-0.0,0.0,323.55,0.62,348.0,88010.0,True,7,22,210
2011-07-29 23:00:00,11.54,89.3,0.0,-0.0,0.0,308.5,0.48,15.0,88010.0,True,7,23,210
2011-07-30 00:00:00,11.09,92.55,0.0,-0.0,0.0,305.4,0.34,55.0,87950.0,True,7,0,211
2011-07-30 01:00:00,10.68,92.5,0.0,-0.0,0.0,309.55,0.34,107.0,87920.0,True,7,1,211
2011-07-30 02:00:00,9.88,95.9,0.0,-0.0,0.0,312.55,0.62,128.0,87860.0,True,7,2,211
2011-07-30 03:00:00,9.32,99.4,0.0,-0.0,0.0,324.35,0.69,128.0,87820.0,True,7,3,211
2011-07-30 04:00:00,9.14,95.85,0.0,-0.0,0.0,324.95,0.69,126.0,87820.0,True,7,4,211
2011-07-30 05:00:00,8.9,99.4,52.0,19.43,49.0,330.35,0.62,128.0,87830.0,True,7,5,211
2011-07-30 06:00:00,10.07,95.9,195.0,166.58,141.0,324.75,0.55,125.0,87840.0,True,7,6,211
2011-07-30 07:00:00,12.05,89.35,378.0,373.23,196.0,309.65,0.41,14.0,87850.0,True,7,7,211
2011-07-30 08:00:00,13.32,86.3,424.0,194.12,301.0,325.5,0.9,340.0,87860.0,True,7,8,211
2011-07-30 09:00:00,14.26,83.4,503.0,180.79,367.0,327.05,1.24,328.0,87860.0,True,7,9,211
2011-07-30 10:00:00,14.66,83.45,501.0,107.74,411.0,327.45,1.31,320.0,87870.0,True,7,10,211
2011-07-30 11:00:00,15.67,83.55,178.0,0.0,178.0,335.0,1.66,327.0,87900.0,True,7,11,211
2011-07-30 12:00:00,15.5,83.55,350.0,9.14,342.0,349.1,1.72,334.0,87890.0,True,7,12,211
2011-07-30 13:00:00,14.65,77.75,246.0,0.0,246.0,340.0,2.14,342.0,87880.0,True,7,13,211
2011-07-30 14:00:00,14.85,77.75,180.0,0.0,180.0,329.4,1.79,345.0,87900.0,True,7,14,211
2011-07-30 15:00:00,14.55,75.0,175.0,0.0,175.0,345.25,1.45,350.0,87880.0,True,7,15,211
2011-07-30 16:00:00,14.02,77.65,165.0,6.34,162.0,350.85,1.24,354.0,87860.0,True,7,16,211
2011-07-30 17:00:00,13.65,80.4,45.0,0.0,45.0,341.55,1.1,343.0,87840.0,True,7,17,211
2011-07-30 18:00:00,12.79,86.25,53.0,36.03,48.0,339.05,0.97,350.0,87830.0,True,7,18,211
2011-07-30 19:00:00,12.13,86.2,0.0,-0.0,0.0,328.2,0.9,358.0,87850.0,True,7,19,211
2011-07-30 20:00:00,11.36,89.3,0.0,-0.0,0.0,323.55,0.9,359.0,87870.0,True,7,20,211
2011-07-30 21:00:00,10.64,95.9,0.0,-0.0,0.0,329.55,0.9,357.0,87870.0,True,7,21,211
2011-07-30 22:00:00,9.97,95.9,0.0,-0.0,0.0,324.75,0.83,7.0,87860.0,True,7,22,211
2011-07-30 23:00:00,9.73,99.4,0.0,-0.0,0.0,336.75,0.83,15.0,87840.0,True,7,23,211
2011-07-31 00:00:00,9.41,99.4,0.0,-0.0,0.0,328.4,0.69,30.0,87810.0,True,7,0,212
2011-07-31 01:00:00,9.11,99.4,0.0,-0.0,0.0,333.35,0.76,45.0,87760.0,True,7,1,212
2011-07-31 02:00:00,8.85,99.4,0.0,-0.0,0.0,329.4,0.69,50.0,87720.0,True,7,2,212
2011-07-31 03:00:00,8.57,99.4,0.0,-0.0,0.0,327.65,0.69,48.0,87690.0,True,7,3,212
2011-07-31 04:00:00,8.54,99.4,0.0,-0.0,0.0,334.8,0.69,53.0,87690.0,True,7,4,212
2011-07-31 05:00:00,8.77,100.0,102.0,336.73,51.0,335.95,0.62,62.0,87690.0,True,7,5,212
2011-07-31 06:00:00,9.28,99.4,273.0,575.46,88.0,332.3,0.97,73.0,87700.0,True,7,6,212
2011-07-31 07:00:00,10.52,92.5,447.0,676.05,119.0,347.95,1.17,35.0,87700.0,True,7,7,212
2011-07-31 08:00:00,12.21,83.15,588.0,654.13,175.0,337.3,1.31,17.0,87730.0,True,7,8,212
2011-07-31 09:00:00,13.21,74.75,659.0,509.25,277.0,350.85,1.38,9.0,87740.0,True,7,9,212
2011-07-31 10:00:00,13.83,72.2,626.0,274.8,397.0,339.05,1.31,360.0,87770.0,True,7,10,212
2011-07-31 11:00:00,15.31,62.75,519.0,97.11,434.0,345.45,1.45,351.0,87750.0,True,7,11,212
2011-07-31 12:00:00,15.83,60.65,390.0,19.47,373.0,335.2,1.52,350.0,87740.0,True,7,12,212
2011-07-31 13:00:00,16.12,58.6,406.0,37.48,375.0,333.85,1.59,352.0,87720.0,True,7,13,212
2011-07-31 14:00:00,16.24,60.75,353.0,33.77,328.0,341.2,1.72,354.0,87710.0,True,7,14,212
2011-07-31 15:00:00,15.66,62.85,280.0,27.48,263.0,355.7,1.72,360.0,87680.0,True,7,15,212
2011-07-31 16:00:00,13.76,73.89,269.0,108.42,218.0,324.1,1.3,2.0,87680.0,True,7,16,212
2011-07-31 17:00:00,13.57,75.43,202.0,235.58,130.0,325.6,1.26,7.0,87700.0,True,7,17,212
2011-07-31 18:00:00,13.37,76.97,68.0,117.98,52.0,327.1,1.22,6.0,87710.0,True,7,18,212
2011-07-31 19:00:00,13.18,78.51,0.0,-0.0,0.0,328.59,1.17,6.0,87720.0,True,7,19,212
2011-07-31 20:00:00,12.99,80.05,0.0,-0.0,0.0,330.09,1.13,21.0,87740.0,True,7,20,212
2011-07-31 21:00:00,12.8,81.59,0.0,-0.0,0.0,331.59,1.08,23.0,87750.0,True,7,21,212
2011-07-31 22:00:00,12.61,83.13,0.0,-0.0,0.0,333.09,1.04,30.0,87740.0,True,7,22,212
2011-07-31 23:00:00,12.42,84.66,0.0,-0.0,0.0,334.59,1.0,34.0,87730.0,True,7,23,212
2015-08-01 00:00:00,12.22,86.2,0.0,-0.0,0.0,336.09,0.95,158.0,87620.0,True,8,0,213
2015-08-01 01:00:00,12.03,87.74,0.0,-0.0,0.0,337.59,0.91,158.0,87630.0,True,8,1,213
2015-08-01 02:00:00,11.84,89.28,0.0,-0.0,0.0,339.08,0.86,146.0,87620.0,True,8,2,213
2015-08-01 03:00:00,11.65,90.82,0.0,-0.0,0.0,340.58,0.82,143.0,87570.0,True,8,3,213
2015-08-01 04:00:00,11.46,92.36,0.0,-0.0,0.0,342.08,0.78,151.0,87570.0,True,8,4,213
2015-08-01 05:00:00,11.26,93.9,21.0,0.0,21.0,343.58,0.73,188.0,87610.0,True,8,5,213
2015-08-01 06:00:00,11.07,95.44,39.0,0.0,39.0,345.08,0.69,274.0,87660.0,True,8,6,213
2015-08-01 07:00:00,10.88,96.98,81.0,0.0,81.0,346.58,0.65,79.0,87720.0,True,8,7,213
2015-08-01 08:00:00,13.33,95.95,165.0,0.0,165.0,358.0,0.48,40.0,87720.0,True,8,8,213
2015-08-01 09:00:00,13.57,95.95,410.0,77.54,352.0,360.75,0.9,2.0,87740.0,True,8,9,213
2015-08-01 10:00:00,14.09,89.45,434.0,57.74,386.0,361.1,1.1,8.0,87770.0,True,8,10,213
2015-08-01 11:00:00,14.42,86.4,257.0,0.0,257.0,362.1,1.17,1.0,87750.0,True,8,11,213
2015-08-01 12:00:00,15.1,80.55,176.0,0.0,176.0,355.3,1.03,355.0,87760.0,True,8,12,213
2015-08-01 13:00:00,15.72,77.8,138.0,0.0,138.0,359.95,0.9,340.0,87780.0,True,8,13,213
2015-08-01 14:00:00,15.62,77.8,95.0,0.0,95.0,359.2,0.97,336.0,87750.0,True,8,14,213
2015-08-01 15:00:00,15.84,77.85,84.0,0.0,84.0,363.85,0.83,339.0,87820.0,True,8,15,213
2015-08-01 16:00:00,15.49,80.6,38.0,0.0,38.0,368.1,0.76,347.0,87820.0,True,8,16,213
2015-08-01 17:00:00,14.89,83.45,116.0,19.83,110.0,365.75,0.69,357.0,87850.0,True,8,17,213
2015-08-01 18:00:00,14.49,89.5,25.0,0.0,25.0,366.95,0.69,5.0,87870.0,True,8,18,213
2015-08-01 19:00:00,12.71,92.6,0.0,-0.0,0.0,362.1,0.48,357.0,87890.0,True,8,19,213
2015-08-01 20:00:00,12.58,92.6,0.0,-0.0,0.0,369.45,0.55,327.0,87960.0,True,8,20,213
2015-08-01 21:00:00,12.21,95.95,0.0,-0.0,0.0,366.75,0.34,332.0,88020.0,True,8,21,213
2015-08-01 22:00:00,12.17,99.4,0.0,-0.0,0.0,363.85,0.34,72.0,88000.0,True,8,22,213
2015-08-01 23:00:00,12.3,95.95,0.0,-0.0,0.0,368.65,0.34,78.0,88020.0,True,8,23,213
2015-08-02 00:00:00,11.6,99.4,0.0,-0.0,0.0,337.3,0.48,78.0,88000.0,True,8,0,214
2015-08-02 01:00:00,11.07,99.35,0.0,-0.0,0.0,344.4,0.69,92.0,88020.0,True,8,1,214
2015-08-02 02:00:00,10.64,99.4,0.0,-0.0,0.0,337.1,0.69,94.0,88000.0,True,8,2,214
2015-08-02 03:00:00,10.75,95.9,0.0,-0.0,0.0,349.5,0.69,87.0,88010.0,True,8,3,214
2015-08-02 04:00:00,10.59,99.4,0.0,-0.0,0.0,347.0,0.76,86.0,88010.0,True,8,4,214
2015-08-02 05:00:00,10.54,99.4,94.0,309.25,49.0,338.65,0.83,97.0,88040.0,True,8,5,214
2015-08-02 06:00:00,11.99,95.95,238.0,395.54,113.0,333.45,0.83,83.0,88070.0,True,8,6,214
2015-08-02 07:00:00,12.79,86.3,368.0,366.55,192.0,323.95,1.03,58.0,88110.0,True,8,7,214
2015-08-02 08:00:00,14.25,80.45,521.0,457.93,234.0,335.2,1.24,47.0,88120.0,True,8,8,214
2015-08-02 09:00:00,15.69,72.45,507.0,197.11,360.0,342.95,1.52,56.0,88140.0,True,8,9,214
2015-08-02 10:00:00,17.3,60.95,738.0,539.12,291.0,348.95,1.79,57.0,88130.0,True,8,10,214
2015-08-02 11:00:00,19.43,53.25,458.0,56.25,409.0,343.1,1.79,43.0,88070.0,True,8,11,214
2015-08-02 12:00:00,20.78,48.05,541.0,127.74,430.0,346.0,1.86,25.0,88050.0,True,8,12,214
2015-08-02 13:00:00,20.96,46.5,472.0,89.94,398.0,331.5,2.07,4.0,88050.0,True,8,13,214
2015-08-02 14:00:00,20.82,49.95,284.0,8.16,278.0,332.65,2.14,4.0,88040.0,True,8,14,214
2015-08-02 15:00:00,20.33,53.5,363.0,117.36,291.0,333.45,2.07,16.0,88070.0,True,8,15,214
2015-08-02 16:00:00,19.98,55.3,420.0,660.56,113.0,327.05,1.72,33.0,88050.0,True,8,16,214
2015-08-02 17:00:00,19.37,59.25,251.0,570.96,80.0,329.95,1.17,32.0,88040.0,True,8,17,214
2015-08-02 18:00:00,18.49,68.05,82.0,302.35,43.0,322.05,0.76,1.0,88070.0,True,8,18,214
2015-08-02 19:00:00,17.05,80.8,0.0,-0.0,0.0,322.4,0.69,8.0,88040.0,True,8,19,214
2015-08-02 20:00:00,16.66,77.95,0.0,-0.0,0.0,322.2,0.34,12.0,88080.0,True,8,20,214
2015-08-02 21:00:00,16.19,80.65,0.0,-0.0,0.0,321.25,0.41,114.0,88100.0,True,8,21,214
2015-08-02 22:00:00,14.64,89.5,0.0,-0.0,0.0,319.5,0.9,131.0,88090.0,True,8,22,214
2015-08-02 23:00:00,13.63,92.65,0.0,-0.0,0.0,312.15,0.97,141.0,88090.0,True,8,23,214
2015-08-03 00:00:00,12.69,92.6,0.0,-0.0,0.0,308.85,1.1,149.0,88070.0,True,8,0,215
2015-08-03 01:00:00,11.69,95.9,0.0,-0.0,0.0,306.85,1.31,147.0,88090.0,True,8,1,215
2015-08-03 02:00:00,11.19,95.9,0.0,-0.0,0.0,306.15,1.45,145.0,88070.0,True,8,2,215
2015-08-03 03:00:00,10.74,92.55,0.0,-0.0,0.0,300.55,1.45,146.0,88070.0,True,8,3,215
2015-08-03 04:00:00,10.41,92.5,0.0,-0.0,0.0,298.2,1.45,147.0,88070.0,True,8,4,215
2015-08-03 05:00:00,10.73,92.55,101.0,400.02,44.0,305.95,1.45,145.0,88090.0,True,8,5,215
2015-08-03 06:00:00,12.8,89.4,270.0,609.75,79.0,300.75,1.03,149.0,88130.0,True,8,6,215
2015-08-03 07:00:00,16.11,83.55,446.0,716.08,104.0,332.3,0.9,150.0,88180.0,True,8,7,215
2015-08-03 08:00:00,19.19,70.55,611.0,784.81,121.0,319.5,0.48,183.0,88200.0,True,8,8,215
2015-08-03 09:00:00,20.81,57.55,754.0,845.98,125.0,320.5,0.62,254.0,88220.0,True,8,9,215
2015-08-03 10:00:00,22.03,50.2,858.0,887.59,124.0,322.6,1.03,278.0,88230.0,True,8,10,215
2015-08-03 11:00:00,22.99,45.35,914.0,914.84,119.0,324.95,1.45,290.0,88220.0,True,8,11,215
2015-08-03 12:00:00,23.61,43.9,907.0,902.2,125.0,329.2,1.52,298.0,88220.0,True,8,12,215
2015-08-03 13:00:00,23.95,43.9,837.0,850.79,139.0,334.0,1.38,301.0,88210.0,True,8,13,215
2015-08-03 14:00:00,24.23,43.9,746.0,853.9,120.0,336.15,1.31,305.0,88180.0,True,8,14,215
2015-08-03 15:00:00,24.15,43.9,606.0,812.06,110.0,335.4,1.17,305.0,88170.0,True,8,15,215
2015-08-03 16:00:00,23.88,43.9,432.0,718.93,100.0,331.1,0.97,306.0,88160.0,True,8,16,215
2015-08-03 17:00:00,23.27,48.7,254.0,597.39,77.0,332.1,0.69,301.0,88130.0,True,8,17,215
2015-08-03 18:00:00,22.08,55.8,78.0,270.84,44.0,327.25,0.07,160.0,88130.0,True,8,18,215
2015-08-03 19:00:00,20.69,68.4,0.0,-0.0,0.0,324.35,0.62,94.0,88010.0,True,8,19,215
2015-08-03 20:00:00,18.64,75.55,0.0,-0.0,0.0,316.05,0.9,123.0,88020.0,True,8,20,215
2015-08-03 21:00:00,17.33,78.1,0.0,-0.0,0.0,317.2,1.1,134.0,88030.0,True,8,21,215
2015-08-03 22:00:00,15.97,83.55,0.0,-0.0,0.0,314.5,1.24,142.0,88010.0,True,8,22,215
2015-08-03 23:00:00,14.59,86.4,0.0,-0.0,0.0,313.7,1.45,144.0,87970.0,True,8,23,215
2015-08-04 00:00:00,13.74,86.35,0.0,-0.0,0.0,312.95,1.52,143.0,87930.0,True,8,0,216
2015-08-04 01:00:00,13.31,89.4,0.0,-0.0,0.0,313.05,1.59,143.0,87970.0,True,8,1,216
2015-08-04 02:00:00,13.31,86.3,0.0,-0.0,0.0,320.1,1.66,142.0,87950.0,True,8,2,216
2015-08-04 03:00:00,13.23,86.3,0.0,-0.0,0.0,324.75,1.66,142.0,87910.0,True,8,3,216
2015-08-04 04:00:00,12.99,83.25,0.0,-0.0,0.0,327.25,1.66,146.0,87890.0,True,8,4,216
2015-08-04 05:00:00,13.1,86.3,26.0,0.0,26.0,338.3,1.59,151.0,87890.0,True,8,5,216
2015-08-04 06:00:00,14.82,83.45,125.0,25.77,117.0,348.55,1.1,161.0,87900.0,True,8,6,216
2015-08-04 07:00:00,18.11,78.15,93.0,0.0,93.0,349.1,0.76,213.0,88020.0,True,8,7,216
2015-08-04 08:00:00,19.9,65.95,99.0,0.0,99.0,357.05,1.66,272.0,88040.0,True,8,8,216
2015-08-04 09:00:00,19.78,63.7,86.0,0.0,86.0,362.65,1.72,285.0,88050.0,True,8,9,216
2015-08-04 10:00:00,19.56,68.2,219.0,0.0,219.0,362.5,1.93,289.0,88090.0,True,8,10,216
2015-08-04 11:00:00,18.06,78.15,132.0,0.0,132.0,367.5,1.52,284.0,88100.0,True,8,11,216
2015-08-04 12:00:00,18.25,78.15,396.0,26.61,373.0,365.95,0.48,279.0,88120.0,True,8,12,216
2015-08-04 13:00:00,19.01,75.65,303.0,4.89,299.0,364.6,0.62,271.0,88100.0,True,8,13,216
2015-08-04 14:00:00,19.5,73.15,693.0,706.34,177.0,370.8,1.1,293.0,88100.0,True,8,14,216
2015-08-04 15:00:00,19.8,68.3,510.0,478.63,219.0,368.5,1.31,303.0,88080.0,True,8,15,216
2015-08-04 16:00:00,18.36,78.25,127.0,0.0,127.0,375.65,1.1,305.0,88110.0,True,8,16,216
2015-08-04 17:00:00,17.35,80.85,103.0,13.65,99.0,376.4,1.03,309.0,88150.0,True,8,17,216
2015-08-04 18:00:00,16.65,86.55,28.0,0.0,28.0,362.65,0.69,328.0,88170.0,True,8,18,216
2015-08-04 19:00:00,15.79,92.75,0.0,-0.0,0.0,371.0,0.34,77.0,88160.0,True,8,19,216
2015-08-04 20:00:00,15.45,96.0,0.0,-0.0,0.0,365.0,0.28,62.0,88190.0,True,8,20,216
2015-08-04 21:00:00,14.54,99.35,0.0,-0.0,0.0,365.0,0.41,77.0,88210.0,True,8,21,216
2015-08-04 22:00:00,14.01,99.4,0.0,-0.0,0.0,359.75,0.62,85.0,88190.0,True,8,22,216
2015-08-04 23:00:00,13.42,99.4,0.0,-0.0,0.0,350.5,0.69,84.0,88160.0,True,8,23,216
2015-08-05 00:00:00,13.14,99.4,0.0,-0.0,0.0,354.95,0.69,83.0,88120.0,True,8,0,217
2015-08-05 01:00:00,12.72,95.95,0.0,-0.0,0.0,349.25,0.83,98.0,88100.0,True,8,1,217
2015-08-05 02:00:00,12.16,99.4,0.0,-0.0,0.0,349.7,0.97,113.0,88070.0,True,8,2,217
2015-08-05 03:00:00,11.74,95.95,0.0,-0.0,0.0,349.7,0.97,118.0,88020.0,True,8,3,217
2015-08-05 04:00:00,11.08,99.35,0.0,-0.0,0.0,344.3,0.9,122.0,87980.0,True,8,4,217
2015-08-05 05:00:00,10.77,95.9,0.0,0.0,0.0,335.4,1.03,121.0,88000.0,True,8,5,217
2015-08-05 06:00:00,12.13,99.4,258.0,568.93,83.0,331.9,0.83,118.0,88030.0,True,8,6,217
2015-08-05 07:00:00,14.74,96.0,435.0,696.46,106.0,353.75,0.48,90.0,88080.0,True,8,7,217
2015-08-05 08:00:00,16.99,86.6,601.0,774.82,121.0,358.0,0.69,60.0,88140.0,True,8,8,217
2015-08-05 09:00:00,18.91,75.65,744.0,836.36,126.0,335.2,0.69,52.0,88100.0,True,8,9,217
2015-08-05 10:00:00,21.32,59.7,830.0,832.85,145.0,331.9,0.62,40.0,88070.0,True,8,10,217
2015-08-05 11:00:00,22.98,52.25,879.0,846.72,147.0,327.45,0.76,0.0,88030.0,True,8,11,217
2015-08-05 12:00:00,24.03,52.35,901.0,904.72,121.0,334.6,1.24,332.0,87980.0,True,8,12,217
2015-08-05 13:00:00,24.4,54.35,844.0,888.99,119.0,340.2,1.66,321.0,87980.0,True,8,13,217
2015-08-05 14:00:00,24.02,56.15,682.0,663.59,199.0,357.85,1.66,317.0,87970.0,True,8,14,217
2015-08-05 15:00:00,23.78,58.1,576.0,737.07,130.0,351.05,1.52,312.0,87980.0,True,8,15,217
2015-08-05 16:00:00,23.41,56.15,418.0,686.98,105.0,358.6,1.17,297.0,88010.0,True,8,16,217
2015-08-05 17:00:00,22.76,62.05,242.0,562.85,79.0,355.5,0.76,291.0,88010.0,True,8,17,217
2015-08-05 18:00:00,21.87,64.1,69.0,228.13,42.0,361.7,0.21,174.0,88050.0,True,8,18,217
2015-08-05 19:00:00,21.56,66.25,0.0,-0.0,0.0,358.8,0.41,113.0,88010.0,True,8,19,217
2015-08-05 20:00:00,19.17,81.05,0.0,-0.0,0.0,351.45,1.1,134.0,88060.0,True,8,20,217
2015-08-05 21:00:00,17.56,86.65,0.0,-0.0,0.0,350.65,1.31,138.0,88090.0,True,8,21,217
2015-08-05 22:00:00,16.63,89.65,0.0,-0.0,0.0,350.3,1.45,138.0,88120.0,True,8,22,217
2015-08-05 23:00:00,15.76,89.6,0.0,-0.0,0.0,341.95,1.52,137.0,88100.0,True,8,23,217
2015-08-06 00:00:00,15.12,96.0,0.0,-0.0,0.0,344.5,1.52,139.0,88120.0,True,8,0,218
2015-08-06 01:00:00,14.59,96.0,0.0,-0.0,0.0,339.75,1.52,140.0,88110.0,True,8,1,218
2015-08-06 02:00:00,14.11,95.95,0.0,-0.0,0.0,333.05,1.52,141.0,88090.0,True,8,2,218
2015-08-06 03:00:00,13.76,92.65,0.0,-0.0,0.0,333.45,1.52,141.0,88080.0,True,8,3,218
2015-08-06 04:00:00,13.62,95.95,0.0,-0.0,0.0,338.65,1.52,140.0,88070.0,True,8,4,218
2015-08-06 05:00:00,13.68,95.95,48.0,0.0,48.0,341.0,1.45,140.0,88080.0,True,8,5,218
2015-08-06 06:00:00,15.15,96.0,251.0,548.04,84.0,356.65,0.97,144.0,88100.0,True,8,6,218
2015-08-06 07:00:00,18.67,81.0,416.0,621.63,124.0,368.45,0.9,148.0,88190.0,True,8,7,218
2015-08-06 08:00:00,21.65,68.6,589.0,748.76,127.0,359.0,0.62,165.0,88210.0,True,8,8,218
2015-08-06 09:00:00,23.34,54.2,698.0,697.85,184.0,356.85,0.34,212.0,88220.0,True,8,9,218
2015-08-06 10:00:00,24.48,48.95,736.0,559.64,277.0,366.55,0.55,281.0,88230.0,True,8,10,218
2015-08-06 11:00:00,25.02,47.4,729.0,445.38,345.0,364.6,0.62,321.0,88200.0,True,8,11,218
2015-08-06 12:00:00,25.28,47.4,649.0,287.3,402.0,362.1,0.76,0.0,88200.0,True,8,12,218
2015-08-06 13:00:00,25.51,44.3,465.0,88.56,393.0,365.55,0.97,17.0,88170.0,True,8,13,218
2015-08-06 14:00:00,25.63,44.3,559.0,328.22,321.0,371.2,1.1,17.0,88160.0,True,8,14,218
2015-08-06 15:00:00,25.86,42.9,519.0,524.8,203.0,354.95,1.1,17.0,88150.0,True,8,15,218
2015-08-06 16:00:00,25.58,44.3,356.0,411.15,170.0,373.3,1.03,22.0,88130.0,True,8,16,218
2015-08-06 17:00:00,24.52,54.35,196.0,286.6,114.0,363.25,0.62,41.0,88130.0,True,8,17,218
2015-08-06 18:00:00,23.34,60.15,57.0,130.86,42.0,374.1,0.69,71.0,88130.0,True,8,18,218
2015-08-06 19:00:00,21.6,73.45,0.0,-0.0,0.0,363.65,0.9,97.0,88090.0,True,8,19,218
2015-08-06 20:00:00,20.37,75.85,0.0,-0.0,0.0,358.4,1.1,105.0,88090.0,True,8,20,218
2015-08-06 21:00:00,19.23,81.05,0.0,-0.0,0.0,353.2,1.1,112.0,88090.0,True,8,21,218
2015-08-06 22:00:00,18.54,81.0,0.0,-0.0,0.0,353.55,1.17,128.0,88090.0,True,8,22,218
2015-08-06 23:00:00,17.7,86.65,0.0,-0.0,0.0,344.65,1.31,143.0,88080.0,True,8,23,218
2015-08-07 00:00:00,16.79,86.6,0.0,-0.0,0.0,344.85,1.45,148.0,88090.0,True,8,0,219
2015-08-07 01:00:00,16.23,89.6,0.0,-0.0,0.0,350.6,1.52,146.0,88090.0,True,8,1,219
2015-08-07 02:00:00,15.76,86.5,0.0,-0.0,0.0,353.4,1.52,144.0,88050.0,True,8,2,219
2015-08-07 03:00:00,15.15,89.5,0.0,-0.0,0.0,339.85,1.52,143.0,88030.0,True,8,3,219
2015-08-07 04:00:00,14.83,89.5,0.0,-0.0,0.0,347.0,1.52,143.0,88010.0,True,8,4,219
2015-08-07 05:00:00,14.43,89.5,48.0,0.0,48.0,351.25,1.38,143.0,88020.0,True,8,5,219
2015-08-07 06:00:00,16.06,89.6,248.0,540.04,85.0,357.45,1.03,144.0,88060.0,True,8,6,219
2015-08-07 07:00:00,19.91,73.2,425.0,674.45,110.0,348.15,0.83,145.0,88150.0,True,8,7,219
2015-08-07 08:00:00,22.82,60.05,593.0,763.22,124.0,356.85,0.55,149.0,88170.0,True,8,8,219
2015-08-07 09:00:00,24.9,50.8,739.0,834.99,126.0,350.5,0.14,188.0,88190.0,True,8,9,219
2015-08-07 10:00:00,25.97,46.0,829.0,843.72,139.0,353.95,0.41,318.0,88190.0,True,8,10,219
2015-08-07 11:00:00,26.91,41.65,879.0,857.17,142.0,353.55,0.76,324.0,88180.0,True,8,11,219
2015-08-07 12:00:00,27.38,40.35,862.0,815.38,163.0,366.35,0.83,333.0,88180.0,True,8,12,219
2015-08-07 13:00:00,27.56,38.95,799.0,771.26,174.0,360.15,0.83,349.0,88140.0,True,8,13,219
2015-08-07 14:00:00,27.73,38.95,593.0,412.57,295.0,361.7,0.69,17.0,88140.0,True,8,14,219
2015-08-07 15:00:00,27.75,38.95,570.0,734.47,130.0,358.8,0.69,12.0,88130.0,True,8,15,219
2015-08-07 16:00:00,27.36,38.95,402.0,643.54,113.0,360.15,0.62,343.0,88130.0,True,8,16,219
2015-08-07 17:00:00,25.84,46.0,229.0,516.74,83.0,369.65,0.41,312.0,88150.0,True,8,17,219
2015-08-07 18:00:00,24.08,60.15,36.0,0.0,36.0,356.1,0.83,138.0,88190.0,True,8,18,219
2015-08-07 19:00:00,24.45,52.5,0.0,-0.0,0.0,340.6,0.28,115.0,88150.0,True,8,19,219
2015-08-07 20:00:00,21.89,64.1,0.0,-0.0,0.0,336.35,0.76,146.0,88200.0,True,8,20,219
2015-08-07 21:00:00,20.89,68.5,0.0,-0.0,0.0,337.9,1.1,141.0,88220.0,True,8,21,219
2015-08-07 22:00:00,19.24,78.3,0.0,-0.0,0.0,344.5,1.45,141.0,88200.0,True,8,22,219
2015-08-07 23:00:00,18.09,80.9,0.0,-0.0,0.0,339.65,1.52,146.0,88200.0,True,8,23,219
2015-08-08 00:00:00,16.97,83.65,0.0,-0.0,0.0,329.2,1.45,151.0,88160.0,True,8,0,220
2015-08-08 01:00:00,16.47,83.6,0.0,-0.0,0.0,329.3,1.38,156.0,88170.0,True,8,1,220
2015-08-08 02:00:00,16.27,77.95,0.0,-0.0,0.0,324.35,1.24,165.0,88170.0,True,8,2,220
2015-08-08 03:00:00,16.21,80.65,0.0,-0.0,0.0,327.25,1.17,168.0,88190.0,True,8,3,220
2015-08-08 04:00:00,15.83,77.85,0.0,-0.0,0.0,322.4,1.17,164.0,88210.0,True,8,4,220
2015-08-08 05:00:00,15.62,80.6,44.0,0.0,44.0,322.05,1.03,162.0,88260.0,True,8,5,220
2015-08-08 06:00:00,17.11,80.8,240.0,511.88,87.0,323.75,0.62,168.0,88310.0,True,8,6,220
2015-08-08 07:00:00,20.61,68.4,414.0,646.08,114.0,325.5,0.55,136.0,88290.0,True,8,7,220
2015-08-08 08:00:00,23.11,52.25,576.0,725.54,132.0,330.35,0.28,357.0,88280.0,True,8,8,220
2015-08-08 09:00:00,24.45,47.25,712.0,774.91,145.0,338.3,1.38,331.0,88340.0,True,8,9,220
2015-08-08 10:00:00,24.76,48.95,748.0,614.42,247.0,360.75,1.86,329.0,88390.0,True,8,10,220
2015-08-08 11:00:00,22.94,54.1,816.0,690.48,224.0,367.5,1.59,320.0,88430.0,True,8,11,220
2015-08-08 12:00:00,22.88,56.0,840.0,772.17,180.0,370.0,0.97,347.0,88420.0,True,8,12,220
2015-08-08 13:00:00,23.53,54.2,813.0,839.45,135.0,372.35,1.31,29.0,88350.0,True,8,13,220
2015-08-08 14:00:00,24.32,52.35,714.0,817.34,126.0,356.5,1.79,34.0,88290.0,True,8,14,220
2015-08-08 15:00:00,24.67,48.95,566.0,741.69,124.0,358.0,1.93,27.0,88250.0,True,8,15,220
2015-08-08 16:00:00,24.5,47.25,290.0,204.18,199.0,352.2,2.07,24.0,88220.0,True,8,16,220
2015-08-08 17:00:00,23.49,52.35,46.0,0.0,46.0,356.3,1.59,11.0,88190.0,True,8,17,220
2015-08-08 18:00:00,22.5,57.9,9.0,0.0,9.0,357.65,1.38,3.0,88200.0,True,8,18,220
2015-08-08 19:00:00,18.77,78.3,0.0,-0.0,0.0,378.15,0.48,300.0,88280.0,True,8,19,220
2015-08-08 20:00:00,17.71,86.65,0.0,-0.0,0.0,362.65,0.83,102.0,88300.0,True,8,20,220
2015-08-08 21:00:00,17.24,89.65,0.0,-0.0,0.0,366.55,0.9,95.0,88230.0,True,8,21,220
2015-08-08 22:00:00,16.58,92.8,0.0,-0.0,0.0,358.8,0.83,87.0,88150.0,True,8,22,220
2015-08-08 23:00:00,15.87,96.0,0.0,-0.0,0.0,349.3,0.9,86.0,88110.0,True,8,23,220
2015-08-09 00:00:00,15.14,99.4,0.0,-0.0,0.0,345.05,0.97,85.0,88050.0,True,8,0,221
2015-08-09 01:00:00,15.07,96.0,0.0,-0.0,0.0,341.7,0.83,98.0,88030.0,True,8,1,221
2015-08-09 02:00:00,14.98,96.0,0.0,-0.0,0.0,341.0,0.83,132.0,88010.0,True,8,2,221
2015-08-09 03:00:00,14.72,96.0,0.0,-0.0,0.0,344.65,0.83,160.0,87990.0,True,8,3,221
2015-08-09 04:00:00,14.63,96.0,0.0,-0.0,0.0,345.05,0.76,172.0,87960.0,True,8,4,221
2015-08-09 05:00:00,14.84,92.7,11.0,0.0,11.0,348.55,0.69,183.0,87980.0,True,8,5,221
2015-08-09 06:00:00,15.33,96.0,24.0,0.0,24.0,354.95,0.34,166.0,88010.0,True,8,6,221
2015-08-09 07:00:00,17.51,89.7,58.0,0.0,58.0,367.1,0.55,329.0,88090.0,True,8,7,221
2015-08-09 08:00:00,18.39,83.8,133.0,0.0,133.0,365.0,0.9,330.0,88080.0,True,8,8,221
2015-08-09 09:00:00,19.3,78.35,75.0,0.0,75.0,381.65,1.17,335.0,88080.0,True,8,9,221
2015-08-09 10:00:00,19.77,78.35,162.0,0.0,162.0,380.85,1.24,339.0,88090.0,True,8,10,221
2015-08-09 11:00:00,20.08,75.75,170.0,0.0,170.0,382.8,1.52,330.0,88090.0,True,8,11,221
2015-08-09 12:00:00,18.54,81.0,167.0,0.0,167.0,388.6,0.97,323.0,88080.0,True,8,12,221
2015-08-09 13:00:00,18.21,86.7,105.0,0.0,105.0,388.8,0.83,330.0,88090.0,True,8,13,221
2015-08-09 14:00:00,18.02,89.75,105.0,0.0,105.0,385.3,0.62,335.0,88050.0,True,8,14,221
2015-08-09 15:00:00,17.98,89.75,96.0,0.0,96.0,378.35,0.83,347.0,88020.0,True,8,15,221
2015-08-09 16:00:00,18.34,86.75,61.0,0.0,61.0,382.2,1.03,348.0,88010.0,True,8,16,221
2015-08-09 17:00:00,17.26,89.7,51.0,0.0,51.0,379.5,0.76,4.0,88000.0,True,8,17,221
2015-08-09 18:00:00,16.56,96.05,36.0,0.0,36.0,380.3,0.28,27.0,88000.0,True,8,18,221
2015-08-09 19:00:00,15.84,96.0,0.0,-0.0,0.0,378.15,0.34,312.0,88030.0,True,8,19,221
2015-08-09 20:00:00,15.44,99.4,0.0,-0.0,0.0,371.0,0.97,315.0,88060.0,True,8,20,221
2015-08-09 21:00:00,15.19,100.0,0.0,-0.0,0.0,375.05,0.76,323.0,88090.0,True,8,21,221
2015-08-09 22:00:00,15.01,100.0,0.0,-0.0,0.0,380.85,0.62,325.0,88090.0,True,8,22,221
2015-08-09 23:00:00,14.97,100.0,0.0,-0.0,0.0,383.55,0.83,331.0,88090.0,True,8,23,221
2015-08-10 00:00:00,14.83,99.4,0.0,-0.0,0.0,382.8,0.83,335.0,88040.0,True,8,0,222
2015-08-10 01:00:00,14.64,100.0,0.0,-0.0,0.0,380.8,0.48,352.0,88020.0,True,8,1,222
2015-08-10 02:00:00,14.58,100.0,0.0,-0.0,0.0,380.65,0.48,5.0,87980.0,True,8,2,222
2015-08-10 03:00:00,14.55,100.0,0.0,-0.0,0.0,380.45,0.55,10.0,87890.0,True,8,3,222
2015-08-10 04:00:00,14.37,99.35,0.0,-0.0,0.0,376.8,0.69,13.0,87850.0,True,8,4,222
2015-08-10 05:00:00,14.19,100.0,40.0,0.0,40.0,368.1,0.69,20.0,87870.0,True,8,5,222
2015-08-10 06:00:00,14.34,99.35,124.0,37.55,113.0,373.5,0.9,34.0,87900.0,True,8,6,222
2015-08-10 07:00:00,16.18,96.0,383.0,525.26,142.0,354.75,0.41,1.0,87920.0,True,8,7,222
2015-08-10 08:00:00,16.88,89.65,550.0,649.36,156.0,348.95,0.69,348.0,87900.0,True,8,8,222
2015-08-10 09:00:00,18.09,83.75,511.0,238.07,338.0,350.85,0.97,330.0,87900.0,True,8,9,222
2015-08-10 10:00:00,18.74,83.8,340.0,16.04,327.0,365.4,1.31,328.0,87890.0,True,8,10,222
2015-08-10 11:00:00,19.08,81.05,473.0,77.44,407.0,375.45,1.59,329.0,87870.0,True,8,11,222
2015-08-10 12:00:00,17.95,83.75,574.0,189.53,413.0,378.55,1.52,346.0,87850.0,True,8,12,222
2015-08-10 13:00:00,17.23,86.6,246.0,0.0,246.0,372.15,1.31,3.0,87860.0,True,8,13,222
2015-08-10 14:00:00,18.23,86.7,129.0,0.0,129.0,359.95,1.24,349.0,87880.0,True,8,14,222
2015-08-10 15:00:00,17.95,83.75,292.0,52.6,261.0,367.3,1.24,2.0,87850.0,True,8,15,222
2015-08-10 16:00:00,16.94,89.65,319.0,321.46,178.0,365.4,0.97,10.0,87870.0,True,8,16,222
2015-08-10 17:00:00,16.57,92.8,153.0,143.76,114.0,378.75,0.34,359.0,87870.0,True,8,17,222
2015-08-10 18:00:00,16.21,96.0,33.0,0.0,33.0,378.15,0.62,15.0,87880.0,True,8,18,222
2015-08-10 19:00:00,15.12,96.0,0.0,-0.0,0.0,354.55,0.55,24.0,87910.0,True,8,19,222
2015-08-10 20:00:00,14.61,99.35,0.0,-0.0,0.0,374.65,0.28,130.0,87950.0,True,8,20,222
2015-08-10 21:00:00,14.64,100.0,0.0,-0.0,0.0,381.65,0.41,150.0,88000.0,True,8,21,222
2015-08-10 22:00:00,14.34,99.35,0.0,-0.0,0.0,365.95,0.41,151.0,87970.0,True,8,22,222
2015-08-10 23:00:00,13.91,100.0,0.0,-0.0,0.0,360.55,0.48,74.0,87940.0,True,8,23,222
2015-08-11 00:00:00,13.43,100.0,0.0,-0.0,0.0,354.35,0.76,77.0,87920.0,True,8,0,223
2015-08-11 01:00:00,12.91,99.4,0.0,-0.0,0.0,347.9,0.76,89.0,87890.0,True,8,1,223
2015-08-11 02:00:00,12.81,99.4,0.0,-0.0,0.0,354.15,0.69,89.0,87860.0,True,8,2,223
2015-08-11 03:00:00,12.21,95.95,0.0,-0.0,0.0,340.0,0.76,78.0,87830.0,True,8,3,223
2015-08-11 04:00:00,12.51,99.4,0.0,-0.0,0.0,357.65,0.9,65.0,87830.0,True,8,4,223
2015-08-11 05:00:00,12.34,95.95,36.0,0.0,36.0,343.9,0.9,64.0,87850.0,True,8,5,223
2015-08-11 06:00:00,14.22,99.4,209.0,348.32,108.0,334.8,0.97,59.0,87890.0,True,8,6,223
2015-08-11 07:00:00,16.26,92.8,398.0,598.66,125.0,341.4,1.31,41.0,87970.0,True,8,7,223
2015-08-11 08:00:00,17.6,86.65,567.0,713.46,136.0,339.25,1.24,42.0,87970.0,True,8,8,223
2015-08-11 09:00:00,18.89,75.65,710.0,789.93,138.0,336.95,1.03,42.0,87990.0,True,8,9,223
2015-08-11 10:00:00,20.57,66.05,790.0,762.48,174.0,334.6,1.17,24.0,88010.0,True,8,10,223
2015-08-11 11:00:00,21.74,59.7,843.0,790.85,171.0,336.35,1.52,14.0,87990.0,True,8,11,223
2015-08-11 12:00:00,22.4,55.9,704.0,420.43,348.0,347.2,1.66,12.0,87980.0,True,8,12,223
2015-08-11 13:00:00,22.7,55.9,616.0,320.33,360.0,337.9,1.66,10.0,87960.0,True,8,13,223
2015-08-11 14:00:00,22.66,55.9,404.0,92.93,338.0,347.55,1.72,8.0,87980.0,True,8,14,223
2015-08-11 15:00:00,22.23,59.8,413.0,250.85,266.0,356.1,1.59,13.0,87990.0,True,8,15,223
2015-08-11 16:00:00,21.8,64.0,291.0,227.61,192.0,348.75,1.38,13.0,87980.0,True,8,16,223
2015-08-11 17:00:00,21.11,68.5,201.0,415.16,90.0,349.1,1.24,14.0,88000.0,True,8,17,223
2015-08-11 18:00:00,20.36,70.8,33.0,0.0,33.0,353.0,1.1,17.0,88040.0,True,8,18,223
2015-08-11 19:00:00,19.22,86.8,0.0,-0.0,0.0,356.65,0.9,50.0,88040.0,True,8,19,223
2015-08-11 20:00:00,17.57,92.85,0.0,-0.0,0.0,340.0,0.83,67.0,88110.0,True,8,20,223
2015-08-11 21:00:00,16.98,89.65,0.0,-0.0,0.0,337.1,0.69,88.0,88140.0,True,8,21,223
2015-08-11 22:00:00,16.84,89.65,0.0,-0.0,0.0,334.8,0.69,96.0,88150.0,True,8,22,223
2015-08-11 23:00:00,15.96,96.0,0.0,-0.0,0.0,328.4,0.83,109.0,88160.0,True,8,23,223
2015-08-12 00:00:00,15.13,96.0,0.0,-0.0,0.0,323.2,0.9,123.0,88140.0,True,8,0,224
2015-08-12 01:00:00,14.27,96.0,0.0,-0.0,0.0,326.2,1.03,129.0,88140.0,True,8,1,224
2015-08-12 02:00:00,13.68,95.95,0.0,-0.0,0.0,325.9,1.1,134.0,88140.0,True,8,2,224
2015-08-12 03:00:00,12.98,92.65,0.0,-0.0,0.0,319.1,1.17,137.0,88140.0,True,8,3,224
2015-08-12 04:00:00,12.2,95.95,0.0,-0.0,0.0,317.0,1.31,137.0,88130.0,True,8,4,224
2015-08-12 05:00:00,11.75,92.6,40.0,0.0,40.0,323.0,1.24,135.0,88160.0,True,8,5,224
2015-08-12 06:00:00,13.72,95.95,226.0,480.95,88.0,333.05,0.76,134.0,88220.0,True,8,6,224
2015-08-12 07:00:00,17.26,89.7,405.0,648.74,111.0,343.7,0.55,136.0,88350.0,True,8,7,224
2015-08-12 08:00:00,19.46,81.1,569.0,728.29,131.0,355.3,0.14,117.0,88340.0,True,8,8,224
2015-08-12 09:00:00,21.27,70.9,710.0,792.78,138.0,338.3,0.41,349.0,88370.0,True,8,9,224
2015-08-12 10:00:00,22.28,64.1,785.0,750.04,181.0,339.85,0.76,354.0,88340.0,True,8,10,224
2015-08-12 11:00:00,23.15,60.05,743.0,507.64,313.0,353.2,1.03,355.0,88340.0,True,8,11,224
2015-08-12 12:00:00,23.65,58.1,695.0,401.68,356.0,346.0,1.17,353.0,88320.0,True,8,12,224
2015-08-12 13:00:00,23.97,56.15,480.0,114.29,389.0,348.55,1.24,355.0,88290.0,True,8,13,224
2015-08-12 14:00:00,24.17,54.2,624.0,544.53,239.0,357.25,1.24,355.0,88290.0,True,8,14,224
2015-08-12 15:00:00,24.3,52.35,514.0,575.07,179.0,361.3,1.24,356.0,88270.0,True,8,15,224
2015-08-12 16:00:00,23.87,52.35,322.0,343.22,174.0,355.1,0.76,2.0,88260.0,True,8,16,224
2015-08-12 17:00:00,23.0,58.0,19.0,0.0,19.0,353.4,0.69,346.0,88250.0,True,8,17,224
2015-08-12 18:00:00,21.84,64.1,32.0,0.0,32.0,351.25,0.83,13.0,88270.0,True,8,18,224
2015-08-12 19:00:00,20.26,73.2,0.0,-0.0,0.0,343.3,0.97,34.0,88230.0,True,8,19,224
2015-08-12 20:00:00,19.16,70.55,0.0,-0.0,0.0,330.35,0.97,72.0,88230.0,True,8,20,224
2015-08-12 21:00:00,18.05,72.9,0.0,-0.0,0.0,332.5,0.97,93.0,88220.0,True,8,21,224
2015-08-12 22:00:00,17.32,72.8,0.0,-0.0,0.0,330.95,0.97,113.0,88180.0,True,8,22,224
2015-08-12 23:00:00,16.46,75.25,0.0,-0.0,0.0,326.1,1.03,132.0,88160.0,True,8,23,224
2015-08-13 00:00:00,15.35,80.6,0.0,-0.0,0.0,320.1,1.24,143.0,88130.0,True,8,0,225
2015-08-13 01:00:00,14.77,83.45,0.0,-0.0,0.0,336.25,1.31,141.0,88100.0,True,8,1,225
2015-08-13 02:00:00,14.24,83.4,0.0,-0.0,0.0,329.4,1.38,139.0,88060.0,True,8,2,225
2015-08-13 03:00:00,13.77,83.35,0.0,-0.0,0.0,321.85,1.45,137.0,88040.0,True,8,3,225
2015-08-13 04:00:00,13.49,83.25,0.0,-0.0,0.0,323.75,1.52,135.0,88020.0,True,8,4,225
2015-08-13 05:00:00,12.93,83.25,40.0,0.0,40.0,322.05,1.45,136.0,88010.0,True,8,5,225
2015-08-13 06:00:00,14.52,86.4,219.0,457.95,89.0,325.9,1.03,133.0,88020.0,True,8,6,225
2015-08-13 07:00:00,19.14,75.65,392.0,601.79,121.0,330.55,0.55,128.0,88020.0,True,8,7,225
2015-08-13 08:00:00,21.84,59.8,397.0,197.1,279.0,344.65,0.28,122.0,88000.0,True,8,8,225
2015-08-13 09:00:00,22.79,57.9,660.0,637.12,202.0,353.95,0.28,218.0,87990.0,True,8,9,225
2015-08-13 10:00:00,23.37,56.15,772.0,726.35,189.0,362.65,0.41,267.0,87970.0,True,8,10,225
2015-08-13 11:00:00,23.99,56.15,332.0,8.29,325.0,362.5,0.83,297.0,87920.0,True,8,11,225
2015-08-13 12:00:00,24.32,58.1,270.0,1.19,269.0,361.3,1.24,314.0,87880.0,True,8,12,225
2015-08-13 13:00:00,22.53,64.2,329.0,13.87,318.0,365.2,1.1,308.0,87860.0,True,8,13,225
2015-08-13 14:00:00,21.13,70.9,666.0,709.07,167.0,375.65,0.21,306.0,87860.0,True,8,14,225
2015-08-13 15:00:00,21.21,73.35,199.0,3.45,197.0,371.95,0.28,121.0,87850.0,True,8,15,225
2015-08-13 16:00:00,20.58,75.85,224.0,81.89,189.0,370.0,0.97,263.0,87790.0,True,8,16,225
2015-08-13 17:00:00,18.32,86.75,97.0,19.29,92.0,366.95,1.17,273.0,87830.0,True,8,17,225
2015-08-13 18:00:00,17.27,96.05,29.0,0.0,29.0,370.2,0.21,220.0,87840.0,True,8,18,225
2015-08-13 19:00:00,16.2,96.0,0.0,-0.0,0.0,367.5,0.9,161.0,87810.0,True,8,19,225
2015-08-13 20:00:00,15.72,99.4,0.0,-0.0,0.0,358.6,0.9,116.0,87790.0,True,8,20,225
2015-08-13 21:00:00,15.2,100.0,0.0,-0.0,0.0,356.65,0.76,93.0,87770.0,True,8,21,225
2015-08-13 22:00:00,15.64,96.0,0.0,-0.0,0.0,349.5,0.28,145.0,87750.0,True,8,22,225
2015-08-13 23:00:00,15.27,96.0,0.0,-0.0,0.0,346.0,0.41,227.0,87750.0,True,8,23,225
2015-08-14 00:00:00,14.2,100.0,0.0,-0.0,0.0,356.5,0.55,102.0,87710.0,True,8,0,226
2015-08-14 01:00:00,13.69,100.0,0.0,-0.0,0.0,356.0,0.97,98.0,87660.0,True,8,1,226
2015-08-14 02:00:00,13.51,100.0,0.0,-0.0,0.0,347.4,0.76,91.0,87600.0,True,8,2,226
2015-08-14 03:00:00,13.08,99.4,0.0,-0.0,0.0,340.0,0.76,81.0,87520.0,True,8,3,226
2015-08-14 04:00:00,12.89,95.95,0.0,-0.0,0.0,340.6,0.69,78.0,87470.0,True,8,4,226
2015-08-14 05:00:00,12.63,95.95,8.0,0.0,8.0,337.1,0.55,122.0,87480.0,True,8,5,226
2015-08-14 06:00:00,13.53,100.0,29.0,0.0,29.0,348.15,0.34,108.0,87490.0,True,8,6,226
2015-08-14 07:00:00,15.35,92.75,223.0,62.58,195.0,359.55,0.55,331.0,87570.0,True,8,7,226
2015-08-14 08:00:00,15.44,92.75,173.0,0.0,173.0,365.55,0.62,326.0,87580.0,True,8,8,226
2015-08-14 09:00:00,16.0,92.75,634.0,561.32,232.0,369.85,0.48,300.0,87580.0,True,8,9,226
2015-08-14 10:00:00,15.32,92.75,286.0,3.75,283.0,369.65,0.48,274.0,87530.0,True,8,10,226
2015-08-14 11:00:00,17.0,83.65,142.0,0.0,142.0,355.7,0.41,301.0,87510.0,True,8,11,226
2015-08-14 12:00:00,16.65,89.65,157.0,0.0,157.0,363.85,0.76,335.0,87450.0,True,8,12,226
2015-08-14 13:00:00,18.36,81.0,109.0,0.0,109.0,358.6,1.17,323.0,87450.0,True,8,13,226
2015-08-14 14:00:00,15.81,89.6,73.0,0.0,73.0,354.75,0.62,301.0,87440.0,True,8,14,226
2015-08-14 15:00:00,15.74,92.75,143.0,0.0,143.0,359.95,0.62,252.0,87460.0,True,8,15,226
2015-08-14 16:00:00,15.86,92.75,76.0,0.0,76.0,347.4,0.62,173.0,87430.0,True,8,16,226
2015-08-14 17:00:00,15.82,89.6,35.0,0.0,35.0,342.35,0.55,187.0,87400.0,True,8,17,226
2015-08-14 18:00:00,14.81,89.5,8.0,0.0,8.0,331.7,1.1,259.0,87470.0,True,8,18,226
2015-08-14 19:00:00,14.28,89.5,0.0,-0.0,0.0,341.75,0.69,197.0,87450.0,True,8,19,226
2015-08-14 20:00:00,13.14,95.95,0.0,-0.0,0.0,337.7,0.62,211.0,87480.0,True,8,20,226
2015-08-14 21:00:00,12.55,95.95,0.0,-0.0,0.0,334.8,0.55,208.0,87470.0,True,8,21,226
2015-08-14 22:00:00,12.08,95.95,0.0,-0.0,0.0,337.7,0.69,219.0,87460.0,True,8,22,226
2015-08-14 23:00:00,12.56,92.6,0.0,-0.0,0.0,325.7,0.62,243.0,87460.0,True,8,23,226
2015-08-15 00:00:00,10.58,99.4,0.0,-0.0,0.0,318.35,0.76,245.0,87430.0,True,8,0,227
2015-08-15 01:00:00,10.23,95.9,0.0,-0.0,0.0,324.05,0.9,212.0,87440.0,True,8,1,227
2015-08-15 02:00:00,9.84,95.9,0.0,-0.0,0.0,320.1,0.69,202.0,87400.0,True,8,2,227
2015-08-15 03:00:00,10.28,95.9,0.0,-0.0,0.0,340.4,0.69,197.0,87400.0,True,8,3,227
2015-08-15 04:00:00,10.49,99.4,0.0,-0.0,0.0,341.0,0.69,222.0,87370.0,True,8,4,227
2015-08-15 05:00:00,10.88,95.9,6.0,0.0,6.0,347.95,0.83,240.0,87400.0,True,8,5,227
2015-08-15 06:00:00,11.77,95.95,48.0,0.0,48.0,342.95,0.9,250.0,87430.0,True,8,6,227
2015-08-15 07:00:00,11.31,89.3,147.0,4.5,145.0,343.9,0.9,266.0,87500.0,True,8,7,227
2015-08-15 08:00:00,11.65,89.3,159.0,0.0,159.0,350.65,0.97,276.0,87500.0,True,8,8,227
2015-08-15 09:00:00,11.67,89.3,133.0,0.0,133.0,356.65,1.03,284.0,87520.0,True,8,9,227
2015-08-15 10:00:00,12.19,86.2,125.0,0.0,125.0,352.4,1.17,287.0,87500.0,True,8,10,227
2015-08-15 11:00:00,12.47,83.25,145.0,0.0,145.0,361.5,1.17,289.0,87520.0,True,8,11,227
2015-08-15 12:00:00,12.72,83.25,128.0,0.0,128.0,365.75,1.24,300.0,87490.0,True,8,12,227
2015-08-15 13:00:00,12.52,92.6,158.0,0.0,158.0,365.75,1.24,306.0,87530.0,True,8,13,227
2015-08-15 14:00:00,11.93,92.6,134.0,0.0,134.0,362.5,1.17,309.0,87520.0,True,8,14,227
2015-08-15 15:00:00,11.77,92.6,203.0,5.25,200.0,358.4,0.83,304.0,87540.0,True,8,15,227
2015-08-15 16:00:00,11.21,92.55,91.0,0.0,91.0,355.5,0.83,307.0,87540.0,True,8,16,227
2015-08-15 17:00:00,11.63,92.55,88.0,11.96,85.0,352.6,0.83,315.0,87560.0,True,8,17,227
2015-08-15 18:00:00,10.91,95.9,23.0,0.0,23.0,356.85,0.69,312.0,87570.0,True,8,18,227
2015-08-15 19:00:00,10.29,95.9,0.0,-0.0,0.0,356.65,0.76,356.0,87610.0,True,8,19,227
2015-08-15 20:00:00,10.06,95.9,0.0,-0.0,0.0,352.8,0.83,354.0,87600.0,True,8,20,227
2015-08-15 21:00:00,10.23,95.9,0.0,-0.0,0.0,353.4,0.83,2.0,87610.0,True,8,21,227
2015-08-15 22:00:00,9.82,95.9,0.0,-0.0,0.0,353.95,1.1,6.0,87580.0,True,8,22,227
2015-08-15 23:00:00,9.74,95.9,0.0,-0.0,0.0,354.75,1.1,16.0,87560.0,True,8,23,227
2015-08-16 00:00:00,9.45,95.85,0.0,-0.0,0.0,351.25,1.1,17.0,87540.0,True,8,0,228
2015-08-16 01:00:00,9.42,95.85,0.0,-0.0,0.0,353.5,1.1,14.0,87520.0,True,8,1,228
2015-08-16 02:00:00,9.36,95.85,0.0,-0.0,0.0,353.55,1.17,13.0,87490.0,True,8,2,228
2015-08-16 03:00:00,9.21,95.85,0.0,-0.0,0.0,353.55,1.17,12.0,87460.0,True,8,3,228
2015-08-16 04:00:00,9.18,95.85,0.0,-0.0,0.0,355.3,1.03,8.0,87430.0,True,8,4,228
2015-08-16 05:00:00,9.17,99.4,36.0,0.0,36.0,354.15,0.97,8.0,87440.0,True,8,5,228
2015-08-16 06:00:00,9.31,95.85,149.0,120.19,116.0,352.2,0.83,355.0,87480.0,True,8,6,228
2015-08-16 07:00:00,9.4,95.85,155.0,6.79,152.0,349.9,0.69,344.0,87480.0,True,8,7,228
2015-08-16 08:00:00,9.39,95.85,152.0,0.0,152.0,353.55,0.9,342.0,87480.0,True,8,8,228
2015-08-16 09:00:00,10.23,95.9,197.0,0.0,197.0,347.75,0.97,336.0,87500.0,True,8,9,228
2015-08-16 10:00:00,10.25,95.9,131.0,0.0,131.0,357.05,0.97,325.0,87530.0,True,8,10,228
2015-08-16 11:00:00,10.85,95.9,183.0,0.0,183.0,356.1,0.97,329.0,87550.0,True,8,11,228
2015-08-16 12:00:00,11.85,89.35,237.0,0.0,237.0,351.05,1.1,337.0,87550.0,True,8,12,228
2015-08-16 13:00:00,12.39,89.4,174.0,0.0,174.0,347.95,1.17,347.0,87530.0,True,8,13,228
2015-08-16 14:00:00,12.61,89.4,203.0,0.0,203.0,345.05,1.17,353.0,87540.0,True,8,14,228
2015-08-16 15:00:00,12.84,89.4,122.0,0.0,122.0,349.1,1.1,356.0,87520.0,True,8,15,228
2015-08-16 16:00:00,11.99,86.2,193.0,45.74,174.0,353.95,1.45,2.0,87490.0,True,8,16,228
2015-08-16 17:00:00,11.84,86.2,115.0,64.92,99.0,346.4,1.24,5.0,87530.0,True,8,17,228
2015-08-16 18:00:00,11.55,89.3,23.0,0.0,23.0,354.55,1.03,1.0,87530.0,True,8,18,228
2015-08-16 19:00:00,11.07,89.3,0.0,-0.0,0.0,345.05,0.76,326.0,87570.0,True,8,19,228
2015-08-16 20:00:00,10.57,95.9,0.0,-0.0,0.0,349.3,0.97,327.0,87590.0,True,8,20,228
2015-08-16 21:00:00,10.31,95.9,0.0,-0.0,0.0,347.4,0.83,341.0,87610.0,True,8,21,228
2015-08-16 22:00:00,10.32,95.9,0.0,-0.0,0.0,350.65,0.83,347.0,87610.0,True,8,22,228
2015-08-16 23:00:00,10.45,95.9,0.0,-0.0,0.0,357.05,0.97,351.0,87580.0,True,8,23,228
2015-08-17 00:00:00,10.35,95.9,0.0,-0.0,0.0,358.0,1.03,355.0,87560.0,True,8,0,229
2015-08-17 01:00:00,10.09,99.4,0.0,-0.0,0.0,358.9,1.1,3.0,87530.0,True,8,1,229
2015-08-17 02:00:00,10.03,99.4,0.0,-0.0,0.0,355.7,0.9,11.0,87510.0,True,8,2,229
2015-08-17 03:00:00,9.95,99.4,0.0,-0.0,0.0,352.8,0.83,11.0,87480.0,True,8,3,229
2015-08-17 04:00:00,9.96,95.9,0.0,-0.0,0.0,353.75,0.76,9.0,87460.0,True,8,4,229
2015-08-17 05:00:00,9.78,95.9,7.0,0.0,7.0,345.25,0.76,2.0,87490.0,True,8,5,229
2015-08-17 06:00:00,10.13,99.4,96.0,14.74,92.0,355.3,0.9,1.0,87480.0,True,8,6,229
2015-08-17 07:00:00,10.27,86.05,88.0,0.0,88.0,351.05,1.1,16.0,87520.0,True,8,7,229
2015-08-17 08:00:00,10.88,86.1,164.0,0.0,164.0,340.4,1.31,10.0,87510.0,True,8,8,229
2015-08-17 09:00:00,11.88,80.2,216.0,0.0,216.0,340.0,1.52,6.0,87540.0,True,8,9,229
2015-08-17 10:00:00,12.81,72.1,304.0,7.58,298.0,321.65,1.86,5.0,87540.0,True,8,10,229
2015-08-17 11:00:00,13.28,69.55,243.0,0.0,243.0,333.65,2.0,8.0,87520.0,True,8,11,229
2015-08-17 12:00:00,14.12,67.15,149.0,0.0,149.0,327.25,2.07,9.0,87530.0,True,8,12,229
2015-08-17 13:00:00,14.64,62.55,134.0,0.0,134.0,347.75,2.07,5.0,87510.0,True,8,13,229
2015-08-17 14:00:00,14.27,62.55,126.0,0.0,126.0,346.4,2.0,5.0,87500.0,True,8,14,229
2015-08-17 15:00:00,14.01,64.75,341.0,129.44,268.0,333.25,1.59,3.0,87520.0,True,8,15,229
2015-08-17 16:00:00,13.55,69.55,154.0,12.16,149.0,353.55,1.45,6.0,87510.0,True,8,16,229
2015-08-17 17:00:00,12.71,72.1,96.0,24.79,90.0,346.0,0.97,7.0,87540.0,True,8,17,229
2015-08-17 18:00:00,12.41,74.7,18.0,0.0,18.0,343.9,0.83,2.0,87550.0,True,8,18,229
2015-08-17 19:00:00,11.46,77.3,0.0,-0.0,0.0,340.2,0.9,3.0,87610.0,True,8,19,229
2015-08-17 20:00:00,11.04,83.05,0.0,-0.0,0.0,341.95,0.69,357.0,87620.0,True,8,20,229
2015-08-17 21:00:00,10.69,80.1,0.0,-0.0,0.0,323.55,0.48,4.0,87650.0,True,8,21,229
2015-08-17 22:00:00,10.63,83.0,0.0,-0.0,0.0,331.3,0.34,20.0,87620.0,True,8,22,229
2015-08-17 23:00:00,10.38,83.0,0.0,-0.0,0.0,326.1,0.34,38.0,87610.0,True,8,23,229
2015-08-18 00:00:00,10.11,86.0,0.0,-0.0,0.0,322.6,0.34,45.0,87600.0,True,8,0,230
2015-08-18 01:00:00,9.78,86.0,0.0,-0.0,0.0,322.5,0.34,51.0,87600.0,True,8,1,230
2015-08-18 02:00:00,9.39,89.15,0.0,-0.0,0.0,321.65,0.34,70.0,87560.0,True,8,2,230
2015-08-18 03:00:00,8.97,89.1,0.0,-0.0,0.0,315.45,0.41,80.0,87560.0,True,8,3,230
2015-08-18 04:00:00,8.79,89.1,0.0,-0.0,0.0,318.75,0.55,72.0,87550.0,True,8,4,230
2015-08-18 05:00:00,8.71,89.1,31.0,0.0,31.0,320.85,0.62,66.0,87570.0,True,8,5,230
2015-08-18 06:00:00,9.33,92.45,144.0,108.11,115.0,320.3,0.55,32.0,87590.0,True,8,6,230
2015-08-18 07:00:00,10.54,92.5,289.0,213.5,196.0,337.9,0.48,33.0,87630.0,True,8,7,230
2015-08-18 08:00:00,11.23,86.15,471.0,403.71,235.0,337.5,0.83,15.0,87640.0,True,8,8,230
2015-08-18 09:00:00,12.28,86.25,347.0,42.55,317.0,329.4,1.03,2.0,87660.0,True,8,9,230
2015-08-18 10:00:00,13.22,83.25,153.0,0.0,153.0,326.65,1.17,359.0,87670.0,True,8,10,230
2015-08-18 11:00:00,13.92,80.4,375.0,22.89,356.0,313.7,1.38,357.0,87650.0,True,8,11,230
2015-08-18 12:00:00,14.55,77.65,134.0,0.0,134.0,318.95,1.45,350.0,87670.0,True,8,12,230
2015-08-18 13:00:00,15.55,69.9,107.0,0.0,107.0,317.4,1.59,350.0,87660.0,True,8,13,230
2015-08-18 14:00:00,14.86,69.85,75.0,0.0,75.0,336.95,1.59,352.0,87670.0,True,8,14,230
2015-08-18 15:00:00,14.69,69.75,142.0,0.0,142.0,331.5,1.59,4.0,87700.0,True,8,15,230
2015-08-18 16:00:00,14.0,72.2,162.0,17.2,155.0,342.15,1.52,9.0,87700.0,True,8,16,230
2015-08-18 17:00:00,13.23,72.1,71.0,4.21,70.0,343.7,1.38,4.0,87740.0,True,8,17,230
2015-08-18 18:00:00,12.17,77.35,15.0,0.0,15.0,347.2,1.17,352.0,87760.0,True,8,18,230
2015-08-18 19:00:00,11.01,80.1,0.0,-0.0,0.0,330.55,0.83,349.0,87800.0,True,8,19,230
2015-08-18 20:00:00,10.35,95.9,0.0,-0.0,0.0,349.7,0.69,347.0,87830.0,True,8,20,230
2015-08-18 21:00:00,9.99,95.9,0.0,-0.0,0.0,354.75,0.62,355.0,87850.0,True,8,21,230
2015-08-18 22:00:00,9.92,95.9,0.0,-0.0,0.0,351.25,0.55,358.0,87860.0,True,8,22,230
2015-08-18 23:00:00,9.75,95.9,0.0,-0.0,0.0,353.55,0.62,355.0,87850.0,True,8,23,230
2015-08-19 00:00:00,9.38,95.85,0.0,-0.0,0.0,337.7,0.76,352.0,87850.0,True,8,0,231
2015-08-19 01:00:00,9.34,95.85,0.0,-0.0,0.0,347.1,0.48,2.0,87850.0,True,8,1,231
2015-08-19 02:00:00,9.0,99.4,0.0,-0.0,0.0,338.85,0.48,13.0,87860.0,True,8,2,231
2015-08-19 03:00:00,9.16,99.4,0.0,-0.0,0.0,354.15,0.41,10.0,87850.0,True,8,3,231
2015-08-19 04:00:00,8.99,95.85,0.0,-0.0,0.0,348.95,0.62,25.0,87860.0,True,8,4,231
2015-08-19 05:00:00,9.05,99.4,28.0,0.0,28.0,347.95,0.62,32.0,87900.0,True,8,5,231
2015-08-19 06:00:00,9.07,99.4,88.0,7.55,86.0,348.75,0.62,29.0,87940.0,True,8,6,231
2015-08-19 07:00:00,10.08,95.9,127.0,0.0,127.0,337.9,1.03,8.0,87970.0,True,8,7,231
2015-08-19 08:00:00,9.76,92.5,178.0,0.0,178.0,332.1,1.03,13.0,87990.0,True,8,8,231
2015-08-19 09:00:00,11.07,89.3,199.0,0.0,199.0,337.3,1.24,14.0,88030.0,True,8,9,231
2015-08-19 10:00:00,11.87,86.2,96.0,0.0,96.0,337.9,1.38,6.0,88040.0,True,8,10,231
2015-08-19 11:00:00,12.36,83.25,92.0,0.0,92.0,329.75,1.66,5.0,88050.0,True,8,11,231
2015-08-19 12:00:00,12.69,83.25,104.0,0.0,104.0,335.75,1.66,7.0,88070.0,True,8,12,231
2015-08-19 13:00:00,13.08,80.35,387.0,43.97,353.0,335.0,1.59,17.0,88090.0,True,8,13,231
2015-08-19 14:00:00,13.15,77.5,495.0,256.45,320.0,331.3,1.59,28.0,88090.0,True,8,14,231
2015-08-19 15:00:00,13.19,74.75,117.0,0.0,117.0,339.25,1.38,23.0,88100.0,True,8,15,231
2015-08-19 16:00:00,13.4,72.1,101.0,0.0,101.0,324.15,1.45,8.0,88120.0,True,8,16,231
2015-08-19 17:00:00,12.6,72.05,127.0,124.49,98.0,311.0,1.31,13.0,88160.0,True,8,17,231
2015-08-19 18:00:00,11.82,74.6,19.0,0.0,19.0,309.45,0.83,11.0,88180.0,True,8,18,231
2015-08-19 19:00:00,10.83,80.1,0.0,-0.0,0.0,310.4,0.97,4.0,88220.0,True,8,19,231
2015-08-19 20:00:00,10.15,89.2,0.0,-0.0,0.0,313.1,0.76,18.0,88240.0,True,8,20,231
2015-08-19 21:00:00,9.34,89.15,0.0,-0.0,0.0,296.5,0.69,47.0,88260.0,True,8,21,231
2015-08-19 22:00:00,8.91,92.45,0.0,-0.0,0.0,308.3,0.76,70.0,88260.0,True,8,22,231
2015-08-19 23:00:00,8.36,92.4,0.0,-0.0,0.0,299.6,0.83,80.0,88250.0,True,8,23,231
2015-08-20 00:00:00,7.84,95.8,0.0,-0.0,0.0,297.25,0.83,88.0,88260.0,True,8,0,232
2015-08-20 01:00:00,6.9,95.8,0.0,-0.0,0.0,275.7,0.9,96.0,88230.0,True,8,1,232
2015-08-20 02:00:00,6.57,99.4,0.0,-0.0,0.0,295.9,0.9,104.0,88220.0,True,8,2,232
2015-08-20 03:00:00,6.17,95.8,0.0,-0.0,0.0,284.65,0.9,108.0,88220.0,True,8,3,232
2015-08-20 04:00:00,5.83,95.75,0.0,-0.0,0.0,281.75,0.97,114.0,88230.0,True,8,4,232
2015-08-20 05:00:00,5.27,99.4,28.0,0.0,28.0,286.05,0.97,121.0,88260.0,True,8,5,232
2015-08-20 06:00:00,6.81,95.8,176.0,271.17,105.0,292.8,0.69,123.0,88330.0,True,8,6,232
2015-08-20 07:00:00,9.89,82.95,387.0,651.89,107.0,294.15,0.28,111.0,88410.0,True,8,7,232
2015-08-20 08:00:00,11.69,74.55,560.0,758.61,121.0,289.1,0.34,40.0,88410.0,True,8,8,232
2015-08-20 09:00:00,13.05,67.05,677.0,729.44,167.0,295.1,0.76,13.0,88430.0,True,8,9,232
2015-08-20 10:00:00,14.2,64.75,650.0,410.1,329.0,292.8,1.17,1.0,88450.0,True,8,10,232
2015-08-20 11:00:00,15.49,58.35,726.0,502.61,312.0,310.2,1.45,350.0,88450.0,True,8,11,232
2015-08-20 12:00:00,16.13,56.35,642.0,323.45,377.0,310.2,1.52,344.0,88470.0,True,8,12,232
2015-08-20 13:00:00,16.11,56.35,543.0,218.24,375.0,325.7,1.45,345.0,88470.0,True,8,13,232
2015-08-20 14:00:00,16.23,56.35,465.0,201.9,328.0,336.95,1.52,346.0,88480.0,True,8,14,232
2015-08-20 15:00:00,15.85,56.35,503.0,625.18,158.0,344.1,1.38,350.0,88480.0,True,8,15,232
2015-08-20 16:00:00,15.48,60.5,325.0,467.03,139.0,344.85,1.17,352.0,88470.0,True,8,16,232
2015-08-20 17:00:00,15.05,64.95,175.0,442.44,74.0,328.6,0.83,2.0,88490.0,True,8,17,232
2015-08-20 18:00:00,14.39,69.75,18.0,0.0,18.0,315.05,0.62,31.0,88490.0,True,8,18,232
2015-08-20 19:00:00,13.0,77.5,0.0,-0.0,0.0,294.95,0.76,27.0,88480.0,True,8,19,232
2015-08-20 20:00:00,12.61,74.7,0.0,-0.0,0.0,303.85,0.69,63.0,88520.0,True,8,20,232
2015-08-20 21:00:00,11.6,80.15,0.0,-0.0,0.0,289.7,0.83,95.0,88540.0,True,8,21,232
2015-08-20 22:00:00,10.7,80.1,0.0,-0.0,0.0,293.95,0.9,105.0,88520.0,True,8,22,232
2015-08-20 23:00:00,9.69,82.95,0.0,-0.0,0.0,286.4,1.03,105.0,88500.0,True,8,23,232
2015-08-21 00:00:00,8.71,89.1,0.0,-0.0,0.0,291.25,1.1,114.0,88480.0,True,8,0,233
2015-08-21 01:00:00,7.92,92.4,0.0,-0.0,0.0,292.5,1.17,120.0,88450.0,True,8,1,233
2015-08-21 02:00:00,7.14,99.4,0.0,-0.0,0.0,296.1,1.17,125.0,88420.0,True,8,2,233
2015-08-21 03:00:00,6.82,95.8,0.0,-0.0,0.0,294.95,1.17,125.0,88400.0,True,8,3,233
2015-08-21 04:00:00,6.62,95.8,0.0,-0.0,0.0,296.85,1.24,127.0,88370.0,True,8,4,233
2015-08-21 05:00:00,6.23,92.3,27.0,0.0,27.0,292.05,1.24,127.0,88390.0,True,8,5,233
2015-08-21 06:00:00,7.26,89.0,213.0,545.26,72.0,297.25,1.03,127.0,88420.0,True,8,6,233
2015-08-21 07:00:00,10.65,80.05,393.0,687.08,100.0,309.45,0.62,105.0,88460.0,True,8,7,233
2015-08-21 08:00:00,13.48,67.05,560.0,764.29,120.0,299.2,0.76,47.0,88450.0,True,8,8,233
2015-08-21 09:00:00,15.23,60.4,708.0,841.73,122.0,287.4,1.1,25.0,88490.0,True,8,9,233
2015-08-21 10:00:00,16.6,54.45,804.0,863.16,131.0,287.75,1.45,14.0,88460.0,True,8,10,233
2015-08-21 11:00:00,17.51,50.85,831.0,808.01,168.0,293.0,1.72,8.0,88430.0,True,8,11,233
2015-08-21 12:00:00,18.13,51.0,812.0,761.11,191.0,298.2,1.79,5.0,88420.0,True,8,12,233
2015-08-21 13:00:00,18.49,49.3,685.0,529.91,279.0,302.65,1.79,4.0,88390.0,True,8,13,233
2015-08-21 14:00:00,18.39,49.3,612.0,576.58,223.0,307.7,1.79,4.0,88380.0,True,8,14,233
2015-08-21 15:00:00,17.94,52.9,516.0,690.22,138.0,309.45,1.72,7.0,88360.0,True,8,15,233
2015-08-21 16:00:00,17.39,54.7,339.0,551.06,122.0,304.4,1.45,13.0,88340.0,True,8,16,233
2015-08-21 17:00:00,16.54,62.95,178.0,496.54,67.0,307.9,1.1,19.0,88360.0,True,8,17,233
2015-08-21 18:00:00,15.6,69.9,15.0,0.0,15.0,305.2,0.9,19.0,88360.0,True,8,18,233
2015-08-21 19:00:00,14.19,80.4,0.0,-0.0,0.0,299.75,0.97,28.0,88340.0,True,8,19,233
2015-08-21 20:00:00,12.92,77.5,0.0,-0.0,0.0,288.95,0.83,49.0,88340.0,True,8,20,233
2015-08-21 21:00:00,12.3,77.45,0.0,-0.0,0.0,289.5,0.76,79.0,88330.0,True,8,21,233
2015-08-21 22:00:00,11.52,83.1,0.0,-0.0,0.0,287.75,0.83,102.0,88290.0,True,8,22,233
2015-08-21 23:00:00,10.71,83.05,0.0,-0.0,0.0,287.0,0.97,113.0,88270.0,True,8,23,233
2015-08-22 00:00:00,10.0,86.0,0.0,-0.0,0.0,286.05,1.03,118.0,88230.0,True,8,0,234
2015-08-22 01:00:00,9.48,85.95,0.0,-0.0,0.0,285.0,1.03,121.0,88190.0,True,8,1,234
2015-08-22 02:00:00,8.97,89.1,0.0,-0.0,0.0,283.7,1.1,125.0,88150.0,True,8,2,234
2015-08-22 03:00:00,8.43,89.1,0.0,-0.0,0.0,281.95,1.17,129.0,88120.0,True,8,3,234
2015-08-22 04:00:00,7.86,89.05,0.0,-0.0,0.0,282.95,1.31,132.0,88080.0,True,8,4,234
2015-08-22 05:00:00,7.5,89.0,26.0,0.0,26.0,281.0,1.38,134.0,88090.0,True,8,5,234
2015-08-22 06:00:00,8.58,92.4,210.0,540.47,72.0,286.4,0.9,130.0,88070.0,True,8,6,234
2015-08-22 07:00:00,11.16,86.1,388.0,675.59,102.0,336.75,0.69,137.0,88120.0,True,8,7,234
2015-08-22 08:00:00,14.31,72.3,557.0,763.09,120.0,324.55,0.28,122.0,88120.0,True,8,8,234
2015-08-22 09:00:00,16.39,62.95,701.0,829.53,126.0,305.0,0.34,350.0,88100.0,True,8,9,234
2015-08-22 10:00:00,17.81,56.85,814.0,897.5,117.0,295.1,0.76,325.0,88090.0,True,8,10,234
2015-08-22 11:00:00,18.74,54.95,855.0,888.3,129.0,302.1,1.03,318.0,88040.0,True,8,11,234
2015-08-22 12:00:00,19.41,49.55,840.0,864.02,138.0,305.75,1.17,304.0,88000.0,True,8,12,234
2015-08-22 13:00:00,19.55,47.8,747.0,730.52,190.0,324.55,1.38,310.0,87970.0,True,8,13,234
2015-08-22 14:00:00,19.27,51.25,630.0,651.57,193.0,325.1,1.24,316.0,87940.0,True,8,14,234
2015-08-22 15:00:00,19.2,51.25,456.0,460.08,206.0,336.75,0.83,324.0,87890.0,True,8,15,234
2015-08-22 16:00:00,18.59,54.95,347.0,626.88,103.0,329.75,0.48,3.0,87850.0,True,8,16,234
2015-08-22 17:00:00,17.6,67.85,173.0,484.6,67.0,314.85,0.34,79.0,87820.0,True,8,17,234
2015-08-22 18:00:00,16.51,77.95,14.0,0.0,14.0,312.75,0.62,101.0,87790.0,True,8,18,234
2015-08-22 19:00:00,16.21,70.0,0.0,-0.0,0.0,311.0,0.55,45.0,87740.0,True,8,19,234
2015-08-22 20:00:00,15.4,72.45,0.0,-0.0,0.0,311.0,0.62,98.0,87730.0,True,8,20,234
2015-08-22 21:00:00,13.8,80.4,0.0,-0.0,0.0,309.25,0.9,122.0,87690.0,True,8,21,234
2015-08-22 22:00:00,12.59,83.25,0.0,-0.0,0.0,309.85,1.1,136.0,87650.0,True,8,22,234
2015-08-22 23:00:00,11.49,86.15,0.0,-0.0,0.0,309.05,1.31,138.0,87600.0,True,8,23,234
2015-08-23 00:00:00,11.07,89.3,0.0,-0.0,0.0,315.65,1.38,136.0,87540.0,True,8,0,235
2015-08-23 01:00:00,10.56,89.25,0.0,-0.0,0.0,306.65,1.45,137.0,87520.0,True,8,1,235
2015-08-23 02:00:00,9.93,89.2,0.0,-0.0,0.0,304.4,1.45,138.0,87480.0,True,8,2,235
2015-08-23 03:00:00,9.7,89.2,0.0,-0.0,0.0,313.5,1.52,136.0,87420.0,True,8,3,235
2015-08-23 04:00:00,9.3,89.15,0.0,-0.0,0.0,308.1,1.52,135.0,87360.0,True,8,4,235
2015-08-23 05:00:00,8.87,92.45,26.0,0.0,26.0,323.4,1.38,133.0,87310.0,True,8,5,235
2015-08-23 06:00:00,10.44,86.05,182.0,365.0,90.0,332.65,1.24,136.0,87290.0,True,8,6,235
2015-08-23 07:00:00,12.97,80.35,105.0,0.0,105.0,333.25,0.9,151.0,87340.0,True,8,7,235
2015-08-23 08:00:00,14.97,75.0,140.0,0.0,140.0,336.15,1.03,182.0,87380.0,True,8,8,235
2015-08-23 09:00:00,16.18,72.55,101.0,0.0,101.0,343.9,0.83,168.0,87370.0,True,8,9,235
2015-08-23 10:00:00,17.36,63.2,248.0,1.29,247.0,347.2,0.83,147.0,87360.0,True,8,10,235
2015-08-23 11:00:00,18.57,56.95,474.0,93.37,398.0,346.0,0.69,149.0,87320.0,True,8,11,235
2015-08-23 12:00:00,19.58,53.25,453.0,77.88,390.0,351.05,0.48,183.0,87280.0,True,8,12,235
2015-08-23 13:00:00,19.8,51.5,139.0,0.0,139.0,347.0,0.55,261.0,87220.0,True,8,13,235
2015-08-23 14:00:00,18.61,61.2,121.0,0.0,121.0,348.55,1.1,291.0,87200.0,True,8,14,235
2015-08-23 15:00:00,16.74,75.25,115.0,0.0,115.0,358.0,0.83,275.0,87230.0,True,8,15,235
2015-08-23 16:00:00,15.43,86.5,73.0,0.0,73.0,365.2,0.55,246.0,87270.0,True,8,16,235
2015-08-23 17:00:00,14.92,99.4,23.0,0.0,23.0,362.3,0.34,215.0,87250.0,True,8,17,235
2015-08-23 18:00:00,14.29,99.35,1.0,0.0,1.0,356.85,0.28,58.0,87240.0,True,8,18,235
2015-08-23 19:00:00,13.39,99.4,0.0,-0.0,0.0,361.3,0.69,60.0,87240.0,True,8,19,235
2015-08-23 20:00:00,12.98,99.4,0.0,-0.0,0.0,360.95,0.69,50.0,87230.0,True,8,20,235
2015-08-23 21:00:00,12.27,95.95,0.0,-0.0,0.0,348.95,0.62,36.0,87210.0,True,8,21,235
2015-08-23 22:00:00,12.05,99.4,0.0,-0.0,0.0,354.95,0.48,59.0,87220.0,True,8,22,235
2015-08-23 23:00:00,11.9,99.4,0.0,-0.0,0.0,356.1,0.83,109.0,87170.0,True,8,23,235
2015-08-24 00:00:00,11.5,99.4,0.0,-0.0,0.0,347.0,0.97,120.0,87140.0,True,8,0,236
2015-08-24 01:00:00,11.37,95.9,0.0,-0.0,0.0,340.7,0.76,114.0,87090.0,True,8,1,236
2015-08-24 02:00:00,10.76,95.9,0.0,-0.0,0.0,332.1,0.97,113.0,87050.0,True,8,2,236
2015-08-24 03:00:00,10.99,95.9,0.0,-0.0,0.0,342.55,0.62,140.0,87030.0,True,8,3,236
2015-08-24 04:00:00,11.09,95.9,0.0,-0.0,0.0,347.95,0.55,155.0,87030.0,True,8,4,236
2015-08-24 05:00:00,10.73,95.9,3.0,0.0,3.0,345.65,0.9,142.0,87010.0,True,8,5,236
2015-08-24 06:00:00,11.56,95.9,17.0,0.0,17.0,345.85,0.9,135.0,87050.0,True,8,6,236
2015-08-24 07:00:00,12.63,92.6,84.0,0.0,84.0,342.95,0.69,145.0,87050.0,True,8,7,236
2015-08-24 08:00:00,13.78,86.35,279.0,51.19,250.0,334.4,0.76,146.0,87070.0,True,8,8,236
2015-08-24 09:00:00,14.65,89.5,160.0,0.0,160.0,340.0,0.34,232.0,87140.0,True,8,9,236
2015-08-24 10:00:00,15.06,86.45,85.0,0.0,85.0,355.7,0.69,259.0,87180.0,True,8,10,236
2015-08-24 11:00:00,16.04,77.85,100.0,0.0,100.0,357.25,0.97,246.0,87170.0,True,8,11,236
2015-08-24 12:00:00,16.96,72.7,73.0,0.0,73.0,349.5,1.1,253.0,87180.0,True,8,12,236
2015-08-24 13:00:00,16.96,72.7,108.0,0.0,108.0,359.2,1.31,273.0,87140.0,True,8,13,236
2015-08-24 14:00:00,15.83,77.85,92.0,0.0,92.0,351.05,2.48,269.0,87210.0,True,8,14,236
2015-08-24 15:00:00,13.65,89.4,85.0,0.0,85.0,361.3,1.93,265.0,87310.0,True,8,15,236
2015-08-24 16:00:00,13.05,92.65,63.0,0.0,63.0,342.55,1.52,248.0,87360.0,True,8,16,236
2015-08-24 17:00:00,12.54,83.25,38.0,0.0,38.0,359.55,1.93,241.0,87440.0,True,8,17,236
2015-08-24 18:00:00,11.09,95.9,5.0,0.0,5.0,358.6,1.93,232.0,87540.0,True,8,18,236
2015-08-24 19:00:00,11.17,99.35,0.0,-0.0,0.0,339.25,1.24,203.0,87530.0,True,8,19,236
2015-08-24 20:00:00,11.28,95.9,0.0,-0.0,0.0,355.9,1.24,213.0,87600.0,True,8,20,236
2015-08-24 21:00:00,11.16,95.9,0.0,-0.0,0.0,348.95,1.31,224.0,87640.0,True,8,21,236
2015-08-24 22:00:00,10.8,92.55,0.0,-0.0,0.0,339.85,1.59,246.0,87680.0,True,8,22,236
2015-08-24 23:00:00,10.12,95.9,0.0,-0.0,0.0,339.05,1.79,255.0,87720.0,True,8,23,236
2015-08-25 00:00:00,9.49,95.85,0.0,-0.0,0.0,332.3,1.52,252.0,87810.0,True,8,0,237
2015-08-25 01:00:00,9.14,99.4,0.0,-0.0,0.0,321.15,1.24,245.0,87860.0,True,8,1,237
2015-08-25 02:00:00,8.56,99.4,0.0,-0.0,0.0,301.1,1.03,237.0,87860.0,True,8,2,237
2015-08-25 03:00:00,7.94,99.4,0.0,-0.0,0.0,307.5,0.83,244.0,87870.0,True,8,3,237
2015-08-25 04:00:00,7.4,99.4,0.0,-0.0,0.0,305.55,0.76,254.0,87880.0,True,8,4,237
2015-08-25 05:00:00,7.46,99.4,20.0,0.0,20.0,315.65,0.62,273.0,87920.0,True,8,5,237
2015-08-25 06:00:00,8.76,95.85,150.0,187.42,104.0,308.1,0.69,294.0,87980.0,True,8,6,237
2015-08-25 07:00:00,9.2,85.95,333.0,430.1,155.0,326.5,1.24,294.0,88040.0,True,8,7,237
2015-08-25 08:00:00,10.18,86.0,522.0,649.64,156.0,319.1,1.31,290.0,88050.0,True,8,8,237
2015-08-25 09:00:00,11.5,74.55,645.0,656.58,196.0,311.55,1.52,289.0,88060.0,True,8,9,237
2015-08-25 10:00:00,12.38,69.45,700.0,567.12,265.0,309.85,1.52,290.0,88070.0,True,8,10,237
2015-08-25 11:00:00,13.83,62.45,676.0,410.03,345.0,301.1,1.38,282.0,88070.0,True,8,11,237
2015-08-25 12:00:00,14.95,56.15,676.0,419.07,340.0,320.65,1.24,274.0,88070.0,True,8,12,237
2015-08-25 13:00:00,15.7,52.25,619.0,391.49,325.0,302.5,1.38,292.0,88070.0,True,8,13,237
2015-08-25 14:00:00,16.29,50.6,643.0,741.26,155.0,284.85,1.66,294.0,88070.0,True,8,14,237
2015-08-25 15:00:00,16.1,52.4,498.0,686.61,134.0,286.2,1.72,297.0,88130.0,True,8,15,237
2015-08-25 16:00:00,15.6,54.25,337.0,642.44,96.0,289.1,1.31,296.0,88140.0,True,8,16,237
2015-08-25 17:00:00,14.91,56.15,160.0,480.67,62.0,286.05,0.97,301.0,88160.0,True,8,17,237
2015-08-25 18:00:00,13.99,64.75,8.0,0.0,8.0,280.6,0.76,305.0,88170.0,True,8,18,237
2015-08-25 19:00:00,13.5,64.65,0.0,-0.0,0.0,281.4,0.0,346.0,88150.0,True,8,19,237
2015-08-25 20:00:00,12.96,64.65,0.0,-0.0,0.0,285.45,0.21,187.0,88200.0,True,8,20,237
2015-08-25 21:00:00,12.4,69.45,0.0,-0.0,0.0,280.6,0.62,165.0,88230.0,True,8,21,237
2015-08-25 22:00:00,11.05,77.2,0.0,-0.0,0.0,278.65,0.76,152.0,88200.0,True,8,22,237
2015-08-25 23:00:00,9.85,79.95,0.0,-0.0,0.0,277.7,0.9,147.0,88180.0,True,8,23,237
2015-08-26 00:00:00,8.88,85.95,0.0,-0.0,0.0,275.95,1.03,143.0,88170.0,True,8,0,238
2015-08-26 01:00:00,8.16,89.05,0.0,-0.0,0.0,274.9,1.1,139.0,88170.0,True,8,1,238
2015-08-26 02:00:00,7.28,89.0,0.0,-0.0,0.0,274.2,1.24,137.0,88140.0,True,8,2,238
2015-08-26 03:00:00,6.74,92.35,0.0,-0.0,0.0,277.3,1.31,134.0,88120.0,True,8,3,238
2015-08-26 04:00:00,6.45,92.3,0.0,-0.0,0.0,278.5,1.31,134.0,88080.0,True,8,4,238
2015-08-26 05:00:00,6.25,92.3,21.0,0.0,21.0,275.6,1.38,132.0,88060.0,True,8,5,238
2015-08-26 06:00:00,7.31,92.35,199.0,541.1,68.0,291.05,0.97,133.0,88060.0,True,8,6,238
2015-08-26 07:00:00,10.38,83.0,379.0,684.29,98.0,321.65,0.9,133.0,88120.0,True,8,7,238
2015-08-26 08:00:00,13.8,72.2,541.0,742.55,125.0,312.35,0.55,123.0,88120.0,True,8,8,238
2015-08-26 09:00:00,16.78,58.7,680.0,796.28,138.0,304.05,0.28,79.0,88120.0,True,8,9,238
2015-08-26 10:00:00,18.82,53.15,787.0,853.7,135.0,291.65,0.21,1.0,88070.0,True,8,10,238
2015-08-26 11:00:00,20.35,48.05,835.0,867.15,138.0,297.85,0.48,322.0,88040.0,True,8,11,238
2015-08-26 12:00:00,21.49,46.6,829.0,865.82,138.0,304.4,0.9,306.0,88000.0,True,8,12,238
2015-08-26 13:00:00,22.07,46.75,776.0,871.46,125.0,308.1,1.31,304.0,87990.0,True,8,13,238
2015-08-26 14:00:00,21.99,48.45,665.0,834.77,119.0,314.85,1.45,299.0,87950.0,True,8,14,238
2015-08-26 15:00:00,21.55,50.05,515.0,772.48,109.0,318.15,1.38,292.0,87950.0,True,8,15,238
2015-08-26 16:00:00,20.92,53.6,337.0,661.64,92.0,318.95,1.1,286.0,87930.0,True,8,16,238
2015-08-26 17:00:00,20.15,59.35,157.0,487.95,60.0,315.45,0.83,283.0,87940.0,True,8,17,238
2015-08-26 18:00:00,18.78,70.55,7.0,0.0,7.0,315.45,0.55,258.0,87950.0,True,8,18,238
2015-08-26 19:00:00,18.3,65.65,0.0,-0.0,0.0,315.25,0.48,198.0,87970.0,True,8,19,238
2015-08-26 20:00:00,15.77,77.85,0.0,-0.0,0.0,316.4,1.03,162.0,88000.0,True,8,20,238
2015-08-26 21:00:00,14.15,86.35,0.0,-0.0,0.0,307.9,1.24,158.0,88000.0,True,8,21,238
2015-08-26 22:00:00,12.78,86.3,0.0,-0.0,0.0,309.65,1.38,157.0,88010.0,True,8,22,238
2015-08-26 23:00:00,11.88,89.35,0.0,-0.0,0.0,305.75,1.52,152.0,87980.0,True,8,23,238
2015-08-27 00:00:00,11.53,92.55,0.0,-0.0,0.0,314.3,1.52,150.0,87960.0,True,8,0,239
2015-08-27 01:00:00,10.96,92.55,0.0,-0.0,0.0,308.8,1.59,150.0,87950.0,True,8,1,239
2015-08-27 02:00:00,10.52,92.5,0.0,-0.0,0.0,308.85,1.66,148.0,87920.0,True,8,2,239
2015-08-27 03:00:00,10.13,92.5,0.0,-0.0,0.0,313.1,1.72,145.0,87890.0,True,8,3,239
2015-08-27 04:00:00,9.81,92.5,0.0,-0.0,0.0,307.5,1.79,142.0,87860.0,True,8,4,239
2015-08-27 05:00:00,9.7,89.2,3.0,0.0,3.0,319.3,1.79,142.0,87850.0,True,8,5,239
2015-08-27 06:00:00,10.23,86.05,192.0,519.39,68.0,316.2,1.72,143.0,87890.0,True,8,6,239
2015-08-27 07:00:00,13.38,83.25,368.0,662.73,98.0,301.7,1.17,145.0,87870.0,True,8,7,239
2015-08-27 08:00:00,17.33,70.3,528.0,721.68,126.0,304.4,0.97,153.0,87880.0,True,8,8,239
2015-08-27 09:00:00,20.02,57.3,658.0,746.94,152.0,307.7,0.76,179.0,87890.0,True,8,9,239
2015-08-27 10:00:00,21.8,51.9,750.0,764.08,169.0,311.55,0.9,213.0,87900.0,True,8,10,239
2015-08-27 11:00:00,23.02,45.35,792.0,762.25,182.0,320.65,1.24,243.0,87910.0,True,8,11,239
2015-08-27 12:00:00,23.81,43.9,760.0,679.82,220.0,329.4,1.72,256.0,87890.0,True,8,12,239
2015-08-27 13:00:00,24.06,42.35,632.0,452.23,296.0,334.6,1.93,262.0,87860.0,True,8,13,239
2015-08-27 14:00:00,23.99,42.35,493.0,306.28,294.0,337.3,1.79,264.0,87840.0,True,8,14,239
2015-08-27 15:00:00,23.59,42.35,487.0,692.97,126.0,335.2,1.59,272.0,87830.0,True,8,15,239
2015-08-27 16:00:00,22.69,50.3,315.0,574.75,105.0,336.15,1.17,277.0,87840.0,True,8,16,239
2015-08-27 17:00:00,21.59,59.7,149.0,464.78,59.0,331.9,0.83,264.0,87850.0,True,8,17,239
2015-08-27 18:00:00,19.93,73.2,0.0,0.0,0.0,327.85,0.76,239.0,87850.0,True,8,18,239
2015-08-27 19:00:00,18.86,70.55,0.0,-0.0,0.0,325.7,0.83,215.0,87830.0,True,8,19,239
2015-08-27 20:00:00,17.51,75.4,0.0,-0.0,0.0,329.2,1.03,192.0,87880.0,True,8,20,239
2015-08-27 21:00:00,16.24,77.95,0.0,-0.0,0.0,337.3,1.24,182.0,87910.0,True,8,21,239
2015-08-27 22:00:00,15.57,83.5,0.0,-0.0,0.0,341.4,1.31,181.0,87950.0,True,8,22,239
2015-08-27 23:00:00,15.37,80.6,0.0,-0.0,0.0,349.3,1.24,179.0,87970.0,True,8,23,239
2015-08-28 00:00:00,14.77,80.55,0.0,-0.0,0.0,329.55,1.24,168.0,87990.0,True,8,0,240
2015-08-28 01:00:00,13.98,86.35,0.0,-0.0,0.0,327.35,1.31,158.0,87990.0,True,8,1,240
2015-08-28 02:00:00,13.17,86.3,0.0,-0.0,0.0,314.85,1.38,153.0,88000.0,True,8,2,240
2015-08-28 03:00:00,12.59,86.25,0.0,-0.0,0.0,315.85,1.52,149.0,87990.0,True,8,3,240
2015-08-28 04:00:00,12.43,86.25,0.0,-0.0,0.0,319.9,1.59,149.0,88000.0,True,8,4,240
2015-08-28 05:00:00,12.36,86.25,16.0,0.0,16.0,332.5,1.72,148.0,88040.0,True,8,5,240
2015-08-28 06:00:00,12.93,86.3,144.0,203.94,96.0,328.6,1.52,150.0,88090.0,True,8,6,240
2015-08-28 07:00:00,15.02,83.45,280.0,264.76,173.0,327.45,1.1,151.0,88170.0,True,8,7,240
2015-08-28 08:00:00,18.64,72.95,479.0,539.9,180.0,327.65,0.76,175.0,88220.0,True,8,8,240
2015-08-28 09:00:00,20.88,57.55,605.0,581.46,213.0,329.0,0.83,243.0,88270.0,True,8,9,240
2015-08-28 10:00:00,22.13,52.0,678.0,558.78,255.0,331.3,1.38,266.0,88330.0,True,8,10,240
2015-08-28 11:00:00,22.89,47.0,660.0,415.47,329.0,339.05,1.59,267.0,88340.0,True,8,11,240
2015-08-28 12:00:00,23.44,47.15,794.0,822.25,144.0,337.7,1.72,265.0,88360.0,True,8,12,240
2015-08-28 13:00:00,23.76,47.15,746.0,836.39,128.0,340.2,1.66,267.0,88340.0,True,8,13,240
2015-08-28 14:00:00,23.8,48.8,633.0,787.18,125.0,343.7,1.59,274.0,88350.0,True,8,14,240
2015-08-28 15:00:00,23.57,48.8,481.0,703.15,118.0,338.5,1.52,281.0,88340.0,True,8,15,240
2015-08-28 16:00:00,22.81,52.25,315.0,615.98,93.0,339.05,1.1,290.0,88360.0,True,8,16,240
2015-08-28 17:00:00,21.98,59.8,141.0,440.5,58.0,338.5,0.83,294.0,88380.0,True,8,17,240
2015-08-28 18:00:00,20.88,68.5,0.0,0.0,0.0,334.6,0.41,287.0,88420.0,True,8,18,240
2015-08-28 19:00:00,21.18,61.7,0.0,-0.0,0.0,338.85,0.21,137.0,88410.0,True,8,19,240
2015-08-28 20:00:00,20.15,65.95,0.0,-0.0,0.0,344.65,0.69,142.0,88420.0,True,8,20,240
2015-08-28 21:00:00,18.22,75.45,0.0,-0.0,0.0,335.0,0.9,142.0,88470.0,True,8,21,240
2015-08-28 22:00:00,16.91,80.8,0.0,-0.0,0.0,338.3,1.03,140.0,88470.0,True,8,22,240
2015-08-28 23:00:00,15.84,83.55,0.0,-0.0,0.0,330.75,1.17,136.0,88460.0,True,8,23,240
2015-08-29 00:00:00,15.03,86.45,0.0,-0.0,0.0,329.75,1.31,134.0,88450.0,True,8,0,241
2015-08-29 01:00:00,14.41,89.5,0.0,-0.0,0.0,327.15,1.38,136.0,88460.0,True,8,1,241
2015-08-29 02:00:00,14.13,89.45,0.0,-0.0,0.0,329.2,1.45,138.0,88450.0,True,8,2,241
2015-08-29 03:00:00,13.73,89.45,0.0,-0.0,0.0,329.0,1.52,139.0,88420.0,True,8,3,241
2015-08-29 04:00:00,13.22,89.4,0.0,-0.0,0.0,327.65,1.52,138.0,88420.0,True,8,4,241
2015-08-29 05:00:00,12.31,92.6,17.0,0.0,17.0,329.4,1.45,137.0,88430.0,True,8,5,241
2015-08-29 06:00:00,13.32,92.65,180.0,478.52,69.0,328.0,1.1,137.0,88490.0,True,8,6,241
2015-08-29 07:00:00,17.65,80.85,352.0,631.16,99.0,331.7,0.69,146.0,88530.0,True,8,7,241
2015-08-29 08:00:00,20.25,65.95,515.0,717.47,120.0,332.85,0.34,144.0,88550.0,True,8,8,241
2015-08-29 09:00:00,21.81,59.8,655.0,785.57,128.0,337.9,0.41,343.0,88580.0,True,8,9,241
2015-08-29 10:00:00,22.97,58.0,752.0,820.1,134.0,345.25,0.83,339.0,88600.0,True,8,10,241
2015-08-29 11:00:00,23.83,56.15,795.0,824.66,141.0,351.45,1.03,339.0,88550.0,True,8,11,241
2015-08-29 12:00:00,24.45,56.25,787.0,822.5,140.0,357.45,1.03,340.0,88540.0,True,8,12,241
2015-08-29 13:00:00,24.79,56.25,735.0,826.16,128.0,358.8,1.1,335.0,88500.0,True,8,13,241
2015-08-29 14:00:00,24.9,54.45,626.0,786.43,122.0,365.0,1.03,330.0,88450.0,True,8,14,241
2015-08-29 15:00:00,24.14,58.1,479.0,719.48,111.0,374.85,0.9,325.0,88440.0,True,8,15,241
2015-08-29 16:00:00,23.2,64.3,305.0,593.77,94.0,378.55,0.28,285.0,88460.0,True,8,16,241
2015-08-29 17:00:00,22.28,73.55,131.0,387.67,60.0,367.9,0.14,249.0,88450.0,True,8,17,241
2015-08-29 18:00:00,21.78,76.0,0.0,0.0,0.0,370.4,0.28,200.0,88460.0,True,8,18,241
2015-08-29 19:00:00,19.65,86.85,0.0,-0.0,0.0,367.5,0.55,136.0,88430.0,True,8,19,241
2015-08-29 20:00:00,18.16,92.85,0.0,-0.0,0.0,365.4,0.62,156.0,88470.0,True,8,20,241
2015-08-29 21:00:00,17.15,96.05,0.0,-0.0,0.0,360.75,1.17,179.0,88470.0,True,8,21,241
2015-08-29 22:00:00,16.77,92.8,0.0,-0.0,0.0,357.45,1.03,157.0,88450.0,True,8,22,241
2015-08-29 23:00:00,16.0,96.0,0.0,-0.0,0.0,354.15,1.03,145.0,88470.0,True,8,23,241
2015-08-30 00:00:00,15.21,100.0,0.0,-0.0,0.0,352.4,1.17,143.0,88460.0,True,8,0,242
2015-08-30 01:00:00,14.78,99.4,0.0,-0.0,0.0,351.55,1.24,142.0,88440.0,True,8,1,242
2015-08-30 02:00:00,14.46,99.35,0.0,-0.0,0.0,347.75,1.24,143.0,88410.0,True,8,2,242
2015-08-30 03:00:00,14.15,99.4,0.0,-0.0,0.0,352.6,1.31,140.0,88410.0,True,8,3,242
2015-08-30 04:00:00,13.89,99.4,0.0,-0.0,0.0,357.65,1.45,141.0,88410.0,True,8,4,242
2015-08-30 05:00:00,13.24,99.4,16.0,0.0,16.0,359.75,1.52,140.0,88410.0,True,8,5,242
2015-08-30 06:00:00,13.68,99.4,170.0,424.42,73.0,354.15,1.38,136.0,88450.0,True,8,6,242
2015-08-30 07:00:00,16.7,92.8,347.0,618.82,101.0,349.1,0.9,130.0,88480.0,True,8,7,242
2015-08-30 08:00:00,18.86,78.3,506.0,687.07,130.0,363.45,0.76,106.0,88460.0,True,8,8,242
2015-08-30 09:00:00,20.95,68.5,634.0,714.61,157.0,348.35,0.69,66.0,88490.0,True,8,9,242
2015-08-30 10:00:00,22.32,57.9,748.0,814.58,137.0,356.85,0.83,39.0,88470.0,True,8,10,242
2015-08-30 11:00:00,23.41,52.35,795.0,829.78,140.0,352.4,1.17,28.0,88450.0,True,8,11,242
2015-08-30 12:00:00,24.19,52.35,774.0,787.03,158.0,356.1,1.38,23.0,88400.0,True,8,12,242
2015-08-30 13:00:00,24.66,48.95,692.0,687.21,190.0,352.8,1.45,15.0,88360.0,True,8,13,242
2015-08-30 14:00:00,24.59,50.7,601.0,704.03,153.0,351.85,1.52,4.0,88320.0,True,8,14,242
2015-08-30 15:00:00,24.42,52.5,464.0,669.1,125.0,352.2,1.45,356.0,88300.0,True,8,15,242
2015-08-30 16:00:00,23.65,56.15,295.0,556.74,100.0,352.4,1.17,342.0,88290.0,True,8,16,242
2015-08-30 17:00:00,22.77,62.05,124.0,348.68,62.0,349.5,0.76,317.0,88310.0,True,8,17,242
2015-08-30 18:00:00,21.44,73.45,0.0,0.0,0.0,351.05,0.48,265.0,88330.0,True,8,18,242
2015-08-30 19:00:00,20.4,73.3,0.0,-0.0,0.0,355.1,0.69,252.0,88310.0,True,8,19,242
2015-08-30 20:00:00,19.73,75.7,0.0,-0.0,0.0,352.4,0.76,224.0,88320.0,True,8,20,242
2015-08-30 21:00:00,18.05,80.9,0.0,-0.0,0.0,347.95,1.03,174.0,88340.0,True,8,21,242
2015-08-30 22:00:00,16.55,89.65,0.0,-0.0,0.0,346.4,1.17,151.0,88280.0,True,8,22,242
2015-08-30 23:00:00,15.66,92.75,0.0,-0.0,0.0,349.5,1.17,149.0,88250.0,True,8,23,242
2015-08-31 00:00:00,14.45,96.0,0.0,-0.0,0.0,330.35,1.24,149.0,88210.0,True,8,0,243
2015-08-31 01:00:00,13.8,95.95,0.0,-0.0,0.0,332.2,1.38,145.0,88200.0,True,8,1,243
2015-08-31 02:00:00,13.43,95.95,0.0,-0.0,0.0,335.55,1.38,140.0,88160.0,True,8,2,243
2015-08-31 03:00:00,12.76,92.65,0.0,-0.0,0.0,325.1,1.45,141.0,88110.0,True,8,3,243
2015-08-31 04:00:00,12.31,92.6,0.0,-0.0,0.0,328.2,1.45,144.0,88070.0,True,8,4,243
2015-08-31 05:00:00,11.93,89.35,14.0,0.0,14.0,325.1,1.45,142.0,88060.0,True,8,5,243
2015-08-31 06:00:00,12.54,86.25,168.0,422.01,73.0,320.1,1.31,140.0,88070.0,True,8,6,243
2015-08-31 07:00:00,15.19,86.45,347.0,621.53,102.0,332.1,0.97,139.0,88130.0,True,8,7,243
2015-08-31 08:00:00,17.81,72.9,515.0,724.38,121.0,329.55,0.83,139.0,88110.0,True,8,8,243
2015-08-31 09:00:00,20.2,61.5,653.0,781.51,134.0,333.05,0.55,156.0,88140.0,True,8,9,243
2015-08-31 10:00:00,21.73,51.9,745.0,802.37,146.0,324.35,0.62,212.0,88130.0,True,8,10,243
2015-08-31 11:00:00,22.95,43.75,778.0,770.09,173.0,334.8,1.17,238.0,88100.0,True,8,11,243
2015-08-31 12:00:00,23.78,40.9,784.0,814.2,150.0,323.4,1.72,249.0,88070.0,True,8,12,243
2015-08-31 13:00:00,24.14,39.45,731.0,820.71,135.0,329.2,2.14,250.0,88040.0,True,8,13,243
2015-08-31 14:00:00,24.12,38.05,621.0,781.97,127.0,329.4,2.21,258.0,88010.0,True,8,14,243
2015-08-31 15:00:00,23.72,38.05,470.0,705.53,116.0,330.75,2.07,262.0,87950.0,True,8,15,243
2015-08-31 16:00:00,22.59,52.98,296.0,579.57,96.0,335.65,1.12,271.0,87910.0,True,8,16,243
2015-08-31 17:00:00,21.19,55.73,123.0,376.99,58.0,330.29,1.13,260.0,87900.0,True,8,17,243
2015-08-31 18:00:00,19.79,58.48,0.0,-0.0,0.0,324.93,1.14,244.0,87890.0,True,8,18,243
2015-08-31 19:00:00,18.38,61.23,0.0,-0.0,0.0,319.58,1.15,211.0,87890.0,True,8,19,243
2015-08-31 20:00:00,16.98,63.98,0.0,-0.0,0.0,314.22,1.16,170.0,87880.0,True,8,20,243
2015-08-31 21:00:00,15.58,66.74,0.0,-0.0,0.0,308.86,1.17,160.0,87870.0,True,8,21,243
2015-08-31 22:00:00,14.18,69.49,0.0,-0.0,0.0,303.5,1.18,148.0,87810.0,True,8,22,243
2015-08-31 23:00:00,12.78,72.24,0.0,-0.0,0.0,298.15,1.18,148.0,87790.0,True,8,23,243
2006-09-01 00:00:00,11.37,74.99,0.0,-0.0,0.0,292.79,1.19,124.0,88360.0,True,9,0,244
2006-09-01 01:00:00,9.97,77.74,0.0,-0.0,0.0,287.43,1.2,127.0,88310.0,True,9,1,244
2006-09-01 02:00:00,8.57,80.5,0.0,-0.0,0.0,282.08,1.21,131.0,88270.0,True,9,2,244
2006-09-01 03:00:00,7.17,83.25,0.0,-0.0,0.0,276.72,1.22,135.0,88250.0,True,9,3,244
2006-09-01 04:00:00,5.77,86.0,0.0,-0.0,0.0,271.36,1.23,134.0,88210.0,True,9,4,244
2006-09-01 05:00:00,4.36,88.75,13.0,0.0,13.0,266.0,1.24,133.0,88180.0,True,9,5,244
2006-09-01 06:00:00,2.96,91.5,183.0,550.39,61.0,260.65,1.25,132.0,88200.0,True,9,6,244
2006-09-01 07:00:00,1.56,94.26,363.0,701.09,89.0,255.29,1.26,136.0,88260.0,True,9,7,244
2006-09-01 08:00:00,12.87,64.55,535.0,797.33,104.0,282.15,0.28,149.0,88280.0,True,9,8,244
2006-09-01 09:00:00,15.31,52.25,678.0,856.72,112.0,279.65,0.34,254.0,88310.0,True,9,9,244
2006-09-01 10:00:00,17.06,48.9,778.0,891.04,116.0,283.9,0.83,268.0,88320.0,True,9,10,244
2006-09-01 11:00:00,18.29,44.2,825.0,906.86,116.0,289.3,0.97,274.0,88290.0,True,9,11,244
2006-09-01 12:00:00,19.21,41.3,830.0,941.11,101.0,293.75,1.1,277.0,88270.0,True,9,12,244
2006-09-01 13:00:00,19.73,41.45,749.0,872.77,119.0,297.45,1.38,281.0,88270.0,True,9,13,244
2006-09-01 14:00:00,19.78,43.0,640.0,845.19,110.0,300.35,1.45,282.0,88250.0,True,9,14,244
2006-09-01 15:00:00,19.44,46.1,487.0,779.0,100.0,302.1,1.38,283.0,88210.0,True,9,15,244
2006-09-01 16:00:00,18.77,51.25,308.0,659.11,84.0,302.1,1.17,286.0,88200.0,True,9,16,244
2006-09-01 17:00:00,17.84,58.9,131.0,485.12,50.0,301.1,0.9,278.0,88200.0,True,9,17,244
2006-09-01 18:00:00,16.95,60.85,0.0,-0.0,0.0,297.45,0.55,232.0,88180.0,True,9,18,244
2006-09-01 19:00:00,16.12,60.75,0.0,-0.0,0.0,293.0,0.76,193.0,88130.0,True,9,19,244
2006-09-01 20:00:00,13.86,72.2,0.0,-0.0,0.0,290.85,1.03,169.0,88140.0,True,9,20,244
2006-09-01 21:00:00,11.78,80.15,0.0,-0.0,0.0,288.55,1.24,161.0,88130.0,True,9,21,244
2006-09-01 22:00:00,10.2,86.0,0.0,-0.0,0.0,286.6,1.45,154.0,88130.0,True,9,22,244
2006-09-01 23:00:00,9.27,82.9,0.0,-0.0,0.0,286.6,1.59,150.0,88100.0,True,9,23,244
2006-09-02 00:00:00,8.77,82.85,0.0,-0.0,0.0,284.1,1.59,150.0,88090.0,True,9,0,245
2006-09-02 01:00:00,8.26,85.9,0.0,-0.0,0.0,284.2,1.66,150.0,88050.0,True,9,1,245
2006-09-02 02:00:00,7.97,89.05,0.0,-0.0,0.0,287.0,1.66,151.0,88020.0,True,9,2,245
2006-09-02 03:00:00,7.75,85.85,0.0,-0.0,0.0,287.4,1.66,150.0,88000.0,True,9,3,245
2006-09-02 04:00:00,7.39,85.8,0.0,-0.0,0.0,284.3,1.66,149.0,87980.0,True,9,4,245
2006-09-02 05:00:00,7.56,82.7,4.0,0.0,4.0,304.8,1.59,150.0,87970.0,True,9,5,245
2006-09-02 06:00:00,8.61,82.85,64.0,4.58,63.0,308.3,1.45,151.0,88000.0,True,9,6,245
2006-09-02 07:00:00,11.48,83.05,203.0,82.6,171.0,307.9,0.9,158.0,88040.0,True,9,7,245
2006-09-02 08:00:00,14.97,75.0,229.0,20.48,218.0,320.65,0.69,176.0,88050.0,True,9,8,245
2006-09-02 09:00:00,17.15,56.75,393.0,114.12,318.0,325.9,0.9,221.0,88060.0,True,9,9,245
2006-09-02 10:00:00,18.02,52.9,242.0,1.35,241.0,339.05,1.1,247.0,88060.0,True,9,10,245
2006-09-02 11:00:00,18.9,47.65,371.0,32.14,346.0,335.75,1.45,254.0,88060.0,True,9,11,245
2006-09-02 12:00:00,19.45,47.8,359.0,28.55,337.0,333.65,2.07,255.0,88050.0,True,9,12,245
2006-09-02 13:00:00,19.32,47.8,357.0,43.21,326.0,356.1,2.14,256.0,88080.0,True,9,13,245
2006-09-02 14:00:00,18.94,51.25,293.0,33.74,272.0,355.3,1.93,257.0,88070.0,True,9,14,245
2006-09-02 15:00:00,18.47,56.95,334.0,217.58,227.0,347.4,1.45,256.0,88080.0,True,9,15,245
2006-09-02 16:00:00,17.83,63.3,150.0,38.86,137.0,342.75,1.17,257.0,88090.0,True,9,16,245
2006-09-02 17:00:00,17.29,70.3,44.0,0.0,44.0,344.3,1.03,251.0,88130.0,True,9,17,245
2006-09-02 18:00:00,16.16,75.25,0.0,-0.0,0.0,343.7,0.97,241.0,88110.0,True,9,18,245
2006-09-02 19:00:00,14.73,80.55,0.0,-0.0,0.0,331.3,0.9,257.0,88120.0,True,9,19,245
2006-09-02 20:00:00,14.14,77.65,0.0,-0.0,0.0,326.5,0.83,228.0,88150.0,True,9,20,245
2006-09-02 21:00:00,13.3,80.35,0.0,-0.0,0.0,326.3,0.9,193.0,88160.0,True,9,21,245
2006-09-02 22:00:00,12.61,83.25,0.0,-0.0,0.0,332.65,0.97,176.0,88160.0,True,9,22,245
2006-09-02 23:00:00,11.87,86.15,0.0,-0.0,0.0,331.3,1.1,168.0,88170.0,True,9,23,245
2006-09-03 00:00:00,11.62,86.15,0.0,-0.0,0.0,331.1,1.03,170.0,88190.0,True,9,0,246
2006-09-03 01:00:00,11.75,86.15,0.0,-0.0,0.0,334.35,1.03,167.0,88180.0,True,9,1,246
2006-09-03 02:00:00,11.85,86.15,0.0,-0.0,0.0,349.7,0.97,168.0,88190.0,True,9,2,246
2006-09-03 03:00:00,12.07,83.15,0.0,-0.0,0.0,358.0,0.9,170.0,88210.0,True,9,3,246
2006-09-03 04:00:00,12.13,83.15,0.0,-0.0,0.0,358.6,0.9,167.0,88220.0,True,9,4,246
2006-09-03 05:00:00,11.94,83.1,4.0,0.0,4.0,346.6,0.9,165.0,88230.0,True,9,5,246
2006-09-03 06:00:00,12.1,83.15,78.0,23.29,73.0,347.95,0.9,165.0,88270.0,True,9,6,246
2006-09-03 07:00:00,12.82,80.3,157.0,23.44,148.0,366.75,1.1,172.0,88320.0,True,9,7,246
2006-09-03 08:00:00,13.55,86.35,399.0,326.01,225.0,360.15,0.76,186.0,88360.0,True,9,8,246
2006-09-03 09:00:00,14.72,83.45,495.0,318.21,287.0,368.1,0.76,199.0,88410.0,True,9,9,246
2006-09-03 10:00:00,16.49,72.65,685.0,653.87,204.0,367.9,1.03,221.0,88470.0,True,9,10,246
2006-09-03 11:00:00,18.24,61.2,400.0,54.26,358.0,355.3,1.31,236.0,88480.0,True,9,11,246
2006-09-03 12:00:00,19.65,55.3,723.0,677.27,204.0,339.65,1.66,252.0,88480.0,True,9,12,246
2006-09-03 13:00:00,20.44,57.3,718.0,840.19,119.0,337.1,1.72,258.0,88520.0,True,9,13,246
2006-09-03 14:00:00,20.65,57.45,606.0,798.3,113.0,341.2,1.72,260.0,88540.0,True,9,14,246
2006-09-03 15:00:00,20.46,61.5,460.0,737.65,101.0,349.3,1.59,260.0,88540.0,True,9,15,246
2006-09-03 16:00:00,20.14,63.7,286.0,619.64,82.0,349.5,1.38,256.0,88560.0,True,9,16,246
2006-09-03 17:00:00,19.28,70.65,107.0,352.75,52.0,341.4,1.1,252.0,88580.0,True,9,17,246
2006-09-03 18:00:00,18.01,78.15,0.0,-0.0,0.0,330.35,0.97,238.0,88580.0,True,9,18,246
2006-09-03 19:00:00,16.66,83.65,0.0,-0.0,0.0,325.5,0.9,230.0,88650.0,True,9,19,246
2006-09-03 20:00:00,15.71,86.5,0.0,-0.0,0.0,323.0,0.9,206.0,88690.0,True,9,20,246
2006-09-03 21:00:00,14.98,89.5,0.0,-0.0,0.0,322.6,0.9,199.0,88720.0,True,9,21,246
2006-09-03 22:00:00,14.3,89.5,0.0,-0.0,0.0,320.85,0.9,192.0,88760.0,True,9,22,246
2006-09-03 23:00:00,13.78,89.45,0.0,-0.0,0.0,319.9,0.9,182.0,88780.0,True,9,23,246
2006-09-04 00:00:00,12.88,92.6,0.0,-0.0,0.0,324.75,0.97,170.0,88800.0,True,9,0,247
2006-09-04 01:00:00,11.59,95.9,0.0,-0.0,0.0,326.4,1.17,157.0,88770.0,True,9,1,247
2006-09-04 02:00:00,11.09,99.35,0.0,-0.0,0.0,331.9,1.24,152.0,88760.0,True,9,2,247
2006-09-04 03:00:00,10.55,99.4,0.0,-0.0,0.0,335.2,1.17,151.0,88750.0,True,9,3,247
2006-09-04 04:00:00,10.27,99.4,0.0,-0.0,0.0,331.9,1.24,147.0,88740.0,True,9,4,247
2006-09-04 05:00:00,10.56,99.4,7.0,0.0,7.0,340.2,1.31,145.0,88780.0,True,9,5,247
2006-09-04 06:00:00,10.98,99.4,132.0,232.02,83.0,338.1,1.17,141.0,88800.0,True,9,6,247
2006-09-04 07:00:00,13.41,92.65,273.0,310.08,155.0,348.15,0.76,146.0,88830.0,True,9,7,247
2006-09-04 08:00:00,16.15,86.55,500.0,733.62,111.0,358.0,0.41,166.0,88880.0,True,9,8,247
2006-09-04 09:00:00,18.35,78.25,645.0,815.28,115.0,341.0,0.55,268.0,88920.0,True,9,9,247
2006-09-04 10:00:00,20.11,70.7,742.0,851.22,119.0,328.05,1.03,284.0,88920.0,True,9,10,247
2006-09-04 11:00:00,21.02,68.4,788.0,866.14,121.0,340.0,1.31,293.0,88910.0,True,9,11,247
2006-09-04 12:00:00,21.71,66.25,787.0,887.06,111.0,333.25,1.59,298.0,88940.0,True,9,12,247
2006-09-04 13:00:00,21.91,66.25,711.0,832.87,121.0,348.15,1.72,307.0,88940.0,True,9,13,247
2006-09-04 14:00:00,21.72,66.25,590.0,758.92,125.0,355.3,1.66,314.0,88940.0,True,9,14,247
2006-09-04 15:00:00,21.34,66.15,434.0,641.69,125.0,343.9,1.59,321.0,88950.0,True,9,15,247
2006-09-04 16:00:00,20.83,68.4,254.0,444.68,110.0,358.4,1.38,326.0,88960.0,True,9,16,247
2006-09-04 17:00:00,19.79,73.2,106.0,379.2,49.0,359.2,1.03,333.0,88940.0,True,9,17,247
2006-09-04 18:00:00,18.65,81.05,0.0,-0.0,0.0,337.9,0.76,354.0,88900.0,True,9,18,247
2006-09-04 19:00:00,16.93,89.65,0.0,-0.0,0.0,335.75,0.76,18.0,88920.0,True,9,19,247
2006-09-04 20:00:00,16.68,86.6,0.0,-0.0,0.0,321.65,0.62,45.0,88910.0,True,9,20,247
2006-09-04 21:00:00,15.92,92.75,0.0,-0.0,0.0,327.65,0.69,67.0,88920.0,True,9,21,247
2006-09-04 22:00:00,14.91,96.0,0.0,-0.0,0.0,324.95,0.69,81.0,88910.0,True,9,22,247
2006-09-04 23:00:00,12.81,99.4,0.0,-0.0,0.0,326.1,0.97,100.0,88900.0,True,9,23,247
2006-09-05 00:00:00,12.05,99.4,0.0,-0.0,0.0,335.55,1.1,111.0,88850.0,True,9,0,248
2006-09-05 01:00:00,11.69,99.4,0.0,-0.0,0.0,329.3,1.1,114.0,88830.0,True,9,1,248
2006-09-05 02:00:00,11.54,99.4,0.0,-0.0,0.0,342.95,1.03,111.0,88780.0,True,9,2,248
2006-09-05 03:00:00,11.55,99.4,0.0,-0.0,0.0,347.55,1.03,109.0,88770.0,True,9,3,248
2006-09-05 04:00:00,11.4,100.0,0.0,-0.0,0.0,350.5,1.1,109.0,88740.0,True,9,4,248
2006-09-05 05:00:00,11.22,99.35,6.0,0.0,6.0,347.0,1.1,112.0,88740.0,True,9,5,248
2006-09-05 06:00:00,11.41,99.35,164.0,500.83,60.0,334.2,1.1,114.0,88730.0,True,9,6,248
2006-09-05 07:00:00,13.35,92.65,339.0,657.7,91.0,347.95,0.76,109.0,88760.0,True,9,7,248
2006-09-05 08:00:00,16.43,83.6,510.0,765.07,107.0,328.4,0.62,55.0,88770.0,True,9,8,248
2006-09-05 09:00:00,18.8,68.1,650.0,826.02,116.0,315.45,1.03,31.0,88800.0,True,9,9,248
2006-09-05 10:00:00,20.31,63.7,747.0,859.77,121.0,321.45,1.24,19.0,88790.0,True,9,10,248
2006-09-05 11:00:00,21.45,61.7,793.0,875.91,122.0,317.2,1.45,17.0,88750.0,True,9,11,248
2006-09-05 12:00:00,22.28,59.8,797.0,907.93,109.0,320.65,1.66,15.0,88720.0,True,9,12,248
2006-09-05 13:00:00,22.7,57.9,720.0,852.53,120.0,319.1,1.79,16.0,88700.0,True,9,13,248
2006-09-05 14:00:00,22.74,59.95,607.0,811.12,114.0,321.85,1.79,17.0,88660.0,True,9,14,248
2006-09-05 15:00:00,22.4,61.95,455.0,741.06,102.0,322.4,1.66,17.0,88620.0,True,9,15,248
2006-09-05 16:00:00,21.59,68.5,276.0,599.91,85.0,321.45,1.52,16.0,88570.0,True,9,16,248
2006-09-05 17:00:00,20.4,75.75,103.0,387.08,47.0,319.7,1.24,15.0,88530.0,True,9,17,248
2006-09-05 18:00:00,19.02,81.05,0.0,-0.0,0.0,314.5,1.1,27.0,88490.0,True,9,18,248
2006-09-05 19:00:00,17.23,89.7,0.0,-0.0,0.0,311.0,0.97,44.0,88450.0,True,9,19,248
2006-09-05 20:00:00,16.68,86.6,0.0,-0.0,0.0,307.5,0.83,69.0,88470.0,True,9,20,248
2006-09-05 21:00:00,15.74,89.6,0.0,-0.0,0.0,304.2,0.83,90.0,88460.0,True,9,21,248
2006-09-05 22:00:00,14.98,92.7,0.0,-0.0,0.0,302.3,0.9,100.0,88430.0,True,9,22,248
2006-09-05 23:00:00,14.28,89.5,0.0,-0.0,0.0,300.75,0.9,104.0,88410.0,True,9,23,248
2006-09-06 00:00:00,13.6,89.45,0.0,-0.0,0.0,299.95,0.97,105.0,88380.0,True,9,0,249
2006-09-06 01:00:00,12.9,92.6,0.0,-0.0,0.0,298.35,0.97,112.0,88340.0,True,9,1,249
2006-09-06 02:00:00,11.54,92.55,0.0,-0.0,0.0,300.95,1.1,124.0,88290.0,True,9,2,249
2006-09-06 03:00:00,9.81,99.4,0.0,-0.0,0.0,308.3,1.45,131.0,88270.0,True,9,3,249
2006-09-06 04:00:00,9.67,99.4,0.0,-0.0,0.0,323.95,1.38,132.0,88210.0,True,9,4,249
2006-09-06 05:00:00,9.85,99.4,5.0,0.0,5.0,329.2,1.45,133.0,88190.0,True,9,5,249
2006-09-06 06:00:00,10.83,95.9,151.0,421.34,65.0,325.9,1.24,133.0,88180.0,True,9,6,249
2006-09-06 07:00:00,14.37,89.5,103.0,0.0,103.0,339.85,0.76,133.0,88250.0,True,9,7,249
2006-09-06 08:00:00,17.07,83.65,201.0,11.47,195.0,345.05,0.41,118.0,88270.0,True,9,8,249
2006-09-06 09:00:00,19.38,65.85,376.0,104.23,309.0,345.65,0.14,31.0,88290.0,True,9,9,249
2006-09-06 10:00:00,20.77,61.6,173.0,0.0,173.0,342.75,0.55,339.0,88280.0,True,9,10,249
2006-09-06 11:00:00,21.98,59.7,167.0,0.0,167.0,336.15,0.34,318.0,88280.0,True,9,11,249
2006-09-06 12:00:00,22.68,57.9,80.0,0.0,80.0,340.6,0.34,288.0,88250.0,True,9,12,249
2006-09-06 13:00:00,22.86,57.9,63.0,0.0,63.0,351.05,0.83,302.0,88210.0,True,9,13,249
2006-09-06 14:00:00,22.32,61.95,365.0,124.41,290.0,365.95,0.69,306.0,88230.0,True,9,14,249
2006-09-06 15:00:00,21.84,66.25,426.0,634.69,127.0,359.75,0.55,24.0,88220.0,True,9,15,249
2006-09-06 16:00:00,21.51,70.9,264.0,562.51,88.0,345.85,0.62,50.0,88180.0,True,9,16,249
2006-09-06 17:00:00,20.77,78.5,95.0,352.56,46.0,353.75,0.48,25.0,88120.0,True,9,17,249
2006-09-06 18:00:00,19.88,78.45,0.0,-0.0,0.0,341.2,0.41,63.0,88100.0,True,9,18,249
2006-09-06 19:00:00,18.23,83.8,0.0,-0.0,0.0,328.2,0.55,108.0,88100.0,True,9,19,249
2006-09-06 20:00:00,17.41,86.65,0.0,-0.0,0.0,317.4,0.76,129.0,88100.0,True,9,20,249
2006-09-06 21:00:00,16.03,89.6,0.0,-0.0,0.0,313.7,0.97,139.0,88080.0,True,9,21,249
2006-09-06 22:00:00,14.92,89.5,0.0,-0.0,0.0,315.65,1.17,145.0,88060.0,True,9,22,249
2006-09-06 23:00:00,13.38,92.65,0.0,-0.0,0.0,313.7,1.38,145.0,88040.0,True,9,23,249
2006-09-07 00:00:00,12.26,95.95,0.0,-0.0,0.0,317.2,1.38,142.0,88000.0,True,9,0,250
2006-09-07 01:00:00,11.13,99.35,0.0,-0.0,0.0,330.85,1.31,140.0,88000.0,True,9,1,250
2006-09-07 02:00:00,10.79,99.4,0.0,-0.0,0.0,343.1,1.24,140.0,87980.0,True,9,2,250
2006-09-07 03:00:00,11.41,99.35,0.0,-0.0,0.0,366.95,1.45,142.0,87960.0,True,9,3,250
2006-09-07 04:00:00,11.16,95.9,0.0,-0.0,0.0,350.85,1.52,143.0,87940.0,True,9,4,250
2006-09-07 05:00:00,10.95,95.9,0.0,0.0,0.0,361.1,1.52,143.0,87910.0,True,9,5,250
2006-09-07 06:00:00,11.01,95.9,148.0,428.84,62.0,366.55,1.45,143.0,87920.0,True,9,6,250
2006-09-07 07:00:00,13.57,83.35,308.0,521.56,115.0,347.0,1.03,148.0,87950.0,True,9,7,250
2006-09-07 08:00:00,16.76,75.3,487.0,715.89,115.0,334.8,0.69,160.0,87970.0,True,9,8,250
2006-09-07 09:00:00,19.46,61.4,557.0,524.15,222.0,330.75,0.55,219.0,88010.0,True,9,9,250
2006-09-07 10:00:00,20.83,59.5,600.0,427.55,292.0,329.4,0.83,267.0,88010.0,True,9,10,250
2006-09-07 11:00:00,21.7,59.7,750.0,779.83,159.0,344.65,1.31,284.0,88000.0,True,9,11,250
2006-09-07 12:00:00,21.97,61.85,748.0,807.74,143.0,345.05,1.66,285.0,87990.0,True,9,12,250
2006-09-07 13:00:00,20.3,78.45,649.0,650.91,197.0,369.45,1.1,288.0,88040.0,True,9,13,250
2006-09-07 14:00:00,19.04,75.65,514.0,503.5,213.0,363.45,0.9,237.0,88040.0,True,9,14,250
2006-09-07 15:00:00,19.35,75.7,343.0,307.01,200.0,356.1,0.76,269.0,88010.0,True,9,15,250
2006-09-07 16:00:00,17.96,86.7,146.0,55.31,129.0,355.7,0.55,282.0,88020.0,True,9,16,250
2006-09-07 17:00:00,16.22,92.8,69.0,127.58,52.0,365.75,0.55,284.0,88060.0,True,9,17,250
2006-09-07 18:00:00,15.58,89.6,0.0,-0.0,0.0,359.2,0.97,138.0,88110.0,True,9,18,250
2006-09-07 19:00:00,15.51,92.75,0.0,-0.0,0.0,355.9,0.69,224.0,88030.0,True,9,19,250
2006-09-07 20:00:00,13.85,99.4,0.0,-0.0,0.0,353.2,0.69,284.0,88070.0,True,9,20,250
2006-09-07 21:00:00,13.36,99.4,0.0,-0.0,0.0,357.05,0.55,305.0,88160.0,True,9,21,250
2006-09-07 22:00:00,13.53,100.0,0.0,-0.0,0.0,376.0,0.41,121.0,88170.0,True,9,22,250
2006-09-07 23:00:00,13.67,99.4,0.0,-0.0,0.0,377.55,0.62,115.0,88180.0,True,9,23,250
2006-09-08 00:00:00,13.56,99.4,0.0,-0.0,0.0,372.15,0.69,62.0,88170.0,True,9,0,251
2006-09-08 01:00:00,13.61,99.4,0.0,-0.0,0.0,376.15,0.97,27.0,88170.0,True,9,1,251
2006-09-08 02:00:00,13.55,99.4,0.0,-0.0,0.0,376.2,1.03,17.0,88140.0,True,9,2,251
2006-09-08 03:00:00,13.37,100.0,0.0,-0.0,0.0,379.3,1.17,18.0,88140.0,True,9,3,251
2006-09-08 04:00:00,12.96,100.0,0.0,-0.0,0.0,376.0,1.31,16.0,88150.0,True,9,4,251
2006-09-08 05:00:00,12.46,100.0,0.0,0.0,0.0,373.7,1.31,19.0,88180.0,True,9,5,251
2006-09-08 06:00:00,12.21,99.4,112.0,157.39,81.0,371.75,1.45,26.0,88230.0,True,9,6,251
2006-09-08 07:00:00,12.77,99.4,255.0,264.68,158.0,373.5,1.59,26.0,88290.0,True,9,7,251
2006-09-08 08:00:00,12.63,95.95,385.0,304.25,228.0,363.85,2.0,30.0,88320.0,True,9,8,251
2006-09-08 09:00:00,12.71,95.95,439.0,207.74,307.0,367.9,2.07,31.0,88380.0,True,9,9,251
2006-09-08 10:00:00,13.21,92.65,571.0,350.34,320.0,357.05,2.34,31.0,88400.0,True,9,10,251
2006-09-08 11:00:00,14.73,80.55,561.0,264.04,362.0,340.8,2.55,30.0,88400.0,True,9,11,251
2006-09-08 12:00:00,16.0,72.55,675.0,556.05,261.0,338.85,2.62,32.0,88380.0,True,9,12,251
2006-09-08 13:00:00,16.56,67.65,592.0,464.01,272.0,348.15,2.76,33.0,88370.0,True,9,13,251
2006-09-08 14:00:00,16.53,67.65,530.0,560.11,198.0,317.4,2.83,29.0,88350.0,True,9,14,251
2006-09-08 15:00:00,16.23,65.25,389.0,488.67,164.0,301.9,2.55,27.0,88330.0,True,9,15,251
2006-09-08 16:00:00,15.71,67.55,236.0,417.57,110.0,292.2,2.34,32.0,88330.0,True,9,16,251
2006-09-08 17:00:00,14.52,74.95,91.0,392.21,41.0,287.95,1.79,24.0,88340.0,True,9,17,251
2006-09-08 18:00:00,13.06,77.5,0.0,-0.0,0.0,285.65,1.59,29.0,88330.0,True,9,18,251
2006-09-08 19:00:00,12.53,83.15,0.0,-0.0,0.0,283.5,1.45,36.0,88350.0,True,9,19,251
2006-09-08 20:00:00,11.66,86.15,0.0,-0.0,0.0,279.85,1.38,41.0,88350.0,True,9,20,251
2006-09-08 21:00:00,10.75,89.25,0.0,-0.0,0.0,281.2,1.31,44.0,88380.0,True,9,21,251
2006-09-08 22:00:00,9.87,92.45,0.0,-0.0,0.0,280.05,1.17,52.0,88360.0,True,9,22,251
2006-09-08 23:00:00,9.21,89.15,0.0,-0.0,0.0,280.6,1.17,60.0,88350.0,True,9,23,251
2006-09-09 00:00:00,8.75,89.1,0.0,-0.0,0.0,278.5,1.1,68.0,88340.0,True,9,0,252
2006-09-09 01:00:00,8.2,89.1,0.0,-0.0,0.0,278.6,1.1,76.0,88320.0,True,9,1,252
2006-09-09 02:00:00,8.0,89.1,0.0,-0.0,0.0,278.1,1.1,82.0,88290.0,True,9,2,252
2006-09-09 03:00:00,7.96,89.05,0.0,-0.0,0.0,286.6,1.1,87.0,88280.0,True,9,3,252
2006-09-09 04:00:00,8.03,85.9,0.0,-0.0,0.0,293.4,1.1,92.0,88280.0,True,9,4,252
2006-09-09 05:00:00,8.12,85.9,0.0,0.0,0.0,284.1,1.1,97.0,88310.0,True,9,5,252
2006-09-09 06:00:00,8.49,89.1,133.0,325.83,70.0,287.0,1.03,102.0,88340.0,True,9,6,252
2006-09-09 07:00:00,11.04,89.3,312.0,567.65,106.0,308.5,0.76,102.0,88410.0,True,9,7,252
2006-09-09 08:00:00,14.34,80.45,475.0,667.46,133.0,312.75,0.69,69.0,88460.0,True,9,8,252
2006-09-09 09:00:00,16.69,70.2,633.0,815.36,118.0,308.5,0.62,47.0,88480.0,True,9,9,252
2006-09-09 10:00:00,18.71,61.3,730.0,849.15,125.0,302.5,0.62,18.0,88480.0,True,9,10,252
2006-09-09 11:00:00,19.9,59.35,774.0,864.63,126.0,312.75,0.97,358.0,88470.0,True,9,11,252
2006-09-09 12:00:00,20.57,61.5,772.0,885.12,117.0,322.05,1.17,349.0,88500.0,True,9,12,252
2006-09-09 13:00:00,20.39,63.7,687.0,804.6,136.0,319.9,1.17,346.0,88470.0,True,9,13,252
2006-09-09 14:00:00,19.8,65.95,574.0,764.11,125.0,316.6,0.48,31.0,88500.0,True,9,14,252
2006-09-09 15:00:00,20.02,65.95,377.0,457.11,169.0,323.95,0.07,304.0,88500.0,True,9,15,252
2006-09-09 16:00:00,19.54,68.2,188.0,195.87,130.0,332.3,0.34,344.0,88480.0,True,9,16,252
2006-09-09 17:00:00,18.1,81.0,41.0,16.44,39.0,323.0,0.55,60.0,88470.0,True,9,17,252
2006-09-09 18:00:00,17.02,92.8,0.0,-0.0,0.0,314.5,0.48,98.0,88470.0,True,9,18,252
2006-09-09 19:00:00,15.34,89.55,0.0,-0.0,0.0,305.4,0.83,116.0,88460.0,True,9,19,252
2006-09-09 20:00:00,14.18,92.7,0.0,-0.0,0.0,304.8,1.03,132.0,88490.0,True,9,20,252
2006-09-09 21:00:00,13.02,95.95,0.0,-0.0,0.0,304.2,1.24,135.0,88500.0,True,9,21,252
2006-09-09 22:00:00,11.73,92.55,0.0,-0.0,0.0,299.2,1.38,138.0,88480.0,True,9,22,252
2006-09-09 23:00:00,10.72,92.5,0.0,-0.0,0.0,299.95,1.52,141.0,88500.0,True,9,23,252
2006-09-10 00:00:00,9.93,95.85,0.0,-0.0,0.0,299.2,1.59,141.0,88480.0,True,9,0,253
2006-09-10 01:00:00,9.17,89.15,0.0,-0.0,0.0,300.45,1.59,141.0,88480.0,True,9,1,253
2006-09-10 02:00:00,8.76,95.85,0.0,-0.0,0.0,320.5,1.52,141.0,88470.0,True,9,2,253
2006-09-10 03:00:00,9.34,89.15,0.0,-0.0,0.0,330.35,1.59,143.0,88470.0,True,9,3,253
2006-09-10 04:00:00,9.67,89.15,0.0,-0.0,0.0,342.15,1.59,144.0,88470.0,True,9,4,253
2006-09-10 05:00:00,9.53,85.95,0.0,0.0,0.0,331.9,1.59,147.0,88490.0,True,9,5,253
2006-09-10 06:00:00,10.04,86.0,91.0,79.06,76.0,341.0,1.38,151.0,88540.0,True,9,6,253
2006-09-10 07:00:00,12.27,83.15,238.0,228.23,156.0,336.35,1.17,142.0,88520.0,True,9,7,253
2006-09-10 08:00:00,14.5,77.65,416.0,442.29,191.0,323.2,0.41,186.0,88580.0,True,9,8,253
2006-09-10 09:00:00,16.04,75.15,505.0,390.25,260.0,332.5,0.83,209.0,88650.0,True,9,9,253
2006-09-10 10:00:00,17.15,65.45,583.0,407.93,294.0,342.55,1.24,212.0,88660.0,True,9,10,253
2006-09-10 11:00:00,18.13,63.4,634.0,456.27,294.0,341.2,0.97,222.0,88640.0,True,9,11,253
2006-09-10 12:00:00,19.08,63.5,539.0,256.99,350.0,344.3,0.76,270.0,88630.0,True,9,12,253
2006-09-10 13:00:00,19.32,63.6,495.0,257.38,320.0,347.4,0.9,295.0,88630.0,True,9,13,253
2006-09-10 14:00:00,19.34,65.85,428.0,281.58,264.0,345.85,0.9,306.0,88620.0,True,9,14,253
2006-09-10 15:00:00,18.25,70.45,55.0,0.0,55.0,349.3,0.07,166.0,88610.0,True,9,15,253
2006-09-10 16:00:00,16.76,78.0,29.0,0.0,29.0,344.1,1.17,148.0,88660.0,True,9,16,253
2006-09-10 17:00:00,15.95,80.65,23.0,0.0,23.0,351.85,1.17,153.0,88640.0,True,9,17,253
2006-09-10 18:00:00,15.13,80.6,0.0,-0.0,0.0,343.1,0.9,174.0,88630.0,True,9,18,253
2006-09-10 19:00:00,14.33,89.5,0.0,-0.0,0.0,332.85,1.1,154.0,88520.0,True,9,19,253
2006-09-10 20:00:00,14.23,86.4,0.0,-0.0,0.0,336.15,0.62,219.0,88570.0,True,9,20,253
2006-09-10 21:00:00,12.67,92.6,0.0,-0.0,0.0,340.0,0.69,153.0,88650.0,True,9,21,253
2006-09-10 22:00:00,11.68,95.9,0.0,-0.0,0.0,340.2,1.1,161.0,88690.0,True,9,22,253
2006-09-10 23:00:00,11.83,95.9,0.0,-0.0,0.0,345.85,1.38,166.0,88630.0,True,9,23,253
2006-09-11 00:00:00,11.59,92.55,0.0,-0.0,0.0,335.95,1.31,163.0,88610.0,True,9,0,254
2006-09-11 01:00:00,10.59,95.9,0.0,-0.0,0.0,334.9,1.17,153.0,88590.0,True,9,1,254
2006-09-11 02:00:00,10.39,99.4,0.0,-0.0,0.0,336.95,1.03,153.0,88570.0,True,9,2,254
2006-09-11 03:00:00,9.73,99.4,0.0,-0.0,0.0,328.2,1.17,148.0,88530.0,True,9,3,254
2006-09-11 04:00:00,9.64,99.4,0.0,-0.0,0.0,334.4,1.38,139.0,88520.0,True,9,4,254
2006-09-11 05:00:00,9.76,99.4,0.0,0.0,0.0,340.4,1.38,138.0,88500.0,True,9,5,254
2006-09-11 06:00:00,9.95,99.4,32.0,0.0,32.0,326.3,1.31,139.0,88510.0,True,9,6,254
2006-09-11 07:00:00,12.6,89.4,128.0,11.25,124.0,334.2,0.9,143.0,88490.0,True,9,7,254
2006-09-11 08:00:00,14.32,86.4,226.0,29.7,211.0,326.65,0.76,143.0,88520.0,True,9,8,254
2006-09-11 09:00:00,15.98,77.85,410.0,173.09,302.0,318.35,0.41,153.0,88540.0,True,9,9,254
2006-09-11 10:00:00,17.67,65.55,354.0,45.43,322.0,320.3,0.21,190.0,88550.0,True,9,10,254
2006-09-11 11:00:00,18.4,61.2,466.0,134.98,366.0,331.5,0.34,262.0,88530.0,True,9,11,254
2006-09-11 12:00:00,18.97,57.1,339.0,27.37,319.0,331.1,0.62,292.0,88510.0,True,9,12,254
2006-09-11 13:00:00,18.26,59.05,440.0,161.48,331.0,339.65,0.55,323.0,88450.0,True,9,13,254
2006-09-11 14:00:00,17.52,65.45,201.0,3.46,199.0,335.75,0.62,173.0,88460.0,True,9,14,254
2006-09-11 15:00:00,16.61,72.7,310.0,247.7,200.0,336.15,1.03,157.0,88430.0,True,9,15,254
2006-09-11 16:00:00,15.98,77.85,236.0,533.86,84.0,351.25,0.48,188.0,88380.0,True,9,16,254
2006-09-11 17:00:00,15.5,86.5,72.0,327.37,36.0,335.0,0.21,327.0,88380.0,True,9,17,254
2006-09-11 18:00:00,14.9,89.5,0.0,-0.0,0.0,329.4,0.41,78.0,88370.0,True,9,18,254
2006-09-11 19:00:00,15.07,86.5,0.0,-0.0,0.0,324.55,0.55,113.0,88310.0,True,9,19,254
2006-09-11 20:00:00,14.13,89.5,0.0,-0.0,0.0,315.65,0.69,142.0,88310.0,True,9,20,254
2006-09-11 21:00:00,13.03,92.6,0.0,-0.0,0.0,303.65,0.9,142.0,88330.0,True,9,21,254
2006-09-11 22:00:00,11.93,92.55,0.0,-0.0,0.0,311.2,1.1,143.0,88320.0,True,9,22,254
2006-09-11 23:00:00,10.42,95.9,0.0,-0.0,0.0,299.4,1.31,144.0,88330.0,True,9,23,254
2006-09-12 00:00:00,9.47,92.45,0.0,-0.0,0.0,300.35,1.38,144.0,88320.0,True,9,0,255
2006-09-12 01:00:00,9.07,89.15,0.0,-0.0,0.0,308.95,1.45,144.0,88270.0,True,9,1,255
2006-09-12 02:00:00,8.69,89.1,0.0,-0.0,0.0,301.1,1.45,142.0,88270.0,True,9,2,255
2006-09-12 03:00:00,8.52,89.1,0.0,-0.0,0.0,307.9,1.52,138.0,88220.0,True,9,3,255
2006-09-12 04:00:00,8.02,89.1,0.0,-0.0,0.0,297.45,1.52,137.0,88180.0,True,9,4,255
2006-09-12 05:00:00,7.79,89.05,0.0,0.0,0.0,294.55,1.59,137.0,88170.0,True,9,5,255
2006-09-12 06:00:00,8.27,89.1,60.0,10.96,58.0,297.25,1.38,138.0,88190.0,True,9,6,255
2006-09-12 07:00:00,11.27,89.3,324.0,698.88,78.0,312.75,1.1,140.0,88250.0,True,9,7,255
2006-09-12 08:00:00,13.93,77.6,459.0,644.38,136.0,308.5,0.9,140.0,88280.0,True,9,8,255
2006-09-12 09:00:00,16.07,62.95,611.0,782.2,126.0,300.35,0.55,137.0,88290.0,True,9,9,255
2006-09-12 10:00:00,17.81,52.9,652.0,625.48,214.0,300.35,0.07,305.0,88320.0,True,9,10,255
2006-09-12 11:00:00,18.76,47.65,573.0,317.74,339.0,306.35,0.69,328.0,88270.0,True,9,11,255
2006-09-12 12:00:00,19.39,46.1,470.0,150.11,361.0,307.5,0.9,332.0,88280.0,True,9,12,255
2006-09-12 13:00:00,19.71,44.6,439.0,162.68,330.0,317.95,1.03,327.0,88250.0,True,9,13,255
2006-09-12 14:00:00,19.39,46.1,433.0,307.73,257.0,323.4,0.69,334.0,88210.0,True,9,14,255
2006-09-12 15:00:00,19.07,47.65,411.0,709.15,100.0,333.45,0.41,2.0,88170.0,True,9,15,255
2006-09-12 16:00:00,18.23,61.2,175.0,193.57,121.0,334.0,0.83,325.0,88140.0,True,9,16,255
2006-09-12 17:00:00,17.24,65.45,63.0,240.23,38.0,315.65,0.97,347.0,88140.0,True,9,17,255
2006-09-12 18:00:00,15.7,77.85,0.0,-0.0,0.0,319.5,0.83,22.0,88150.0,True,9,18,255
2006-09-12 19:00:00,14.69,83.45,0.0,-0.0,0.0,317.0,0.69,73.0,88130.0,True,9,19,255
2006-09-12 20:00:00,14.17,83.4,0.0,-0.0,0.0,306.35,0.69,123.0,88140.0,True,9,20,255
2006-09-12 21:00:00,13.3,86.3,0.0,-0.0,0.0,300.75,0.76,139.0,88130.0,True,9,21,255
2006-09-12 22:00:00,12.36,89.35,0.0,-0.0,0.0,297.45,0.97,146.0,88130.0,True,9,22,255
2006-09-12 23:00:00,11.01,92.5,0.0,-0.0,0.0,297.45,1.17,143.0,88100.0,True,9,23,255
2006-09-13 00:00:00,10.12,89.2,0.0,-0.0,0.0,298.4,1.38,141.0,88090.0,True,9,0,256
2006-09-13 01:00:00,9.62,89.15,0.0,-0.0,0.0,296.8,1.45,139.0,88070.0,True,9,1,256
2006-09-13 02:00:00,8.74,89.1,0.0,-0.0,0.0,295.3,1.45,138.0,88050.0,True,9,2,256
2006-09-13 03:00:00,8.37,89.1,0.0,-0.0,0.0,301.5,1.45,138.0,88030.0,True,9,3,256
2006-09-13 04:00:00,8.28,85.9,0.0,-0.0,0.0,303.65,1.45,139.0,88020.0,True,9,4,256
2006-09-13 05:00:00,8.28,85.9,0.0,0.0,0.0,300.75,1.52,139.0,88020.0,True,9,5,256
2006-09-13 06:00:00,8.77,82.85,128.0,386.02,59.0,301.3,1.52,138.0,88040.0,True,9,6,256
2006-09-13 07:00:00,11.69,83.1,304.0,608.67,92.0,305.0,0.97,138.0,88070.0,True,9,7,256
2006-09-13 08:00:00,14.58,69.85,475.0,739.74,107.0,305.95,0.69,128.0,88060.0,True,9,8,256
2006-09-13 09:00:00,16.69,54.6,609.0,792.07,121.0,299.75,0.62,92.0,88070.0,True,9,9,256
2006-09-13 10:00:00,18.21,49.3,704.0,827.47,128.0,302.3,0.69,50.0,88050.0,True,9,10,256
2006-09-13 11:00:00,19.19,44.45,747.0,841.51,131.0,307.5,0.76,35.0,87990.0,True,9,11,256
2006-09-13 12:00:00,19.91,44.6,707.0,737.45,175.0,310.2,0.83,29.0,87950.0,True,9,12,256
2006-09-13 13:00:00,20.19,44.6,298.0,24.06,282.0,318.55,0.76,14.0,87900.0,True,9,13,256
2006-09-13 14:00:00,20.12,44.6,299.0,65.3,262.0,318.35,0.62,12.0,87850.0,True,9,14,256
2006-09-13 15:00:00,19.58,47.8,194.0,32.33,180.0,331.1,1.03,2.0,87790.0,True,9,15,256
2006-09-13 16:00:00,18.75,57.1,201.0,355.07,104.0,341.0,1.03,7.0,87740.0,True,9,16,256
2006-09-13 17:00:00,17.76,65.55,60.0,264.92,34.0,321.25,0.97,27.0,87700.0,True,9,17,256
2006-09-13 18:00:00,16.09,77.95,0.0,-0.0,0.0,313.7,0.83,58.0,87700.0,True,9,18,256
2006-09-13 19:00:00,15.55,75.1,0.0,-0.0,0.0,310.05,0.76,89.0,87660.0,True,9,19,256
2006-09-13 20:00:00,14.32,77.65,0.0,-0.0,0.0,306.15,1.03,121.0,87640.0,True,9,20,256
2006-09-13 21:00:00,13.08,77.5,0.0,-0.0,0.0,305.4,1.31,138.0,87650.0,True,9,21,256
2006-09-13 22:00:00,12.17,77.35,0.0,-0.0,0.0,306.15,1.52,143.0,87610.0,True,9,22,256
2006-09-13 23:00:00,11.79,74.55,0.0,-0.0,0.0,318.75,1.59,145.0,87610.0,True,9,23,256
2006-09-14 00:00:00,11.43,77.2,0.0,-0.0,0.0,325.7,1.66,142.0,87590.0,True,9,0,257
2006-09-14 01:00:00,11.5,74.45,0.0,-0.0,0.0,336.45,1.66,137.0,87560.0,True,9,1,257
2006-09-14 02:00:00,11.4,74.45,0.0,-0.0,0.0,339.25,1.66,134.0,87490.0,True,9,2,257
2006-09-14 03:00:00,11.38,74.45,0.0,-0.0,0.0,343.1,1.66,134.0,87440.0,True,9,3,257
2006-09-14 04:00:00,11.24,74.45,0.0,-0.0,0.0,337.9,1.59,136.0,87410.0,True,9,4,257
2006-09-14 05:00:00,10.86,77.15,0.0,-0.0,0.0,322.8,1.59,134.0,87350.0,True,9,5,257
2006-09-14 06:00:00,10.78,80.05,92.0,125.68,70.0,317.2,1.52,133.0,87340.0,True,9,6,257
2006-09-14 07:00:00,11.8,83.1,94.0,0.0,94.0,345.05,1.31,148.0,87340.0,True,9,7,257
2006-09-14 08:00:00,12.96,86.25,120.0,0.0,120.0,347.0,1.03,157.0,87340.0,True,9,8,257
2006-09-14 09:00:00,13.89,83.35,117.0,0.0,117.0,353.2,0.83,163.0,87360.0,True,9,9,257
2006-09-14 10:00:00,14.03,86.35,104.0,0.0,104.0,350.3,0.62,165.0,87340.0,True,9,10,257
2006-09-14 11:00:00,14.28,83.4,143.0,0.0,143.0,348.15,0.55,153.0,87310.0,True,9,11,257
2006-09-14 12:00:00,14.73,80.55,171.0,0.0,171.0,349.5,0.41,132.0,87280.0,True,9,12,257
2006-09-14 13:00:00,15.33,75.1,152.0,0.0,152.0,345.25,0.48,104.0,87220.0,True,9,13,257
2006-09-14 14:00:00,14.99,77.75,131.0,0.0,131.0,347.2,0.55,89.0,87180.0,True,9,14,257
2006-09-14 15:00:00,15.18,77.8,79.0,0.0,79.0,349.3,0.62,74.0,87140.0,True,9,15,257
2006-09-14 16:00:00,14.62,83.45,81.0,3.74,80.0,350.5,0.76,62.0,87080.0,True,9,16,257
2006-09-14 17:00:00,14.23,86.4,32.0,21.69,30.0,344.65,1.03,66.0,87010.0,True,9,17,257
2006-09-14 18:00:00,13.63,86.35,0.0,-0.0,0.0,340.2,0.9,92.0,86990.0,True,9,18,257
2006-09-14 19:00:00,13.81,83.35,0.0,-0.0,0.0,324.95,0.69,104.0,87010.0,True,9,19,257
2006-09-14 20:00:00,12.47,89.35,0.0,-0.0,0.0,320.85,0.97,120.0,86980.0,True,9,20,257
2006-09-14 21:00:00,11.3,92.55,0.0,-0.0,0.0,325.1,1.31,138.0,86960.0,True,9,21,257
2006-09-14 22:00:00,10.87,92.5,0.0,-0.0,0.0,331.5,1.31,140.0,86900.0,True,9,22,257
2006-09-14 23:00:00,10.53,89.25,0.0,-0.0,0.0,335.0,1.24,139.0,86880.0,True,9,23,257
2006-09-15 00:00:00,10.48,92.5,0.0,-0.0,0.0,340.0,1.24,131.0,86850.0,True,9,0,258
2006-09-15 01:00:00,9.75,99.4,0.0,-0.0,0.0,343.05,1.24,132.0,86780.0,True,9,1,258
2006-09-15 02:00:00,9.68,95.85,0.0,-0.0,0.0,343.3,1.38,124.0,86710.0,True,9,2,258
2006-09-15 03:00:00,9.5,95.85,0.0,-0.0,0.0,342.35,1.31,122.0,86690.0,True,9,3,258
2006-09-15 04:00:00,9.24,95.85,0.0,-0.0,0.0,338.65,1.31,119.0,86630.0,True,9,4,258
2006-09-15 05:00:00,8.96,95.85,0.0,-0.0,0.0,335.4,1.31,116.0,86600.0,True,9,5,258
2006-09-15 06:00:00,8.9,95.85,21.0,0.0,21.0,330.55,1.17,114.0,86600.0,True,9,6,258
2006-09-15 07:00:00,10.0,99.4,33.0,0.0,33.0,343.3,0.55,125.0,86500.0,True,9,7,258
2006-09-15 08:00:00,11.49,99.35,79.0,0.0,79.0,348.35,0.55,123.0,86530.0,True,9,8,258
2006-09-15 09:00:00,11.79,92.55,104.0,0.0,104.0,337.1,0.41,117.0,86570.0,True,9,9,258
2006-09-15 10:00:00,13.96,86.35,178.0,0.0,178.0,337.5,0.28,111.0,86610.0,True,9,10,258
2006-09-15 11:00:00,15.81,67.55,288.0,9.68,281.0,328.2,0.14,32.0,86620.0,True,9,11,258
2006-09-15 12:00:00,16.61,63.05,634.0,538.07,251.0,327.25,0.41,352.0,86610.0,True,9,12,258
2006-09-15 13:00:00,17.17,60.95,537.0,407.77,270.0,329.95,0.69,307.0,86640.0,True,9,13,258
2006-09-15 14:00:00,16.5,65.25,56.0,0.0,56.0,334.6,0.76,277.0,86660.0,True,9,14,258
2006-09-15 15:00:00,15.72,70.0,327.0,377.04,168.0,328.2,0.69,264.0,86720.0,True,9,15,258
2006-09-15 16:00:00,15.22,75.1,29.0,0.0,29.0,336.95,0.55,262.0,86790.0,True,9,16,258
2006-09-15 17:00:00,14.39,83.4,21.0,0.0,21.0,322.4,0.34,257.0,86830.0,True,9,17,258
2006-09-15 18:00:00,13.74,83.35,0.0,-0.0,0.0,312.55,0.28,208.0,86890.0,True,9,18,258
2006-09-15 19:00:00,12.93,89.4,0.0,-0.0,0.0,327.45,0.41,240.0,86940.0,True,9,19,258
2006-09-15 20:00:00,12.51,92.6,0.0,-0.0,0.0,316.8,0.41,168.0,86990.0,True,9,20,258
2006-09-15 21:00:00,11.22,92.55,0.0,-0.0,0.0,322.0,0.69,147.0,87000.0,True,9,21,258
2006-09-15 22:00:00,10.57,95.9,0.0,-0.0,0.0,321.05,0.69,153.0,87000.0,True,9,22,258
2006-09-15 23:00:00,10.01,95.9,0.0,-0.0,0.0,319.5,0.69,150.0,87010.0,True,9,23,258
2006-09-16 00:00:00,9.63,95.85,0.0,-0.0,0.0,325.5,0.76,141.0,87040.0,True,9,0,259
2006-09-16 01:00:00,9.53,95.85,0.0,-0.0,0.0,335.5,0.76,134.0,87030.0,True,9,1,259
2006-09-16 02:00:00,9.05,92.45,0.0,-0.0,0.0,315.65,0.9,123.0,87040.0,True,9,2,259
2006-09-16 03:00:00,8.68,92.45,0.0,-0.0,0.0,314.5,0.9,109.0,87020.0,True,9,3,259
2006-09-16 04:00:00,8.3,92.4,0.0,-0.0,0.0,307.3,0.9,105.0,87020.0,True,9,4,259
2006-09-16 05:00:00,7.86,95.8,0.0,-0.0,0.0,308.5,0.97,112.0,87040.0,True,9,5,259
2006-09-16 06:00:00,8.13,95.85,89.0,131.27,67.0,325.5,0.83,118.0,87100.0,True,9,6,259
2006-09-16 07:00:00,10.76,92.5,82.0,0.0,82.0,330.55,0.48,86.0,87180.0,True,9,7,259
2006-09-16 08:00:00,12.46,89.35,60.0,0.0,60.0,313.9,0.55,52.0,87230.0,True,9,8,259
2006-09-16 09:00:00,14.06,74.95,500.0,427.13,242.0,319.9,0.62,32.0,87230.0,True,9,9,259
2006-09-16 10:00:00,15.31,69.9,466.0,193.17,334.0,312.75,0.76,9.0,87270.0,True,9,10,259
2006-09-16 11:00:00,16.35,62.95,629.0,498.3,271.0,312.55,1.1,356.0,87240.0,True,9,11,259
2006-09-16 12:00:00,16.93,60.85,640.0,565.82,240.0,330.95,1.38,344.0,87250.0,True,9,12,259
2006-09-16 13:00:00,17.14,56.75,515.0,354.05,285.0,323.2,1.66,338.0,87240.0,True,9,13,259
2006-09-16 14:00:00,16.47,62.95,337.0,130.82,265.0,320.65,1.86,342.0,87240.0,True,9,14,259
2006-09-16 15:00:00,15.06,72.4,251.0,139.42,193.0,337.5,1.31,354.0,87250.0,True,9,15,259
2006-09-16 16:00:00,14.11,80.45,141.0,121.25,110.0,337.3,0.76,358.0,87290.0,True,9,16,259
2006-09-16 17:00:00,13.04,89.4,24.0,12.46,23.0,339.45,0.21,22.0,87300.0,True,9,17,259
2006-09-16 18:00:00,12.62,89.4,0.0,-0.0,0.0,354.75,0.14,27.0,87350.0,True,9,18,259
2006-09-16 19:00:00,12.08,92.6,0.0,-0.0,0.0,341.55,0.76,7.0,87300.0,True,9,19,259
2006-09-16 20:00:00,11.8,95.9,0.0,-0.0,0.0,350.3,0.76,9.0,87320.0,True,9,20,259
2006-09-16 21:00:00,11.23,99.35,0.0,-0.0,0.0,350.1,0.76,5.0,87310.0,True,9,21,259
2006-09-16 22:00:00,10.85,99.4,0.0,-0.0,0.0,346.2,0.9,342.0,87260.0,True,9,22,259
2006-09-16 23:00:00,11.09,99.35,0.0,-0.0,0.0,360.55,0.83,338.0,87260.0,True,9,23,259
2006-09-17 00:00:00,11.24,99.35,0.0,-0.0,0.0,362.1,0.97,336.0,87230.0,True,9,0,260
2006-09-17 01:00:00,11.07,99.35,0.0,-0.0,0.0,356.6,0.9,334.0,87230.0,True,9,1,260
2006-09-17 02:00:00,10.91,99.4,0.0,-0.0,0.0,354.95,0.9,325.0,87220.0,True,9,2,260
2006-09-17 03:00:00,10.81,99.4,0.0,-0.0,0.0,355.7,0.76,312.0,87200.0,True,9,3,260
2006-09-17 04:00:00,10.82,99.4,0.0,-0.0,0.0,355.7,0.97,305.0,87210.0,True,9,4,260
2006-09-17 05:00:00,10.92,99.4,0.0,-0.0,0.0,362.3,0.97,310.0,87200.0,True,9,5,260
2006-09-17 06:00:00,10.94,99.4,32.0,0.0,32.0,359.4,1.17,314.0,87240.0,True,9,6,260
2006-09-17 07:00:00,11.04,99.35,83.0,0.0,83.0,349.1,0.9,298.0,87310.0,True,9,7,260
2006-09-17 08:00:00,11.47,99.35,97.0,0.0,97.0,359.75,0.69,266.0,87360.0,True,9,8,260
2006-09-17 09:00:00,11.34,99.35,80.0,0.0,80.0,360.55,0.69,238.0,87390.0,True,9,9,260
2006-09-17 10:00:00,11.91,99.4,95.0,0.0,95.0,363.45,0.83,232.0,87420.0,True,9,10,260
2006-09-17 11:00:00,11.76,99.4,114.0,0.0,114.0,366.15,1.1,245.0,87410.0,True,9,11,260
2006-09-17 12:00:00,11.88,99.4,132.0,0.0,132.0,367.7,1.03,253.0,87420.0,True,9,12,260
2006-09-17 13:00:00,11.76,99.4,97.0,0.0,97.0,368.65,0.9,256.0,87420.0,True,9,13,260
2006-09-17 14:00:00,11.85,99.4,68.0,0.0,68.0,369.25,0.9,250.0,87430.0,True,9,14,260
2006-09-17 15:00:00,11.8,99.4,76.0,0.0,76.0,371.0,0.97,242.0,87430.0,True,9,15,260
2006-09-17 16:00:00,11.69,99.4,44.0,0.0,44.0,369.45,0.9,243.0,87430.0,True,9,16,260
2006-09-17 17:00:00,11.69,99.4,22.0,0.0,22.0,373.1,1.1,249.0,87450.0,True,9,17,260
2006-09-17 18:00:00,11.43,99.35,0.0,-0.0,0.0,368.1,1.17,256.0,87490.0,True,9,18,260
2006-09-17 19:00:00,10.78,99.4,0.0,-0.0,0.0,364.2,1.31,237.0,87550.0,True,9,19,260
2006-09-17 20:00:00,10.59,99.4,0.0,-0.0,0.0,362.5,1.17,234.0,87580.0,True,9,20,260
2006-09-17 21:00:00,10.47,99.4,0.0,-0.0,0.0,365.2,1.24,229.0,87600.0,True,9,21,260
2006-09-17 22:00:00,10.38,99.4,0.0,-0.0,0.0,363.45,1.17,222.0,87590.0,True,9,22,260
2006-09-17 23:00:00,10.24,99.4,0.0,-0.0,0.0,363.45,1.17,223.0,87570.0,True,9,23,260
2006-09-18 00:00:00,10.16,99.4,0.0,-0.0,0.0,364.6,1.24,229.0,87570.0,True,9,0,261
2006-09-18 01:00:00,10.15,99.4,0.0,-0.0,0.0,362.6,1.45,240.0,87560.0,True,9,1,261
2006-09-18 02:00:00,10.08,99.4,0.0,-0.0,0.0,364.0,1.24,244.0,87550.0,True,9,2,261
2006-09-18 03:00:00,10.1,99.4,0.0,-0.0,0.0,365.55,1.24,249.0,87540.0,True,9,3,261
2006-09-18 04:00:00,9.98,100.0,0.0,-0.0,0.0,359.4,1.17,254.0,87540.0,True,9,4,261
2006-09-18 05:00:00,9.91,99.4,0.0,-0.0,0.0,359.4,0.9,246.0,87570.0,True,9,5,261
2006-09-18 06:00:00,9.89,99.4,25.0,0.0,25.0,358.4,0.83,242.0,87610.0,True,9,6,261
2006-09-18 07:00:00,10.3,99.4,55.0,0.0,55.0,357.65,1.03,248.0,87650.0,True,9,7,261
2006-09-18 08:00:00,10.32,99.4,118.0,0.0,118.0,359.75,0.97,248.0,87670.0,True,9,8,261
2006-09-18 09:00:00,10.47,99.4,132.0,0.0,132.0,359.0,0.97,249.0,87710.0,True,9,9,261
2006-09-18 10:00:00,11.82,95.9,200.0,0.0,200.0,355.7,0.9,273.0,87720.0,True,9,10,261
2006-09-18 11:00:00,11.23,99.35,158.0,0.0,158.0,360.35,0.97,288.0,87740.0,True,9,11,261
2006-09-18 12:00:00,11.47,99.35,193.0,0.0,193.0,353.75,0.76,294.0,87740.0,True,9,12,261
2006-09-18 13:00:00,12.23,92.6,257.0,10.95,250.0,358.2,0.97,289.0,87730.0,True,9,13,261
2006-09-18 14:00:00,12.11,89.35,208.0,9.27,203.0,364.2,0.9,293.0,87740.0,True,9,14,261
2006-09-18 15:00:00,11.62,83.1,176.0,29.66,164.0,345.05,0.97,302.0,87710.0,True,9,15,261
2006-09-18 16:00:00,11.05,92.55,65.0,0.0,65.0,342.95,0.83,317.0,87730.0,True,9,16,261
2006-09-18 17:00:00,10.64,95.9,9.0,0.0,9.0,339.85,0.48,313.0,87770.0,True,9,17,261
2006-09-18 18:00:00,10.6,92.5,0.0,-0.0,0.0,341.95,0.14,269.0,87810.0,True,9,18,261
2006-09-18 19:00:00,10.37,95.9,0.0,-0.0,0.0,298.8,0.28,179.0,87830.0,True,9,19,261
2006-09-18 20:00:00,9.98,95.85,0.0,-0.0,0.0,306.55,0.48,170.0,87850.0,True,9,20,261
2006-09-18 21:00:00,8.06,92.4,0.0,-0.0,0.0,318.75,0.76,164.0,87880.0,True,9,21,261
2006-09-18 22:00:00,7.78,95.8,0.0,-0.0,0.0,318.95,0.83,161.0,87850.0,True,9,22,261
2006-09-18 23:00:00,7.8,95.8,0.0,-0.0,0.0,322.6,0.83,165.0,87850.0,True,9,23,261
2006-09-19 00:00:00,7.91,95.8,0.0,-0.0,0.0,331.1,0.83,165.0,87870.0,True,9,0,262
2006-09-19 01:00:00,7.77,95.8,0.0,-0.0,0.0,326.95,0.76,172.0,87870.0,True,9,1,262
2006-09-19 02:00:00,7.92,95.8,0.0,-0.0,0.0,336.55,0.83,169.0,87850.0,True,9,2,262
2006-09-19 03:00:00,7.92,95.8,0.0,-0.0,0.0,335.75,0.83,162.0,87830.0,True,9,3,262
2006-09-19 04:00:00,8.16,95.85,0.0,-0.0,0.0,342.15,0.83,156.0,87820.0,True,9,4,262
2006-09-19 05:00:00,8.36,95.85,0.0,-0.0,0.0,347.4,0.83,155.0,87840.0,True,9,5,262
2006-09-19 06:00:00,8.43,95.85,72.0,70.39,61.0,344.5,0.76,150.0,87870.0,True,9,6,262
2006-09-19 07:00:00,9.56,95.85,199.0,162.78,146.0,351.65,0.34,158.0,87910.0,True,9,7,262
2006-09-19 08:00:00,10.2,92.5,372.0,375.47,194.0,345.85,0.21,179.0,87940.0,True,9,8,262
2006-09-19 09:00:00,11.08,89.3,500.0,458.07,229.0,335.0,0.48,292.0,87960.0,True,9,9,262
2006-09-19 10:00:00,11.86,89.3,572.0,458.08,265.0,330.15,0.83,301.0,87960.0,True,9,10,262
2006-09-19 11:00:00,12.8,83.25,573.0,376.18,308.0,319.3,0.83,318.0,87960.0,True,9,11,262
2006-09-19 12:00:00,13.74,77.6,554.0,356.9,307.0,319.5,0.9,302.0,87940.0,True,9,12,262
2006-09-19 13:00:00,14.33,72.3,487.0,312.36,289.0,317.55,1.38,293.0,87970.0,True,9,13,262
2006-09-19 14:00:00,14.57,67.35,393.0,277.23,245.0,329.4,1.52,295.0,87950.0,True,9,14,262
2006-09-19 15:00:00,14.21,67.25,309.0,368.61,162.0,316.6,1.52,300.0,87940.0,True,9,15,262
2006-09-19 16:00:00,13.52,74.75,180.0,403.5,84.0,317.75,1.24,312.0,87940.0,True,9,16,262
2006-09-19 17:00:00,12.75,77.45,22.0,0.0,22.0,325.1,0.76,329.0,87980.0,True,9,17,262
2006-09-19 18:00:00,11.95,83.1,0.0,-0.0,0.0,309.05,0.48,348.0,88020.0,True,9,18,262
2006-09-19 19:00:00,11.95,80.15,0.0,-0.0,0.0,310.6,0.55,20.0,88000.0,True,9,19,262
2006-09-19 20:00:00,11.44,83.05,0.0,-0.0,0.0,310.8,0.62,16.0,88020.0,True,9,20,262
2006-09-19 21:00:00,11.03,83.05,0.0,-0.0,0.0,306.35,0.48,42.0,88050.0,True,9,21,262
2006-09-19 22:00:00,10.45,89.2,0.0,-0.0,0.0,301.7,0.55,71.0,88010.0,True,9,22,262
2006-09-19 23:00:00,9.74,89.15,0.0,-0.0,0.0,304.6,0.62,71.0,87990.0,True,9,23,262
2006-09-20 00:00:00,8.77,89.1,0.0,-0.0,0.0,305.0,0.69,94.0,88000.0,True,9,0,263
2006-09-20 01:00:00,7.47,95.8,0.0,-0.0,0.0,303.95,0.97,115.0,87970.0,True,9,1,263
2006-09-20 02:00:00,6.85,95.8,0.0,-0.0,0.0,305.95,1.03,122.0,87940.0,True,9,2,263
2006-09-20 03:00:00,6.46,99.4,0.0,-0.0,0.0,303.25,1.1,124.0,87890.0,True,9,3,263
2006-09-20 04:00:00,5.75,99.4,0.0,-0.0,0.0,291.85,1.1,124.0,87880.0,True,9,4,263
2006-09-20 05:00:00,5.49,99.4,0.0,-0.0,0.0,299.0,1.17,125.0,87890.0,True,9,5,263
2006-09-20 06:00:00,5.29,99.4,54.0,0.0,54.0,280.4,1.24,128.0,87900.0,True,9,6,263
2006-09-20 07:00:00,7.8,89.05,283.0,618.57,84.0,305.2,0.97,132.0,87990.0,True,9,7,263
2006-09-20 08:00:00,10.64,80.05,443.0,706.3,111.0,308.65,0.55,117.0,88010.0,True,9,8,263
2006-09-20 09:00:00,13.14,69.55,568.0,725.24,142.0,286.4,0.34,54.0,88050.0,True,9,9,263
2006-09-20 10:00:00,15.07,60.5,655.0,743.55,160.0,285.65,0.48,20.0,88070.0,True,9,10,263
2006-09-20 11:00:00,16.42,56.5,706.0,803.19,144.0,289.9,0.9,356.0,88060.0,True,9,11,263
2006-09-20 12:00:00,17.12,54.7,696.0,813.65,137.0,297.85,1.17,347.0,88040.0,True,9,12,263
2006-09-20 13:00:00,17.38,56.75,621.0,760.48,143.0,301.9,1.24,342.0,88040.0,True,9,13,263
2006-09-20 14:00:00,17.48,58.8,506.0,715.55,128.0,297.45,1.1,340.0,88020.0,True,9,14,263
2006-09-20 15:00:00,17.14,60.95,354.0,625.96,108.0,298.8,0.97,348.0,87980.0,True,9,15,263
2006-09-20 16:00:00,16.48,67.65,182.0,448.33,78.0,297.05,0.76,354.0,87980.0,True,9,16,263
2006-09-20 17:00:00,15.57,72.55,19.0,0.0,19.0,298.8,0.62,358.0,87960.0,True,9,17,263
2006-09-20 18:00:00,14.75,75.0,0.0,-0.0,0.0,293.2,0.28,61.0,87980.0,True,9,18,263
2006-09-20 19:00:00,14.27,77.65,0.0,-0.0,0.0,296.3,0.55,102.0,88010.0,True,9,19,263
2006-09-20 20:00:00,12.54,83.25,0.0,-0.0,0.0,293.75,0.83,127.0,88010.0,True,9,20,263
2006-09-20 21:00:00,11.16,89.3,0.0,-0.0,0.0,291.45,1.03,128.0,88000.0,True,9,21,263
2006-09-20 22:00:00,10.26,92.5,0.0,-0.0,0.0,290.3,1.17,131.0,87970.0,True,9,22,263
2006-09-20 23:00:00,9.48,89.15,0.0,-0.0,0.0,292.4,1.31,134.0,87960.0,True,9,23,263
2006-09-21 00:00:00,8.9,89.1,0.0,-0.0,0.0,287.4,1.45,136.0,87960.0,True,9,0,264
2006-09-21 01:00:00,8.3,89.1,0.0,-0.0,0.0,288.25,1.52,137.0,87940.0,True,9,1,264
2006-09-21 02:00:00,7.59,89.05,0.0,-0.0,0.0,291.85,1.59,136.0,87920.0,True,9,2,264
2006-09-21 03:00:00,7.13,92.35,0.0,-0.0,0.0,285.85,1.59,135.0,87890.0,True,9,3,264
2006-09-21 04:00:00,6.78,92.35,0.0,-0.0,0.0,287.75,1.59,134.0,87870.0,True,9,4,264
2006-09-21 05:00:00,6.81,92.35,0.0,-0.0,0.0,297.85,1.59,134.0,87850.0,True,9,5,264
2006-09-21 06:00:00,7.01,92.35,47.0,0.0,47.0,303.25,1.38,137.0,87850.0,True,9,6,264
2006-09-21 07:00:00,10.44,86.0,279.0,610.44,85.0,323.2,1.17,140.0,87930.0,True,9,7,264
2006-09-21 08:00:00,13.26,72.1,445.0,729.6,105.0,300.95,1.03,140.0,87940.0,True,9,8,264
2006-09-21 09:00:00,15.73,62.85,584.0,804.27,115.0,299.2,0.62,132.0,87940.0,True,9,9,264
2006-09-21 10:00:00,17.92,54.85,674.0,830.29,125.0,292.2,0.28,70.0,87940.0,True,9,10,264
2006-09-21 11:00:00,19.21,49.55,710.0,833.19,131.0,300.15,0.48,18.0,87870.0,True,9,11,264
2006-09-21 12:00:00,20.11,49.7,692.0,813.84,137.0,306.35,0.62,10.0,87830.0,True,9,12,264
2006-09-21 13:00:00,20.66,49.8,620.0,775.04,137.0,308.5,0.76,358.0,87810.0,True,9,13,264
2006-09-21 14:00:00,20.67,51.65,504.0,728.97,123.0,311.4,0.97,350.0,87760.0,True,9,14,264
2006-09-21 15:00:00,20.18,55.3,355.0,661.19,99.0,314.85,1.03,347.0,87740.0,True,9,15,264
2006-09-21 16:00:00,19.08,65.75,183.0,499.97,70.0,316.05,0.83,349.0,87720.0,True,9,16,264
2006-09-21 17:00:00,18.03,72.9,16.0,0.0,16.0,312.95,0.69,14.0,87720.0,True,9,17,264
2006-09-21 18:00:00,17.14,72.8,0.0,-0.0,0.0,312.35,0.41,51.0,87710.0,True,9,18,264
2006-09-21 19:00:00,15.71,77.85,0.0,-0.0,0.0,310.05,0.69,110.0,87720.0,True,9,19,264
2006-09-21 20:00:00,14.77,80.55,0.0,-0.0,0.0,308.65,0.83,133.0,87720.0,True,9,20,264
2006-09-21 21:00:00,13.32,83.25,0.0,-0.0,0.0,308.85,1.1,138.0,87720.0,True,9,21,264
2006-09-21 22:00:00,12.05,86.2,0.0,-0.0,0.0,307.7,1.45,138.0,87700.0,True,9,22,264
2006-09-21 23:00:00,11.16,86.1,0.0,-0.0,0.0,299.75,1.59,140.0,87670.0,True,9,23,264
2006-09-22 00:00:00,10.4,89.2,0.0,-0.0,0.0,301.7,1.59,143.0,87670.0,True,9,0,265
2006-09-22 01:00:00,9.84,89.15,0.0,-0.0,0.0,302.0,1.66,144.0,87670.0,True,9,1,265
2006-09-22 02:00:00,9.28,85.95,0.0,-0.0,0.0,300.95,1.72,143.0,87670.0,True,9,2,265
2006-09-22 03:00:00,8.67,85.95,0.0,-0.0,0.0,326.1,1.79,141.0,87640.0,True,9,3,265
2006-09-22 04:00:00,8.4,85.9,0.0,-0.0,0.0,333.65,1.79,140.0,87620.0,True,9,4,265
2006-09-22 05:00:00,8.32,85.9,0.0,-0.0,0.0,332.65,1.79,141.0,87600.0,True,9,5,265
2006-09-22 06:00:00,8.4,82.75,46.0,0.0,46.0,316.4,1.72,140.0,87610.0,True,9,6,265
2006-09-22 07:00:00,10.24,79.95,273.0,602.16,84.0,290.3,1.38,135.0,87670.0,True,9,7,265
2006-09-22 08:00:00,14.07,69.75,439.0,723.07,105.0,301.1,0.97,135.0,87680.0,True,9,8,265
2006-09-22 09:00:00,17.42,56.75,574.0,787.78,118.0,287.6,0.62,133.0,87720.0,True,9,9,265
2006-09-22 10:00:00,19.54,46.1,666.0,823.86,125.0,289.7,0.14,139.0,87730.0,True,9,10,265
2006-09-22 11:00:00,20.83,41.55,687.0,768.02,157.0,294.35,0.34,297.0,87730.0,True,9,11,265
2006-09-22 12:00:00,21.52,41.7,664.0,734.3,167.0,300.95,0.97,306.0,87730.0,True,9,12,265
2006-09-22 13:00:00,21.61,44.85,594.0,697.63,163.0,306.15,1.38,311.0,87730.0,True,9,13,265
2006-09-22 14:00:00,21.21,48.2,475.0,620.87,154.0,313.1,1.38,320.0,87730.0,True,9,14,265
2006-09-22 15:00:00,20.54,53.35,286.0,327.78,161.0,316.4,1.24,338.0,87730.0,True,9,15,265
2006-09-22 16:00:00,19.62,59.35,86.0,22.72,81.0,315.85,0.97,354.0,87750.0,True,9,16,265
2006-09-22 17:00:00,18.52,68.05,14.0,0.0,14.0,313.5,0.9,20.0,87750.0,True,9,17,265
2006-09-22 18:00:00,16.45,80.75,0.0,-0.0,0.0,310.6,1.03,61.0,87750.0,True,9,18,265
2006-09-22 19:00:00,16.48,75.25,0.0,-0.0,0.0,312.75,0.55,76.0,87710.0,True,9,19,265
2006-09-22 20:00:00,16.01,77.85,0.0,-0.0,0.0,314.3,0.34,241.0,87720.0,True,9,20,265
2006-09-22 21:00:00,15.27,80.6,0.0,-0.0,0.0,313.5,0.34,206.0,87760.0,True,9,21,265
2006-09-22 22:00:00,13.42,89.4,0.0,-0.0,0.0,315.25,0.83,138.0,87720.0,True,9,22,265
2006-09-22 23:00:00,11.46,95.9,0.0,-0.0,0.0,313.3,1.17,131.0,87690.0,True,9,23,265
2006-09-23 00:00:00,11.06,92.55,0.0,-0.0,0.0,321.25,1.31,131.0,87670.0,True,9,0,266
2006-09-23 01:00:00,10.78,92.5,0.0,-0.0,0.0,335.5,1.52,121.0,87630.0,True,9,1,266
2006-09-23 02:00:00,10.27,92.5,0.0,-0.0,0.0,321.45,1.31,130.0,87580.0,True,9,2,266
2006-09-23 03:00:00,9.95,95.85,0.0,-0.0,0.0,323.2,1.17,155.0,87570.0,True,9,3,266
2006-09-23 04:00:00,9.62,92.45,0.0,-0.0,0.0,320.85,1.17,158.0,87590.0,True,9,4,266
2006-09-23 05:00:00,9.56,92.45,0.0,-0.0,0.0,345.25,1.17,147.0,87580.0,True,9,5,266
2006-09-23 06:00:00,9.83,92.45,51.0,0.0,51.0,342.15,1.31,140.0,87630.0,True,9,6,266
2006-09-23 07:00:00,11.91,86.15,169.0,109.71,135.0,347.0,0.97,135.0,87630.0,True,9,7,266
2006-09-23 08:00:00,14.77,80.55,222.0,50.24,199.0,353.2,0.62,152.0,87650.0,True,9,8,266
2006-09-23 09:00:00,16.92,72.7,530.0,650.99,156.0,346.8,0.28,192.0,87680.0,True,9,9,266
2006-09-23 10:00:00,18.57,68.05,488.0,289.84,299.0,346.6,0.28,206.0,87670.0,True,9,10,266
2006-09-23 11:00:00,19.76,61.5,539.0,345.87,302.0,335.4,0.28,272.0,87640.0,True,9,11,266
2006-09-23 12:00:00,20.78,59.5,562.0,437.71,268.0,334.4,0.41,329.0,87600.0,True,9,12,266
2006-09-23 13:00:00,21.34,57.55,255.0,16.33,245.0,330.55,0.83,337.0,87580.0,True,9,13,266
2006-09-23 14:00:00,21.02,61.6,433.0,492.81,181.0,339.65,1.1,339.0,87540.0,True,9,14,266
2006-09-23 15:00:00,19.72,73.2,281.0,346.21,151.0,343.5,0.34,347.0,87550.0,True,9,15,266
2006-09-23 16:00:00,19.23,75.7,73.0,9.34,71.0,351.25,0.21,288.0,87570.0,True,9,16,266
2006-09-23 17:00:00,18.29,83.8,10.0,0.0,10.0,355.7,0.21,97.0,87560.0,True,9,17,266
2006-09-23 18:00:00,16.71,89.65,0.0,-0.0,0.0,363.05,0.9,119.0,87580.0,True,9,18,266
2006-09-23 19:00:00,15.75,89.6,0.0,-0.0,0.0,346.8,1.1,81.0,87500.0,True,9,19,266
2006-09-23 20:00:00,14.74,89.5,0.0,-0.0,0.0,333.25,1.17,106.0,87470.0,True,9,20,266
2006-09-23 21:00:00,14.51,89.5,0.0,-0.0,0.0,335.55,1.03,148.0,87450.0,True,9,21,266
2006-09-23 22:00:00,13.65,89.45,0.0,-0.0,0.0,335.55,1.17,160.0,87450.0,True,9,22,266
2006-09-23 23:00:00,12.77,89.4,0.0,-0.0,0.0,331.7,1.38,147.0,87430.0,True,9,23,266
2006-09-24 00:00:00,12.29,89.35,0.0,-0.0,0.0,330.75,1.52,141.0,87430.0,True,9,0,267
2006-09-24 01:00:00,12.18,89.35,0.0,-0.0,0.0,341.5,1.38,141.0,87420.0,True,9,1,267
2006-09-24 02:00:00,11.89,89.3,0.0,-0.0,0.0,340.8,1.45,140.0,87420.0,True,9,2,267
2006-09-24 03:00:00,11.81,86.15,0.0,-0.0,0.0,344.3,1.38,142.0,87410.0,True,9,3,267
2006-09-24 04:00:00,11.44,86.1,0.0,-0.0,0.0,336.95,1.31,138.0,87390.0,True,9,4,267
2006-09-24 05:00:00,11.14,86.1,0.0,-0.0,0.0,336.75,1.31,132.0,87400.0,True,9,5,267
2006-09-24 06:00:00,11.07,86.1,51.0,0.0,51.0,337.9,1.24,132.0,87430.0,True,9,6,267
2006-09-24 07:00:00,12.73,89.4,231.0,395.52,110.0,342.95,0.55,88.0,87470.0,True,9,7,267
2006-09-24 08:00:00,15.34,75.1,405.0,626.02,121.0,346.0,0.41,77.0,87490.0,True,9,8,267
2006-09-24 09:00:00,16.16,67.65,514.0,603.35,170.0,341.75,0.48,35.0,87520.0,True,9,9,267
2006-09-24 10:00:00,16.84,65.35,399.0,131.28,314.0,331.7,0.69,26.0,87510.0,True,9,10,267
2006-09-24 11:00:00,17.58,61.05,306.0,24.99,289.0,340.4,0.9,32.0,87480.0,True,9,11,267
2006-09-24 12:00:00,18.45,61.2,355.0,64.52,312.0,332.1,1.24,29.0,87420.0,True,9,12,267
2006-09-24 13:00:00,18.8,59.15,284.0,32.95,264.0,349.9,1.31,25.0,87350.0,True,9,13,267
2006-09-24 14:00:00,17.42,65.45,249.0,49.44,224.0,352.8,1.03,4.0,87300.0,True,9,14,267
2006-09-24 15:00:00,15.9,80.65,92.0,0.0,92.0,360.35,0.69,348.0,87280.0,True,9,15,267
2006-09-24 16:00:00,15.26,86.5,59.0,4.81,58.0,361.5,0.41,329.0,87290.0,True,9,16,267
2006-09-24 17:00:00,14.52,89.5,4.0,0.0,4.0,353.0,0.34,285.0,87270.0,True,9,17,267
2006-09-24 18:00:00,13.95,89.45,0.0,-0.0,0.0,352.6,0.21,348.0,87260.0,True,9,18,267
2006-09-24 19:00:00,13.62,89.45,0.0,-0.0,0.0,352.8,0.48,235.0,87230.0,True,9,19,267
2006-09-24 20:00:00,13.3,92.65,0.0,-0.0,0.0,359.4,0.28,251.0,87240.0,True,9,20,267
2006-09-24 21:00:00,12.99,92.6,0.0,-0.0,0.0,331.5,0.21,154.0,87240.0,True,9,21,267
2006-09-24 22:00:00,10.86,99.4,0.0,-0.0,0.0,323.0,0.55,156.0,87230.0,True,9,22,267
2006-09-24 23:00:00,10.77,99.4,0.0,-0.0,0.0,336.75,0.69,152.0,87240.0,True,9,23,267
2006-09-25 00:00:00,11.05,95.9,0.0,-0.0,0.0,350.5,0.62,126.0,87230.0,True,9,0,268
2006-09-25 01:00:00,11.3,92.55,0.0,-0.0,0.0,347.3,0.83,92.0,87200.0,True,9,1,268
2006-09-25 02:00:00,10.15,95.9,0.0,-0.0,0.0,335.4,1.1,80.0,87170.0,True,9,2,268
2006-09-25 03:00:00,9.63,95.85,0.0,-0.0,0.0,326.85,0.97,89.0,87150.0,True,9,3,268
2006-09-25 04:00:00,9.72,95.85,0.0,-0.0,0.0,336.35,0.83,88.0,87140.0,True,9,4,268
2006-09-25 05:00:00,9.57,92.45,0.0,-0.0,0.0,326.3,0.62,108.0,87160.0,True,9,5,268
2006-09-25 06:00:00,9.16,92.45,8.0,0.0,8.0,321.65,0.76,104.0,87190.0,True,9,6,268
2006-09-25 07:00:00,10.35,95.9,81.0,0.0,81.0,351.05,0.41,335.0,87200.0,True,9,7,268
2006-09-25 08:00:00,11.18,99.35,82.0,0.0,82.0,350.85,0.55,312.0,87220.0,True,9,8,268
2006-09-25 09:00:00,10.7,95.9,70.0,0.0,70.0,352.2,0.76,332.0,87250.0,True,9,9,268
2006-09-25 10:00:00,10.66,95.9,90.0,0.0,90.0,351.45,0.9,345.0,87260.0,True,9,10,268
2006-09-25 11:00:00,10.07,95.9,98.0,0.0,98.0,350.85,0.83,351.0,87300.0,True,9,11,268
2006-09-25 12:00:00,11.26,89.3,122.0,0.0,122.0,352.4,0.9,332.0,87320.0,True,9,12,268
2006-09-25 13:00:00,10.42,99.4,90.0,0.0,90.0,352.8,0.9,331.0,87310.0,True,9,13,268
2006-09-25 14:00:00,10.03,95.9,91.0,0.0,91.0,351.25,0.97,343.0,87330.0,True,9,14,268
2006-09-25 15:00:00,9.81,99.4,82.0,0.0,82.0,350.3,1.03,347.0,87360.0,True,9,15,268
2006-09-25 16:00:00,9.52,95.85,104.0,98.96,84.0,349.9,0.76,344.0,87390.0,True,9,16,268
2006-09-25 17:00:00,9.36,95.85,4.0,0.0,4.0,347.95,0.69,341.0,87430.0,True,9,17,268
2006-09-25 18:00:00,9.17,95.85,0.0,-0.0,0.0,349.9,0.76,339.0,87490.0,True,9,18,268
2006-09-25 19:00:00,8.95,95.85,0.0,-0.0,0.0,348.15,0.69,290.0,87520.0,True,9,19,268
2006-09-25 20:00:00,8.76,95.85,0.0,-0.0,0.0,349.1,0.76,291.0,87550.0,True,9,20,268
2006-09-25 21:00:00,8.75,95.85,0.0,-0.0,0.0,348.15,0.83,300.0,87580.0,True,9,21,268
2006-09-25 22:00:00,8.56,95.85,0.0,-0.0,0.0,348.55,0.83,306.0,87580.0,True,9,22,268
2006-09-25 23:00:00,8.46,95.85,0.0,-0.0,0.0,345.25,0.83,311.0,87600.0,True,9,23,268
2006-09-26 00:00:00,8.37,95.85,0.0,-0.0,0.0,346.8,0.83,315.0,87620.0,True,9,0,269
2006-09-26 01:00:00,8.31,95.85,0.0,-0.0,0.0,343.25,0.9,333.0,87640.0,True,9,1,269
2006-09-26 02:00:00,8.24,95.85,0.0,-0.0,0.0,346.0,0.9,338.0,87620.0,True,9,2,269
2006-09-26 03:00:00,8.18,95.85,0.0,-0.0,0.0,347.95,0.97,340.0,87630.0,True,9,3,269
2006-09-26 04:00:00,8.17,95.85,0.0,-0.0,0.0,346.8,1.03,341.0,87640.0,True,9,4,269
2006-09-26 05:00:00,8.13,95.85,0.0,-0.0,0.0,345.05,1.03,341.0,87680.0,True,9,5,269
2006-09-26 06:00:00,8.04,95.85,41.0,0.0,41.0,342.95,0.97,342.0,87720.0,True,9,6,269
2006-09-26 07:00:00,8.07,95.85,155.0,87.28,129.0,337.1,0.83,350.0,87720.0,True,9,7,269
2006-09-26 08:00:00,8.02,92.4,207.0,38.18,190.0,344.3,1.03,358.0,87760.0,True,9,8,269
2006-09-26 09:00:00,8.51,92.45,121.0,0.0,121.0,335.4,1.17,9.0,87760.0,True,9,9,269
2006-09-26 10:00:00,9.04,82.9,199.0,0.0,199.0,331.9,1.24,5.0,87780.0,True,9,10,269
2006-09-26 11:00:00,10.07,79.95,270.0,10.44,263.0,341.4,1.45,358.0,87780.0,True,9,11,269
2006-09-26 12:00:00,9.81,82.9,236.0,4.57,233.0,345.05,1.38,355.0,87800.0,True,9,12,269
2006-09-26 13:00:00,9.92,82.9,98.0,0.0,98.0,344.5,1.45,358.0,87810.0,True,9,13,269
2006-09-26 14:00:00,9.92,82.9,184.0,8.09,180.0,348.15,1.31,356.0,87820.0,True,9,14,269
2006-09-26 15:00:00,10.05,79.95,144.0,19.56,137.0,350.5,1.1,1.0,87850.0,True,9,15,269
2006-09-26 16:00:00,9.86,82.9,98.0,86.69,81.0,351.65,1.1,12.0,87850.0,True,9,16,269
2006-09-26 17:00:00,9.67,82.9,0.0,0.0,0.0,350.3,0.83,10.0,87880.0,True,9,17,269
2006-09-26 18:00:00,9.37,85.95,0.0,-0.0,0.0,339.45,0.83,4.0,87920.0,True,9,18,269
2006-09-26 19:00:00,9.07,89.15,0.0,-0.0,0.0,331.9,0.83,354.0,87930.0,True,9,19,269
2006-09-26 20:00:00,8.91,92.45,0.0,-0.0,0.0,339.05,0.83,1.0,87960.0,True,9,20,269
2006-09-26 21:00:00,8.92,92.45,0.0,-0.0,0.0,346.2,0.83,12.0,87940.0,True,9,21,269
2006-09-26 22:00:00,8.76,92.45,0.0,-0.0,0.0,341.2,0.76,15.0,87920.0,True,9,22,269
2006-09-26 23:00:00,8.69,92.45,0.0,-0.0,0.0,344.1,0.76,17.0,87890.0,True,9,23,269
2006-09-27 00:00:00,8.57,92.45,0.0,-0.0,0.0,340.8,0.76,22.0,87860.0,True,9,0,270
2006-09-27 01:00:00,8.6,92.45,0.0,-0.0,0.0,344.8,0.76,24.0,87850.0,True,9,1,270
2006-09-27 02:00:00,8.48,95.85,0.0,-0.0,0.0,340.6,0.76,30.0,87840.0,True,9,2,270
2006-09-27 03:00:00,8.51,92.45,0.0,-0.0,0.0,348.35,0.83,37.0,87810.0,True,9,3,270
2006-09-27 04:00:00,8.48,95.85,0.0,-0.0,0.0,345.25,1.1,39.0,87770.0,True,9,4,270
2006-09-27 05:00:00,8.47,95.85,0.0,-0.0,0.0,345.85,0.9,39.0,87760.0,True,9,5,270
2006-09-27 06:00:00,8.46,95.85,45.0,0.0,45.0,344.85,1.1,41.0,87760.0,True,9,6,270
2006-09-27 07:00:00,8.61,95.85,185.0,187.19,130.0,344.3,1.24,40.0,87790.0,True,9,7,270
2006-09-27 08:00:00,9.2,89.15,279.0,160.99,208.0,333.65,1.45,41.0,87790.0,True,9,8,270
2006-09-27 09:00:00,10.49,86.0,250.0,25.14,236.0,332.1,1.52,34.0,87790.0,True,9,9,270
2006-09-27 10:00:00,11.75,77.3,305.0,34.73,283.0,334.0,1.45,33.0,87770.0,True,9,10,270
2006-09-27 11:00:00,12.94,69.45,245.0,4.51,242.0,327.25,1.52,31.0,87750.0,True,9,11,270
2006-09-27 12:00:00,13.2,67.05,304.0,29.2,285.0,326.1,1.45,18.0,87720.0,True,9,12,270
2006-09-27 13:00:00,14.06,62.55,318.0,67.75,278.0,327.25,1.38,12.0,87710.0,True,9,13,270
2006-09-27 14:00:00,13.83,67.15,173.0,4.09,171.0,330.95,1.59,360.0,87680.0,True,9,14,270
2006-09-27 15:00:00,13.81,67.15,214.0,147.73,162.0,318.55,1.52,9.0,87660.0,True,9,15,270
2006-09-27 16:00:00,13.07,72.1,82.0,42.08,74.0,324.15,1.31,2.0,87620.0,True,9,16,270
2006-09-27 17:00:00,12.14,80.2,0.0,0.0,0.0,312.55,1.1,5.0,87620.0,True,9,17,270
2006-09-27 18:00:00,11.22,86.1,0.0,-0.0,0.0,297.25,0.97,22.0,87630.0,True,9,18,270
2006-09-27 19:00:00,10.36,92.5,0.0,-0.0,0.0,308.85,0.9,34.0,87610.0,True,9,19,270
2006-09-27 20:00:00,9.64,95.85,0.0,-0.0,0.0,307.9,0.83,45.0,87590.0,True,9,20,270
2006-09-27 21:00:00,9.21,92.45,0.0,-0.0,0.0,303.65,0.83,58.0,87580.0,True,9,21,270
2006-09-27 22:00:00,9.09,92.45,0.0,-0.0,0.0,296.5,0.69,67.0,87530.0,True,9,22,270
2006-09-27 23:00:00,9.45,92.45,0.0,-0.0,0.0,289.9,0.55,70.0,87510.0,True,9,23,270
2006-09-28 00:00:00,9.25,92.45,0.0,-0.0,0.0,295.7,0.48,87.0,87500.0,True,9,0,271
2006-09-28 01:00:00,8.89,92.45,0.0,-0.0,0.0,291.55,0.62,98.0,87490.0,True,9,1,271
2006-09-28 02:00:00,8.54,89.1,0.0,-0.0,0.0,293.95,0.69,105.0,87470.0,True,9,2,271
2006-09-28 03:00:00,8.03,89.1,0.0,-0.0,0.0,289.7,0.76,117.0,87440.0,True,9,3,271
2006-09-28 04:00:00,7.45,92.35,0.0,-0.0,0.0,297.25,0.97,126.0,87430.0,True,9,4,271
2006-09-28 05:00:00,6.76,95.8,0.0,-0.0,0.0,296.65,1.17,129.0,87420.0,True,9,5,271
2006-09-28 06:00:00,6.8,95.8,43.0,0.0,43.0,300.55,1.24,129.0,87420.0,True,9,6,271
2006-09-28 07:00:00,7.71,89.05,243.0,545.35,85.0,323.75,0.83,129.0,87470.0,True,9,7,271
2006-09-28 08:00:00,10.2,82.95,357.0,439.61,165.0,320.3,0.41,114.0,87500.0,True,9,8,271
2006-09-28 09:00:00,12.73,72.05,485.0,525.04,195.0,309.05,0.34,18.0,87520.0,True,9,9,271
2006-09-28 10:00:00,14.1,64.85,595.0,661.78,179.0,309.85,0.62,339.0,87540.0,True,9,10,271
2006-09-28 11:00:00,15.41,62.75,609.0,596.64,215.0,299.2,0.9,322.0,87520.0,True,9,11,271
2006-09-28 12:00:00,16.08,58.6,624.0,706.48,168.0,321.05,1.03,318.0,87520.0,True,9,12,271
2006-09-28 13:00:00,16.42,58.6,538.0,608.67,182.0,311.75,1.1,317.0,87510.0,True,9,13,271
2006-09-28 14:00:00,16.22,60.75,410.0,480.56,178.0,320.65,1.24,325.0,87500.0,True,9,14,271
2006-09-28 15:00:00,15.57,65.15,208.0,141.58,159.0,323.55,1.17,329.0,87490.0,True,9,15,271
2006-09-28 16:00:00,14.72,72.4,108.0,173.77,76.0,320.1,0.76,328.0,87490.0,True,9,16,271
2006-09-28 17:00:00,13.94,77.6,0.0,0.0,0.0,319.3,0.28,346.0,87490.0,True,9,17,271
2006-09-28 18:00:00,13.41,77.5,0.0,-0.0,0.0,318.55,0.28,123.0,87510.0,True,9,18,271
2006-09-28 19:00:00,12.77,86.25,0.0,-0.0,0.0,335.75,0.34,64.0,87510.0,True,9,19,271
2006-09-28 20:00:00,12.3,89.35,0.0,-0.0,0.0,320.65,0.41,105.0,87510.0,True,9,20,271
2006-09-28 21:00:00,11.67,89.3,0.0,-0.0,0.0,323.4,0.55,132.0,87540.0,True,9,21,271
2006-09-28 22:00:00,11.14,92.55,0.0,-0.0,0.0,325.7,0.69,141.0,87540.0,True,9,22,271
2006-09-28 23:00:00,10.48,95.9,0.0,-0.0,0.0,322.6,0.83,140.0,87530.0,True,9,23,271
2006-09-29 00:00:00,9.75,95.85,0.0,-0.0,0.0,338.1,0.97,141.0,87530.0,True,9,0,272
2006-09-29 01:00:00,9.13,92.45,0.0,-0.0,0.0,317.9,1.03,141.0,87510.0,True,9,1,272
2006-09-29 02:00:00,8.55,95.85,0.0,-0.0,0.0,317.0,1.03,141.0,87510.0,True,9,2,272
2006-09-29 03:00:00,8.13,95.85,0.0,-0.0,0.0,310.05,1.03,146.0,87490.0,True,9,3,272
2006-09-29 04:00:00,7.97,95.8,0.0,-0.0,0.0,300.75,1.1,150.0,87520.0,True,9,4,272
2006-09-29 05:00:00,8.01,92.4,0.0,-0.0,0.0,311.75,1.17,146.0,87530.0,True,9,5,272
2006-09-29 06:00:00,7.77,95.8,38.0,0.0,38.0,312.55,1.24,140.0,87560.0,True,9,6,272
2006-09-29 07:00:00,9.1,85.95,240.0,549.7,83.0,312.75,1.03,150.0,87560.0,True,9,7,272
2006-09-29 08:00:00,11.78,80.15,400.0,677.54,107.0,319.3,0.76,169.0,87600.0,True,9,8,272
2006-09-29 09:00:00,14.02,72.2,516.0,677.26,145.0,312.95,0.55,215.0,87610.0,True,9,9,272
2006-09-29 10:00:00,15.53,67.45,609.0,737.4,149.0,313.7,0.62,256.0,87620.0,True,9,10,272
2006-09-29 11:00:00,16.82,63.05,638.0,723.33,164.0,303.45,1.1,278.0,87590.0,True,9,11,272
2006-09-29 12:00:00,17.29,60.95,636.0,774.85,140.0,305.95,1.38,287.0,87580.0,True,9,12,272
2006-09-29 13:00:00,17.35,60.95,569.0,762.97,127.0,318.95,1.24,288.0,87570.0,True,9,13,272
2006-09-29 14:00:00,16.18,67.65,445.0,670.84,125.0,337.1,0.76,272.0,87560.0,True,9,14,272
2006-09-29 15:00:00,15.82,70.0,302.0,617.28,92.0,333.85,0.55,213.0,87590.0,True,9,15,272
2006-09-29 16:00:00,15.38,72.45,97.0,123.46,75.0,332.85,0.76,208.0,87560.0,True,9,16,272
2006-09-29 17:00:00,14.63,75.0,0.0,0.0,0.0,339.25,0.76,199.0,87590.0,True,9,17,272
2006-09-29 18:00:00,13.28,86.3,0.0,-0.0,0.0,318.95,0.9,170.0,87630.0,True,9,18,272
2006-09-29 19:00:00,13.57,80.4,0.0,-0.0,0.0,307.5,0.62,179.0,87630.0,True,9,19,272
2006-09-29 20:00:00,11.94,86.15,0.0,-0.0,0.0,294.35,0.9,174.0,87660.0,True,9,20,272
2006-09-29 21:00:00,10.32,92.5,0.0,-0.0,0.0,295.1,1.17,165.0,87670.0,True,9,21,272
2006-09-29 22:00:00,9.43,92.45,0.0,-0.0,0.0,310.8,1.24,156.0,87670.0,True,9,22,272
2006-09-29 23:00:00,8.98,92.45,0.0,-0.0,0.0,313.3,1.24,156.0,87650.0,True,9,23,272
2006-09-30 00:00:00,8.65,89.1,0.0,-0.0,0.0,310.4,1.24,155.0,87670.0,True,9,0,273
2006-09-30 01:00:00,8.14,92.4,0.0,-0.0,0.0,302.4,1.24,157.0,87670.0,True,9,1,273
2006-09-30 02:00:00,7.6,92.4,0.0,-0.0,0.0,300.35,1.24,156.0,87670.0,True,9,2,273
2006-09-30 03:00:00,7.42,95.8,0.0,-0.0,0.0,308.65,1.31,150.0,87660.0,True,9,3,273
2006-09-30 04:00:00,7.24,92.35,0.0,-0.0,0.0,307.7,1.38,144.0,87660.0,True,9,4,273
2006-09-30 05:00:00,7.05,92.35,0.0,-0.0,0.0,315.05,1.38,140.0,87670.0,True,9,5,273
2006-09-30 06:00:00,6.82,95.8,42.0,0.0,42.0,315.45,1.31,137.0,87690.0,True,9,6,273
2006-09-30 07:00:00,9.14,89.15,230.0,508.04,87.0,313.3,0.83,126.0,87710.0,True,9,7,273
2006-09-30 08:00:00,11.68,83.1,305.0,266.29,191.0,306.55,0.62,123.0,87760.0,True,9,8,273
2006-09-30 09:00:00,13.47,77.5,517.0,708.72,132.0,306.75,0.28,129.0,87760.0,True,9,9,273
2006-09-30 10:00:00,15.27,67.45,594.0,702.76,159.0,308.65,0.14,227.0,87770.0,True,9,10,273
2006-09-30 11:00:00,16.45,62.95,543.0,422.94,268.0,307.3,0.55,251.0,87750.0,True,9,11,273
2006-09-30 12:00:00,17.0,58.7,522.0,400.14,268.0,321.25,0.9,253.0,87720.0,True,9,12,273
2006-09-30 13:00:00,17.15,58.8,452.0,350.33,251.0,324.15,0.97,273.0,87710.0,True,9,13,273
2006-09-30 14:00:00,16.63,60.85,299.0,159.15,224.0,334.4,0.69,286.0,87680.0,True,9,14,273
2006-09-30 15:00:00,16.35,65.25,135.0,20.94,128.0,332.1,0.62,299.0,87630.0,True,9,15,273
2006-09-30 16:00:00,14.88,81.38,55.0,5.81,54.0,333.64,0.42,309.0,87620.0,True,9,16,273
2006-09-30 17:00:00,14.24,82.91,0.0,-0.0,0.0,333.35,0.49,334.0,87640.0,True,9,17,273
2006-09-30 18:00:00,13.61,84.45,0.0,-0.0,0.0,333.07,0.57,46.0,87660.0,True,9,18,273
2006-09-30 19:00:00,12.97,85.98,0.0,-0.0,0.0,332.78,0.64,339.0,87680.0,True,9,19,273
2006-09-30 20:00:00,12.34,87.51,0.0,-0.0,0.0,332.49,0.71,240.0,87690.0,True,9,20,273
2006-09-30 21:00:00,11.7,89.04,0.0,-0.0,0.0,332.21,0.78,201.0,87740.0,True,9,21,273
2006-09-30 22:00:00,11.07,90.58,0.0,-0.0,0.0,331.92,0.86,155.0,87760.0,True,9,22,273
2006-09-30 23:00:00,10.43,92.11,0.0,-0.0,0.0,331.63,0.93,151.0,87770.0,True,9,23,273
2009-10-01 00:00:00,9.8,93.64,0.0,-0.0,0.0,331.34,1.0,151.0,87800.0,True,10,0,274
2009-10-01 01:00:00,9.16,95.17,0.0,-0.0,0.0,331.06,1.07,150.0,87760.0,True,10,1,274
2009-10-01 02:00:00,8.53,96.71,0.0,-0.0,0.0,330.77,1.15,153.0,87740.0,True,10,2,274
2009-10-01 03:00:00,7.89,98.24,0.0,-0.0,0.0,330.48,1.22,151.0,87710.0,True,10,3,274
2009-10-01 04:00:00,7.26,99.77,0.0,-0.0,0.0,330.2,1.29,151.0,87710.0,True,10,4,274
2009-10-01 05:00:00,6.62,100.0,0.0,-0.0,0.0,329.91,1.36,149.0,87710.0,True,10,5,274
2009-10-01 06:00:00,5.99,100.0,39.0,0.0,39.0,329.62,1.44,150.0,87720.0,True,10,6,274
2009-10-01 07:00:00,5.35,100.0,141.0,75.73,120.0,329.33,1.51,151.0,87760.0,True,10,7,274
2009-10-01 08:00:00,10.58,83.0,344.0,424.78,164.0,307.7,0.69,160.0,87780.0,True,10,8,274
2009-10-01 09:00:00,13.07,72.1,417.0,330.47,239.0,308.1,0.48,262.0,87800.0,True,10,9,274
2009-10-01 10:00:00,14.14,67.25,566.0,600.85,197.0,312.55,1.17,284.0,87780.0,True,10,10,274
2009-10-01 11:00:00,14.68,64.95,564.0,491.41,247.0,320.65,1.66,278.0,87780.0,True,10,11,274
2009-10-01 12:00:00,14.97,64.95,197.0,0.0,197.0,324.35,1.79,284.0,87780.0,True,10,12,274
2009-10-01 13:00:00,14.67,67.35,348.0,123.21,278.0,320.85,1.72,286.0,87750.0,True,10,13,274
2009-10-01 14:00:00,14.07,69.75,307.0,182.6,222.0,327.85,1.52,287.0,87750.0,True,10,14,274
2009-10-01 15:00:00,13.68,74.85,118.0,9.13,115.0,311.2,1.31,299.0,87730.0,True,10,15,274
2009-10-01 16:00:00,12.62,80.3,102.0,204.46,68.0,315.25,0.9,323.0,87740.0,True,10,16,274
2009-10-01 17:00:00,11.71,83.1,0.0,-0.0,0.0,325.7,1.03,340.0,87760.0,True,10,17,274
2009-10-01 18:00:00,11.05,83.05,0.0,-0.0,0.0,335.75,1.17,352.0,87830.0,True,10,18,274
2009-10-01 19:00:00,10.58,83.0,0.0,-0.0,0.0,322.05,1.38,342.0,87830.0,True,10,19,274
2009-10-01 20:00:00,9.67,92.45,0.0,-0.0,0.0,343.3,1.31,344.0,87860.0,True,10,20,274
2009-10-01 21:00:00,9.14,92.45,0.0,-0.0,0.0,331.3,1.17,344.0,87880.0,True,10,21,274
2009-10-01 22:00:00,8.56,92.4,0.0,-0.0,0.0,325.1,1.1,346.0,87860.0,True,10,22,274
2009-10-01 23:00:00,8.37,95.8,0.0,-0.0,0.0,332.3,0.97,346.0,87850.0,True,10,23,274
2009-10-02 00:00:00,8.0,95.8,0.0,-0.0,0.0,325.9,0.9,347.0,87830.0,True,10,0,275
2009-10-02 01:00:00,7.76,95.8,0.0,-0.0,0.0,325.25,0.83,351.0,87800.0,True,10,1,275
2009-10-02 02:00:00,7.33,99.4,0.0,-0.0,0.0,318.95,0.9,357.0,87790.0,True,10,2,275
2009-10-02 03:00:00,7.13,95.8,0.0,-0.0,0.0,319.5,0.83,8.0,87750.0,True,10,3,275
2009-10-02 04:00:00,7.11,99.4,0.0,-0.0,0.0,325.1,0.76,18.0,87760.0,True,10,4,275
2009-10-02 05:00:00,6.29,99.4,0.0,-0.0,0.0,300.15,0.83,25.0,87740.0,True,10,5,275
2009-10-02 06:00:00,6.05,99.4,36.0,0.0,36.0,304.2,0.83,30.0,87760.0,True,10,6,275
2009-10-02 07:00:00,8.09,95.8,142.0,84.21,119.0,319.7,1.1,16.0,87810.0,True,10,7,275
2009-10-02 08:00:00,8.46,92.4,378.0,605.68,124.0,307.7,1.1,17.0,87830.0,True,10,8,275
2009-10-02 09:00:00,9.92,85.95,513.0,707.85,135.0,298.2,1.31,0.0,87840.0,True,10,9,275
2009-10-02 10:00:00,11.01,74.45,606.0,768.17,138.0,293.75,1.59,346.0,87860.0,True,10,10,275
2009-10-02 11:00:00,11.66,66.75,540.0,421.91,270.0,305.4,1.72,337.0,87860.0,True,10,11,275
2009-10-02 12:00:00,12.02,64.45,426.0,184.29,311.0,303.65,1.79,334.0,87860.0,True,10,12,275
2009-10-02 13:00:00,12.15,62.1,254.0,23.11,241.0,291.05,1.86,331.0,87820.0,True,10,13,275
2009-10-02 14:00:00,12.09,59.85,418.0,604.72,140.0,304.4,1.79,330.0,87810.0,True,10,14,275
2009-10-02 15:00:00,11.46,64.35,229.0,272.83,141.0,285.85,1.79,330.0,87810.0,True,10,15,275
2009-10-02 16:00:00,10.67,69.1,122.0,436.48,52.0,297.05,1.72,332.0,87840.0,True,10,16,275
2009-10-02 17:00:00,9.53,74.2,0.0,-0.0,0.0,278.85,1.38,341.0,87900.0,True,10,17,275
2009-10-02 18:00:00,8.57,79.75,0.0,-0.0,0.0,280.6,1.31,349.0,87930.0,True,10,18,275
2009-10-02 19:00:00,7.98,79.7,0.0,-0.0,0.0,278.5,1.24,348.0,87940.0,True,10,19,275
2009-10-02 20:00:00,7.33,82.65,0.0,-0.0,0.0,285.85,1.17,353.0,87970.0,True,10,20,275
2009-10-02 21:00:00,6.61,89.0,0.0,-0.0,0.0,284.5,0.9,2.0,87980.0,True,10,21,275
2009-10-02 22:00:00,6.36,92.3,0.0,-0.0,0.0,294.35,0.76,20.0,87940.0,True,10,22,275
2009-10-02 23:00:00,5.97,88.95,0.0,-0.0,0.0,291.45,0.83,31.0,87920.0,True,10,23,275
2009-10-03 00:00:00,5.48,92.3,0.0,-0.0,0.0,280.8,0.97,30.0,87940.0,True,10,0,276
2009-10-03 01:00:00,5.26,92.25,0.0,-0.0,0.0,272.2,0.76,60.0,87930.0,True,10,1,276
2009-10-03 02:00:00,4.79,95.75,0.0,-0.0,0.0,285.65,0.76,74.0,87880.0,True,10,2,276
2009-10-03 03:00:00,4.24,95.75,0.0,-0.0,0.0,263.95,0.9,80.0,87830.0,True,10,3,276
2009-10-03 04:00:00,3.68,99.4,0.0,-0.0,0.0,281.2,0.97,100.0,87820.0,True,10,4,276
2009-10-03 05:00:00,3.4,95.7,0.0,-0.0,0.0,277.5,0.97,109.0,87800.0,True,10,5,276
2009-10-03 06:00:00,2.91,95.7,30.0,0.0,30.0,264.75,0.97,118.0,87820.0,True,10,6,276
2009-10-03 07:00:00,5.4,92.3,236.0,624.73,68.0,286.4,0.41,125.0,87830.0,True,10,7,276
2009-10-03 08:00:00,8.2,82.7,410.0,804.92,76.0,268.4,0.14,332.0,87890.0,True,10,8,276
2009-10-03 09:00:00,9.99,71.6,532.0,819.87,98.0,278.85,0.41,286.0,87890.0,True,10,9,276
2009-10-03 10:00:00,11.7,62.0,635.0,903.48,89.0,281.0,0.83,268.0,87900.0,True,10,10,276
2009-10-03 11:00:00,12.96,57.75,666.0,893.23,99.0,279.05,1.17,275.0,87850.0,True,10,11,276
2009-10-03 12:00:00,13.85,55.9,660.0,935.98,81.0,278.5,1.45,283.0,87840.0,True,10,12,276
2009-10-03 13:00:00,14.12,56.0,573.0,858.28,95.0,281.0,1.59,284.0,87810.0,True,10,13,276
2009-10-03 14:00:00,13.97,60.2,461.0,848.12,76.0,286.8,1.52,280.0,87780.0,True,10,14,276
2009-10-03 15:00:00,13.66,60.2,282.0,615.77,87.0,278.65,1.31,269.0,87780.0,True,10,15,276
2009-10-03 16:00:00,12.9,66.95,106.0,310.74,58.0,275.95,1.03,266.0,87770.0,True,10,16,276
2009-10-03 17:00:00,11.87,74.55,0.0,-0.0,0.0,272.1,0.9,261.0,87770.0,True,10,17,276
2009-10-03 18:00:00,10.13,82.95,0.0,-0.0,0.0,270.35,0.83,231.0,87810.0,True,10,18,276
2009-10-03 19:00:00,9.51,79.9,0.0,-0.0,0.0,267.25,0.97,209.0,87820.0,True,10,19,276
2009-10-03 20:00:00,8.37,85.85,0.0,-0.0,0.0,267.45,1.03,193.0,87820.0,True,10,20,276
2009-10-03 21:00:00,7.64,85.85,0.0,-0.0,0.0,265.9,1.03,190.0,87850.0,True,10,21,276
2009-10-03 22:00:00,7.18,85.8,0.0,-0.0,0.0,262.2,1.03,190.0,87850.0,True,10,22,276
2009-10-03 23:00:00,6.82,85.75,0.0,-0.0,0.0,260.5,1.03,185.0,87840.0,True,10,23,276
2009-10-04 00:00:00,6.33,88.95,0.0,-0.0,0.0,258.55,1.03,180.0,87820.0,True,10,0,277
2009-10-04 01:00:00,5.89,85.7,0.0,-0.0,0.0,257.9,1.03,178.0,87820.0,True,10,1,277
2009-10-04 02:00:00,5.74,88.9,0.0,-0.0,0.0,255.65,0.97,174.0,87800.0,True,10,2,277
2009-10-04 03:00:00,5.31,88.85,0.0,-0.0,0.0,257.95,1.03,171.0,87790.0,True,10,3,277
2009-10-04 04:00:00,4.54,88.85,0.0,-0.0,0.0,254.5,1.1,165.0,87800.0,True,10,4,277
2009-10-04 05:00:00,3.96,88.8,0.0,-0.0,0.0,253.9,1.17,162.0,87780.0,True,10,5,277
2009-10-04 06:00:00,3.91,88.8,29.0,0.0,29.0,253.5,1.1,160.0,87780.0,True,10,6,277
2009-10-04 07:00:00,5.76,85.65,230.0,604.5,70.0,252.15,0.76,170.0,87810.0,True,10,7,277
2009-10-04 08:00:00,9.6,79.9,404.0,796.57,77.0,254.85,0.76,239.0,87850.0,True,10,8,277
2009-10-04 09:00:00,11.22,71.75,540.0,865.3,86.0,260.1,1.24,252.0,87870.0,True,10,9,277
2009-10-04 10:00:00,12.41,64.45,631.0,904.24,89.0,264.95,1.59,263.0,87870.0,True,10,10,277
2009-10-04 11:00:00,13.33,60.05,665.0,906.95,94.0,267.25,1.72,266.0,87860.0,True,10,11,277
2009-10-04 12:00:00,13.72,60.2,649.0,911.64,90.0,278.85,1.59,267.0,87840.0,True,10,12,277
2009-10-04 13:00:00,14.29,58.1,568.0,859.77,94.0,273.65,1.59,267.0,87810.0,True,10,13,277
2009-10-04 14:00:00,14.35,58.1,459.0,865.73,71.0,273.25,1.52,271.0,87780.0,True,10,14,277
2009-10-04 15:00:00,13.92,62.45,292.0,720.68,68.0,273.85,1.45,282.0,87770.0,True,10,15,277
2009-10-04 16:00:00,12.84,69.45,115.0,471.09,45.0,273.65,1.31,299.0,87790.0,True,10,16,277
2009-10-04 17:00:00,11.58,71.85,0.0,-0.0,0.0,270.55,1.17,307.0,87830.0,True,10,17,277
2009-10-04 18:00:00,10.3,79.95,0.0,-0.0,0.0,266.5,0.62,305.0,87880.0,True,10,18,277
2009-10-04 19:00:00,10.09,77.1,0.0,-0.0,0.0,264.15,0.41,314.0,87900.0,True,10,19,277
2009-10-04 20:00:00,9.42,82.85,0.0,-0.0,0.0,261.25,0.14,1.0,87930.0,True,10,20,277
2009-10-04 21:00:00,8.74,85.9,0.0,-0.0,0.0,258.95,0.34,90.0,87960.0,True,10,21,277
2009-10-04 22:00:00,7.99,85.85,0.0,-0.0,0.0,258.55,0.41,110.0,87940.0,True,10,22,277
2009-10-04 23:00:00,7.32,89.0,0.0,-0.0,0.0,257.4,0.55,123.0,87950.0,True,10,23,277
2009-10-05 00:00:00,5.51,92.3,0.0,-0.0,0.0,257.6,1.03,128.0,87930.0,True,10,0,278
2009-10-05 01:00:00,4.45,92.25,0.0,-0.0,0.0,257.7,1.24,128.0,87910.0,True,10,1,278
2009-10-05 02:00:00,4.04,92.2,0.0,-0.0,0.0,259.5,1.31,134.0,87870.0,True,10,2,278
2009-10-05 03:00:00,3.57,92.15,0.0,-0.0,0.0,259.7,1.45,134.0,87850.0,True,10,3,278
2009-10-05 04:00:00,3.1,92.15,0.0,-0.0,0.0,269.95,1.52,132.0,87830.0,True,10,4,278
2009-10-05 05:00:00,2.96,92.15,0.0,-0.0,0.0,282.75,1.45,132.0,87820.0,True,10,5,278
2009-10-05 06:00:00,3.42,88.75,30.0,0.0,30.0,299.75,1.38,134.0,87820.0,True,10,6,278
2009-10-05 07:00:00,5.72,79.4,156.0,161.27,114.0,300.55,1.31,140.0,87860.0,True,10,7,278
2009-10-05 08:00:00,8.41,76.8,291.0,278.3,178.0,343.9,1.03,151.0,87900.0,True,10,8,278
2009-10-05 09:00:00,10.28,74.3,407.0,355.79,222.0,350.1,1.1,162.0,87930.0,True,10,9,278
2009-10-05 10:00:00,12.67,64.55,341.0,92.52,286.0,346.0,1.1,176.0,87960.0,True,10,10,278
2009-10-05 11:00:00,12.02,71.95,143.0,0.0,143.0,359.55,1.24,163.0,87970.0,True,10,11,278
2009-10-05 12:00:00,13.1,72.1,267.0,19.74,255.0,346.2,1.38,165.0,87930.0,True,10,12,278
2009-10-05 13:00:00,14.35,69.75,398.0,263.89,254.0,345.25,1.52,171.0,87900.0,True,10,13,278
2009-10-05 14:00:00,15.79,65.15,193.0,24.86,182.0,331.1,1.52,178.0,87890.0,True,10,14,278
2009-10-05 15:00:00,15.69,72.55,236.0,403.31,113.0,332.5,1.17,179.0,87860.0,True,10,15,278
2009-10-05 16:00:00,15.39,75.1,17.0,0.0,17.0,325.5,1.17,189.0,87870.0,True,10,16,278
2009-10-05 17:00:00,14.27,77.65,0.0,-0.0,0.0,343.3,1.1,196.0,87890.0,True,10,17,278
2009-10-05 18:00:00,13.14,83.25,0.0,-0.0,0.0,358.8,1.1,196.0,87980.0,True,10,18,278
2009-10-05 19:00:00,12.44,80.2,0.0,-0.0,0.0,338.1,1.45,197.0,88030.0,True,10,19,278
2009-10-05 20:00:00,11.36,83.05,0.0,-0.0,0.0,333.85,1.59,179.0,88060.0,True,10,20,278
2009-10-05 21:00:00,10.68,86.05,0.0,-0.0,0.0,329.75,1.66,170.0,88080.0,True,10,21,278
2009-10-05 22:00:00,9.72,85.95,0.0,-0.0,0.0,311.4,1.59,163.0,88080.0,True,10,22,278
2009-10-05 23:00:00,9.13,89.1,0.0,-0.0,0.0,314.5,1.59,159.0,88070.0,True,10,23,278
2009-10-06 00:00:00,8.17,92.4,0.0,-0.0,0.0,297.65,1.59,156.0,88090.0,True,10,0,279
2009-10-06 01:00:00,7.41,89.05,0.0,-0.0,0.0,307.05,1.59,153.0,88080.0,True,10,1,279
2009-10-06 02:00:00,6.5,92.35,0.0,-0.0,0.0,297.45,1.59,150.0,88070.0,True,10,2,279
2009-10-06 03:00:00,5.93,95.8,0.0,-0.0,0.0,303.05,1.52,148.0,88030.0,True,10,3,279
2009-10-06 04:00:00,5.65,95.75,0.0,-0.0,0.0,301.9,1.59,146.0,88020.0,True,10,4,279
2009-10-06 05:00:00,5.26,95.75,0.0,-0.0,0.0,292.8,1.59,144.0,87990.0,True,10,5,279
2009-10-06 06:00:00,5.35,95.75,32.0,0.0,32.0,298.4,1.66,144.0,87990.0,True,10,6,279
2009-10-06 07:00:00,8.57,92.4,121.0,58.56,106.0,323.55,1.52,147.0,88030.0,True,10,7,279
2009-10-06 08:00:00,11.67,83.1,256.0,176.81,185.0,326.85,1.24,154.0,88040.0,True,10,8,279
2009-10-06 09:00:00,15.22,75.1,318.0,139.74,246.0,310.6,0.9,170.0,88070.0,True,10,9,279
2009-10-06 10:00:00,17.47,65.45,222.0,6.79,218.0,330.35,0.97,205.0,88090.0,True,10,10,279
2009-10-06 11:00:00,19.04,53.15,284.0,27.46,267.0,334.0,1.52,237.0,88090.0,True,10,11,279
2009-10-06 12:00:00,19.04,53.15,175.0,0.0,175.0,345.05,2.14,254.0,88120.0,True,10,12,279
2009-10-06 13:00:00,17.75,63.3,102.0,0.0,102.0,358.0,1.24,243.0,88150.0,True,10,13,279
2009-10-06 14:00:00,16.46,77.95,91.0,0.0,91.0,365.4,0.9,180.0,88140.0,True,10,14,279
2009-10-06 15:00:00,16.45,77.95,134.0,40.11,122.0,357.25,0.9,172.0,88110.0,True,10,15,279
2009-10-06 16:00:00,16.24,80.75,55.0,36.52,50.0,343.9,0.83,211.0,88120.0,True,10,16,279
2009-10-06 17:00:00,15.14,83.5,0.0,-0.0,0.0,343.1,0.9,242.0,88150.0,True,10,17,279
2009-10-06 18:00:00,14.29,86.4,0.0,-0.0,0.0,352.8,0.83,234.0,88200.0,True,10,18,279
2009-10-06 19:00:00,13.51,86.35,0.0,-0.0,0.0,358.4,0.97,193.0,88220.0,True,10,19,279
2009-10-06 20:00:00,12.91,89.4,0.0,-0.0,0.0,358.8,1.1,170.0,88230.0,True,10,20,279
2009-10-06 21:00:00,12.23,89.35,0.0,-0.0,0.0,349.5,1.17,163.0,88240.0,True,10,21,279
2009-10-06 22:00:00,11.44,92.55,0.0,-0.0,0.0,334.6,1.24,162.0,88240.0,True,10,22,279
2009-10-06 23:00:00,10.72,89.25,0.0,-0.0,0.0,325.9,1.24,162.0,88220.0,True,10,23,279
2009-10-07 00:00:00,10.05,89.2,0.0,-0.0,0.0,319.9,1.24,160.0,88230.0,True,10,0,280
2009-10-07 01:00:00,9.11,92.45,0.0,-0.0,0.0,306.85,1.31,155.0,88220.0,True,10,1,280
2009-10-07 02:00:00,7.81,95.8,0.0,-0.0,0.0,291.05,1.45,149.0,88180.0,True,10,2,280
2009-10-07 03:00:00,7.05,95.8,0.0,-0.0,0.0,300.35,1.52,145.0,88150.0,True,10,3,280
2009-10-07 04:00:00,6.22,99.4,0.0,-0.0,0.0,293.0,1.52,144.0,88150.0,True,10,4,280
2009-10-07 05:00:00,5.58,95.75,0.0,-0.0,0.0,291.85,1.52,143.0,88130.0,True,10,5,280
2009-10-07 06:00:00,5.35,99.4,26.0,0.0,26.0,292.05,1.59,143.0,88120.0,True,10,6,280
2009-10-07 07:00:00,8.69,92.4,210.0,559.84,69.0,288.75,1.31,147.0,88140.0,True,10,7,280
2009-10-07 08:00:00,13.72,80.4,379.0,755.6,79.0,288.15,0.97,158.0,88160.0,True,10,8,280
2009-10-07 09:00:00,16.87,70.2,517.0,852.14,82.0,291.85,0.83,174.0,88180.0,True,10,9,280
2009-10-07 10:00:00,19.26,53.15,606.0,893.15,84.0,302.3,1.1,197.0,88160.0,True,10,10,280
2009-10-07 11:00:00,20.7,46.35,635.0,884.5,92.0,306.15,1.38,210.0,88140.0,True,10,11,280
2009-10-07 12:00:00,21.79,41.85,625.0,913.13,80.0,310.4,1.59,219.0,88100.0,True,10,12,280
2009-10-07 13:00:00,22.33,40.5,535.0,823.3,95.0,317.55,1.59,222.0,88010.0,True,10,13,280
2009-10-07 14:00:00,22.45,40.5,151.0,4.64,149.0,319.3,1.31,221.0,87960.0,True,10,14,280
2009-10-07 15:00:00,21.97,48.3,161.0,102.26,131.0,323.4,0.83,224.0,87900.0,True,10,15,280
2009-10-07 16:00:00,20.55,61.6,48.0,22.88,45.0,325.5,0.69,228.0,87890.0,True,10,16,280
2009-10-07 17:00:00,19.57,57.2,0.0,-0.0,0.0,329.75,0.48,224.0,87890.0,True,10,17,280
2009-10-07 18:00:00,17.4,65.45,0.0,-0.0,0.0,324.95,0.83,177.0,87860.0,True,10,18,280
2009-10-07 19:00:00,15.8,65.15,0.0,-0.0,0.0,311.55,1.1,184.0,87850.0,True,10,19,280
2009-10-07 20:00:00,14.95,64.95,0.0,-0.0,0.0,326.3,1.03,183.0,87840.0,True,10,20,280
2009-10-07 21:00:00,13.66,69.65,0.0,-0.0,0.0,327.05,1.24,176.0,87850.0,True,10,21,280
2009-10-07 22:00:00,12.36,74.6,0.0,-0.0,0.0,316.05,1.45,164.0,87840.0,True,10,22,280
2009-10-07 23:00:00,11.56,74.55,0.0,-0.0,0.0,309.65,1.52,162.0,87830.0,True,10,23,280
2009-10-08 00:00:00,11.04,77.2,0.0,-0.0,0.0,306.15,1.31,170.0,87830.0,True,10,0,281
2009-10-08 01:00:00,11.23,77.2,0.0,-0.0,0.0,299.3,1.1,180.0,87830.0,True,10,1,281
2009-10-08 02:00:00,11.09,74.45,0.0,-0.0,0.0,300.95,1.03,172.0,87840.0,True,10,2,281
2009-10-08 03:00:00,10.38,79.95,0.0,-0.0,0.0,310.05,0.9,162.0,87830.0,True,10,3,281
2009-10-08 04:00:00,9.29,85.95,0.0,-0.0,0.0,311.4,1.03,162.0,87870.0,True,10,4,281
2009-10-08 05:00:00,8.68,92.4,0.0,-0.0,0.0,338.3,1.17,144.0,87860.0,True,10,5,281
2009-10-08 06:00:00,8.62,92.4,23.0,0.0,23.0,334.0,1.17,144.0,87840.0,True,10,6,281
2009-10-08 07:00:00,10.17,92.5,49.0,0.0,49.0,331.5,1.17,146.0,87880.0,True,10,7,281
2009-10-08 08:00:00,12.18,92.6,73.0,0.0,73.0,337.9,0.69,155.0,87890.0,True,10,8,281
2009-10-08 09:00:00,12.88,92.6,44.0,0.0,44.0,344.85,0.41,187.0,87930.0,True,10,9,281
2009-10-08 10:00:00,15.48,80.6,52.0,0.0,52.0,347.95,0.41,243.0,87960.0,True,10,10,281
2009-10-08 11:00:00,13.69,92.65,122.0,0.0,122.0,357.85,0.34,285.0,87960.0,True,10,11,281
2009-10-08 12:00:00,13.03,95.95,59.0,0.0,59.0,351.45,0.48,307.0,87950.0,True,10,12,281
2009-10-08 13:00:00,12.62,95.95,162.0,0.0,162.0,355.5,0.62,331.0,87900.0,True,10,13,281
2009-10-08 14:00:00,12.46,99.4,93.0,0.0,93.0,357.85,0.41,352.0,87920.0,True,10,14,281
2009-10-08 15:00:00,12.24,99.4,132.0,45.21,119.0,357.45,0.48,342.0,87870.0,True,10,15,281
2009-10-08 16:00:00,11.95,99.4,32.0,0.0,32.0,349.7,0.41,304.0,87880.0,True,10,16,281
2009-10-08 17:00:00,11.51,99.4,0.0,-0.0,0.0,355.9,0.28,296.0,87870.0,True,10,17,281
2009-10-08 18:00:00,11.02,95.9,0.0,-0.0,0.0,352.6,0.28,350.0,87900.0,True,10,18,281
2009-10-08 19:00:00,10.59,99.4,0.0,-0.0,0.0,349.9,0.34,158.0,87950.0,True,10,19,281
2009-10-08 20:00:00,10.26,99.4,0.0,-0.0,0.0,346.6,0.34,164.0,87960.0,True,10,20,281
2009-10-08 21:00:00,9.7,99.4,0.0,-0.0,0.0,336.95,0.48,164.0,87980.0,True,10,21,281
2009-10-08 22:00:00,9.14,99.4,0.0,-0.0,0.0,332.1,0.62,149.0,87980.0,True,10,22,281
2009-10-08 23:00:00,8.69,99.4,0.0,-0.0,0.0,332.5,0.9,137.0,87980.0,True,10,23,281
2009-10-09 00:00:00,8.14,99.4,0.0,-0.0,0.0,323.55,0.97,131.0,87940.0,True,10,0,282
2009-10-09 01:00:00,7.26,99.4,0.0,-0.0,0.0,311.1,1.1,130.0,87940.0,True,10,1,282
2009-10-09 02:00:00,7.12,99.4,0.0,-0.0,0.0,320.1,1.17,135.0,87940.0,True,10,2,282
2009-10-09 03:00:00,7.31,99.4,0.0,-0.0,0.0,329.75,1.1,131.0,87860.0,True,10,3,282
2009-10-09 04:00:00,7.42,95.8,0.0,-0.0,0.0,331.3,1.17,133.0,87870.0,True,10,4,282
2009-10-09 05:00:00,6.96,95.8,0.0,-0.0,0.0,325.7,1.24,135.0,87860.0,True,10,5,282
2009-10-09 06:00:00,6.66,99.4,27.0,0.0,27.0,324.75,1.24,134.0,87890.0,True,10,6,282
2009-10-09 07:00:00,7.65,95.8,140.0,143.91,105.0,330.95,0.97,136.0,87920.0,True,10,7,282
2009-10-09 08:00:00,9.51,95.85,215.0,95.37,178.0,319.5,0.55,140.0,87950.0,True,10,8,282
2009-10-09 09:00:00,11.77,86.15,197.0,11.98,191.0,315.05,0.14,55.0,87980.0,True,10,9,282
2009-10-09 10:00:00,12.84,83.25,379.0,174.1,279.0,326.5,0.48,330.0,87980.0,True,10,10,282
2009-10-09 11:00:00,13.84,77.6,415.0,200.54,294.0,329.75,0.76,315.0,87980.0,True,10,11,282
2009-10-09 12:00:00,14.13,72.3,112.0,0.0,112.0,338.65,1.03,312.0,87950.0,True,10,12,282
2009-10-09 13:00:00,14.3,74.95,257.0,43.96,234.0,334.2,1.1,321.0,87900.0,True,10,13,282
2009-10-09 14:00:00,13.9,74.85,200.0,42.91,182.0,353.0,0.97,304.0,87870.0,True,10,14,282
2009-10-09 15:00:00,12.92,80.3,143.0,74.51,122.0,341.4,0.21,296.0,87840.0,True,10,15,282
2009-10-09 16:00:00,12.43,89.35,61.0,117.02,47.0,342.35,0.34,176.0,87860.0,True,10,16,282
2009-10-09 17:00:00,11.69,92.55,0.0,-0.0,0.0,319.9,0.55,192.0,87850.0,True,10,17,282
2009-10-09 18:00:00,10.66,92.5,0.0,-0.0,0.0,318.75,0.62,157.0,87860.0,True,10,18,282
2009-10-09 19:00:00,11.03,86.1,0.0,-0.0,0.0,327.85,0.55,220.0,87890.0,True,10,19,282
2009-10-09 20:00:00,10.13,89.2,0.0,-0.0,0.0,323.0,0.69,169.0,87880.0,True,10,20,282
2009-10-09 21:00:00,8.82,95.85,0.0,-0.0,0.0,322.0,0.62,180.0,87860.0,True,10,21,282
2009-10-09 22:00:00,9.64,92.45,0.0,-0.0,0.0,319.3,0.62,193.0,87860.0,True,10,22,282
2009-10-09 23:00:00,7.84,95.8,0.0,-0.0,0.0,328.0,0.76,187.0,87860.0,True,10,23,282
2009-10-10 00:00:00,7.87,95.8,0.0,-0.0,0.0,335.0,0.97,184.0,87840.0,True,10,0,283
2009-10-10 01:00:00,7.71,95.8,0.0,-0.0,0.0,332.0,0.97,169.0,87840.0,True,10,1,283
2009-10-10 02:00:00,7.56,95.8,0.0,-0.0,0.0,328.8,0.97,168.0,87780.0,True,10,2,283
2009-10-10 03:00:00,7.31,99.4,0.0,-0.0,0.0,325.5,1.03,168.0,87720.0,True,10,3,283
2009-10-10 04:00:00,7.33,99.4,0.0,-0.0,0.0,332.65,0.97,175.0,87730.0,True,10,4,283
2009-10-10 05:00:00,7.3,99.4,0.0,-0.0,0.0,333.85,1.03,170.0,87730.0,True,10,5,283
2009-10-10 06:00:00,7.54,95.8,7.0,0.0,7.0,347.55,1.03,172.0,87730.0,True,10,6,283
2009-10-10 07:00:00,8.74,99.4,62.0,0.0,62.0,356.5,0.76,220.0,87730.0,True,10,7,283
2009-10-10 08:00:00,9.82,99.4,60.0,0.0,60.0,358.0,0.76,233.0,87750.0,True,10,8,283
2009-10-10 09:00:00,9.96,95.9,59.0,0.0,59.0,358.6,1.1,259.0,87790.0,True,10,9,283
2009-10-10 10:00:00,9.75,99.4,96.0,0.0,96.0,353.55,1.38,276.0,87850.0,True,10,10,283
2009-10-10 11:00:00,9.65,95.85,120.0,0.0,120.0,350.1,1.31,267.0,87870.0,True,10,11,283
2009-10-10 12:00:00,10.07,95.9,331.0,87.86,280.0,346.0,1.03,251.0,87890.0,True,10,12,283
2009-10-10 13:00:00,10.19,89.2,101.0,0.0,101.0,339.85,1.17,249.0,87890.0,True,10,13,283
2009-10-10 14:00:00,10.87,89.25,208.0,55.59,185.0,316.05,1.17,247.0,87880.0,True,10,14,283
2009-10-10 15:00:00,10.61,83.0,217.0,431.0,98.0,315.45,1.17,232.0,87870.0,True,10,15,283
2009-10-10 16:00:00,10.18,86.0,74.0,307.16,39.0,322.6,1.03,231.0,87890.0,True,10,16,283
2009-10-10 17:00:00,9.56,85.95,0.0,-0.0,0.0,329.4,0.9,236.0,87940.0,True,10,17,283
2009-10-10 18:00:00,8.89,99.4,0.0,-0.0,0.0,343.9,0.83,238.0,87970.0,True,10,18,283
2009-10-10 19:00:00,7.81,95.8,0.0,-0.0,0.0,316.6,0.97,247.0,87970.0,True,10,19,283
2009-10-10 20:00:00,7.48,95.8,0.0,-0.0,0.0,327.25,0.97,254.0,88000.0,True,10,20,283
2009-10-10 21:00:00,7.77,95.8,0.0,-0.0,0.0,343.1,0.83,268.0,88030.0,True,10,21,283
2009-10-10 22:00:00,7.25,99.4,0.0,-0.0,0.0,320.5,0.69,274.0,88050.0,True,10,22,283
2009-10-10 23:00:00,6.67,99.4,0.0,-0.0,0.0,310.4,0.48,246.0,88050.0,True,10,23,283
2009-10-11 00:00:00,7.41,92.4,0.0,-0.0,0.0,315.05,0.21,221.0,88020.0,True,10,0,284
2009-10-11 01:00:00,7.46,92.4,0.0,-0.0,0.0,315.35,0.41,316.0,88020.0,True,10,1,284
2009-10-11 02:00:00,6.98,95.8,0.0,-0.0,0.0,296.5,0.34,332.0,88000.0,True,10,2,284
2009-10-11 03:00:00,6.65,99.4,0.0,-0.0,0.0,293.95,0.14,91.0,87980.0,True,10,3,284
2009-10-11 04:00:00,6.52,99.4,0.0,-0.0,0.0,306.35,0.28,140.0,87990.0,True,10,4,284
2009-10-11 05:00:00,6.46,99.4,0.0,-0.0,0.0,324.35,0.14,136.0,87980.0,True,10,5,284
2009-10-11 06:00:00,5.32,100.0,23.0,0.0,23.0,297.05,0.41,146.0,88010.0,True,10,6,284
2009-10-11 07:00:00,6.77,99.4,205.0,631.16,57.0,293.95,0.21,181.0,88020.0,True,10,7,284
2009-10-11 08:00:00,7.46,92.4,299.0,385.46,153.0,320.85,0.34,193.0,88030.0,True,10,8,284
2009-10-11 09:00:00,8.24,89.05,484.0,785.75,98.0,314.5,0.55,273.0,88030.0,True,10,9,284
2009-10-11 10:00:00,9.32,76.95,546.0,708.9,146.0,292.8,0.83,286.0,88010.0,True,10,10,284
2009-10-11 11:00:00,10.12,69.0,501.0,431.83,245.0,302.5,1.1,281.0,87990.0,True,10,11,284
2009-10-11 12:00:00,10.8,64.1,0.0,0.0,0.0,319.9,1.45,281.0,87940.0,True,10,12,284
2009-10-11 13:00:00,11.12,61.85,301.0,101.56,249.0,323.4,1.66,286.0,87920.0,True,10,13,284
2009-10-11 14:00:00,11.09,61.85,230.0,95.56,191.0,317.95,1.72,280.0,87920.0,True,10,14,284
2009-10-11 15:00:00,10.6,64.1,105.0,18.49,100.0,320.1,1.52,280.0,87860.0,True,10,15,284
2009-10-11 16:00:00,9.93,69.0,55.0,120.03,42.0,329.4,1.31,282.0,87860.0,True,10,16,284
2009-10-11 17:00:00,9.38,76.95,0.0,-0.0,0.0,331.5,1.1,264.0,87860.0,True,10,17,284
2009-10-11 18:00:00,9.01,76.95,0.0,-0.0,0.0,331.7,1.17,253.0,87850.0,True,10,18,284
2009-10-11 19:00:00,8.92,82.75,0.0,-0.0,0.0,334.8,1.45,254.0,87840.0,True,10,19,284
2009-10-11 20:00:00,8.56,82.75,0.0,-0.0,0.0,331.3,1.52,246.0,87820.0,True,10,20,284
2009-10-11 21:00:00,8.34,85.85,0.0,-0.0,0.0,334.0,1.66,235.0,87790.0,True,10,21,284
2009-10-11 22:00:00,8.19,85.85,0.0,-0.0,0.0,336.35,1.72,224.0,87760.0,True,10,22,284
2009-10-11 23:00:00,7.42,92.4,0.0,-0.0,0.0,334.0,1.86,218.0,87690.0,True,10,23,284
2009-10-12 00:00:00,7.22,95.8,0.0,-0.0,0.0,341.95,2.0,216.0,87610.0,True,10,0,285
2009-10-12 01:00:00,7.21,95.8,0.0,-0.0,0.0,345.75,2.0,216.0,87570.0,True,10,1,285
2009-10-12 02:00:00,7.18,95.8,0.0,-0.0,0.0,346.2,2.0,224.0,87490.0,True,10,2,285
2009-10-12 03:00:00,7.13,95.8,0.0,-0.0,0.0,348.35,2.07,230.0,87420.0,True,10,3,285
2009-10-12 04:00:00,7.02,95.8,0.0,-0.0,0.0,348.15,1.86,242.0,87380.0,True,10,4,285
2009-10-12 05:00:00,6.85,99.4,0.0,-0.0,0.0,347.55,2.21,286.0,87390.0,True,10,5,285
2009-10-12 06:00:00,5.76,99.4,21.0,0.0,21.0,327.25,2.83,325.0,87520.0,True,10,6,285
2009-10-12 07:00:00,4.56,95.75,96.0,30.42,89.0,309.65,1.79,324.0,87680.0,True,10,7,285
2009-10-12 08:00:00,4.63,95.75,183.0,48.11,165.0,298.8,1.45,317.0,87770.0,True,10,8,285
2009-10-12 09:00:00,5.1,92.25,368.0,296.05,224.0,287.6,1.38,309.0,87830.0,True,10,9,285
2009-10-12 10:00:00,5.15,92.25,147.0,0.0,147.0,307.9,1.66,308.0,87850.0,True,10,10,285
2009-10-12 11:00:00,5.54,92.3,84.0,0.0,84.0,305.55,1.79,308.0,87930.0,True,10,11,285
2009-10-12 12:00:00,5.86,95.75,141.0,0.0,141.0,311.4,1.79,310.0,87960.0,True,10,12,285
2009-10-12 13:00:00,5.52,92.3,49.0,0.0,49.0,302.5,1.59,301.0,87970.0,True,10,13,285
2009-10-12 14:00:00,5.38,95.75,83.0,0.0,83.0,299.2,1.38,296.0,88030.0,True,10,14,285
2009-10-12 15:00:00,5.19,92.25,56.0,0.0,56.0,287.95,1.31,296.0,88070.0,True,10,15,285
2009-10-12 16:00:00,4.45,95.75,19.0,0.0,19.0,293.0,1.31,314.0,88150.0,True,10,16,285
2009-10-12 17:00:00,3.61,95.7,0.0,-0.0,0.0,292.05,1.03,334.0,88210.0,True,10,17,285
2009-10-12 18:00:00,3.2,92.15,0.0,-0.0,0.0,296.85,1.03,359.0,88270.0,True,10,18,285
2009-10-12 19:00:00,2.48,95.7,0.0,-0.0,0.0,283.7,1.52,14.0,88300.0,True,10,19,285
2009-10-12 20:00:00,2.12,95.65,0.0,-0.0,0.0,276.95,1.17,29.0,88380.0,True,10,20,285
2009-10-12 21:00:00,1.81,95.65,0.0,-0.0,0.0,273.25,1.31,34.0,88390.0,True,10,21,285
2009-10-12 22:00:00,1.09,99.35,0.0,-0.0,0.0,242.65,1.24,43.0,88370.0,True,10,22,285
2009-10-12 23:00:00,0.44,95.65,0.0,-0.0,0.0,240.95,1.17,53.0,88380.0,True,10,23,285
2009-10-13 00:00:00,-0.26,99.4,0.0,-0.0,0.0,244.05,1.03,54.0,88360.0,True,10,0,286
2009-10-13 01:00:00,-0.54,95.6,0.0,-0.0,0.0,253.6,0.97,58.0,88360.0,True,10,1,286
2009-10-13 02:00:00,-0.54,95.6,0.0,-0.0,0.0,261.05,0.9,78.0,88330.0,True,10,2,286
2009-10-13 03:00:00,-1.05,95.6,0.0,-0.0,0.0,249.85,0.97,94.0,88300.0,True,10,3,286
2009-10-13 04:00:00,-1.2,99.4,0.0,-0.0,0.0,255.45,0.97,104.0,88320.0,True,10,4,286
2009-10-13 05:00:00,-1.64,95.6,0.0,-0.0,0.0,245.6,1.1,110.0,88340.0,True,10,5,286
2009-10-13 06:00:00,-1.71,95.55,20.0,0.0,20.0,265.5,1.03,110.0,88360.0,True,10,6,286
2009-10-13 07:00:00,0.73,99.4,157.0,279.13,94.0,271.3,1.03,37.0,88400.0,True,10,7,286
2009-10-13 08:00:00,2.07,85.3,292.0,370.75,155.0,261.05,1.38,36.0,88440.0,True,10,8,286
2009-10-13 09:00:00,3.09,76.1,428.0,523.33,176.0,262.2,1.72,33.0,88440.0,True,10,9,286
2009-10-13 10:00:00,4.04,67.9,498.0,525.19,207.0,272.85,2.07,29.0,88430.0,True,10,10,286
2009-10-13 11:00:00,4.89,58.3,505.0,453.42,241.0,275.95,2.21,25.0,88410.0,True,10,11,286
2009-10-13 12:00:00,5.5,54.05,478.0,418.38,242.0,272.1,2.28,24.0,88390.0,True,10,12,286
2009-10-13 13:00:00,5.84,54.05,438.0,487.19,194.0,269.0,2.14,20.0,88330.0,True,10,13,286
2009-10-13 14:00:00,5.61,51.95,346.0,514.08,142.0,258.75,2.14,17.0,88320.0,True,10,14,286
2009-10-13 15:00:00,5.23,53.9,209.0,439.92,95.0,262.4,2.07,15.0,88370.0,True,10,15,286
2009-10-13 16:00:00,4.52,55.95,59.0,236.75,36.0,259.3,1.79,15.0,88390.0,True,10,16,286
2009-10-13 17:00:00,3.67,60.3,0.0,-0.0,0.0,266.65,1.45,22.0,88410.0,True,10,17,286
2009-10-13 18:00:00,3.08,62.6,0.0,-0.0,0.0,272.5,1.24,31.0,88410.0,True,10,18,286
2009-10-13 19:00:00,2.48,70.3,0.0,-0.0,0.0,268.4,1.45,21.0,88380.0,True,10,19,286
2009-10-13 20:00:00,2.12,73.0,0.0,-0.0,0.0,273.65,1.31,29.0,88390.0,True,10,20,286
2009-10-13 21:00:00,1.76,75.85,0.0,-0.0,0.0,274.05,1.1,37.0,88380.0,True,10,21,286
2009-10-13 22:00:00,1.4,78.9,0.0,-0.0,0.0,264.95,1.03,42.0,88330.0,True,10,22,286
2009-10-13 23:00:00,1.01,81.95,0.0,-0.0,0.0,255.05,0.97,43.0,88320.0,True,10,23,286
2009-10-14 00:00:00,0.45,85.15,0.0,-0.0,0.0,245.95,0.97,42.0,88300.0,True,10,0,287
2009-10-14 01:00:00,-0.08,88.45,0.0,-0.0,0.0,233.1,0.9,51.0,88270.0,True,10,1,287
2009-10-14 02:00:00,-0.21,88.45,0.0,-0.0,0.0,247.7,1.03,42.0,88210.0,True,10,2,287
2009-10-14 03:00:00,-0.43,88.45,0.0,-0.0,0.0,244.8,1.1,38.0,88170.0,True,10,3,287
2009-10-14 04:00:00,-0.42,88.45,0.0,-0.0,0.0,251.95,1.17,43.0,88180.0,True,10,4,287
2009-10-14 05:00:00,-0.24,88.45,0.0,-0.0,0.0,270.15,1.24,42.0,88150.0,True,10,5,287
2009-10-14 06:00:00,-0.39,88.45,19.0,0.0,19.0,265.9,1.31,39.0,88140.0,True,10,6,287
2009-10-14 07:00:00,0.0,88.45,181.0,483.54,74.0,266.3,1.38,35.0,88110.0,True,10,7,287
2009-10-14 08:00:00,0.8,81.9,338.0,635.83,106.0,278.3,1.79,35.0,88110.0,True,10,8,287
2009-10-14 09:00:00,1.63,72.95,442.0,593.73,159.0,276.95,2.28,31.0,88120.0,True,10,9,287
2009-10-14 10:00:00,2.34,67.5,562.0,799.67,123.0,274.05,2.55,32.0,88120.0,True,10,10,287
2009-10-14 11:00:00,2.87,62.6,549.0,615.32,194.0,265.3,2.76,32.0,88120.0,True,10,11,287
2009-10-14 12:00:00,3.23,60.15,482.0,436.79,238.0,260.65,2.76,30.0,88090.0,True,10,12,287
2009-10-14 13:00:00,3.39,57.95,439.0,494.67,194.0,238.4,2.69,26.0,88080.0,True,10,13,287
2009-10-14 14:00:00,2.93,57.8,302.0,319.51,177.0,234.15,2.55,26.0,88080.0,True,10,14,287
2009-10-14 15:00:00,2.47,57.7,194.0,358.9,103.0,220.6,2.55,26.0,88090.0,True,10,15,287
2009-10-14 16:00:00,1.49,59.8,54.0,196.41,36.0,221.95,2.28,26.0,88100.0,True,10,16,287
2009-10-14 17:00:00,0.47,64.55,0.0,-0.0,0.0,219.05,1.86,24.0,88120.0,True,10,17,287
2009-10-14 18:00:00,-0.35,69.75,0.0,-0.0,0.0,213.45,1.72,24.0,88130.0,True,10,18,287
2009-10-14 19:00:00,-0.9,69.65,0.0,-0.0,0.0,205.9,1.72,21.0,88120.0,True,10,19,287
2009-10-14 20:00:00,-1.55,72.4,0.0,-0.0,0.0,203.0,1.59,24.0,88120.0,True,10,20,287
2009-10-14 21:00:00,-1.99,75.3,0.0,-0.0,0.0,214.8,1.52,29.0,88080.0,True,10,21,287
2009-10-14 22:00:00,-2.44,78.3,0.0,-0.0,0.0,211.9,1.45,33.0,88040.0,True,10,22,287
2009-10-14 23:00:00,-2.91,78.3,0.0,-0.0,0.0,206.5,1.38,35.0,88000.0,True,10,23,287
2009-10-15 00:00:00,-3.18,78.3,0.0,-0.0,0.0,202.6,1.31,35.0,87990.0,True,10,0,288
2009-10-15 01:00:00,-3.29,84.8,0.0,-0.0,0.0,208.9,1.38,32.0,87970.0,True,10,1,288
2009-10-15 02:00:00,-3.35,84.8,0.0,-0.0,0.0,218.3,1.52,31.0,87940.0,True,10,2,288
2009-10-15 03:00:00,-3.38,84.8,0.0,-0.0,0.0,230.3,1.66,31.0,87920.0,True,10,3,288
2009-10-15 04:00:00,-3.33,84.8,0.0,-0.0,0.0,246.35,1.79,29.0,87910.0,True,10,4,288
2009-10-15 05:00:00,-3.34,84.8,0.0,-0.0,0.0,253.3,1.93,33.0,87890.0,True,10,5,288
2009-10-15 06:00:00,-3.2,81.45,16.0,0.0,16.0,262.2,2.0,35.0,87870.0,True,10,6,288
2009-10-15 07:00:00,-2.88,78.3,194.0,650.21,53.0,261.85,2.21,30.0,87910.0,True,10,7,288
2009-10-15 08:00:00,-2.34,75.2,352.0,757.87,79.0,254.85,2.28,33.0,87910.0,True,10,8,288
2009-10-15 09:00:00,-1.46,66.8,465.0,731.31,120.0,266.3,2.55,35.0,87930.0,True,10,9,288
2009-10-15 10:00:00,-0.98,64.25,460.0,411.86,236.0,270.35,2.55,36.0,87940.0,True,10,10,288
2009-10-15 11:00:00,-0.33,61.8,598.0,855.43,109.0,265.5,2.62,36.0,87960.0,True,10,11,288
2009-10-15 12:00:00,0.42,57.2,573.0,831.55,113.0,265.3,2.55,33.0,87940.0,True,10,12,288
2009-10-15 13:00:00,0.95,55.05,486.0,741.2,123.0,248.85,2.48,28.0,87930.0,True,10,13,288
2009-10-15 14:00:00,0.99,57.35,377.0,741.58,91.0,245.95,2.55,24.0,87940.0,True,10,14,288
2009-10-15 15:00:00,0.53,59.6,227.0,665.28,62.0,250.6,2.48,22.0,87970.0,True,10,15,288
2009-10-15 16:00:00,-0.15,61.9,56.0,301.65,30.0,239.95,2.0,23.0,88000.0,True,10,16,288
2009-10-15 17:00:00,-1.01,66.9,0.0,-0.0,0.0,230.5,1.72,17.0,88050.0,True,10,17,288
2009-10-15 18:00:00,-1.66,69.55,0.0,-0.0,0.0,221.6,1.59,21.0,88070.0,True,10,18,288
2009-10-15 19:00:00,-1.8,75.3,0.0,-0.0,0.0,219.45,1.59,19.0,88090.0,True,10,19,288
2009-10-15 20:00:00,-2.14,75.3,0.0,-0.0,0.0,224.85,1.59,22.0,88090.0,True,10,20,288
2009-10-15 21:00:00,-2.38,78.3,0.0,-0.0,0.0,233.75,1.38,24.0,88090.0,True,10,21,288
2009-10-15 22:00:00,-2.62,78.3,0.0,-0.0,0.0,227.95,1.38,26.0,88090.0,True,10,22,288
2009-10-15 23:00:00,-2.71,78.3,0.0,-0.0,0.0,234.95,1.31,32.0,88100.0,True,10,23,288
2009-10-16 00:00:00,-2.92,81.5,0.0,-0.0,0.0,229.5,1.1,36.0,88080.0,False,10,0,289
2009-10-16 01:00:00,-2.76,84.85,0.0,-0.0,0.0,238.15,1.03,43.0,88070.0,False,10,1,289
2009-10-16 02:00:00,-2.63,84.85,0.0,-0.0,0.0,241.9,1.1,45.0,88030.0,False,10,2,289
2009-10-16 03:00:00,-2.66,84.85,0.0,-0.0,0.0,237.25,1.1,38.0,88020.0,False,10,3,289
2009-10-16 04:00:00,-2.85,84.85,0.0,-0.0,0.0,227.4,1.1,30.0,88040.0,False,10,4,289
2009-10-16 05:00:00,-2.88,84.85,0.0,-0.0,0.0,233.4,1.03,30.0,88100.0,False,10,5,289
2009-10-16 06:00:00,-2.69,88.25,15.0,0.0,15.0,246.35,1.03,38.0,88140.0,False,10,6,289
2009-10-16 07:00:00,-1.97,88.3,173.0,499.03,67.0,229.7,1.1,32.0,88250.0,False,10,7,289
2009-10-16 08:00:00,-0.63,78.6,342.0,745.33,77.0,247.5,1.03,55.0,88260.0,False,10,8,289
2009-10-16 09:00:00,1.04,70.05,475.0,831.09,87.0,243.45,0.9,57.0,88240.0,False,10,9,289
2009-10-16 10:00:00,3.05,62.6,565.0,883.51,89.0,233.4,0.97,22.0,88220.0,False,10,10,289
2009-10-16 11:00:00,4.36,58.05,467.0,379.62,252.0,229.5,1.24,360.0,88180.0,False,10,11,289
2009-10-16 12:00:00,5.13,56.05,479.0,476.49,218.0,233.2,1.52,348.0,88190.0,False,10,12,289
2009-10-16 13:00:00,5.37,56.05,115.0,0.0,115.0,240.75,1.38,341.0,88180.0,False,10,13,289
2009-10-16 14:00:00,5.14,53.9,89.0,0.0,89.0,263.2,1.03,329.0,88200.0,False,10,14,289
2009-10-16 15:00:00,4.52,55.95,61.0,0.0,61.0,293.75,0.83,296.0,88170.0,False,10,15,289
2009-10-16 16:00:00,3.77,62.7,28.0,24.75,26.0,310.8,0.83,285.0,88160.0,False,10,16,289
2009-10-16 17:00:00,2.81,70.3,0.0,-0.0,0.0,304.05,0.83,277.0,88150.0,False,10,17,289
2009-10-16 18:00:00,2.22,75.95,0.0,-0.0,0.0,314.1,0.83,271.0,88120.0,False,10,18,289
2009-10-16 19:00:00,1.69,75.85,0.0,-0.0,0.0,308.85,0.83,285.0,88090.0,False,10,19,289
2009-10-16 20:00:00,1.18,85.2,0.0,-0.0,0.0,309.65,0.62,287.0,88070.0,False,10,20,289
2009-10-16 21:00:00,0.72,88.5,0.0,-0.0,0.0,301.1,0.48,278.0,88010.0,False,10,21,289
2009-10-16 22:00:00,0.38,85.15,0.0,-0.0,0.0,283.5,0.55,338.0,88000.0,False,10,22,289
2009-10-16 23:00:00,-0.25,91.95,0.0,-0.0,0.0,273.05,0.69,349.0,87960.0,False,10,23,289
2009-10-17 00:00:00,-0.87,91.95,0.0,-0.0,0.0,268.6,0.83,357.0,87950.0,False,10,0,290
2009-10-17 01:00:00,-1.44,91.9,0.0,-0.0,0.0,268.35,0.69,8.0,87910.0,False,10,1,290
2009-10-17 02:00:00,-1.4,91.9,0.0,-0.0,0.0,275.0,0.55,5.0,87930.0,False,10,2,290
2009-10-17 03:00:00,-1.31,95.6,0.0,-0.0,0.0,282.15,0.41,338.0,87900.0,False,10,3,290
2009-10-17 04:00:00,-1.56,95.6,0.0,-0.0,0.0,274.4,0.48,311.0,87890.0,False,10,4,290
2009-10-17 05:00:00,-1.5,95.6,0.0,-0.0,0.0,272.3,0.41,293.0,87900.0,False,10,5,290
2009-10-17 06:00:00,-1.5,95.6,13.0,0.0,13.0,274.4,0.48,279.0,87890.0,False,10,6,290
2009-10-17 07:00:00,-0.98,91.95,68.0,4.81,67.0,291.25,0.41,214.0,87890.0,False,10,7,290
2009-10-17 08:00:00,-0.41,91.95,168.0,42.75,153.0,288.55,0.48,270.0,87870.0,False,10,8,290
2009-10-17 09:00:00,0.49,85.15,65.0,0.0,65.0,290.5,0.97,320.0,87870.0,False,10,9,290
2009-10-17 10:00:00,0.51,85.15,89.0,0.0,89.0,294.55,1.31,334.0,87880.0,False,10,10,290
2009-10-17 11:00:00,0.93,88.55,140.0,0.0,140.0,302.65,1.17,334.0,87870.0,False,10,11,290
2009-10-17 12:00:00,1.34,92.05,229.0,12.91,222.0,299.2,1.24,336.0,87850.0,False,10,12,290
2009-10-17 13:00:00,1.4,92.05,95.0,0.0,95.0,279.45,1.31,344.0,87800.0,False,10,13,290
2009-10-17 14:00:00,1.42,95.65,39.0,0.0,39.0,268.4,1.24,354.0,87790.0,False,10,14,290
2009-10-17 15:00:00,0.43,92.0,22.0,0.0,22.0,260.65,1.17,1.0,87770.0,False,10,15,290
2009-10-17 16:00:00,-0.75,88.4,32.0,66.27,27.0,268.4,1.03,17.0,87760.0,False,10,16,290
2009-10-17 17:00:00,-1.06,85.0,0.0,-0.0,0.0,271.5,0.97,19.0,87820.0,False,10,17,290
2009-10-17 18:00:00,-2.14,91.85,0.0,-0.0,0.0,256.6,0.83,36.0,87830.0,False,10,18,290
2009-10-17 19:00:00,-3.01,91.85,0.0,-0.0,0.0,257.75,0.83,46.0,87830.0,False,10,19,290
2009-10-17 20:00:00,-3.03,95.55,0.0,-0.0,0.0,245.0,0.76,68.0,87840.0,False,10,20,290
2009-10-17 21:00:00,-4.04,95.5,0.0,-0.0,0.0,257.75,0.76,87.0,87830.0,False,10,21,290
2009-10-17 22:00:00,-4.46,95.5,0.0,-0.0,0.0,240.95,0.9,93.0,87820.0,False,10,22,290
2009-10-17 23:00:00,-4.19,91.8,0.0,-0.0,0.0,248.3,0.83,97.0,87790.0,False,10,23,290
2009-10-18 00:00:00,-4.16,91.8,0.0,-0.0,0.0,241.5,0.83,83.0,87760.0,False,10,0,291
2009-10-18 01:00:00,-4.26,91.75,0.0,-0.0,0.0,239.9,0.9,72.0,87760.0,False,10,1,291
2009-10-18 02:00:00,-4.66,91.75,0.0,-0.0,0.0,231.45,0.9,92.0,87780.0,False,10,2,291
2009-10-18 03:00:00,-5.01,95.5,0.0,-0.0,0.0,255.45,0.9,116.0,87730.0,False,10,3,291
2009-10-18 04:00:00,-5.97,95.45,0.0,-0.0,0.0,246.35,0.97,109.0,87720.0,False,10,4,291
2009-10-18 05:00:00,-5.6,95.45,0.0,-0.0,0.0,252.15,0.83,88.0,87760.0,False,10,5,291
2009-10-18 06:00:00,-5.75,95.45,11.0,0.0,11.0,255.45,0.83,90.0,87770.0,False,10,6,291
2009-10-18 07:00:00,-3.55,88.25,143.0,294.84,83.0,265.1,0.69,67.0,87810.0,False,10,7,291
2009-10-18 08:00:00,-2.97,88.25,265.0,326.43,152.0,259.5,1.03,52.0,87810.0,False,10,8,291
2009-10-18 09:00:00,-1.21,84.95,370.0,369.78,201.0,251.95,1.31,40.0,87820.0,False,10,9,291
2009-10-18 10:00:00,0.06,75.6,389.0,244.08,260.0,247.7,1.66,30.0,87800.0,False,10,10,291
2009-10-18 11:00:00,0.92,70.05,335.0,100.76,279.0,259.3,2.0,24.0,87800.0,False,10,11,291
2009-10-18 12:00:00,1.44,67.4,337.0,122.92,271.0,275.0,2.07,22.0,87780.0,False,10,12,291
2009-10-18 13:00:00,1.72,67.4,197.0,12.68,191.0,269.2,2.21,21.0,87750.0,False,10,13,291
2009-10-18 14:00:00,1.59,70.1,168.0,29.8,157.0,274.8,2.21,20.0,87750.0,False,10,14,291
2009-10-18 15:00:00,1.24,72.85,119.0,73.38,102.0,259.3,1.93,20.0,87740.0,False,10,15,291
2009-10-18 16:00:00,0.48,75.7,25.0,28.5,23.0,256.2,1.66,19.0,87760.0,False,10,16,291
2009-10-18 17:00:00,-0.45,81.75,0.0,-0.0,0.0,250.4,1.45,25.0,87780.0,False,10,17,291
2009-10-18 18:00:00,-1.41,88.35,0.0,-0.0,0.0,243.05,1.38,32.0,87790.0,False,10,18,291
2009-10-18 19:00:00,-2.93,91.85,0.0,-0.0,0.0,229.3,1.17,40.0,87770.0,False,10,19,291
2009-10-18 20:00:00,-3.02,91.85,0.0,-0.0,0.0,242.85,1.1,48.0,87780.0,False,10,20,291
2009-10-18 21:00:00,-3.5,95.55,0.0,-0.0,0.0,224.5,1.1,60.0,87750.0,False,10,21,291
2009-10-18 22:00:00,-3.76,99.4,0.0,-0.0,0.0,247.3,1.17,68.0,87730.0,False,10,22,291
2009-10-18 23:00:00,-4.01,95.5,0.0,-0.0,0.0,251.6,1.1,76.0,87680.0,False,10,23,291
2009-10-19 00:00:00,-4.42,95.5,0.0,-0.0,0.0,246.15,0.97,84.0,87630.0,False,10,0,292
2009-10-19 01:00:00,-4.28,99.4,0.0,-0.0,0.0,254.2,0.97,92.0,87630.0,False,10,1,292
2009-10-19 02:00:00,-5.21,99.4,0.0,-0.0,0.0,253.9,0.9,102.0,87610.0,False,10,2,292
2009-10-19 03:00:00,-5.31,91.7,0.0,-0.0,0.0,239.75,0.97,109.0,87580.0,False,10,3,292
2009-10-19 04:00:00,-4.48,84.65,0.0,-0.0,0.0,231.85,0.97,111.0,87580.0,False,10,4,292
2009-10-19 05:00:00,-4.14,78.15,0.0,-0.0,0.0,221.75,0.9,111.0,87580.0,False,10,5,292
2009-10-19 06:00:00,-3.89,75.05,10.0,0.0,10.0,227.75,0.83,106.0,87600.0,False,10,6,292
2009-10-19 07:00:00,-3.44,78.2,162.0,487.37,65.0,227.2,0.62,84.0,87590.0,False,10,7,292
2009-10-19 08:00:00,-1.99,75.3,320.0,661.85,94.0,240.55,0.69,76.0,87600.0,False,10,8,292
2009-10-19 09:00:00,0.62,64.55,442.0,712.22,120.0,232.8,0.76,61.0,87600.0,False,10,9,292
2009-10-19 10:00:00,2.11,59.95,511.0,680.15,155.0,236.85,0.9,42.0,87570.0,False,10,10,292
2009-10-19 11:00:00,2.8,60.05,532.0,650.3,174.0,217.15,1.03,26.0,87520.0,False,10,11,292
2009-10-19 12:00:00,3.37,57.95,530.0,726.15,144.0,218.85,1.17,13.0,87480.0,False,10,12,292
2009-10-19 13:00:00,3.6,60.3,454.0,683.95,134.0,219.45,1.17,2.0,87440.0,False,10,13,292
2009-10-19 14:00:00,3.4,62.7,348.0,692.76,96.0,220.8,1.1,353.0,87440.0,False,10,14,292
2009-10-19 15:00:00,2.58,73.1,195.0,552.29,70.0,221.95,0.83,352.0,87420.0,False,10,15,292
2009-10-19 16:00:00,2.99,67.7,37.0,230.97,22.0,221.95,0.55,7.0,87390.0,False,10,16,292
2009-10-19 17:00:00,1.94,73.0,0.0,-0.0,0.0,219.85,0.83,76.0,87400.0,False,10,17,292
2009-10-19 18:00:00,-0.97,85.0,0.0,-0.0,0.0,219.05,1.17,105.0,87360.0,False,10,18,292
2009-10-19 19:00:00,-0.92,81.7,0.0,-0.0,0.0,217.15,1.24,105.0,87290.0,False,10,19,292
2009-10-19 20:00:00,-2.07,84.85,0.0,-0.0,0.0,217.9,1.24,115.0,87250.0,False,10,20,292
2009-10-19 21:00:00,-2.85,84.85,0.0,-0.0,0.0,218.1,1.24,122.0,87220.0,False,10,21,292
2009-10-19 22:00:00,-3.84,88.2,0.0,-0.0,0.0,215.6,1.31,127.0,87190.0,False,10,22,292
2009-10-19 23:00:00,-4.6,84.65,0.0,-0.0,0.0,213.85,1.31,128.0,87140.0,False,10,23,292
2009-10-20 00:00:00,-4.7,84.65,0.0,-0.0,0.0,215.95,1.31,130.0,87090.0,False,10,0,293
2009-10-20 01:00:00,-5.34,84.55,0.0,-0.0,0.0,217.45,1.31,132.0,87050.0,False,10,1,293
2009-10-20 02:00:00,-5.62,81.2,0.0,-0.0,0.0,215.0,1.38,131.0,87050.0,False,10,2,293
2009-10-20 03:00:00,-5.67,77.9,0.0,-0.0,0.0,218.7,1.38,130.0,86990.0,False,10,3,293
2009-10-20 04:00:00,-5.85,81.1,0.0,-0.0,0.0,215.4,1.38,131.0,87000.0,False,10,4,293
2009-10-20 05:00:00,-5.96,77.85,0.0,-0.0,0.0,217.15,1.38,131.0,87000.0,False,10,5,293
2009-10-20 06:00:00,-6.02,77.85,8.0,0.0,8.0,218.5,1.45,131.0,87010.0,False,10,6,293
2009-10-20 07:00:00,-4.58,71.95,161.0,534.57,57.0,247.3,1.45,132.0,87040.0,False,10,7,293
2009-10-20 08:00:00,-0.49,69.75,307.0,629.53,95.0,253.7,1.17,130.0,87030.0,False,10,8,293
2009-10-20 09:00:00,3.78,62.7,402.0,547.87,157.0,263.75,0.69,126.0,87050.0,False,10,9,293
2009-10-20 10:00:00,6.8,48.25,503.0,690.72,145.0,265.3,0.41,108.0,87040.0,False,10,10,293
2009-10-20 11:00:00,8.04,44.85,510.0,597.89,184.0,282.15,0.34,58.0,87020.0,False,10,11,293
2009-10-20 12:00:00,8.69,43.25,524.0,748.74,130.0,282.75,0.55,13.0,87000.0,False,10,12,293
2009-10-20 13:00:00,7.92,52.45,384.0,406.51,196.0,280.4,0.69,1.0,86990.0,False,10,13,293
2009-10-20 14:00:00,8.24,56.7,334.0,658.51,98.0,288.15,0.69,23.0,86990.0,False,10,14,293
2009-10-20 15:00:00,7.22,61.1,199.0,656.0,54.0,276.15,0.76,56.0,86950.0,False,10,15,293
2009-10-20 16:00:00,5.31,73.55,13.0,0.0,13.0,277.5,1.03,82.0,86940.0,False,10,16,293
2009-10-20 17:00:00,3.69,79.15,0.0,-0.0,0.0,255.85,1.17,101.0,86910.0,False,10,17,293
2009-10-20 18:00:00,2.19,78.95,0.0,-0.0,0.0,253.7,1.45,112.0,86920.0,False,10,18,293
2009-10-20 19:00:00,2.52,73.1,0.0,-0.0,0.0,272.3,1.45,125.0,86870.0,False,10,19,293
2009-10-20 20:00:00,0.83,78.75,0.0,-0.0,0.0,275.75,1.66,127.0,86850.0,False,10,20,293
2009-10-20 21:00:00,-0.02,78.65,0.0,-0.0,0.0,279.25,1.72,133.0,86830.0,False,10,21,293
2009-10-20 22:00:00,-0.21,81.75,0.0,-0.0,0.0,289.5,1.66,135.0,86840.0,False,10,22,293
2009-10-20 23:00:00,0.09,78.65,0.0,-0.0,0.0,295.3,1.66,134.0,86820.0,False,10,23,293
2009-10-21 00:00:00,0.48,75.7,0.0,-0.0,0.0,293.4,1.72,133.0,86830.0,False,10,0,294
2009-10-21 01:00:00,0.76,75.7,0.0,-0.0,0.0,295.8,1.72,131.0,86800.0,False,10,1,294
2009-10-21 02:00:00,-0.1,78.65,0.0,-0.0,0.0,259.3,1.79,134.0,86750.0,False,10,2,294
2009-10-21 03:00:00,-0.45,78.6,0.0,-0.0,0.0,267.85,1.86,134.0,86740.0,False,10,3,294
2009-10-21 04:00:00,-0.31,78.6,0.0,-0.0,0.0,272.3,2.0,132.0,86730.0,False,10,4,294
2009-10-21 05:00:00,-0.05,75.6,0.0,-0.0,0.0,283.5,1.93,131.0,86720.0,False,10,5,294
2009-10-21 06:00:00,0.03,78.65,6.0,0.0,6.0,281.0,1.93,131.0,86680.0,False,10,6,294
2009-10-21 07:00:00,1.17,75.75,49.0,0.0,49.0,291.05,1.72,133.0,86710.0,False,10,7,294
2009-10-21 08:00:00,3.09,76.1,146.0,27.1,137.0,282.75,1.66,129.0,86700.0,False,10,8,294
2009-10-21 09:00:00,6.18,68.3,82.0,0.0,82.0,287.75,1.52,127.0,86700.0,False,10,9,294
2009-10-21 10:00:00,7.07,65.95,334.0,157.84,253.0,290.85,1.45,121.0,86660.0,False,10,10,294
2009-10-21 11:00:00,8.26,63.6,153.0,0.0,153.0,282.15,1.52,118.0,86630.0,False,10,11,294
2009-10-21 12:00:00,9.06,59.15,279.0,63.35,246.0,274.6,1.45,116.0,86540.0,False,10,12,294
2009-10-21 13:00:00,9.31,59.15,261.0,91.88,219.0,284.3,1.31,118.0,86500.0,False,10,13,294
2009-10-21 14:00:00,12.26,47.75,259.0,291.73,156.0,294.95,1.1,128.0,86490.0,False,10,14,294
2009-10-21 15:00:00,11.1,55.3,140.0,222.43,92.0,317.4,1.1,104.0,86460.0,False,10,15,294
2009-10-21 16:00:00,9.63,61.55,15.0,18.28,14.0,322.4,1.38,107.0,86390.0,False,10,16,294
2009-10-21 17:00:00,7.81,63.6,0.0,-0.0,0.0,303.45,1.52,128.0,86370.0,False,10,17,294
2009-10-21 18:00:00,6.51,68.4,0.0,-0.0,0.0,298.8,1.66,142.0,86370.0,False,10,18,294
2009-10-21 19:00:00,5.93,65.75,0.0,-0.0,0.0,299.2,1.38,153.0,86320.0,False,10,19,294
2009-10-21 20:00:00,5.04,70.8,0.0,-0.0,0.0,295.1,1.31,160.0,86330.0,False,10,20,294
2009-10-21 21:00:00,4.14,79.2,0.0,-0.0,0.0,289.1,1.24,168.0,86380.0,False,10,21,294
2009-10-21 22:00:00,3.7,82.25,0.0,-0.0,0.0,295.3,1.17,164.0,86440.0,False,10,22,294
2009-10-21 23:00:00,3.21,85.4,0.0,-0.0,0.0,297.65,1.1,175.0,86470.0,False,10,23,294
2009-10-22 00:00:00,2.69,95.7,0.0,-0.0,0.0,307.1,0.97,169.0,86490.0,False,10,0,295
2009-10-22 01:00:00,2.62,95.7,0.0,-0.0,0.0,308.4,0.76,163.0,86490.0,False,10,1,295
2009-10-22 02:00:00,1.97,95.65,0.0,-0.0,0.0,293.55,0.97,140.0,86450.0,False,10,2,295
2009-10-22 03:00:00,1.37,95.65,0.0,-0.0,0.0,290.1,1.24,122.0,86400.0,False,10,3,295
2009-10-22 04:00:00,1.18,99.35,0.0,-0.0,0.0,292.05,1.17,126.0,86370.0,False,10,4,295
2009-10-22 05:00:00,1.15,99.35,0.0,-0.0,0.0,296.85,1.17,125.0,86380.0,False,10,5,295
2009-10-22 06:00:00,0.22,99.4,0.0,0.0,0.0,267.05,1.31,127.0,86380.0,False,10,6,295
2009-10-22 07:00:00,1.42,88.6,60.0,5.39,59.0,275.0,1.1,126.0,86360.0,False,10,7,295
2009-10-22 08:00:00,4.86,99.4,203.0,155.8,152.0,279.65,0.41,126.0,86390.0,False,10,8,295
2009-10-22 09:00:00,7.23,82.65,262.0,118.9,210.0,286.05,0.07,201.0,86480.0,False,10,9,295
2009-10-22 10:00:00,7.8,82.7,217.0,17.71,208.0,291.45,0.28,290.0,86570.0,False,10,10,295
2009-10-22 11:00:00,8.87,71.35,517.0,703.09,141.0,290.5,0.41,11.0,86580.0,False,10,11,295
2009-10-22 12:00:00,9.65,66.35,473.0,591.57,168.0,281.95,1.03,50.0,86540.0,False,10,12,295
2009-10-22 13:00:00,10.38,61.65,112.0,0.0,112.0,268.05,1.03,52.0,86500.0,False,10,13,295
2009-10-22 14:00:00,10.64,59.5,162.0,40.26,148.0,274.6,1.03,33.0,86480.0,False,10,14,295
2009-10-22 15:00:00,10.24,64.0,164.0,432.05,73.0,261.45,1.17,19.0,86500.0,False,10,15,295
2009-10-22 16:00:00,9.11,71.4,29.0,281.9,15.0,263.0,1.17,20.0,86500.0,False,10,16,295
2009-10-22 17:00:00,7.4,82.65,0.0,-0.0,0.0,255.05,1.03,39.0,86550.0,False,10,17,295
2009-10-22 18:00:00,5.76,85.65,0.0,-0.0,0.0,262.4,0.97,57.0,86600.0,False,10,18,295
2009-10-22 19:00:00,5.23,88.85,0.0,-0.0,0.0,263.75,0.9,69.0,86580.0,False,10,19,295
2009-10-22 20:00:00,5.17,88.85,0.0,-0.0,0.0,268.4,0.69,106.0,86620.0,False,10,20,295
2009-10-22 21:00:00,4.51,88.85,0.0,-0.0,0.0,268.6,0.9,147.0,86700.0,False,10,21,295
2009-10-22 22:00:00,4.21,88.8,0.0,-0.0,0.0,284.65,0.9,158.0,86740.0,False,10,22,295
2009-10-22 23:00:00,3.93,88.8,0.0,-0.0,0.0,294.95,0.9,161.0,86810.0,False,10,23,295
2009-10-23 00:00:00,3.49,88.75,0.0,-0.0,0.0,282.55,0.97,161.0,86820.0,False,10,0,296
2009-10-23 01:00:00,3.12,92.15,0.0,-0.0,0.0,282.25,0.97,157.0,86900.0,False,10,1,296
2009-10-23 02:00:00,3.29,92.15,0.0,-0.0,0.0,290.1,0.83,157.0,86900.0,False,10,2,296
2009-10-23 03:00:00,3.69,88.75,0.0,-0.0,0.0,297.05,0.55,163.0,86930.0,False,10,3,296
2009-10-23 04:00:00,4.23,88.8,0.0,-0.0,0.0,298.05,0.41,163.0,86980.0,False,10,4,296
2009-10-23 05:00:00,4.76,88.85,0.0,-0.0,0.0,323.0,0.41,243.0,87030.0,False,10,5,296
2009-10-23 06:00:00,4.01,92.2,0.0,0.0,0.0,332.85,0.48,256.0,87120.0,False,10,6,296
2009-10-23 07:00:00,3.93,99.4,69.0,22.09,65.0,332.1,0.76,286.0,87210.0,False,10,7,296
2009-10-23 08:00:00,4.43,99.4,49.0,0.0,49.0,331.3,0.97,294.0,87260.0,False,10,8,296
2009-10-23 09:00:00,4.61,95.75,127.0,0.0,127.0,332.85,1.24,298.0,87330.0,False,10,9,296
2009-10-23 10:00:00,4.55,95.75,122.0,0.0,122.0,331.5,0.83,295.0,87370.0,False,10,10,296
2009-10-23 11:00:00,4.81,95.75,65.0,0.0,65.0,329.4,0.76,299.0,87410.0,False,10,11,296
2009-10-23 12:00:00,4.9,92.25,93.0,0.0,93.0,326.85,0.76,294.0,87420.0,False,10,12,296
2009-10-23 13:00:00,5.67,92.3,67.0,0.0,67.0,320.5,0.62,282.0,87430.0,False,10,13,296
2009-10-23 14:00:00,5.45,88.9,44.0,0.0,44.0,318.95,0.41,283.0,87460.0,False,10,14,296
2009-10-23 15:00:00,6.41,85.75,100.0,68.12,86.0,318.55,0.48,280.0,87510.0,False,10,15,296
2009-10-23 16:00:00,5.19,92.25,14.0,0.0,14.0,307.3,0.34,290.0,87570.0,False,10,16,296
2009-10-23 17:00:00,4.68,92.25,0.0,-0.0,0.0,295.9,0.21,301.0,87630.0,False,10,17,296
2009-10-23 18:00:00,4.3,95.75,0.0,-0.0,0.0,302.3,0.0,29.0,87660.0,False,10,18,296
2009-10-23 19:00:00,3.27,95.7,0.0,-0.0,0.0,287.4,0.41,130.0,87640.0,False,10,19,296
2009-10-23 20:00:00,3.7,92.15,0.0,-0.0,0.0,284.1,0.48,132.0,87680.0,False,10,20,296
2009-10-23 21:00:00,2.14,95.65,0.0,-0.0,0.0,290.3,0.69,138.0,87710.0,False,10,21,296
2009-10-23 22:00:00,1.78,99.4,0.0,-0.0,0.0,292.6,0.83,137.0,87720.0,False,10,22,296
2009-10-23 23:00:00,1.57,99.4,0.0,-0.0,0.0,293.0,0.97,136.0,87720.0,False,10,23,296
2009-10-24 00:00:00,1.12,99.35,0.0,-0.0,0.0,280.6,0.9,143.0,87690.0,False,10,0,297
2009-10-24 01:00:00,0.54,99.4,0.0,-0.0,0.0,284.4,1.17,144.0,87740.0,False,10,1,297
2009-10-24 02:00:00,0.28,99.4,0.0,-0.0,0.0,285.45,1.24,140.0,87740.0,False,10,2,297
2009-10-24 03:00:00,0.66,99.4,0.0,-0.0,0.0,297.25,1.24,140.0,87730.0,False,10,3,297
2009-10-24 04:00:00,0.93,95.65,0.0,-0.0,0.0,301.9,1.38,139.0,87730.0,False,10,4,297
2009-10-24 05:00:00,0.55,95.65,0.0,-0.0,0.0,285.05,1.45,140.0,87730.0,False,10,5,297
2009-10-24 06:00:00,0.18,95.6,0.0,0.0,0.0,277.7,1.38,142.0,87740.0,False,10,6,297
2009-10-24 07:00:00,1.4,92.05,128.0,368.08,63.0,270.75,1.17,135.0,87750.0,False,10,7,297
2009-10-24 08:00:00,3.54,92.15,272.0,531.61,103.0,267.85,0.9,141.0,87760.0,False,10,8,297
2009-10-24 09:00:00,5.96,82.55,381.0,559.06,142.0,266.65,0.41,168.0,87790.0,False,10,9,297
2009-10-24 10:00:00,8.23,82.7,502.0,813.37,97.0,257.4,0.34,178.0,87830.0,False,10,10,297
2009-10-24 11:00:00,9.97,59.35,530.0,816.19,102.0,250.8,0.48,179.0,87800.0,False,10,11,297
2009-10-24 12:00:00,11.35,51.25,516.0,839.5,92.0,261.25,0.69,265.0,87780.0,False,10,12,297
2009-10-24 13:00:00,11.25,51.25,440.0,802.21,86.0,280.4,0.76,273.0,87790.0,False,10,13,297
2009-10-24 14:00:00,11.47,49.45,322.0,735.07,74.0,295.1,0.55,255.0,87800.0,False,10,14,297
2009-10-24 15:00:00,11.04,59.6,93.0,54.88,82.0,284.3,0.41,278.0,87800.0,False,10,15,297
2009-10-24 16:00:00,9.96,77.1,12.0,0.0,12.0,296.1,0.48,290.0,87840.0,False,10,16,297
2009-10-24 17:00:00,9.93,63.9,0.0,-0.0,0.0,298.2,0.41,194.0,87870.0,False,10,17,297
2009-10-24 18:00:00,8.08,76.8,0.0,-0.0,0.0,309.85,0.97,152.0,87880.0,False,10,18,297
2009-10-24 19:00:00,8.07,73.95,0.0,-0.0,0.0,330.75,0.69,149.0,87880.0,False,10,19,297
2009-10-24 20:00:00,7.31,76.7,0.0,-0.0,0.0,343.5,0.76,163.0,87860.0,False,10,20,297
2009-10-24 21:00:00,6.64,85.75,0.0,-0.0,0.0,340.0,0.9,168.0,87900.0,False,10,21,297
2009-10-24 22:00:00,6.69,82.6,0.0,-0.0,0.0,340.6,1.17,162.0,87880.0,False,10,22,297
2009-10-24 23:00:00,6.73,79.55,0.0,-0.0,0.0,338.85,1.24,160.0,87880.0,False,10,23,297
2009-10-25 00:00:00,6.11,92.3,0.0,-0.0,0.0,341.55,1.24,158.0,87860.0,False,10,0,298
2009-10-25 01:00:00,6.3,82.55,0.0,-0.0,0.0,330.25,1.24,155.0,87870.0,False,10,1,298
2009-10-25 02:00:00,6.59,79.55,0.0,-0.0,0.0,342.75,1.17,155.0,87850.0,False,10,2,298
2009-10-25 03:00:00,6.79,79.55,0.0,-0.0,0.0,344.1,1.24,153.0,87840.0,False,10,3,298
2009-10-25 04:00:00,6.83,82.6,0.0,-0.0,0.0,341.95,1.24,153.0,87850.0,False,10,4,298
2009-10-25 05:00:00,6.79,82.6,0.0,-0.0,0.0,341.2,1.17,155.0,87880.0,False,10,5,298
2009-10-25 06:00:00,6.72,82.6,0.0,0.0,0.0,340.2,1.1,157.0,87850.0,False,10,6,298
2009-10-25 07:00:00,6.93,85.8,62.0,0.0,62.0,343.3,1.1,155.0,87890.0,False,10,7,298
2009-10-25 08:00:00,7.69,92.4,206.0,210.74,140.0,339.45,0.76,159.0,87900.0,False,10,8,298
2009-10-25 09:00:00,8.77,92.4,155.0,7.1,152.0,338.1,0.48,170.0,87900.0,False,10,9,298
2009-10-25 10:00:00,9.91,92.45,179.0,4.06,177.0,343.5,0.34,235.0,87910.0,False,10,10,298
2009-10-25 11:00:00,10.28,89.2,142.0,0.0,142.0,353.2,0.62,287.0,87920.0,False,10,11,298
2009-10-25 12:00:00,10.46,86.05,112.0,0.0,112.0,346.4,0.83,291.0,87900.0,False,10,12,298
2009-10-25 13:00:00,10.5,86.05,111.0,0.0,111.0,346.6,0.97,290.0,87870.0,False,10,13,298
2009-10-25 14:00:00,10.46,86.05,64.0,0.0,64.0,346.6,0.97,299.0,87880.0,False,10,14,298
2009-10-25 15:00:00,10.13,89.2,83.0,35.81,76.0,354.15,0.83,315.0,87860.0,False,10,15,298
2009-10-25 16:00:00,9.62,95.85,10.0,0.0,10.0,356.5,0.76,325.0,87890.0,False,10,16,298
2009-10-25 17:00:00,9.08,95.85,0.0,-0.0,0.0,341.4,0.76,329.0,87910.0,False,10,17,298
2009-10-25 18:00:00,8.56,99.4,0.0,-0.0,0.0,341.75,0.69,329.0,87930.0,False,10,18,298
2009-10-25 19:00:00,8.03,99.4,0.0,-0.0,0.0,337.9,0.76,334.0,87930.0,False,10,19,298
2009-10-25 20:00:00,7.76,95.8,0.0,-0.0,0.0,341.2,0.76,341.0,87920.0,False,10,20,298
2009-10-25 21:00:00,7.46,95.8,0.0,-0.0,0.0,336.15,0.76,343.0,87930.0,False,10,21,298
2009-10-25 22:00:00,7.53,95.8,0.0,-0.0,0.0,351.65,0.9,332.0,87910.0,False,10,22,298
2009-10-25 23:00:00,7.45,95.8,0.0,-0.0,0.0,344.1,0.97,322.0,87920.0,False,10,23,298
2009-10-26 00:00:00,7.39,99.4,0.0,-0.0,0.0,345.45,0.83,319.0,87920.0,False,10,0,299
2009-10-26 01:00:00,6.98,99.4,0.0,-0.0,0.0,343.6,0.83,318.0,87920.0,False,10,1,299
2009-10-26 02:00:00,7.04,99.4,0.0,-0.0,0.0,348.75,0.83,320.0,87910.0,False,10,2,299
2009-10-26 03:00:00,7.04,99.4,0.0,-0.0,0.0,348.35,0.76,320.0,87900.0,False,10,3,299
2009-10-26 04:00:00,6.93,99.4,0.0,-0.0,0.0,345.45,0.62,320.0,87910.0,False,10,4,299
2009-10-26 05:00:00,6.68,99.4,0.0,-0.0,0.0,340.0,0.76,331.0,87920.0,False,10,5,299
2009-10-26 06:00:00,6.47,99.4,0.0,0.0,0.0,337.9,0.69,334.0,87940.0,False,10,6,299
2009-10-26 07:00:00,6.69,99.4,69.0,0.0,69.0,341.4,0.69,343.0,87980.0,False,10,7,299
2009-10-26 08:00:00,7.56,95.8,104.0,3.24,103.0,337.5,1.03,348.0,88040.0,False,10,8,299
2009-10-26 09:00:00,7.43,95.8,272.0,169.98,201.0,335.4,1.17,352.0,88080.0,False,10,9,299
2009-10-26 10:00:00,7.82,95.8,306.0,135.29,240.0,337.7,1.03,355.0,88080.0,False,10,10,299
2009-10-26 11:00:00,8.07,92.4,279.0,66.14,245.0,333.25,1.03,356.0,88090.0,False,10,11,299
2009-10-26 12:00:00,8.48,89.1,285.0,90.97,240.0,328.6,1.24,351.0,88080.0,False,10,12,299
2009-10-26 13:00:00,8.57,89.1,213.0,46.41,193.0,330.15,1.45,343.0,88090.0,False,10,13,299
2009-10-26 14:00:00,8.38,92.4,80.0,0.0,80.0,331.9,1.31,349.0,88090.0,False,10,14,299
2009-10-26 15:00:00,8.25,92.4,96.0,78.72,81.0,331.3,1.03,359.0,88100.0,False,10,15,299
2009-10-26 16:00:00,7.87,92.4,6.0,0.0,6.0,335.2,1.03,356.0,88130.0,False,10,16,299
2009-10-26 17:00:00,7.31,92.35,0.0,-0.0,0.0,329.0,0.97,7.0,88170.0,False,10,17,299
2009-10-26 18:00:00,7.06,92.35,0.0,-0.0,0.0,335.4,0.9,18.0,88210.0,False,10,18,299
2009-10-26 19:00:00,6.65,92.35,0.0,-0.0,0.0,332.1,0.97,26.0,88190.0,False,10,19,299
2009-10-26 20:00:00,6.18,92.3,0.0,-0.0,0.0,317.55,0.97,38.0,88210.0,False,10,20,299
2009-10-26 21:00:00,5.58,95.75,0.0,-0.0,0.0,306.55,0.97,47.0,88210.0,False,10,21,299
2009-10-26 22:00:00,4.61,99.4,0.0,-0.0,0.0,283.9,0.97,57.0,88210.0,False,10,22,299
2009-10-26 23:00:00,3.49,99.4,0.0,-0.0,0.0,281.6,0.97,78.0,88200.0,False,10,23,299
2009-10-27 00:00:00,3.04,99.4,0.0,-0.0,0.0,289.7,1.03,99.0,88190.0,False,10,0,300
2009-10-27 01:00:00,2.38,99.4,0.0,-0.0,0.0,274.15,1.17,109.0,88170.0,False,10,1,300
2009-10-27 02:00:00,1.94,99.4,0.0,-0.0,0.0,280.4,1.17,111.0,88150.0,False,10,2,300
2009-10-27 03:00:00,1.38,99.4,0.0,-0.0,0.0,275.4,1.24,113.0,88110.0,False,10,3,300
2009-10-27 04:00:00,0.81,99.4,0.0,-0.0,0.0,264.95,1.31,114.0,88110.0,False,10,4,300
2009-10-27 05:00:00,0.71,95.65,0.0,-0.0,0.0,266.85,1.31,117.0,88120.0,False,10,5,300
2009-10-27 06:00:00,1.0,88.55,0.0,0.0,0.0,267.25,1.38,117.0,88090.0,False,10,6,300
2009-10-27 07:00:00,1.81,92.05,61.0,0.0,61.0,255.05,1.1,100.0,88120.0,False,10,7,300
2009-10-27 08:00:00,4.65,85.55,285.0,697.89,73.0,254.5,0.76,80.0,88130.0,False,10,8,300
2009-10-27 09:00:00,7.29,79.65,418.0,813.94,82.0,260.1,0.76,55.0,88140.0,False,10,9,300
2009-10-27 10:00:00,9.12,66.25,502.0,857.5,88.0,244.05,0.97,41.0,88160.0,False,10,10,300
2009-10-27 11:00:00,10.95,53.25,520.0,807.51,109.0,245.6,1.1,35.0,88160.0,False,10,11,300
2009-10-27 12:00:00,12.01,49.6,508.0,849.77,92.0,247.7,1.17,21.0,88120.0,False,10,12,300
2009-10-27 13:00:00,12.31,53.5,420.0,749.1,101.0,250.4,1.17,3.0,88110.0,False,10,13,300
2009-10-27 14:00:00,11.88,59.7,284.0,549.34,107.0,252.95,1.24,356.0,88130.0,False,10,14,300
2009-10-27 15:00:00,10.91,69.1,125.0,258.49,77.0,254.85,0.97,4.0,88170.0,False,10,15,300
2009-10-27 16:00:00,9.81,77.0,7.0,0.0,7.0,253.7,0.83,15.0,88180.0,False,10,16,300
2009-10-27 17:00:00,8.47,79.75,0.0,-0.0,0.0,251.6,0.62,53.0,88210.0,False,10,17,300
2009-10-27 18:00:00,7.19,82.65,0.0,-0.0,0.0,250.2,0.76,93.0,88210.0,False,10,18,300
2009-10-27 19:00:00,6.53,79.55,0.0,-0.0,0.0,247.9,0.97,112.0,88170.0,False,10,19,300
2009-10-27 20:00:00,5.16,82.4,0.0,-0.0,0.0,247.7,1.24,125.0,88150.0,False,10,20,300
2009-10-27 21:00:00,4.28,82.3,0.0,-0.0,0.0,245.95,1.38,133.0,88160.0,False,10,21,300
2009-10-27 22:00:00,3.44,82.25,0.0,-0.0,0.0,245.6,1.52,138.0,88140.0,False,10,22,300
2009-10-27 23:00:00,2.88,79.1,0.0,-0.0,0.0,245.4,1.59,138.0,88160.0,False,10,23,300
2009-10-28 00:00:00,2.43,79.0,0.0,-0.0,0.0,247.7,1.52,138.0,88150.0,False,10,0,301
2009-10-28 01:00:00,1.93,75.95,0.0,-0.0,0.0,244.15,1.59,138.0,88170.0,False,10,1,301
2009-10-28 02:00:00,1.72,75.85,0.0,-0.0,0.0,244.05,1.66,138.0,88160.0,False,10,2,301
2009-10-28 03:00:00,1.09,72.85,0.0,-0.0,0.0,262.2,1.66,136.0,88140.0,False,10,3,301
2009-10-28 04:00:00,1.08,72.85,0.0,-0.0,0.0,274.4,1.59,137.0,88130.0,False,10,4,301
2009-10-28 05:00:00,1.35,70.1,0.0,-0.0,0.0,274.4,1.66,139.0,88160.0,False,10,5,301
2009-10-28 06:00:00,1.93,64.9,0.0,-0.0,0.0,275.75,1.66,141.0,88170.0,False,10,6,301
2009-10-28 07:00:00,2.31,70.2,54.0,0.0,54.0,282.55,1.45,137.0,88190.0,False,10,7,301
2009-10-28 08:00:00,4.56,76.3,242.0,424.64,115.0,283.5,0.97,141.0,88200.0,False,10,8,301
2009-10-28 09:00:00,9.18,63.8,402.0,769.73,88.0,284.5,0.62,154.0,88220.0,False,10,9,301
2009-10-28 10:00:00,12.14,53.5,466.0,709.51,127.0,273.45,0.41,187.0,88220.0,False,10,10,301
2009-10-28 11:00:00,14.11,41.5,416.0,386.99,221.0,261.45,0.55,222.0,88250.0,False,10,11,301
2009-10-28 12:00:00,15.02,38.7,434.0,528.43,178.0,266.1,0.69,251.0,88210.0,False,10,12,301
2009-10-28 13:00:00,15.15,41.75,388.0,608.37,132.0,271.3,0.83,272.0,88200.0,False,10,13,301
2009-10-28 14:00:00,14.74,48.4,272.0,507.46,111.0,271.3,0.76,287.0,88200.0,False,10,14,301
2009-10-28 15:00:00,13.65,62.45,90.0,77.38,76.0,276.75,0.41,298.0,88180.0,False,10,15,301
2009-10-28 16:00:00,13.14,60.05,0.0,0.0,0.0,275.0,0.0,282.0,88180.0,False,10,16,301
2009-10-28 17:00:00,11.76,66.75,0.0,-0.0,0.0,272.3,0.48,140.0,88200.0,False,10,17,301
2009-10-28 18:00:00,10.05,71.6,0.0,-0.0,0.0,269.0,0.9,147.0,88170.0,False,10,18,301
2009-10-28 19:00:00,7.4,79.65,0.0,-0.0,0.0,260.1,1.17,144.0,88110.0,False,10,19,301
2009-10-28 20:00:00,5.95,79.5,0.0,-0.0,0.0,259.5,1.38,143.0,88100.0,False,10,20,301
2009-10-28 21:00:00,4.81,85.55,0.0,-0.0,0.0,262.2,1.45,142.0,88110.0,False,10,21,301
2009-10-28 22:00:00,4.1,82.3,0.0,-0.0,0.0,262.6,1.45,141.0,88090.0,False,10,22,301
2009-10-28 23:00:00,3.56,79.15,0.0,-0.0,0.0,255.25,1.52,140.0,88110.0,False,10,23,301
2009-10-29 00:00:00,3.17,79.1,0.0,-0.0,0.0,257.2,1.52,139.0,88080.0,False,10,0,302
2009-10-29 01:00:00,3.01,76.1,0.0,-0.0,0.0,268.15,1.59,140.0,88100.0,False,10,1,302
2009-10-29 02:00:00,2.8,76.0,0.0,-0.0,0.0,266.1,1.59,140.0,88070.0,False,10,2,302
2009-10-29 03:00:00,2.47,73.1,0.0,-0.0,0.0,259.7,1.59,139.0,88030.0,False,10,3,302
2009-10-29 04:00:00,2.08,73.0,0.0,-0.0,0.0,256.6,1.59,138.0,88010.0,False,10,4,302
2009-10-29 05:00:00,1.96,73.0,0.0,-0.0,0.0,268.2,1.66,137.0,88030.0,False,10,5,302
2009-10-29 06:00:00,1.11,75.75,0.0,-0.0,0.0,278.85,1.52,136.0,88030.0,False,10,6,302
2009-10-29 07:00:00,2.38,73.1,58.0,0.0,58.0,272.65,1.38,137.0,88090.0,False,10,7,302
2009-10-29 08:00:00,4.97,73.55,240.0,444.98,109.0,269.6,0.76,136.0,88090.0,False,10,8,302
2009-10-29 09:00:00,8.36,76.8,375.0,640.08,117.0,266.1,0.28,124.0,88130.0,False,10,9,302
2009-10-29 10:00:00,11.21,47.45,447.0,651.42,139.0,276.35,0.34,33.0,88140.0,False,10,10,302
2009-10-29 11:00:00,12.55,44.35,447.0,529.22,183.0,277.1,0.55,16.0,88140.0,False,10,11,302
2009-10-29 12:00:00,13.34,44.5,432.0,544.43,171.0,277.9,0.76,6.0,88130.0,False,10,12,302
2009-10-29 13:00:00,13.63,44.65,370.0,541.11,145.0,269.0,0.9,360.0,88100.0,False,10,13,302
2009-10-29 14:00:00,13.35,49.85,288.0,665.82,80.0,269.6,0.97,359.0,88110.0,False,10,14,302
2009-10-29 15:00:00,12.45,59.85,145.0,539.12,50.0,268.2,0.97,0.0,88110.0,False,10,15,302
2009-10-29 16:00:00,11.15,69.15,0.0,0.0,0.0,265.1,0.9,22.0,88140.0,False,10,16,302
2009-10-29 17:00:00,8.93,76.95,0.0,-0.0,0.0,262.8,0.9,61.0,88170.0,False,10,17,302
2009-10-29 18:00:00,8.37,76.8,0.0,-0.0,0.0,257.0,0.97,90.0,88170.0,False,10,18,302
2009-10-29 19:00:00,6.92,73.9,0.0,-0.0,0.0,254.65,0.9,88.0,88160.0,False,10,19,302
2009-10-29 20:00:00,5.85,79.4,0.0,-0.0,0.0,252.15,0.97,99.0,88180.0,False,10,20,302
2009-10-29 21:00:00,4.87,82.35,0.0,-0.0,0.0,252.55,1.1,105.0,88210.0,False,10,21,302
2009-10-29 22:00:00,4.03,82.3,0.0,-0.0,0.0,250.6,1.24,109.0,88210.0,False,10,22,302
2009-10-29 23:00:00,3.32,85.4,0.0,-0.0,0.0,248.3,1.31,113.0,88210.0,False,10,23,302
2009-10-30 00:00:00,2.81,85.35,0.0,-0.0,0.0,245.4,1.38,114.0,88180.0,False,10,0,303
2009-10-30 01:00:00,2.34,88.65,0.0,-0.0,0.0,252.65,1.24,110.0,88150.0,False,10,1,303
2009-10-30 02:00:00,1.3,92.05,0.0,-0.0,0.0,256.4,1.45,114.0,88170.0,False,10,2,303
2009-10-30 03:00:00,1.26,88.55,0.0,-0.0,0.0,267.05,1.45,121.0,88130.0,False,10,3,303
2009-10-30 04:00:00,0.84,88.55,0.0,-0.0,0.0,272.5,1.31,124.0,88120.0,False,10,4,303
2009-10-30 05:00:00,1.03,88.55,0.0,-0.0,0.0,279.05,1.31,125.0,88150.0,False,10,5,303
2009-10-30 06:00:00,1.24,88.55,0.0,-0.0,0.0,278.85,1.24,122.0,88150.0,False,10,6,303
2009-10-30 07:00:00,1.33,85.2,46.0,0.0,46.0,260.85,1.17,114.0,88200.0,False,10,7,303
2009-10-30 08:00:00,4.09,82.3,259.0,604.03,84.0,263.0,0.62,92.0,88240.0,False,10,8,303
2009-10-30 09:00:00,7.31,65.95,385.0,720.68,98.0,265.9,0.62,59.0,88260.0,False,10,9,303
2009-10-30 10:00:00,9.63,52.85,465.0,763.05,108.0,265.1,0.76,48.0,88260.0,False,10,10,303
2009-10-30 11:00:00,10.95,49.3,458.0,591.29,166.0,257.0,0.83,20.0,88250.0,False,10,11,303
2009-10-30 12:00:00,11.61,49.45,460.0,697.72,129.0,256.05,1.1,5.0,88250.0,False,10,12,303
2009-10-30 13:00:00,11.71,53.35,397.0,715.54,103.0,257.2,1.17,12.0,88220.0,False,10,13,303
2009-10-30 14:00:00,11.4,57.4,278.0,620.95,87.0,257.95,1.1,13.0,88230.0,False,10,14,303
2009-10-30 15:00:00,10.4,69.0,133.0,442.92,57.0,257.2,1.03,4.0,88240.0,False,10,15,303
2009-10-30 16:00:00,9.15,74.15,0.0,0.0,0.0,254.65,0.9,10.0,88270.0,False,10,16,303
2009-10-30 17:00:00,7.65,79.7,0.0,-0.0,0.0,251.2,0.62,38.0,88310.0,False,10,17,303
2009-10-30 18:00:00,6.46,82.6,0.0,-0.0,0.0,245.95,0.62,91.0,88340.0,False,10,18,303
2009-10-30 19:00:00,5.77,82.5,0.0,-0.0,0.0,244.05,0.69,92.0,88310.0,False,10,19,303
2009-10-30 20:00:00,4.32,85.5,0.0,-0.0,0.0,242.1,0.97,114.0,88340.0,False,10,20,303
2009-10-30 21:00:00,3.44,85.45,0.0,-0.0,0.0,246.15,1.17,124.0,88320.0,False,10,21,303
2009-10-30 22:00:00,2.93,85.4,0.0,-0.0,0.0,241.7,1.24,131.0,88320.0,False,10,22,303
2009-10-30 23:00:00,2.57,82.15,0.0,-0.0,0.0,253.9,1.31,134.0,88290.0,False,10,23,303
2009-10-31 00:00:00,1.4,85.25,0.0,-0.0,0.0,258.15,1.45,134.0,88310.0,False,10,0,304
2009-10-31 01:00:00,1.12,85.2,0.0,-0.0,0.0,261.15,1.45,135.0,88320.0,False,10,1,304
2009-10-31 02:00:00,1.38,82.0,0.0,-0.0,0.0,276.95,1.45,134.0,88320.0,False,10,2,304
2009-10-31 03:00:00,1.37,82.0,0.0,-0.0,0.0,270.55,1.45,134.0,88300.0,False,10,3,304
2009-10-31 04:00:00,1.51,78.9,0.0,-0.0,0.0,285.65,1.31,134.0,88310.0,False,10,4,304
2009-10-31 05:00:00,1.48,82.0,0.0,-0.0,0.0,294.95,1.24,135.0,88340.0,False,10,5,304
2009-10-31 06:00:00,1.66,78.9,0.0,-0.0,0.0,278.65,1.31,136.0,88380.0,False,10,6,304
2009-10-31 07:00:00,2.54,79.0,56.0,0.0,56.0,280.05,1.31,135.0,88430.0,False,10,7,304
2009-10-31 08:00:00,4.61,82.35,212.0,322.74,120.0,281.6,0.76,133.0,88450.0,False,10,8,304
2009-10-31 09:00:00,7.97,73.95,347.0,538.87,135.0,281.95,0.28,145.0,88470.0,False,10,9,304
2009-10-31 10:00:00,10.3,59.35,435.0,643.72,137.0,292.4,0.34,264.0,88500.0,False,10,10,304
2009-10-31 11:00:00,11.5,53.35,487.0,777.31,107.0,277.1,0.69,275.0,88510.0,False,10,11,304
2009-10-31 12:00:00,12.26,53.5,435.0,609.23,149.0,276.95,0.83,283.0,88500.0,False,10,12,304
2009-10-31 13:00:00,12.55,51.65,337.0,428.57,163.0,288.95,0.83,289.0,88470.0,False,10,13,304
2009-10-31 14:00:00,12.33,55.5,248.0,449.06,112.0,287.4,0.83,297.0,88470.0,False,10,14,304
2009-10-31 15:00:00,11.56,64.35,107.0,233.48,68.0,277.7,0.69,307.0,88450.0,False,10,15,304
2009-10-31 16:00:00,8.51,75.96,0.0,0.0,0.0,259.14,0.66,303.0,88470.0,False,10,16,304
2009-10-31 17:00:00,7.87,76.44,0.0,-0.0,0.0,260.0,0.74,179.0,88490.0,False,10,17,304
2009-10-31 18:00:00,7.24,76.92,0.0,-0.0,0.0,260.86,0.82,172.0,88520.0,False,10,18,304
2009-10-31 19:00:00,6.6,77.39,0.0,-0.0,0.0,261.72,0.9,152.0,88500.0,False,10,19,304
2009-10-31 20:00:00,5.97,77.87,0.0,-0.0,0.0,262.59,0.98,147.0,88500.0,False,10,20,304
2009-10-31 21:00:00,5.33,78.35,0.0,-0.0,0.0,263.45,1.06,143.0,88480.0,False,10,21,304
2009-10-31 22:00:00,4.7,78.83,0.0,-0.0,0.0,264.31,1.14,144.0,88450.0,False,10,22,304
2009-10-31 23:00:00,4.06,79.31,0.0,-0.0,0.0,265.17,1.22,143.0,88430.0,False,10,23,304
2016-11-01 00:00:00,3.43,79.79,0.0,-0.0,0.0,266.04,1.3,137.0,88420.0,False,11,0,306
2016-11-01 01:00:00,2.79,80.26,0.0,-0.0,0.0,266.9,1.38,138.0,88410.0,False,11,1,306
2016-11-01 02:00:00,2.16,80.74,0.0,-0.0,0.0,267.76,1.46,141.0,88380.0,False,11,2,306
2016-11-01 03:00:00,1.52,81.22,0.0,-0.0,0.0,268.63,1.54,142.0,88360.0,False,11,3,306
2016-11-01 04:00:00,0.89,81.7,0.0,-0.0,0.0,269.49,1.62,142.0,88340.0,False,11,4,306
2016-11-01 05:00:00,0.25,82.18,0.0,-0.0,0.0,270.35,1.7,142.0,88330.0,False,11,5,306
2016-11-01 06:00:00,-0.38,82.66,0.0,-0.0,0.0,271.21,1.78,143.0,88310.0,False,11,6,306
2016-11-01 07:00:00,-1.02,83.14,35.0,0.0,35.0,272.08,1.86,142.0,88360.0,False,11,7,306
2016-11-01 08:00:00,4.52,82.3,260.0,743.32,55.0,263.2,1.03,146.0,88370.0,False,11,8,306
2016-11-01 09:00:00,8.82,66.25,389.0,854.51,61.0,264.55,0.69,156.0,88370.0,False,11,9,306
2016-11-01 10:00:00,11.81,51.5,462.0,853.98,75.0,259.3,0.55,195.0,88350.0,False,11,10,306
2016-11-01 11:00:00,13.24,44.65,493.0,868.4,77.0,266.3,0.69,232.0,88320.0,False,11,11,306
2016-11-01 12:00:00,13.99,44.65,478.0,891.9,68.0,263.6,0.97,253.0,88250.0,False,11,12,306
2016-11-01 13:00:00,14.14,46.35,408.0,887.9,56.0,266.5,1.1,264.0,88210.0,False,11,13,306
2016-11-01 14:00:00,13.75,50.0,285.0,793.59,52.0,267.65,1.03,272.0,88190.0,False,11,14,306
2016-11-01 15:00:00,12.84,57.9,137.0,644.83,35.0,268.2,0.83,270.0,88140.0,False,11,15,306
2016-11-01 16:00:00,11.13,74.45,0.0,-0.0,0.0,265.3,0.76,240.0,88120.0,False,11,16,306
2016-11-01 17:00:00,9.01,76.95,0.0,-0.0,0.0,261.85,0.9,200.0,88120.0,False,11,17,306
2016-11-01 18:00:00,8.01,76.8,0.0,-0.0,0.0,259.5,1.03,183.0,88120.0,False,11,18,306
2016-11-01 19:00:00,6.46,79.5,0.0,-0.0,0.0,257.95,1.03,177.0,88120.0,False,11,19,306
2016-11-01 20:00:00,5.38,82.4,0.0,-0.0,0.0,253.3,1.1,172.0,88120.0,False,11,20,306
2016-11-01 21:00:00,4.73,82.35,0.0,-0.0,0.0,260.1,1.17,168.0,88120.0,False,11,21,306
2016-11-01 22:00:00,3.87,85.45,0.0,-0.0,0.0,252.95,1.31,163.0,88090.0,False,11,22,306
2016-11-01 23:00:00,3.29,85.4,0.0,-0.0,0.0,253.3,1.38,161.0,88050.0,False,11,23,306
2016-11-02 00:00:00,3.01,85.4,0.0,-0.0,0.0,251.0,1.38,162.0,88020.0,False,11,0,307
2016-11-02 01:00:00,2.8,82.2,0.0,-0.0,0.0,248.0,1.31,161.0,88000.0,False,11,1,307
2016-11-02 02:00:00,2.56,85.35,0.0,-0.0,0.0,246.95,1.31,158.0,87980.0,False,11,2,307
2016-11-02 03:00:00,2.13,82.15,0.0,-0.0,0.0,249.25,1.24,156.0,87980.0,False,11,3,307
2016-11-02 04:00:00,1.91,82.05,0.0,-0.0,0.0,255.85,1.24,154.0,87950.0,False,11,4,307
2016-11-02 05:00:00,1.7,82.05,0.0,-0.0,0.0,258.55,1.31,154.0,87950.0,False,11,5,307
2016-11-02 06:00:00,1.49,85.25,0.0,-0.0,0.0,261.25,1.31,155.0,87930.0,False,11,6,307
2016-11-02 07:00:00,1.71,82.05,26.0,0.0,26.0,272.1,1.17,151.0,87970.0,False,11,7,307
2016-11-02 08:00:00,3.55,88.7,74.0,0.0,74.0,280.4,0.83,152.0,88000.0,False,11,8,307
2016-11-02 09:00:00,6.38,82.55,248.0,176.73,181.0,306.15,0.41,181.0,88000.0,False,11,9,307
2016-11-02 10:00:00,7.49,79.65,304.0,191.82,218.0,300.95,0.55,238.0,87980.0,False,11,10,307
2016-11-02 11:00:00,8.4,76.85,327.0,200.34,232.0,300.95,1.31,259.0,87930.0,False,11,11,307
2016-11-02 12:00:00,9.09,71.4,346.0,301.17,209.0,298.4,1.72,270.0,87880.0,False,11,12,307
2016-11-02 13:00:00,9.07,71.4,280.0,250.15,182.0,290.65,1.72,288.0,87870.0,False,11,13,307
2016-11-02 14:00:00,8.76,71.4,85.0,0.0,85.0,295.9,1.72,292.0,87850.0,False,11,14,307
2016-11-02 15:00:00,7.88,76.8,79.0,97.48,64.0,288.55,1.31,308.0,87850.0,False,11,15,307
2016-11-02 16:00:00,6.88,85.75,0.0,-0.0,0.0,302.3,1.03,324.0,87840.0,False,11,16,307
2016-11-02 17:00:00,5.97,92.3,0.0,-0.0,0.0,298.4,0.97,336.0,87860.0,False,11,17,307
2016-11-02 18:00:00,5.3,95.75,0.0,-0.0,0.0,308.65,0.97,348.0,87870.0,False,11,18,307
2016-11-02 19:00:00,5.04,95.75,0.0,-0.0,0.0,332.3,1.24,347.0,87870.0,False,11,19,307
2016-11-02 20:00:00,4.68,95.75,0.0,-0.0,0.0,334.6,1.24,353.0,87870.0,False,11,20,307
2016-11-02 21:00:00,4.28,95.75,0.0,-0.0,0.0,332.65,1.17,5.0,87860.0,False,11,21,307
2016-11-02 22:00:00,3.93,99.4,0.0,-0.0,0.0,332.65,1.03,16.0,87850.0,False,11,22,307
2016-11-02 23:00:00,3.56,99.4,0.0,-0.0,0.0,326.1,1.1,11.0,87850.0,False,11,23,307
2016-11-03 00:00:00,3.28,99.4,0.0,-0.0,0.0,328.0,1.03,9.0,87850.0,False,11,0,308
2016-11-03 01:00:00,3.0,95.7,0.0,-0.0,0.0,311.3,0.97,14.0,87840.0,False,11,1,308
2016-11-03 02:00:00,2.84,95.7,0.0,-0.0,0.0,320.3,0.83,25.0,87850.0,False,11,2,308
2016-11-03 03:00:00,2.4,95.7,0.0,-0.0,0.0,299.0,0.9,30.0,87820.0,False,11,3,308
2016-11-03 04:00:00,2.28,95.7,0.0,-0.0,0.0,309.65,0.83,32.0,87810.0,False,11,4,308
2016-11-03 05:00:00,1.94,95.65,0.0,-0.0,0.0,297.25,0.9,32.0,87810.0,False,11,5,308
2016-11-03 06:00:00,1.84,95.65,0.0,-0.0,0.0,302.1,0.9,32.0,87810.0,False,11,6,308
2016-11-03 07:00:00,1.23,92.05,52.0,0.0,52.0,292.4,1.03,32.0,87880.0,False,11,7,308
2016-11-03 08:00:00,1.52,92.05,182.0,232.55,120.0,276.95,1.31,44.0,87910.0,False,11,8,308
2016-11-03 09:00:00,2.74,79.1,244.0,168.28,181.0,278.3,1.31,48.0,87920.0,False,11,9,308
2016-11-03 10:00:00,3.98,79.15,355.0,358.47,196.0,253.1,1.31,46.0,87890.0,False,11,10,308
2016-11-03 11:00:00,4.86,70.7,452.0,685.98,130.0,282.55,1.24,34.0,87890.0,False,11,11,308
2016-11-03 12:00:00,5.73,63.15,364.0,368.76,198.0,287.0,1.31,25.0,87840.0,False,11,12,308
2016-11-03 13:00:00,6.11,63.15,361.0,648.33,110.0,263.2,1.38,15.0,87810.0,False,11,13,308
2016-11-03 14:00:00,5.88,63.15,228.0,414.54,110.0,269.0,1.52,9.0,87820.0,False,11,14,308
2016-11-03 15:00:00,5.23,65.55,111.0,394.23,52.0,233.4,1.38,11.0,87810.0,False,11,15,308
2016-11-03 16:00:00,4.15,73.4,0.0,-0.0,0.0,233.4,1.1,8.0,87820.0,False,11,16,308
2016-11-03 17:00:00,3.08,79.1,0.0,-0.0,0.0,232.05,0.97,21.0,87840.0,False,11,17,308
2016-11-03 18:00:00,1.85,85.3,0.0,-0.0,0.0,231.05,0.9,49.0,87830.0,False,11,18,308
2016-11-03 19:00:00,1.26,85.25,0.0,-0.0,0.0,234.95,0.97,63.0,87850.0,False,11,19,308
2016-11-03 20:00:00,0.95,85.2,0.0,-0.0,0.0,236.3,0.97,87.0,87830.0,False,11,20,308
2016-11-03 21:00:00,1.1,85.2,0.0,-0.0,0.0,232.6,0.83,104.0,87820.0,False,11,21,308
2016-11-03 22:00:00,0.93,85.2,0.0,-0.0,0.0,232.05,0.83,118.0,87800.0,False,11,22,308
2016-11-03 23:00:00,0.56,88.5,0.0,-0.0,0.0,237.05,0.97,126.0,87760.0,False,11,23,308
2016-11-04 00:00:00,0.25,85.15,0.0,-0.0,0.0,229.7,1.03,134.0,87760.0,False,11,0,309
2016-11-04 01:00:00,-0.4,88.45,0.0,-0.0,0.0,231.75,1.17,143.0,87730.0,False,11,1,309
2016-11-04 02:00:00,-1.09,88.4,0.0,-0.0,0.0,232.4,1.31,144.0,87720.0,False,11,2,309
2016-11-04 03:00:00,-1.39,88.4,0.0,-0.0,0.0,237.85,1.45,140.0,87680.0,False,11,3,309
2016-11-04 04:00:00,-1.13,88.4,0.0,-0.0,0.0,245.75,1.45,141.0,87650.0,False,11,4,309
2016-11-04 05:00:00,-1.27,88.4,0.0,-0.0,0.0,243.25,1.52,145.0,87610.0,False,11,5,309
2016-11-04 06:00:00,-1.42,91.9,0.0,-0.0,0.0,240.15,1.59,148.0,87600.0,False,11,6,309
2016-11-04 07:00:00,-0.83,78.6,32.0,0.0,32.0,240.15,1.59,145.0,87670.0,False,11,7,309
2016-11-04 08:00:00,1.71,73.0,243.0,717.43,55.0,239.6,1.24,146.0,87690.0,False,11,8,309
2016-11-04 09:00:00,5.11,70.7,295.0,381.39,154.0,245.2,1.03,155.0,87670.0,False,11,9,309
2016-11-04 10:00:00,7.77,61.2,435.0,777.11,94.0,248.3,0.9,176.0,87650.0,False,11,10,309
2016-11-04 11:00:00,9.72,49.05,475.0,852.24,79.0,244.4,1.03,215.0,87630.0,False,11,11,309
2016-11-04 12:00:00,10.53,47.35,450.0,828.31,81.0,245.95,1.17,232.0,87590.0,False,11,12,309
2016-11-04 13:00:00,10.91,47.45,328.0,486.14,142.0,252.95,1.17,236.0,87520.0,False,11,13,309
2016-11-04 14:00:00,10.49,55.15,195.0,246.17,126.0,261.65,0.9,234.0,87510.0,False,11,14,309
2016-11-04 15:00:00,9.78,59.35,110.0,439.78,46.0,263.2,0.97,208.0,87440.0,False,11,15,309
2016-11-04 16:00:00,8.35,66.15,0.0,-0.0,0.0,266.85,1.1,187.0,87420.0,False,11,16,309
2016-11-04 17:00:00,6.65,73.7,0.0,-0.0,0.0,275.75,1.24,176.0,87380.0,False,11,17,309
2016-11-04 18:00:00,5.59,76.4,0.0,-0.0,0.0,287.55,1.31,176.0,87380.0,False,11,18,309
2016-11-04 19:00:00,5.24,79.35,0.0,-0.0,0.0,312.35,1.17,176.0,87360.0,False,11,19,309
2016-11-04 20:00:00,4.44,79.2,0.0,-0.0,0.0,303.45,1.24,168.0,87320.0,False,11,20,309
2016-11-04 21:00:00,4.47,82.3,0.0,-0.0,0.0,320.85,1.38,159.0,87300.0,False,11,21,309
2016-11-04 22:00:00,4.42,82.3,0.0,-0.0,0.0,320.3,1.31,158.0,87250.0,False,11,22,309
2016-11-04 23:00:00,4.09,82.25,0.0,-0.0,0.0,310.05,1.38,159.0,87180.0,False,11,23,309
2016-11-05 00:00:00,3.9,79.15,0.0,-0.0,0.0,309.05,1.45,156.0,87120.0,False,11,0,310
2016-11-05 01:00:00,3.76,79.15,0.0,-0.0,0.0,306.85,1.52,154.0,87040.0,False,11,1,310
2016-11-05 02:00:00,3.93,76.15,0.0,-0.0,0.0,311.55,1.52,156.0,86980.0,False,11,2,310
2016-11-05 03:00:00,3.96,76.15,0.0,-0.0,0.0,307.7,1.66,158.0,86910.0,False,11,3,310
2016-11-05 04:00:00,3.99,79.15,0.0,-0.0,0.0,319.1,1.66,153.0,86840.0,False,11,4,310
2016-11-05 05:00:00,3.15,95.7,0.0,-0.0,0.0,325.5,1.72,148.0,86780.0,False,11,5,310
2016-11-05 06:00:00,3.01,95.7,0.0,-0.0,0.0,322.2,1.66,150.0,86700.0,False,11,6,310
2016-11-05 07:00:00,2.91,95.7,26.0,0.0,26.0,318.75,1.86,147.0,86650.0,False,11,7,310
2016-11-05 08:00:00,3.95,88.75,74.0,0.0,74.0,305.95,1.72,156.0,86550.0,False,11,8,310
2016-11-05 09:00:00,6.13,85.65,188.0,63.01,165.0,285.25,1.59,162.0,86550.0,False,11,9,310
2016-11-05 10:00:00,7.2,79.65,46.0,0.0,46.0,299.4,1.66,163.0,86530.0,False,11,10,310
2016-11-05 11:00:00,8.34,71.35,174.0,6.52,171.0,306.35,1.72,175.0,86500.0,False,11,11,310
2016-11-05 12:00:00,8.71,74.15,85.0,0.0,85.0,304.4,1.45,179.0,86450.0,False,11,12,310
2016-11-05 13:00:00,8.81,76.95,108.0,0.0,108.0,310.4,1.31,176.0,86410.0,False,11,13,310
2016-11-05 14:00:00,8.7,76.95,58.0,0.0,58.0,317.95,1.31,177.0,86340.0,False,11,14,310
2016-11-05 15:00:00,8.39,79.75,53.0,21.2,50.0,318.95,1.31,176.0,86270.0,False,11,15,310
2016-11-05 16:00:00,7.7,79.7,0.0,-0.0,0.0,320.85,1.17,185.0,86250.0,False,11,16,310
2016-11-05 17:00:00,5.79,95.75,0.0,-0.0,0.0,321.45,0.76,221.0,86260.0,False,11,17,310
2016-11-05 18:00:00,5.25,95.75,0.0,-0.0,0.0,326.1,1.52,292.0,86320.0,False,11,18,310
2016-11-05 19:00:00,4.55,100.0,0.0,-0.0,0.0,329.4,0.34,167.0,86350.0,False,11,19,310
2016-11-05 20:00:00,4.23,99.4,0.0,-0.0,0.0,331.7,0.21,213.0,86370.0,False,11,20,310
2016-11-05 21:00:00,4.05,100.0,0.0,-0.0,0.0,329.55,0.34,265.0,86360.0,False,11,21,310
2016-11-05 22:00:00,3.82,99.4,0.0,-0.0,0.0,322.8,0.55,291.0,86340.0,False,11,22,310
2016-11-05 23:00:00,3.7,99.4,0.0,-0.0,0.0,324.55,0.97,312.0,86320.0,False,11,23,310
2016-11-06 00:00:00,3.45,99.4,0.0,-0.0,0.0,324.95,1.1,314.0,86280.0,False,11,0,311
2016-11-06 01:00:00,3.19,99.4,0.0,-0.0,0.0,324.65,1.17,305.0,86270.0,False,11,1,311
2016-11-06 02:00:00,2.83,95.7,0.0,-0.0,0.0,325.3,1.31,304.0,86270.0,False,11,2,311
2016-11-06 03:00:00,2.21,95.7,0.0,-0.0,0.0,322.6,1.45,306.0,86250.0,False,11,3,311
2016-11-06 04:00:00,1.49,99.4,0.0,-0.0,0.0,321.05,1.38,304.0,86260.0,False,11,4,311
2016-11-06 05:00:00,0.76,95.65,0.0,-0.0,0.0,319.3,1.24,306.0,86290.0,False,11,5,311
2016-11-06 06:00:00,0.31,95.65,0.0,-0.0,0.0,317.95,0.97,306.0,86290.0,False,11,6,311
2016-11-06 07:00:00,-0.24,95.6,18.0,0.0,18.0,308.85,1.17,321.0,86320.0,False,11,7,311
2016-11-06 08:00:00,-0.51,95.6,36.0,0.0,36.0,303.25,1.24,322.0,86330.0,False,11,8,311
2016-11-06 09:00:00,-0.29,92.0,72.0,0.0,72.0,305.55,1.03,326.0,86320.0,False,11,9,311
2016-11-06 10:00:00,0.22,85.15,59.0,0.0,59.0,293.75,1.03,329.0,86300.0,False,11,10,311
2016-11-06 11:00:00,1.09,78.8,60.0,0.0,60.0,287.6,1.1,322.0,86280.0,False,11,11,311
2016-11-06 12:00:00,1.4,72.95,74.0,0.0,74.0,289.3,1.1,310.0,86260.0,False,11,12,311
2016-11-06 13:00:00,1.6,75.85,62.0,0.0,62.0,281.6,1.17,298.0,86240.0,False,11,13,311
2016-11-06 14:00:00,1.46,75.85,127.0,40.47,116.0,281.0,1.31,292.0,86250.0,False,11,14,311
2016-11-06 15:00:00,1.07,81.95,77.0,152.69,56.0,268.2,0.9,283.0,86250.0,False,11,15,311
2016-11-06 16:00:00,0.46,85.15,0.0,-0.0,0.0,279.65,1.03,282.0,86280.0,False,11,16,311
2016-11-06 17:00:00,-0.4,88.45,0.0,-0.0,0.0,251.75,0.97,274.0,86320.0,False,11,17,311
2016-11-06 18:00:00,-0.86,91.95,0.0,-0.0,0.0,253.7,1.03,257.0,86360.0,False,11,18,311
2016-11-06 19:00:00,-1.03,91.95,0.0,-0.0,0.0,274.4,0.83,241.0,86390.0,False,11,19,311
2016-11-06 20:00:00,-1.18,91.95,0.0,-0.0,0.0,274.2,0.83,227.0,86380.0,False,11,20,311
2016-11-06 21:00:00,-1.64,91.9,0.0,-0.0,0.0,263.95,0.97,222.0,86380.0,False,11,21,311
2016-11-06 22:00:00,-1.94,91.85,0.0,-0.0,0.0,255.45,1.1,227.0,86410.0,False,11,22,311
2016-11-06 23:00:00,-2.02,91.85,0.0,-0.0,0.0,268.05,1.1,228.0,86460.0,False,11,23,311
2016-11-07 00:00:00,-2.18,88.3,0.0,-0.0,0.0,262.05,1.17,230.0,86480.0,False,11,0,312
2016-11-07 01:00:00,-2.67,88.25,0.0,-0.0,0.0,263.3,1.17,225.0,86510.0,False,11,1,312
2016-11-07 02:00:00,-3.04,91.8,0.0,-0.0,0.0,244.6,1.1,220.0,86520.0,False,11,2,312
2016-11-07 03:00:00,-3.4,88.25,0.0,-0.0,0.0,241.7,1.1,215.0,86530.0,False,11,3,312
2016-11-07 04:00:00,-3.76,88.2,0.0,-0.0,0.0,245.95,1.1,211.0,86540.0,False,11,4,312
2016-11-07 05:00:00,-4.18,88.15,0.0,-0.0,0.0,237.85,0.97,203.0,86570.0,False,11,5,312
2016-11-07 06:00:00,-4.57,81.25,0.0,-0.0,0.0,225.85,1.03,195.0,86560.0,False,11,6,312
2016-11-07 07:00:00,-6.0,91.65,10.0,0.0,10.0,234.15,1.03,175.0,86570.0,False,11,7,312
2016-11-07 08:00:00,-4.03,81.3,38.0,0.0,38.0,237.05,0.76,175.0,86640.0,False,11,8,312
2016-11-07 09:00:00,-2.43,75.2,72.0,0.0,72.0,237.05,0.76,228.0,86660.0,False,11,9,312
2016-11-07 10:00:00,-1.58,78.45,126.0,0.0,126.0,242.3,0.97,265.0,86690.0,False,11,10,312
2016-11-07 11:00:00,-0.89,78.6,61.0,0.0,61.0,228.15,1.1,272.0,86670.0,False,11,11,312
2016-11-07 12:00:00,-0.64,78.6,67.0,0.0,67.0,238.4,1.17,282.0,86660.0,False,11,12,312
2016-11-07 13:00:00,-0.49,81.75,58.0,0.0,58.0,252.15,1.31,286.0,86650.0,False,11,13,312
2016-11-07 14:00:00,-0.81,81.75,94.0,3.74,93.0,254.1,1.38,282.0,86660.0,False,11,14,312
2016-11-07 15:00:00,-1.48,88.35,80.0,187.02,55.0,238.6,1.1,274.0,86670.0,False,11,15,312
2016-11-07 16:00:00,-2.2,84.85,0.0,-0.0,0.0,221.0,0.69,271.0,86710.0,False,11,16,312
2016-11-07 17:00:00,-2.31,81.55,0.0,-0.0,0.0,229.7,0.41,257.0,86740.0,False,11,17,312
2016-11-07 18:00:00,-2.56,84.85,0.0,-0.0,0.0,219.85,0.21,228.0,86750.0,False,11,18,312
2016-11-07 19:00:00,-2.99,84.8,0.0,-0.0,0.0,215.0,0.28,120.0,86790.0,False,11,19,312
2016-11-07 20:00:00,-3.27,84.8,0.0,-0.0,0.0,216.95,0.41,136.0,86800.0,False,11,20,312
2016-11-07 21:00:00,-3.59,88.2,0.0,-0.0,0.0,231.45,0.55,140.0,86760.0,False,11,21,312
2016-11-07 22:00:00,-3.88,88.2,0.0,-0.0,0.0,213.05,0.62,144.0,86740.0,False,11,22,312
2016-11-07 23:00:00,-4.19,88.15,0.0,-0.0,0.0,209.4,0.69,147.0,86730.0,False,11,23,312
2016-11-08 00:00:00,-4.94,91.75,0.0,-0.0,0.0,209.4,0.83,147.0,86710.0,False,11,0,313
2016-11-08 01:00:00,-5.46,95.45,0.0,-0.0,0.0,212.6,0.9,145.0,86700.0,False,11,1,313
2016-11-08 02:00:00,-5.79,88.0,0.0,-0.0,0.0,204.95,1.03,142.0,86680.0,False,11,2,313
2016-11-08 03:00:00,-7.69,87.9,0.0,-0.0,0.0,221.0,1.17,141.0,86660.0,False,11,3,313
2016-11-08 04:00:00,-8.52,87.8,0.0,-0.0,0.0,212.3,1.17,142.0,86660.0,False,11,4,313
2016-11-08 05:00:00,-9.17,87.75,0.0,-0.0,0.0,226.8,1.24,143.0,86660.0,False,11,5,313
2016-11-08 06:00:00,-9.23,80.7,0.0,-0.0,0.0,221.75,1.31,144.0,86660.0,False,11,6,313
2016-11-08 07:00:00,-7.15,84.35,41.0,0.0,41.0,217.5,1.03,144.0,86740.0,False,11,7,313
2016-11-08 08:00:00,-4.84,74.9,72.0,0.0,72.0,221.6,0.9,145.0,86780.0,False,11,8,313
2016-11-08 09:00:00,-2.92,63.9,69.0,0.0,69.0,231.65,0.62,161.0,86820.0,False,11,9,313
2016-11-08 10:00:00,-2.11,69.45,61.0,0.0,61.0,234.95,0.62,209.0,86830.0,False,11,10,313
2016-11-08 11:00:00,-0.4,61.8,61.0,0.0,61.0,244.8,0.97,251.0,86840.0,False,11,11,313
2016-11-08 12:00:00,-0.12,61.9,71.0,0.0,71.0,247.5,1.66,260.0,86810.0,False,11,12,313
2016-11-08 13:00:00,-0.39,64.45,58.0,0.0,58.0,258.15,1.79,266.0,86810.0,False,11,13,313
2016-11-08 14:00:00,-1.05,72.5,33.0,0.0,33.0,242.5,1.45,264.0,86840.0,False,11,14,313
2016-11-08 15:00:00,-1.59,78.45,62.0,69.28,53.0,266.5,1.17,261.0,86860.0,False,11,15,313
2016-11-08 16:00:00,-2.38,81.55,0.0,-0.0,0.0,262.05,1.03,258.0,86930.0,False,11,16,313
2016-11-08 17:00:00,-2.87,91.85,0.0,-0.0,0.0,277.5,0.9,251.0,86980.0,False,11,17,313
2016-11-08 18:00:00,-3.11,95.55,0.0,-0.0,0.0,278.65,0.9,250.0,87020.0,False,11,18,313
2016-11-08 19:00:00,-3.93,91.75,0.0,-0.0,0.0,250.6,0.83,207.0,87060.0,False,11,19,313
2016-11-08 20:00:00,-4.31,88.15,0.0,-0.0,0.0,253.7,0.9,202.0,87080.0,False,11,20,313
2016-11-08 21:00:00,-4.69,91.75,0.0,-0.0,0.0,257.0,1.03,197.0,87080.0,False,11,21,313
2016-11-08 22:00:00,-5.29,91.7,0.0,-0.0,0.0,222.15,1.03,177.0,87080.0,False,11,22,313
2016-11-08 23:00:00,-6.09,91.65,0.0,-0.0,0.0,211.15,1.1,170.0,87020.0,False,11,23,313
2016-11-09 00:00:00,-6.79,91.6,0.0,-0.0,0.0,209.75,1.17,167.0,86970.0,False,11,0,314
2016-11-09 01:00:00,-7.67,87.9,0.0,-0.0,0.0,203.5,1.24,161.0,86900.0,False,11,1,314
2016-11-09 02:00:00,-8.56,87.8,0.0,-0.0,0.0,216.75,1.31,156.0,86840.0,False,11,2,314
2016-11-09 03:00:00,-8.78,80.8,0.0,-0.0,0.0,226.2,1.45,152.0,86770.0,False,11,3,314
2016-11-09 04:00:00,-8.38,74.35,0.0,-0.0,0.0,239.4,1.52,149.0,86670.0,False,11,4,314
2016-11-09 05:00:00,-8.34,74.35,0.0,-0.0,0.0,224.3,1.59,145.0,86570.0,False,11,5,314
2016-11-09 06:00:00,-7.98,71.3,0.0,-0.0,0.0,231.25,1.52,146.0,86500.0,False,11,6,314
2016-11-09 07:00:00,-7.7,71.4,0.0,0.0,0.0,256.4,1.38,146.0,86500.0,False,11,7,314
2016-11-09 08:00:00,-6.57,74.55,41.0,0.0,41.0,279.05,1.31,144.0,86520.0,False,11,8,314
2016-11-09 09:00:00,-3.91,69.15,180.0,60.55,159.0,287.4,1.24,144.0,86520.0,False,11,9,314
2016-11-09 10:00:00,-2.3,69.45,133.0,0.0,133.0,291.05,1.24,145.0,86480.0,False,11,10,314
2016-11-09 11:00:00,-0.91,66.9,106.0,0.0,106.0,293.95,1.31,154.0,86420.0,False,11,11,314
2016-11-09 12:00:00,0.21,64.55,129.0,0.0,129.0,297.45,1.31,169.0,86340.0,False,11,12,314
2016-11-09 13:00:00,1.33,64.8,82.0,0.0,82.0,299.55,1.45,194.0,86340.0,False,11,13,314
2016-11-09 14:00:00,1.11,70.1,42.0,0.0,42.0,302.65,1.52,207.0,86380.0,False,11,14,314
2016-11-09 15:00:00,0.43,85.15,61.0,79.21,51.0,304.4,2.21,210.0,86490.0,False,11,15,314
2016-11-09 16:00:00,0.13,88.5,0.0,-0.0,0.0,306.95,2.34,214.0,86620.0,False,11,16,314
2016-11-09 17:00:00,0.23,88.5,0.0,-0.0,0.0,309.45,2.34,217.0,86740.0,False,11,17,314
2016-11-09 18:00:00,0.36,88.5,0.0,-0.0,0.0,309.85,2.48,227.0,86840.0,False,11,18,314
2016-11-09 19:00:00,0.17,88.5,0.0,-0.0,0.0,307.1,2.48,233.0,86930.0,False,11,19,314
2016-11-09 20:00:00,-0.12,92.0,0.0,-0.0,0.0,296.65,2.41,229.0,86980.0,False,11,20,314
2016-11-09 21:00:00,-0.41,95.6,0.0,-0.0,0.0,292.05,2.14,224.0,87020.0,False,11,21,314
2016-11-09 22:00:00,-0.85,91.95,0.0,-0.0,0.0,278.1,2.0,218.0,87060.0,False,11,22,314
2016-11-09 23:00:00,-1.14,91.95,0.0,-0.0,0.0,278.65,1.93,210.0,87070.0,False,11,23,314
2016-11-10 00:00:00,-1.19,91.95,0.0,-0.0,0.0,290.65,1.72,206.0,87100.0,False,11,0,315
2016-11-10 01:00:00,-1.34,91.95,0.0,-0.0,0.0,292.9,1.72,204.0,87060.0,False,11,1,315
2016-11-10 02:00:00,-1.35,88.4,0.0,-0.0,0.0,288.15,1.86,204.0,87030.0,False,11,2,315
2016-11-10 03:00:00,-1.64,91.9,0.0,-0.0,0.0,284.65,1.93,204.0,86990.0,False,11,3,315
2016-11-10 04:00:00,-1.83,91.9,0.0,-0.0,0.0,294.35,1.79,205.0,86990.0,False,11,4,315
2016-11-10 05:00:00,-2.14,95.55,0.0,-0.0,0.0,293.2,1.72,202.0,87000.0,False,11,5,315
2016-11-10 06:00:00,-2.22,91.85,0.0,-0.0,0.0,293.0,1.59,199.0,87040.0,False,11,6,315
2016-11-10 07:00:00,-2.07,91.85,15.0,0.0,15.0,290.85,1.38,189.0,87100.0,False,11,7,315
2016-11-10 08:00:00,-1.55,88.35,39.0,0.0,39.0,285.65,1.38,189.0,87150.0,False,11,8,315
2016-11-10 09:00:00,-0.86,85.05,145.0,20.44,138.0,286.6,1.45,190.0,87180.0,False,11,9,315
2016-11-10 10:00:00,0.01,85.1,102.0,0.0,102.0,293.0,1.66,197.0,87190.0,False,11,10,315
2016-11-10 11:00:00,0.4,85.15,89.0,0.0,89.0,288.35,1.66,200.0,87190.0,False,11,11,315
2016-11-10 12:00:00,0.92,81.95,50.0,0.0,50.0,294.55,1.66,208.0,87160.0,False,11,12,315
2016-11-10 13:00:00,0.97,81.95,96.0,0.0,96.0,288.35,1.45,211.0,87140.0,False,11,13,315
2016-11-10 14:00:00,0.71,85.2,86.0,3.91,85.0,297.45,1.31,208.0,87140.0,False,11,14,315
2016-11-10 15:00:00,0.26,88.5,47.0,24.46,44.0,295.3,1.38,199.0,87130.0,False,11,15,315
2016-11-10 16:00:00,0.0,92.0,0.0,-0.0,0.0,298.4,1.52,192.0,87120.0,False,11,16,315
2016-11-10 17:00:00,-0.13,88.45,0.0,-0.0,0.0,300.55,1.72,190.0,87150.0,False,11,17,315
2016-11-10 18:00:00,-0.23,88.45,0.0,-0.0,0.0,303.85,1.66,191.0,87160.0,False,11,18,315
2016-11-10 19:00:00,-0.06,92.0,0.0,-0.0,0.0,298.2,1.66,196.0,87150.0,False,11,19,315
2016-11-10 20:00:00,-0.13,92.0,0.0,-0.0,0.0,298.6,1.72,198.0,87150.0,False,11,20,315
2016-11-10 21:00:00,-0.34,92.0,0.0,-0.0,0.0,296.5,1.66,193.0,87160.0,False,11,21,315
2016-11-10 22:00:00,-0.24,92.0,0.0,-0.0,0.0,299.2,1.66,186.0,87150.0,False,11,22,315
2016-11-10 23:00:00,-0.08,92.0,0.0,-0.0,0.0,305.95,1.72,187.0,87110.0,False,11,23,315
2016-11-11 00:00:00,-0.02,92.0,0.0,-0.0,0.0,305.55,1.86,190.0,87050.0,False,11,0,316
2016-11-11 01:00:00,-0.06,92.0,0.0,-0.0,0.0,299.1,2.07,196.0,86990.0,False,11,1,316
2016-11-11 02:00:00,-0.02,92.0,0.0,-0.0,0.0,300.35,2.07,204.0,86980.0,False,11,2,316
2016-11-11 03:00:00,-0.09,92.0,0.0,-0.0,0.0,308.65,1.86,212.0,86960.0,False,11,3,316
2016-11-11 04:00:00,-0.54,95.6,0.0,-0.0,0.0,308.85,1.59,234.0,86970.0,False,11,4,316
2016-11-11 05:00:00,-1.18,99.4,0.0,-0.0,0.0,310.4,1.03,249.0,87030.0,False,11,5,316
2016-11-11 06:00:00,-1.51,99.4,0.0,-0.0,0.0,311.2,0.9,249.0,87130.0,False,11,6,316
2016-11-11 07:00:00,-1.56,99.4,29.0,0.0,29.0,302.3,0.83,245.0,87230.0,False,11,7,316
2016-11-11 08:00:00,-1.29,95.6,29.0,0.0,29.0,291.45,0.9,245.0,87310.0,False,11,8,316
2016-11-11 09:00:00,-0.71,95.6,90.0,0.0,90.0,290.85,0.97,253.0,87370.0,False,11,9,316
2016-11-11 10:00:00,-0.56,91.95,47.0,0.0,47.0,278.5,1.31,267.0,87410.0,False,11,10,316
2016-11-11 11:00:00,-0.27,88.45,47.0,0.0,47.0,290.65,1.45,274.0,87420.0,False,11,11,316
2016-11-11 12:00:00,0.07,88.45,96.0,0.0,96.0,287.4,1.72,286.0,87400.0,False,11,12,316
2016-11-11 13:00:00,-0.05,92.0,66.0,0.0,66.0,277.1,1.52,285.0,87450.0,False,11,13,316
2016-11-11 14:00:00,-0.3,92.0,45.0,0.0,45.0,281.95,1.52,285.0,87500.0,False,11,14,316
2016-11-11 15:00:00,-0.96,95.6,37.0,8.39,36.0,271.3,1.24,283.0,87550.0,False,11,15,316
2016-11-11 16:00:00,-1.62,95.6,0.0,-0.0,0.0,279.85,1.17,276.0,87610.0,False,11,16,316
2016-11-11 17:00:00,-1.78,95.6,0.0,-0.0,0.0,291.05,1.17,283.0,87660.0,False,11,17,316
2016-11-11 18:00:00,-2.12,95.55,0.0,-0.0,0.0,295.9,0.97,277.0,87710.0,False,11,18,316
2016-11-11 19:00:00,-2.21,95.55,0.0,-0.0,0.0,289.1,0.76,278.0,87830.0,False,11,19,316
2016-11-11 20:00:00,-2.72,95.55,0.0,-0.0,0.0,273.05,0.41,268.0,87850.0,False,11,20,316
2016-11-11 21:00:00,-2.65,95.55,0.0,-0.0,0.0,264.35,0.28,232.0,87880.0,False,11,21,316
2016-11-11 22:00:00,-2.76,95.55,0.0,-0.0,0.0,253.1,0.0,108.0,87900.0,False,11,22,316
2016-11-11 23:00:00,-2.93,99.4,0.0,-0.0,0.0,253.3,0.34,123.0,87890.0,False,11,23,316
2016-11-12 00:00:00,-3.27,95.55,0.0,-0.0,0.0,253.9,0.48,123.0,87850.0,False,11,0,317
2016-11-12 01:00:00,-2.84,95.55,0.0,-0.0,0.0,263.9,0.41,111.0,87850.0,False,11,1,317
2016-11-12 02:00:00,-2.93,95.55,0.0,-0.0,0.0,267.05,0.34,113.0,87870.0,False,11,2,317
2016-11-12 03:00:00,-3.32,95.55,0.0,-0.0,0.0,258.75,0.55,109.0,87850.0,False,11,3,317
2016-11-12 04:00:00,-4.19,95.5,0.0,-0.0,0.0,257.6,0.83,108.0,87860.0,False,11,4,317
2016-11-12 05:00:00,-5.59,95.45,0.0,-0.0,0.0,249.05,1.1,112.0,87840.0,False,11,5,317
2016-11-12 06:00:00,-6.63,95.45,0.0,-0.0,0.0,244.2,1.24,116.0,87820.0,False,11,6,317
2016-11-12 07:00:00,-6.28,95.45,34.0,0.0,34.0,262.2,0.9,120.0,87860.0,False,11,7,317
2016-11-12 08:00:00,-5.04,91.7,217.0,776.21,41.0,263.0,0.83,118.0,87890.0,False,11,8,317
2016-11-12 09:00:00,-2.92,75.2,344.0,887.16,48.0,244.8,0.83,102.0,87890.0,False,11,9,317
2016-11-12 10:00:00,-1.8,72.4,425.0,919.12,55.0,240.75,0.69,90.0,87910.0,False,11,10,317
2016-11-12 11:00:00,-0.47,69.75,412.0,678.66,121.0,237.85,0.62,71.0,87870.0,False,11,11,317
2016-11-12 12:00:00,0.69,62.15,306.0,270.38,195.0,239.0,0.55,52.0,87840.0,False,11,12,317
2016-11-12 13:00:00,0.85,64.65,362.0,896.71,49.0,247.15,0.55,14.0,87810.0,False,11,13,317
2016-11-12 14:00:00,-0.52,78.6,242.0,800.71,43.0,240.35,0.83,350.0,87860.0,False,11,14,317
2016-11-12 15:00:00,-1.14,78.5,95.0,587.14,27.0,240.95,0.9,356.0,87890.0,False,11,15,317
2016-11-12 16:00:00,-0.33,72.65,0.0,-0.0,0.0,241.9,0.69,58.0,87920.0,False,11,16,317
2016-11-12 17:00:00,-2.75,81.5,0.0,-0.0,0.0,242.65,1.03,104.0,87890.0,False,11,17,317
2016-11-12 18:00:00,-3.0,84.8,0.0,-0.0,0.0,226.4,1.1,108.0,87890.0,False,11,18,317
2016-11-12 19:00:00,-3.99,88.15,0.0,-0.0,0.0,242.1,1.17,109.0,87890.0,False,11,19,317
2016-11-12 20:00:00,-4.87,84.6,0.0,-0.0,0.0,244.2,1.24,120.0,87890.0,False,11,20,317
2016-11-12 21:00:00,-5.52,88.0,0.0,-0.0,0.0,247.3,1.31,126.0,87880.0,False,11,21,317
2016-11-12 22:00:00,-5.99,88.0,0.0,-0.0,0.0,257.75,1.38,128.0,87890.0,False,11,22,317
2016-11-12 23:00:00,-6.6,87.95,0.0,-0.0,0.0,251.4,1.52,128.0,87880.0,False,11,23,317
2016-11-13 00:00:00,-7.06,87.9,0.0,-0.0,0.0,250.4,1.45,128.0,87850.0,False,11,0,318
2016-11-13 01:00:00,-7.06,87.9,0.0,-0.0,0.0,263.9,1.38,128.0,87840.0,False,11,1,318
2016-11-13 02:00:00,-6.75,87.95,0.0,-0.0,0.0,272.85,1.31,128.0,87850.0,False,11,2,318
2016-11-13 03:00:00,-6.48,87.95,0.0,-0.0,0.0,274.6,1.31,128.0,87860.0,False,11,3,318
2016-11-13 04:00:00,-6.56,91.6,0.0,-0.0,0.0,272.1,1.38,129.0,87890.0,False,11,4,318
2016-11-13 05:00:00,-6.15,88.0,0.0,-0.0,0.0,280.8,1.24,128.0,87870.0,False,11,5,318
2016-11-13 06:00:00,-5.81,88.0,0.0,-0.0,0.0,289.7,1.31,129.0,87850.0,False,11,6,318
2016-11-13 07:00:00,-6.1,84.45,21.0,0.0,21.0,242.5,1.38,129.0,87910.0,False,11,7,318
2016-11-13 08:00:00,-4.7,88.1,209.0,750.53,42.0,270.55,0.83,126.0,87960.0,False,11,8,318
2016-11-13 09:00:00,-0.91,69.65,317.0,756.02,68.0,270.35,0.55,121.0,87990.0,False,11,9,318
2016-11-13 10:00:00,0.77,57.35,264.0,175.75,194.0,277.7,0.41,113.0,88020.0,False,11,10,318
2016-11-13 11:00:00,2.56,49.15,449.0,935.0,52.0,286.4,0.34,105.0,88020.0,False,11,11,318
2016-11-13 12:00:00,3.31,51.3,427.0,922.49,52.0,278.85,0.28,105.0,87970.0,False,11,12,318
2016-11-13 13:00:00,3.71,53.5,352.0,874.76,50.0,290.3,0.28,39.0,87950.0,False,11,13,318
2016-11-13 14:00:00,1.84,75.95,156.0,187.78,110.0,301.3,0.69,25.0,87960.0,False,11,14,318
2016-11-13 15:00:00,1.2,78.9,45.0,35.54,41.0,293.2,0.76,36.0,87990.0,False,11,15,318
2016-11-13 16:00:00,0.72,81.95,0.0,-0.0,0.0,302.3,0.83,67.0,88010.0,False,11,16,318
2016-11-13 17:00:00,0.45,85.15,0.0,-0.0,0.0,308.5,0.9,82.0,88020.0,False,11,17,318
2016-11-13 18:00:00,0.07,92.0,0.0,-0.0,0.0,308.1,0.9,90.0,88040.0,False,11,18,318
2016-11-13 19:00:00,-1.54,99.4,0.0,-0.0,0.0,292.05,0.83,92.0,88060.0,False,11,19,318
2016-11-13 20:00:00,-1.5,99.4,0.0,-0.0,0.0,292.2,0.83,75.0,88080.0,False,11,20,318
2016-11-13 21:00:00,-1.54,99.4,0.0,-0.0,0.0,295.7,0.76,58.0,88090.0,False,11,21,318
2016-11-13 22:00:00,-1.64,99.4,0.0,-0.0,0.0,290.85,0.9,47.0,88110.0,False,11,22,318
2016-11-13 23:00:00,-1.65,99.4,0.0,-0.0,0.0,295.7,0.97,49.0,88110.0,False,11,23,318
2016-11-14 00:00:00,-1.78,95.6,0.0,-0.0,0.0,287.6,0.97,56.0,88110.0,False,11,0,319
2016-11-14 01:00:00,-2.4,95.55,0.0,-0.0,0.0,263.1,1.03,58.0,88110.0,False,11,1,319
2016-11-14 02:00:00,-3.15,95.55,0.0,-0.0,0.0,260.5,1.03,55.0,88120.0,False,11,2,319
2016-11-14 03:00:00,-4.33,95.5,0.0,-0.0,0.0,257.2,0.97,77.0,88160.0,False,11,3,319
2016-11-14 04:00:00,-4.88,95.5,0.0,-0.0,0.0,261.05,0.97,91.0,88180.0,False,11,4,319
2016-11-14 05:00:00,-5.64,99.4,0.0,-0.0,0.0,250.05,1.03,96.0,88220.0,False,11,5,319
2016-11-14 06:00:00,-5.98,99.4,0.0,-0.0,0.0,257.2,1.1,111.0,88250.0,False,11,6,319
2016-11-14 07:00:00,-5.18,99.4,19.0,0.0,19.0,265.1,0.9,97.0,88370.0,False,11,7,319
2016-11-14 08:00:00,-4.37,95.5,205.0,751.18,41.0,269.95,0.83,97.0,88450.0,False,11,8,319
2016-11-14 09:00:00,-2.63,91.85,280.0,510.58,114.0,275.75,0.76,89.0,88470.0,False,11,9,319
2016-11-14 10:00:00,-0.71,85.05,379.0,707.99,100.0,268.4,0.76,49.0,88500.0,False,11,10,319
2016-11-14 11:00:00,0.52,85.15,356.0,442.34,170.0,260.1,0.83,30.0,88520.0,False,11,11,319
2016-11-14 12:00:00,1.11,82.0,321.0,357.71,177.0,255.05,0.83,29.0,88520.0,False,11,12,319
2016-11-14 13:00:00,1.17,82.0,241.0,237.18,160.0,241.9,0.83,11.0,88490.0,False,11,13,319
2016-11-14 14:00:00,0.86,85.2,178.0,322.96,100.0,235.7,0.97,357.0,88490.0,False,11,14,319
2016-11-14 15:00:00,0.03,88.45,87.0,557.75,26.0,233.6,1.1,347.0,88520.0,False,11,15,319
2016-11-14 16:00:00,-0.96,91.95,0.0,-0.0,0.0,233.6,0.9,10.0,88570.0,False,11,16,319
2016-11-14 17:00:00,-0.68,91.95,0.0,-0.0,0.0,246.15,0.76,63.0,88600.0,False,11,17,319
2016-11-14 18:00:00,-0.42,95.6,0.0,-0.0,0.0,226.6,0.83,93.0,88600.0,False,11,18,319
2016-11-14 19:00:00,-2.12,99.4,0.0,-0.0,0.0,246.15,0.9,53.0,88680.0,False,11,19,319
2016-11-14 20:00:00,-3.09,99.4,0.0,-0.0,0.0,239.95,0.97,76.0,88690.0,False,11,20,319
2016-11-14 21:00:00,-4.08,99.4,0.0,-0.0,0.0,243.05,1.03,100.0,88690.0,False,11,21,319
2016-11-14 22:00:00,-5.2,95.45,0.0,-0.0,0.0,254.3,1.1,117.0,88640.0,False,11,22,319
2016-11-14 23:00:00,-6.2,95.45,0.0,-0.0,0.0,244.8,1.03,123.0,88570.0,False,11,23,319
2016-11-15 00:00:00,-6.61,95.45,0.0,-0.0,0.0,234.95,1.17,123.0,88560.0,False,11,0,320
2016-11-15 01:00:00,-7.88,91.6,0.0,-0.0,0.0,222.25,1.24,125.0,88530.0,False,11,1,320
2016-11-15 02:00:00,-8.25,91.55,0.0,-0.0,0.0,235.15,1.24,128.0,88550.0,False,11,2,320
2016-11-15 03:00:00,-8.25,91.55,0.0,-0.0,0.0,241.15,1.24,128.0,88580.0,False,11,3,320
2016-11-15 04:00:00,-8.56,91.5,0.0,-0.0,0.0,239.0,1.24,131.0,88610.0,False,11,4,320
2016-11-15 05:00:00,-8.63,87.8,0.0,-0.0,0.0,245.6,1.24,131.0,88640.0,False,11,5,320
2016-11-15 06:00:00,-7.82,84.35,0.0,-0.0,0.0,270.15,1.24,130.0,88650.0,False,11,6,320
2016-11-15 07:00:00,-7.12,87.9,20.0,0.0,20.0,270.75,1.1,123.0,88730.0,False,11,7,320
2016-11-15 08:00:00,-5.3,84.55,158.0,345.5,84.0,290.85,0.9,123.0,88770.0,False,11,8,320
2016-11-15 09:00:00,-2.75,72.25,158.0,49.85,142.0,284.3,0.69,126.0,88770.0,False,11,9,320
2016-11-15 10:00:00,1.21,55.2,405.0,902.73,53.0,269.95,0.41,126.0,88740.0,False,11,10,320
2016-11-15 11:00:00,3.03,53.4,397.0,693.96,108.0,262.6,0.07,85.0,88720.0,False,11,11,320
2016-11-15 12:00:00,4.35,51.55,322.0,388.76,167.0,267.85,0.14,353.0,88680.0,False,11,12,320
2016-11-15 13:00:00,5.07,51.7,337.0,831.64,56.0,283.1,0.21,329.0,88670.0,False,11,13,320
2016-11-15 14:00:00,4.91,58.2,225.0,760.01,44.0,284.85,0.34,339.0,88680.0,False,11,14,320
2016-11-15 15:00:00,4.68,60.5,82.0,536.23,25.0,286.05,0.41,358.0,88690.0,False,11,15,320
2016-11-15 16:00:00,3.92,65.2,0.0,-0.0,0.0,285.65,0.41,28.0,88710.0,False,11,16,320
2016-11-15 17:00:00,3.1,67.7,0.0,-0.0,0.0,275.75,0.48,78.0,88730.0,False,11,17,320
2016-11-15 18:00:00,2.35,70.3,0.0,-0.0,0.0,285.05,0.62,107.0,88730.0,False,11,18,320
2016-11-15 19:00:00,0.31,75.7,0.0,-0.0,0.0,280.4,1.03,137.0,88770.0,False,11,19,320
2016-11-15 20:00:00,-0.2,81.8,0.0,-0.0,0.0,298.4,1.17,136.0,88750.0,False,11,20,320
2016-11-15 21:00:00,-0.57,85.05,0.0,-0.0,0.0,290.1,1.24,136.0,88720.0,False,11,21,320
2016-11-15 22:00:00,-1.36,85.0,0.0,-0.0,0.0,273.85,1.31,137.0,88660.0,False,11,22,320
2016-11-15 23:00:00,-1.63,88.35,0.0,-0.0,0.0,274.4,1.38,136.0,88600.0,False,11,23,320
2016-11-16 00:00:00,-2.56,88.25,0.0,-0.0,0.0,255.05,1.52,135.0,88550.0,False,11,0,321
2016-11-16 01:00:00,-3.15,84.8,0.0,-0.0,0.0,258.25,1.45,136.0,88510.0,False,11,1,321
2016-11-16 02:00:00,-3.71,84.7,0.0,-0.0,0.0,256.8,1.45,136.0,88500.0,False,11,2,321
2016-11-16 03:00:00,-4.31,88.15,0.0,-0.0,0.0,270.15,1.45,139.0,88470.0,False,11,3,321
2016-11-16 04:00:00,-4.56,88.1,0.0,-0.0,0.0,268.8,1.59,141.0,88420.0,False,11,4,321
2016-11-16 05:00:00,-4.63,88.1,0.0,-0.0,0.0,272.85,1.52,142.0,88400.0,False,11,5,321
2016-11-16 06:00:00,-4.13,84.65,0.0,-0.0,0.0,279.85,1.52,145.0,88380.0,False,11,6,321
2016-11-16 07:00:00,-2.47,84.85,20.0,0.0,20.0,299.0,1.38,144.0,88450.0,False,11,7,321
2016-11-16 08:00:00,-1.38,85.0,110.0,90.43,91.0,302.65,1.03,148.0,88440.0,False,11,8,321
2016-11-16 09:00:00,0.98,81.95,190.0,135.72,147.0,300.95,0.83,159.0,88430.0,False,11,9,321
2016-11-16 10:00:00,3.85,70.5,233.0,126.99,184.0,304.2,0.0,0.0,88380.0,False,11,10,321
2016-11-16 11:00:00,4.65,70.7,222.0,70.3,193.0,309.85,0.0,0.0,88360.0,False,11,11,321
2016-11-16 12:00:00,5.83,70.85,196.0,48.11,177.0,310.05,0.62,210.0,88260.0,False,11,12,321
2016-11-16 13:00:00,5.93,76.5,201.0,134.59,156.0,312.75,0.69,221.0,88250.0,False,11,13,321
2016-11-16 14:00:00,5.23,82.4,91.0,17.03,87.0,310.6,0.76,205.0,88220.0,False,11,14,321
2016-11-16 15:00:00,3.96,88.75,52.0,116.13,40.0,299.75,0.9,193.0,88190.0,False,11,15,321
2016-11-16 16:00:00,3.54,88.7,0.0,-0.0,0.0,314.1,0.97,182.0,88150.0,False,11,16,321
2016-11-16 17:00:00,3.96,82.25,0.0,-0.0,0.0,306.95,0.97,180.0,88140.0,False,11,17,321
2016-11-16 18:00:00,4.12,82.25,0.0,-0.0,0.0,324.35,0.83,188.0,88140.0,False,11,18,321
2016-11-16 19:00:00,3.22,82.2,0.0,-0.0,0.0,317.95,0.9,171.0,88110.0,False,11,19,321
2016-11-16 20:00:00,3.16,82.2,0.0,-0.0,0.0,329.95,0.97,176.0,88100.0,False,11,20,321
2016-11-16 21:00:00,2.84,82.2,0.0,-0.0,0.0,321.45,1.03,174.0,88060.0,False,11,21,321
2016-11-16 22:00:00,2.55,85.35,0.0,-0.0,0.0,312.75,1.1,175.0,88010.0,False,11,22,321
2016-11-16 23:00:00,2.32,85.35,0.0,-0.0,0.0,312.15,1.17,177.0,87960.0,False,11,23,321
2016-11-17 00:00:00,2.37,82.15,0.0,-0.0,0.0,302.1,0.97,187.0,87890.0,False,11,0,322
2016-11-17 01:00:00,2.33,82.15,0.0,-0.0,0.0,299.7,0.9,208.0,87890.0,False,11,1,322
2016-11-17 02:00:00,1.45,85.25,0.0,-0.0,0.0,288.75,1.03,196.0,87880.0,False,11,2,322
2016-11-17 03:00:00,0.58,88.5,0.0,-0.0,0.0,283.7,1.1,182.0,87830.0,False,11,3,322
2016-11-17 04:00:00,-0.19,92.0,0.0,-0.0,0.0,285.85,1.17,172.0,87760.0,False,11,4,322
2016-11-17 05:00:00,-0.75,91.95,0.0,-0.0,0.0,286.05,1.24,169.0,87750.0,False,11,5,322
2016-11-17 06:00:00,-1.05,95.6,0.0,-0.0,0.0,282.95,1.31,165.0,87720.0,False,11,6,322
2016-11-17 07:00:00,-1.94,95.55,24.0,0.0,24.0,264.15,1.45,159.0,87730.0,False,11,7,322
2016-11-17 08:00:00,-0.1,92.0,186.0,693.94,43.0,293.0,1.1,168.0,87750.0,False,11,8,322
2016-11-17 09:00:00,1.74,85.3,201.0,172.65,147.0,294.35,1.03,174.0,87750.0,False,11,9,322
2016-11-17 10:00:00,2.54,85.35,286.0,295.93,173.0,304.05,0.97,184.0,87730.0,False,11,10,322
2016-11-17 11:00:00,3.1,82.2,427.0,915.29,53.0,299.4,0.97,199.0,87710.0,False,11,11,322
2016-11-17 12:00:00,3.72,82.25,350.0,567.42,128.0,313.5,1.03,210.0,87670.0,False,11,12,322
2016-11-17 13:00:00,3.77,82.25,320.0,770.6,65.0,313.7,1.03,211.0,87610.0,False,11,13,322
2016-11-17 14:00:00,3.66,79.15,181.0,414.26,85.0,313.3,1.03,205.0,87560.0,False,11,14,322
2016-11-17 15:00:00,3.34,82.2,76.0,517.55,24.0,302.3,1.03,196.0,87500.0,False,11,15,322
2016-11-17 16:00:00,2.73,79.1,0.0,-0.0,0.0,274.4,1.17,180.0,87460.0,False,11,16,322
2016-11-17 17:00:00,1.63,78.95,0.0,-0.0,0.0,255.45,1.38,169.0,87430.0,False,11,17,322
2016-11-17 18:00:00,0.28,81.9,0.0,-0.0,0.0,243.45,1.52,164.0,87390.0,False,11,18,322
2016-11-17 19:00:00,-0.33,81.8,0.0,-0.0,0.0,244.8,1.72,159.0,87400.0,False,11,19,322
2016-11-17 20:00:00,-1.11,85.0,0.0,-0.0,0.0,247.5,1.93,157.0,87370.0,False,11,20,322
2016-11-17 21:00:00,-0.92,85.0,0.0,-0.0,0.0,264.55,2.07,158.0,87320.0,False,11,21,322
2016-11-17 22:00:00,0.01,81.8,0.0,-0.0,0.0,275.2,2.14,159.0,87270.0,False,11,22,322
2016-11-17 23:00:00,-0.41,85.05,0.0,-0.0,0.0,264.75,2.21,157.0,87230.0,False,11,23,322
2016-11-18 00:00:00,-0.14,81.8,0.0,-0.0,0.0,279.85,2.28,154.0,87190.0,False,11,0,323
2016-11-18 01:00:00,-0.55,81.75,0.0,-0.0,0.0,277.05,2.28,153.0,87130.0,False,11,1,323
2016-11-18 02:00:00,-0.43,81.75,0.0,-0.0,0.0,287.95,2.21,154.0,87070.0,False,11,2,323
2016-11-18 03:00:00,-0.54,78.6,0.0,-0.0,0.0,281.4,2.21,157.0,87040.0,False,11,3,323
2016-11-18 04:00:00,-0.18,75.6,0.0,-0.0,0.0,299.4,2.14,157.0,87000.0,False,11,4,323
2016-11-18 05:00:00,-0.6,78.6,0.0,-0.0,0.0,277.9,2.14,157.0,86980.0,False,11,5,323
2016-11-18 06:00:00,-0.34,75.6,0.0,-0.0,0.0,296.1,2.0,159.0,86980.0,False,11,6,323
2016-11-18 07:00:00,-0.14,75.6,4.0,0.0,4.0,269.0,2.07,158.0,86960.0,False,11,7,323
2016-11-18 08:00:00,1.65,73.0,25.0,0.0,25.0,309.85,1.86,164.0,86990.0,False,11,8,323
2016-11-18 09:00:00,2.9,73.2,108.0,6.48,106.0,295.1,1.79,171.0,87000.0,False,11,9,323
2016-11-18 10:00:00,3.75,73.3,119.0,0.0,119.0,306.35,1.72,176.0,87020.0,False,11,10,323
2016-11-18 11:00:00,4.4,73.4,74.0,0.0,74.0,311.4,1.93,186.0,87010.0,False,11,11,323
2016-11-18 12:00:00,4.74,73.45,80.0,0.0,80.0,308.65,1.66,185.0,86970.0,False,11,12,323
2016-11-18 13:00:00,4.85,73.45,136.0,18.32,130.0,290.85,1.79,194.0,86940.0,False,11,13,323
2016-11-18 14:00:00,4.84,73.45,119.0,83.09,100.0,296.3,2.0,199.0,86930.0,False,11,14,323
2016-11-18 15:00:00,4.37,79.2,27.0,10.23,26.0,288.55,1.93,204.0,86960.0,False,11,15,323
2016-11-18 16:00:00,3.94,82.25,0.0,-0.0,0.0,312.15,1.86,198.0,87000.0,False,11,16,323
2016-11-18 17:00:00,3.69,82.25,0.0,-0.0,0.0,317.75,1.72,195.0,87050.0,False,11,17,323
2016-11-18 18:00:00,3.44,85.4,0.0,-0.0,0.0,320.1,1.66,196.0,87080.0,False,11,18,323
2016-11-18 19:00:00,3.44,85.4,0.0,-0.0,0.0,318.35,0.62,152.0,87070.0,False,11,19,323
2016-11-18 20:00:00,2.54,88.65,0.0,-0.0,0.0,319.7,0.76,142.0,87110.0,False,11,20,323
2016-11-18 21:00:00,2.02,92.1,0.0,-0.0,0.0,320.1,1.03,150.0,87140.0,False,11,21,323
2016-11-18 22:00:00,2.0,88.65,0.0,-0.0,0.0,316.6,1.17,147.0,87150.0,False,11,22,323
2016-11-18 23:00:00,1.86,88.65,0.0,-0.0,0.0,303.25,1.31,150.0,87110.0,False,11,23,323
2016-11-19 00:00:00,1.44,88.6,0.0,-0.0,0.0,300.35,1.24,148.0,87030.0,False,11,0,324
2016-11-19 01:00:00,1.11,85.25,0.0,-0.0,0.0,296.8,1.1,159.0,86980.0,False,11,1,324
2016-11-19 02:00:00,0.95,85.2,0.0,-0.0,0.0,293.75,1.1,184.0,86990.0,False,11,2,324
2016-11-19 03:00:00,1.22,85.25,0.0,-0.0,0.0,297.25,0.9,191.0,86970.0,False,11,3,324
2016-11-19 04:00:00,1.8,85.3,0.0,-0.0,0.0,311.4,0.69,192.0,86940.0,False,11,4,324
2016-11-19 05:00:00,1.71,85.3,0.0,-0.0,0.0,293.4,0.69,201.0,86940.0,False,11,5,324
2016-11-19 06:00:00,1.6,88.6,0.0,-0.0,0.0,298.4,0.69,216.0,86920.0,False,11,6,324
2016-11-19 07:00:00,0.98,88.55,20.0,0.0,20.0,297.05,1.45,219.0,86940.0,False,11,7,324
2016-11-19 08:00:00,1.84,88.65,56.0,0.0,56.0,305.95,2.28,256.0,87090.0,False,11,8,324
2016-11-19 09:00:00,1.13,92.05,26.0,0.0,26.0,310.05,1.66,264.0,87170.0,False,11,9,324
2016-11-19 10:00:00,0.7,92.05,323.0,494.57,138.0,295.7,1.52,260.0,87200.0,False,11,10,324
2016-11-19 11:00:00,1.12,88.6,262.0,164.54,196.0,295.3,1.66,254.0,87200.0,False,11,11,324
2016-11-19 12:00:00,1.68,82.05,347.0,580.51,124.0,272.65,1.52,248.0,87200.0,False,11,12,324
2016-11-19 13:00:00,2.08,82.05,314.0,773.91,63.0,271.3,1.45,241.0,87180.0,False,11,13,324
2016-11-19 14:00:00,2.03,82.05,212.0,748.68,43.0,247.7,1.17,237.0,87190.0,False,11,14,324
2016-11-19 15:00:00,1.41,85.25,71.0,504.87,23.0,243.05,0.9,230.0,87190.0,False,11,15,324
2016-11-19 16:00:00,0.28,88.5,0.0,-0.0,0.0,228.75,0.69,169.0,87180.0,False,11,16,324
2016-11-19 17:00:00,-1.42,91.9,0.0,-0.0,0.0,230.85,0.9,144.0,87160.0,False,11,17,324
2016-11-19 18:00:00,-2.98,95.55,0.0,-0.0,0.0,215.75,1.24,132.0,87100.0,False,11,18,324
2016-11-19 19:00:00,-4.42,91.75,0.0,-0.0,0.0,219.85,1.31,132.0,87080.0,False,11,19,324
2016-11-19 20:00:00,-4.98,95.45,0.0,-0.0,0.0,232.6,1.24,129.0,87020.0,False,11,20,324
2016-11-19 21:00:00,-4.41,91.75,0.0,-0.0,0.0,254.85,1.24,128.0,87010.0,False,11,21,324
2016-11-19 22:00:00,-4.04,91.75,0.0,-0.0,0.0,251.6,1.59,129.0,86960.0,False,11,22,324
2016-11-19 23:00:00,-3.55,91.8,0.0,-0.0,0.0,266.3,1.59,135.0,86870.0,False,11,23,324
2016-11-20 00:00:00,-3.3,88.25,0.0,-0.0,0.0,279.65,1.66,139.0,86830.0,False,11,0,325
2016-11-20 01:00:00,-3.5,88.2,0.0,-0.0,0.0,265.8,1.79,140.0,86800.0,False,11,1,325
2016-11-20 02:00:00,-3.59,84.7,0.0,-0.0,0.0,266.3,1.93,139.0,86750.0,False,11,2,325
2016-11-20 03:00:00,-3.07,81.45,0.0,-0.0,0.0,275.95,1.86,142.0,86710.0,False,11,3,325
2016-11-20 04:00:00,-2.78,75.2,0.0,-0.0,0.0,266.3,2.07,144.0,86720.0,False,11,4,325
2016-11-20 05:00:00,-2.37,72.3,0.0,-0.0,0.0,266.1,2.14,145.0,86720.0,False,11,5,325
2016-11-20 06:00:00,-1.55,72.4,0.0,-0.0,0.0,279.45,2.21,148.0,86710.0,False,11,6,325
2016-11-20 07:00:00,-2.4,69.45,13.0,0.0,13.0,229.3,2.07,147.0,86750.0,False,11,7,325
2016-11-20 08:00:00,-1.49,78.45,155.0,458.0,66.0,231.05,1.79,153.0,86800.0,False,11,8,325
2016-11-20 09:00:00,0.52,81.9,301.0,830.59,51.0,236.5,1.66,156.0,86850.0,False,11,9,325
2016-11-20 10:00:00,3.45,76.1,378.0,856.09,61.0,240.75,1.66,158.0,86860.0,False,11,10,325
2016-11-20 11:00:00,5.85,68.2,402.0,827.7,73.0,240.35,1.52,164.0,86840.0,False,11,11,325
2016-11-20 12:00:00,6.19,65.75,369.0,727.53,92.0,244.4,1.45,170.0,86810.0,False,11,12,325
2016-11-20 13:00:00,6.57,65.75,323.0,837.51,54.0,246.95,1.52,169.0,86820.0,False,11,13,325
2016-11-20 14:00:00,5.92,68.2,195.0,605.69,60.0,247.9,1.31,162.0,86840.0,False,11,14,325
2016-11-20 15:00:00,5.44,68.1,65.0,410.64,27.0,250.2,1.52,157.0,86830.0,False,11,15,325
2016-11-20 16:00:00,4.15,67.9,0.0,-0.0,0.0,245.2,1.72,151.0,86840.0,False,11,16,325
2016-11-20 17:00:00,2.1,75.95,0.0,-0.0,0.0,242.3,1.86,145.0,86840.0,False,11,17,325
2016-11-20 18:00:00,0.76,75.75,0.0,-0.0,0.0,247.7,2.0,142.0,86870.0,False,11,18,325
2016-11-20 19:00:00,0.77,75.75,0.0,-0.0,0.0,262.6,2.07,143.0,86790.0,False,11,19,325
2016-11-20 20:00:00,0.19,75.7,0.0,-0.0,0.0,249.65,2.21,140.0,86800.0,False,11,20,325
2016-11-20 21:00:00,0.43,75.7,0.0,-0.0,0.0,256.6,2.21,140.0,86780.0,False,11,21,325
2016-11-20 22:00:00,-0.01,78.65,0.0,-0.0,0.0,246.95,2.21,143.0,86780.0,False,11,22,325
2016-11-20 23:00:00,-0.32,75.6,0.0,-0.0,0.0,247.9,2.21,142.0,86760.0,False,11,23,325
2016-11-21 00:00:00,-0.46,78.6,0.0,-0.0,0.0,242.3,2.14,141.0,86690.0,False,11,0,326
2016-11-21 01:00:00,-0.7,78.6,0.0,-0.0,0.0,248.6,2.07,141.0,86650.0,False,11,1,326
2016-11-21 02:00:00,-0.44,78.6,0.0,-0.0,0.0,265.7,1.93,143.0,86630.0,False,11,2,326
2016-11-21 03:00:00,-0.1,78.65,0.0,-0.0,0.0,277.5,1.93,141.0,86630.0,False,11,3,326
2016-11-21 04:00:00,0.31,78.75,0.0,-0.0,0.0,285.25,1.86,137.0,86590.0,False,11,4,326
2016-11-21 05:00:00,0.34,78.75,0.0,-0.0,0.0,274.2,1.93,135.0,86550.0,False,11,5,326
2016-11-21 06:00:00,0.23,78.75,0.0,-0.0,0.0,278.1,1.93,135.0,86520.0,False,11,6,326
2016-11-21 07:00:00,0.26,81.9,11.0,0.0,11.0,269.95,1.86,136.0,86490.0,False,11,7,326
2016-11-21 08:00:00,0.82,81.95,74.0,20.99,70.0,283.7,1.59,138.0,86500.0,False,11,8,326
2016-11-21 09:00:00,1.97,82.05,81.0,0.0,81.0,292.8,1.52,134.0,86500.0,False,11,9,326
2016-11-21 10:00:00,3.4,85.4,65.0,0.0,65.0,294.95,1.31,143.0,86530.0,False,11,10,326
2016-11-21 11:00:00,4.61,82.3,77.0,0.0,77.0,301.9,1.17,146.0,86550.0,False,11,11,326
2016-11-21 12:00:00,5.54,79.35,138.0,5.3,136.0,297.05,1.17,145.0,86560.0,False,11,12,326
2016-11-21 13:00:00,5.84,79.4,189.0,125.73,149.0,296.85,1.03,139.0,86540.0,False,11,13,326
2016-11-21 14:00:00,6.51,79.5,121.0,109.02,97.0,285.05,0.83,143.0,86560.0,False,11,14,326
2016-11-21 15:00:00,6.91,73.8,36.0,55.49,31.0,271.5,0.76,147.0,86580.0,False,11,15,326
2016-11-21 16:00:00,5.95,73.65,0.0,-0.0,0.0,265.1,0.97,139.0,86600.0,False,11,16,326
2016-11-21 17:00:00,4.04,76.15,0.0,-0.0,0.0,255.85,1.38,138.0,86630.0,False,11,17,326
2016-11-21 18:00:00,2.23,76.0,0.0,-0.0,0.0,263.4,1.59,136.0,86650.0,False,11,18,326
2016-11-21 19:00:00,1.37,82.0,0.0,-0.0,0.0,275.6,2.0,139.0,86560.0,False,11,19,326
2016-11-21 20:00:00,1.95,82.05,0.0,-0.0,0.0,296.85,2.0,138.0,86590.0,False,11,20,326
2016-11-21 21:00:00,2.17,79.0,0.0,-0.0,0.0,295.7,1.93,144.0,86630.0,False,11,21,326
2016-11-21 22:00:00,2.28,79.0,0.0,-0.0,0.0,294.35,1.93,144.0,86690.0,False,11,22,326
2016-11-21 23:00:00,2.91,79.1,0.0,-0.0,0.0,304.05,1.93,142.0,86710.0,False,11,23,326
2016-11-22 00:00:00,3.23,82.2,0.0,-0.0,0.0,301.5,1.66,151.0,86760.0,False,11,0,327
2016-11-22 01:00:00,2.88,79.1,0.0,-0.0,0.0,285.15,1.66,147.0,86810.0,False,11,1,327
2016-11-22 02:00:00,2.58,79.0,0.0,-0.0,0.0,292.05,1.59,138.0,86870.0,False,11,2,327
2016-11-22 03:00:00,2.56,82.15,0.0,-0.0,0.0,307.1,1.52,135.0,86900.0,False,11,3,327
2016-11-22 04:00:00,2.39,82.15,0.0,-0.0,0.0,303.25,1.52,132.0,86900.0,False,11,4,327
2016-11-22 05:00:00,2.26,79.0,0.0,-0.0,0.0,299.0,1.52,137.0,86920.0,False,11,5,327
2016-11-22 06:00:00,2.18,79.0,0.0,-0.0,0.0,297.85,1.52,141.0,86940.0,False,11,6,327
2016-11-22 07:00:00,3.1,76.1,15.0,0.0,15.0,289.5,1.03,120.0,87060.0,False,11,7,327
2016-11-22 08:00:00,4.55,73.4,65.0,10.71,63.0,292.2,0.55,121.0,87120.0,False,11,8,327
2016-11-22 09:00:00,4.94,88.85,99.0,3.41,98.0,286.4,0.41,108.0,87150.0,False,11,9,327
2016-11-22 10:00:00,6.35,85.7,240.0,190.09,171.0,275.75,0.34,87.0,87180.0,False,11,10,327
2016-11-22 11:00:00,5.96,88.9,343.0,542.88,131.0,295.3,0.69,79.0,87170.0,False,11,11,327
2016-11-22 12:00:00,6.07,88.9,243.0,173.69,178.0,305.55,0.76,74.0,87110.0,False,11,12,327
2016-11-22 13:00:00,6.48,88.95,86.0,0.0,86.0,293.95,0.83,81.0,87070.0,False,11,13,327
2016-11-22 14:00:00,7.11,89.0,98.0,45.97,88.0,286.6,0.83,83.0,87090.0,False,11,14,327
2016-11-22 15:00:00,6.68,85.75,44.0,136.68,32.0,277.1,0.9,91.0,87100.0,False,11,15,327
2016-11-22 16:00:00,6.53,82.55,0.0,-0.0,0.0,279.05,0.83,111.0,87150.0,False,11,16,327
2016-11-22 17:00:00,5.25,82.4,0.0,-0.0,0.0,279.45,1.03,146.0,87230.0,False,11,17,327
2016-11-22 18:00:00,3.45,85.4,0.0,-0.0,0.0,271.7,1.45,147.0,87300.0,False,11,18,327
2016-11-22 19:00:00,3.16,79.1,0.0,-0.0,0.0,270.75,1.52,137.0,87380.0,False,11,19,327
2016-11-22 20:00:00,1.99,82.05,0.0,-0.0,0.0,272.5,1.72,134.0,87410.0,False,11,20,327
2016-11-22 21:00:00,1.37,82.0,0.0,-0.0,0.0,276.15,1.79,134.0,87440.0,False,11,21,327
2016-11-22 22:00:00,0.99,85.2,0.0,-0.0,0.0,271.1,1.86,133.0,87430.0,False,11,22,327
2016-11-22 23:00:00,0.93,85.2,0.0,-0.0,0.0,275.2,1.86,134.0,87430.0,False,11,23,327
2016-11-23 00:00:00,0.96,85.2,0.0,-0.0,0.0,278.85,1.93,133.0,87420.0,False,11,0,328
2016-11-23 01:00:00,0.92,85.2,0.0,-0.0,0.0,279.55,1.93,132.0,87410.0,False,11,1,328
2016-11-23 02:00:00,0.99,88.55,0.0,-0.0,0.0,280.2,2.0,133.0,87410.0,False,11,2,328
2016-11-23 03:00:00,1.21,85.25,0.0,-0.0,0.0,284.1,1.93,133.0,87440.0,False,11,3,328
2016-11-23 04:00:00,1.64,85.3,0.0,-0.0,0.0,291.85,1.93,133.0,87460.0,False,11,4,328
2016-11-23 05:00:00,2.09,88.65,0.0,-0.0,0.0,302.5,1.86,135.0,87480.0,False,11,5,328
2016-11-23 06:00:00,2.35,88.65,0.0,-0.0,0.0,304.4,1.79,135.0,87500.0,False,11,6,328
2016-11-23 07:00:00,2.09,92.1,13.0,0.0,13.0,301.1,1.59,135.0,87610.0,False,11,7,328
2016-11-23 08:00:00,2.32,92.15,20.0,0.0,20.0,307.1,1.45,135.0,87650.0,False,11,8,328
2016-11-23 09:00:00,2.99,92.15,146.0,62.1,128.0,310.8,1.24,132.0,87650.0,False,11,9,328
2016-11-23 10:00:00,4.36,95.75,144.0,13.91,139.0,308.85,1.03,133.0,87640.0,False,11,10,328
2016-11-23 11:00:00,6.55,95.8,177.0,30.99,165.0,311.95,0.76,128.0,87610.0,False,11,11,328
2016-11-23 12:00:00,8.29,89.1,103.0,0.0,103.0,303.45,0.55,107.0,87580.0,False,11,12,328
2016-11-23 13:00:00,8.53,89.1,84.0,0.0,84.0,302.65,0.48,98.0,87570.0,False,11,13,328
2016-11-23 14:00:00,7.81,89.05,87.0,23.26,82.0,303.45,0.9,95.0,87580.0,False,11,14,328
2016-11-23 15:00:00,5.93,92.3,38.0,81.79,31.0,308.1,1.31,97.0,87550.0,False,11,15,328
2016-11-23 16:00:00,4.85,92.25,0.0,-0.0,0.0,306.95,1.52,106.0,87550.0,False,11,16,328
2016-11-23 17:00:00,3.97,92.15,0.0,-0.0,0.0,308.5,1.59,116.0,87540.0,False,11,17,328
2016-11-23 18:00:00,3.37,92.15,0.0,-0.0,0.0,296.3,1.72,123.0,87540.0,False,11,18,328
2016-11-23 19:00:00,3.08,85.4,0.0,-0.0,0.0,297.85,1.79,127.0,87470.0,False,11,19,328
2016-11-23 20:00:00,2.51,85.35,0.0,-0.0,0.0,288.15,1.79,129.0,87460.0,False,11,20,328
2016-11-23 21:00:00,1.34,85.25,0.0,-0.0,0.0,260.5,1.93,131.0,87450.0,False,11,21,328
2016-11-23 22:00:00,0.61,85.2,0.0,-0.0,0.0,255.05,2.0,131.0,87430.0,False,11,22,328
2016-11-23 23:00:00,0.26,88.5,0.0,-0.0,0.0,255.85,2.0,131.0,87380.0,False,11,23,328
2016-11-24 00:00:00,0.26,88.5,0.0,-0.0,0.0,262.05,2.07,132.0,87360.0,False,11,0,329
2016-11-24 01:00:00,0.08,92.0,0.0,-0.0,0.0,255.95,2.07,133.0,87350.0,False,11,1,329
2016-11-24 02:00:00,0.07,92.0,0.0,-0.0,0.0,258.75,2.07,132.0,87350.0,False,11,2,329
2016-11-24 03:00:00,0.41,88.5,0.0,-0.0,0.0,271.1,2.0,132.0,87310.0,False,11,3,329
2016-11-24 04:00:00,0.32,88.5,0.0,-0.0,0.0,263.0,2.0,131.0,87280.0,False,11,4,329
2016-11-24 05:00:00,0.41,88.5,0.0,-0.0,0.0,269.95,1.93,131.0,87250.0,False,11,5,329
2016-11-24 06:00:00,0.51,88.5,0.0,-0.0,0.0,275.95,1.86,134.0,87240.0,False,11,6,329
2016-11-24 07:00:00,1.89,85.3,14.0,0.0,14.0,298.05,1.59,140.0,87360.0,False,11,7,329
2016-11-24 08:00:00,2.25,85.35,115.0,217.19,76.0,296.3,1.52,138.0,87390.0,False,11,8,329
2016-11-24 09:00:00,2.73,85.4,196.0,237.5,128.0,298.6,1.45,133.0,87400.0,False,11,9,329
2016-11-24 10:00:00,4.35,88.8,104.0,0.0,104.0,293.6,1.1,126.0,87400.0,False,11,10,329
2016-11-24 11:00:00,6.26,85.7,93.0,0.0,93.0,292.05,0.76,119.0,87370.0,False,11,11,329
2016-11-24 12:00:00,7.8,82.7,156.0,19.02,149.0,296.5,0.55,102.0,87350.0,False,11,12,329
2016-11-24 13:00:00,7.62,85.8,109.0,6.46,107.0,297.05,0.62,84.0,87280.0,False,11,13,329
2016-11-24 14:00:00,7.53,85.8,104.0,65.85,90.0,297.45,0.69,76.0,87270.0,False,11,14,329
2016-11-24 15:00:00,7.08,85.75,36.0,71.86,30.0,290.3,0.48,75.0,87280.0,False,11,15,329
2016-11-24 16:00:00,6.48,85.7,0.0,-0.0,0.0,297.05,0.55,96.0,87300.0,False,11,16,329
2016-11-24 17:00:00,5.18,88.85,0.0,-0.0,0.0,299.55,0.9,115.0,87280.0,False,11,17,329
2016-11-24 18:00:00,4.31,88.8,0.0,-0.0,0.0,300.15,1.03,123.0,87280.0,False,11,18,329
2016-11-24 19:00:00,3.28,88.7,0.0,-0.0,0.0,290.85,1.24,104.0,87290.0,False,11,19,329
2016-11-24 20:00:00,2.26,88.65,0.0,-0.0,0.0,296.1,1.45,102.0,87260.0,False,11,20,329
2016-11-24 21:00:00,1.51,88.6,0.0,-0.0,0.0,283.1,1.52,109.0,87200.0,False,11,21,329
2016-11-24 22:00:00,0.89,88.55,0.0,-0.0,0.0,274.4,1.59,112.0,87120.0,False,11,22,329
2016-11-24 23:00:00,0.4,88.5,0.0,-0.0,0.0,269.95,1.59,109.0,87070.0,False,11,23,329
2016-11-25 00:00:00,0.14,88.5,0.0,-0.0,0.0,269.6,1.59,107.0,87020.0,False,11,0,330
2016-11-25 01:00:00,0.33,88.5,0.0,-0.0,0.0,274.7,1.45,111.0,87000.0,False,11,1,330
2016-11-25 02:00:00,0.25,88.5,0.0,-0.0,0.0,277.1,1.52,111.0,86970.0,False,11,2,330
2016-11-25 03:00:00,0.23,88.5,0.0,-0.0,0.0,281.0,1.45,109.0,86950.0,False,11,3,330
2016-11-25 04:00:00,-0.1,92.0,0.0,-0.0,0.0,269.95,1.52,114.0,86890.0,False,11,4,330
2016-11-25 05:00:00,-0.22,88.45,0.0,-0.0,0.0,269.75,1.45,117.0,86870.0,False,11,5,330
2016-11-25 06:00:00,-0.2,88.45,0.0,-0.0,0.0,271.1,1.38,118.0,86880.0,False,11,6,330
2016-11-25 07:00:00,0.61,85.2,11.0,0.0,11.0,278.65,1.45,137.0,87010.0,False,11,7,330
2016-11-25 08:00:00,1.85,85.3,53.0,5.68,52.0,284.65,1.03,148.0,87100.0,False,11,8,330
2016-11-25 09:00:00,3.3,85.4,50.0,0.0,50.0,296.3,0.69,149.0,87200.0,False,11,9,330
2016-11-25 10:00:00,4.17,82.3,50.0,0.0,50.0,302.85,0.41,137.0,87270.0,False,11,10,330
2016-11-25 11:00:00,4.7,88.85,73.0,0.0,73.0,301.1,0.07,151.0,87340.0,False,11,11,330
2016-11-25 12:00:00,5.27,88.85,97.0,0.0,97.0,299.55,0.28,320.0,87350.0,False,11,12,330
2016-11-25 13:00:00,4.86,92.25,57.0,0.0,57.0,303.45,0.48,336.0,87400.0,False,11,13,330
2016-11-25 14:00:00,4.93,88.85,71.0,9.51,69.0,293.0,0.21,351.0,87450.0,False,11,14,330
2016-11-25 15:00:00,4.8,88.85,32.0,49.07,28.0,304.2,0.28,48.0,87480.0,False,11,15,330
2016-11-25 16:00:00,4.46,92.2,0.0,-0.0,0.0,302.5,0.48,78.0,87500.0,False,11,16,330
2016-11-25 17:00:00,4.26,92.2,0.0,-0.0,0.0,315.65,0.48,89.0,87520.0,False,11,17,330
2016-11-25 18:00:00,4.1,95.7,0.0,-0.0,0.0,314.5,0.55,96.0,87540.0,False,11,18,330
2016-11-25 19:00:00,3.5,95.7,0.0,-0.0,0.0,317.75,0.62,88.0,87550.0,False,11,19,330
2016-11-25 20:00:00,3.53,95.7,0.0,-0.0,0.0,309.45,0.41,102.0,87560.0,False,11,20,330
2016-11-25 21:00:00,3.25,95.7,0.0,-0.0,0.0,294.75,0.41,110.0,87570.0,False,11,21,330
2016-11-25 22:00:00,2.8,92.15,0.0,-0.0,0.0,297.45,0.62,121.0,87590.0,False,11,22,330
2016-11-25 23:00:00,2.35,92.15,0.0,-0.0,0.0,303.25,0.62,120.0,87600.0,False,11,23,330
2016-11-26 00:00:00,1.97,95.65,0.0,-0.0,0.0,290.65,0.69,115.0,87590.0,False,11,0,331
2016-11-26 01:00:00,1.19,92.05,0.0,-0.0,0.0,282.65,0.83,122.0,87600.0,False,11,1,331
2016-11-26 02:00:00,-0.33,95.6,0.0,-0.0,0.0,278.65,1.03,134.0,87610.0,False,11,2,331
2016-11-26 03:00:00,-0.67,95.6,0.0,-0.0,0.0,291.25,1.03,137.0,87600.0,False,11,3,331
2016-11-26 04:00:00,-0.68,95.6,0.0,-0.0,0.0,300.15,0.97,136.0,87590.0,False,11,4,331
2016-11-26 05:00:00,-0.52,95.6,0.0,-0.0,0.0,299.55,1.03,134.0,87590.0,False,11,5,331
2016-11-26 06:00:00,-0.53,95.6,0.0,-0.0,0.0,299.2,0.97,131.0,87590.0,False,11,6,331
2016-11-26 07:00:00,0.14,92.0,10.0,0.0,10.0,285.25,0.9,140.0,87590.0,False,11,7,331
2016-11-26 08:00:00,1.65,92.1,76.0,40.55,69.0,303.85,0.48,137.0,87620.0,False,11,8,331
2016-11-26 09:00:00,3.46,95.7,260.0,712.11,61.0,290.5,0.34,147.0,87630.0,False,11,9,331
2016-11-26 10:00:00,5.33,82.4,342.0,792.78,65.0,286.05,0.21,181.0,87630.0,False,11,10,331
2016-11-26 11:00:00,6.06,82.5,262.0,219.75,179.0,268.2,0.34,265.0,87650.0,False,11,11,331
2016-11-26 12:00:00,5.45,82.4,251.0,223.51,170.0,252.75,0.76,290.0,87630.0,False,11,12,331
2016-11-26 13:00:00,5.52,82.4,162.0,75.52,139.0,279.25,0.83,291.0,87650.0,False,11,13,331
2016-11-26 14:00:00,5.61,82.4,123.0,148.95,92.0,280.2,0.69,304.0,87640.0,False,11,14,331
2016-11-26 15:00:00,6.19,79.5,33.0,62.78,28.0,274.05,0.48,337.0,87650.0,False,11,15,331
2016-11-26 16:00:00,5.69,82.5,0.0,-0.0,0.0,276.75,0.28,43.0,87640.0,False,11,16,331
2016-11-26 17:00:00,5.1,88.85,0.0,-0.0,0.0,270.15,0.41,97.0,87640.0,False,11,17,331
2016-11-26 18:00:00,4.39,88.8,0.0,-0.0,0.0,263.4,0.62,114.0,87650.0,False,11,18,331
2016-11-26 19:00:00,2.62,92.15,0.0,-0.0,0.0,263.95,0.83,134.0,87720.0,False,11,19,331
2016-11-26 20:00:00,0.49,92.0,0.0,-0.0,0.0,249.45,1.1,135.0,87710.0,False,11,20,331
2016-11-26 21:00:00,-1.61,99.4,0.0,-0.0,0.0,239.4,1.38,136.0,87700.0,False,11,21,331
2016-11-26 22:00:00,-3.05,99.4,0.0,-0.0,0.0,237.85,1.38,137.0,87660.0,False,11,22,331
2016-11-26 23:00:00,-3.74,99.4,0.0,-0.0,0.0,246.95,1.24,137.0,87640.0,False,11,23,331
2016-11-27 00:00:00,-4.24,95.5,0.0,-0.0,0.0,248.5,1.31,134.0,87610.0,False,11,0,332
2016-11-27 01:00:00,-4.32,95.5,0.0,-0.0,0.0,248.0,1.38,133.0,87610.0,False,11,1,332
2016-11-27 02:00:00,-4.0,99.4,0.0,-0.0,0.0,266.5,1.38,131.0,87600.0,False,11,2,332
2016-11-27 03:00:00,-4.15,95.5,0.0,-0.0,0.0,262.6,1.38,132.0,87590.0,False,11,3,332
2016-11-27 04:00:00,-3.76,95.5,0.0,-0.0,0.0,274.6,1.38,133.0,87560.0,False,11,4,332
2016-11-27 05:00:00,-3.53,91.8,0.0,-0.0,0.0,270.95,1.38,136.0,87560.0,False,11,5,332
2016-11-27 06:00:00,-3.91,88.2,0.0,-0.0,0.0,261.05,1.38,136.0,87530.0,False,11,6,332
2016-11-27 07:00:00,-2.59,84.85,9.0,0.0,9.0,284.5,1.17,136.0,87610.0,False,11,7,332
2016-11-27 08:00:00,-1.75,81.65,126.0,384.07,61.0,264.75,0.97,130.0,87620.0,False,11,8,332
2016-11-27 09:00:00,1.16,75.85,255.0,684.43,66.0,261.05,0.62,120.0,87620.0,False,11,9,332
2016-11-27 10:00:00,3.24,76.1,341.0,791.37,67.0,262.8,0.41,77.0,87610.0,False,11,10,332
2016-11-27 11:00:00,5.29,65.55,376.0,821.91,68.0,254.3,0.69,45.0,87550.0,False,11,11,332
2016-11-27 12:00:00,4.98,70.7,358.0,811.77,66.0,241.9,0.9,30.0,87490.0,False,11,12,332
2016-11-27 13:00:00,5.06,70.7,281.0,691.66,72.0,243.85,1.24,21.0,87430.0,False,11,13,332
2016-11-27 14:00:00,4.74,73.45,151.0,339.72,81.0,243.45,1.45,17.0,87420.0,False,11,14,332
2016-11-27 15:00:00,3.74,79.15,46.0,256.77,26.0,251.6,1.31,15.0,87410.0,False,11,15,332
2016-11-27 16:00:00,2.7,82.2,0.0,-0.0,0.0,253.7,1.17,23.0,87410.0,False,11,16,332
2016-11-27 17:00:00,1.84,85.3,0.0,-0.0,0.0,254.65,1.17,32.0,87420.0,False,11,17,332
2016-11-27 18:00:00,0.92,92.05,0.0,-0.0,0.0,274.6,1.24,34.0,87420.0,False,11,18,332
2016-11-27 19:00:00,0.64,92.05,0.0,-0.0,0.0,302.3,1.45,37.0,87410.0,False,11,19,332
2016-11-27 20:00:00,0.73,95.65,0.0,-0.0,0.0,304.4,1.38,38.0,87390.0,False,11,20,332
2016-11-27 21:00:00,1.16,95.65,0.0,-0.0,0.0,315.05,1.45,40.0,87370.0,False,11,21,332
2016-11-27 22:00:00,1.09,99.35,0.0,-0.0,0.0,306.95,1.59,43.0,87350.0,False,11,22,332
2016-11-27 23:00:00,0.87,95.65,0.0,-0.0,0.0,307.1,1.59,46.0,87320.0,False,11,23,332
2016-11-28 00:00:00,0.64,95.65,0.0,-0.0,0.0,303.65,1.59,43.0,87300.0,False,11,0,333
2016-11-28 01:00:00,0.63,95.65,0.0,-0.0,0.0,300.65,1.59,40.0,87250.0,False,11,1,333
2016-11-28 02:00:00,0.32,95.65,0.0,-0.0,0.0,299.4,1.72,38.0,87270.0,False,11,2,333
2016-11-28 03:00:00,-0.02,99.4,0.0,-0.0,0.0,303.45,1.86,38.0,87270.0,False,11,3,333
2016-11-28 04:00:00,-0.27,95.6,0.0,-0.0,0.0,302.65,1.93,41.0,87270.0,False,11,4,333
2016-11-28 05:00:00,-0.56,95.6,0.0,-0.0,0.0,296.65,1.93,44.0,87290.0,False,11,5,333
2016-11-28 06:00:00,-0.82,95.6,0.0,-0.0,0.0,289.1,1.93,45.0,87300.0,False,11,6,333
2016-11-28 07:00:00,-0.82,95.6,9.0,0.0,9.0,299.55,2.0,44.0,87330.0,False,11,7,333
2016-11-28 08:00:00,-0.9,95.6,126.0,397.7,60.0,284.65,2.0,46.0,87380.0,False,11,8,333
2016-11-28 09:00:00,-0.4,88.45,241.0,564.26,87.0,287.75,2.0,47.0,87390.0,False,11,9,333
2016-11-28 10:00:00,0.32,85.15,307.0,547.84,119.0,265.1,2.0,43.0,87420.0,False,11,10,333
2016-11-28 11:00:00,1.18,78.9,317.0,449.07,150.0,269.6,2.21,41.0,87410.0,False,11,11,333
2016-11-28 12:00:00,1.47,78.9,219.0,123.21,175.0,253.9,2.34,35.0,87400.0,False,11,12,333
2016-11-28 13:00:00,1.48,78.9,147.0,46.68,133.0,278.85,2.41,34.0,87410.0,False,11,13,333
2016-11-28 14:00:00,1.12,78.9,105.0,73.5,90.0,268.8,2.28,33.0,87450.0,False,11,14,333
2016-11-28 15:00:00,0.47,85.15,37.0,118.03,28.0,276.15,2.14,28.0,87470.0,False,11,15,333
2016-11-28 16:00:00,-0.47,88.45,0.0,-0.0,0.0,267.85,0.0,0.0,87520.0,False,11,16,333
2016-11-28 17:00:00,-1.27,88.4,0.0,-0.0,0.0,253.9,0.0,0.0,87560.0,False,11,17,333
2016-11-28 18:00:00,-1.82,88.35,0.0,-0.0,0.0,251.2,1.79,33.0,87610.0,False,11,18,333
2016-11-28 19:00:00,-2.22,84.85,0.0,-0.0,0.0,249.65,1.86,39.0,87650.0,False,11,19,333
2016-11-28 20:00:00,-2.56,88.25,0.0,-0.0,0.0,243.65,1.72,41.0,87690.0,False,11,20,333
2016-11-28 21:00:00,-3.13,88.25,0.0,-0.0,0.0,228.35,1.59,42.0,87700.0,False,11,21,333
2016-11-28 22:00:00,-3.89,88.2,0.0,-0.0,0.0,222.75,1.38,44.0,87730.0,False,11,22,333
2016-11-28 23:00:00,-4.2,88.15,0.0,-0.0,0.0,224.3,1.31,47.0,87750.0,False,11,23,333
2016-11-29 00:00:00,-3.93,81.4,0.0,-0.0,0.0,239.4,1.24,48.0,87790.0,False,11,0,334
2016-11-29 01:00:00,-3.46,84.7,0.0,-0.0,0.0,222.45,1.03,50.0,87800.0,False,11,1,334
2016-11-29 02:00:00,-3.3,81.45,0.0,-0.0,0.0,213.05,0.97,56.0,87860.0,False,11,2,334
2016-11-29 03:00:00,-3.42,78.2,0.0,-0.0,0.0,210.95,0.97,61.0,87890.0,False,11,3,334
2016-11-29 04:00:00,-3.54,81.4,0.0,-0.0,0.0,209.95,0.97,69.0,87920.0,False,11,4,334
2016-11-29 05:00:00,-4.29,84.65,0.0,-0.0,0.0,215.0,0.9,79.0,88000.0,False,11,5,334
2016-11-29 06:00:00,-4.76,88.1,0.0,-0.0,0.0,224.85,0.83,90.0,88030.0,False,11,6,334
2016-11-29 07:00:00,-5.25,84.55,6.0,0.0,6.0,222.75,1.17,87.0,88160.0,False,11,7,334
2016-11-29 08:00:00,-4.28,81.3,80.0,67.59,69.0,220.2,1.1,86.0,88220.0,False,11,8,334
2016-11-29 09:00:00,-2.73,75.2,178.0,189.03,127.0,225.25,0.9,78.0,88280.0,False,11,9,334
2016-11-29 10:00:00,-0.23,67.1,312.0,593.79,110.0,215.4,0.83,59.0,88310.0,False,11,10,334
2016-11-29 11:00:00,1.81,62.35,331.0,536.39,133.0,214.05,0.83,36.0,88320.0,False,11,11,334
2016-11-29 12:00:00,2.29,65.0,343.0,704.92,93.0,223.5,0.9,19.0,88320.0,False,11,12,334
2016-11-29 13:00:00,2.39,67.6,288.0,745.63,66.0,225.05,0.9,12.0,88340.0,False,11,13,334
2016-11-29 14:00:00,1.99,73.0,167.0,494.42,67.0,224.1,0.9,7.0,88400.0,False,11,14,334
2016-11-29 15:00:00,1.17,75.85,52.0,441.61,19.0,223.7,0.9,17.0,88430.0,False,11,15,334
2016-11-29 16:00:00,-0.57,85.05,0.0,-0.0,0.0,222.95,0.83,54.0,88480.0,False,11,16,334
2016-11-29 17:00:00,-2.01,84.85,0.0,-0.0,0.0,221.2,0.9,89.0,88520.0,False,11,17,334
2016-11-29 18:00:00,-2.55,88.25,0.0,-0.0,0.0,220.4,0.97,104.0,88560.0,False,11,18,334
2016-11-29 19:00:00,-0.3,72.65,0.0,-0.0,0.0,244.6,0.83,105.0,88640.0,False,11,19,334
2016-11-29 20:00:00,-1.17,75.45,0.0,-0.0,0.0,261.25,0.9,112.0,88670.0,False,11,20,334
2016-11-29 21:00:00,-1.14,75.45,0.0,-0.0,0.0,247.9,0.9,123.0,88680.0,False,11,21,334
2016-11-29 22:00:00,-1.37,72.5,0.0,-0.0,0.0,241.3,0.9,129.0,88700.0,False,11,22,334
2016-11-29 23:00:00,-1.87,75.35,0.0,-0.0,0.0,243.45,0.97,133.0,88720.0,False,11,23,334
2016-11-30 00:00:00,-2.92,78.2,0.0,-0.0,0.0,237.65,1.1,135.0,88740.0,False,11,0,335
2016-11-30 01:00:00,-3.97,84.65,0.0,-0.0,0.0,235.6,1.24,139.0,88780.0,False,11,1,335
2016-11-30 02:00:00,-4.71,84.6,0.0,-0.0,0.0,223.7,1.24,142.0,88810.0,False,11,2,335
2016-11-30 03:00:00,-4.76,81.25,0.0,-0.0,0.0,227.4,1.24,146.0,88840.0,False,11,3,335
2016-11-30 04:00:00,-4.6,81.25,0.0,-0.0,0.0,234.95,1.24,147.0,88850.0,False,11,4,335
2016-11-30 05:00:00,-5.02,81.2,0.0,-0.0,0.0,226.05,1.24,146.0,88890.0,False,11,5,335
2016-11-30 06:00:00,-5.0,81.2,0.0,-0.0,0.0,236.1,1.31,146.0,88910.0,False,11,6,335
2016-11-30 07:00:00,-5.39,74.8,6.0,0.0,6.0,230.1,1.31,139.0,88970.0,False,11,7,335
2016-11-30 08:00:00,-4.13,71.95,44.0,0.0,44.0,245.75,1.03,136.0,89020.0,False,11,8,335
2016-11-30 09:00:00,-1.82,66.8,254.0,723.51,61.0,239.75,0.83,133.0,89040.0,False,11,9,335
2016-11-30 10:00:00,0.55,64.55,339.0,809.33,66.0,244.2,0.41,133.0,89060.0,False,11,10,335
2016-11-30 11:00:00,2.95,60.15,367.0,785.84,79.0,249.65,0.14,187.0,89040.0,False,11,11,335
2016-11-30 12:00:00,3.59,55.55,360.0,840.22,64.0,233.0,0.34,228.0,88970.0,False,11,12,335
2016-11-30 13:00:00,3.95,55.7,286.0,747.42,65.0,224.85,0.34,293.0,88950.0,False,11,13,335
2016-11-30 14:00:00,2.7,70.4,175.0,598.4,55.0,226.4,0.62,322.0,88930.0,False,11,14,335
2016-11-30 15:00:00,2.08,78.95,49.0,381.9,21.0,235.5,0.76,339.0,88910.0,False,11,15,335
2016-11-30 16:00:00,-0.72,77.91,0.0,-0.0,0.0,213.42,0.8,10.0,88950.0,False,11,16,335
2016-11-30 17:00:00,-1.29,77.52,0.0,-0.0,0.0,215.66,0.85,120.0,88950.0,False,11,17,335
2016-11-30 18:00:00,-1.86,77.14,0.0,-0.0,0.0,217.91,0.9,124.0,88970.0,False,11,18,335
2016-11-30 19:00:00,-2.42,76.75,0.0,-0.0,0.0,220.15,0.94,134.0,88920.0,False,11,19,335
2016-11-30 20:00:00,-2.99,76.36,0.0,-0.0,0.0,222.39,0.99,127.0,88900.0,False,11,20,335
2016-11-30 21:00:00,-3.56,75.98,0.0,-0.0,0.0,224.63,1.03,133.0,88880.0,False,11,21,335
2016-11-30 22:00:00,-4.12,75.59,0.0,-0.0,0.0,226.87,1.08,134.0,88830.0,False,11,22,335
2016-11-30 23:00:00,-4.69,75.21,0.0,-0.0,0.0,229.12,1.13,135.0,88810.0,False,11,23,335
2016-12-01 00:00:00,-5.26,74.82,0.0,-0.0,0.0,231.36,1.17,134.0,88760.0,False,12,0,336
2016-12-01 01:00:00,-5.83,74.44,0.0,-0.0,0.0,233.6,1.22,127.0,88760.0,False,12,1,336
2016-12-01 02:00:00,-6.39,74.05,0.0,-0.0,0.0,235.84,1.27,129.0,88770.0,False,12,2,336
2016-12-01 03:00:00,-6.96,73.67,0.0,-0.0,0.0,238.08,1.31,132.0,88730.0,False,12,3,336
2016-12-01 04:00:00,-7.53,73.28,0.0,-0.0,0.0,240.33,1.36,131.0,88670.0,False,12,4,336
2016-12-01 05:00:00,-8.09,72.9,0.0,-0.0,0.0,242.57,1.41,127.0,88660.0,False,12,5,336
2016-12-01 06:00:00,-8.66,72.51,0.0,-0.0,0.0,244.81,1.45,128.0,88630.0,False,12,6,336
2016-12-01 07:00:00,-9.23,72.12,0.0,0.0,0.0,247.05,1.5,130.0,88660.0,False,12,7,336
2016-12-01 08:00:00,-5.82,65.95,35.0,0.0,35.0,229.15,1.17,128.0,88620.0,False,12,8,336
2016-12-01 09:00:00,-1.89,61.55,257.0,788.44,49.0,224.65,0.83,119.0,88620.0,False,12,9,336
2016-12-01 10:00:00,1.8,53.15,340.0,848.92,56.0,229.7,0.62,99.0,88600.0,False,12,10,336
2016-12-01 11:00:00,4.18,51.55,361.0,769.33,81.0,228.55,0.55,76.0,88570.0,False,12,11,336
2016-12-01 12:00:00,5.12,45.85,358.0,859.9,57.0,232.6,0.55,62.0,88500.0,False,12,12,336
2016-12-01 13:00:00,4.93,53.8,293.0,823.82,51.0,235.3,0.62,47.0,88420.0,False,12,13,336
2016-12-01 14:00:00,3.85,67.8,178.0,668.58,45.0,237.65,0.83,43.0,88380.0,False,12,14,336
2016-12-01 15:00:00,3.58,65.1,43.0,263.8,24.0,235.3,0.69,63.0,88370.0,False,12,15,336
2016-12-01 16:00:00,3.45,57.8,0.0,-0.0,0.0,233.2,0.69,102.0,88350.0,False,12,16,336
2016-12-01 17:00:00,2.72,55.55,0.0,-0.0,0.0,233.4,0.83,117.0,88340.0,False,12,17,336
2016-12-01 18:00:00,1.82,57.6,0.0,-0.0,0.0,233.0,0.97,119.0,88320.0,False,12,18,336
2016-12-01 19:00:00,0.71,57.35,0.0,-0.0,0.0,233.4,1.03,125.0,88320.0,False,12,19,336
2016-12-01 20:00:00,-0.66,61.8,0.0,-0.0,0.0,233.2,1.24,127.0,88280.0,False,12,20,336
2016-12-01 21:00:00,-1.98,66.65,0.0,-0.0,0.0,232.2,1.38,131.0,88250.0,False,12,21,336
2016-12-01 22:00:00,-3.41,69.25,0.0,-0.0,0.0,234.55,1.52,133.0,88170.0,False,12,22,336
2016-12-01 23:00:00,-4.77,74.9,0.0,-0.0,0.0,231.85,1.59,134.0,88130.0,False,12,23,336
2016-12-02 00:00:00,-5.31,77.9,0.0,-0.0,0.0,232.2,1.52,135.0,88090.0,False,12,0,337
2016-12-02 01:00:00,-5.51,77.85,0.0,-0.0,0.0,232.15,1.45,134.0,88060.0,False,12,1,337
2016-12-02 02:00:00,-5.61,77.85,0.0,-0.0,0.0,235.3,1.45,133.0,88020.0,False,12,2,337
2016-12-02 03:00:00,-5.71,77.85,0.0,-0.0,0.0,239.4,1.38,133.0,87960.0,False,12,3,337
2016-12-02 04:00:00,-5.8,77.85,0.0,-0.0,0.0,235.3,1.38,132.0,87930.0,False,12,4,337
2016-12-02 05:00:00,-5.86,77.85,0.0,-0.0,0.0,240.15,1.31,130.0,87900.0,False,12,5,337
2016-12-02 06:00:00,-6.04,81.05,0.0,-0.0,0.0,250.8,1.17,126.0,87880.0,False,12,6,337
2016-12-02 07:00:00,-5.27,77.9,0.0,0.0,0.0,230.65,1.17,121.0,87960.0,False,12,7,337
2016-12-02 08:00:00,-4.37,74.95,34.0,0.0,34.0,226.2,1.1,125.0,87980.0,False,12,8,337
2016-12-02 09:00:00,-0.49,72.6,255.0,793.22,48.0,228.75,0.76,114.0,87960.0,False,12,9,337
2016-12-02 10:00:00,2.34,62.5,335.0,828.64,60.0,225.05,0.69,67.0,87920.0,False,12,10,337
2016-12-02 11:00:00,4.16,62.8,372.0,860.25,61.0,228.55,0.97,41.0,87850.0,False,12,11,337
2016-12-02 12:00:00,4.24,65.3,359.0,873.8,55.0,228.15,1.24,32.0,87780.0,False,12,12,337
2016-12-02 13:00:00,3.92,67.8,295.0,852.92,46.0,226.05,1.38,29.0,87730.0,False,12,13,337
2016-12-02 14:00:00,3.13,73.2,178.0,688.82,42.0,225.45,1.45,28.0,87700.0,False,12,14,337
2016-12-02 15:00:00,1.98,78.95,42.0,268.18,23.0,222.75,1.52,34.0,87670.0,False,12,15,337
2016-12-02 16:00:00,0.67,81.95,0.0,-0.0,0.0,220.05,1.45,44.0,87640.0,False,12,16,337
2016-12-02 17:00:00,-1.03,88.4,0.0,-0.0,0.0,218.1,1.38,48.0,87610.0,False,12,17,337
2016-12-02 18:00:00,-2.62,91.85,0.0,-0.0,0.0,219.25,1.38,49.0,87600.0,False,12,18,337
2016-12-02 19:00:00,-2.99,88.25,0.0,-0.0,0.0,221.6,1.45,46.0,87630.0,False,12,19,337
2016-12-02 20:00:00,-3.71,88.2,0.0,-0.0,0.0,213.25,1.38,56.0,87590.0,False,12,20,337
2016-12-02 21:00:00,-4.12,91.75,0.0,-0.0,0.0,213.05,1.31,64.0,87550.0,False,12,21,337
2016-12-02 22:00:00,-4.65,91.75,0.0,-0.0,0.0,210.95,1.31,67.0,87520.0,False,12,22,337
2016-12-02 23:00:00,-4.47,88.1,0.0,-0.0,0.0,215.0,1.24,70.0,87500.0,False,12,23,337
2016-12-03 00:00:00,-4.16,84.65,0.0,-0.0,0.0,227.95,1.17,70.0,87480.0,False,12,0,338
2016-12-03 01:00:00,-4.16,84.65,0.0,-0.0,0.0,220.15,1.17,71.0,87470.0,False,12,1,338
2016-12-03 02:00:00,-4.09,81.3,0.0,-0.0,0.0,224.85,1.17,72.0,87450.0,False,12,2,338
2016-12-03 03:00:00,-4.16,81.3,0.0,-0.0,0.0,230.85,1.1,72.0,87440.0,False,12,3,338
2016-12-03 04:00:00,-4.4,78.05,0.0,-0.0,0.0,233.75,1.17,72.0,87420.0,False,12,4,338
2016-12-03 05:00:00,-4.38,74.95,0.0,-0.0,0.0,235.9,1.1,75.0,87430.0,False,12,5,338
2016-12-03 06:00:00,-4.09,74.95,0.0,-0.0,0.0,241.15,1.03,78.0,87430.0,False,12,6,338
2016-12-03 07:00:00,-3.5,72.05,0.0,0.0,0.0,227.6,0.9,78.0,87490.0,False,12,7,338
2016-12-03 08:00:00,-2.92,69.25,39.0,0.0,39.0,231.65,0.83,82.0,87540.0,False,12,8,338
2016-12-03 09:00:00,-1.28,66.9,242.0,685.5,65.0,228.95,0.69,70.0,87580.0,False,12,9,338
2016-12-03 10:00:00,0.58,62.0,330.0,795.62,68.0,230.3,0.76,46.0,87610.0,False,12,10,338
2016-12-03 11:00:00,2.28,60.05,361.0,782.28,80.0,228.55,0.83,37.0,87630.0,False,12,11,338
2016-12-03 12:00:00,2.67,65.1,357.0,861.56,59.0,228.95,0.76,30.0,87600.0,False,12,12,338
2016-12-03 13:00:00,2.78,65.1,287.0,792.44,57.0,224.3,0.83,26.0,87630.0,False,12,13,338
2016-12-03 14:00:00,2.47,67.6,178.0,683.43,44.0,233.75,1.03,20.0,87630.0,False,12,14,338
2016-12-03 15:00:00,1.57,75.85,48.0,444.2,17.0,221.0,1.03,31.0,87650.0,False,12,15,338
2016-12-03 16:00:00,0.59,75.7,0.0,-0.0,0.0,222.15,0.9,46.0,87690.0,False,12,16,338
2016-12-03 17:00:00,0.06,75.6,0.0,-0.0,0.0,216.55,0.9,61.0,87710.0,False,12,17,338
2016-12-03 18:00:00,-0.32,75.6,0.0,-0.0,0.0,219.85,0.9,71.0,87760.0,False,12,18,338
2016-12-03 19:00:00,-1.68,78.45,0.0,-0.0,0.0,218.85,1.03,94.0,87810.0,False,12,19,338
2016-12-03 20:00:00,-2.47,81.5,0.0,-0.0,0.0,218.1,1.17,112.0,87810.0,False,12,20,338
2016-12-03 21:00:00,-3.35,78.2,0.0,-0.0,0.0,220.05,1.24,122.0,87830.0,False,12,21,338
2016-12-03 22:00:00,-4.37,81.3,0.0,-0.0,0.0,213.85,1.31,126.0,87810.0,False,12,22,338
2016-12-03 23:00:00,-4.78,81.25,0.0,-0.0,0.0,214.2,1.31,128.0,87830.0,False,12,23,338
2016-12-04 00:00:00,-4.72,78.0,0.0,-0.0,0.0,219.05,0.0,0.0,87810.0,False,12,0,339
2016-12-04 01:00:00,-5.51,77.85,0.0,-0.0,0.0,211.05,0.0,0.0,87830.0,False,12,1,339
2016-12-04 02:00:00,-5.62,77.85,0.0,-0.0,0.0,216.55,1.24,128.0,87880.0,False,12,2,339
2016-12-04 03:00:00,-5.94,74.7,0.0,-0.0,0.0,209.95,1.24,127.0,87880.0,False,12,3,339
2016-12-04 04:00:00,-6.12,74.6,0.0,-0.0,0.0,212.7,1.31,127.0,87880.0,False,12,4,339
2016-12-04 05:00:00,-6.13,74.6,0.0,-0.0,0.0,218.85,1.31,130.0,87910.0,False,12,5,339
2016-12-04 06:00:00,-6.59,74.55,0.0,-0.0,0.0,218.1,1.31,132.0,87910.0,False,12,6,339
2016-12-04 07:00:00,-7.06,74.45,0.0,0.0,0.0,211.7,1.45,128.0,88000.0,False,12,7,339
2016-12-04 08:00:00,-6.51,74.55,35.0,0.0,35.0,216.55,1.38,127.0,88040.0,False,12,8,339
2016-12-04 09:00:00,-2.96,72.1,248.0,774.8,50.0,213.65,1.03,123.0,88070.0,False,12,9,339
2016-12-04 10:00:00,0.38,67.2,331.0,835.27,58.0,224.3,0.76,109.0,88080.0,False,12,10,339
2016-12-04 11:00:00,3.27,60.15,369.0,865.54,60.0,230.3,0.62,81.0,88080.0,False,12,11,339
2016-12-04 12:00:00,3.62,67.7,347.0,814.0,67.0,219.65,0.62,58.0,88050.0,False,12,12,339
2016-12-04 13:00:00,3.68,65.2,292.0,845.27,48.0,222.95,0.55,47.0,88050.0,False,12,13,339
2016-12-04 14:00:00,3.17,70.4,178.0,703.21,41.0,221.2,0.69,49.0,88060.0,False,12,14,339
2016-12-04 15:00:00,2.26,76.0,41.0,275.98,22.0,218.3,0.69,57.0,88080.0,False,12,15,339
2016-12-04 16:00:00,1.68,67.5,0.0,-0.0,0.0,213.65,0.76,91.0,88100.0,False,12,16,339
2016-12-04 17:00:00,0.91,70.05,0.0,-0.0,0.0,213.45,0.97,118.0,88120.0,False,12,17,339
2016-12-04 18:00:00,-0.66,75.55,0.0,-0.0,0.0,213.45,1.17,133.0,88160.0,False,12,18,339
2016-12-04 19:00:00,-3.04,78.2,0.0,-0.0,0.0,215.0,1.31,132.0,88200.0,False,12,19,339
2016-12-04 20:00:00,-4.52,81.25,0.0,-0.0,0.0,211.15,1.45,133.0,88220.0,False,12,20,339
2016-12-04 21:00:00,-5.74,84.5,0.0,-0.0,0.0,209.75,1.45,135.0,88210.0,False,12,21,339
2016-12-04 22:00:00,-6.36,81.05,0.0,-0.0,0.0,210.55,1.45,135.0,88220.0,False,12,22,339
2016-12-04 23:00:00,-6.69,81.0,0.0,-0.0,0.0,210.55,1.38,134.0,88230.0,False,12,23,339
2016-12-05 00:00:00,-7.06,80.9,0.0,-0.0,0.0,211.3,1.38,135.0,88210.0,False,12,0,340
2016-12-05 01:00:00,-7.35,77.6,0.0,-0.0,0.0,208.15,1.45,135.0,88210.0,False,12,1,340
2016-12-05 02:00:00,-7.61,74.45,0.0,-0.0,0.0,210.55,1.45,135.0,88220.0,False,12,2,340
2016-12-05 03:00:00,-7.79,71.4,0.0,-0.0,0.0,210.55,1.52,136.0,88220.0,False,12,3,340
2016-12-05 04:00:00,-7.87,71.4,0.0,-0.0,0.0,211.5,1.59,136.0,88220.0,False,12,4,340
2016-12-05 05:00:00,-8.12,74.35,0.0,-0.0,0.0,215.2,1.59,136.0,88220.0,False,12,5,340
2016-12-05 06:00:00,-8.24,71.3,0.0,-0.0,0.0,213.05,1.59,136.0,88250.0,False,12,6,340
2016-12-05 07:00:00,-8.15,71.3,0.0,0.0,0.0,224.1,1.52,138.0,88310.0,False,12,7,340
2016-12-05 08:00:00,-7.52,71.4,32.0,0.0,32.0,221.2,1.45,138.0,88370.0,False,12,8,340
2016-12-05 09:00:00,-4.35,66.25,242.0,751.01,52.0,223.9,1.17,138.0,88420.0,False,12,9,340
2016-12-05 10:00:00,0.02,61.9,333.0,869.06,51.0,227.2,0.83,140.0,88440.0,False,12,10,340
2016-12-05 11:00:00,3.36,53.4,366.0,867.82,58.0,235.9,0.55,142.0,88430.0,False,12,11,340
2016-12-05 12:00:00,4.48,45.7,356.0,894.22,50.0,229.3,0.34,135.0,88400.0,False,12,12,340
2016-12-05 13:00:00,4.87,47.7,288.0,835.63,48.0,230.3,0.28,111.0,88380.0,False,12,13,340
2016-12-05 14:00:00,4.7,51.7,176.0,702.15,40.0,228.55,0.28,104.0,88380.0,False,12,14,340
2016-12-05 15:00:00,4.34,51.55,40.0,264.63,22.0,226.4,0.41,115.0,88410.0,False,12,15,340
2016-12-05 16:00:00,1.76,67.5,0.0,-0.0,0.0,222.95,0.0,0.0,88440.0,False,12,16,340
2016-12-05 17:00:00,0.22,64.55,0.0,-0.0,0.0,222.75,0.0,0.0,88470.0,False,12,17,340
2016-12-05 18:00:00,-1.52,69.55,0.0,-0.0,0.0,222.35,1.38,142.0,88490.0,False,12,18,340
2016-12-05 19:00:00,-3.84,78.15,0.0,-0.0,0.0,222.95,1.52,138.0,88510.0,False,12,19,340
2016-12-05 20:00:00,-5.5,84.5,0.0,-0.0,0.0,222.35,1.59,137.0,88530.0,False,12,20,340
2016-12-05 21:00:00,-6.44,81.05,0.0,-0.0,0.0,222.15,1.52,137.0,88510.0,False,12,21,340
2016-12-05 22:00:00,-6.86,81.0,0.0,-0.0,0.0,219.85,1.52,136.0,88510.0,False,12,22,340
2016-12-05 23:00:00,-7.15,80.9,0.0,-0.0,0.0,218.5,1.52,137.0,88490.0,False,12,23,340
2016-12-06 00:00:00,-7.32,77.6,0.0,-0.0,0.0,218.5,1.52,137.0,88500.0,False,12,0,341
2016-12-06 01:00:00,-7.55,74.45,0.0,-0.0,0.0,223.25,1.52,136.0,88490.0,False,12,1,341
2016-12-06 02:00:00,-7.91,74.45,0.0,-0.0,0.0,232.6,1.52,136.0,88510.0,False,12,2,341
2016-12-06 03:00:00,-7.62,74.45,0.0,-0.0,0.0,246.35,1.52,136.0,88510.0,False,12,3,341
2016-12-06 04:00:00,-7.51,77.6,0.0,-0.0,0.0,241.7,1.59,135.0,88510.0,False,12,4,341
2016-12-06 05:00:00,-6.91,74.55,0.0,-0.0,0.0,253.3,1.66,136.0,88540.0,False,12,5,341
2016-12-06 06:00:00,-6.8,74.55,0.0,-0.0,0.0,250.05,1.59,135.0,88570.0,False,12,6,341
2016-12-06 07:00:00,-6.29,74.6,0.0,0.0,0.0,255.25,1.52,136.0,88650.0,False,12,7,341
2016-12-06 08:00:00,-5.64,74.7,34.0,0.0,34.0,257.0,1.38,135.0,88670.0,False,12,8,341
2016-12-06 09:00:00,-3.04,75.1,242.0,774.33,48.0,253.3,1.1,133.0,88700.0,False,12,9,341
2016-12-06 10:00:00,0.05,72.65,323.0,813.05,61.0,251.75,0.76,124.0,88680.0,False,12,10,341
2016-12-06 11:00:00,3.23,65.1,359.0,833.01,65.0,235.7,0.34,91.0,88670.0,False,12,11,341
2016-12-06 12:00:00,3.81,67.8,346.0,836.93,61.0,234.15,0.55,41.0,88640.0,False,12,12,341
2016-12-06 13:00:00,3.47,73.2,276.0,752.09,61.0,231.85,0.69,27.0,88630.0,False,12,13,341
2016-12-06 14:00:00,3.12,73.2,165.0,576.09,54.0,225.85,0.83,16.0,88650.0,False,12,14,341
2016-12-06 15:00:00,2.45,76.0,45.0,445.7,15.0,222.55,0.62,29.0,88670.0,False,12,15,341
2016-12-06 16:00:00,2.63,65.1,0.0,-0.0,0.0,219.65,0.48,75.0,88720.0,False,12,16,341
2016-12-06 17:00:00,1.8,67.5,0.0,-0.0,0.0,217.9,0.9,111.0,88740.0,False,12,17,341
2016-12-06 18:00:00,-0.62,75.55,0.0,-0.0,0.0,216.55,1.17,115.0,88740.0,False,12,18,341
2016-12-06 19:00:00,-2.41,75.3,0.0,-0.0,0.0,213.65,1.31,116.0,88760.0,False,12,19,341
2016-12-06 20:00:00,-3.45,78.15,0.0,-0.0,0.0,212.1,1.38,120.0,88760.0,False,12,20,341
2016-12-06 21:00:00,-5.04,81.2,0.0,-0.0,0.0,209.75,1.59,123.0,88730.0,False,12,21,341
2016-12-06 22:00:00,-6.49,84.4,0.0,-0.0,0.0,208.2,1.66,128.0,88700.0,False,12,22,341
2016-12-06 23:00:00,-7.03,84.35,0.0,-0.0,0.0,215.75,1.45,131.0,88680.0,False,12,23,341
2016-12-07 00:00:00,-7.25,77.6,0.0,-0.0,0.0,216.15,1.31,134.0,88710.0,False,12,0,342
2016-12-07 01:00:00,-7.02,77.6,0.0,-0.0,0.0,224.6,1.31,136.0,88750.0,False,12,1,342
2016-12-07 02:00:00,-7.3,71.4,0.0,-0.0,0.0,209.95,1.38,136.0,88780.0,False,12,2,342
2016-12-07 03:00:00,-7.45,71.4,0.0,-0.0,0.0,207.45,1.31,133.0,88810.0,False,12,3,342
2016-12-07 04:00:00,-7.63,65.6,0.0,-0.0,0.0,213.45,1.45,133.0,88820.0,False,12,4,342
2016-12-07 05:00:00,-8.35,65.5,0.0,-0.0,0.0,206.5,1.52,133.0,88810.0,False,12,5,342
2016-12-07 06:00:00,-8.71,62.65,0.0,-0.0,0.0,206.3,1.52,132.0,88780.0,False,12,6,342
2016-12-07 07:00:00,-9.31,59.9,0.0,0.0,0.0,202.2,1.59,132.0,88870.0,False,12,7,342
2016-12-07 08:00:00,-8.44,60.1,50.0,0.0,50.0,223.3,1.38,131.0,88890.0,False,12,8,342
2016-12-07 09:00:00,-5.91,65.95,240.0,753.46,53.0,242.65,1.24,131.0,88920.0,False,12,9,342
2016-12-07 10:00:00,-1.45,64.1,320.0,780.99,70.0,256.8,0.9,130.0,88910.0,False,12,10,342
2016-12-07 11:00:00,2.07,57.6,366.0,874.45,59.0,230.3,0.62,125.0,88900.0,False,12,11,342
2016-12-07 12:00:00,4.69,49.65,349.0,852.55,60.0,216.35,0.28,91.0,88870.0,False,12,12,342
2016-12-07 13:00:00,5.45,46.0,285.0,822.05,51.0,216.75,0.21,140.0,88900.0,False,12,13,342
2016-12-07 14:00:00,5.16,51.8,176.0,698.68,42.0,220.4,0.55,190.0,88940.0,False,12,14,342
2016-12-07 15:00:00,4.04,57.95,41.0,299.77,21.0,218.1,0.62,167.0,88970.0,False,12,15,342
2016-12-07 16:00:00,3.12,53.4,0.0,-0.0,0.0,217.3,1.03,154.0,89030.0,False,12,16,342
2016-12-07 17:00:00,0.34,62.0,0.0,-0.0,0.0,218.85,1.31,152.0,89060.0,False,12,17,342
2016-12-07 18:00:00,-1.45,64.1,0.0,-0.0,0.0,219.65,1.45,147.0,89110.0,False,12,18,342
2016-12-07 19:00:00,-4.02,71.95,0.0,-0.0,0.0,217.7,1.72,138.0,89210.0,False,12,19,342
2016-12-07 20:00:00,-5.0,71.75,0.0,-0.0,0.0,219.85,1.86,137.0,89200.0,False,12,20,342
2016-12-07 21:00:00,-5.71,68.75,0.0,-0.0,0.0,220.2,1.79,137.0,89160.0,False,12,21,342
2016-12-07 22:00:00,-6.27,65.8,0.0,-0.0,0.0,219.65,1.72,138.0,89100.0,False,12,22,342
2016-12-07 23:00:00,-6.41,63.1,0.0,-0.0,0.0,219.45,1.72,138.0,89090.0,False,12,23,342
2016-12-08 00:00:00,-6.55,63.0,0.0,-0.0,0.0,226.2,1.72,139.0,89080.0,False,12,0,343
2016-12-08 01:00:00,-6.69,60.4,0.0,-0.0,0.0,246.45,1.66,141.0,89080.0,False,12,1,343
2016-12-08 02:00:00,-6.03,58.0,0.0,-0.0,0.0,250.4,1.72,141.0,89090.0,False,12,2,343
2016-12-08 03:00:00,-5.68,55.7,0.0,-0.0,0.0,244.2,1.79,141.0,89100.0,False,12,3,343
2016-12-08 04:00:00,-5.6,55.7,0.0,-0.0,0.0,244.4,1.79,140.0,89090.0,False,12,4,343
2016-12-08 05:00:00,-5.8,55.7,0.0,-0.0,0.0,241.9,1.72,141.0,89110.0,False,12,5,343
2016-12-08 06:00:00,-5.59,55.7,0.0,-0.0,0.0,249.25,1.66,142.0,89120.0,False,12,6,343
2016-12-08 07:00:00,-5.5,55.7,0.0,0.0,0.0,248.1,1.72,142.0,89240.0,False,12,7,343
2016-12-08 08:00:00,-4.91,55.95,31.0,0.0,31.0,247.3,1.66,144.0,89260.0,False,12,8,343
2016-12-08 09:00:00,-1.85,52.2,236.0,768.47,47.0,250.6,1.45,145.0,89260.0,False,12,9,343
2016-12-08 10:00:00,1.77,53.15,320.0,829.96,56.0,239.2,1.17,150.0,89230.0,False,12,10,343
2016-12-08 11:00:00,5.39,49.8,357.0,853.05,59.0,238.8,0.9,156.0,89190.0,False,12,11,343
2016-12-08 12:00:00,5.87,58.45,347.0,865.04,55.0,237.25,0.9,165.0,89120.0,False,12,12,343
2016-12-08 13:00:00,6.04,58.45,269.0,715.9,66.0,236.65,1.1,164.0,89110.0,False,12,13,343
2016-12-08 14:00:00,5.51,63.05,171.0,675.32,42.0,238.4,1.03,172.0,89080.0,False,12,14,343
2016-12-08 15:00:00,4.02,67.8,34.0,166.05,23.0,243.85,1.1,169.0,89110.0,False,12,15,343
2016-12-08 16:00:00,2.65,62.6,0.0,-0.0,0.0,243.45,1.45,155.0,89130.0,False,12,16,343
2016-12-08 17:00:00,0.18,67.2,0.0,-0.0,0.0,233.6,1.59,150.0,89140.0,False,12,17,343
2016-12-08 18:00:00,-0.88,64.35,0.0,-0.0,0.0,232.4,1.66,148.0,89150.0,False,12,18,343
2016-12-08 19:00:00,-2.3,69.45,0.0,-0.0,0.0,240.35,1.79,143.0,89170.0,False,12,19,343
2016-12-08 20:00:00,-3.06,66.45,0.0,-0.0,0.0,232.8,1.93,144.0,89160.0,False,12,20,343
2016-12-08 21:00:00,-3.63,63.7,0.0,-0.0,0.0,230.65,1.86,145.0,89140.0,False,12,21,343
2016-12-08 22:00:00,-4.12,60.95,0.0,-0.0,0.0,227.2,1.86,145.0,89100.0,False,12,22,343
2016-12-08 23:00:00,-4.43,56.1,0.0,-0.0,0.0,226.8,1.86,145.0,89120.0,False,12,23,343
2016-12-09 00:00:00,-4.71,58.35,0.0,-0.0,0.0,226.4,1.86,145.0,89060.0,False,12,0,344
2016-12-09 01:00:00,-4.84,55.95,0.0,-0.0,0.0,225.0,1.86,144.0,89040.0,False,12,1,344
2016-12-09 02:00:00,-5.14,55.8,0.0,-0.0,0.0,222.95,1.79,142.0,89040.0,False,12,2,344
2016-12-09 03:00:00,-5.48,55.7,0.0,-0.0,0.0,220.8,1.79,142.0,89050.0,False,12,3,344
2016-12-09 04:00:00,-5.76,55.7,0.0,-0.0,0.0,219.25,1.86,142.0,89010.0,False,12,4,344
2016-12-09 05:00:00,-5.98,55.55,0.0,-0.0,0.0,218.7,1.86,141.0,88990.0,False,12,5,344
2016-12-09 06:00:00,-6.15,53.25,0.0,-0.0,0.0,218.65,1.79,139.0,88980.0,False,12,6,344
2016-12-09 07:00:00,-6.57,57.85,0.0,-0.0,0.0,243.65,1.72,136.0,89040.0,False,12,7,344
2016-12-09 08:00:00,-6.01,58.0,36.0,0.0,36.0,243.65,1.59,136.0,89060.0,False,12,8,344
2016-12-09 09:00:00,-2.77,54.15,213.0,541.42,81.0,251.6,1.38,139.0,89070.0,False,12,9,344
2016-12-09 10:00:00,0.81,55.05,311.0,755.91,72.0,231.65,1.1,142.0,89050.0,False,12,10,344
2016-12-09 11:00:00,4.57,51.55,292.0,419.89,146.0,242.3,0.76,142.0,89020.0,False,12,11,344
2016-12-09 12:00:00,6.58,46.25,328.0,728.62,83.0,244.4,0.34,140.0,88980.0,False,12,12,344
2016-12-09 13:00:00,6.83,48.25,272.0,728.98,66.0,240.35,0.28,130.0,88970.0,False,12,13,344
2016-12-09 14:00:00,6.71,50.2,172.0,677.63,43.0,237.05,0.48,144.0,88960.0,False,12,14,344
2016-12-09 15:00:00,4.5,62.8,34.0,182.13,22.0,238.4,0.76,149.0,88960.0,False,12,15,344
2016-12-09 16:00:00,3.38,62.6,0.0,-0.0,0.0,237.85,1.1,144.0,88930.0,False,12,16,344
2016-12-09 17:00:00,1.16,62.25,0.0,-0.0,0.0,232.6,1.38,141.0,88910.0,False,12,17,344
2016-12-09 18:00:00,-0.48,64.35,0.0,-0.0,0.0,231.05,1.59,138.0,88900.0,False,12,18,344
2016-12-09 19:00:00,-2.1,66.65,0.0,-0.0,0.0,235.15,1.66,136.0,88910.0,False,12,19,344
2016-12-09 20:00:00,-3.3,66.45,0.0,-0.0,0.0,233.6,1.72,134.0,88890.0,False,12,20,344
2016-12-09 21:00:00,-4.03,69.05,0.0,-0.0,0.0,234.15,1.79,135.0,88840.0,False,12,21,344
2016-12-09 22:00:00,-4.55,68.95,0.0,-0.0,0.0,238.4,1.79,135.0,88780.0,False,12,22,344
2016-12-09 23:00:00,-5.1,68.85,0.0,-0.0,0.0,240.55,1.72,134.0,88740.0,False,12,23,344
2016-12-10 00:00:00,-5.25,66.05,0.0,-0.0,0.0,249.65,1.66,136.0,88690.0,False,12,0,345
2016-12-10 01:00:00,-5.24,66.05,0.0,-0.0,0.0,251.3,1.59,137.0,88690.0,False,12,1,345
2016-12-10 02:00:00,-4.75,63.45,0.0,-0.0,0.0,257.95,1.66,138.0,88680.0,False,12,2,345
2016-12-10 03:00:00,-4.37,60.95,0.0,-0.0,0.0,257.95,1.66,139.0,88670.0,False,12,3,345
2016-12-10 04:00:00,-4.2,60.95,0.0,-0.0,0.0,259.3,1.66,140.0,88640.0,False,12,4,345
2016-12-10 05:00:00,-4.0,60.95,0.0,-0.0,0.0,267.45,1.66,140.0,88630.0,False,12,5,345
2016-12-10 06:00:00,-3.79,58.6,0.0,-0.0,0.0,265.9,1.66,141.0,88630.0,False,12,6,345
2016-12-10 07:00:00,-4.02,63.55,0.0,-0.0,0.0,249.65,1.72,139.0,88660.0,False,12,7,345
2016-12-10 08:00:00,-3.61,63.7,30.0,0.0,30.0,254.3,1.59,139.0,88680.0,False,12,8,345
2016-12-10 09:00:00,-0.47,64.35,231.0,761.04,47.0,255.45,1.17,142.0,88700.0,False,12,9,345
2016-12-10 10:00:00,3.24,65.1,312.0,798.39,61.0,239.6,0.83,149.0,88680.0,False,12,10,345
2016-12-10 11:00:00,6.22,58.55,351.0,834.77,62.0,243.85,0.62,161.0,88640.0,False,12,11,345
2016-12-10 12:00:00,8.02,50.45,335.0,811.77,63.0,248.5,0.41,178.0,88600.0,False,12,12,345
2016-12-10 13:00:00,8.28,50.6,279.0,816.36,49.0,245.95,0.34,200.0,88570.0,False,12,13,345
2016-12-10 14:00:00,8.03,52.45,168.0,658.44,43.0,244.05,0.34,205.0,88570.0,False,12,14,345
2016-12-10 15:00:00,7.51,52.35,37.0,243.72,21.0,237.85,0.55,174.0,88560.0,False,12,15,345
2016-12-10 16:00:00,5.22,58.3,0.0,-0.0,0.0,235.15,1.03,155.0,88550.0,False,12,16,345
2016-12-10 17:00:00,2.56,62.5,0.0,-0.0,0.0,234.15,1.31,148.0,88530.0,False,12,17,345
2016-12-10 18:00:00,0.42,67.2,0.0,-0.0,0.0,233.4,1.45,145.0,88510.0,False,12,18,345
2016-12-10 19:00:00,-1.36,66.9,0.0,-0.0,0.0,232.6,1.52,142.0,88500.0,False,12,19,345
2016-12-10 20:00:00,-2.2,66.65,0.0,-0.0,0.0,230.5,1.66,142.0,88460.0,False,12,20,345
2016-12-10 21:00:00,-2.96,66.45,0.0,-0.0,0.0,229.15,1.72,142.0,88390.0,False,12,21,345
2016-12-10 22:00:00,-3.42,63.8,0.0,-0.0,0.0,229.3,1.72,142.0,88320.0,False,12,22,345
2016-12-10 23:00:00,-3.63,63.7,0.0,-0.0,0.0,228.75,1.72,143.0,88280.0,False,12,23,345
2016-12-11 00:00:00,-3.57,63.7,0.0,-0.0,0.0,227.95,1.72,145.0,88260.0,False,12,0,346
2016-12-11 01:00:00,-3.41,58.75,0.0,-0.0,0.0,226.7,1.66,148.0,88280.0,False,12,1,346
2016-12-11 02:00:00,-3.22,56.35,0.0,-0.0,0.0,225.85,1.66,150.0,88270.0,False,12,2,346
2016-12-11 03:00:00,-3.08,56.35,0.0,-0.0,0.0,225.25,1.66,152.0,88250.0,False,12,3,346
2016-12-11 04:00:00,-2.63,54.15,0.0,-0.0,0.0,224.7,1.52,153.0,88250.0,False,12,4,346
2016-12-11 05:00:00,-2.47,54.15,0.0,-0.0,0.0,222.75,1.52,153.0,88260.0,False,12,5,346
2016-12-11 06:00:00,-2.32,52.05,0.0,-0.0,0.0,224.5,1.45,153.0,88290.0,False,12,6,346
2016-12-11 07:00:00,-4.1,60.95,0.0,-0.0,0.0,225.65,1.45,146.0,88390.0,False,12,7,346
2016-12-11 08:00:00,-4.31,63.55,40.0,0.0,40.0,231.25,1.52,146.0,88410.0,False,12,8,346
2016-12-11 09:00:00,-1.39,59.2,224.0,717.11,52.0,236.85,1.1,150.0,88410.0,False,12,9,346
2016-12-11 10:00:00,2.58,55.45,204.0,169.49,151.0,227.4,0.76,159.0,88380.0,False,12,10,346
2016-12-11 11:00:00,5.15,47.85,261.0,292.91,160.0,240.95,0.55,179.0,88330.0,False,12,11,346
2016-12-11 12:00:00,5.56,49.8,163.0,41.91,149.0,246.55,0.41,266.0,88260.0,False,12,12,346
2016-12-11 13:00:00,4.82,58.2,119.0,17.79,114.0,258.75,0.62,293.0,88250.0,False,12,13,346
2016-12-11 14:00:00,4.92,58.2,137.0,327.29,75.0,267.65,0.41,265.0,88240.0,False,12,14,346
2016-12-11 15:00:00,4.51,53.65,39.0,289.96,20.0,261.25,0.21,222.0,88250.0,False,12,15,346
2016-12-11 16:00:00,3.98,55.7,0.0,-0.0,0.0,281.2,0.07,146.0,88260.0,False,12,16,346
2016-12-11 17:00:00,3.4,57.8,0.0,-0.0,0.0,264.55,0.28,123.0,88290.0,False,12,17,346
2016-12-11 18:00:00,2.98,57.8,0.0,-0.0,0.0,293.95,0.62,141.0,88280.0,False,12,18,346
2016-12-11 19:00:00,1.14,70.1,0.0,-0.0,0.0,298.4,0.69,144.0,88260.0,False,12,19,346
2016-12-11 20:00:00,1.41,70.1,0.0,-0.0,0.0,300.75,0.41,108.0,88240.0,False,12,20,346
2016-12-11 21:00:00,1.13,70.1,0.0,-0.0,0.0,291.65,0.48,97.0,88240.0,False,12,21,346
2016-12-11 22:00:00,0.49,75.7,0.0,-0.0,0.0,297.25,0.62,103.0,88230.0,False,12,22,346
2016-12-11 23:00:00,0.03,78.65,0.0,-0.0,0.0,278.1,0.69,97.0,88220.0,False,12,23,346
2016-12-12 00:00:00,-1.03,81.7,0.0,-0.0,0.0,259.7,0.9,118.0,88190.0,False,12,0,347
2016-12-12 01:00:00,-2.29,81.55,0.0,-0.0,0.0,246.25,1.03,126.0,88150.0,False,12,1,347
2016-12-12 02:00:00,-2.79,81.5,0.0,-0.0,0.0,257.0,1.03,116.0,88160.0,False,12,2,347
2016-12-12 03:00:00,-3.49,84.7,0.0,-0.0,0.0,249.85,1.1,105.0,88170.0,False,12,3,347
2016-12-12 04:00:00,-3.92,81.4,0.0,-0.0,0.0,237.45,1.17,111.0,88170.0,False,12,4,347
2016-12-12 05:00:00,-4.2,84.65,0.0,-0.0,0.0,246.55,1.1,110.0,88180.0,False,12,5,347
2016-12-12 06:00:00,-4.52,84.6,0.0,-0.0,0.0,236.65,1.1,104.0,88190.0,False,12,6,347
2016-12-12 07:00:00,-4.17,84.65,0.0,-0.0,0.0,235.5,1.03,114.0,88220.0,False,12,7,347
2016-12-12 08:00:00,-3.55,81.4,29.0,0.0,29.0,241.5,0.9,109.0,88280.0,False,12,8,347
2016-12-12 09:00:00,-1.15,75.45,225.0,739.37,49.0,233.95,0.69,97.0,88300.0,False,12,9,347
2016-12-12 10:00:00,0.56,72.75,305.0,777.78,63.0,232.2,0.83,74.0,88280.0,False,12,10,347
2016-12-12 11:00:00,2.94,60.15,354.0,876.13,53.0,228.95,0.97,60.0,88270.0,False,12,11,347
2016-12-12 12:00:00,3.36,65.1,334.0,822.64,60.0,234.75,1.03,50.0,88220.0,False,12,12,347
2016-12-12 13:00:00,3.49,67.7,269.0,748.9,59.0,231.25,1.1,43.0,88210.0,False,12,13,347
2016-12-12 14:00:00,2.9,70.4,160.0,560.4,54.0,232.2,1.03,28.0,88210.0,False,12,14,347
2016-12-12 15:00:00,1.86,75.95,39.0,289.99,20.0,228.15,1.03,36.0,88210.0,False,12,15,347
2016-12-12 16:00:00,0.16,78.75,0.0,-0.0,0.0,220.2,0.9,65.0,88230.0,False,12,16,347
2016-12-12 17:00:00,0.54,75.7,0.0,-0.0,0.0,220.6,0.9,83.0,88220.0,False,12,17,347
2016-12-12 18:00:00,0.29,75.7,0.0,-0.0,0.0,217.5,0.83,93.0,88250.0,False,12,18,347
2016-12-12 19:00:00,-0.17,75.6,0.0,-0.0,0.0,225.45,0.9,100.0,88280.0,False,12,19,347
2016-12-12 20:00:00,-1.27,75.45,0.0,-0.0,0.0,223.15,1.03,108.0,88290.0,False,12,20,347
2016-12-12 21:00:00,-2.32,78.35,0.0,-0.0,0.0,228.75,1.17,118.0,88320.0,False,12,21,347
2016-12-12 22:00:00,-3.5,81.4,0.0,-0.0,0.0,226.2,1.31,124.0,88310.0,False,12,22,347
2016-12-12 23:00:00,-4.78,81.25,0.0,-0.0,0.0,221.2,1.38,130.0,88290.0,False,12,23,347
2016-12-13 00:00:00,-5.28,81.2,0.0,-0.0,0.0,226.4,1.31,132.0,88270.0,False,12,0,348
2016-12-13 01:00:00,-5.47,77.85,0.0,-0.0,0.0,229.45,1.24,133.0,88250.0,False,12,1,348
2016-12-13 02:00:00,-5.93,74.7,0.0,-0.0,0.0,218.85,1.31,134.0,88270.0,False,12,2,348
2016-12-13 03:00:00,-6.13,74.6,0.0,-0.0,0.0,219.85,1.38,135.0,88270.0,False,12,3,348
2016-12-13 04:00:00,-6.26,71.55,0.0,-0.0,0.0,219.65,1.38,136.0,88260.0,False,12,4,348
2016-12-13 05:00:00,-6.41,68.65,0.0,-0.0,0.0,226.8,1.31,136.0,88250.0,False,12,5,348
2016-12-13 06:00:00,-6.45,65.8,0.0,-0.0,0.0,236.5,1.24,136.0,88290.0,False,12,6,348
2016-12-13 07:00:00,-5.71,68.75,0.0,-0.0,0.0,243.25,1.24,136.0,88380.0,False,12,7,348
2016-12-13 08:00:00,-5.12,66.05,45.0,0.0,45.0,241.9,1.24,136.0,88410.0,False,12,8,348
2016-12-13 09:00:00,-2.02,61.45,202.0,528.9,77.0,238.05,0.97,140.0,88440.0,False,12,9,348
2016-12-13 10:00:00,0.69,62.15,313.0,845.98,51.0,240.55,0.76,147.0,88440.0,False,12,10,348
2016-12-13 11:00:00,4.05,53.5,309.0,569.48,114.0,240.75,0.48,166.0,88430.0,False,12,11,348
2016-12-13 12:00:00,5.21,40.75,337.0,851.73,54.0,243.05,0.34,221.0,88400.0,False,12,12,348
2016-12-13 13:00:00,5.08,49.65,171.0,135.75,133.0,235.15,0.55,254.0,88380.0,False,12,13,348
2016-12-13 14:00:00,4.95,51.7,129.0,264.57,79.0,235.9,0.55,246.0,88410.0,False,12,14,348
2016-12-13 15:00:00,4.57,53.65,35.0,198.08,22.0,243.05,0.48,203.0,88410.0,False,12,15,348
2016-12-13 16:00:00,2.65,57.8,0.0,-0.0,0.0,234.75,0.83,159.0,88410.0,False,12,16,348
2016-12-13 17:00:00,1.81,55.3,0.0,-0.0,0.0,232.8,1.03,147.0,88410.0,False,12,17,348
2016-12-13 18:00:00,-0.34,61.9,0.0,-0.0,0.0,236.3,1.31,146.0,88400.0,False,12,18,348
2016-12-13 19:00:00,-1.81,66.8,0.0,-0.0,0.0,239.4,1.38,138.0,88420.0,False,12,19,348
2016-12-13 20:00:00,-3.1,69.25,0.0,-0.0,0.0,237.45,1.52,138.0,88400.0,False,12,20,348
2016-12-13 21:00:00,-4.07,71.95,0.0,-0.0,0.0,238.8,1.52,138.0,88380.0,False,12,21,348
2016-12-13 22:00:00,-4.83,71.85,0.0,-0.0,0.0,234.75,1.59,138.0,88380.0,False,12,22,348
2016-12-13 23:00:00,-5.29,71.75,0.0,-0.0,0.0,230.3,1.59,138.0,88340.0,False,12,23,348
2016-12-14 00:00:00,-5.53,68.75,0.0,-0.0,0.0,227.75,1.59,138.0,88320.0,False,12,0,349
2016-12-14 01:00:00,-5.78,68.75,0.0,-0.0,0.0,227.9,1.59,137.0,88270.0,False,12,1,349
2016-12-14 02:00:00,-6.0,68.65,0.0,-0.0,0.0,227.95,1.52,137.0,88260.0,False,12,2,349
2016-12-14 03:00:00,-6.25,65.8,0.0,-0.0,0.0,231.45,1.52,136.0,88220.0,False,12,3,349
2016-12-14 04:00:00,-6.09,65.8,0.0,-0.0,0.0,245.75,1.45,135.0,88200.0,False,12,4,349
2016-12-14 05:00:00,-5.89,63.25,0.0,-0.0,0.0,251.2,1.59,135.0,88200.0,False,12,5,349
2016-12-14 06:00:00,-5.57,63.25,0.0,-0.0,0.0,247.3,1.59,135.0,88190.0,False,12,6,349
2016-12-14 07:00:00,-5.98,65.8,0.0,-0.0,0.0,240.55,1.52,133.0,88220.0,False,12,7,349
2016-12-14 08:00:00,-5.68,63.25,28.0,0.0,28.0,244.2,1.38,132.0,88240.0,False,12,8,349
2016-12-14 09:00:00,-2.94,61.2,223.0,749.72,47.0,237.65,1.03,134.0,88260.0,False,12,9,349
2016-12-14 10:00:00,0.39,59.6,311.0,839.89,52.0,250.05,0.69,138.0,88270.0,False,12,10,349
2016-12-14 11:00:00,3.92,51.4,350.0,867.02,54.0,243.25,0.34,141.0,88250.0,False,12,11,349
2016-12-14 12:00:00,4.85,40.6,331.0,808.26,63.0,229.3,0.07,72.0,88210.0,False,12,12,349
2016-12-14 13:00:00,5.19,42.45,274.0,801.21,50.0,243.45,0.34,355.0,88190.0,False,12,13,349
2016-12-14 14:00:00,4.47,51.55,167.0,656.27,43.0,233.2,0.48,354.0,88200.0,False,12,14,349
2016-12-14 15:00:00,4.22,47.6,37.0,242.95,21.0,231.25,0.14,27.0,88200.0,False,12,15,349
2016-12-14 16:00:00,3.45,51.3,0.0,-0.0,0.0,226.4,0.41,131.0,88220.0,False,12,16,349
2016-12-14 17:00:00,2.49,53.25,0.0,-0.0,0.0,230.1,0.83,134.0,88250.0,False,12,17,349
2016-12-14 18:00:00,0.66,57.35,0.0,-0.0,0.0,225.05,1.1,133.0,88250.0,False,12,18,349
2016-12-14 19:00:00,-1.35,61.65,0.0,-0.0,0.0,222.95,1.17,133.0,88220.0,False,12,19,349
2016-12-14 20:00:00,-2.59,66.6,0.0,-0.0,0.0,221.95,1.38,134.0,88240.0,False,12,20,349
2016-12-14 21:00:00,-3.85,66.35,0.0,-0.0,0.0,222.15,1.52,135.0,88240.0,False,12,21,349
2016-12-14 22:00:00,-5.07,71.75,0.0,-0.0,0.0,221.2,1.59,134.0,88230.0,False,12,22,349
2016-12-14 23:00:00,-6.02,74.6,0.0,-0.0,0.0,220.6,1.59,133.0,88200.0,False,12,23,349
2016-12-15 00:00:00,-6.75,74.55,0.0,-0.0,0.0,220.8,1.52,132.0,88190.0,False,12,0,350
2016-12-15 01:00:00,-7.33,74.45,0.0,-0.0,0.0,231.0,1.45,134.0,88160.0,False,12,1,350
2016-12-15 02:00:00,-7.9,74.45,0.0,-0.0,0.0,241.9,1.38,134.0,88180.0,False,12,2,350
2016-12-15 03:00:00,-7.7,74.45,0.0,-0.0,0.0,239.95,1.38,135.0,88170.0,False,12,3,350
2016-12-15 04:00:00,-6.64,71.5,0.0,-0.0,0.0,253.3,1.45,136.0,88180.0,False,12,4,350
2016-12-15 05:00:00,-6.19,68.65,0.0,-0.0,0.0,250.05,1.52,137.0,88190.0,False,12,5,350
2016-12-15 06:00:00,-5.96,68.65,0.0,-0.0,0.0,251.0,1.52,137.0,88190.0,False,12,6,350
2016-12-15 07:00:00,-6.61,68.55,0.0,-0.0,0.0,225.45,1.52,136.0,88280.0,False,12,7,350
2016-12-15 08:00:00,-6.57,68.55,36.0,0.0,36.0,227.75,1.38,137.0,88290.0,False,12,8,350
2016-12-15 09:00:00,-3.85,63.7,218.0,707.3,53.0,227.75,1.03,135.0,88290.0,False,12,9,350
2016-12-15 10:00:00,1.68,49.0,314.0,859.46,50.0,239.2,0.55,135.0,88280.0,False,12,10,350
2016-12-15 11:00:00,3.88,55.7,347.0,839.93,61.0,240.95,0.21,113.0,88260.0,False,12,11,350
2016-12-15 12:00:00,5.17,40.75,338.0,854.95,55.0,233.4,0.14,20.0,88200.0,False,12,12,350
2016-12-15 13:00:00,5.26,42.45,281.0,844.82,45.0,227.4,0.34,355.0,88180.0,False,12,13,350
2016-12-15 14:00:00,4.9,47.7,172.0,708.9,38.0,227.4,0.41,353.0,88190.0,False,12,14,350
2016-12-15 15:00:00,4.37,49.55,39.0,287.0,20.0,224.5,0.14,78.0,88220.0,False,12,15,350
2016-12-15 16:00:00,3.34,53.4,0.0,-0.0,0.0,222.75,0.62,131.0,88230.0,False,12,16,350
2016-12-15 17:00:00,2.11,55.3,0.0,-0.0,0.0,222.75,0.97,135.0,88220.0,False,12,17,350
2016-12-15 18:00:00,-0.13,61.9,0.0,-0.0,0.0,221.75,1.17,135.0,88200.0,False,12,18,350
2016-12-15 19:00:00,-3.09,75.1,0.0,-0.0,0.0,221.4,1.45,134.0,88240.0,False,12,19,350
2016-12-15 20:00:00,-4.43,74.95,0.0,-0.0,0.0,219.85,1.59,134.0,88230.0,False,12,20,350
2016-12-15 21:00:00,-5.53,77.85,0.0,-0.0,0.0,222.55,1.59,134.0,88210.0,False,12,21,350
2016-12-15 22:00:00,-6.17,77.75,0.0,-0.0,0.0,221.75,1.52,134.0,88200.0,False,12,22,350
2016-12-15 23:00:00,-6.61,74.55,0.0,-0.0,0.0,216.15,1.52,135.0,88180.0,False,12,23,350
2016-12-16 00:00:00,-6.82,71.5,0.0,-0.0,0.0,215.95,1.52,134.0,88170.0,False,12,0,351
2016-12-16 01:00:00,-6.89,68.55,0.0,-0.0,0.0,219.75,1.59,133.0,88160.0,False,12,1,351
2016-12-16 02:00:00,-7.27,71.4,0.0,-0.0,0.0,213.45,1.59,131.0,88160.0,False,12,2,351
2016-12-16 03:00:00,-7.64,68.45,0.0,-0.0,0.0,212.65,1.59,132.0,88170.0,False,12,3,351
2016-12-16 04:00:00,-8.51,74.25,0.0,-0.0,0.0,227.0,1.52,132.0,88160.0,False,12,4,351
2016-12-16 05:00:00,-8.44,71.3,0.0,-0.0,0.0,235.15,1.52,132.0,88200.0,False,12,5,351
2016-12-16 06:00:00,-8.22,74.35,0.0,-0.0,0.0,245.2,1.52,132.0,88220.0,False,12,6,351
2016-12-16 07:00:00,-7.37,71.4,0.0,-0.0,0.0,215.75,1.59,132.0,88330.0,False,12,7,351
2016-12-16 08:00:00,-7.62,71.4,26.0,0.0,26.0,218.65,1.38,132.0,88350.0,False,12,8,351
2016-12-16 09:00:00,-5.3,68.85,219.0,733.0,49.0,218.1,1.03,130.0,88400.0,False,12,9,351
2016-12-16 10:00:00,1.15,48.85,315.0,882.11,45.0,217.3,0.62,119.0,88440.0,False,12,10,351
2016-12-16 11:00:00,3.25,57.8,354.0,894.82,50.0,220.2,0.41,83.0,88450.0,False,12,11,351
2016-12-16 12:00:00,4.9,40.6,337.0,853.05,55.0,222.35,0.41,50.0,88430.0,False,12,12,351
2016-12-16 13:00:00,4.82,45.85,271.0,773.52,55.0,224.5,0.55,36.0,88460.0,False,12,13,351
2016-12-16 14:00:00,3.84,57.95,170.0,687.01,40.0,223.9,0.69,45.0,88490.0,False,12,14,351
2016-12-16 15:00:00,4.11,49.4,43.0,390.03,17.0,221.6,0.48,64.0,88530.0,False,12,15,351
2016-12-16 16:00:00,3.03,51.3,0.0,-0.0,0.0,220.2,0.69,107.0,88590.0,False,12,16,351
2016-12-16 17:00:00,1.96,55.3,0.0,-0.0,0.0,217.5,0.9,124.0,88650.0,False,12,17,351
2016-12-16 18:00:00,-0.03,59.45,0.0,-0.0,0.0,217.5,1.17,131.0,88730.0,False,12,18,351
2016-12-16 19:00:00,-3.19,66.45,0.0,-0.0,0.0,215.0,1.38,134.0,88830.0,False,12,19,351
2016-12-16 20:00:00,-4.65,68.95,0.0,-0.0,0.0,215.4,1.59,134.0,88850.0,False,12,20,351
2016-12-16 21:00:00,-5.89,71.65,0.0,-0.0,0.0,221.0,1.66,135.0,88890.0,False,12,21,351
2016-12-16 22:00:00,-6.63,71.5,0.0,-0.0,0.0,214.8,1.59,134.0,88900.0,False,12,22,351
2016-12-16 23:00:00,-7.04,71.4,0.0,-0.0,0.0,220.6,1.52,134.0,88900.0,False,12,23,351
2016-12-17 00:00:00,-7.17,71.4,0.0,-0.0,0.0,224.7,1.45,134.0,88900.0,False,12,0,352
2016-12-17 01:00:00,-7.84,68.45,0.0,-0.0,0.0,228.65,1.45,133.0,88930.0,False,12,1,352
2016-12-17 02:00:00,-8.35,71.3,0.0,-0.0,0.0,228.95,1.45,133.0,88950.0,False,12,2,352
2016-12-17 03:00:00,-8.42,71.3,0.0,-0.0,0.0,234.35,1.45,133.0,88990.0,False,12,3,352
2016-12-17 04:00:00,-8.44,71.3,0.0,-0.0,0.0,236.65,1.45,133.0,88990.0,False,12,4,352
2016-12-17 05:00:00,-8.4,71.3,0.0,-0.0,0.0,245.2,1.45,134.0,89030.0,False,12,5,352
2016-12-17 06:00:00,-7.81,65.6,0.0,-0.0,0.0,241.7,1.52,134.0,89060.0,False,12,6,352
2016-12-17 07:00:00,-7.54,57.7,0.0,-0.0,0.0,226.05,1.66,134.0,89170.0,False,12,7,352
2016-12-17 08:00:00,-7.76,60.25,27.0,0.0,27.0,218.1,1.52,133.0,89210.0,False,12,8,352
2016-12-17 09:00:00,-5.75,63.25,218.0,741.28,47.0,221.95,1.1,132.0,89250.0,False,12,9,352
2016-12-17 10:00:00,-0.92,50.2,302.0,796.4,59.0,214.8,0.76,128.0,89260.0,False,12,10,352
2016-12-17 11:00:00,2.3,51.15,349.0,869.98,54.0,217.15,0.41,106.0,89270.0,False,12,11,352
2016-12-17 12:00:00,4.46,31.55,329.0,799.35,65.0,218.65,0.41,67.0,89230.0,False,12,12,352
2016-12-17 13:00:00,4.22,42.15,274.0,794.95,52.0,223.5,0.55,50.0,89210.0,False,12,13,352
2016-12-17 14:00:00,3.45,53.4,163.0,590.88,51.0,223.5,0.69,47.0,89210.0,False,12,14,352
2016-12-17 15:00:00,2.99,49.25,32.0,133.86,23.0,224.3,0.62,55.0,89230.0,False,12,15,352
2016-12-17 16:00:00,2.94,41.85,0.0,-0.0,0.0,227.2,0.62,88.0,89240.0,False,12,16,352
2016-12-17 17:00:00,2.04,45.15,0.0,-0.0,0.0,227.95,0.76,112.0,89260.0,False,12,17,352
2016-12-17 18:00:00,0.97,48.7,0.0,-0.0,0.0,232.2,0.97,125.0,89260.0,False,12,18,352
2016-12-17 19:00:00,-1.84,54.4,0.0,-0.0,0.0,233.0,1.1,125.0,89300.0,False,12,19,352
2016-12-17 20:00:00,-2.84,56.45,0.0,-0.0,0.0,228.35,1.24,126.0,89300.0,False,12,20,352
2016-12-17 21:00:00,-3.81,58.6,0.0,-0.0,0.0,230.1,1.31,127.0,89290.0,False,12,21,352
2016-12-17 22:00:00,-5.11,63.35,0.0,-0.0,0.0,225.65,1.52,130.0,89260.0,False,12,22,352
2016-12-17 23:00:00,-6.0,65.8,0.0,-0.0,0.0,223.15,1.52,132.0,89220.0,False,12,23,352
2016-12-18 00:00:00,-6.45,63.1,0.0,-0.0,0.0,226.05,1.45,132.0,89160.0,False,12,0,353
2016-12-18 01:00:00,-6.86,65.7,0.0,-0.0,0.0,221.7,1.52,132.0,89120.0,False,12,1,353
2016-12-18 02:00:00,-7.26,65.6,0.0,-0.0,0.0,223.9,1.45,132.0,89080.0,False,12,2,353
2016-12-18 03:00:00,-7.77,65.6,0.0,-0.0,0.0,228.35,1.38,131.0,89060.0,False,12,3,353
2016-12-18 04:00:00,-8.25,68.35,0.0,-0.0,0.0,229.3,1.31,128.0,89060.0,False,12,4,353
2016-12-18 05:00:00,-8.26,68.35,0.0,-0.0,0.0,232.8,1.38,130.0,89070.0,False,12,5,353
2016-12-18 06:00:00,-8.46,68.35,0.0,-0.0,0.0,241.5,1.31,131.0,89050.0,False,12,6,353
2016-12-18 07:00:00,-8.16,68.35,0.0,-0.0,0.0,220.8,1.38,132.0,89090.0,False,12,7,353
2016-12-18 08:00:00,-8.3,68.35,29.0,0.0,29.0,231.05,1.17,132.0,89090.0,False,12,8,353
2016-12-18 09:00:00,-5.49,68.75,218.0,762.33,43.0,243.85,0.83,130.0,89120.0,False,12,9,353
2016-12-18 10:00:00,-1.02,61.65,301.0,801.89,57.0,245.6,0.62,137.0,89090.0,False,12,10,353
2016-12-18 11:00:00,2.2,43.45,341.0,827.01,61.0,245.6,0.28,144.0,89010.0,False,12,11,353
2016-12-18 12:00:00,3.27,38.55,317.0,714.97,81.0,228.75,0.28,1.0,88940.0,False,12,12,353
2016-12-18 13:00:00,2.75,55.55,279.0,841.06,44.0,232.6,0.76,356.0,88890.0,False,12,13,353
2016-12-18 14:00:00,2.18,60.05,177.0,757.94,33.0,233.4,0.9,4.0,88840.0,False,12,14,353
2016-12-18 15:00:00,1.11,67.4,30.0,88.33,24.0,233.2,0.76,19.0,88800.0,False,12,15,353
2016-12-18 16:00:00,-0.23,69.85,0.0,-0.0,0.0,231.85,0.83,32.0,88780.0,False,12,16,353
2016-12-18 17:00:00,-0.06,69.85,0.0,-0.0,0.0,250.2,0.76,46.0,88740.0,False,12,17,353
2016-12-18 18:00:00,-0.25,69.85,0.0,-0.0,0.0,254.65,0.48,87.0,88690.0,False,12,18,353
2016-12-18 19:00:00,-1.26,66.9,0.0,-0.0,0.0,242.85,0.62,104.0,88550.0,False,12,19,353
2016-12-18 20:00:00,-1.81,72.4,0.0,-0.0,0.0,251.75,0.62,68.0,88520.0,False,12,20,353
2016-12-18 21:00:00,-2.45,78.3,0.0,-0.0,0.0,267.65,0.76,69.0,88460.0,False,12,21,353
2016-12-18 22:00:00,-3.18,81.45,0.0,-0.0,0.0,264.15,0.9,63.0,88410.0,False,12,22,353
2016-12-18 23:00:00,-3.61,84.7,0.0,-0.0,0.0,269.95,0.9,60.0,88360.0,False,12,23,353
2016-12-19 00:00:00,-4.09,88.15,0.0,-0.0,0.0,257.0,0.9,63.0,88290.0,False,12,0,354
2016-12-19 01:00:00,-4.29,84.65,0.0,-0.0,0.0,261.15,0.76,69.0,88220.0,False,12,1,354
2016-12-19 02:00:00,-4.49,88.1,0.0,-0.0,0.0,248.85,0.76,70.0,88150.0,False,12,2,354
2016-12-19 03:00:00,-4.59,88.1,0.0,-0.0,0.0,259.3,0.76,66.0,88080.0,False,12,3,354
2016-12-19 04:00:00,-4.7,88.1,0.0,-0.0,0.0,263.95,0.83,65.0,88000.0,False,12,4,354
2016-12-19 05:00:00,-5.37,88.05,0.0,-0.0,0.0,267.05,0.83,66.0,87930.0,False,12,5,354
2016-12-19 06:00:00,-4.9,88.1,0.0,-0.0,0.0,279.65,0.83,67.0,87890.0,False,12,6,354
2016-12-19 07:00:00,-4.65,88.1,0.0,-0.0,0.0,269.95,0.69,88.0,87860.0,False,12,7,354
2016-12-19 08:00:00,-4.17,84.65,45.0,0.0,45.0,269.95,0.69,95.0,87850.0,False,12,8,354
2016-12-19 09:00:00,-3.14,81.45,163.0,280.02,99.0,267.25,0.62,97.0,87880.0,False,12,9,354
2016-12-19 10:00:00,-1.1,69.65,126.0,16.47,121.0,267.05,0.62,105.0,87880.0,False,12,10,354
2016-12-19 11:00:00,-0.06,61.9,99.0,0.0,99.0,244.4,0.62,111.0,87890.0,False,12,11,354
2016-12-19 12:00:00,0.8,57.35,217.0,169.68,161.0,236.3,0.62,113.0,87860.0,False,12,12,354
2016-12-19 13:00:00,1.02,57.35,169.0,132.3,132.0,243.25,0.55,87.0,87850.0,False,12,13,354
2016-12-19 14:00:00,0.41,64.55,67.0,10.5,65.0,258.95,0.62,45.0,87820.0,False,12,14,354
2016-12-19 15:00:00,-0.62,72.6,28.0,72.75,23.0,258.15,0.76,48.0,87840.0,False,12,15,354
2016-12-19 16:00:00,-1.98,78.35,0.0,-0.0,0.0,257.75,0.97,69.0,87850.0,False,12,16,354
2016-12-19 17:00:00,-3.25,78.2,0.0,-0.0,0.0,247.5,1.03,83.0,87850.0,False,12,17,354
2016-12-19 18:00:00,-3.03,75.1,0.0,-0.0,0.0,240.55,1.1,92.0,87860.0,False,12,18,354
2016-12-19 19:00:00,-3.88,72.05,0.0,-0.0,0.0,227.0,1.31,104.0,87880.0,False,12,19,354
2016-12-19 20:00:00,-4.36,69.05,0.0,-0.0,0.0,226.6,1.31,113.0,87860.0,False,12,20,354
2016-12-19 21:00:00,-4.33,69.05,0.0,-0.0,0.0,248.65,1.24,118.0,87860.0,False,12,21,354
2016-12-19 22:00:00,-4.15,71.95,0.0,-0.0,0.0,255.45,1.17,115.0,87820.0,False,12,22,354
2016-12-19 23:00:00,-4.01,71.95,0.0,-0.0,0.0,262.6,1.17,117.0,87810.0,False,12,23,354
2016-12-20 00:00:00,-4.37,69.05,0.0,-0.0,0.0,247.5,1.31,120.0,87780.0,False,12,0,355
2016-12-20 01:00:00,-4.2,69.05,0.0,-0.0,0.0,248.6,1.17,127.0,87760.0,False,12,1,355
2016-12-20 02:00:00,-4.4,69.05,0.0,-0.0,0.0,245.75,1.24,131.0,87770.0,False,12,2,355
2016-12-20 03:00:00,-4.42,69.05,0.0,-0.0,0.0,257.2,1.31,129.0,87770.0,False,12,3,355
2016-12-20 04:00:00,-4.62,74.9,0.0,-0.0,0.0,256.8,1.45,126.0,87690.0,False,12,4,355
2016-12-20 05:00:00,-4.81,74.9,0.0,-0.0,0.0,248.1,1.45,126.0,87650.0,False,12,5,355
2016-12-20 06:00:00,-4.93,71.85,0.0,-0.0,0.0,238.8,1.38,133.0,87640.0,False,12,6,355
2016-12-20 07:00:00,-4.39,69.05,0.0,-0.0,0.0,251.0,1.38,134.0,87730.0,False,12,7,355
2016-12-20 08:00:00,-4.22,71.95,41.0,0.0,41.0,246.35,1.38,132.0,87750.0,False,12,8,355
2016-12-20 09:00:00,-2.81,69.35,151.0,215.23,102.0,248.65,1.17,129.0,87760.0,False,12,9,355
2016-12-20 10:00:00,0.6,64.55,131.0,19.8,125.0,243.05,0.83,128.0,87760.0,False,12,10,355
2016-12-20 11:00:00,2.04,67.5,294.0,506.06,123.0,245.4,0.55,145.0,87760.0,False,12,11,355
2016-12-20 12:00:00,3.59,60.15,287.0,511.97,118.0,246.35,0.34,172.0,87760.0,False,12,12,355
2016-12-20 13:00:00,4.1,57.95,236.0,485.6,100.0,248.1,0.07,218.0,87780.0,False,12,13,355
2016-12-20 14:00:00,3.82,60.3,131.0,266.69,80.0,252.15,0.14,39.0,87830.0,False,12,14,355
2016-12-20 15:00:00,3.14,65.1,35.0,157.94,24.0,266.3,0.34,114.0,87870.0,False,12,15,355
2016-12-20 16:00:00,1.57,75.85,0.0,-0.0,0.0,257.6,0.69,127.0,87890.0,False,12,16,355
2016-12-20 17:00:00,0.83,72.85,0.0,-0.0,0.0,247.9,0.97,132.0,87920.0,False,12,17,355
2016-12-20 18:00:00,0.02,75.6,0.0,-0.0,0.0,252.35,1.1,136.0,87950.0,False,12,18,355
2016-12-20 19:00:00,-0.89,78.6,0.0,-0.0,0.0,259.3,1.17,136.0,88060.0,False,12,19,355
2016-12-20 20:00:00,-1.64,81.65,0.0,-0.0,0.0,265.7,1.31,134.0,88080.0,False,12,20,355
2016-12-20 21:00:00,-2.36,84.85,0.0,-0.0,0.0,251.75,1.31,136.0,88100.0,False,12,21,355
2016-12-20 22:00:00,-3.28,88.25,0.0,-0.0,0.0,239.75,1.38,134.0,88110.0,False,12,22,355
2016-12-20 23:00:00,-3.91,88.2,0.0,-0.0,0.0,241.9,1.38,134.0,88160.0,False,12,23,355
2016-12-21 00:00:00,-4.42,88.15,0.0,-0.0,0.0,238.8,1.38,134.0,88140.0,False,12,0,356
2016-12-21 01:00:00,-4.57,91.75,0.0,-0.0,0.0,245.9,1.38,135.0,88160.0,False,12,1,356
2016-12-21 02:00:00,-4.56,91.75,0.0,-0.0,0.0,244.6,1.45,136.0,88170.0,False,12,2,356
2016-12-21 03:00:00,-4.45,91.75,0.0,-0.0,0.0,248.85,1.38,136.0,88180.0,False,12,3,356
2016-12-21 04:00:00,-4.34,88.15,0.0,-0.0,0.0,246.15,1.24,136.0,88200.0,False,12,4,356
2016-12-21 05:00:00,-4.69,91.75,0.0,-0.0,0.0,245.6,1.17,133.0,88230.0,False,12,5,356
2016-12-21 06:00:00,-4.83,88.1,0.0,-0.0,0.0,246.75,1.1,132.0,88280.0,False,12,6,356
2016-12-21 07:00:00,-4.77,88.1,0.0,-0.0,0.0,251.0,1.03,131.0,88430.0,False,12,7,356
2016-12-21 08:00:00,-4.31,88.15,28.0,0.0,28.0,255.65,0.97,130.0,88490.0,False,12,8,356
2016-12-21 09:00:00,-1.3,78.5,205.0,674.31,52.0,262.8,0.76,131.0,88550.0,False,12,9,356
2016-12-21 10:00:00,1.16,75.85,289.0,740.5,65.0,275.2,0.62,133.0,88550.0,False,12,10,356
2016-12-21 11:00:00,4.19,67.9,335.0,808.25,62.0,259.7,0.34,125.0,88570.0,False,12,11,356
2016-12-21 12:00:00,5.6,60.65,326.0,802.32,61.0,247.5,0.28,84.0,88520.0,False,12,12,356
2016-12-21 13:00:00,6.08,60.75,268.0,759.13,55.0,251.75,0.34,59.0,88500.0,False,12,13,356
2016-12-21 14:00:00,5.87,60.75,169.0,671.75,40.0,248.85,0.41,29.0,88500.0,False,12,14,356
2016-12-21 15:00:00,5.11,65.4,40.0,254.69,22.0,242.85,0.28,71.0,88530.0,False,12,15,356
2016-12-21 16:00:00,3.33,73.2,0.0,-0.0,0.0,242.3,0.55,129.0,88550.0,False,12,16,356
2016-12-21 17:00:00,2.69,70.4,0.0,-0.0,0.0,239.75,0.9,136.0,88590.0,False,12,17,356
2016-12-21 18:00:00,1.25,75.85,0.0,-0.0,0.0,238.6,1.1,136.0,88610.0,False,12,18,356
2016-12-21 19:00:00,-1.93,81.55,0.0,-0.0,0.0,236.65,1.38,140.0,88700.0,False,12,19,356
2016-12-21 20:00:00,-2.92,81.5,0.0,-0.0,0.0,235.5,1.45,140.0,88710.0,False,12,20,356
2016-12-21 21:00:00,-3.98,88.15,0.0,-0.0,0.0,236.1,1.52,137.0,88690.0,False,12,21,356
2016-12-21 22:00:00,-4.78,88.1,0.0,-0.0,0.0,235.5,1.45,136.0,88660.0,False,12,22,356
2016-12-21 23:00:00,-5.48,91.7,0.0,-0.0,0.0,235.3,1.45,139.0,88640.0,False,12,23,356
2016-12-22 00:00:00,-5.73,88.0,0.0,-0.0,0.0,236.85,1.45,142.0,88630.0,False,12,0,357
2016-12-22 01:00:00,-5.86,84.5,0.0,-0.0,0.0,232.55,1.52,144.0,88640.0,False,12,1,357
2016-12-22 02:00:00,-5.78,84.5,0.0,-0.0,0.0,241.15,1.59,145.0,88700.0,False,12,2,357
2016-12-22 03:00:00,-6.07,88.0,0.0,-0.0,0.0,233.2,1.72,143.0,88720.0,False,12,3,357
2016-12-22 04:00:00,-6.34,84.45,0.0,-0.0,0.0,236.1,1.79,142.0,88700.0,False,12,4,357
2016-12-22 05:00:00,-6.52,84.4,0.0,-0.0,0.0,232.6,1.79,142.0,88720.0,False,12,5,357
2016-12-22 06:00:00,-6.13,84.45,0.0,-0.0,0.0,254.65,1.66,142.0,88730.0,False,12,6,357
2016-12-22 07:00:00,-6.05,77.75,0.0,-0.0,0.0,234.55,1.59,141.0,88810.0,False,12,7,357
2016-12-22 08:00:00,-5.9,74.7,29.0,0.0,29.0,228.55,1.59,143.0,88860.0,False,12,8,357
2016-12-22 09:00:00,-2.58,69.35,206.0,685.09,51.0,228.75,1.31,146.0,88900.0,False,12,9,357
2016-12-22 10:00:00,1.14,59.8,285.0,695.01,75.0,235.5,0.97,154.0,88900.0,False,12,10,357
2016-12-22 11:00:00,4.32,62.8,323.0,707.62,84.0,237.25,0.83,170.0,88900.0,False,12,11,357
2016-12-22 12:00:00,5.27,58.3,329.0,813.64,60.0,236.3,0.76,190.0,88870.0,False,12,12,357
2016-12-22 13:00:00,5.09,65.4,265.0,714.73,64.0,239.2,0.9,202.0,88870.0,False,12,13,357
2016-12-22 14:00:00,4.66,65.4,168.0,637.46,45.0,238.2,0.97,201.0,88880.0,False,12,14,357
2016-12-22 15:00:00,3.4,73.2,50.0,487.35,15.0,236.1,0.97,187.0,88890.0,False,12,15,357
2016-12-22 16:00:00,2.13,70.3,0.0,-0.0,0.0,235.5,1.17,165.0,88920.0,False,12,16,357
2016-12-22 17:00:00,0.49,69.95,0.0,-0.0,0.0,233.0,1.31,156.0,88940.0,False,12,17,357
2016-12-22 18:00:00,-1.33,72.5,0.0,-0.0,0.0,235.7,1.45,152.0,88960.0,False,12,18,357
2016-12-22 19:00:00,-3.03,78.2,0.0,-0.0,0.0,234.75,1.52,146.0,89030.0,False,12,19,357
2016-12-22 20:00:00,-3.97,81.3,0.0,-0.0,0.0,235.9,1.52,144.0,89040.0,False,12,20,357
2016-12-22 21:00:00,-4.75,78.0,0.0,-0.0,0.0,235.3,1.59,144.0,89030.0,False,12,21,357
2016-12-22 22:00:00,-5.06,81.2,0.0,-0.0,0.0,238.8,1.52,145.0,89020.0,False,12,22,357
2016-12-22 23:00:00,-4.99,77.9,0.0,-0.0,0.0,245.0,1.38,143.0,89030.0,False,12,23,357
2016-12-23 00:00:00,-4.88,74.9,0.0,-0.0,0.0,254.85,1.45,141.0,89060.0,False,12,0,358
2016-12-23 01:00:00,-4.11,74.95,0.0,-0.0,0.0,276.65,1.45,142.0,89070.0,False,12,1,358
2016-12-23 02:00:00,-3.76,75.05,0.0,-0.0,0.0,282.95,1.38,140.0,89050.0,False,12,2,358
2016-12-23 03:00:00,-3.31,75.1,0.0,-0.0,0.0,286.8,1.24,139.0,89040.0,False,12,3,358
2016-12-23 04:00:00,-2.94,78.2,0.0,-0.0,0.0,296.5,1.17,136.0,89030.0,False,12,4,358
2016-12-23 05:00:00,-2.93,78.2,0.0,-0.0,0.0,287.0,1.17,134.0,89040.0,False,12,5,358
2016-12-23 06:00:00,-2.64,78.3,0.0,-0.0,0.0,298.8,1.17,134.0,89070.0,False,12,6,358
2016-12-23 07:00:00,-3.53,81.4,0.0,-0.0,0.0,258.55,1.17,132.0,89130.0,False,12,7,358
2016-12-23 08:00:00,-3.22,81.45,46.0,0.0,46.0,278.3,1.03,129.0,89140.0,False,12,8,358
2016-12-23 09:00:00,-1.28,78.5,195.0,575.93,65.0,274.8,0.76,124.0,89150.0,False,12,9,358
2016-12-23 10:00:00,1.54,75.85,297.0,804.81,54.0,263.0,0.55,114.0,89100.0,False,12,10,358
2016-12-23 11:00:00,3.29,73.2,332.0,781.38,68.0,256.6,0.28,70.0,89060.0,False,12,11,358
2016-12-23 12:00:00,4.2,65.3,321.0,761.19,69.0,248.5,0.55,6.0,88970.0,False,12,12,358
2016-12-23 13:00:00,3.66,70.5,270.0,762.45,55.0,254.1,0.76,352.0,88960.0,False,12,13,358
2016-12-23 14:00:00,3.07,76.1,175.0,711.37,37.0,237.25,0.62,355.0,88970.0,False,12,14,358
2016-12-23 15:00:00,3.57,73.2,44.0,301.08,22.0,235.9,0.07,2.0,88970.0,False,12,15,358
2016-12-23 16:00:00,2.86,73.2,0.0,-0.0,0.0,229.5,0.34,209.0,88980.0,False,12,16,358
2016-12-23 17:00:00,2.22,73.1,0.0,-0.0,0.0,227.6,0.76,173.0,88950.0,False,12,17,358
2016-12-23 18:00:00,0.47,78.75,0.0,-0.0,0.0,230.1,0.97,159.0,88950.0,False,12,18,358
2016-12-23 19:00:00,-2.17,81.55,0.0,-0.0,0.0,240.95,1.24,151.0,88990.0,False,12,19,358
2016-12-23 20:00:00,-2.68,81.5,0.0,-0.0,0.0,240.15,1.24,155.0,89000.0,False,12,20,358
2016-12-23 21:00:00,-3.38,81.45,0.0,-0.0,0.0,235.3,1.31,155.0,89000.0,False,12,21,358
2016-12-23 22:00:00,-3.86,81.4,0.0,-0.0,0.0,233.0,1.31,154.0,88970.0,False,12,22,358
2016-12-23 23:00:00,-3.82,78.15,0.0,-0.0,0.0,243.45,1.17,157.0,88960.0,False,12,23,358
2016-12-24 00:00:00,-3.25,78.2,0.0,-0.0,0.0,256.8,1.03,162.0,88930.0,False,12,0,359
2016-12-24 01:00:00,-2.77,75.2,0.0,-0.0,0.0,262.5,0.97,167.0,88940.0,False,12,1,359
2016-12-24 02:00:00,-3.07,78.2,0.0,-0.0,0.0,259.7,1.03,164.0,88960.0,False,12,2,359
2016-12-24 03:00:00,-3.03,78.2,0.0,-0.0,0.0,269.95,0.97,164.0,88990.0,False,12,3,359
2016-12-24 04:00:00,-3.25,78.2,0.0,-0.0,0.0,261.45,1.03,163.0,88970.0,False,12,4,359
2016-12-24 05:00:00,-3.56,81.4,0.0,-0.0,0.0,260.3,1.1,162.0,88960.0,False,12,5,359
2016-12-24 06:00:00,-3.93,81.3,0.0,-0.0,0.0,256.6,1.24,162.0,88970.0,False,12,6,359
2016-12-24 07:00:00,-3.96,71.95,0.0,-0.0,0.0,251.6,1.17,162.0,89000.0,False,12,7,359
2016-12-24 08:00:00,-3.12,66.45,42.0,0.0,42.0,247.5,1.03,169.0,89050.0,False,12,8,359
2016-12-24 09:00:00,-1.27,66.9,199.0,616.91,60.0,249.65,1.03,174.0,89110.0,False,12,9,359
2016-12-24 10:00:00,0.69,67.3,290.0,745.44,65.0,239.6,1.17,174.0,89100.0,False,12,10,359
2016-12-24 11:00:00,3.73,60.3,326.0,727.6,80.0,255.85,1.31,185.0,89040.0,False,12,11,359
2016-12-24 12:00:00,4.03,67.8,72.0,0.0,72.0,261.45,1.24,206.0,88990.0,False,12,12,359
2016-12-24 13:00:00,3.97,67.8,54.0,0.0,54.0,282.75,1.31,215.0,89020.0,False,12,13,359
2016-12-24 14:00:00,3.78,67.8,91.0,51.24,81.0,310.8,1.45,199.0,89030.0,False,12,14,359
2016-12-24 15:00:00,3.3,70.4,27.0,40.3,24.0,317.75,1.31,205.0,89050.0,False,12,15,359
2016-12-24 16:00:00,2.57,73.1,0.0,-0.0,0.0,314.5,1.24,201.0,89050.0,False,12,16,359
2016-12-24 17:00:00,1.82,75.95,0.0,-0.0,0.0,306.95,1.17,195.0,89060.0,False,12,17,359
2016-12-24 18:00:00,1.82,73.0,0.0,-0.0,0.0,310.8,1.1,198.0,89080.0,False,12,18,359
2016-12-24 19:00:00,1.54,82.0,0.0,-0.0,0.0,312.15,0.9,204.0,89100.0,False,12,19,359
2016-12-24 20:00:00,1.05,85.2,0.0,-0.0,0.0,305.95,0.97,195.0,89090.0,False,12,20,359
2016-12-24 21:00:00,0.81,85.2,0.0,-0.0,0.0,305.95,1.03,195.0,89090.0,False,12,21,359
2016-12-24 22:00:00,0.75,81.95,0.0,-0.0,0.0,298.8,0.97,187.0,89090.0,False,12,22,359
2016-12-24 23:00:00,-0.25,85.1,0.0,-0.0,0.0,284.1,1.24,169.0,89140.0,False,12,23,359
2016-12-25 00:00:00,-0.26,85.1,0.0,-0.0,0.0,299.2,1.38,171.0,89070.0,False,12,0,360
2016-12-25 01:00:00,-0.1,88.45,0.0,-0.0,0.0,304.15,1.38,175.0,89000.0,False,12,1,360
2016-12-25 02:00:00,-0.6,88.45,0.0,-0.0,0.0,291.85,1.24,178.0,89000.0,False,12,2,360
2016-12-25 03:00:00,-0.97,88.4,0.0,-0.0,0.0,288.75,1.38,170.0,88980.0,False,12,3,360
2016-12-25 04:00:00,-1.78,88.35,0.0,-0.0,0.0,276.75,1.38,167.0,88920.0,False,12,4,360
2016-12-25 05:00:00,-1.37,88.4,0.0,-0.0,0.0,301.7,1.17,169.0,88920.0,False,12,5,360
2016-12-25 06:00:00,-0.95,88.4,0.0,-0.0,0.0,307.7,1.1,163.0,88950.0,False,12,6,360
2016-12-25 07:00:00,-0.45,91.95,0.0,-0.0,0.0,305.4,0.9,153.0,89020.0,False,12,7,360
2016-12-25 08:00:00,-0.65,88.45,43.0,0.0,43.0,283.3,0.97,152.0,89060.0,False,12,8,360
2016-12-25 09:00:00,0.24,85.15,178.0,431.05,81.0,262.2,0.76,154.0,89070.0,False,12,9,360
2016-12-25 10:00:00,2.82,73.2,246.0,427.34,117.0,244.8,0.62,162.0,89070.0,False,12,10,360
2016-12-25 11:00:00,4.22,70.6,315.0,664.77,90.0,272.65,0.62,188.0,89020.0,False,12,11,360
2016-12-25 12:00:00,5.18,60.65,130.0,9.03,127.0,273.25,0.69,218.0,88950.0,False,12,12,360
2016-12-25 13:00:00,5.82,56.2,96.0,3.52,95.0,264.35,0.69,246.0,88930.0,False,12,13,360
2016-12-25 14:00:00,5.83,58.45,86.0,35.64,79.0,262.6,0.48,261.0,88940.0,False,12,14,360
2016-12-25 15:00:00,5.33,60.65,37.0,144.92,26.0,271.9,0.41,226.0,88950.0,False,12,15,360
2016-12-25 16:00:00,5.03,58.2,0.0,-0.0,0.0,275.6,0.55,181.0,88970.0,False,12,16,360
2016-12-25 17:00:00,3.65,62.7,0.0,-0.0,0.0,287.4,0.76,157.0,88980.0,False,12,17,360
2016-12-25 18:00:00,2.25,67.6,0.0,-0.0,0.0,299.75,1.03,145.0,88990.0,False,12,18,360
2016-12-25 19:00:00,2.88,70.4,0.0,-0.0,0.0,309.65,0.9,147.0,88990.0,False,12,19,360
2016-12-25 20:00:00,2.14,70.3,0.0,-0.0,0.0,303.25,1.03,143.0,88980.0,False,12,20,360
2016-12-25 21:00:00,1.11,75.85,0.0,-0.0,0.0,298.8,1.24,139.0,88970.0,False,12,21,360
2016-12-25 22:00:00,-0.03,81.8,0.0,-0.0,0.0,275.6,1.45,137.0,88940.0,False,12,22,360
2016-12-25 23:00:00,-1.17,81.7,0.0,-0.0,0.0,257.0,1.52,138.0,88910.0,False,12,23,360
2016-12-26 00:00:00,-1.61,84.95,0.0,-0.0,0.0,268.8,1.45,140.0,88870.0,False,12,0,361
2016-12-26 01:00:00,-2.18,84.85,0.0,-0.0,0.0,255.95,1.52,141.0,88870.0,False,12,1,361
2016-12-26 02:00:00,-2.77,84.85,0.0,-0.0,0.0,248.3,1.52,141.0,88860.0,False,12,2,361
2016-12-26 03:00:00,-3.15,88.25,0.0,-0.0,0.0,254.3,1.45,143.0,88840.0,False,12,3,361
2016-12-26 04:00:00,-3.17,88.25,0.0,-0.0,0.0,254.5,1.45,145.0,88830.0,False,12,4,361
2016-12-26 05:00:00,-2.94,91.8,0.0,-0.0,0.0,271.7,1.38,147.0,88830.0,False,12,5,361
2016-12-26 06:00:00,-2.51,88.25,0.0,-0.0,0.0,275.75,1.31,147.0,88840.0,False,12,6,361
2016-12-26 07:00:00,-2.58,88.25,0.0,-0.0,0.0,260.5,1.38,150.0,88870.0,False,12,7,361
2016-12-26 08:00:00,-2.02,88.3,36.0,0.0,36.0,262.2,1.17,152.0,88900.0,False,12,8,361
2016-12-26 09:00:00,0.78,81.95,212.0,769.35,39.0,269.4,0.83,161.0,88960.0,False,12,9,361
2016-12-26 10:00:00,3.99,73.3,277.0,655.59,79.0,267.85,0.62,182.0,89010.0,False,12,10,361
2016-12-26 11:00:00,5.65,70.8,347.0,882.13,48.0,267.65,0.55,215.0,89020.0,False,12,11,361
2016-12-26 12:00:00,5.44,73.55,327.0,795.43,62.0,274.4,0.76,255.0,88990.0,False,12,12,361
2016-12-26 13:00:00,5.06,79.3,268.0,729.8,60.0,263.2,0.83,277.0,89000.0,False,12,13,361
2016-12-26 14:00:00,4.41,85.5,119.0,161.77,87.0,269.0,0.9,296.0,89000.0,False,12,14,361
2016-12-26 15:00:00,3.64,88.75,44.0,245.2,25.0,275.0,0.97,313.0,89030.0,False,12,15,361
2016-12-26 16:00:00,2.89,88.7,0.0,-0.0,0.0,266.5,0.69,318.0,89090.0,False,12,16,361
2016-12-26 17:00:00,3.06,92.15,0.0,-0.0,0.0,257.4,0.28,319.0,89140.0,False,12,17,361
2016-12-26 18:00:00,2.58,95.7,0.0,-0.0,0.0,285.85,0.07,175.0,89170.0,False,12,18,361
2016-12-26 19:00:00,2.77,95.7,0.0,-0.0,0.0,283.7,0.14,357.0,89180.0,False,12,19,361
2016-12-26 20:00:00,2.57,99.4,0.0,-0.0,0.0,295.7,0.0,316.0,89200.0,False,12,20,361
2016-12-26 21:00:00,2.39,95.7,0.0,-0.0,0.0,296.1,0.07,52.0,89240.0,False,12,21,361
2016-12-26 22:00:00,2.26,95.7,0.0,-0.0,0.0,309.25,0.21,54.0,89260.0,False,12,22,361
2016-12-26 23:00:00,2.11,99.4,0.0,-0.0,0.0,308.85,0.48,89.0,89260.0,False,12,23,361
2016-12-27 00:00:00,1.48,99.4,0.0,-0.0,0.0,316.05,0.62,113.0,89230.0,False,12,0,362
2016-12-27 01:00:00,1.39,95.65,0.0,-0.0,0.0,315.35,0.55,85.0,89240.0,False,12,1,362
2016-12-27 02:00:00,0.87,95.65,0.0,-0.0,0.0,300.35,0.69,64.0,89260.0,False,12,2,362
2016-12-27 03:00:00,0.72,95.65,0.0,-0.0,0.0,302.3,0.69,96.0,89270.0,False,12,3,362
2016-12-27 04:00:00,0.48,99.4,0.0,-0.0,0.0,312.15,0.69,110.0,89250.0,False,12,4,362
2016-12-27 05:00:00,-0.42,99.4,0.0,-0.0,0.0,289.7,0.83,68.0,89280.0,False,12,5,362
2016-12-27 06:00:00,-0.76,95.6,0.0,-0.0,0.0,299.55,0.97,83.0,89330.0,False,12,6,362
2016-12-27 07:00:00,-0.5,99.4,0.0,-0.0,0.0,305.95,0.9,82.0,89360.0,False,12,7,362
2016-12-27 08:00:00,-0.47,99.4,26.0,0.0,26.0,304.8,0.97,66.0,89420.0,False,12,8,362
2016-12-27 09:00:00,-0.07,95.6,210.0,720.56,48.0,292.4,1.1,58.0,89480.0,False,12,9,362
2016-12-27 10:00:00,1.2,85.25,300.0,807.15,56.0,298.8,0.97,60.0,89540.0,False,12,10,362
2016-12-27 11:00:00,2.09,78.95,325.0,692.05,90.0,280.2,0.9,51.0,89520.0,False,12,11,362
2016-12-27 12:00:00,2.94,73.2,311.0,634.54,99.0,261.45,1.17,28.0,89490.0,False,12,12,362
2016-12-27 13:00:00,2.72,73.2,268.0,681.2,73.0,265.7,1.45,26.0,89530.0,False,12,13,362
2016-12-27 14:00:00,2.39,76.0,174.0,622.15,50.0,258.15,1.31,32.0,89550.0,False,12,14,362
2016-12-27 15:00:00,1.61,78.95,49.0,315.75,24.0,263.75,1.1,36.0,89580.0,False,12,15,362
2016-12-27 16:00:00,0.68,85.2,0.0,-0.0,0.0,239.75,1.03,58.0,89600.0,False,12,16,362
2016-12-27 17:00:00,-1.06,91.95,0.0,-0.0,0.0,231.05,1.1,78.0,89600.0,False,12,17,362
2016-12-27 18:00:00,-1.83,88.35,0.0,-0.0,0.0,223.5,1.24,78.0,89610.0,False,12,18,362
2016-12-27 19:00:00,-2.17,91.85,0.0,-0.0,0.0,226.2,1.17,66.0,89640.0,False,12,19,362
2016-12-27 20:00:00,-2.86,91.85,0.0,-0.0,0.0,234.75,1.24,71.0,89650.0,False,12,20,362
2016-12-27 21:00:00,-3.75,95.5,0.0,-0.0,0.0,223.9,1.31,76.0,89650.0,False,12,21,362
2016-12-27 22:00:00,-4.1,95.5,0.0,-0.0,0.0,222.95,1.24,87.0,89620.0,False,12,22,362
2016-12-27 23:00:00,-4.19,91.75,0.0,-0.0,0.0,226.4,1.24,91.0,89610.0,False,12,23,362
2016-12-28 00:00:00,-4.43,88.15,0.0,-0.0,0.0,218.5,1.24,93.0,89570.0,False,12,0,363
2016-12-28 01:00:00,-4.5,88.1,0.0,-0.0,0.0,216.25,1.24,95.0,89550.0,False,12,1,363
2016-12-28 02:00:00,-4.47,84.6,0.0,-0.0,0.0,219.45,1.24,98.0,89550.0,False,12,2,363
2016-12-28 03:00:00,-4.83,81.25,0.0,-0.0,0.0,212.5,1.31,99.0,89540.0,False,12,3,363
2016-12-28 04:00:00,-5.15,77.9,0.0,-0.0,0.0,212.85,1.38,93.0,89510.0,False,12,4,363
2016-12-28 05:00:00,-5.11,74.8,0.0,-0.0,0.0,213.45,1.31,94.0,89510.0,False,12,5,363
2016-12-28 06:00:00,-5.1,71.75,0.0,-0.0,0.0,213.05,1.31,98.0,89500.0,False,12,6,363
2016-12-28 07:00:00,-5.31,68.85,0.0,-0.0,0.0,211.9,1.31,96.0,89600.0,False,12,7,363
2016-12-28 08:00:00,-5.04,66.05,26.0,0.0,26.0,208.8,1.38,100.0,89610.0,False,12,8,363
2016-12-28 09:00:00,-2.15,58.95,215.0,755.87,45.0,214.4,1.1,96.0,89620.0,False,12,9,363
2016-12-28 10:00:00,1.1,52.85,308.0,839.11,54.0,209.75,0.97,75.0,89590.0,False,12,10,363
2016-12-28 11:00:00,3.34,45.4,353.0,866.86,58.0,219.45,1.1,58.0,89570.0,False,12,11,363
2016-12-28 12:00:00,3.4,55.55,346.0,862.25,57.0,213.25,1.17,53.0,89490.0,False,12,12,363
2016-12-28 13:00:00,3.57,57.8,288.0,823.98,51.0,213.25,1.17,48.0,89420.0,False,12,13,363
2016-12-28 14:00:00,3.91,53.5,184.0,696.78,44.0,212.7,1.31,40.0,89370.0,False,12,14,363
2016-12-28 15:00:00,2.69,57.8,51.0,321.1,25.0,210.95,1.38,40.0,89380.0,False,12,15,363
2016-12-28 16:00:00,0.79,67.3,0.0,-0.0,0.0,208.05,1.38,52.0,89400.0,False,12,16,363
2016-12-28 17:00:00,-1.15,75.45,0.0,-0.0,0.0,207.45,1.31,65.0,89390.0,False,12,17,363
2016-12-28 18:00:00,-1.91,75.35,0.0,-0.0,0.0,207.05,1.24,72.0,89400.0,False,12,18,363
2016-12-28 19:00:00,-3.02,81.45,0.0,-0.0,0.0,206.3,1.31,76.0,89440.0,False,12,19,363
2016-12-28 20:00:00,-3.68,81.4,0.0,-0.0,0.0,206.7,1.38,91.0,89420.0,False,12,20,363
2016-12-28 21:00:00,-5.15,77.9,0.0,-0.0,0.0,206.3,1.45,105.0,89390.0,False,12,21,363
2016-12-28 22:00:00,-5.64,77.85,0.0,-0.0,0.0,206.1,1.45,108.0,89330.0,False,12,22,363
2016-12-28 23:00:00,-5.81,71.65,0.0,-0.0,0.0,205.9,1.45,105.0,89300.0,False,12,23,363
2016-12-29 00:00:00,-6.0,71.55,0.0,-0.0,0.0,206.3,1.45,106.0,89240.0,False,12,0,364
2016-12-29 01:00:00,-6.09,68.65,0.0,-0.0,0.0,209.1,1.45,104.0,89210.0,False,12,1,364
2016-12-29 02:00:00,-6.25,65.8,0.0,-0.0,0.0,206.5,1.45,101.0,89170.0,False,12,2,364
2016-12-29 03:00:00,-6.09,65.8,0.0,-0.0,0.0,209.2,1.38,99.0,89150.0,False,12,3,364
2016-12-29 04:00:00,-6.1,65.8,0.0,-0.0,0.0,210.35,1.38,103.0,89070.0,False,12,4,364
2016-12-29 05:00:00,-6.27,60.5,0.0,-0.0,0.0,207.05,1.38,103.0,89060.0,False,12,5,364
2016-12-29 06:00:00,-6.31,60.5,0.0,-0.0,0.0,207.25,1.38,103.0,89050.0,False,12,6,364
2016-12-29 07:00:00,-6.33,55.55,0.0,-0.0,0.0,215.95,1.38,110.0,89140.0,False,12,7,364
2016-12-29 08:00:00,-5.94,55.7,24.0,0.0,24.0,215.95,1.38,110.0,89150.0,False,12,8,364
2016-12-29 09:00:00,-3.17,54.0,214.0,737.42,48.0,213.85,1.1,102.0,89140.0,False,12,9,364
2016-12-29 10:00:00,0.33,48.6,303.0,788.18,64.0,205.5,0.97,83.0,89110.0,False,12,10,364
2016-12-29 11:00:00,3.67,42.0,344.0,785.52,76.0,209.2,0.9,60.0,89080.0,False,12,11,364
2016-12-29 12:00:00,5.08,39.0,340.0,796.76,72.0,213.25,1.03,49.0,89020.0,False,12,12,364
2016-12-29 13:00:00,5.43,40.75,279.0,715.98,72.0,218.65,1.03,43.0,88990.0,False,12,13,364
2016-12-29 14:00:00,4.8,47.7,184.0,666.16,49.0,216.55,1.03,40.0,88970.0,False,12,14,364
2016-12-29 15:00:00,3.52,57.8,51.0,277.54,28.0,216.55,0.97,34.0,89000.0,False,12,15,364
2016-12-29 16:00:00,2.41,57.7,0.0,-0.0,0.0,214.8,0.62,33.0,89030.0,False,12,16,364
2016-12-29 17:00:00,1.66,59.95,0.0,-0.0,0.0,214.8,0.28,47.0,89090.0,False,12,17,364
2016-12-29 18:00:00,1.14,59.8,0.0,-0.0,0.0,214.05,0.34,127.0,89120.0,False,12,18,364
2016-12-29 19:00:00,-1.38,64.25,0.0,-0.0,0.0,211.15,0.83,118.0,89160.0,False,12,19,364
2016-12-29 20:00:00,-2.36,66.65,0.0,-0.0,0.0,209.75,1.17,124.0,89180.0,False,12,20,364
2016-12-29 21:00:00,-3.38,66.45,0.0,-0.0,0.0,210.55,1.31,130.0,89170.0,False,12,21,364
2016-12-29 22:00:00,-3.77,63.7,0.0,-0.0,0.0,210.75,1.45,135.0,89150.0,False,12,22,364
2016-12-29 23:00:00,-4.27,60.95,0.0,-0.0,0.0,211.3,1.45,136.0,89130.0,False,12,23,364
2016-12-30 00:00:00,-4.69,58.35,0.0,-0.0,0.0,211.5,1.38,137.0,89140.0,False,12,0,365
2016-12-30 01:00:00,-4.81,55.95,0.0,-0.0,0.0,211.6,1.38,137.0,89140.0,False,12,1,365
2016-12-30 02:00:00,-4.89,53.65,0.0,-0.0,0.0,215.0,1.38,136.0,89160.0,False,12,2,365
2016-12-30 03:00:00,-5.14,53.5,0.0,-0.0,0.0,212.1,1.45,136.0,89150.0,False,12,3,365
2016-12-30 04:00:00,-5.37,53.5,0.0,-0.0,0.0,215.2,1.45,135.0,89150.0,False,12,4,365
2016-12-30 05:00:00,-5.69,53.35,0.0,-0.0,0.0,217.5,1.45,136.0,89140.0,False,12,5,365
2016-12-30 06:00:00,-5.92,53.35,0.0,-0.0,0.0,221.0,1.45,136.0,89150.0,False,12,6,365
2016-12-30 07:00:00,-5.81,49.0,0.0,-0.0,0.0,227.6,1.38,134.0,89230.0,False,12,7,365
2016-12-30 08:00:00,-5.51,51.15,25.0,0.0,25.0,229.15,1.24,133.0,89250.0,False,12,8,365
2016-12-30 09:00:00,-3.22,51.8,217.0,767.41,44.0,232.6,0.83,132.0,89280.0,False,12,9,365
2016-12-30 10:00:00,0.55,44.75,305.0,822.68,55.0,234.95,0.41,142.0,89250.0,False,12,10,365
2016-12-30 11:00:00,2.78,38.55,349.0,835.85,63.0,234.55,0.07,180.0,89230.0,False,12,11,365
2016-12-30 12:00:00,3.68,37.15,349.0,867.69,56.0,230.65,0.34,329.0,89160.0,False,12,12,365
2016-12-30 13:00:00,3.51,43.6,285.0,777.38,59.0,225.65,0.62,341.0,89140.0,False,12,13,365
2016-12-30 14:00:00,3.09,47.3,185.0,679.73,46.0,223.3,0.48,349.0,89120.0,False,12,14,365
2016-12-30 15:00:00,2.54,51.15,55.0,341.68,26.0,225.25,0.28,27.0,89130.0,False,12,15,365
2016-12-30 16:00:00,1.87,53.15,0.0,-0.0,0.0,218.3,0.28,108.0,89120.0,False,12,16,365
2016-12-30 17:00:00,1.05,57.35,0.0,-0.0,0.0,216.75,0.55,126.0,89090.0,False,12,17,365
2016-12-30 18:00:00,-0.3,59.45,0.0,-0.0,0.0,213.45,0.76,132.0,89090.0,False,12,18,365
2016-12-30 19:00:00,-2.23,69.45,0.0,-0.0,0.0,214.6,1.03,133.0,89150.0,False,12,19,365
2016-12-30 20:00:00,-3.31,69.25,0.0,-0.0,0.0,216.55,1.24,132.0,89150.0,False,12,20,365
2016-12-30 21:00:00,-3.87,69.15,0.0,-0.0,0.0,210.35,1.45,133.0,89130.0,False,12,21,365
2016-12-30 22:00:00,-4.34,66.25,0.0,-0.0,0.0,215.6,1.52,136.0,89080.0,False,12,22,365
2016-12-30 23:00:00,-5.17,63.35,0.0,-0.0,0.0,208.8,1.59,135.0,89050.0,False,12,23,365
2016-12-31 00:00:00,-6.06,65.8,0.0,-0.0,0.0,209.75,1.52,134.0,89030.0,False,12,0,366
2016-12-31 01:00:00,-6.84,63.0,0.0,-0.0,0.0,213.15,1.52,133.0,89030.0,False,12,1,366
2016-12-31 02:00:00,-6.94,57.85,0.0,-0.0,0.0,233.4,1.45,134.0,89010.0,False,12,2,366
2016-12-31 03:00:00,-6.64,55.45,0.0,-0.0,0.0,231.05,1.52,135.0,88990.0,False,12,3,366
2016-12-31 04:00:00,-6.46,53.1,0.0,-0.0,0.0,232.6,1.52,136.0,88950.0,False,12,4,366
2016-12-31 05:00:00,-6.18,46.75,0.0,-0.0,0.0,228.15,1.59,138.0,88940.0,False,12,5,366
2016-12-31 06:00:00,-6.0,44.75,0.0,-0.0,0.0,226.4,1.59,139.0,88930.0,False,12,6,366
2016-12-31 07:00:00,-6.0,41.0,0.0,-0.0,0.0,222.15,1.59,138.0,88990.0,False,12,7,366
2016-12-31 08:00:00,-5.47,41.15,24.0,0.0,24.0,221.95,1.52,137.0,89010.0,False,12,8,366
2016-12-31 09:00:00,-3.24,41.9,219.0,774.74,44.0,226.8,1.24,136.0,89010.0,False,12,9,366
2016-12-31 10:00:00,0.08,41.0,310.0,833.71,56.0,219.25,0.9,136.0,89000.0,False,12,10,366
2016-12-31 11:00:00,3.12,35.45,352.0,833.13,66.0,232.4,0.55,133.0,88960.0,False,12,11,366
2016-12-31 12:00:00,4.77,34.45,345.0,813.88,69.0,224.5,0.21,120.0,88890.0,False,12,12,366
2016-12-31 13:00:00,5.23,36.05,291.0,793.32,59.0,219.65,0.14,76.0,88850.0,False,12,13,366
2016-12-31 14:00:00,4.95,40.6,191.0,707.21,45.0,218.5,0.28,79.0,88810.0,False,12,14,366
2016-12-31 15:00:00,4.2,42.15,57.0,344.9,27.0,216.55,0.34,127.0,88790.0,False,12,15,366
2016-12-31 16:00:00,-1.6,52.22,0.0,-0.0,0.0,210.57,1.36,147.0,88760.0,False,12,16,366
2016-12-31 17:00:00,-2.02,53.28,0.0,-0.0,0.0,211.27,1.37,145.0,88720.0,False,12,17,366
2016-12-31 18:00:00,-2.43,54.33,0.0,-0.0,0.0,211.97,1.38,143.0,88680.0,False,12,18,366
2016-12-31 19:00:00,-2.85,55.39,0.0,-0.0,0.0,212.67,1.4,137.0,88690.0,False,12,19,366
2016-12-31 20:00:00,-3.27,56.44,0.0,-0.0,0.0,213.37,1.41,138.0,88660.0,False,12,20,366
2016-12-31 21:00:00,-3.69,57.5,0.0,-0.0,0.0,214.07,1.42,139.0,88590.0,False,12,21,366
2016-12-31 22:00:00,-4.1,58.55,0.0,-0.0,0.0,214.76,1.44,140.0,88530.0,False,12,22,366
2016-12-31 23:00:00,-4.52,59.61,0.0,-0.0,0.0,215.46,1.45,141.0,88480.0,False,12,23,366
