time_UTC,T2m,RH,GHI,DNI,DHI,IR,WS,WD,SP,in_season,month,hour_of_day,day_of_year
2012-01-01 00:00:00,2.59,89.15,0.0,-0.0,0.0,280.06,2.3,165.0,88259.0,False,1,0,1
2012-01-01 01:00:00,2.42,90.11,0.0,-0.0,0.0,283.65,2.57,164.0,88233.0,False,1,1,1
2012-01-01 02:00:00,2.26,91.07,0.0,-0.0,0.0,287.25,2.85,162.0,88180.0,False,1,2,1
2012-01-01 03:00:00,2.09,92.02,0.0,-0.0,0.0,290.84,3.13,162.0,88180.0,False,1,3,1
2012-01-01 04:00:00,1.92,92.98,0.0,-0.0,0.0,294.43,3.4,164.0,88172.0,False,1,4,1
2012-01-01 05:00:00,1.76,93.94,0.0,-0.0,0.0,298.03,3.68,166.0,88233.0,False,1,5,1
2012-01-01 06:00:00,1.59,94.9,114.0,270.5,69.0,301.62,3.95,171.0,88250.0,False,1,6,1
2012-01-01 07:00:00,1.43,95.85,200.0,165.7,149.0,305.22,4.23,166.0,88276.0,False,1,7,1
2012-01-01 08:00:00,3.69,91.4,248.0,104.41,205.0,297.0,2.9,161.0,88303.0,False,1,8,1
2012-01-01 09:00:00,4.19,88.65,166.0,2.12,165.0,297.0,3.93,165.0,88268.0,False,1,9,1
2012-01-01 10:00:00,4.63,88.15,57.0,0.0,57.0,310.0,3.31,169.0,88224.0,False,1,10,1
2012-01-01 11:00:00,5.05,87.4,201.0,22.51,191.0,312.2,2.48,173.0,88224.0,False,1,11,1
2012-01-01 12:00:00,5.19,87.1,95.0,0.0,95.0,310.0,1.79,178.0,88215.0,False,1,12,1
2012-01-01 13:00:00,5.05,87.15,94.0,21.42,89.0,310.8,1.24,192.0,88294.0,False,1,13,1
2012-01-01 14:00:00,4.49,90.3,10.0,0.0,10.0,306.0,1.17,268.0,88364.0,False,1,14,1
2012-01-01 15:00:00,3.64,93.5,0.0,-0.0,0.0,317.4,2.28,308.0,88478.0,False,1,15,1
2012-01-01 16:00:00,2.59,94.85,0.0,-0.0,0.0,318.0,3.52,319.0,88591.0,False,1,16,1
2012-01-01 17:00:00,1.54,95.45,0.0,-0.0,0.0,316.6,3.45,326.0,88749.0,False,1,17,1
2012-01-01 18:00:00,1.02,94.05,0.0,-0.0,0.0,302.6,3.59,328.0,88862.0,False,1,18,1
2012-01-01 19:00:00,1.15,94.85,0.0,-0.0,0.0,316.0,4.0,331.0,88941.0,False,1,19,1
2012-01-01 20:00:00,1.17,94.6,0.0,-0.0,0.0,314.2,3.17,331.0,88993.0,False,1,20,1
2012-01-01 21:00:00,1.14,94.75,0.0,-0.0,0.0,310.8,3.24,332.0,89046.0,False,1,21,1
2012-01-01 22:00:00,1.15,94.7,0.0,-0.0,0.0,312.2,3.31,331.0,89046.0,False,1,22,1
2012-01-01 23:00:00,1.12,93.6,0.0,-0.0,0.0,310.6,3.93,332.0,89125.0,False,1,23,1
2012-01-02 00:00:00,0.92,92.8,0.0,-0.0,0.0,306.0,4.0,332.0,89151.0,False,1,0,2
2012-01-02 01:00:00,0.57,90.8,0.0,-0.0,0.0,307.8,4.21,332.0,89238.0,False,1,1,2
2012-01-02 02:00:00,0.26,89.4,0.0,-0.0,0.0,309.6,4.41,332.0,89230.0,False,1,2,2
2012-01-02 03:00:00,-0.02,88.1,0.0,-0.0,0.0,307.8,4.34,333.0,89308.0,False,1,3,2
2012-01-02 04:00:00,-0.31,88.15,0.0,-0.0,0.0,306.2,3.79,331.0,89396.0,False,1,4,2
2012-01-02 05:00:00,-0.53,87.6,0.0,-0.0,0.0,304.2,3.72,331.0,89466.0,False,1,5,2
2012-01-02 06:00:00,-0.57,86.15,93.0,126.28,72.0,304.0,3.79,331.0,89553.0,False,1,6,2
2012-01-02 07:00:00,0.1,85.5,200.0,165.55,149.0,302.8,4.0,334.0,89632.0,False,1,7,2
2012-01-02 08:00:00,0.69,79.3,373.0,526.09,156.0,290.8,4.0,340.0,89667.0,False,1,8,2
2012-01-02 09:00:00,1.3,74.9,438.0,550.33,178.0,298.6,3.86,345.0,89632.0,False,1,9,2
2012-01-02 10:00:00,1.85,72.05,353.0,221.14,246.0,308.0,3.86,349.0,89597.0,False,1,10,2
2012-01-02 11:00:00,2.05,70.75,423.0,609.94,151.0,310.2,3.31,350.0,89536.0,False,1,11,2
2012-01-02 12:00:00,2.33,69.75,352.0,711.32,95.0,296.8,2.62,350.0,89518.0,False,1,12,2
2012-01-02 13:00:00,2.6,68.8,201.0,526.14,77.0,293.6,2.28,349.0,89518.0,False,1,13,2
2012-01-02 14:00:00,2.55,68.75,31.0,64.39,26.0,286.6,2.34,353.0,89553.0,False,1,14,2
2012-01-02 15:00:00,1.76,73.2,0.0,-0.0,0.0,279.4,1.86,351.0,89597.0,False,1,15,2
2012-01-02 16:00:00,1.07,77.7,0.0,-0.0,0.0,277.8,1.59,340.0,89667.0,False,1,16,2
2012-01-02 17:00:00,0.36,82.25,0.0,-0.0,0.0,271.4,1.52,323.0,89710.0,False,1,17,2
2012-01-02 18:00:00,-0.29,86.75,0.0,-0.0,0.0,270.6,1.31,295.0,89754.0,False,1,18,2
2012-01-02 19:00:00,0.0,82.6,0.0,-0.0,0.0,272.4,0.69,263.0,89780.0,False,1,19,2
2012-01-02 20:00:00,-0.17,83.6,0.0,-0.0,0.0,271.4,0.69,249.0,89789.0,False,1,20,2
2012-01-02 21:00:00,-0.61,85.35,0.0,-0.0,0.0,258.8,0.76,244.0,89789.0,False,1,21,2
2012-01-02 22:00:00,-1.19,87.75,0.0,-0.0,0.0,257.0,0.9,252.0,89824.0,False,1,22,2
2012-01-02 23:00:00,-1.39,87.6,0.0,-0.0,0.0,247.2,0.9,259.0,89833.0,False,1,23,2
2012-01-03 00:00:00,-1.52,87.05,0.0,-0.0,0.0,240.6,0.83,256.0,89815.0,False,1,0,3
2012-01-03 01:00:00,-2.07,86.9,0.0,-0.0,0.0,236.0,0.9,235.0,89807.0,False,1,1,3
2012-01-03 02:00:00,-2.9,89.2,0.0,-0.0,0.0,235.0,1.24,218.0,89772.0,False,1,2,3
2012-01-03 03:00:00,-3.28,89.5,0.0,-0.0,0.0,227.6,1.31,210.0,89745.0,False,1,3,3
2012-01-03 04:00:00,-3.03,88.25,0.0,-0.0,0.0,231.0,1.1,204.0,89780.0,False,1,4,3
2012-01-03 05:00:00,-2.67,87.05,0.0,-0.0,0.0,233.6,0.9,195.0,89850.0,False,1,5,3
2012-01-03 06:00:00,-2.26,86.55,143.0,589.15,45.0,233.0,0.69,189.0,89938.0,False,1,6,3
2012-01-03 07:00:00,-0.29,81.15,299.0,726.23,75.0,239.6,0.55,135.0,89999.0,False,1,7,3
2012-01-03 08:00:00,1.36,72.05,417.0,764.69,101.0,241.8,1.31,150.0,89990.0,False,1,8,3
2012-01-03 09:00:00,2.52,66.5,489.0,800.27,110.0,229.4,1.59,159.0,89903.0,False,1,9,3
2012-01-03 10:00:00,3.6,61.55,503.0,805.56,112.0,239.2,1.52,164.0,89798.0,False,1,10,3
2012-01-03 11:00:00,4.46,57.75,452.0,754.8,114.0,231.8,1.24,156.0,89693.0,False,1,11,3
2012-01-03 12:00:00,4.96,55.6,364.0,784.22,79.0,234.2,1.03,131.0,89675.0,False,1,12,3
2012-01-03 13:00:00,5.0,55.0,217.0,647.1,63.0,237.6,1.17,115.0,89675.0,False,1,13,3
2012-01-03 14:00:00,4.3,57.9,50.0,312.31,25.0,232.2,1.24,111.0,89710.0,False,1,14,3
2012-01-03 15:00:00,2.48,73.7,0.0,-0.0,0.0,227.4,0.83,117.0,89754.0,False,1,15,3
2012-01-03 16:00:00,1.98,64.45,0.0,-0.0,0.0,224.6,0.21,166.0,89798.0,False,1,16,3
2012-01-03 17:00:00,1.23,67.0,0.0,-0.0,0.0,221.8,0.48,235.0,89833.0,False,1,17,3
2012-01-03 18:00:00,0.48,69.55,0.0,-0.0,0.0,221.2,0.83,253.0,89850.0,False,1,18,3
2012-01-03 19:00:00,-0.4,74.0,0.0,-0.0,0.0,220.2,1.03,264.0,89850.0,False,1,19,3
2012-01-03 20:00:00,-1.18,76.0,0.0,-0.0,0.0,219.0,1.24,254.0,89842.0,False,1,20,3
2012-01-03 21:00:00,-2.17,77.9,0.0,-0.0,0.0,219.0,1.38,246.0,89815.0,False,1,21,3
2012-01-03 22:00:00,-2.68,77.6,0.0,-0.0,0.0,217.8,1.52,243.0,89859.0,False,1,22,3
2012-01-03 23:00:00,-2.82,75.45,0.0,-0.0,0.0,217.2,1.45,246.0,89824.0,False,1,23,3
2012-01-04 00:00:00,-2.38,70.7,0.0,-0.0,0.0,216.4,1.31,252.0,89824.0,False,1,0,4
2012-01-04 01:00:00,-2.06,66.95,0.0,-0.0,0.0,216.4,1.17,256.0,89798.0,False,1,1,4
2012-01-04 02:00:00,-1.72,63.1,0.0,-0.0,0.0,215.6,1.03,258.0,89772.0,False,1,2,4
2012-01-04 03:00:00,-1.2,59.95,0.0,-0.0,0.0,215.2,0.76,250.0,89745.0,False,1,3,4
2012-01-04 04:00:00,-1.11,59.4,0.0,-0.0,0.0,216.0,0.69,216.0,89763.0,False,1,4,4
2012-01-04 05:00:00,-1.26,59.95,0.0,-0.0,0.0,214.6,0.83,202.0,89772.0,False,1,5,4
2012-01-04 06:00:00,-1.33,60.9,104.0,192.2,72.0,214.8,0.97,205.0,89807.0,False,1,6,4
2012-01-04 07:00:00,-0.32,66.0,209.0,194.21,149.0,216.6,0.62,201.0,89780.0,False,1,7,4
2012-01-04 08:00:00,2.86,53.95,316.0,282.53,199.0,222.0,1.1,173.0,89728.0,False,1,8,4
2012-01-04 09:00:00,4.65,50.45,345.0,221.12,240.0,227.0,1.24,165.0,89606.0,False,1,9,4
2012-01-04 10:00:00,5.91,46.8,312.0,129.36,249.0,230.4,0.97,145.0,89457.0,False,1,10,4
2012-01-04 11:00:00,6.63,43.85,353.0,304.61,216.0,233.2,1.1,111.0,89343.0,False,1,11,4
2012-01-04 12:00:00,6.82,43.45,355.0,700.15,99.0,234.0,1.31,99.0,89291.0,False,1,12,4
2012-01-04 13:00:00,6.49,45.1,220.0,661.44,61.0,233.0,1.38,102.0,89282.0,False,1,13,4
2012-01-04 14:00:00,5.32,50.6,54.0,363.51,24.0,230.4,1.31,110.0,89282.0,False,1,14,4
2012-01-04 15:00:00,3.24,61.8,0.0,-0.0,0.0,226.0,0.9,144.0,89299.0,False,1,15,4
2012-01-04 16:00:00,2.02,62.05,0.0,-0.0,0.0,223.8,1.17,196.0,89291.0,False,1,16,4
2012-01-04 17:00:00,-0.47,71.4,0.0,-0.0,0.0,222.0,1.79,215.0,89308.0,False,1,17,4
2012-01-04 18:00:00,-1.83,75.7,0.0,-0.0,0.0,220.8,2.07,220.0,89291.0,False,1,18,4
2012-01-04 19:00:00,-2.06,74.9,0.0,-0.0,0.0,219.4,1.93,223.0,89273.0,False,1,19,4
2012-01-04 20:00:00,-2.5,75.5,0.0,-0.0,0.0,218.4,2.0,224.0,89247.0,False,1,20,4
2012-01-04 21:00:00,-2.82,75.6,0.0,-0.0,0.0,216.8,1.93,226.0,89212.0,False,1,21,4
2012-01-04 22:00:00,-3.07,75.5,0.0,-0.0,0.0,215.6,1.93,225.0,89221.0,False,1,22,4
2012-01-04 23:00:00,-3.59,76.95,0.0,-0.0,0.0,214.6,2.0,224.0,89186.0,False,1,23,4
2012-01-05 00:00:00,-4.02,78.4,0.0,-0.0,0.0,214.0,2.14,226.0,89203.0,False,1,0,5
2012-01-05 01:00:00,-4.27,80.3,0.0,-0.0,0.0,213.2,2.14,229.0,89160.0,False,1,1,5
2012-01-05 02:00:00,-4.61,81.5,0.0,-0.0,0.0,213.2,2.07,230.0,89133.0,False,1,2,5
2012-01-05 03:00:00,-4.83,82.0,0.0,-0.0,0.0,212.8,2.07,231.0,89098.0,False,1,3,5
2012-01-05 04:00:00,-5.0,82.25,0.0,-0.0,0.0,213.0,2.14,231.0,89098.0,False,1,4,5
2012-01-05 05:00:00,-5.12,82.2,0.0,-0.0,0.0,213.0,2.14,230.0,89081.0,False,1,5,5
2012-01-05 06:00:00,-4.28,80.65,77.0,53.97,68.0,215.4,1.66,226.0,89107.0,False,1,6,5
2012-01-05 07:00:00,-0.32,68.95,179.0,100.15,148.0,224.4,1.03,212.0,89063.0,False,1,7,5
2012-01-05 08:00:00,3.6,50.55,248.0,101.18,206.0,239.4,1.45,179.0,89037.0,False,1,8,5
2012-01-05 09:00:00,5.46,44.05,301.0,123.89,242.0,251.0,2.0,174.0,88941.0,False,1,9,5
2012-01-05 10:00:00,6.83,40.65,351.0,208.7,249.0,249.8,2.21,174.0,88775.0,False,1,10,5
2012-01-05 11:00:00,7.5,39.35,305.0,168.21,229.0,251.2,2.21,172.0,88644.0,False,1,11,5
2012-01-05 12:00:00,7.85,39.95,322.0,491.91,141.0,260.2,2.28,174.0,88583.0,False,1,12,5
2012-01-05 13:00:00,7.26,43.85,209.0,531.15,80.0,260.6,1.72,160.0,88574.0,False,1,13,5
2012-01-05 14:00:00,5.86,50.75,45.0,176.29,30.0,259.6,1.79,150.0,88521.0,False,1,14,5
2012-01-05 15:00:00,3.22,67.05,0.0,-0.0,0.0,257.4,1.59,169.0,88513.0,False,1,15,5
2012-01-05 16:00:00,1.33,71.85,0.0,-0.0,0.0,252.4,1.86,197.0,88513.0,False,1,16,5
2012-01-05 17:00:00,0.14,75.4,0.0,-0.0,0.0,254.2,2.34,214.0,88486.0,False,1,17,5
2012-01-05 18:00:00,-0.45,77.5,0.0,-0.0,0.0,252.0,2.55,224.0,88478.0,False,1,18,5
2012-01-05 19:00:00,-0.45,77.85,0.0,-0.0,0.0,259.4,2.55,218.0,88469.0,False,1,19,5
2012-01-05 20:00:00,-0.96,81.1,0.0,-0.0,0.0,251.0,2.48,222.0,88486.0,False,1,20,5
2012-01-05 21:00:00,-1.48,83.8,0.0,-0.0,0.0,245.0,2.41,217.0,88451.0,False,1,21,5
2012-01-05 22:00:00,-2.01,85.45,0.0,-0.0,0.0,234.6,2.48,213.0,88443.0,False,1,22,5
2012-01-05 23:00:00,-2.26,87.35,0.0,-0.0,0.0,236.2,2.41,216.0,88460.0,False,1,23,5
2012-01-06 00:00:00,-2.57,89.25,0.0,-0.0,0.0,234.4,2.34,220.0,88451.0,False,1,0,6
2012-01-06 01:00:00,-2.38,90.8,0.0,-0.0,0.0,250.4,2.14,219.0,88443.0,False,1,1,6
2012-01-06 02:00:00,-2.32,91.85,0.0,-0.0,0.0,253.8,2.0,211.0,88390.0,False,1,2,6
2012-01-06 03:00:00,-2.76,92.6,0.0,-0.0,0.0,238.2,2.14,202.0,88346.0,False,1,3,6
2012-01-06 04:00:00,-3.11,93.15,0.0,-0.0,0.0,233.0,2.21,205.0,88355.0,False,1,4,6
2012-01-06 05:00:00,-3.2,93.55,0.0,-0.0,0.0,238.2,2.07,208.0,88373.0,False,1,5,6
2012-01-06 06:00:00,-2.41,93.75,120.0,317.14,67.0,240.0,1.86,198.0,88434.0,False,1,6,6
2012-01-06 07:00:00,1.24,84.9,301.0,728.4,75.0,239.8,2.21,185.0,88460.0,False,1,7,6
2012-01-06 08:00:00,3.67,75.4,430.0,826.52,86.0,245.8,3.03,173.0,88451.0,False,1,8,6
2012-01-06 09:00:00,5.43,68.7,500.0,833.14,102.0,250.6,4.34,174.0,88303.0,False,1,9,6
2012-01-06 10:00:00,6.77,63.5,515.0,839.8,103.0,252.6,5.38,178.0,88145.0,False,1,10,6
2012-01-06 11:00:00,7.77,58.5,364.0,330.41,214.0,260.0,6.21,180.0,88032.0,False,1,11,6
2012-01-06 12:00:00,8.23,55.25,285.0,307.81,171.0,285.0,6.48,182.0,87953.0,False,1,12,6
2012-01-06 13:00:00,7.95,56.6,196.0,407.44,96.0,298.6,5.45,172.0,87988.0,False,1,13,6
2012-01-06 14:00:00,6.82,61.25,55.0,296.4,29.0,285.4,5.38,169.0,87953.0,False,1,14,6
2012-01-06 15:00:00,5.36,68.1,0.0,-0.0,0.0,281.6,5.03,170.0,87997.0,False,1,15,6
2012-01-06 16:00:00,4.41,73.4,0.0,-0.0,0.0,278.4,5.1,169.0,88049.0,False,1,16,6
2012-01-06 17:00:00,3.9,76.75,0.0,-0.0,0.0,280.8,5.38,168.0,88093.0,False,1,17,6
2012-01-06 18:00:00,3.32,80.3,0.0,-0.0,0.0,270.6,5.52,167.0,88110.0,False,1,18,6
2012-01-06 19:00:00,3.25,80.75,0.0,-0.0,0.0,259.8,6.07,169.0,88119.0,False,1,19,6
2012-01-06 20:00:00,2.99,84.3,0.0,-0.0,0.0,266.6,6.0,166.0,88137.0,False,1,20,6
2012-01-06 21:00:00,2.8,89.0,0.0,-0.0,0.0,271.2,6.07,165.0,88128.0,False,1,21,6
2012-01-06 22:00:00,2.75,91.0,0.0,-0.0,0.0,269.8,6.55,166.0,88084.0,False,1,22,6
2012-01-06 23:00:00,3.06,90.45,0.0,-0.0,0.0,287.2,6.97,167.0,88067.0,False,1,23,6
2012-01-07 00:00:00,3.25,90.05,0.0,-0.0,0.0,284.2,6.97,166.0,88093.0,False,1,0,7
2012-01-07 01:00:00,3.27,90.3,0.0,-0.0,0.0,272.0,6.9,162.0,88093.0,False,1,1,7
2012-01-07 02:00:00,3.22,90.9,0.0,-0.0,0.0,275.4,6.97,158.0,88058.0,False,1,2,7
2012-01-07 03:00:00,3.23,91.65,0.0,-0.0,0.0,283.0,7.1,157.0,88102.0,False,1,3,7
2012-01-07 04:00:00,3.22,92.0,0.0,-0.0,0.0,292.4,6.83,159.0,88067.0,False,1,4,7
2012-01-07 05:00:00,3.26,92.25,0.0,-0.0,0.0,297.8,6.41,160.0,88128.0,False,1,5,7
2012-01-07 06:00:00,3.64,91.85,88.0,95.47,72.0,302.6,6.14,160.0,88163.0,False,1,6,7
2012-01-07 07:00:00,4.86,89.95,254.0,395.37,131.0,290.6,6.0,160.0,88189.0,False,1,7,7
2012-01-07 08:00:00,6.07,83.8,290.0,191.65,210.0,293.8,6.83,158.0,88163.0,False,1,8,7
2012-01-07 09:00:00,7.34,75.55,311.0,137.7,245.0,292.8,8.62,165.0,88093.0,False,1,9,7
2012-01-07 10:00:00,8.14,69.55,216.0,16.24,208.0,297.8,9.17,170.0,87979.0,False,1,10,7
2012-01-07 11:00:00,8.7,63.85,271.0,94.25,228.0,304.2,9.03,175.0,87900.0,False,1,11,7
2012-01-07 12:00:00,9.05,58.65,109.0,0.0,109.0,292.2,8.28,174.0,87874.0,False,1,12,7
2012-01-07 13:00:00,8.8,57.0,237.0,757.79,49.0,277.0,7.59,174.0,87970.0,False,1,13,7
2012-01-07 14:00:00,7.77,60.95,47.0,154.82,33.0,272.0,6.97,171.0,87970.0,False,1,14,7
2012-01-07 15:00:00,6.34,69.05,0.0,-0.0,0.0,272.6,6.21,168.0,88023.0,False,1,15,7
2012-01-07 16:00:00,5.56,76.4,0.0,-0.0,0.0,284.4,5.52,168.0,88075.0,False,1,16,7
2012-01-07 17:00:00,4.91,82.6,0.0,-0.0,0.0,287.8,4.9,166.0,88137.0,False,1,17,7
2012-01-07 18:00:00,4.39,86.9,0.0,-0.0,0.0,288.8,4.55,167.0,88154.0,False,1,18,7
2012-01-07 19:00:00,4.3,87.0,0.0,-0.0,0.0,283.6,4.76,168.0,88137.0,False,1,19,7
2012-01-07 20:00:00,4.08,88.3,0.0,-0.0,0.0,278.6,4.76,168.0,88154.0,False,1,20,7
2012-01-07 21:00:00,3.99,88.7,0.0,-0.0,0.0,285.6,4.9,169.0,88128.0,False,1,21,7
2012-01-07 22:00:00,3.85,88.75,0.0,-0.0,0.0,287.2,5.03,167.0,88137.0,False,1,22,7
2012-01-07 23:00:00,3.74,88.5,0.0,-0.0,0.0,288.0,5.66,164.0,88093.0,False,1,23,7
2012-01-08 00:00:00,3.56,89.4,0.0,-0.0,0.0,288.6,6.21,162.0,88058.0,False,1,0,8
2012-01-08 01:00:00,3.28,90.45,0.0,-0.0,0.0,278.2,6.14,164.0,88032.0,False,1,1,8
2012-01-08 02:00:00,2.96,91.65,0.0,-0.0,0.0,280.2,5.66,169.0,87962.0,False,1,2,8
2012-01-08 03:00:00,2.59,92.2,0.0,-0.0,0.0,271.0,5.31,168.0,87970.0,False,1,3,8
2012-01-08 04:00:00,2.43,92.35,0.0,-0.0,0.0,273.2,5.17,166.0,87988.0,False,1,4,8
2012-01-08 05:00:00,2.41,92.25,0.0,-0.0,0.0,279.8,4.83,170.0,88014.0,False,1,5,8
2012-01-08 06:00:00,2.48,92.55,102.0,172.44,73.0,276.4,4.07,174.0,88058.0,False,1,6,8
2012-01-08 07:00:00,3.11,91.75,181.0,102.55,149.0,275.2,2.76,177.0,88119.0,False,1,7,8
2012-01-08 08:00:00,4.86,78.5,268.0,136.12,211.0,270.8,4.55,179.0,88110.0,False,1,8,8
2012-01-08 09:00:00,6.17,71.05,318.0,147.6,247.0,265.6,4.69,187.0,88084.0,False,1,9,8
2012-01-08 10:00:00,7.03,63.25,370.0,244.64,249.0,261.6,4.34,199.0,87997.0,False,1,10,8
2012-01-08 11:00:00,7.54,60.05,320.0,191.88,232.0,266.6,3.86,198.0,87927.0,False,1,11,8
2012-01-08 12:00:00,8.17,57.55,185.0,42.61,169.0,260.0,3.66,198.0,87927.0,False,1,12,8
2012-01-08 13:00:00,7.88,58.4,163.0,187.38,116.0,267.8,3.45,201.0,87979.0,False,1,13,8
2012-01-08 14:00:00,6.96,64.1,38.0,53.64,33.0,253.4,2.55,201.0,87970.0,False,1,14,8
2012-01-08 15:00:00,5.43,70.75,0.0,-0.0,0.0,251.8,2.07,181.0,87997.0,False,1,15,8
2012-01-08 16:00:00,3.58,78.0,0.0,-0.0,0.0,238.8,2.14,179.0,88023.0,False,1,16,8
2012-01-08 17:00:00,1.99,83.55,0.0,-0.0,0.0,240.0,2.28,187.0,88067.0,False,1,17,8
2012-01-08 18:00:00,0.82,87.3,0.0,-0.0,0.0,242.6,2.21,192.0,88093.0,False,1,18,8
2012-01-08 19:00:00,0.36,91.1,0.0,-0.0,0.0,244.2,2.28,188.0,88137.0,False,1,19,8
2012-01-08 20:00:00,0.09,92.35,0.0,-0.0,0.0,252.6,2.28,187.0,88137.0,False,1,20,8
2012-01-08 21:00:00,-0.1,93.1,0.0,-0.0,0.0,250.2,2.34,183.0,88110.0,False,1,21,8
2012-01-08 22:00:00,0.25,94.0,0.0,-0.0,0.0,269.0,2.34,181.0,87997.0,False,1,22,8
2012-01-08 23:00:00,0.91,94.35,0.0,-0.0,0.0,283.4,2.55,180.0,87979.0,False,1,23,8
2012-01-09 00:00:00,1.11,95.05,0.0,-0.0,0.0,278.2,2.83,178.0,87979.0,False,1,0,9
2012-01-09 01:00:00,1.05,95.65,0.0,-0.0,0.0,273.6,2.76,178.0,87935.0,False,1,1,9
2012-01-09 02:00:00,0.52,95.7,0.0,-0.0,0.0,256.4,2.62,184.0,87944.0,False,1,2,9
2012-01-09 03:00:00,0.3,94.35,0.0,-0.0,0.0,257.4,2.48,188.0,87979.0,False,1,3,9
2012-01-09 04:00:00,0.16,92.6,0.0,-0.0,0.0,257.2,2.48,188.0,88005.0,False,1,4,9
2012-01-09 05:00:00,0.44,91.0,0.0,-0.0,0.0,270.2,2.55,183.0,88067.0,False,1,5,9
2012-01-09 06:00:00,0.9,89.8,140.0,532.96,50.0,258.0,2.55,183.0,88110.0,False,1,6,9
2012-01-09 07:00:00,3.38,79.95,303.0,715.44,79.0,231.2,3.1,198.0,88207.0,False,1,7,9
2012-01-09 08:00:00,5.36,63.35,360.0,433.15,178.0,232.0,5.1,229.0,88259.0,False,1,8,9
2012-01-09 09:00:00,6.25,56.65,506.0,834.66,103.0,246.8,5.52,245.0,88276.0,False,1,9,9
2012-01-09 10:00:00,6.58,52.1,472.0,593.83,177.0,252.8,5.38,253.0,88355.0,False,1,10,9
2012-01-09 11:00:00,6.73,47.55,388.0,396.9,205.0,246.0,5.24,254.0,88346.0,False,1,11,9
2012-01-09 12:00:00,6.73,44.1,365.0,679.64,108.0,241.0,5.24,253.0,88390.0,False,1,12,9
2012-01-09 13:00:00,6.48,43.0,223.0,567.73,79.0,243.6,4.41,252.0,88451.0,False,1,13,9
2012-01-09 14:00:00,5.79,47.45,67.0,416.43,27.0,247.4,2.97,249.0,88530.0,False,1,14,9
2012-01-09 15:00:00,4.23,55.7,0.0,-0.0,0.0,235.4,2.14,233.0,88591.0,False,1,15,9
2012-01-09 16:00:00,2.22,69.35,0.0,-0.0,0.0,231.4,1.59,219.0,88661.0,False,1,16,9
2012-01-09 17:00:00,1.88,66.15,0.0,-0.0,0.0,230.8,1.24,221.0,88731.0,False,1,17,9
2012-01-09 18:00:00,1.38,67.1,0.0,-0.0,0.0,225.2,1.1,228.0,88810.0,False,1,18,9
2012-01-09 19:00:00,1.83,67.0,0.0,-0.0,0.0,250.0,0.55,265.0,88871.0,False,1,19,9
2012-01-09 20:00:00,1.34,70.35,0.0,-0.0,0.0,246.2,0.48,283.0,88915.0,False,1,20,9
2012-01-09 21:00:00,0.79,73.3,0.0,-0.0,0.0,240.8,0.34,291.0,88924.0,False,1,21,9
2012-01-09 22:00:00,0.51,75.05,0.0,-0.0,0.0,246.2,0.34,304.0,88915.0,False,1,22,9
2012-01-09 23:00:00,0.31,76.05,0.0,-0.0,0.0,242.0,0.28,8.0,88932.0,False,1,23,9
2012-01-10 00:00:00,0.58,75.45,0.0,-0.0,0.0,271.0,0.28,46.0,88941.0,False,1,0,10
2012-01-10 01:00:00,0.66,74.75,0.0,-0.0,0.0,277.4,0.21,102.0,88950.0,False,1,1,10
2012-01-10 02:00:00,0.92,74.5,0.0,-0.0,0.0,291.6,0.41,143.0,88915.0,False,1,2,10
2012-01-10 03:00:00,0.69,77.9,0.0,-0.0,0.0,295.2,0.83,128.0,88871.0,False,1,3,10
2012-01-10 04:00:00,0.03,84.8,0.0,-0.0,0.0,298.0,1.17,136.0,88871.0,False,1,4,10
2012-01-10 05:00:00,-0.42,88.65,0.0,-0.0,0.0,281.8,1.79,145.0,88854.0,False,1,5,10
2012-01-10 06:00:00,0.0,91.35,62.0,11.79,60.0,295.2,1.79,148.0,88827.0,False,1,6,10
2012-01-10 07:00:00,0.5,92.5,60.0,0.0,60.0,300.6,0.9,92.0,88845.0,False,1,7,10
2012-01-10 08:00:00,1.15,90.7,127.0,0.0,127.0,301.6,1.24,134.0,88819.0,False,1,8,10
2012-01-10 09:00:00,2.07,88.7,113.0,0.0,113.0,297.6,2.55,165.0,88749.0,False,1,9,10
2012-01-10 10:00:00,3.31,88.3,59.0,0.0,59.0,294.8,3.59,173.0,88609.0,False,1,10,10
2012-01-10 11:00:00,4.79,83.35,51.0,0.0,51.0,303.8,4.48,176.0,88469.0,False,1,11,10
2012-01-10 12:00:00,5.48,84.6,63.0,0.0,63.0,288.6,3.66,174.0,88381.0,False,1,12,10
2012-01-10 13:00:00,5.55,86.1,73.0,0.0,73.0,282.8,3.93,176.0,88364.0,False,1,13,10
2012-01-10 14:00:00,5.07,87.1,6.0,0.0,6.0,292.2,3.45,178.0,88355.0,False,1,14,10
2012-01-10 15:00:00,4.01,88.95,0.0,-0.0,0.0,279.4,2.9,178.0,88390.0,False,1,15,10
2012-01-10 16:00:00,3.22,90.2,0.0,-0.0,0.0,279.6,2.76,175.0,88390.0,False,1,16,10
2012-01-10 17:00:00,2.73,90.15,0.0,-0.0,0.0,274.8,3.1,168.0,88434.0,False,1,17,10
2012-01-10 18:00:00,2.65,89.8,0.0,-0.0,0.0,278.0,3.66,162.0,88443.0,False,1,18,10
2012-01-10 19:00:00,2.56,92.65,0.0,-0.0,0.0,269.0,3.66,164.0,88478.0,False,1,19,10
2012-01-10 20:00:00,2.38,93.7,0.0,-0.0,0.0,270.6,3.59,169.0,88495.0,False,1,20,10
2012-01-10 21:00:00,1.73,94.7,0.0,-0.0,0.0,277.8,3.52,171.0,88504.0,False,1,21,10
2012-01-10 22:00:00,1.35,95.25,0.0,-0.0,0.0,268.8,3.24,169.0,88408.0,False,1,22,10
2012-01-10 23:00:00,1.08,95.35,0.0,-0.0,0.0,270.8,3.24,168.0,88425.0,False,1,23,10
2012-01-11 00:00:00,0.9,95.2,0.0,-0.0,0.0,273.8,3.17,166.0,88408.0,False,1,0,11
2012-01-11 01:00:00,0.73,95.05,0.0,-0.0,0.0,269.6,3.24,161.0,88443.0,False,1,1,11
2012-01-11 02:00:00,1.06,93.85,0.0,-0.0,0.0,282.8,3.52,160.0,88425.0,False,1,2,11
2012-01-11 03:00:00,1.04,92.8,0.0,-0.0,0.0,270.2,3.59,161.0,88425.0,False,1,3,11
2012-01-11 04:00:00,0.76,92.6,0.0,-0.0,0.0,266.6,3.31,164.0,88443.0,False,1,4,11
2012-01-11 05:00:00,-0.06,93.5,0.0,-0.0,0.0,252.0,2.9,169.0,88460.0,False,1,5,11
2012-01-11 06:00:00,0.07,94.15,106.0,187.6,74.0,267.8,2.48,170.0,88478.0,False,1,6,11
2012-01-11 07:00:00,1.18,94.4,207.0,174.31,152.0,255.4,2.14,157.0,88513.0,False,1,7,11
2012-01-11 08:00:00,3.65,85.1,352.0,384.99,189.0,259.6,3.03,151.0,88513.0,False,1,8,11
2012-01-11 09:00:00,5.09,72.5,306.0,119.15,248.0,266.4,4.48,150.0,88425.0,False,1,9,11
2012-01-11 10:00:00,6.63,64.55,381.0,259.27,251.0,269.8,4.34,150.0,88390.0,False,1,10,11
2012-01-11 11:00:00,7.07,62.4,217.0,25.74,205.0,295.6,3.72,146.0,88311.0,False,1,11,11
2012-01-11 12:00:00,7.15,62.8,38.0,0.0,38.0,283.6,3.24,141.0,88285.0,False,1,12,11
2012-01-11 13:00:00,6.59,67.0,45.0,0.0,45.0,308.2,2.34,146.0,88338.0,False,1,13,11
2012-01-11 14:00:00,5.28,78.9,42.0,49.04,37.0,308.4,1.72,158.0,88425.0,False,1,14,11
2012-01-11 15:00:00,3.88,85.85,0.0,-0.0,0.0,300.8,2.14,161.0,88469.0,False,1,15,11
2012-01-11 16:00:00,2.07,93.75,0.0,-0.0,0.0,303.6,2.0,160.0,88521.0,False,1,16,11
2012-01-11 17:00:00,1.28,99.25,0.0,-0.0,0.0,305.0,0.97,159.0,88556.0,False,1,17,11
2012-01-11 18:00:00,1.09,99.35,0.0,-0.0,0.0,306.8,0.62,169.0,88583.0,False,1,18,11
2012-01-11 19:00:00,2.33,88.4,0.0,-0.0,0.0,279.8,0.48,149.0,88617.0,False,1,19,11
2012-01-11 20:00:00,1.89,89.8,0.0,-0.0,0.0,269.2,0.41,202.0,88679.0,False,1,20,11
2012-01-11 21:00:00,1.11,93.3,0.0,-0.0,0.0,268.8,0.69,240.0,88705.0,False,1,21,11
2012-01-11 22:00:00,-0.69,97.95,0.0,-0.0,0.0,269.2,1.24,260.0,88731.0,False,1,22,11
2012-01-11 23:00:00,-1.17,98.1,0.0,-0.0,0.0,278.0,1.31,272.0,88792.0,False,1,23,11
2012-01-12 00:00:00,-0.85,98.45,0.0,-0.0,0.0,289.2,1.1,280.0,88819.0,False,1,0,12
2012-01-12 01:00:00,-0.64,97.7,0.0,-0.0,0.0,292.0,1.1,289.0,88862.0,False,1,1,12
2012-01-12 02:00:00,-0.44,97.35,0.0,-0.0,0.0,293.4,1.03,298.0,88880.0,False,1,2,12
2012-01-12 03:00:00,-0.48,97.65,0.0,-0.0,0.0,290.6,1.03,300.0,88932.0,False,1,3,12
2012-01-12 04:00:00,-0.44,97.4,0.0,-0.0,0.0,293.2,1.03,300.0,88976.0,False,1,4,12
2012-01-12 05:00:00,-0.51,97.2,0.0,-0.0,0.0,295.4,1.17,306.0,89011.0,False,1,5,12
2012-01-12 06:00:00,-0.47,96.75,95.0,116.56,75.0,291.2,1.31,311.0,89055.0,False,1,6,12
2012-01-12 07:00:00,0.52,92.2,148.0,34.71,137.0,302.0,1.31,307.0,89116.0,False,1,7,12
2012-01-12 08:00:00,1.46,87.8,314.0,246.97,209.0,305.8,1.38,312.0,89133.0,False,1,8,12
2012-01-12 09:00:00,1.93,84.45,394.0,331.34,232.0,297.2,1.66,320.0,89133.0,False,1,9,12
2012-01-12 10:00:00,2.25,81.6,116.0,0.0,116.0,291.2,2.14,325.0,89098.0,False,1,10,12
2012-01-12 11:00:00,2.56,79.2,75.0,0.0,75.0,304.0,2.62,327.0,89081.0,False,1,11,12
2012-01-12 12:00:00,2.4,79.85,84.0,0.0,84.0,298.2,2.97,326.0,89046.0,False,1,12,12
2012-01-12 13:00:00,2.31,80.15,198.0,327.56,112.0,298.8,3.1,328.0,89063.0,False,1,13,12
2012-01-12 14:00:00,1.9,81.4,59.0,180.94,40.0,288.6,3.03,331.0,89098.0,False,1,14,12
2012-01-12 15:00:00,1.02,85.3,0.0,-0.0,0.0,273.8,2.55,333.0,89125.0,False,1,15,12
2012-01-12 16:00:00,0.22,88.2,0.0,-0.0,0.0,275.8,2.34,328.0,89177.0,False,1,16,12
2012-01-12 17:00:00,-0.2,89.0,0.0,-0.0,0.0,283.4,2.28,320.0,89177.0,False,1,17,12
2012-01-12 18:00:00,-0.42,89.15,0.0,-0.0,0.0,288.0,2.0,316.0,89203.0,False,1,18,12
2012-01-12 19:00:00,-0.26,89.7,0.0,-0.0,0.0,292.0,2.14,320.0,89221.0,False,1,19,12
2012-01-12 20:00:00,-0.49,91.3,0.0,-0.0,0.0,286.8,1.93,320.0,89230.0,False,1,20,12
2012-01-12 21:00:00,-0.98,92.85,0.0,-0.0,0.0,276.4,2.0,320.0,89195.0,False,1,21,12
2012-01-12 22:00:00,-1.16,93.5,0.0,-0.0,0.0,280.8,2.07,320.0,89151.0,False,1,22,12
2012-01-12 23:00:00,-0.96,92.75,0.0,-0.0,0.0,293.4,2.0,321.0,89160.0,False,1,23,12
2012-01-13 00:00:00,-0.6,91.4,0.0,-0.0,0.0,301.6,2.28,324.0,89160.0,False,1,0,13
2012-01-13 01:00:00,-0.49,90.65,0.0,-0.0,0.0,299.8,2.28,324.0,89151.0,False,1,1,13
2012-01-13 02:00:00,-0.55,89.25,0.0,-0.0,0.0,300.2,2.62,327.0,89125.0,False,1,2,13
2012-01-13 03:00:00,-0.64,87.35,0.0,-0.0,0.0,304.0,2.62,326.0,89142.0,False,1,3,13
2012-01-13 04:00:00,-0.77,86.2,0.0,-0.0,0.0,302.0,2.41,324.0,89195.0,False,1,4,13
2012-01-13 05:00:00,-0.9,85.65,0.0,-0.0,0.0,300.6,2.21,321.0,89186.0,False,1,5,13
2012-01-13 06:00:00,-0.9,84.85,88.0,81.06,74.0,295.0,2.14,319.0,89221.0,False,1,6,13
2012-01-13 07:00:00,-0.22,82.8,195.0,128.77,154.0,302.0,2.07,329.0,89212.0,False,1,7,13
2012-01-13 08:00:00,0.54,79.3,334.0,306.78,203.0,284.0,1.66,339.0,89203.0,False,1,8,13
2012-01-13 09:00:00,1.32,71.55,325.0,148.63,252.0,293.8,1.24,352.0,89160.0,False,1,9,13
2012-01-13 10:00:00,2.03,64.8,323.0,124.39,260.0,283.8,0.55,332.0,89063.0,False,1,10,13
2012-01-13 11:00:00,2.66,61.0,160.0,2.12,159.0,295.8,0.55,277.0,88950.0,False,1,11,13
2012-01-13 12:00:00,3.11,58.0,236.0,112.9,192.0,291.4,0.83,259.0,88871.0,False,1,12,13
2012-01-13 13:00:00,3.54,54.25,187.0,255.96,119.0,274.8,1.03,258.0,88897.0,False,1,13,13
2012-01-13 14:00:00,3.37,54.4,47.0,64.74,40.0,262.6,0.62,252.0,88880.0,False,1,14,13
2012-01-13 15:00:00,2.47,63.35,0.0,-0.0,0.0,242.4,0.41,150.0,88897.0,False,1,15,13
2012-01-13 16:00:00,1.28,65.8,0.0,-0.0,0.0,228.8,0.69,175.0,88924.0,False,1,16,13
2012-01-13 17:00:00,-0.32,73.0,0.0,-0.0,0.0,222.8,1.17,199.0,88924.0,False,1,17,13
2012-01-13 18:00:00,-2.06,79.75,0.0,-0.0,0.0,219.6,1.86,206.0,88915.0,False,1,18,13
2012-01-13 19:00:00,-3.03,81.65,0.0,-0.0,0.0,213.6,2.28,206.0,88915.0,False,1,19,13
2012-01-13 20:00:00,-3.59,82.9,0.0,-0.0,0.0,212.4,2.21,217.0,88906.0,False,1,20,13
2012-01-13 21:00:00,-4.06,83.8,0.0,-0.0,0.0,211.4,2.07,223.0,88932.0,False,1,21,13
2012-01-13 22:00:00,-4.43,84.2,0.0,-0.0,0.0,209.8,2.07,223.0,88950.0,False,1,22,13
2012-01-13 23:00:00,-4.73,84.5,0.0,-0.0,0.0,208.0,2.07,220.0,88950.0,False,1,23,13
2012-01-14 00:00:00,-4.95,85.05,0.0,-0.0,0.0,208.0,2.07,219.0,88941.0,False,1,0,14
2012-01-14 01:00:00,-5.24,85.4,0.0,-0.0,0.0,206.2,2.0,222.0,88915.0,False,1,1,14
2012-01-14 02:00:00,-5.5,86.3,0.0,-0.0,0.0,206.6,2.0,226.0,88915.0,False,1,2,14
2012-01-14 03:00:00,-5.65,86.95,0.0,-0.0,0.0,206.0,1.93,226.0,88880.0,False,1,3,14
2012-01-14 04:00:00,-5.71,87.4,0.0,-0.0,0.0,205.6,1.93,225.0,88906.0,False,1,4,14
2012-01-14 05:00:00,-5.65,87.7,0.0,0.0,0.0,207.8,1.93,224.0,88924.0,False,1,5,14
2012-01-14 06:00:00,-4.51,86.5,145.0,534.68,52.0,208.0,1.59,223.0,88950.0,False,1,6,14
2012-01-14 07:00:00,-1.0,74.75,305.0,681.25,87.0,211.2,1.1,225.0,88993.0,False,1,7,14
2012-01-14 08:00:00,1.97,65.15,439.0,801.87,95.0,228.8,1.17,198.0,88993.0,False,1,8,14
2012-01-14 09:00:00,3.84,59.35,521.0,855.11,99.0,243.6,1.59,190.0,88924.0,False,1,9,14
2012-01-14 10:00:00,5.18,55.45,543.0,879.95,95.0,235.8,2.28,202.0,88810.0,False,1,10,14
2012-01-14 11:00:00,6.07,52.75,505.0,890.93,82.0,245.4,3.24,213.0,88679.0,False,1,11,14
2012-01-14 12:00:00,6.63,51.0,413.0,906.24,57.0,236.6,3.93,219.0,88591.0,False,1,12,14
2012-01-14 13:00:00,6.41,52.85,260.0,769.94,53.0,243.4,3.86,217.0,88574.0,False,1,13,14
2012-01-14 14:00:00,5.28,58.95,66.0,206.66,43.0,236.6,3.59,214.0,88565.0,False,1,14,14
2012-01-14 15:00:00,3.25,67.95,0.0,-0.0,0.0,240.8,3.1,211.0,88600.0,False,1,15,14
2012-01-14 16:00:00,1.83,75.2,0.0,-0.0,0.0,242.4,3.03,201.0,88591.0,False,1,16,14
2012-01-14 17:00:00,0.7,80.3,0.0,-0.0,0.0,233.8,2.83,194.0,88591.0,False,1,17,14
2012-01-14 18:00:00,-0.03,82.7,0.0,-0.0,0.0,229.6,3.1,186.0,88644.0,False,1,18,14
2012-01-14 19:00:00,0.21,81.75,0.0,-0.0,0.0,237.0,3.31,175.0,88617.0,False,1,19,14
2012-01-14 20:00:00,0.19,80.85,0.0,-0.0,0.0,240.8,3.45,174.0,88583.0,False,1,20,14
2012-01-14 21:00:00,0.68,78.55,0.0,-0.0,0.0,268.2,3.52,174.0,88539.0,False,1,21,14
2012-01-14 22:00:00,0.76,79.0,0.0,-0.0,0.0,263.0,3.72,177.0,88478.0,False,1,22,14
2012-01-14 23:00:00,0.73,81.25,0.0,-0.0,0.0,260.4,3.59,179.0,88443.0,False,1,23,14
2012-01-15 00:00:00,0.6,84.9,0.0,-0.0,0.0,255.6,3.45,182.0,88408.0,False,1,0,15
2012-01-15 01:00:00,0.92,86.75,0.0,-0.0,0.0,270.6,3.45,180.0,88355.0,False,1,1,15
2012-01-15 02:00:00,1.25,88.2,0.0,-0.0,0.0,275.6,3.52,179.0,88311.0,False,1,2,15
2012-01-15 03:00:00,1.32,89.8,0.0,-0.0,0.0,270.4,3.31,185.0,88285.0,False,1,3,15
2012-01-15 04:00:00,0.98,92.7,0.0,-0.0,0.0,287.6,1.79,203.0,88329.0,False,1,4,15
2012-01-15 05:00:00,1.48,90.2,0.0,0.0,0.0,298.4,0.83,330.0,88399.0,False,1,5,15
2012-01-15 06:00:00,0.45,95.0,17.0,0.0,17.0,288.0,1.66,341.0,88521.0,False,1,6,15
2012-01-15 07:00:00,0.69,92.25,143.0,24.87,135.0,275.6,2.07,6.0,88600.0,False,1,7,15
2012-01-15 08:00:00,1.57,89.25,319.0,248.21,212.0,279.6,2.14,17.0,88565.0,False,1,8,15
2012-01-15 09:00:00,2.25,86.15,304.0,104.85,252.0,255.0,1.59,32.0,88495.0,False,1,9,15
2012-01-15 10:00:00,2.85,84.05,194.0,3.91,192.0,251.2,1.31,66.0,88416.0,False,1,10,15
2012-01-15 11:00:00,3.39,82.35,79.0,0.0,79.0,267.0,1.45,94.0,88276.0,False,1,11,15
2012-01-15 12:00:00,4.24,76.75,95.0,0.0,95.0,275.4,0.97,124.0,88180.0,False,1,12,15
2012-01-15 13:00:00,4.57,75.3,68.0,0.0,68.0,286.8,0.83,164.0,88215.0,False,1,13,15
2012-01-15 14:00:00,4.2,78.45,19.0,0.0,19.0,280.6,1.03,182.0,88145.0,False,1,14,15
2012-01-15 15:00:00,2.92,83.4,0.0,-0.0,0.0,263.4,1.72,178.0,88110.0,False,1,15,15
2012-01-15 16:00:00,1.73,85.8,0.0,-0.0,0.0,262.8,2.62,185.0,88049.0,False,1,16,15
2012-01-15 17:00:00,1.17,86.95,0.0,-0.0,0.0,262.4,2.83,190.0,88058.0,False,1,17,15
2012-01-15 18:00:00,1.17,87.75,0.0,-0.0,0.0,278.8,2.62,193.0,88093.0,False,1,18,15
2012-01-15 19:00:00,0.25,88.15,0.0,-0.0,0.0,259.0,0.76,320.0,88119.0,False,1,19,15
2012-01-15 20:00:00,-0.13,90.15,0.0,-0.0,0.0,272.2,0.9,326.0,88128.0,False,1,20,15
2012-01-15 21:00:00,-0.96,91.95,0.0,-0.0,0.0,250.8,1.03,346.0,88137.0,False,1,21,15
2012-01-15 22:00:00,-1.59,93.85,0.0,-0.0,0.0,256.4,1.45,348.0,88189.0,False,1,22,15
2012-01-15 23:00:00,-2.69,95.5,0.0,-0.0,0.0,266.6,2.21,342.0,88276.0,False,1,23,15
2012-01-16 00:00:00,-3.59,95.2,0.0,-0.0,0.0,263.2,2.41,340.0,88303.0,False,1,0,16
2012-01-16 01:00:00,-3.28,94.7,0.0,-0.0,0.0,280.6,2.62,344.0,88381.0,False,1,1,16
2012-01-16 02:00:00,-3.03,93.9,0.0,-0.0,0.0,283.6,2.97,346.0,88399.0,False,1,2,16
2012-01-16 03:00:00,-2.85,91.65,0.0,-0.0,0.0,291.4,3.24,350.0,88425.0,False,1,3,16
2012-01-16 04:00:00,-3.19,90.5,0.0,-0.0,0.0,275.2,3.03,354.0,88451.0,False,1,4,16
2012-01-16 05:00:00,-3.27,89.4,0.0,0.0,0.0,284.4,2.69,357.0,88521.0,False,1,5,16
2012-01-16 06:00:00,-3.39,87.45,99.0,124.5,77.0,268.8,2.76,359.0,88600.0,False,1,6,16
2012-01-16 07:00:00,-3.67,87.85,42.0,0.0,42.0,270.4,2.21,360.0,88644.0,False,1,7,16
2012-01-16 08:00:00,-3.33,84.25,138.0,0.0,138.0,267.2,2.41,0.0,88661.0,False,1,8,16
2012-01-16 09:00:00,-3.05,82.25,142.0,0.0,142.0,272.0,2.28,357.0,88635.0,False,1,9,16
2012-01-16 10:00:00,-2.85,80.5,61.0,0.0,61.0,267.6,2.14,358.0,88687.0,False,1,10,16
2012-01-16 11:00:00,-2.61,77.95,112.0,0.0,112.0,249.6,2.21,3.0,88687.0,False,1,11,16
2012-01-16 12:00:00,-2.39,76.6,83.0,0.0,83.0,264.2,2.41,14.0,88705.0,False,1,12,16
2012-01-16 13:00:00,-2.84,79.1,49.0,0.0,49.0,244.2,2.21,35.0,88810.0,False,1,13,16
2012-01-16 14:00:00,-3.65,81.95,17.0,0.0,17.0,242.6,2.0,47.0,88871.0,False,1,14,16
2012-01-16 15:00:00,-5.25,85.35,0.0,-0.0,0.0,208.6,1.66,49.0,88932.0,False,1,15,16
2012-01-16 16:00:00,-6.09,86.55,0.0,-0.0,0.0,220.2,0.83,39.0,88993.0,False,1,16,16
2012-01-16 17:00:00,-6.57,87.65,0.0,-0.0,0.0,230.2,0.21,347.0,89046.0,False,1,17,16
2012-01-16 18:00:00,-6.79,87.95,0.0,-0.0,0.0,238.4,0.28,283.0,89081.0,False,1,18,16
2012-01-16 19:00:00,-7.9,88.35,0.0,-0.0,0.0,218.2,0.41,278.0,89116.0,False,1,19,16
2012-01-16 20:00:00,-8.21,88.35,0.0,-0.0,0.0,218.4,0.76,271.0,89098.0,False,1,20,16
2012-01-16 21:00:00,-8.65,87.85,0.0,-0.0,0.0,204.4,1.17,278.0,89133.0,False,1,21,16
2012-01-16 22:00:00,-9.85,87.7,0.0,-0.0,0.0,204.8,1.66,285.0,89142.0,False,1,22,16
2012-01-16 23:00:00,-11.52,88.35,0.0,-0.0,0.0,206.0,1.93,287.0,89142.0,False,1,23,16
2012-01-17 00:00:00,-12.86,88.65,0.0,-0.0,0.0,198.0,2.14,290.0,89160.0,False,1,0,17
2012-01-17 01:00:00,-13.46,87.95,0.0,-0.0,0.0,193.6,2.28,293.0,89160.0,False,1,1,17
2012-01-17 02:00:00,-13.85,87.0,0.0,-0.0,0.0,197.2,2.34,296.0,89151.0,False,1,2,17
2012-01-17 03:00:00,-14.34,86.85,0.0,-0.0,0.0,193.8,2.41,299.0,89230.0,False,1,3,17
2012-01-17 04:00:00,-14.83,86.8,0.0,-0.0,0.0,194.6,2.41,304.0,89282.0,False,1,4,17
2012-01-17 05:00:00,-14.85,85.4,0.0,0.0,0.0,205.2,2.34,307.0,89361.0,False,1,5,17
2012-01-17 06:00:00,-14.06,83.8,96.0,100.98,78.0,219.0,2.0,309.0,89457.0,False,1,6,17
2012-01-17 07:00:00,-10.23,82.35,243.0,285.77,150.0,246.2,1.38,325.0,89553.0,False,1,7,17
2012-01-17 08:00:00,-8.19,81.0,207.0,29.85,194.0,242.0,1.45,335.0,89579.0,False,1,8,17
2012-01-17 09:00:00,-6.86,78.05,231.0,21.95,220.0,230.6,1.66,341.0,89597.0,False,1,9,17
2012-01-17 10:00:00,-6.02,74.9,254.0,32.84,237.0,220.6,2.0,347.0,89606.0,False,1,10,17
2012-01-17 11:00:00,-5.43,70.55,224.0,24.79,212.0,219.6,2.55,354.0,89606.0,False,1,11,17
2012-01-17 12:00:00,-5.32,69.4,205.0,47.19,186.0,210.4,2.41,4.0,89571.0,False,1,12,17
2012-01-17 13:00:00,-5.24,68.6,159.0,104.01,130.0,238.8,2.34,8.0,89632.0,False,1,13,17
2012-01-17 14:00:00,-6.03,71.2,72.0,206.33,47.0,208.8,1.86,15.0,89693.0,False,1,14,17
2012-01-17 15:00:00,-7.46,75.9,0.0,-0.0,0.0,195.2,1.72,10.0,89737.0,False,1,15,17
2012-01-17 16:00:00,-8.65,76.75,0.0,-0.0,0.0,189.8,1.38,351.0,89789.0,False,1,16,17
2012-01-17 17:00:00,-9.45,79.45,0.0,-0.0,0.0,187.6,1.38,319.0,89833.0,False,1,17,17
2012-01-17 18:00:00,-10.65,83.05,0.0,-0.0,0.0,178.4,1.59,294.0,89877.0,False,1,18,17
2012-01-17 19:00:00,-11.83,87.6,0.0,-0.0,0.0,180.4,1.59,284.0,89912.0,False,1,19,17
2012-01-17 20:00:00,-13.3,89.25,0.0,-0.0,0.0,175.0,1.79,281.0,89920.0,False,1,20,17
2012-01-17 21:00:00,-15.03,88.8,0.0,-0.0,0.0,173.2,1.93,278.0,89938.0,False,1,21,17
2012-01-17 22:00:00,-16.15,87.9,0.0,-0.0,0.0,172.8,2.0,277.0,89964.0,False,1,22,17
2012-01-17 23:00:00,-16.47,87.65,0.0,-0.0,0.0,172.2,2.07,276.0,89938.0,False,1,23,17
2012-01-18 00:00:00,-17.01,87.1,0.0,-0.0,0.0,172.0,2.07,274.0,89947.0,False,1,0,18
2012-01-18 01:00:00,-17.38,84.9,0.0,-0.0,0.0,167.8,2.0,274.0,89947.0,False,1,1,18
2012-01-18 02:00:00,-17.52,81.95,0.0,-0.0,0.0,168.8,1.93,271.0,89920.0,False,1,2,18
2012-01-18 03:00:00,-17.77,79.1,0.0,-0.0,0.0,175.8,1.93,265.0,89947.0,False,1,3,18
2012-01-18 04:00:00,-18.15,77.55,0.0,-0.0,0.0,175.2,1.93,269.0,89947.0,False,1,4,18
2012-01-18 05:00:00,-18.4,75.1,0.0,0.0,0.0,171.6,2.0,274.0,89973.0,False,1,5,18
2012-01-18 06:00:00,-18.29,72.4,81.0,44.47,73.0,172.6,1.93,273.0,90016.0,False,1,6,18
2012-01-18 07:00:00,-13.97,69.05,176.0,70.24,153.0,179.4,1.17,273.0,90051.0,False,1,7,18
2012-01-18 08:00:00,-10.65,61.85,241.0,68.5,211.0,176.6,0.76,292.0,90060.0,False,1,8,18
2012-01-18 09:00:00,-8.49,57.95,279.0,63.51,247.0,177.0,0.62,338.0,90016.0,False,1,9,18
2012-01-18 10:00:00,-7.08,56.6,298.0,74.9,259.0,176.2,0.83,9.0,90025.0,False,1,10,18
2012-01-18 11:00:00,-6.25,56.1,281.0,80.03,242.0,177.6,0.9,5.0,89990.0,False,1,11,18
2012-01-18 12:00:00,-5.65,55.15,254.0,130.54,201.0,180.0,1.24,356.0,89955.0,False,1,12,18
2012-01-18 13:00:00,-5.4,54.9,186.0,191.31,132.0,181.2,1.59,355.0,89964.0,False,1,13,18
2012-01-18 14:00:00,-5.69,58.05,73.0,192.68,49.0,181.8,1.66,354.0,89973.0,False,1,14,18
2012-01-18 15:00:00,-7.8,66.45,0.0,-0.0,0.0,180.0,1.72,347.0,90025.0,False,1,15,18
2012-01-18 16:00:00,-9.94,68.85,0.0,-0.0,0.0,178.8,2.21,336.0,90060.0,False,1,16,18
2012-01-18 17:00:00,-11.34,72.1,0.0,-0.0,0.0,177.0,2.41,329.0,90156.0,False,1,17,18
2012-01-18 18:00:00,-11.78,73.85,0.0,-0.0,0.0,176.8,2.34,319.0,90191.0,False,1,18,18
2012-01-18 19:00:00,-12.43,78.0,0.0,-0.0,0.0,174.8,1.86,299.0,90244.0,False,1,19,18
2012-01-18 20:00:00,-12.83,78.15,0.0,-0.0,0.0,172.6,1.86,292.0,90253.0,False,1,20,18
2012-01-18 21:00:00,-13.26,76.85,0.0,-0.0,0.0,166.8,1.86,287.0,90279.0,False,1,21,18
2012-01-18 22:00:00,-13.35,74.1,0.0,-0.0,0.0,165.0,1.79,286.0,90331.0,False,1,22,18
2012-01-18 23:00:00,-13.98,72.85,0.0,-0.0,0.0,164.6,1.86,285.0,90331.0,False,1,23,18
2012-01-19 00:00:00,-14.26,71.0,0.0,-0.0,0.0,163.6,1.93,285.0,90331.0,False,1,0,19
2012-01-19 01:00:00,-14.13,70.4,0.0,-0.0,0.0,163.6,1.93,285.0,90305.0,False,1,1,19
2012-01-19 02:00:00,-14.26,69.9,0.0,-0.0,0.0,165.0,1.93,282.0,90279.0,False,1,2,19
2012-01-19 03:00:00,-14.62,70.15,0.0,-0.0,0.0,164.6,1.93,277.0,90322.0,False,1,3,19
2012-01-19 04:00:00,-15.05,70.35,0.0,-0.0,0.0,166.0,2.0,275.0,90340.0,False,1,4,19
2012-01-19 05:00:00,-15.39,70.2,0.0,0.0,0.0,167.2,2.0,272.0,90366.0,False,1,5,19
2012-01-19 06:00:00,-14.83,67.95,101.0,121.1,79.0,168.2,1.93,270.0,90401.0,False,1,6,19
2012-01-19 07:00:00,-10.23,62.35,190.0,100.13,157.0,171.4,1.1,274.0,90454.0,False,1,7,19
2012-01-19 08:00:00,-8.53,59.15,255.0,86.28,217.0,172.6,1.17,306.0,90436.0,False,1,8,19
2012-01-19 09:00:00,-7.17,58.65,306.0,98.68,256.0,175.0,1.79,333.0,90392.0,False,1,9,19
2012-01-19 10:00:00,-5.99,54.75,324.0,106.9,268.0,189.2,2.55,343.0,90305.0,False,1,10,19
2012-01-19 11:00:00,-5.37,50.55,305.0,114.13,249.0,216.2,2.97,341.0,90235.0,False,1,11,19
2012-01-19 12:00:00,-5.08,48.4,261.0,139.2,204.0,212.8,3.24,341.0,90200.0,False,1,12,19
2012-01-19 13:00:00,-5.11,47.6,179.0,153.97,135.0,209.2,3.24,342.0,90174.0,False,1,13,19
2012-01-19 14:00:00,-5.68,50.55,73.0,171.86,51.0,199.2,2.62,345.0,90174.0,False,1,14,19
2012-01-19 15:00:00,-7.56,59.7,0.0,-0.0,0.0,179.8,2.0,339.0,90218.0,False,1,15,19
2012-01-19 16:00:00,-8.72,59.6,0.0,-0.0,0.0,178.2,1.79,325.0,90218.0,False,1,16,19
2012-01-19 17:00:00,-8.92,61.25,0.0,-0.0,0.0,177.6,1.79,308.0,90279.0,False,1,17,19
2012-01-19 18:00:00,-9.59,63.45,0.0,-0.0,0.0,177.4,1.66,294.0,90288.0,False,1,18,19
2012-01-19 19:00:00,-10.81,68.9,0.0,-0.0,0.0,176.6,1.45,280.0,90296.0,False,1,19,19
2012-01-19 20:00:00,-11.4,68.7,0.0,-0.0,0.0,175.2,1.52,273.0,90288.0,False,1,20,19
2012-01-19 21:00:00,-11.93,67.65,0.0,-0.0,0.0,176.6,1.52,258.0,90261.0,False,1,21,19
2012-01-19 22:00:00,-12.49,66.1,0.0,-0.0,0.0,176.2,1.66,252.0,90288.0,False,1,22,19
2012-01-19 23:00:00,-12.92,63.7,0.0,-0.0,0.0,177.4,1.66,250.0,90261.0,False,1,23,19
2012-01-20 00:00:00,-13.36,61.1,0.0,-0.0,0.0,178.0,1.66,245.0,90244.0,False,1,0,20
2012-01-20 01:00:00,-14.11,58.5,0.0,-0.0,0.0,178.4,1.66,231.0,90165.0,False,1,1,20
2012-01-20 02:00:00,-13.63,56.15,0.0,-0.0,0.0,179.4,1.59,221.0,90060.0,False,1,2,20
2012-01-20 03:00:00,-13.38,55.3,0.0,-0.0,0.0,180.0,1.59,214.0,90025.0,False,1,3,20
2012-01-20 04:00:00,-13.28,55.0,0.0,-0.0,0.0,181.0,1.66,212.0,90060.0,False,1,4,20
2012-01-20 05:00:00,-13.61,55.95,0.0,0.0,0.0,182.0,1.79,208.0,90051.0,False,1,5,20
2012-01-20 06:00:00,-12.05,53.1,77.0,32.69,71.0,184.0,1.66,208.0,90034.0,False,1,6,20
2012-01-20 07:00:00,-10.5,54.35,161.0,42.19,147.0,189.2,1.86,181.0,90043.0,False,1,7,20
2012-01-20 08:00:00,-8.35,56.95,237.0,58.69,211.0,198.2,2.07,173.0,89981.0,False,1,8,20
2012-01-20 09:00:00,-5.29,49.8,331.0,135.39,262.0,202.4,2.41,171.0,89894.0,False,1,9,20
2012-01-20 10:00:00,-3.66,47.45,218.0,9.49,213.0,223.0,2.62,166.0,89815.0,False,1,10,20
2012-01-20 11:00:00,-2.56,45.7,248.0,38.46,229.0,226.8,2.55,161.0,89684.0,False,1,11,20
2012-01-20 12:00:00,-1.68,44.1,290.0,208.23,204.0,215.4,2.55,160.0,89623.0,False,1,12,20
2012-01-20 13:00:00,-1.23,43.8,173.0,127.88,136.0,211.8,2.48,161.0,89553.0,False,1,13,20
2012-01-20 14:00:00,-1.63,48.35,19.0,0.0,19.0,213.6,2.07,153.0,89509.0,False,1,14,20
2012-01-20 15:00:00,-3.5,53.75,0.0,-0.0,0.0,216.4,1.93,155.0,89466.0,False,1,15,20
2012-01-20 16:00:00,-4.9,52.9,0.0,-0.0,0.0,222.2,1.86,171.0,89448.0,False,1,16,20
2012-01-20 17:00:00,-5.69,52.95,0.0,-0.0,0.0,230.8,2.0,185.0,89404.0,False,1,17,20
2012-01-20 18:00:00,-6.6,54.45,0.0,-0.0,0.0,217.6,2.28,199.0,89387.0,False,1,18,20
2012-01-20 19:00:00,-6.73,53.85,0.0,-0.0,0.0,231.4,2.21,203.0,89352.0,False,1,19,20
2012-01-20 20:00:00,-7.04,55.4,0.0,-0.0,0.0,235.6,2.28,205.0,89299.0,False,1,20,20
2012-01-20 21:00:00,-6.48,56.3,0.0,-0.0,0.0,259.6,2.28,207.0,89273.0,False,1,21,20
2012-01-20 22:00:00,-6.08,58.45,0.0,-0.0,0.0,263.8,2.21,208.0,89317.0,False,1,22,20
2012-01-20 23:00:00,-5.24,60.5,0.0,-0.0,0.0,278.2,2.07,208.0,89308.0,False,1,23,20
2012-01-21 00:00:00,-4.6,62.35,0.0,-0.0,0.0,281.0,2.07,205.0,89273.0,False,1,0,21
2012-01-21 01:00:00,-4.57,64.35,0.0,-0.0,0.0,265.6,2.21,208.0,89273.0,False,1,1,21
2012-01-21 02:00:00,-4.9,66.4,0.0,-0.0,0.0,258.8,2.14,207.0,89230.0,False,1,2,21
2012-01-21 03:00:00,-5.32,67.85,0.0,-0.0,0.0,251.0,2.0,205.0,89247.0,False,1,3,21
2012-01-21 04:00:00,-5.77,69.05,0.0,-0.0,0.0,242.4,2.0,203.0,89186.0,False,1,4,21
2012-01-21 05:00:00,-6.25,70.7,0.0,0.0,0.0,235.2,2.07,202.0,89160.0,False,1,5,21
2012-01-21 06:00:00,-5.74,69.4,44.0,0.0,44.0,230.4,2.14,198.0,89160.0,False,1,6,21
2012-01-21 07:00:00,-3.53,66.3,67.0,0.0,67.0,252.8,2.62,184.0,89142.0,False,1,7,21
2012-01-21 08:00:00,0.09,59.45,55.0,0.0,55.0,259.0,2.97,175.0,89107.0,False,1,8,21
2012-01-21 09:00:00,2.28,55.35,144.0,0.0,144.0,256.6,3.38,170.0,89020.0,False,1,9,21
2012-01-21 10:00:00,3.26,57.0,129.0,0.0,129.0,272.8,3.79,167.0,88897.0,False,1,10,21
2012-01-21 11:00:00,3.79,59.6,98.0,0.0,98.0,278.2,4.0,166.0,88749.0,False,1,11,21
2012-01-21 12:00:00,4.14,63.65,87.0,0.0,87.0,284.6,4.07,166.0,88661.0,False,1,12,21
2012-01-21 13:00:00,4.11,68.95,84.0,0.0,84.0,275.8,4.0,166.0,88548.0,False,1,13,21
2012-01-21 14:00:00,3.71,74.75,44.0,7.4,43.0,278.0,3.79,168.0,88504.0,False,1,14,21
2012-01-21 15:00:00,2.65,81.9,0.0,-0.0,0.0,270.2,3.79,168.0,88495.0,False,1,15,21
2012-01-21 16:00:00,1.96,86.0,0.0,-0.0,0.0,270.6,4.14,168.0,88504.0,False,1,16,21
2012-01-21 17:00:00,1.43,87.8,0.0,-0.0,0.0,261.8,4.48,169.0,88486.0,False,1,17,21
2012-01-21 18:00:00,1.11,89.3,0.0,-0.0,0.0,260.0,4.76,169.0,88451.0,False,1,18,21
2012-01-21 19:00:00,1.29,89.0,0.0,-0.0,0.0,267.8,5.24,170.0,88381.0,False,1,19,21
2012-01-21 20:00:00,1.25,89.95,0.0,-0.0,0.0,268.4,5.24,167.0,88320.0,False,1,20,21
2012-01-21 21:00:00,1.38,90.3,0.0,-0.0,0.0,282.6,5.31,166.0,88250.0,False,1,21,21
2012-01-21 22:00:00,1.53,89.6,0.0,-0.0,0.0,293.2,5.52,163.0,88145.0,False,1,22,21
2012-01-21 23:00:00,1.33,91.2,0.0,-0.0,0.0,287.6,5.52,163.0,88032.0,False,1,23,21
2012-01-22 00:00:00,1.11,93.45,0.0,-0.0,0.0,287.4,5.52,164.0,87927.0,False,1,0,22
2012-01-22 01:00:00,0.81,94.1,0.0,-0.0,0.0,280.4,5.17,164.0,87866.0,False,1,1,22
2012-01-22 02:00:00,1.09,93.8,0.0,-0.0,0.0,301.4,4.41,167.0,87831.0,False,1,2,22
2012-01-22 03:00:00,0.9,95.15,0.0,-0.0,0.0,299.8,2.69,180.0,87866.0,False,1,3,22
2012-01-22 04:00:00,0.48,96.4,0.0,-0.0,0.0,300.6,1.66,266.0,87962.0,False,1,4,22
2012-01-22 05:00:00,-0.4,96.9,0.0,0.0,0.0,300.4,4.48,325.0,88093.0,False,1,5,22
2012-01-22 06:00:00,-1.67,90.8,28.0,0.0,28.0,299.6,6.76,334.0,88207.0,False,1,6,22
2012-01-22 07:00:00,-1.92,89.4,29.0,0.0,29.0,295.4,6.41,333.0,88294.0,False,1,7,22
2012-01-22 08:00:00,-2.1,88.5,111.0,0.0,111.0,286.2,5.66,331.0,88381.0,False,1,8,22
2012-01-22 09:00:00,-2.13,87.25,82.0,0.0,82.0,286.2,4.69,326.0,88443.0,False,1,9,22
2012-01-22 10:00:00,-1.79,84.2,139.0,0.0,139.0,279.2,4.62,328.0,88443.0,False,1,10,22
2012-01-22 11:00:00,-1.75,84.0,104.0,0.0,104.0,274.6,3.72,333.0,88478.0,False,1,11,22
2012-01-22 12:00:00,-1.61,82.55,134.0,0.0,134.0,268.4,3.45,332.0,88495.0,False,1,12,22
2012-01-22 13:00:00,-1.61,82.0,115.0,13.48,111.0,278.2,4.28,320.0,88652.0,False,1,13,22
2012-01-22 14:00:00,-1.75,81.4,35.0,0.0,35.0,295.0,4.07,315.0,88766.0,False,1,14,22
2012-01-22 15:00:00,-2.09,81.8,0.0,-0.0,0.0,287.2,3.03,314.0,88819.0,False,1,15,22
2012-01-22 16:00:00,-2.63,84.6,0.0,-0.0,0.0,279.6,1.66,308.0,88880.0,False,1,16,22
2012-01-22 17:00:00,-3.05,81.3,0.0,-0.0,0.0,257.4,0.9,254.0,88932.0,False,1,17,22
2012-01-22 18:00:00,-4.54,84.8,0.0,-0.0,0.0,239.0,1.45,218.0,88967.0,False,1,18,22
2012-01-22 19:00:00,-4.92,85.3,0.0,-0.0,0.0,218.8,1.52,217.0,89011.0,False,1,19,22
2012-01-22 20:00:00,-5.99,87.65,0.0,-0.0,0.0,221.0,1.79,215.0,89037.0,False,1,20,22
2012-01-22 21:00:00,-5.78,87.45,0.0,-0.0,0.0,206.0,1.79,232.0,89046.0,False,1,21,22
2012-01-22 22:00:00,-5.76,86.05,0.0,-0.0,0.0,201.2,1.66,250.0,89090.0,False,1,22,22
2012-01-22 23:00:00,-6.37,84.9,0.0,-0.0,0.0,200.4,1.72,237.0,89098.0,False,1,23,22
2012-01-23 00:00:00,-7.55,85.05,0.0,-0.0,0.0,198.6,2.0,231.0,89090.0,False,1,0,23
2012-01-23 01:00:00,-7.11,81.6,0.0,-0.0,0.0,197.0,1.93,242.0,89142.0,False,1,1,23
2012-01-23 02:00:00,-7.37,77.75,0.0,-0.0,0.0,197.0,1.86,253.0,89142.0,False,1,2,23
2012-01-23 03:00:00,-8.21,75.1,0.0,-0.0,0.0,199.2,1.93,252.0,89142.0,False,1,3,23
2012-01-23 04:00:00,-9.69,73.25,0.0,-0.0,0.0,198.6,2.14,247.0,89195.0,False,1,4,23
2012-01-23 05:00:00,-9.99,68.6,0.0,0.0,0.0,197.4,2.21,246.0,89212.0,False,1,5,23
2012-01-23 06:00:00,-10.18,65.3,81.0,31.63,75.0,199.8,2.21,242.0,89273.0,False,1,6,23
2012-01-23 07:00:00,-10.97,64.1,141.0,17.69,135.0,203.4,2.07,243.0,89334.0,False,1,7,23
2012-01-23 08:00:00,-8.14,68.55,187.0,11.08,182.0,209.8,1.66,229.0,89361.0,False,1,8,23
2012-01-23 09:00:00,-4.92,70.75,191.0,3.85,189.0,213.0,1.52,209.0,89369.0,False,1,9,23
2012-01-23 10:00:00,-2.51,68.95,174.0,0.0,174.0,210.8,1.52,193.0,89431.0,False,1,10,23
2012-01-23 11:00:00,-1.25,67.05,181.0,1.98,180.0,212.2,1.59,190.0,89431.0,False,1,11,23
2012-01-23 12:00:00,-0.78,71.15,175.0,11.79,170.0,212.0,1.66,186.0,89387.0,False,1,12,23
2012-01-23 13:00:00,-0.87,76.25,137.0,33.29,127.0,212.6,1.72,185.0,89413.0,False,1,13,23
2012-01-23 14:00:00,-1.89,81.3,68.0,77.32,57.0,212.8,1.86,189.0,89343.0,False,1,14,23
2012-01-23 15:00:00,-3.93,84.8,0.0,-0.0,0.0,210.2,2.0,200.0,89352.0,False,1,15,23
2012-01-23 16:00:00,-6.0,86.45,0.0,-0.0,0.0,208.0,2.28,221.0,89334.0,False,1,16,23
2012-01-23 17:00:00,-7.8,85.75,0.0,-0.0,0.0,206.6,2.48,235.0,89334.0,False,1,17,23
2012-01-23 18:00:00,-8.67,83.0,0.0,-0.0,0.0,205.2,2.48,241.0,89326.0,False,1,18,23
2012-01-23 19:00:00,-10.45,79.35,0.0,-0.0,0.0,202.2,2.55,244.0,89352.0,False,1,19,23
2012-01-23 20:00:00,-10.8,75.85,0.0,-0.0,0.0,202.6,2.62,242.0,89334.0,False,1,20,23
2012-01-23 21:00:00,-10.71,73.1,0.0,-0.0,0.0,202.2,2.62,243.0,89334.0,False,1,21,23
2012-01-23 22:00:00,-10.44,70.35,0.0,-0.0,0.0,202.4,2.55,244.0,89369.0,False,1,22,23
2012-01-23 23:00:00,-10.3,68.15,0.0,-0.0,0.0,203.0,2.55,245.0,89387.0,False,1,23,23
2012-01-24 00:00:00,-9.91,66.05,0.0,-0.0,0.0,205.6,2.48,244.0,89387.0,False,1,0,24
2012-01-24 01:00:00,-10.13,66.3,0.0,-0.0,0.0,203.4,2.48,243.0,89404.0,False,1,1,24
2012-01-24 02:00:00,-10.16,66.3,0.0,-0.0,0.0,205.0,2.41,239.0,89387.0,False,1,2,24
2012-01-24 03:00:00,-10.3,66.85,0.0,-0.0,0.0,205.0,2.48,235.0,89396.0,False,1,3,24
2012-01-24 04:00:00,-9.71,65.7,0.0,-0.0,0.0,205.4,2.28,234.0,89387.0,False,1,4,24
2012-01-24 05:00:00,-9.63,65.7,0.0,0.0,0.0,204.2,2.21,231.0,89413.0,False,1,5,24
2012-01-24 06:00:00,-9.79,66.65,87.0,46.88,78.0,205.4,2.28,226.0,89422.0,False,1,6,24
2012-01-24 07:00:00,-9.85,74.6,163.0,38.04,150.0,214.4,1.86,216.0,89431.0,False,1,7,24
2012-01-24 08:00:00,-7.28,75.65,225.0,37.41,208.0,216.8,1.79,187.0,89396.0,False,1,8,24
2012-01-24 09:00:00,-4.63,74.9,195.0,3.83,193.0,226.2,2.0,176.0,89369.0,False,1,9,24
2012-01-24 10:00:00,-2.86,74.55,153.0,0.0,153.0,237.8,2.07,174.0,89334.0,False,1,10,24
2012-01-24 11:00:00,-1.6,75.05,145.0,0.0,145.0,244.2,2.0,174.0,89247.0,False,1,11,24
2012-01-24 12:00:00,-0.59,75.85,125.0,0.0,125.0,267.0,1.79,174.0,89125.0,False,1,12,24
2012-01-24 13:00:00,-0.27,78.2,150.0,49.32,135.0,276.4,1.66,166.0,89090.0,False,1,13,24
2012-01-24 14:00:00,-0.4,81.5,69.0,75.37,58.0,289.0,1.66,159.0,89011.0,False,1,14,24
2012-01-24 15:00:00,-0.67,83.5,0.0,-0.0,0.0,295.6,1.66,157.0,88932.0,False,1,15,24
2012-01-24 16:00:00,-1.13,86.5,0.0,-0.0,0.0,290.4,1.45,171.0,88880.0,False,1,16,24
2012-01-24 17:00:00,-1.76,87.6,0.0,-0.0,0.0,278.4,1.59,196.0,88871.0,False,1,17,24
2012-01-24 18:00:00,-1.82,88.25,0.0,-0.0,0.0,287.8,1.52,187.0,88792.0,False,1,18,24
2012-01-24 19:00:00,-1.5,85.75,0.0,-0.0,0.0,284.4,2.14,185.0,88792.0,False,1,19,24
2012-01-24 20:00:00,-1.11,86.4,0.0,-0.0,0.0,288.8,2.41,177.0,88757.0,False,1,20,24
2012-01-24 21:00:00,-0.7,87.3,0.0,-0.0,0.0,291.6,2.76,173.0,88731.0,False,1,21,24
2012-01-24 22:00:00,-0.3,88.75,0.0,-0.0,0.0,298.4,2.83,170.0,88626.0,False,1,22,24
2012-01-24 23:00:00,-0.17,90.55,0.0,-0.0,0.0,295.0,2.9,167.0,88600.0,False,1,23,24
2012-01-25 00:00:00,-0.04,91.8,0.0,-0.0,0.0,294.2,2.9,171.0,88539.0,False,1,0,25
2012-01-25 01:00:00,0.11,93.65,0.0,-0.0,0.0,300.4,2.97,173.0,88495.0,False,1,1,25
2012-01-25 02:00:00,0.02,95.5,0.0,-0.0,0.0,295.4,3.24,174.0,88416.0,False,1,2,25
2012-01-25 03:00:00,-0.07,96.3,0.0,-0.0,0.0,287.0,3.31,174.0,88390.0,False,1,3,25
2012-01-25 04:00:00,-0.02,96.6,0.0,-0.0,0.0,291.0,3.38,177.0,88355.0,False,1,4,25
2012-01-25 05:00:00,-0.54,96.65,0.0,0.0,0.0,268.4,3.1,180.0,88276.0,False,1,5,25
2012-01-25 06:00:00,-0.68,96.25,45.0,0.0,45.0,263.2,2.97,180.0,88259.0,False,1,6,25
2012-01-25 07:00:00,0.35,94.6,66.0,0.0,66.0,274.0,2.83,181.0,88233.0,False,1,7,25
2012-01-25 08:00:00,1.38,93.05,105.0,0.0,105.0,279.0,3.24,176.0,88207.0,False,1,8,25
2012-01-25 09:00:00,1.8,92.55,108.0,0.0,108.0,282.4,3.66,173.0,88154.0,False,1,9,25
2012-01-25 10:00:00,2.15,91.9,86.0,0.0,86.0,281.6,3.72,175.0,87979.0,False,1,10,25
2012-01-25 11:00:00,2.54,91.1,149.0,0.0,149.0,288.2,3.72,177.0,87927.0,False,1,11,25
2012-01-25 12:00:00,2.73,90.9,181.0,13.9,175.0,284.2,3.66,178.0,87839.0,False,1,12,25
2012-01-25 13:00:00,2.66,91.0,44.0,0.0,44.0,279.4,3.45,179.0,87866.0,False,1,13,25
2012-01-25 14:00:00,2.24,91.9,29.0,0.0,29.0,278.8,2.9,180.0,87839.0,False,1,14,25
2012-01-25 15:00:00,1.67,92.6,0.0,-0.0,0.0,277.0,2.62,182.0,87883.0,False,1,15,25
2012-01-25 16:00:00,1.06,92.4,0.0,-0.0,0.0,266.6,2.62,182.0,87900.0,False,1,16,25
2012-01-25 17:00:00,0.16,92.4,0.0,-0.0,0.0,260.0,2.76,179.0,87918.0,False,1,17,25
2012-01-25 18:00:00,-0.3,92.4,0.0,-0.0,0.0,263.8,2.76,181.0,87962.0,False,1,18,25
2012-01-25 19:00:00,-0.95,92.1,0.0,-0.0,0.0,253.0,2.76,180.0,87979.0,False,1,19,25
2012-01-25 20:00:00,-1.46,92.5,0.0,-0.0,0.0,255.8,2.69,181.0,88005.0,False,1,20,25
2012-01-25 21:00:00,-1.97,92.85,0.0,-0.0,0.0,254.0,2.83,182.0,88023.0,False,1,21,25
2012-01-25 22:00:00,-2.5,93.35,0.0,-0.0,0.0,250.0,2.9,183.0,87997.0,False,1,22,25
2012-01-25 23:00:00,-2.6,93.55,0.0,-0.0,0.0,261.0,2.83,182.0,88049.0,False,1,23,25
2012-01-26 00:00:00,-2.92,93.9,0.0,-0.0,0.0,256.0,2.9,182.0,88040.0,False,1,0,26
2012-01-26 01:00:00,-2.8,93.95,0.0,-0.0,0.0,263.0,2.9,181.0,88023.0,False,1,1,26
2012-01-26 02:00:00,-3.11,94.2,0.0,-0.0,0.0,253.8,2.9,181.0,87979.0,False,1,2,26
2012-01-26 03:00:00,-3.18,94.3,0.0,-0.0,0.0,256.0,3.03,179.0,88005.0,False,1,3,26
2012-01-26 04:00:00,-2.81,94.25,0.0,-0.0,0.0,266.4,3.1,174.0,87997.0,False,1,4,26
2012-01-26 05:00:00,-2.07,94.0,0.0,0.0,0.0,274.8,3.31,174.0,88005.0,False,1,5,26
2012-01-26 06:00:00,-0.99,93.6,15.0,0.0,15.0,277.6,3.45,174.0,88058.0,False,1,6,26
2012-01-26 07:00:00,1.43,92.4,45.0,0.0,45.0,280.0,4.34,172.0,88058.0,False,1,7,26
2012-01-26 08:00:00,2.71,91.55,122.0,0.0,122.0,282.0,4.48,168.0,88049.0,False,1,8,26
2012-01-26 09:00:00,3.45,90.1,92.0,0.0,92.0,274.0,4.97,167.0,88014.0,False,1,9,26
2012-01-26 10:00:00,3.81,89.7,88.0,0.0,88.0,290.0,5.03,170.0,88014.0,False,1,10,26
2012-01-26 11:00:00,3.65,91.35,139.0,0.0,139.0,300.6,4.83,172.0,87997.0,False,1,11,26
2012-01-26 12:00:00,3.51,91.95,54.0,0.0,54.0,300.6,4.48,174.0,87953.0,False,1,12,26
2012-01-26 13:00:00,3.36,91.85,44.0,0.0,44.0,287.2,4.55,175.0,88005.0,False,1,13,26
2012-01-26 14:00:00,2.97,91.9,127.0,593.2,36.0,286.0,4.14,171.0,87935.0,False,1,14,26
2012-01-26 15:00:00,2.27,92.9,0.0,-0.0,0.0,278.0,3.79,171.0,87953.0,False,1,15,26
2012-01-26 16:00:00,1.57,94.0,0.0,-0.0,0.0,269.6,3.31,176.0,87953.0,False,1,16,26
2012-01-26 17:00:00,0.83,94.35,0.0,-0.0,0.0,267.0,2.76,185.0,87962.0,False,1,17,26
2012-01-26 18:00:00,-0.13,94.7,0.0,-0.0,0.0,258.8,2.41,187.0,87962.0,False,1,18,26
2012-01-26 19:00:00,-0.37,96.75,0.0,-0.0,0.0,286.6,1.59,197.0,87944.0,False,1,19,26
2012-01-26 20:00:00,-0.51,96.8,0.0,-0.0,0.0,289.2,1.31,202.0,87953.0,False,1,20,26
2012-01-26 21:00:00,-0.79,97.35,0.0,-0.0,0.0,285.4,1.24,207.0,87953.0,False,1,21,26
2012-01-26 22:00:00,-1.14,97.7,0.0,-0.0,0.0,276.8,1.24,218.0,87909.0,False,1,22,26
2012-01-26 23:00:00,-1.74,96.8,0.0,-0.0,0.0,263.4,1.38,236.0,87944.0,False,1,23,26
2012-01-27 00:00:00,-2.68,96.0,0.0,-0.0,0.0,262.2,1.66,247.0,87979.0,False,1,0,27
2012-01-27 01:00:00,-2.58,94.35,0.0,-0.0,0.0,282.0,1.72,264.0,88014.0,False,1,1,27
2012-01-27 02:00:00,-2.53,93.25,0.0,-0.0,0.0,276.8,1.66,275.0,88014.0,False,1,2,27
2012-01-27 03:00:00,-2.16,91.65,0.0,-0.0,0.0,278.2,1.59,278.0,88032.0,False,1,3,27
2012-01-27 04:00:00,-1.62,89.8,0.0,-0.0,0.0,265.0,1.38,278.0,88110.0,False,1,4,27
2012-01-27 05:00:00,-2.09,90.35,0.0,0.0,0.0,247.8,1.38,281.0,88189.0,False,1,5,27
2012-01-27 06:00:00,-2.23,91.55,56.0,0.0,56.0,244.2,1.38,288.0,88276.0,False,1,6,27
2012-01-27 07:00:00,-2.77,91.75,82.0,0.0,82.0,263.2,2.21,301.0,88390.0,False,1,7,27
2012-01-27 08:00:00,-0.22,88.95,169.0,4.31,167.0,280.4,3.59,306.0,88486.0,False,1,8,27
2012-01-27 09:00:00,0.67,85.95,190.0,1.88,189.0,280.8,4.83,311.0,88539.0,False,1,9,27
2012-01-27 10:00:00,0.82,82.4,144.0,0.0,144.0,290.4,5.17,310.0,88626.0,False,1,10,27
2012-01-27 11:00:00,0.95,79.8,101.0,0.0,101.0,287.8,5.52,311.0,88600.0,False,1,11,27
2012-01-27 12:00:00,0.82,79.15,127.0,0.0,127.0,283.6,5.66,312.0,88679.0,False,1,12,27
2012-01-27 13:00:00,0.34,79.75,45.0,0.0,45.0,288.0,5.66,311.0,88722.0,False,1,13,27
2012-01-27 14:00:00,-0.31,80.25,31.0,0.0,31.0,285.0,5.45,311.0,88819.0,False,1,14,27
2012-01-27 15:00:00,-1.21,80.75,0.0,-0.0,0.0,285.8,5.93,313.0,88897.0,False,1,15,27
2012-01-27 16:00:00,-1.8,81.9,0.0,-0.0,0.0,288.2,5.72,315.0,89020.0,False,1,16,27
2012-01-27 17:00:00,-2.19,82.3,0.0,-0.0,0.0,291.0,5.59,316.0,89098.0,False,1,17,27
2012-01-27 18:00:00,-2.54,82.3,0.0,-0.0,0.0,287.0,5.52,317.0,89160.0,False,1,18,27
2012-01-27 19:00:00,-3.52,81.65,0.0,-0.0,0.0,277.2,4.55,318.0,89221.0,False,1,19,27
2012-01-27 20:00:00,-3.61,81.8,0.0,-0.0,0.0,283.2,3.79,317.0,89273.0,False,1,20,27
2012-01-27 21:00:00,-3.67,81.8,0.0,-0.0,0.0,283.8,3.52,319.0,89326.0,False,1,21,27
2012-01-27 22:00:00,-3.75,82.05,0.0,-0.0,0.0,284.4,3.38,321.0,89352.0,False,1,22,27
2012-01-27 23:00:00,-3.83,82.35,0.0,-0.0,0.0,282.6,3.1,322.0,89422.0,False,1,23,27
2012-01-28 00:00:00,-3.84,83.05,0.0,-0.0,0.0,288.0,2.69,321.0,89474.0,False,1,0,28
2012-01-28 01:00:00,-4.0,83.1,0.0,-0.0,0.0,281.6,2.83,319.0,89483.0,False,1,1,28
2012-01-28 02:00:00,-4.01,83.6,0.0,-0.0,0.0,285.8,2.62,319.0,89527.0,False,1,2,28
2012-01-28 03:00:00,-4.01,83.65,0.0,-0.0,0.0,285.8,2.62,321.0,89562.0,False,1,3,28
2012-01-28 04:00:00,-4.13,83.65,0.0,-0.0,0.0,278.4,2.76,323.0,89640.0,False,1,4,28
2012-01-28 05:00:00,-4.3,84.2,0.0,0.0,0.0,275.4,2.69,323.0,89710.0,False,1,5,28
2012-01-28 06:00:00,-3.99,83.7,81.0,24.75,76.0,284.8,2.69,322.0,89763.0,False,1,6,28
2012-01-28 07:00:00,-3.46,80.8,144.0,14.16,139.0,282.8,2.97,326.0,89789.0,False,1,7,28
2012-01-28 08:00:00,-2.73,78.95,173.0,4.28,171.0,287.8,2.97,332.0,89807.0,False,1,8,28
2012-01-28 09:00:00,-1.9,76.9,158.0,0.0,158.0,271.6,2.83,334.0,89772.0,False,1,9,28
2012-01-28 10:00:00,-0.85,72.8,106.0,0.0,106.0,270.8,2.69,342.0,89745.0,False,1,10,28
2012-01-28 11:00:00,-0.39,72.8,195.0,3.82,193.0,251.8,2.41,345.0,89658.0,False,1,11,28
2012-01-28 12:00:00,-0.06,72.75,215.0,33.83,200.0,252.2,2.41,349.0,89614.0,False,1,12,28
2012-01-28 13:00:00,0.02,73.25,159.0,50.05,143.0,262.4,2.48,350.0,89614.0,False,1,13,28
2012-01-28 14:00:00,-0.13,75.05,57.0,12.42,55.0,265.6,2.34,349.0,89623.0,False,1,14,28
2012-01-28 15:00:00,-0.69,80.05,0.0,-0.0,0.0,278.2,1.86,341.0,89640.0,False,1,15,28
2012-01-28 16:00:00,-1.53,84.1,0.0,-0.0,0.0,280.2,1.72,326.0,89632.0,False,1,16,28
2012-01-28 17:00:00,-2.26,86.1,0.0,-0.0,0.0,276.4,1.66,312.0,89667.0,False,1,17,28
2012-01-28 18:00:00,-3.05,87.1,0.0,-0.0,0.0,270.2,1.59,301.0,89667.0,False,1,18,28
2012-01-28 19:00:00,-2.96,86.7,0.0,-0.0,0.0,278.2,1.52,312.0,89658.0,False,1,19,28
2012-01-28 20:00:00,-3.49,86.5,0.0,-0.0,0.0,259.0,1.52,308.0,89649.0,False,1,20,28
2012-01-28 21:00:00,-3.65,86.55,0.0,-0.0,0.0,255.6,1.45,307.0,89614.0,False,1,21,28
2012-01-28 22:00:00,-3.65,87.0,0.0,-0.0,0.0,238.8,1.38,318.0,89658.0,False,1,22,28
2012-01-28 23:00:00,-3.55,88.05,0.0,-0.0,0.0,238.2,1.38,330.0,89623.0,False,1,23,28
2012-01-29 00:00:00,-3.85,89.35,0.0,-0.0,0.0,232.4,1.38,338.0,89614.0,False,1,0,29
2012-01-29 01:00:00,-4.31,89.3,0.0,-0.0,0.0,229.2,1.38,341.0,89579.0,False,1,1,29
2012-01-29 02:00:00,-4.7,89.7,0.0,-0.0,0.0,235.8,1.17,341.0,89562.0,False,1,2,29
2012-01-29 03:00:00,-5.24,90.55,0.0,-0.0,0.0,226.2,1.1,338.0,89571.0,False,1,3,29
2012-01-29 04:00:00,-5.85,92.2,0.0,-0.0,0.0,228.4,1.1,329.0,89562.0,False,1,4,29
2012-01-29 05:00:00,-6.21,91.35,0.0,0.0,0.0,209.0,1.31,322.0,89562.0,False,1,5,29
2012-01-29 06:00:00,-5.74,87.95,81.0,19.53,77.0,211.6,1.17,318.0,89588.0,False,1,6,29
2012-01-29 07:00:00,-4.26,77.6,153.0,19.65,146.0,212.6,0.9,326.0,89597.0,False,1,7,29
2012-01-29 08:00:00,-3.05,66.7,236.0,40.38,217.0,216.0,0.62,343.0,89562.0,False,1,8,29
2012-01-29 09:00:00,-1.83,64.1,242.0,18.52,232.0,224.4,0.55,4.0,89509.0,False,1,9,29
2012-01-29 10:00:00,-0.87,57.1,185.0,0.0,185.0,224.6,0.62,24.0,89536.0,False,1,10,29
2012-01-29 11:00:00,-0.25,55.9,191.0,1.89,190.0,216.0,0.62,30.0,89422.0,False,1,11,29
2012-01-29 12:00:00,0.17,57.5,189.0,13.41,183.0,211.8,0.62,31.0,89352.0,False,1,12,29
2012-01-29 13:00:00,0.23,62.9,56.0,0.0,56.0,215.8,0.48,34.0,89317.0,False,1,13,29
2012-01-29 14:00:00,0.42,51.75,79.0,66.73,68.0,218.0,0.21,24.0,89326.0,False,1,14,29
2012-01-29 15:00:00,-0.23,54.35,0.0,-0.0,0.0,213.6,0.55,272.0,89317.0,False,1,15,29
2012-01-29 16:00:00,-1.6,59.65,0.0,-0.0,0.0,216.8,1.1,277.0,89334.0,False,1,16,29
2012-01-29 17:00:00,-3.03,65.1,0.0,-0.0,0.0,217.8,1.24,283.0,89343.0,False,1,17,29
2012-01-29 18:00:00,-3.7,67.6,0.0,-0.0,0.0,226.8,1.24,282.0,89343.0,False,1,18,29
2012-01-29 19:00:00,-3.95,74.05,0.0,-0.0,0.0,232.8,0.97,319.0,89361.0,False,1,19,29
2012-01-29 20:00:00,-4.12,75.3,0.0,-0.0,0.0,249.0,0.83,308.0,89317.0,False,1,20,29
2012-01-29 21:00:00,-4.46,76.95,0.0,-0.0,0.0,238.8,0.83,304.0,89299.0,False,1,21,29
2012-01-29 22:00:00,-4.84,78.6,0.0,-0.0,0.0,233.8,0.83,305.0,89282.0,False,1,22,29
2012-01-29 23:00:00,-5.15,79.85,0.0,-0.0,0.0,231.8,0.83,307.0,89317.0,False,1,23,29
2012-01-30 00:00:00,-5.41,80.9,0.0,-0.0,0.0,231.2,0.9,307.0,89299.0,False,1,0,30
2012-01-30 01:00:00,-5.75,81.3,0.0,-0.0,0.0,229.4,1.03,315.0,89291.0,False,1,1,30
2012-01-30 02:00:00,-5.93,82.0,0.0,-0.0,0.0,226.2,1.17,323.0,89265.0,False,1,2,30
2012-01-30 03:00:00,-6.03,82.55,0.0,-0.0,0.0,225.8,1.24,330.0,89265.0,False,1,3,30
2012-01-30 04:00:00,-5.71,81.5,0.0,-0.0,0.0,247.8,1.24,335.0,89265.0,False,1,4,30
2012-01-30 05:00:00,-5.34,80.65,0.0,0.0,0.0,263.2,1.1,340.0,89247.0,False,1,5,30
2012-01-30 06:00:00,-5.01,80.6,47.0,0.0,47.0,275.6,0.97,346.0,89291.0,False,1,6,30
2012-01-30 07:00:00,-5.36,82.4,117.0,2.78,116.0,261.4,1.72,359.0,89317.0,False,1,7,30
2012-01-30 08:00:00,-3.98,76.8,110.0,0.0,110.0,258.0,1.79,8.0,89265.0,False,1,8,30
2012-01-30 09:00:00,-3.34,75.75,138.0,0.0,138.0,269.6,1.86,17.0,89247.0,False,1,9,30
2012-01-30 10:00:00,-2.66,75.05,119.0,0.0,119.0,271.8,1.93,23.0,89195.0,False,1,10,30
2012-01-30 11:00:00,-2.27,75.95,109.0,0.0,109.0,279.8,2.0,17.0,89142.0,False,1,11,30
2012-01-30 12:00:00,-1.86,75.85,103.0,0.0,103.0,279.4,2.07,14.0,89072.0,False,1,12,30
2012-01-30 13:00:00,-1.73,75.75,106.0,3.05,105.0,288.8,2.21,13.0,89081.0,False,1,13,30
2012-01-30 14:00:00,-1.84,78.45,69.0,35.56,63.0,291.0,2.14,9.0,89063.0,False,1,14,30
2012-01-30 15:00:00,-2.3,83.95,0.0,-0.0,0.0,291.0,1.93,352.0,89063.0,False,1,15,30
2012-01-30 16:00:00,-2.89,86.85,0.0,-0.0,0.0,282.6,2.0,340.0,89063.0,False,1,16,30
2012-01-30 17:00:00,-3.29,88.0,0.0,-0.0,0.0,281.4,2.28,336.0,89055.0,False,1,17,30
2012-01-30 18:00:00,-3.51,88.45,0.0,-0.0,0.0,287.4,2.48,336.0,89046.0,False,1,18,30
2012-01-30 19:00:00,-4.71,88.15,0.0,-0.0,0.0,285.0,2.55,337.0,89020.0,False,1,19,30
2012-01-30 20:00:00,-5.08,87.95,0.0,-0.0,0.0,274.8,2.76,340.0,89002.0,False,1,20,30
2012-01-30 21:00:00,-5.53,87.6,0.0,-0.0,0.0,268.6,2.69,341.0,88985.0,False,1,21,30
2012-01-30 22:00:00,-5.99,87.05,0.0,-0.0,0.0,264.0,2.62,339.0,88993.0,False,1,22,30
2012-01-30 23:00:00,-6.24,86.2,0.0,-0.0,0.0,268.0,2.69,337.0,88976.0,False,1,23,30
2012-01-31 00:00:00,-6.31,85.1,0.0,-0.0,0.0,274.4,2.9,336.0,88950.0,False,1,0,31
2012-01-31 01:00:00,-6.4,84.2,0.0,-0.0,0.0,273.6,2.9,336.0,88880.0,False,1,1,31
2012-01-31 02:00:00,-6.49,83.4,0.0,-0.0,0.0,275.4,2.9,335.0,88871.0,False,1,2,31
2012-01-31 03:00:00,-6.61,82.4,0.0,-0.0,0.0,274.6,3.24,334.0,88906.0,False,1,3,31
2012-01-31 04:00:00,-6.88,81.35,0.0,-0.0,0.0,271.2,3.52,334.0,88941.0,False,1,4,31
2012-01-31 05:00:00,-7.36,81.05,0.0,0.0,0.0,262.0,3.66,334.0,88950.0,False,1,5,31
2012-01-31 06:00:00,-7.53,80.85,51.0,0.0,51.0,262.8,3.66,334.0,89011.0,False,1,6,31
2012-01-31 07:00:00,-7.81,79.6,114.0,0.0,114.0,246.0,4.0,331.0,89055.0,False,1,7,31
2012-01-31 08:00:00,-7.57,77.15,135.0,0.0,135.0,258.6,4.34,334.0,89063.0,False,1,8,31
2012-01-31 09:00:00,-7.15,74.75,168.0,0.0,168.0,258.2,4.48,338.0,89046.0,False,1,9,31
2012-01-31 10:00:00,-6.65,73.45,120.0,0.0,120.0,247.6,4.55,340.0,89098.0,False,1,10,31
2012-01-31 11:00:00,-6.23,71.5,151.0,0.0,151.0,255.6,4.41,343.0,89037.0,False,1,11,31
2012-01-31 12:00:00,-6.14,69.5,163.0,2.19,162.0,244.2,4.14,346.0,89002.0,False,1,12,31
2012-01-31 13:00:00,-6.15,68.1,66.0,0.0,66.0,246.6,3.86,346.0,89011.0,False,1,13,31
2012-01-31 14:00:00,-6.26,68.4,74.0,40.55,67.0,252.8,3.45,346.0,89028.0,False,1,14,31
2012-01-31 15:00:00,-6.8,71.25,0.0,-0.0,0.0,252.4,2.83,342.0,89037.0,False,1,15,31
2012-01-31 16:00:00,-11.14,72.91,0.0,-0.0,0.0,236.61,2.97,335.0,89063.0,False,1,16,31
2012-01-31 17:00:00,-10.44,73.18,0.0,-0.0,0.0,234.98,2.9,329.0,89090.0,False,1,17,31
2012-01-31 18:00:00,-9.73,73.45,0.0,-0.0,0.0,233.34,2.84,326.0,89116.0,False,1,18,31
2012-01-31 19:00:00,-9.03,73.72,0.0,-0.0,0.0,231.7,2.77,322.0,89151.0,False,1,19,31
2012-01-31 20:00:00,-8.32,73.99,0.0,-0.0,0.0,230.07,2.71,329.0,89195.0,False,1,20,31
2012-01-31 21:00:00,-7.61,74.26,0.0,-0.0,0.0,228.43,2.64,334.0,89238.0,False,1,21,31
2012-01-31 22:00:00,-6.91,74.53,0.0,-0.0,0.0,226.79,2.58,332.0,89369.0,False,1,22,31
2012-01-31 23:00:00,-6.2,74.8,0.0,-0.0,0.0,225.16,2.51,329.0,89404.0,False,1,23,31
2018-02-01 00:00:00,-5.5,75.07,0.0,-0.0,0.0,223.52,2.45,239.0,89544.0,False,2,0,32
2018-02-01 01:00:00,-4.79,75.34,0.0,-0.0,0.0,221.88,2.38,236.0,89553.0,False,2,1,32
2018-02-01 02:00:00,-4.09,75.61,0.0,-0.0,0.0,220.25,2.32,235.0,89536.0,False,2,2,32
2018-02-01 03:00:00,-3.38,75.88,0.0,-0.0,0.0,218.61,2.25,235.0,89536.0,False,2,3,32
2018-02-01 04:00:00,-2.68,76.15,0.0,-0.0,0.0,216.97,2.19,231.0,89588.0,False,2,4,32
2018-02-01 05:00:00,-1.97,76.42,0.0,0.0,0.0,215.34,2.12,227.0,89597.0,False,2,5,32
2018-02-01 06:00:00,-1.27,76.7,116.0,98.29,95.0,213.7,2.06,219.0,89640.0,False,2,6,32
2018-02-01 07:00:00,-0.56,76.97,215.0,101.06,178.0,212.06,1.99,210.0,89684.0,False,2,7,32
2018-02-01 08:00:00,4.62,62.35,261.0,60.26,232.0,228.6,2.0,186.0,89684.0,False,2,8,32
2018-02-01 09:00:00,7.93,52.85,313.0,68.93,275.0,233.4,2.62,173.0,89623.0,False,2,9,32
2018-02-01 10:00:00,9.25,47.2,358.0,108.51,296.0,236.2,2.97,171.0,89527.0,False,2,10,32
2018-02-01 11:00:00,10.1,42.75,430.0,301.74,267.0,238.4,3.03,174.0,89448.0,False,2,11,32
2018-02-01 12:00:00,10.57,39.9,383.0,378.38,209.0,239.0,2.97,177.0,89378.0,False,2,12,32
2018-02-01 13:00:00,10.67,38.6,266.0,354.37,147.0,238.8,2.83,176.0,89334.0,False,2,13,32
2018-02-01 14:00:00,9.62,43.8,150.0,577.81,48.0,238.4,2.21,160.0,89299.0,False,2,14,32
2018-02-01 15:00:00,7.43,51.1,0.0,-0.0,0.0,235.6,2.48,160.0,89326.0,False,2,15,32
2018-02-01 16:00:00,4.64,60.3,0.0,-0.0,0.0,236.2,2.48,176.0,89361.0,False,2,16,32
2018-02-01 17:00:00,2.62,65.6,0.0,-0.0,0.0,236.6,2.62,201.0,89404.0,False,2,17,32
2018-02-01 18:00:00,1.07,71.4,0.0,-0.0,0.0,232.6,2.76,222.0,89448.0,False,2,18,32
2018-02-01 19:00:00,0.13,77.55,0.0,-0.0,0.0,232.6,2.69,228.0,89483.0,False,2,19,32
2018-02-01 20:00:00,-0.89,82.7,0.0,-0.0,0.0,229.6,2.55,231.0,89544.0,False,2,20,32
2018-02-01 21:00:00,-1.48,86.65,0.0,-0.0,0.0,234.2,2.48,231.0,89579.0,False,2,21,32
2018-02-01 22:00:00,-1.91,89.05,0.0,-0.0,0.0,231.0,2.48,229.0,89649.0,False,2,22,32
2018-02-01 23:00:00,-1.83,90.75,0.0,-0.0,0.0,241.2,2.41,225.0,89667.0,False,2,23,32
2018-02-02 00:00:00,-1.97,92.15,0.0,-0.0,0.0,236.8,2.41,221.0,89667.0,False,2,0,33
2018-02-02 01:00:00,-2.03,93.1,0.0,-0.0,0.0,243.2,2.34,219.0,89667.0,False,2,1,33
2018-02-02 02:00:00,-1.77,93.9,0.0,-0.0,0.0,251.6,2.34,217.0,89684.0,False,2,2,33
2018-02-02 03:00:00,-1.28,94.5,0.0,-0.0,0.0,265.6,2.34,213.0,89684.0,False,2,3,33
2018-02-02 04:00:00,-0.96,94.6,0.0,-0.0,0.0,269.0,2.41,210.0,89745.0,False,2,4,33
2018-02-02 05:00:00,-0.93,95.05,0.0,0.0,0.0,265.0,2.41,213.0,89833.0,False,2,5,33
2018-02-02 06:00:00,0.1,94.65,88.0,23.06,83.0,266.6,2.14,200.0,89824.0,False,2,6,33
2018-02-02 07:00:00,2.32,84.25,320.0,492.47,138.0,278.4,2.62,195.0,89833.0,False,2,7,33
2018-02-02 08:00:00,4.32,76.65,441.0,534.01,182.0,248.8,2.97,190.0,89789.0,False,2,8,33
2018-02-02 09:00:00,6.51,68.1,526.0,597.92,194.0,247.2,2.97,183.0,89719.0,False,2,9,33
2018-02-02 10:00:00,8.43,60.3,594.0,792.33,138.0,250.4,3.38,184.0,89553.0,False,2,10,33
2018-02-02 11:00:00,9.94,54.65,502.0,545.55,205.0,257.4,3.66,196.0,89422.0,False,2,11,33
2018-02-02 12:00:00,11.05,51.3,350.0,275.83,222.0,262.0,3.59,199.0,89369.0,False,2,12,33
2018-02-02 13:00:00,11.47,49.7,141.0,17.65,135.0,261.4,3.17,199.0,89352.0,False,2,13,33
2018-02-02 14:00:00,11.09,52.25,76.0,38.79,69.0,276.0,2.34,200.0,89352.0,False,2,14,33
2018-02-02 15:00:00,9.32,60.0,0.0,-0.0,0.0,276.0,2.14,222.0,89378.0,False,2,15,33
2018-02-02 16:00:00,6.6,74.1,0.0,-0.0,0.0,274.2,1.93,232.0,89387.0,False,2,16,33
2018-02-02 17:00:00,5.26,78.65,0.0,-0.0,0.0,280.4,1.59,230.0,89369.0,False,2,17,33
2018-02-02 18:00:00,4.28,83.6,0.0,-0.0,0.0,297.6,1.79,228.0,89396.0,False,2,18,33
2018-02-02 19:00:00,4.05,85.75,0.0,-0.0,0.0,306.4,2.41,207.0,89431.0,False,2,19,33
2018-02-02 20:00:00,3.96,87.1,0.0,-0.0,0.0,306.2,2.48,208.0,89431.0,False,2,20,33
2018-02-02 21:00:00,3.79,88.9,0.0,-0.0,0.0,308.2,2.34,199.0,89396.0,False,2,21,33
2018-02-02 22:00:00,3.65,90.3,0.0,-0.0,0.0,310.0,2.28,202.0,89404.0,False,2,22,33
2018-02-02 23:00:00,3.61,91.05,0.0,-0.0,0.0,312.4,2.21,217.0,89422.0,False,2,23,33
2018-02-03 00:00:00,3.48,91.7,0.0,-0.0,0.0,312.8,2.07,225.0,89378.0,False,2,0,34
2018-02-03 01:00:00,3.15,92.9,0.0,-0.0,0.0,303.0,1.93,239.0,89396.0,False,2,1,34
2018-02-03 02:00:00,2.98,93.05,0.0,-0.0,0.0,298.6,1.45,234.0,89396.0,False,2,2,34
2018-02-03 03:00:00,2.54,93.7,0.0,-0.0,0.0,278.6,1.31,227.0,89404.0,False,2,3,34
2018-02-03 04:00:00,2.23,94.3,0.0,-0.0,0.0,283.6,1.31,220.0,89448.0,False,2,4,34
2018-02-03 05:00:00,1.96,95.2,0.0,0.0,0.0,289.2,1.31,212.0,89501.0,False,2,5,34
2018-02-03 06:00:00,2.26,95.6,131.0,159.09,96.0,280.4,1.24,215.0,89536.0,False,2,6,34
2018-02-03 07:00:00,5.36,84.6,166.0,29.48,155.0,290.8,1.59,205.0,89553.0,False,2,7,34
2018-02-03 08:00:00,7.64,73.05,190.0,8.18,186.0,286.6,2.0,202.0,89553.0,False,2,8,34
2018-02-03 09:00:00,9.09,67.3,150.0,0.0,150.0,305.2,2.21,192.0,89492.0,False,2,9,34
2018-02-03 10:00:00,10.27,63.05,107.0,0.0,107.0,304.4,2.41,191.0,89457.0,False,2,10,34
2018-02-03 11:00:00,10.73,62.35,102.0,0.0,102.0,317.2,2.97,197.0,89334.0,False,2,11,34
2018-02-03 12:00:00,10.9,63.05,192.0,14.95,185.0,324.8,3.1,202.0,89256.0,False,2,12,34
2018-02-03 13:00:00,10.87,63.75,166.0,49.41,149.0,326.0,2.76,193.0,89203.0,False,2,13,34
2018-02-03 14:00:00,10.33,67.7,75.0,37.95,68.0,312.2,2.55,183.0,89151.0,False,2,14,34
2018-02-03 15:00:00,9.19,73.25,0.0,0.0,0.0,303.2,2.55,187.0,89116.0,False,2,15,34
2018-02-03 16:00:00,7.38,81.55,0.0,-0.0,0.0,290.6,2.62,199.0,89133.0,False,2,16,34
2018-02-03 17:00:00,6.05,87.4,0.0,-0.0,0.0,280.4,2.69,206.0,89142.0,False,2,17,34
2018-02-03 18:00:00,5.36,90.1,0.0,-0.0,0.0,287.4,2.69,209.0,89133.0,False,2,18,34
2018-02-03 19:00:00,4.61,90.25,0.0,-0.0,0.0,273.2,2.55,210.0,89142.0,False,2,19,34
2018-02-03 20:00:00,4.28,91.4,0.0,-0.0,0.0,283.6,2.55,210.0,89125.0,False,2,20,34
2018-02-03 21:00:00,3.84,92.15,0.0,-0.0,0.0,274.6,2.69,213.0,89168.0,False,2,21,34
2018-02-03 22:00:00,3.72,92.5,0.0,-0.0,0.0,280.6,2.76,212.0,89168.0,False,2,22,34
2018-02-03 23:00:00,4.0,91.95,0.0,-0.0,0.0,294.6,2.9,208.0,89177.0,False,2,23,34
2018-02-04 00:00:00,4.21,91.45,0.0,-0.0,0.0,305.2,2.83,203.0,89151.0,False,2,0,35
2018-02-04 01:00:00,4.01,92.05,0.0,-0.0,0.0,304.8,2.69,202.0,89098.0,False,2,1,35
2018-02-04 02:00:00,3.9,92.35,0.0,-0.0,0.0,304.4,2.48,201.0,89081.0,False,2,2,35
2018-02-04 03:00:00,3.92,92.45,0.0,-0.0,0.0,311.0,2.41,196.0,88993.0,False,2,3,35
2018-02-04 04:00:00,3.62,92.65,0.0,-0.0,0.0,298.2,2.41,195.0,88985.0,False,2,4,35
2018-02-04 05:00:00,3.57,92.25,4.0,0.0,4.0,303.0,2.34,193.0,88985.0,False,2,5,35
2018-02-04 06:00:00,3.98,91.25,82.0,13.43,79.0,304.6,2.07,185.0,89011.0,False,2,6,35
2018-02-04 07:00:00,5.44,83.7,170.0,26.55,160.0,300.4,1.93,184.0,89028.0,False,2,7,35
2018-02-04 08:00:00,7.48,75.3,256.0,48.71,232.0,300.0,2.55,174.0,89011.0,False,2,8,35
2018-02-04 09:00:00,9.17,66.55,512.0,509.44,225.0,305.6,2.97,175.0,88993.0,False,2,9,35
2018-02-04 10:00:00,10.81,57.8,590.0,731.27,163.0,311.0,3.17,176.0,88897.0,False,2,10,35
2018-02-04 11:00:00,12.22,50.8,504.0,517.24,218.0,320.6,3.24,179.0,88827.0,False,2,11,35
2018-02-04 12:00:00,12.87,48.85,428.0,533.29,176.0,317.6,2.83,178.0,88775.0,False,2,12,35
2018-02-04 13:00:00,13.15,46.85,199.0,100.51,164.0,306.4,2.97,181.0,88766.0,False,2,13,35
2018-02-04 14:00:00,12.44,47.75,129.0,286.61,75.0,305.4,2.9,179.0,88740.0,False,2,14,35
2018-02-04 15:00:00,10.77,51.05,0.0,0.0,0.0,305.4,2.9,179.0,88757.0,False,2,15,35
2018-02-04 16:00:00,9.04,54.65,0.0,-0.0,0.0,298.8,3.1,183.0,88740.0,False,2,16,35
2018-02-04 17:00:00,8.18,55.85,0.0,-0.0,0.0,304.0,3.24,186.0,88757.0,False,2,17,35
2018-02-04 18:00:00,7.48,57.65,0.0,-0.0,0.0,297.8,3.45,188.0,88722.0,False,2,18,35
2018-02-04 19:00:00,7.5,58.3,0.0,-0.0,0.0,305.4,3.66,187.0,88705.0,False,2,19,35
2018-02-04 20:00:00,7.08,59.25,0.0,-0.0,0.0,293.4,3.66,188.0,88661.0,False,2,20,35
2018-02-04 21:00:00,6.17,63.3,0.0,-0.0,0.0,280.0,3.24,188.0,88670.0,False,2,21,35
2018-02-04 22:00:00,4.57,70.9,0.0,-0.0,0.0,255.6,2.76,202.0,88749.0,False,2,22,35
2018-02-04 23:00:00,3.01,78.0,0.0,-0.0,0.0,246.6,2.34,226.0,88810.0,False,2,23,35
2018-02-05 00:00:00,3.01,75.2,0.0,-0.0,0.0,242.8,1.52,236.0,88845.0,False,2,0,36
2018-02-05 01:00:00,3.81,72.55,0.0,-0.0,0.0,245.8,0.97,227.0,88889.0,False,2,1,36
2018-02-05 02:00:00,2.62,77.75,0.0,-0.0,0.0,239.8,1.31,213.0,88871.0,False,2,2,36
2018-02-05 03:00:00,0.39,85.15,0.0,-0.0,0.0,239.4,1.86,220.0,88897.0,False,2,3,36
2018-02-05 04:00:00,-0.29,86.45,0.0,-0.0,0.0,240.2,1.93,224.0,88924.0,False,2,4,36
2018-02-05 05:00:00,-0.7,87.05,7.0,0.0,7.0,244.8,2.0,225.0,88958.0,False,2,5,36
2018-02-05 06:00:00,1.41,83.75,199.0,613.12,60.0,246.6,1.45,219.0,89002.0,False,2,6,36
2018-02-05 07:00:00,6.36,69.2,362.0,672.98,106.0,255.8,1.86,211.0,89002.0,False,2,7,36
2018-02-05 08:00:00,10.07,52.1,498.0,743.0,129.0,265.2,2.07,198.0,89028.0,False,2,8,36
2018-02-05 09:00:00,12.15,46.5,586.0,792.94,136.0,273.2,2.21,193.0,88932.0,False,2,9,36
2018-02-05 10:00:00,13.59,41.6,625.0,867.07,115.0,273.4,2.28,201.0,88827.0,False,2,10,36
2018-02-05 11:00:00,14.53,37.45,586.0,850.59,112.0,277.4,2.07,220.0,88784.0,False,2,11,36
2018-02-05 12:00:00,14.93,35.7,409.0,438.31,200.0,278.0,1.72,242.0,88740.0,False,2,12,36
2018-02-05 13:00:00,14.85,35.6,256.0,261.08,164.0,284.4,1.45,259.0,88714.0,False,2,13,36
2018-02-05 14:00:00,14.52,37.3,165.0,613.3,47.0,274.6,0.97,281.0,88731.0,False,2,14,36
2018-02-05 15:00:00,12.77,56.1,0.0,0.0,0.0,275.8,0.76,349.0,88749.0,False,2,15,36
2018-02-05 16:00:00,10.67,53.1,0.0,-0.0,0.0,266.4,1.1,338.0,88784.0,False,2,16,36
2018-02-05 17:00:00,7.21,68.35,0.0,-0.0,0.0,262.6,1.86,323.0,88827.0,False,2,17,36
2018-02-05 18:00:00,5.19,77.4,0.0,-0.0,0.0,263.4,2.41,326.0,88845.0,False,2,18,36
2018-02-05 19:00:00,4.25,79.45,0.0,-0.0,0.0,262.6,2.21,299.0,88880.0,False,2,19,36
2018-02-05 20:00:00,3.22,84.1,0.0,-0.0,0.0,262.2,2.14,294.0,88915.0,False,2,20,36
2018-02-05 21:00:00,2.36,86.55,0.0,-0.0,0.0,252.6,2.14,292.0,88932.0,False,2,21,36
2018-02-05 22:00:00,1.75,87.75,0.0,-0.0,0.0,251.6,2.0,289.0,88897.0,False,2,22,36
2018-02-05 23:00:00,1.41,87.95,0.0,-0.0,0.0,251.4,1.86,286.0,88924.0,False,2,23,36
2018-02-06 00:00:00,1.22,87.6,0.0,-0.0,0.0,249.8,1.79,281.0,88897.0,False,2,0,37
2018-02-06 01:00:00,1.4,86.65,0.0,-0.0,0.0,254.8,1.66,273.0,88897.0,False,2,1,37
2018-02-06 02:00:00,1.38,85.45,0.0,-0.0,0.0,246.6,1.59,268.0,88880.0,False,2,2,37
2018-02-06 03:00:00,1.59,83.95,0.0,-0.0,0.0,253.4,1.52,262.0,88897.0,False,2,3,37
2018-02-06 04:00:00,1.17,84.1,0.0,-0.0,0.0,248.6,1.66,252.0,88915.0,False,2,4,37
2018-02-06 05:00:00,0.26,85.2,8.0,0.0,8.0,238.6,1.93,242.0,88967.0,False,2,5,37
2018-02-06 06:00:00,2.38,81.9,191.0,499.59,76.0,250.0,1.24,232.0,89020.0,False,2,6,37
2018-02-06 07:00:00,6.02,77.7,368.0,687.21,104.0,256.0,0.97,215.0,89055.0,False,2,7,37
2018-02-06 08:00:00,9.73,56.5,505.0,759.01,125.0,262.2,1.24,194.0,89055.0,False,2,8,37
2018-02-06 09:00:00,11.59,50.15,604.0,857.07,114.0,257.0,1.45,189.0,89011.0,False,2,9,37
2018-02-06 10:00:00,13.0,44.25,643.0,933.32,90.0,270.8,1.38,205.0,88976.0,False,2,10,37
2018-02-06 11:00:00,13.77,40.3,610.0,950.82,76.0,275.4,1.24,243.0,88941.0,False,2,11,37
2018-02-06 12:00:00,14.27,37.85,432.0,513.35,185.0,270.2,1.66,278.0,88950.0,False,2,12,37
2018-02-06 13:00:00,14.35,36.35,268.0,300.07,161.0,282.8,1.52,292.0,88967.0,False,2,13,37
2018-02-06 14:00:00,14.13,36.05,160.0,504.05,61.0,287.8,1.03,307.0,88976.0,False,2,14,37
2018-02-06 15:00:00,12.47,53.45,0.0,0.0,0.0,277.8,0.97,46.0,89028.0,False,2,15,37
2018-02-06 16:00:00,10.73,50.2,0.0,-0.0,0.0,272.6,0.76,49.0,89072.0,False,2,16,37
2018-02-06 17:00:00,10.04,52.2,0.0,-0.0,0.0,281.2,0.76,356.0,89125.0,False,2,17,37
2018-02-06 18:00:00,7.63,64.1,0.0,-0.0,0.0,264.0,1.31,332.0,89177.0,False,2,18,37
2018-02-06 19:00:00,8.13,60.45,0.0,-0.0,0.0,255.0,1.03,307.0,89212.0,False,2,19,37
2018-02-06 20:00:00,6.75,66.55,0.0,-0.0,0.0,251.2,1.38,292.0,89256.0,False,2,20,37
2018-02-06 21:00:00,5.25,72.35,0.0,-0.0,0.0,249.2,1.52,283.0,89317.0,False,2,21,37
2018-02-06 22:00:00,4.29,75.6,0.0,-0.0,0.0,248.0,1.59,276.0,89369.0,False,2,22,37
2018-02-06 23:00:00,3.53,77.75,0.0,-0.0,0.0,245.8,1.66,269.0,89378.0,False,2,23,37
2018-02-07 00:00:00,2.65,80.2,0.0,-0.0,0.0,243.4,1.72,263.0,89396.0,False,2,0,38
2018-02-07 01:00:00,1.59,82.5,0.0,-0.0,0.0,241.4,1.86,259.0,89422.0,False,2,1,38
2018-02-07 02:00:00,0.96,83.8,0.0,-0.0,0.0,239.6,1.93,257.0,89431.0,False,2,2,38
2018-02-07 03:00:00,0.51,84.45,0.0,-0.0,0.0,237.6,1.93,254.0,89466.0,False,2,3,38
2018-02-07 04:00:00,0.23,84.7,0.0,-0.0,0.0,239.0,1.93,250.0,89527.0,False,2,4,38
2018-02-07 05:00:00,0.03,84.45,11.0,0.0,11.0,235.4,1.93,245.0,89597.0,False,2,5,38
2018-02-07 06:00:00,2.11,82.25,210.0,667.37,54.0,235.6,1.31,236.0,89632.0,False,2,6,38
2018-02-07 07:00:00,6.06,79.75,382.0,760.29,87.0,239.2,0.76,208.0,89658.0,False,2,7,38
2018-02-07 08:00:00,9.83,57.2,517.0,812.31,107.0,245.8,1.24,171.0,89632.0,False,2,8,38
2018-02-07 09:00:00,11.74,50.4,604.0,850.73,114.0,252.8,1.86,155.0,89571.0,False,2,9,38
2018-02-07 10:00:00,13.11,44.75,637.0,892.99,104.0,261.2,2.34,154.0,89509.0,False,2,10,38
2018-02-07 11:00:00,14.15,40.15,595.0,860.4,108.0,266.8,2.62,166.0,89431.0,False,2,11,38
2018-02-07 12:00:00,14.86,36.95,491.0,782.71,111.0,274.0,2.76,171.0,89361.0,False,2,12,38
2018-02-07 13:00:00,15.11,35.15,331.0,620.85,107.0,288.0,2.55,166.0,89317.0,False,2,13,38
2018-02-07 14:00:00,14.6,38.2,172.0,618.67,48.0,292.2,2.28,144.0,89291.0,False,2,14,38
2018-02-07 15:00:00,12.71,45.75,0.0,0.0,0.0,287.2,2.55,139.0,89326.0,False,2,15,38
2018-02-07 16:00:00,10.34,53.7,0.0,-0.0,0.0,281.8,2.48,152.0,89369.0,False,2,16,38
2018-02-07 17:00:00,8.48,60.15,0.0,-0.0,0.0,279.2,2.21,166.0,89431.0,False,2,17,38
2018-02-07 18:00:00,7.19,64.45,0.0,-0.0,0.0,286.8,2.28,187.0,89404.0,False,2,18,38
2018-02-07 19:00:00,7.41,64.35,0.0,-0.0,0.0,310.0,2.0,184.0,89387.0,False,2,19,38
2018-02-07 20:00:00,6.69,68.0,0.0,-0.0,0.0,308.6,2.21,215.0,89369.0,False,2,20,38
2018-02-07 21:00:00,6.02,71.7,0.0,-0.0,0.0,299.8,2.0,209.0,89308.0,False,2,21,38
2018-02-07 22:00:00,5.56,73.9,0.0,-0.0,0.0,300.8,2.14,200.0,89291.0,False,2,22,38
2018-02-07 23:00:00,5.36,74.9,0.0,-0.0,0.0,299.4,2.48,219.0,89282.0,False,2,23,38
2018-02-08 00:00:00,4.98,79.0,0.0,-0.0,0.0,297.2,2.21,220.0,89230.0,False,2,0,39
2018-02-08 01:00:00,4.58,84.75,0.0,-0.0,0.0,298.6,2.14,224.0,89203.0,False,2,1,39
2018-02-08 02:00:00,4.28,88.55,0.0,-0.0,0.0,298.4,2.0,220.0,89133.0,False,2,2,39
2018-02-08 03:00:00,3.74,90.1,0.0,-0.0,0.0,284.8,2.21,211.0,89090.0,False,2,3,39
2018-02-08 04:00:00,3.98,90.7,0.0,-0.0,0.0,298.2,2.34,201.0,89046.0,False,2,4,39
2018-02-08 05:00:00,3.61,91.25,2.0,0.0,2.0,279.6,2.41,204.0,89072.0,False,2,5,39
2018-02-08 06:00:00,5.07,91.55,53.0,0.0,53.0,288.2,2.14,199.0,89098.0,False,2,6,39
2018-02-08 07:00:00,7.28,88.5,171.0,22.96,162.0,308.4,1.72,188.0,89098.0,False,2,7,39
2018-02-08 08:00:00,10.55,76.4,371.0,241.71,248.0,309.2,2.34,169.0,89081.0,False,2,8,39
2018-02-08 09:00:00,13.27,64.2,427.0,237.81,289.0,286.8,3.31,166.0,88958.0,False,2,9,39
2018-02-08 10:00:00,15.68,55.55,653.0,974.59,67.0,290.8,4.34,171.0,88862.0,False,2,10,39
2018-02-08 11:00:00,17.42,48.35,608.0,927.36,79.0,294.4,5.38,192.0,88722.0,False,2,11,39
2018-02-08 12:00:00,18.03,41.3,494.0,800.24,102.0,303.0,5.66,207.0,88617.0,False,2,12,39
2018-02-08 13:00:00,17.55,39.45,333.0,621.87,106.0,298.8,5.59,212.0,88583.0,False,2,13,39
2018-02-08 14:00:00,16.34,41.7,165.0,503.77,62.0,289.6,4.69,213.0,88556.0,False,2,14,39
2018-02-08 15:00:00,14.32,46.0,0.0,0.0,0.0,281.6,4.21,210.0,88583.0,False,2,15,39
2018-02-08 16:00:00,11.8,53.4,0.0,-0.0,0.0,272.2,3.45,202.0,88600.0,False,2,16,39
2018-02-08 17:00:00,9.94,60.1,0.0,-0.0,0.0,266.4,3.17,199.0,88626.0,False,2,17,39
2018-02-08 18:00:00,8.48,65.15,0.0,-0.0,0.0,261.6,3.1,200.0,88591.0,False,2,18,39
2018-02-08 19:00:00,7.07,70.95,0.0,-0.0,0.0,260.2,2.76,209.0,88609.0,False,2,19,39
2018-02-08 20:00:00,6.04,75.9,0.0,-0.0,0.0,268.8,2.55,220.0,88591.0,False,2,20,39
2018-02-08 21:00:00,5.19,80.1,0.0,-0.0,0.0,268.6,2.14,238.0,88617.0,False,2,21,39
2018-02-08 22:00:00,5.1,80.15,0.0,-0.0,0.0,273.2,1.79,264.0,88617.0,False,2,22,39
2018-02-08 23:00:00,4.64,82.2,0.0,-0.0,0.0,273.4,1.79,282.0,88635.0,False,2,23,39
2018-02-09 00:00:00,4.19,84.2,0.0,-0.0,0.0,273.0,1.72,282.0,88644.0,False,2,0,40
2018-02-09 01:00:00,3.73,87.0,0.0,-0.0,0.0,278.2,1.72,282.0,88635.0,False,2,1,40
2018-02-09 02:00:00,3.38,88.8,0.0,-0.0,0.0,277.8,1.72,280.0,88679.0,False,2,2,40
2018-02-09 03:00:00,3.49,89.5,0.0,-0.0,0.0,293.0,1.59,280.0,88705.0,False,2,3,40
2018-02-09 04:00:00,3.43,89.45,0.0,-0.0,0.0,283.2,1.52,273.0,88714.0,False,2,4,40
2018-02-09 05:00:00,3.69,88.5,6.0,0.0,6.0,292.4,1.31,261.0,88757.0,False,2,5,40
2018-02-09 06:00:00,4.94,84.4,98.0,24.88,92.0,294.4,0.97,247.0,88792.0,False,2,6,40
2018-02-09 07:00:00,7.85,79.5,242.0,128.82,191.0,299.6,0.48,287.0,88845.0,False,2,7,40
2018-02-09 08:00:00,9.99,60.7,375.0,237.78,253.0,273.8,0.55,79.0,88784.0,False,2,8,40
2018-02-09 09:00:00,11.44,57.2,544.0,562.73,215.0,275.4,1.52,97.0,88696.0,False,2,9,40
2018-02-09 10:00:00,12.45,52.3,634.0,841.96,124.0,277.6,1.66,124.0,88600.0,False,2,10,40
2018-02-09 11:00:00,13.18,48.55,517.0,502.7,228.0,292.2,1.45,142.0,88495.0,False,2,11,40
2018-02-09 12:00:00,13.65,45.0,498.0,783.02,111.0,287.2,1.31,148.0,88460.0,False,2,12,40
2018-02-09 13:00:00,13.94,42.15,347.0,671.6,99.0,290.0,1.24,180.0,88434.0,False,2,13,40
2018-02-09 14:00:00,14.04,40.4,156.0,383.71,76.0,282.6,1.24,174.0,88381.0,False,2,14,40
2018-02-09 15:00:00,12.96,47.4,0.0,0.0,0.0,293.2,1.45,108.0,88399.0,False,2,15,40
2018-02-09 16:00:00,10.73,59.15,0.0,-0.0,0.0,281.0,1.31,99.0,88451.0,False,2,16,40
2018-02-09 17:00:00,10.26,56.7,0.0,-0.0,0.0,272.8,0.48,95.0,88530.0,False,2,17,40
2018-02-09 18:00:00,9.42,60.2,0.0,-0.0,0.0,262.6,0.34,274.0,88513.0,False,2,18,40
2018-02-09 19:00:00,8.74,66.9,0.0,-0.0,0.0,261.6,0.62,258.0,88539.0,False,2,19,40
2018-02-09 20:00:00,8.34,68.2,0.0,-0.0,0.0,285.0,0.9,264.0,88521.0,False,2,20,40
2018-02-09 21:00:00,7.99,69.15,0.0,-0.0,0.0,274.8,0.83,262.0,88495.0,False,2,21,40
2018-02-09 22:00:00,7.05,72.3,0.0,-0.0,0.0,263.8,1.24,256.0,88504.0,False,2,22,40
2018-02-09 23:00:00,6.73,72.75,0.0,-0.0,0.0,268.6,1.1,262.0,88504.0,False,2,23,40
2018-02-10 00:00:00,6.28,73.85,0.0,-0.0,0.0,265.8,1.24,271.0,88460.0,False,2,0,41
2018-02-10 01:00:00,5.6,75.95,0.0,-0.0,0.0,285.0,1.38,263.0,88451.0,False,2,1,41
2018-02-10 02:00:00,5.56,76.4,0.0,-0.0,0.0,299.0,1.31,259.0,88460.0,False,2,2,41
2018-02-10 03:00:00,5.58,75.7,0.0,-0.0,0.0,280.0,1.24,253.0,88425.0,False,2,3,41
2018-02-10 04:00:00,5.89,74.75,0.0,-0.0,0.0,303.6,1.1,238.0,88434.0,False,2,4,41
2018-02-10 05:00:00,5.67,77.0,7.0,0.0,7.0,313.8,1.17,225.0,88469.0,False,2,5,41
2018-02-10 06:00:00,6.76,73.9,103.0,32.66,95.0,307.0,0.76,214.0,88478.0,False,2,6,41
2018-02-10 07:00:00,7.96,77.05,187.0,37.5,172.0,314.0,1.31,200.0,88504.0,False,2,7,41
2018-02-10 08:00:00,10.01,64.15,334.0,148.84,257.0,320.4,1.31,186.0,88530.0,False,2,8,41
2018-02-10 09:00:00,11.07,61.4,199.0,1.7,198.0,326.2,1.17,164.0,88495.0,False,2,9,41
2018-02-10 10:00:00,12.01,59.6,268.0,16.39,258.0,328.6,1.52,146.0,88425.0,False,2,10,41
2018-02-10 11:00:00,13.32,55.8,469.0,353.83,264.0,322.8,2.14,149.0,88346.0,False,2,11,41
2018-02-10 12:00:00,14.26,52.05,416.0,415.13,209.0,329.2,2.83,153.0,88268.0,False,2,12,41
2018-02-10 13:00:00,14.69,50.25,157.0,21.42,149.0,328.8,3.17,157.0,88224.0,False,2,13,41
2018-02-10 14:00:00,14.33,52.8,172.0,512.86,63.0,325.2,2.9,151.0,88137.0,False,2,14,41
2018-02-10 15:00:00,13.26,58.1,0.0,0.0,0.0,332.2,2.69,149.0,88110.0,False,2,15,41
2018-02-10 16:00:00,11.98,64.4,0.0,-0.0,0.0,329.2,2.62,157.0,88058.0,False,2,16,41
2018-02-10 17:00:00,11.19,70.4,0.0,-0.0,0.0,334.4,2.55,162.0,88084.0,False,2,17,41
2018-02-10 18:00:00,10.48,75.45,0.0,-0.0,0.0,324.8,2.9,164.0,88023.0,False,2,18,41
2018-02-10 19:00:00,9.87,75.95,0.0,-0.0,0.0,317.2,2.9,167.0,88014.0,False,2,19,41
2018-02-10 20:00:00,8.49,83.2,0.0,-0.0,0.0,278.2,3.1,174.0,87970.0,False,2,20,41
2018-02-10 21:00:00,7.39,86.7,0.0,-0.0,0.0,264.6,3.17,173.0,87927.0,False,2,21,41
2018-02-10 22:00:00,6.9,86.6,0.0,-0.0,0.0,261.2,3.52,172.0,87874.0,False,2,22,41
2018-02-10 23:00:00,6.7,84.25,0.0,-0.0,0.0,258.6,3.79,177.0,87848.0,False,2,23,41
2018-02-11 00:00:00,6.43,82.0,0.0,-0.0,0.0,256.4,3.93,181.0,87787.0,False,2,0,42
2018-02-11 01:00:00,6.36,77.8,0.0,-0.0,0.0,255.2,4.0,185.0,87682.0,False,2,1,42
2018-02-11 02:00:00,7.06,68.25,0.0,-0.0,0.0,254.4,4.62,190.0,87621.0,False,2,2,42
2018-02-11 03:00:00,7.55,60.7,0.0,-0.0,0.0,255.4,4.97,193.0,87594.0,False,2,3,42
2018-02-11 04:00:00,7.94,56.15,0.0,-0.0,0.0,256.6,5.1,196.0,87559.0,False,2,4,42
2018-02-11 05:00:00,8.09,55.6,39.0,301.18,19.0,258.0,4.97,198.0,87594.0,False,2,5,42
2018-02-11 06:00:00,9.7,53.8,225.0,651.07,63.0,259.2,5.03,200.0,87621.0,False,2,6,42
2018-02-11 07:00:00,12.93,48.75,403.0,772.08,91.0,265.2,5.03,193.0,87629.0,False,2,7,42
2018-02-11 08:00:00,15.05,45.45,543.0,831.94,109.0,268.4,7.03,200.0,87586.0,False,2,8,42
2018-02-11 09:00:00,16.21,41.9,632.0,869.4,116.0,272.6,8.0,206.0,87559.0,False,2,9,42
2018-02-11 10:00:00,16.63,39.25,644.0,814.99,143.0,281.4,8.07,211.0,87577.0,False,2,10,42
2018-02-11 11:00:00,16.73,37.4,602.0,786.13,143.0,276.6,7.93,214.0,87507.0,False,2,11,42
2018-02-11 12:00:00,16.66,37.05,502.0,731.53,134.0,275.8,7.72,214.0,87525.0,False,2,12,42
2018-02-11 13:00:00,16.05,37.1,352.0,630.0,114.0,276.4,7.52,216.0,87507.0,False,2,13,42
2018-02-11 14:00:00,14.67,40.4,179.0,512.51,68.0,274.0,6.41,221.0,87533.0,False,2,14,42
2018-02-11 15:00:00,12.65,45.6,0.0,0.0,0.0,265.2,5.45,223.0,87629.0,False,2,15,42
2018-02-11 16:00:00,10.42,51.35,0.0,-0.0,0.0,259.8,4.55,223.0,87691.0,False,2,16,42
2018-02-11 17:00:00,8.86,55.9,0.0,-0.0,0.0,252.0,4.07,223.0,87831.0,False,2,17,42
2018-02-11 18:00:00,7.71,59.2,0.0,-0.0,0.0,246.2,3.72,221.0,87848.0,False,2,18,42
2018-02-11 19:00:00,7.5,64.45,0.0,-0.0,0.0,248.0,4.28,226.0,87970.0,False,2,19,42
2018-02-11 20:00:00,6.7,69.05,0.0,-0.0,0.0,243.0,3.93,230.0,87979.0,False,2,20,42
2018-02-11 21:00:00,5.86,73.95,0.0,-0.0,0.0,241.4,3.45,233.0,88040.0,False,2,21,42
2018-02-11 22:00:00,4.68,80.8,0.0,-0.0,0.0,244.0,2.69,238.0,88040.0,False,2,22,42
2018-02-11 23:00:00,3.9,83.55,0.0,-0.0,0.0,241.0,1.93,242.0,88102.0,False,2,23,42
2018-02-12 00:00:00,5.18,77.9,0.0,-0.0,0.0,245.8,0.9,252.0,88102.0,False,2,0,43
2018-02-12 01:00:00,5.17,79.55,0.0,-0.0,0.0,243.4,0.21,339.0,88128.0,False,2,1,43
2018-02-12 02:00:00,4.45,82.65,0.0,-0.0,0.0,247.0,0.07,139.0,88180.0,False,2,2,43
2018-02-12 03:00:00,3.99,84.45,0.0,-0.0,0.0,250.2,0.34,202.0,88259.0,False,2,3,43
2018-02-12 04:00:00,3.65,85.8,0.0,-0.0,0.0,250.4,0.83,233.0,88276.0,False,2,4,43
2018-02-12 05:00:00,2.5,89.45,42.0,313.85,20.0,257.0,1.24,236.0,88303.0,False,2,5,43
2018-02-12 06:00:00,3.76,87.15,237.0,723.95,54.0,258.0,1.1,229.0,88355.0,False,2,6,43
2018-02-12 07:00:00,6.89,72.7,417.0,827.83,79.0,258.2,1.24,227.0,88390.0,False,2,7,43
2018-02-12 08:00:00,8.79,61.4,554.0,857.33,103.0,265.2,1.52,204.0,88320.0,False,2,8,43
2018-02-12 09:00:00,10.05,53.4,641.0,879.58,115.0,270.8,1.93,206.0,88250.0,False,2,9,43
2018-02-12 10:00:00,11.06,46.6,170.0,0.0,170.0,264.2,2.48,217.0,88172.0,False,2,10,43
2018-02-12 11:00:00,11.58,42.1,303.0,42.49,278.0,267.4,2.76,231.0,88102.0,False,2,11,43
2018-02-12 12:00:00,12.17,37.6,387.0,273.9,248.0,274.0,2.48,236.0,88014.0,False,2,12,43
2018-02-12 13:00:00,12.27,34.9,262.0,201.55,185.0,288.0,2.21,237.0,87988.0,False,2,13,43
2018-02-12 14:00:00,11.92,34.0,98.0,40.79,89.0,282.6,1.79,245.0,87988.0,False,2,14,43
2018-02-12 15:00:00,11.02,38.15,0.0,0.0,0.0,283.4,1.03,252.0,87997.0,False,2,15,43
2018-02-12 16:00:00,9.09,54.5,0.0,-0.0,0.0,282.8,0.9,253.0,88075.0,False,2,16,43
2018-02-12 17:00:00,7.96,57.55,0.0,-0.0,0.0,303.8,1.03,279.0,88128.0,False,2,17,43
2018-02-12 18:00:00,6.44,65.4,0.0,-0.0,0.0,296.2,1.38,294.0,88241.0,False,2,18,43
2018-02-12 19:00:00,6.14,61.35,0.0,-0.0,0.0,289.6,1.17,306.0,88241.0,False,2,19,43
2018-02-12 20:00:00,5.73,61.55,0.0,-0.0,0.0,283.8,1.03,328.0,88329.0,False,2,20,43
2018-02-12 21:00:00,5.2,63.05,0.0,-0.0,0.0,277.4,0.97,335.0,88346.0,False,2,21,43
2018-02-12 22:00:00,3.83,71.4,0.0,-0.0,0.0,267.0,1.31,324.0,88355.0,False,2,22,43
2018-02-12 23:00:00,2.95,76.15,0.0,-0.0,0.0,266.2,1.45,322.0,88425.0,False,2,23,43
2018-02-13 00:00:00,2.62,77.85,0.0,-0.0,0.0,272.8,1.45,318.0,88478.0,False,2,0,44
2018-02-13 01:00:00,2.32,78.8,0.0,-0.0,0.0,264.0,1.45,307.0,88486.0,False,2,1,44
2018-02-13 02:00:00,2.15,79.95,0.0,-0.0,0.0,269.4,1.45,302.0,88504.0,False,2,2,44
2018-02-13 03:00:00,1.81,81.5,0.0,-0.0,0.0,264.4,1.52,297.0,88539.0,False,2,3,44
2018-02-13 04:00:00,1.17,83.0,0.0,-0.0,0.0,244.4,1.59,296.0,88539.0,False,2,4,44
2018-02-13 05:00:00,0.86,83.65,16.0,0.0,16.0,247.8,1.52,300.0,88591.0,False,2,5,44
2018-02-13 06:00:00,2.82,81.65,143.0,105.13,116.0,239.0,0.97,310.0,88652.0,False,2,6,44
2018-02-13 07:00:00,5.82,68.4,122.0,0.0,122.0,247.0,1.03,322.0,88696.0,False,2,7,44
2018-02-13 08:00:00,6.68,64.0,264.0,37.7,244.0,262.4,1.03,324.0,88679.0,False,2,8,44
2018-02-13 09:00:00,7.58,56.25,343.0,71.36,300.0,266.2,0.83,301.0,88670.0,False,2,9,44
2018-02-13 10:00:00,8.46,50.55,224.0,1.6,223.0,284.8,1.17,286.0,88670.0,False,2,10,44
2018-02-13 11:00:00,9.34,44.3,147.0,0.0,147.0,294.2,1.45,281.0,88583.0,False,2,11,44
2018-02-13 12:00:00,10.28,37.2,427.0,388.73,228.0,281.4,1.93,290.0,88504.0,False,2,12,44
2018-02-13 13:00:00,10.7,32.35,347.0,556.54,132.0,289.6,2.34,304.0,88513.0,False,2,13,44
2018-02-13 14:00:00,10.55,30.15,38.0,0.0,38.0,255.6,2.83,317.0,88521.0,False,2,14,44
2018-02-13 15:00:00,9.19,34.4,0.0,0.0,0.0,253.2,2.69,339.0,88600.0,False,2,15,44
2018-02-13 16:00:00,6.87,42.9,0.0,-0.0,0.0,243.2,2.69,348.0,88679.0,False,2,16,44
2018-02-13 17:00:00,4.92,52.6,0.0,-0.0,0.0,234.2,2.34,350.0,88792.0,False,2,17,44
2018-02-13 18:00:00,3.36,60.45,0.0,-0.0,0.0,232.4,1.66,350.0,88827.0,False,2,18,44
2018-02-13 19:00:00,4.08,48.9,0.0,-0.0,0.0,228.2,1.03,318.0,88889.0,False,2,19,44
2018-02-13 20:00:00,3.27,52.65,0.0,-0.0,0.0,226.4,1.17,294.0,88906.0,False,2,20,44
2018-02-13 21:00:00,2.26,56.85,0.0,-0.0,0.0,225.2,1.24,284.0,88941.0,False,2,21,44
2018-02-13 22:00:00,2.3,55.65,0.0,-0.0,0.0,225.4,1.17,275.0,88958.0,False,2,22,44
2018-02-13 23:00:00,2.7,52.85,0.0,-0.0,0.0,235.0,0.83,253.0,88950.0,False,2,23,44
2018-02-14 00:00:00,2.79,52.25,0.0,-0.0,0.0,246.4,1.03,209.0,88950.0,False,2,0,45
2018-02-14 01:00:00,0.82,61.75,0.0,-0.0,0.0,242.8,1.52,211.0,88941.0,False,2,1,45
2018-02-14 02:00:00,-0.1,66.3,0.0,-0.0,0.0,238.8,1.79,213.0,88950.0,False,2,2,45
2018-02-14 03:00:00,-0.71,68.9,0.0,-0.0,0.0,236.0,1.86,211.0,88880.0,False,2,3,45
2018-02-14 04:00:00,-1.32,71.2,0.0,-0.0,0.0,229.0,2.0,208.0,88880.0,False,2,4,45
2018-02-14 05:00:00,-1.84,74.1,25.0,25.73,23.0,226.0,2.07,208.0,88871.0,False,2,5,45
2018-02-14 06:00:00,0.57,72.3,137.0,80.48,116.0,230.2,1.59,196.0,88889.0,False,2,6,45
2018-02-14 07:00:00,4.93,52.25,295.0,227.89,200.0,240.2,2.14,181.0,88889.0,False,2,7,45
2018-02-14 08:00:00,7.58,44.3,397.0,250.48,263.0,238.0,3.24,179.0,88819.0,False,2,8,45
2018-02-14 09:00:00,9.5,39.75,553.0,513.89,241.0,245.6,4.34,184.0,88757.0,False,2,9,45
2018-02-14 10:00:00,11.01,38.2,565.0,486.9,259.0,269.6,5.66,201.0,88679.0,False,2,10,45
2018-02-14 11:00:00,11.89,39.0,344.0,78.66,297.0,280.4,6.48,209.0,88556.0,False,2,11,45
2018-02-14 12:00:00,11.63,42.45,155.0,0.0,155.0,304.4,6.55,206.0,88513.0,False,2,12,45
2018-02-14 13:00:00,11.2,45.9,266.0,202.26,187.0,288.0,6.34,202.0,88548.0,False,2,13,45
2018-02-14 14:00:00,10.24,49.25,203.0,651.45,54.0,294.2,6.14,199.0,88591.0,False,2,14,45
2018-02-14 15:00:00,8.96,53.85,0.0,0.0,0.0,272.2,5.59,196.0,88670.0,False,2,15,45
2018-02-14 16:00:00,7.22,60.3,0.0,-0.0,0.0,255.2,4.69,198.0,88731.0,False,2,16,45
2018-02-14 17:00:00,6.14,65.3,0.0,-0.0,0.0,259.4,3.79,197.0,88836.0,False,2,17,45
2018-02-14 18:00:00,4.96,71.2,0.0,-0.0,0.0,250.0,3.1,193.0,88880.0,False,2,18,45
2018-02-14 19:00:00,4.17,79.15,0.0,-0.0,0.0,252.6,2.41,174.0,88941.0,False,2,19,45
2018-02-14 20:00:00,3.42,83.4,0.0,-0.0,0.0,264.8,2.14,160.0,88976.0,False,2,20,45
2018-02-14 21:00:00,3.05,86.5,0.0,-0.0,0.0,271.0,2.07,152.0,89020.0,False,2,21,45
2018-02-14 22:00:00,2.83,88.85,0.0,-0.0,0.0,272.4,2.07,152.0,88950.0,False,2,22,45
2018-02-14 23:00:00,2.67,91.2,0.0,-0.0,0.0,276.6,2.21,153.0,89002.0,False,2,23,45
2018-02-15 00:00:00,2.43,92.95,0.0,-0.0,0.0,271.6,2.34,157.0,89063.0,False,2,0,46
2018-02-15 01:00:00,1.96,94.4,0.0,-0.0,0.0,258.0,2.28,166.0,89046.0,False,2,1,46
2018-02-15 02:00:00,2.09,95.05,0.0,-0.0,0.0,277.2,2.28,169.0,89055.0,False,2,2,46
2018-02-15 03:00:00,2.03,95.55,0.0,-0.0,0.0,271.0,2.41,170.0,89116.0,False,2,3,46
2018-02-15 04:00:00,2.03,95.95,0.0,-0.0,0.0,273.2,2.41,176.0,89125.0,False,2,4,46
2018-02-15 05:00:00,1.72,96.35,32.0,61.24,27.0,262.6,2.28,185.0,89168.0,False,2,5,46
2018-02-15 06:00:00,3.28,94.3,207.0,384.77,105.0,269.8,2.07,185.0,89212.0,False,2,6,46
2018-02-15 07:00:00,6.47,81.3,416.0,740.65,104.0,264.0,3.17,171.0,89212.0,False,2,7,46
2018-02-15 08:00:00,8.17,67.1,471.0,448.57,229.0,273.8,4.62,174.0,89168.0,False,2,8,46
2018-02-15 09:00:00,9.57,54.8,387.0,117.7,315.0,286.4,4.76,180.0,89081.0,False,2,9,46
2018-02-15 10:00:00,10.71,45.8,371.0,80.56,320.0,306.4,4.76,182.0,88985.0,False,2,10,46
2018-02-15 11:00:00,11.69,40.15,546.0,498.27,246.0,323.4,4.62,181.0,88871.0,False,2,11,46
2018-02-15 12:00:00,12.11,37.75,368.0,203.52,262.0,317.4,4.07,175.0,88784.0,False,2,12,46
2018-02-15 13:00:00,12.07,38.6,299.0,296.31,182.0,299.4,4.0,163.0,88749.0,False,2,13,46
2018-02-15 14:00:00,11.66,42.05,136.0,137.48,104.0,280.6,4.21,155.0,88740.0,False,2,14,46
2018-02-15 15:00:00,10.55,49.4,4.0,0.0,4.0,298.8,4.07,145.0,88757.0,False,2,15,46
2018-02-15 16:00:00,8.89,56.6,0.0,-0.0,0.0,284.2,3.86,152.0,88827.0,False,2,16,46
2018-02-15 17:00:00,7.97,61.65,0.0,-0.0,0.0,285.0,3.86,165.0,88915.0,False,2,17,46
2018-02-15 18:00:00,7.25,66.25,0.0,-0.0,0.0,283.4,3.66,175.0,88950.0,False,2,18,46
2018-02-15 19:00:00,6.5,68.85,0.0,-0.0,0.0,277.4,3.38,174.0,89011.0,False,2,19,46
2018-02-15 20:00:00,5.88,71.25,0.0,-0.0,0.0,282.0,2.9,172.0,89028.0,False,2,20,46
2018-02-15 21:00:00,5.04,75.35,0.0,-0.0,0.0,275.0,2.48,175.0,89028.0,False,2,21,46
2018-02-15 22:00:00,4.06,80.5,0.0,-0.0,0.0,268.0,2.21,179.0,89028.0,False,2,22,46
2018-02-15 23:00:00,3.53,83.6,0.0,-0.0,0.0,276.2,1.86,180.0,89020.0,False,2,23,46
2018-02-16 00:00:00,3.94,80.95,0.0,-0.0,0.0,275.6,1.45,177.0,89020.0,False,2,0,47
2018-02-16 01:00:00,5.11,74.6,0.0,-0.0,0.0,272.2,0.97,159.0,89011.0,False,2,1,47
2018-02-16 02:00:00,4.84,76.0,0.0,-0.0,0.0,272.8,0.62,111.0,89002.0,False,2,2,47
2018-02-16 03:00:00,4.38,78.1,0.0,-0.0,0.0,263.4,0.48,65.0,89020.0,False,2,3,47
2018-02-16 04:00:00,4.2,79.1,0.0,-0.0,0.0,282.0,0.41,6.0,89037.0,False,2,4,47
2018-02-16 05:00:00,4.06,79.85,18.0,0.0,18.0,286.0,0.62,345.0,89081.0,False,2,5,47
2018-02-16 06:00:00,4.75,78.35,132.0,59.41,116.0,281.4,0.34,341.0,89151.0,False,2,6,47
2018-02-16 07:00:00,6.71,71.5,107.0,0.0,107.0,293.0,0.55,32.0,89177.0,False,2,7,47
2018-02-16 08:00:00,8.36,61.45,223.0,11.03,217.0,295.8,1.1,61.0,89116.0,False,2,8,47
2018-02-16 09:00:00,9.7,56.35,441.0,206.04,314.0,293.2,2.07,68.0,89063.0,False,2,9,47
2018-02-16 10:00:00,10.82,52.25,595.0,556.64,240.0,294.8,2.76,64.0,89002.0,False,2,10,47
2018-02-16 11:00:00,11.55,48.8,578.0,608.23,209.0,291.2,3.17,61.0,88906.0,False,2,11,47
2018-02-16 12:00:00,11.93,46.5,531.0,772.92,125.0,294.6,3.24,61.0,88827.0,False,2,12,47
2018-02-16 13:00:00,12.14,44.55,355.0,543.69,138.0,290.4,3.38,63.0,88801.0,False,2,13,47
2018-02-16 14:00:00,11.79,44.85,146.0,177.36,104.0,288.8,3.1,59.0,88819.0,False,2,14,47
2018-02-16 15:00:00,10.84,49.1,10.0,0.0,10.0,290.8,2.34,36.0,88862.0,False,2,15,47
2018-02-16 16:00:00,9.22,56.85,0.0,-0.0,0.0,293.2,2.48,10.0,88906.0,False,2,16,47
2018-02-16 17:00:00,8.09,63.05,0.0,-0.0,0.0,295.2,2.48,359.0,88941.0,False,2,17,47
2018-02-16 18:00:00,7.04,68.9,0.0,-0.0,0.0,289.2,2.28,349.0,88941.0,False,2,18,47
2018-02-16 19:00:00,6.08,74.1,0.0,-0.0,0.0,285.0,2.14,333.0,88932.0,False,2,19,47
2018-02-16 20:00:00,5.34,77.35,0.0,-0.0,0.0,281.4,2.14,331.0,88941.0,False,2,20,47
2018-02-16 21:00:00,4.64,80.25,0.0,-0.0,0.0,278.8,2.07,329.0,88967.0,False,2,21,47
2018-02-16 22:00:00,4.07,82.45,0.0,-0.0,0.0,277.2,2.07,323.0,88950.0,False,2,22,47
2018-02-16 23:00:00,3.68,83.95,0.0,-0.0,0.0,280.0,2.07,318.0,88950.0,False,2,23,47
2018-02-17 00:00:00,3.47,84.65,0.0,-0.0,0.0,282.8,2.14,318.0,88941.0,False,2,0,48
2018-02-17 01:00:00,3.26,85.3,0.0,-0.0,0.0,280.2,2.21,320.0,88958.0,False,2,1,48
2018-02-17 02:00:00,2.89,86.0,0.0,-0.0,0.0,269.4,2.48,323.0,88941.0,False,2,2,48
2018-02-17 03:00:00,2.72,85.7,0.0,-0.0,0.0,267.4,2.69,326.0,88950.0,False,2,3,48
2018-02-17 04:00:00,2.35,86.0,0.0,-0.0,0.0,255.4,2.83,326.0,88967.0,False,2,4,48
2018-02-17 05:00:00,2.01,86.6,37.0,66.86,31.0,250.2,2.76,324.0,89011.0,False,2,5,48
2018-02-17 06:00:00,3.85,80.2,128.0,47.51,115.0,248.8,2.69,327.0,89020.0,False,2,6,48
2018-02-17 07:00:00,6.93,64.1,361.0,432.38,175.0,245.2,4.07,333.0,88967.0,False,2,7,48
2018-02-17 08:00:00,8.55,58.2,564.0,812.85,118.0,250.2,4.48,345.0,88897.0,False,2,8,48
2018-02-17 09:00:00,9.93,54.4,641.0,801.83,143.0,254.4,4.9,352.0,88827.0,False,2,9,48
2018-02-17 10:00:00,11.1,51.15,675.0,842.12,134.0,258.6,5.38,354.0,88740.0,False,2,10,48
2018-02-17 11:00:00,12.05,44.8,613.0,726.35,169.0,267.8,6.14,2.0,88635.0,False,2,11,48
2018-02-17 12:00:00,11.89,43.65,528.0,743.76,134.0,298.2,6.41,357.0,88556.0,False,2,12,48
2018-02-17 13:00:00,11.67,44.15,396.0,763.52,88.0,306.4,6.55,354.0,88565.0,False,2,13,48
2018-02-17 14:00:00,11.18,46.05,177.0,332.18,97.0,302.4,6.41,350.0,88565.0,False,2,14,48
2018-02-17 15:00:00,10.29,49.9,5.0,0.0,5.0,304.2,5.79,347.0,88591.0,False,2,15,48
2018-02-17 16:00:00,8.9,56.0,0.0,-0.0,0.0,291.2,5.45,343.0,88644.0,False,2,16,48
2018-02-17 17:00:00,7.81,60.85,0.0,-0.0,0.0,278.8,5.24,341.0,88705.0,False,2,17,48
2018-02-17 18:00:00,7.25,62.75,0.0,-0.0,0.0,287.0,5.31,340.0,88757.0,False,2,18,48
2018-02-17 19:00:00,5.67,71.65,0.0,-0.0,0.0,265.6,6.48,334.0,88836.0,False,2,19,48
2018-02-17 20:00:00,4.97,75.4,0.0,-0.0,0.0,285.4,6.34,334.0,88906.0,False,2,20,48
2018-02-17 21:00:00,4.38,77.65,0.0,-0.0,0.0,287.6,5.66,333.0,88958.0,False,2,21,48
2018-02-17 22:00:00,3.69,79.95,0.0,-0.0,0.0,275.2,5.31,331.0,88924.0,False,2,22,48
2018-02-17 23:00:00,2.69,83.95,0.0,-0.0,0.0,245.0,4.9,328.0,88950.0,False,2,23,48
2018-02-18 00:00:00,2.15,85.9,0.0,-0.0,0.0,251.6,4.48,328.0,89011.0,False,2,0,49
2018-02-18 01:00:00,1.07,88.8,0.0,-0.0,0.0,237.4,4.21,328.0,89046.0,False,2,1,49
2018-02-18 02:00:00,0.48,90.9,0.0,-0.0,0.0,230.8,4.21,328.0,89107.0,False,2,2,49
2018-02-18 03:00:00,0.44,89.9,0.0,-0.0,0.0,256.4,3.79,329.0,89125.0,False,2,3,49
2018-02-18 04:00:00,-0.24,92.0,0.0,-0.0,0.0,231.8,2.83,325.0,89203.0,False,2,4,49
2018-02-18 05:00:00,-0.54,92.3,19.0,0.0,19.0,235.6,2.55,323.0,89265.0,False,2,5,49
2018-02-18 06:00:00,0.91,84.4,107.0,14.39,103.0,250.6,2.69,327.0,89317.0,False,2,6,49
2018-02-18 07:00:00,2.81,71.95,141.0,0.0,141.0,236.8,3.52,335.0,89273.0,False,2,7,49
2018-02-18 08:00:00,4.49,63.1,232.0,10.84,226.0,234.2,3.59,355.0,89212.0,False,2,8,49
2018-02-18 09:00:00,5.74,58.4,328.0,43.15,301.0,244.8,3.38,4.0,89125.0,False,2,9,49
2018-02-18 10:00:00,6.96,53.25,672.0,758.75,181.0,250.4,3.1,13.0,89098.0,False,2,10,49
2018-02-18 11:00:00,7.84,49.6,640.0,771.26,165.0,255.8,2.83,17.0,88967.0,False,2,11,49
2018-02-18 12:00:00,8.56,47.05,534.0,698.24,161.0,249.2,2.69,15.0,88906.0,False,2,12,49
2018-02-18 13:00:00,8.88,45.7,405.0,738.37,104.0,245.0,2.69,16.0,88871.0,False,2,13,49
2018-02-18 14:00:00,8.67,45.8,191.0,387.98,96.0,244.0,2.62,26.0,88889.0,False,2,14,49
2018-02-18 15:00:00,7.74,49.15,14.0,0.0,14.0,240.6,2.07,48.0,88915.0,False,2,15,49
2018-02-18 16:00:00,6.22,56.1,0.0,-0.0,0.0,236.2,1.66,74.0,88976.0,False,2,16,49
2018-02-18 17:00:00,4.4,68.25,0.0,-0.0,0.0,233.4,1.1,103.0,89028.0,False,2,17,49
2018-02-18 18:00:00,4.49,60.65,0.0,-0.0,0.0,231.8,0.9,143.0,89090.0,False,2,18,49
2018-02-18 19:00:00,3.42,64.35,0.0,-0.0,0.0,229.0,1.03,181.0,89090.0,False,2,19,49
2018-02-18 20:00:00,2.34,68.9,0.0,-0.0,0.0,227.2,1.24,214.0,89107.0,False,2,20,49
2018-02-18 21:00:00,1.22,73.3,0.0,-0.0,0.0,225.2,1.45,232.0,89090.0,False,2,21,49
2018-02-18 22:00:00,0.57,75.15,0.0,-0.0,0.0,223.4,1.52,238.0,89142.0,False,2,22,49
2018-02-18 23:00:00,0.0,76.6,0.0,-0.0,0.0,222.0,1.52,238.0,89116.0,False,2,23,49
2018-02-19 00:00:00,-0.2,76.45,0.0,-0.0,0.0,221.0,1.52,235.0,89072.0,False,2,0,50
2018-02-19 01:00:00,-0.42,75.8,0.0,-0.0,0.0,219.4,1.45,228.0,89020.0,False,2,1,50
2018-02-19 02:00:00,-0.55,75.25,0.0,-0.0,0.0,220.8,1.45,219.0,88985.0,False,2,2,50
2018-02-19 03:00:00,-0.19,72.8,0.0,-0.0,0.0,219.4,1.31,212.0,88941.0,False,2,3,50
2018-02-19 04:00:00,-0.02,71.35,0.0,-0.0,0.0,224.6,1.24,204.0,88915.0,False,2,4,50
2018-02-19 05:00:00,-0.28,71.8,66.0,356.73,31.0,227.6,1.24,205.0,88915.0,False,2,5,50
2018-02-19 06:00:00,1.34,68.6,193.0,223.05,130.0,235.6,0.83,197.0,88932.0,False,2,6,50
2018-02-19 07:00:00,3.87,57.5,430.0,687.43,128.0,245.8,1.17,175.0,88932.0,False,2,7,50
2018-02-19 08:00:00,6.02,46.1,377.0,157.69,289.0,249.2,1.72,158.0,88862.0,False,2,8,50
2018-02-19 09:00:00,7.79,40.3,559.0,439.32,282.0,255.0,2.0,153.0,88749.0,False,2,9,50
2018-02-19 10:00:00,9.3,36.65,562.0,392.75,306.0,270.0,2.07,152.0,88617.0,False,2,10,50
2018-02-19 11:00:00,10.42,34.3,378.0,93.47,320.0,277.8,2.07,160.0,88513.0,False,2,11,50
2018-02-19 12:00:00,11.38,32.6,326.0,98.39,273.0,279.6,2.07,165.0,88443.0,False,2,12,50
2018-02-19 13:00:00,11.96,31.7,213.0,53.41,191.0,284.6,1.93,164.0,88425.0,False,2,13,50
2018-02-19 14:00:00,12.0,31.7,96.0,16.07,92.0,283.4,1.79,152.0,88399.0,False,2,14,50
2018-02-19 15:00:00,11.0,36.2,3.0,0.0,3.0,282.0,1.79,121.0,88390.0,False,2,15,50
2018-02-19 16:00:00,8.87,48.0,0.0,-0.0,0.0,274.2,1.52,122.0,88416.0,False,2,16,50
2018-02-19 17:00:00,8.4,40.1,0.0,-0.0,0.0,263.4,0.55,150.0,88434.0,False,2,17,50
2018-02-19 18:00:00,7.36,44.95,0.0,-0.0,0.0,269.8,0.83,251.0,88469.0,False,2,18,50
2018-02-19 19:00:00,4.26,69.2,0.0,-0.0,0.0,271.0,2.14,258.0,88486.0,False,2,19,50
2018-02-19 20:00:00,3.02,77.75,0.0,-0.0,0.0,258.0,2.14,259.0,88530.0,False,2,20,50
2018-02-19 21:00:00,2.16,84.5,0.0,-0.0,0.0,259.8,2.07,253.0,88530.0,False,2,21,50
2018-02-19 22:00:00,1.36,88.2,0.0,-0.0,0.0,253.0,2.21,246.0,88530.0,False,2,22,50
2018-02-19 23:00:00,0.98,90.55,0.0,-0.0,0.0,259.4,2.14,243.0,88574.0,False,2,23,50
2018-02-20 00:00:00,0.97,91.85,0.0,-0.0,0.0,269.4,2.07,238.0,88591.0,False,2,0,51
2018-02-20 01:00:00,1.37,92.45,0.0,-0.0,0.0,280.6,2.0,232.0,88600.0,False,2,1,51
2018-02-20 02:00:00,1.86,91.85,0.0,-0.0,0.0,294.8,1.93,221.0,88626.0,False,2,2,51
2018-02-20 03:00:00,2.01,91.65,0.0,-0.0,0.0,289.0,2.07,219.0,88652.0,False,2,3,51
2018-02-20 04:00:00,1.7,92.6,0.0,-0.0,0.0,278.8,2.0,215.0,88635.0,False,2,4,51
2018-02-20 05:00:00,1.38,93.7,49.0,117.18,37.0,273.4,1.93,208.0,88696.0,False,2,5,51
2018-02-20 06:00:00,3.35,88.5,117.0,20.91,111.0,283.4,1.66,204.0,88687.0,False,2,6,51
2018-02-20 07:00:00,6.78,73.65,145.0,2.25,144.0,276.2,1.45,202.0,88714.0,False,2,7,51
2018-02-20 08:00:00,8.68,63.0,241.0,15.99,232.0,278.6,1.66,181.0,88617.0,False,2,8,51
2018-02-20 09:00:00,10.46,54.55,296.0,23.61,281.0,270.6,2.21,175.0,88530.0,False,2,9,51
2018-02-20 10:00:00,11.7,47.8,189.0,0.0,189.0,285.8,2.55,183.0,88504.0,False,2,10,51
2018-02-20 11:00:00,12.07,44.35,273.0,16.0,263.0,303.4,2.14,197.0,88425.0,False,2,11,51
2018-02-20 12:00:00,11.69,46.85,133.0,0.0,133.0,302.0,1.72,210.0,88399.0,False,2,12,51
2018-02-20 13:00:00,10.97,52.1,44.0,0.0,44.0,311.8,1.79,235.0,88408.0,False,2,13,51
2018-02-20 14:00:00,9.96,61.6,119.0,51.41,106.0,314.6,1.59,255.0,88443.0,False,2,14,51
2018-02-20 15:00:00,8.74,74.9,8.0,0.0,8.0,324.6,1.1,291.0,88469.0,False,2,15,51
2018-02-20 16:00:00,7.86,82.7,0.0,-0.0,0.0,326.2,0.83,340.0,88530.0,False,2,16,51
2018-02-20 17:00:00,7.12,88.15,0.0,-0.0,0.0,323.6,0.69,26.0,88556.0,False,2,17,51
2018-02-20 18:00:00,6.84,88.35,0.0,-0.0,0.0,324.6,0.41,74.0,88591.0,False,2,18,51
2018-02-20 19:00:00,6.06,87.3,0.0,-0.0,0.0,323.2,1.31,143.0,88609.0,False,2,19,51
2018-02-20 20:00:00,5.78,89.6,0.0,-0.0,0.0,323.4,1.38,148.0,88583.0,False,2,20,51
2018-02-20 21:00:00,5.56,92.0,0.0,-0.0,0.0,321.2,1.31,158.0,88591.0,False,2,21,51
2018-02-20 22:00:00,5.36,92.85,0.0,-0.0,0.0,319.4,1.31,179.0,88504.0,False,2,22,51
2018-02-20 23:00:00,5.24,93.05,0.0,-0.0,0.0,320.4,1.59,195.0,88539.0,False,2,23,51
2018-02-21 00:00:00,4.84,93.45,0.0,-0.0,0.0,313.2,1.66,202.0,88539.0,False,2,0,52
2018-02-21 01:00:00,4.57,94.8,0.0,-0.0,0.0,311.65,1.52,202.0,88521.0,False,2,1,52
2018-02-21 02:00:00,4.23,95.85,0.0,-0.0,0.0,308.0,1.24,205.0,88486.0,False,2,2,52
2018-02-21 03:00:00,3.68,96.75,0.0,-0.0,0.0,295.8,1.03,217.0,88478.0,False,2,3,52
2018-02-21 04:00:00,2.66,97.9,0.0,-0.0,0.0,264.2,1.1,236.0,88451.0,False,2,4,52
2018-02-21 05:00:00,1.64,99.1,33.0,18.73,31.0,255.2,1.38,246.0,88460.0,False,2,5,52
2018-02-21 06:00:00,3.73,96.5,105.0,10.29,102.0,267.2,0.97,240.0,88495.0,False,2,6,52
2018-02-21 07:00:00,6.7,80.15,329.0,258.55,213.0,265.2,1.45,192.0,88486.0,False,2,7,52
2018-02-21 08:00:00,8.12,69.7,488.0,435.21,241.0,291.8,2.28,186.0,88416.0,False,2,8,52
2018-02-21 09:00:00,9.4,61.7,678.0,871.79,120.0,314.8,2.9,184.0,88355.0,False,2,9,52
2018-02-21 10:00:00,10.37,54.75,681.0,784.85,162.0,307.2,3.1,189.0,88285.0,False,2,10,52
2018-02-21 11:00:00,11.13,50.35,541.0,419.24,277.0,285.4,2.76,195.0,88224.0,False,2,11,52
2018-02-21 12:00:00,11.57,47.45,302.0,67.57,265.0,279.0,2.34,200.0,88154.0,False,2,12,52
2018-02-21 13:00:00,11.61,48.2,274.0,166.51,204.0,299.0,1.86,205.0,88128.0,False,2,13,52
2018-02-21 14:00:00,11.31,49.55,166.0,202.43,114.0,307.2,1.38,218.0,88215.0,False,2,14,52
2018-02-21 15:00:00,10.51,53.4,22.0,29.34,20.0,302.6,0.69,255.0,88250.0,False,2,15,52
2018-02-21 16:00:00,9.36,58.25,0.0,-0.0,0.0,277.6,0.34,154.0,88250.0,False,2,16,52
2018-02-21 17:00:00,7.51,70.25,0.0,-0.0,0.0,274.6,0.97,156.0,88285.0,False,2,17,52
2018-02-21 18:00:00,6.02,78.5,0.0,-0.0,0.0,270.4,1.24,169.0,88329.0,False,2,18,52
2018-02-21 19:00:00,4.78,85.8,0.0,-0.0,0.0,255.0,1.72,188.0,88399.0,False,2,19,52
2018-02-21 20:00:00,3.67,89.2,0.0,-0.0,0.0,258.8,2.0,199.0,88416.0,False,2,20,52
2018-02-21 21:00:00,2.9,90.9,0.0,-0.0,0.0,254.8,2.0,210.0,88443.0,False,2,21,52
2018-02-21 22:00:00,2.47,91.55,0.0,-0.0,0.0,254.8,1.86,218.0,88355.0,False,2,22,52
2018-02-21 23:00:00,1.76,92.35,0.0,-0.0,0.0,247.2,1.93,222.0,88381.0,False,2,23,52
2018-02-22 00:00:00,1.08,93.2,0.0,-0.0,0.0,244.8,2.07,222.0,88399.0,False,2,0,53
2018-02-22 01:00:00,0.61,93.85,0.0,-0.0,0.0,244.0,2.0,226.0,88399.0,False,2,1,53
2018-02-22 02:00:00,0.41,94.1,0.0,-0.0,0.0,250.8,1.93,225.0,88416.0,False,2,2,53
2018-02-22 03:00:00,0.05,94.7,0.0,-0.0,0.0,245.4,2.0,222.0,88416.0,False,2,3,53
2018-02-22 04:00:00,-0.11,95.15,0.0,-0.0,0.0,249.0,1.93,222.0,88443.0,False,2,4,53
2018-02-22 05:00:00,0.16,95.5,61.0,170.88,42.0,259.2,1.79,217.0,88478.0,False,2,5,53
2018-02-22 06:00:00,2.79,94.7,240.0,435.68,111.0,258.2,1.66,198.0,88521.0,False,2,6,53
2018-02-22 07:00:00,6.54,78.2,447.0,736.69,113.0,257.6,1.66,193.0,88556.0,False,2,7,53
2018-02-22 08:00:00,8.61,68.8,618.0,945.25,77.0,254.8,2.14,176.0,88469.0,False,2,8,53
2018-02-22 09:00:00,10.51,58.6,630.0,649.75,211.0,257.6,2.48,175.0,88416.0,False,2,9,53
2018-02-22 10:00:00,11.79,50.45,631.0,579.57,245.0,262.2,2.76,177.0,88329.0,False,2,10,53
2018-02-22 11:00:00,12.34,45.9,482.0,256.96,319.0,295.0,2.62,177.0,88259.0,False,2,11,53
2018-02-22 12:00:00,12.84,43.75,561.0,775.37,133.0,272.2,2.48,176.0,88215.0,False,2,12,53
2018-02-22 13:00:00,12.97,42.75,366.0,473.38,165.0,282.2,2.41,178.0,88198.0,False,2,13,53
2018-02-22 14:00:00,12.55,43.65,127.0,57.5,112.0,285.0,2.28,181.0,88189.0,False,2,14,53
2018-02-22 15:00:00,11.82,46.95,13.0,0.0,13.0,293.8,1.72,177.0,88207.0,False,2,15,53
2018-02-22 16:00:00,10.21,55.7,0.0,-0.0,0.0,276.8,1.86,184.0,88259.0,False,2,16,53
2018-02-22 17:00:00,8.55,64.2,0.0,-0.0,0.0,289.4,1.93,195.0,88311.0,False,2,17,53
2018-02-22 18:00:00,6.9,70.85,0.0,-0.0,0.0,273.2,2.07,206.0,88346.0,False,2,18,53
2018-02-22 19:00:00,5.39,80.1,0.0,-0.0,0.0,270.2,1.93,238.0,88373.0,False,2,19,53
2018-02-22 20:00:00,4.61,84.6,0.0,-0.0,0.0,272.0,1.86,240.0,88408.0,False,2,20,53
2018-02-22 21:00:00,3.85,86.95,0.0,-0.0,0.0,263.0,1.86,242.0,88399.0,False,2,21,53
2018-02-22 22:00:00,3.24,88.65,0.0,-0.0,0.0,262.4,1.79,246.0,88320.0,False,2,22,53
2018-02-22 23:00:00,2.66,89.8,0.0,-0.0,0.0,258.4,1.79,248.0,88338.0,False,2,23,53
2018-02-23 00:00:00,2.56,89.65,0.0,-0.0,0.0,265.8,1.66,254.0,88338.0,False,2,0,54
2018-02-23 01:00:00,2.63,88.6,0.0,-0.0,0.0,265.4,1.52,256.0,88364.0,False,2,1,54
2018-02-23 02:00:00,2.43,87.9,0.0,-0.0,0.0,256.6,1.52,253.0,88390.0,False,2,2,54
2018-02-23 03:00:00,2.55,87.4,0.0,-0.0,0.0,272.2,1.45,247.0,88381.0,False,2,3,54
2018-02-23 04:00:00,2.69,85.9,0.0,-0.0,0.0,265.2,1.45,240.0,88408.0,False,2,4,54
2018-02-23 05:00:00,2.75,84.4,62.0,155.61,44.0,252.8,1.45,232.0,88373.0,False,2,5,54
2018-02-23 06:00:00,5.51,79.4,195.0,186.2,139.0,254.0,0.69,214.0,88416.0,False,2,6,54
2018-02-23 07:00:00,8.19,72.45,468.0,838.15,84.0,253.0,0.97,168.0,88399.0,False,2,7,54
2018-02-23 08:00:00,9.94,63.3,599.0,829.92,120.0,261.4,1.31,146.0,88355.0,False,2,8,54
2018-02-23 09:00:00,11.25,53.9,692.0,880.44,120.0,264.4,1.66,140.0,88294.0,False,2,9,54
2018-02-23 10:00:00,12.11,48.25,718.0,890.05,121.0,268.8,1.72,136.0,88163.0,False,2,10,54
2018-02-23 11:00:00,12.47,45.3,621.0,644.82,209.0,274.8,1.66,127.0,88110.0,False,2,11,54
2018-02-23 12:00:00,12.69,44.25,543.0,679.34,165.0,276.6,1.59,117.0,88084.0,False,2,12,54
2018-02-23 13:00:00,12.47,43.65,387.0,557.35,148.0,289.0,1.86,107.0,88084.0,False,2,13,54
2018-02-23 14:00:00,11.76,45.15,194.0,320.98,109.0,279.0,1.31,118.0,88137.0,False,2,14,54
2018-02-23 15:00:00,11.3,46.25,23.0,26.45,21.0,278.6,0.28,141.0,88145.0,False,2,15,54
2018-02-23 16:00:00,10.28,49.7,0.0,-0.0,0.0,269.8,0.21,48.0,88154.0,False,2,16,54
2018-02-23 17:00:00,9.07,54.7,0.0,-0.0,0.0,259.6,0.14,354.0,88198.0,False,2,17,54
2018-02-23 18:00:00,6.88,68.8,0.0,-0.0,0.0,271.4,1.24,328.0,88241.0,False,2,18,54
2018-02-23 19:00:00,4.71,81.75,0.0,-0.0,0.0,263.6,1.72,295.0,88276.0,False,2,19,54
2018-02-23 20:00:00,3.61,87.1,0.0,-0.0,0.0,253.4,1.93,295.0,88320.0,False,2,20,54
2018-02-23 21:00:00,2.86,89.95,0.0,-0.0,0.0,251.8,1.86,293.0,88329.0,False,2,21,54
2018-02-23 22:00:00,2.3,91.75,0.0,-0.0,0.0,252.0,1.86,288.0,88241.0,False,2,22,54
2018-02-23 23:00:00,1.91,92.25,0.0,-0.0,0.0,249.4,1.86,284.0,88276.0,False,2,23,54
2018-02-24 00:00:00,1.56,93.25,0.0,-0.0,0.0,253.8,1.79,279.0,88294.0,False,2,0,55
2018-02-24 01:00:00,1.04,94.55,0.0,-0.0,0.0,251.2,1.72,273.0,88268.0,False,2,1,55
2018-02-24 02:00:00,0.94,94.25,0.0,-0.0,0.0,255.2,1.72,268.0,88294.0,False,2,2,55
2018-02-24 03:00:00,0.6,96.35,0.0,-0.0,0.0,262.2,1.72,261.0,88285.0,False,2,3,55
2018-02-24 04:00:00,0.55,96.4,0.0,-0.0,0.0,262.8,1.72,255.0,88320.0,False,2,4,55
2018-02-24 05:00:00,0.67,96.05,68.0,182.99,46.0,259.2,1.72,248.0,88329.0,False,2,5,55
2018-02-24 06:00:00,3.44,92.65,269.0,572.92,94.0,262.8,1.17,238.0,88346.0,False,2,6,55
2018-02-24 07:00:00,7.96,74.05,475.0,853.2,80.0,251.4,1.31,204.0,88373.0,False,2,7,55
2018-02-24 08:00:00,9.97,62.6,617.0,893.44,97.0,253.0,2.28,193.0,88294.0,False,2,8,55
2018-02-24 09:00:00,11.38,51.75,711.0,947.27,91.0,262.8,2.69,196.0,88207.0,False,2,9,55
2018-02-24 10:00:00,12.24,46.9,719.0,871.95,130.0,282.8,2.76,189.0,88067.0,False,2,10,55
2018-02-24 11:00:00,13.05,44.0,683.0,874.84,120.0,280.8,2.97,195.0,87979.0,False,2,11,55
2018-02-24 12:00:00,13.29,42.35,287.0,44.58,262.0,281.8,3.24,208.0,87909.0,False,2,12,55
2018-02-24 13:00:00,13.28,41.75,431.0,787.52,90.0,277.0,3.38,215.0,87866.0,False,2,13,55
2018-02-24 14:00:00,12.97,41.75,122.0,40.93,111.0,279.4,3.24,214.0,87839.0,False,2,14,55
2018-02-24 15:00:00,12.11,43.35,22.0,12.61,21.0,274.4,2.62,203.0,87787.0,False,2,15,55
2018-02-24 16:00:00,10.12,50.3,0.0,-0.0,0.0,269.4,2.69,199.0,87778.0,False,2,16,55
2018-02-24 17:00:00,8.66,55.65,0.0,-0.0,0.0,275.4,2.9,209.0,87813.0,False,2,17,55
2018-02-24 18:00:00,7.53,61.2,0.0,-0.0,0.0,276.8,2.76,213.0,87813.0,False,2,18,55
2018-02-24 19:00:00,6.45,66.3,0.0,-0.0,0.0,261.8,2.9,204.0,87866.0,False,2,19,55
2018-02-24 20:00:00,6.07,69.7,0.0,-0.0,0.0,285.4,2.97,188.0,87822.0,False,2,20,55
2018-02-24 21:00:00,6.04,72.9,0.0,-0.0,0.0,297.2,3.38,176.0,87822.0,False,2,21,55
2018-02-24 22:00:00,5.83,77.55,0.0,-0.0,0.0,301.0,3.59,177.0,87761.0,False,2,22,55
2018-02-24 23:00:00,5.42,81.7,0.0,-0.0,0.0,295.2,3.86,183.0,87831.0,False,2,23,55
2018-02-25 00:00:00,5.0,84.3,0.0,-0.0,0.0,298.2,3.45,184.0,87866.0,False,2,0,56
2018-02-25 01:00:00,4.63,87.1,0.0,-0.0,0.0,300.4,2.9,184.0,87857.0,False,2,1,56
2018-02-25 02:00:00,4.41,89.6,0.0,-0.0,0.0,304.4,2.07,188.0,87848.0,False,2,2,56
2018-02-25 03:00:00,3.37,93.65,0.0,-0.0,0.0,279.8,1.45,202.0,87909.0,False,2,3,56
2018-02-25 04:00:00,2.88,92.85,0.0,-0.0,0.0,266.2,1.03,226.0,87927.0,False,2,4,56
2018-02-25 05:00:00,2.29,94.0,37.0,8.01,36.0,259.2,1.24,200.0,87909.0,False,2,5,56
2018-02-25 06:00:00,4.11,92.8,48.0,0.0,48.0,245.4,1.45,200.0,87935.0,False,2,6,56
2018-02-25 07:00:00,6.65,67.9,289.0,123.98,231.0,239.0,2.28,240.0,87935.0,False,2,7,56
2018-02-25 08:00:00,8.14,53.15,485.0,366.34,270.0,243.2,3.66,270.0,87935.0,False,2,8,56
2018-02-25 09:00:00,9.2,45.55,367.0,63.7,325.0,259.8,4.41,282.0,87927.0,False,2,9,56
2018-02-25 10:00:00,9.56,47.25,133.0,0.0,133.0,260.2,4.21,292.0,87944.0,False,2,10,56
2018-02-25 11:00:00,10.25,49.3,633.0,651.09,211.0,259.6,3.93,301.0,87918.0,False,2,11,56
2018-02-25 12:00:00,10.57,50.7,424.0,254.76,280.0,261.8,3.66,309.0,87892.0,False,2,12,56
2018-02-25 13:00:00,10.42,52.3,415.0,658.77,127.0,262.6,3.66,313.0,87909.0,False,2,13,56
2018-02-25 14:00:00,9.17,56.75,174.0,183.35,124.0,266.8,3.93,327.0,87979.0,False,2,14,56
2018-02-25 15:00:00,7.8,62.6,17.0,0.0,17.0,279.6,3.66,342.0,88084.0,False,2,15,56
2018-02-25 16:00:00,6.34,69.65,0.0,-0.0,0.0,273.8,3.03,358.0,88163.0,False,2,16,56
2018-02-25 17:00:00,5.22,73.7,0.0,-0.0,0.0,261.6,2.28,1.0,88285.0,False,2,17,56
2018-02-25 18:00:00,4.27,77.3,0.0,-0.0,0.0,258.2,1.93,357.0,88311.0,False,2,18,56
2018-02-25 19:00:00,3.0,82.4,0.0,-0.0,0.0,248.0,1.72,6.0,88373.0,False,2,19,56
2018-02-25 20:00:00,1.87,86.95,0.0,-0.0,0.0,242.0,1.52,1.0,88408.0,False,2,20,56
2018-02-25 21:00:00,1.55,85.55,0.0,-0.0,0.0,241.8,1.17,6.0,88443.0,False,2,21,56
2018-02-25 22:00:00,2.2,79.5,0.0,-0.0,0.0,254.2,0.83,31.0,88416.0,False,2,22,56
2018-02-25 23:00:00,2.11,78.55,0.0,-0.0,0.0,264.8,0.34,53.0,88408.0,False,2,23,56
2018-02-26 00:00:00,1.93,78.8,0.0,-0.0,0.0,261.2,0.14,238.0,88381.0,False,2,0,57
2018-02-26 01:00:00,1.62,80.1,0.0,-0.0,0.0,260.6,0.41,273.0,88355.0,False,2,1,57
2018-02-26 02:00:00,1.32,81.65,0.0,-0.0,0.0,253.2,0.34,262.0,88285.0,False,2,2,57
2018-02-26 03:00:00,0.98,83.4,0.0,-0.0,0.0,246.0,0.48,206.0,88250.0,False,2,3,57
2018-02-26 04:00:00,0.62,85.5,0.0,-0.0,0.0,255.0,0.83,202.0,88259.0,False,2,4,57
2018-02-26 05:00:00,0.67,85.95,60.0,84.95,49.0,258.4,0.69,196.0,88250.0,False,2,5,57
2018-02-26 06:00:00,2.28,80.75,138.0,28.57,129.0,267.8,0.9,161.0,88224.0,False,2,6,57
2018-02-26 07:00:00,4.69,62.9,203.0,19.04,194.0,250.2,1.79,144.0,88172.0,False,2,7,57
2018-02-26 08:00:00,6.49,57.9,323.0,62.52,286.0,260.8,2.97,146.0,88067.0,False,2,8,57
2018-02-26 09:00:00,7.84,54.85,403.0,99.37,337.0,278.0,3.86,154.0,87953.0,False,2,9,57
2018-02-26 10:00:00,8.55,53.6,460.0,154.75,354.0,300.8,4.28,162.0,87848.0,False,2,10,57
2018-02-26 11:00:00,9.11,52.55,493.0,255.85,326.0,312.2,4.69,165.0,87769.0,False,2,11,57
2018-02-26 12:00:00,8.99,55.45,150.0,0.0,150.0,324.6,4.9,161.0,87708.0,False,2,12,57
2018-02-26 13:00:00,8.83,59.1,50.0,0.0,50.0,322.8,5.17,161.0,87673.0,False,2,13,57
2018-02-26 14:00:00,8.19,66.5,42.0,0.0,42.0,317.0,4.83,161.0,87638.0,False,2,14,57
2018-02-26 15:00:00,7.44,73.85,26.0,11.54,25.0,314.8,4.07,156.0,87586.0,False,2,15,57
2018-02-26 16:00:00,6.67,77.7,0.0,-0.0,0.0,304.8,4.28,157.0,87603.0,False,2,16,57
2018-02-26 17:00:00,5.83,80.85,0.0,-0.0,0.0,283.4,4.55,157.0,87612.0,False,2,17,57
2018-02-26 18:00:00,5.08,84.65,0.0,-0.0,0.0,280.2,4.69,158.0,87629.0,False,2,18,57
2018-02-26 19:00:00,5.32,83.8,0.0,-0.0,0.0,295.2,4.83,163.0,87621.0,False,2,19,57
2018-02-26 20:00:00,5.25,84.65,0.0,-0.0,0.0,301.8,4.76,166.0,87594.0,False,2,20,57
2018-02-26 21:00:00,4.98,86.55,0.0,-0.0,0.0,290.4,4.48,169.0,87577.0,False,2,21,57
2018-02-26 22:00:00,4.69,88.2,0.0,-0.0,0.0,283.6,4.07,170.0,87559.0,False,2,22,57
2018-02-26 23:00:00,4.46,88.8,0.0,-0.0,0.0,281.0,3.31,179.0,87586.0,False,2,23,57
2018-02-27 00:00:00,3.57,91.35,0.0,-0.0,0.0,257.6,2.28,204.0,87682.0,False,2,0,58
2018-02-27 01:00:00,2.78,93.55,0.0,-0.0,0.0,266.6,1.52,221.0,87761.0,False,2,1,58
2018-02-27 02:00:00,3.26,90.6,0.0,-0.0,0.0,288.6,0.97,206.0,87804.0,False,2,2,58
2018-02-27 03:00:00,2.82,92.3,0.0,-0.0,0.0,287.0,1.1,189.0,87900.0,False,2,3,58
2018-02-27 04:00:00,1.72,94.35,0.0,-0.0,0.0,262.2,1.52,196.0,87970.0,False,2,4,58
2018-02-27 05:00:00,0.78,95.5,97.0,402.36,43.0,245.4,1.79,208.0,88049.0,False,2,5,58
2018-02-27 06:00:00,3.49,94.3,289.0,609.67,94.0,238.8,1.52,197.0,88128.0,False,2,6,58
2018-02-27 07:00:00,6.76,68.55,505.0,921.28,65.0,249.6,2.41,204.0,88163.0,False,2,7,58
2018-02-27 08:00:00,8.5,56.9,655.0,983.73,68.0,240.2,3.03,207.0,88110.0,False,2,8,58
2018-02-27 09:00:00,10.23,47.8,690.0,769.73,175.0,245.8,3.38,205.0,88075.0,False,2,9,58
2018-02-27 10:00:00,11.63,41.0,760.0,959.79,98.0,249.4,3.72,209.0,88058.0,False,2,10,58
2018-02-27 11:00:00,12.69,35.15,703.0,876.3,127.0,252.0,4.28,220.0,88005.0,False,2,11,58
2018-02-27 12:00:00,13.38,30.45,421.0,229.97,289.0,262.8,5.17,231.0,87962.0,False,2,12,58
2018-02-27 13:00:00,13.34,29.7,215.0,38.16,198.0,286.2,5.24,228.0,87970.0,False,2,13,58
2018-02-27 14:00:00,12.81,31.5,100.0,7.13,98.0,296.2,4.9,222.0,87979.0,False,2,14,58
2018-02-27 15:00:00,11.73,37.45,33.0,44.28,29.0,284.8,4.0,214.0,88049.0,False,2,15,58
2018-02-27 16:00:00,9.44,46.65,0.0,-0.0,0.0,257.4,3.66,209.0,88154.0,False,2,16,58
2018-02-27 17:00:00,7.76,55.8,0.0,-0.0,0.0,253.0,3.45,210.0,88285.0,False,2,17,58
2018-02-27 18:00:00,6.39,64.5,0.0,-0.0,0.0,250.6,3.03,209.0,88408.0,False,2,18,58
2018-02-27 19:00:00,5.75,69.4,0.0,-0.0,0.0,254.2,3.03,202.0,88451.0,False,2,19,58
2018-02-27 20:00:00,4.74,76.05,0.0,-0.0,0.0,249.8,2.76,201.0,88504.0,False,2,20,58
2018-02-27 21:00:00,3.73,82.0,0.0,-0.0,0.0,247.2,2.55,202.0,88548.0,False,2,21,58
2018-02-27 22:00:00,2.76,86.6,0.0,-0.0,0.0,246.2,2.28,201.0,88513.0,False,2,22,58
2018-02-27 23:00:00,2.13,88.9,0.0,-0.0,0.0,251.4,2.07,197.0,88556.0,False,2,23,58
2018-02-28 00:00:00,1.84,89.5,0.0,-0.0,0.0,252.0,1.93,193.0,88583.0,False,2,0,59
2018-02-28 01:00:00,1.34,90.6,0.0,-0.0,0.0,251.6,1.93,185.0,88548.0,False,2,1,59
2018-02-28 02:00:00,1.36,91.55,0.0,-0.0,0.0,266.8,2.0,184.0,88539.0,False,2,2,59
2018-02-28 03:00:00,1.58,91.25,0.0,-0.0,0.0,269.0,2.28,185.0,88591.0,False,2,3,59
2018-02-28 04:00:00,2.07,89.8,0.0,-0.0,0.0,273.0,2.69,179.0,88609.0,False,2,4,59
2018-02-28 05:00:00,2.97,86.35,104.0,474.91,38.0,281.4,3.1,173.0,88565.0,False,2,5,59
2018-02-28 06:00:00,4.92,77.35,304.0,711.36,73.0,280.8,3.72,170.0,88574.0,False,2,6,59
2018-02-28 07:00:00,7.68,63.2,443.0,586.49,160.0,275.8,6.0,179.0,88530.0,False,2,7,59
2018-02-28 08:00:00,9.68,53.35,578.0,648.23,188.0,262.4,7.24,189.0,88416.0,False,2,8,59
2018-02-28 09:00:00,11.08,49.65,690.0,781.98,163.0,297.0,8.28,200.0,88311.0,False,2,9,59
2018-02-28 10:00:00,12.14,45.0,374.0,53.28,337.0,302.4,9.03,203.0,88224.0,False,2,10,59
2018-02-28 11:00:00,12.48,44.1,525.0,311.24,319.0,302.2,9.45,203.0,88163.0,False,2,11,59
2018-02-28 12:00:00,11.84,48.15,280.0,32.85,261.0,316.4,8.9,199.0,88137.0,False,2,12,59
2018-02-28 13:00:00,11.15,52.4,173.0,8.9,169.0,316.0,8.48,198.0,88137.0,False,2,13,59
2018-02-28 14:00:00,10.39,56.85,186.0,203.95,128.0,310.6,8.0,198.0,88084.0,False,2,14,59
2018-02-28 15:00:00,9.43,61.8,61.0,361.82,27.0,299.8,6.62,199.0,88163.0,False,2,15,59
2018-02-28 16:00:00,5.66,74.34,0.0,-0.0,0.0,262.61,4.71,202.0,88241.0,False,2,16,59
2018-02-28 17:00:00,5.75,74.87,0.0,-0.0,0.0,265.5,4.57,198.0,88311.0,False,2,17,59
2018-02-28 18:00:00,5.84,75.39,0.0,-0.0,0.0,268.4,4.42,196.0,88329.0,False,2,18,59
2018-02-28 19:00:00,5.93,75.91,0.0,-0.0,0.0,271.29,4.28,197.0,88381.0,False,2,19,59
2018-02-28 20:00:00,6.02,76.44,0.0,-0.0,0.0,274.19,4.14,197.0,88434.0,False,2,20,59
2018-02-28 21:00:00,6.11,76.96,0.0,-0.0,0.0,277.09,3.99,195.0,88451.0,False,2,21,59
2018-02-28 22:00:00,6.2,77.48,0.0,-0.0,0.0,279.98,3.85,198.0,88469.0,False,2,22,59
2018-02-28 23:00:00,6.29,78.01,0.0,-0.0,0.0,282.88,3.71,335.0,88539.0,False,2,23,59
2005-03-01 00:00:00,6.38,78.53,0.0,-0.0,0.0,285.77,3.56,187.0,87761.0,False,3,0,60
2005-03-01 01:00:00,6.47,79.05,0.0,-0.0,0.0,288.67,3.42,176.0,87769.0,False,3,1,60
2005-03-01 02:00:00,6.56,79.58,0.0,-0.0,0.0,291.56,3.27,173.0,87743.0,False,3,2,60
2005-03-01 03:00:00,6.65,80.1,0.0,-0.0,0.0,294.46,3.13,172.0,87726.0,False,3,3,60
2005-03-01 04:00:00,6.74,80.62,0.0,-0.0,0.0,297.36,2.99,177.0,87708.0,False,3,4,60
2005-03-01 05:00:00,6.83,81.15,19.0,0.0,19.0,300.25,2.84,179.0,87726.0,False,3,5,60
2005-03-01 06:00:00,6.92,81.67,46.0,0.0,46.0,303.15,2.7,185.0,87726.0,False,3,6,60
2005-03-01 07:00:00,7.01,82.2,287.0,143.59,217.0,306.04,2.56,199.0,87726.0,False,3,7,60
2005-03-01 08:00:00,12.46,55.5,238.0,11.54,231.0,289.6,6.28,211.0,87699.0,False,3,8,60
2005-03-01 09:00:00,13.3,50.25,593.0,459.64,281.0,312.0,7.31,220.0,87699.0,False,3,9,60
2005-03-01 10:00:00,13.68,47.15,596.0,387.59,325.0,310.0,7.03,223.0,87726.0,False,3,10,60
2005-03-01 11:00:00,14.56,42.15,631.0,535.7,274.0,292.0,7.59,226.0,87656.0,False,3,11,60
2005-03-01 12:00:00,14.59,43.55,596.0,669.33,206.0,297.0,7.45,223.0,87612.0,False,3,12,60
2005-03-01 13:00:00,14.53,42.25,471.0,672.28,166.0,314.4,6.97,218.0,87647.0,False,3,13,60
2005-03-01 14:00:00,14.1,43.7,222.0,201.23,164.0,296.0,6.21,215.0,87664.0,False,3,14,60
2005-03-01 15:00:00,13.13,46.95,73.0,102.47,63.0,289.4,5.59,207.0,87734.0,False,3,15,60
2005-03-01 16:00:00,11.41,51.15,0.0,-0.0,0.0,273.2,4.97,206.0,87761.0,False,3,16,60
2005-03-01 17:00:00,10.55,52.5,0.0,-0.0,0.0,283.0,4.34,207.0,87848.0,False,3,17,60
2005-03-01 18:00:00,9.93,52.95,0.0,-0.0,0.0,288.2,3.86,201.0,87848.0,False,3,18,60
2005-03-01 19:00:00,9.58,52.15,0.0,-0.0,0.0,272.0,4.07,196.0,87883.0,False,3,19,60
2005-03-01 20:00:00,9.36,50.65,0.0,-0.0,0.0,279.8,4.21,196.0,87900.0,False,3,20,60
2005-03-01 21:00:00,9.86,47.65,0.0,-0.0,0.0,291.0,5.24,201.0,87935.0,False,3,21,60
2005-03-01 22:00:00,10.48,48.4,0.0,-0.0,0.0,308.8,5.93,208.0,87927.0,False,3,22,60
2005-03-01 23:00:00,10.14,54.5,0.0,-0.0,0.0,310.2,4.28,205.0,87918.0,False,3,23,60
2005-03-02 00:00:00,9.49,57.65,0.0,-0.0,0.0,312.0,3.31,176.0,87909.0,False,3,0,61
2005-03-02 01:00:00,8.77,59.05,0.0,-0.0,0.0,302.0,3.45,166.0,87883.0,False,3,1,61
2005-03-02 02:00:00,8.74,58.5,0.0,-0.0,0.0,310.2,3.72,167.0,87822.0,False,3,2,61
2005-03-02 03:00:00,8.82,58.75,0.0,-0.0,0.0,314.8,3.72,168.0,87778.0,False,3,3,61
2005-03-02 04:00:00,8.34,61.65,0.0,-0.0,0.0,292.4,3.93,166.0,87743.0,False,3,4,61
2005-03-02 05:00:00,8.11,64.55,29.0,20.18,26.0,276.6,4.14,165.0,87734.0,False,3,5,61
2005-03-02 06:00:00,10.26,59.6,107.0,11.95,103.0,274.0,4.41,167.0,87717.0,False,3,6,61
2005-03-02 07:00:00,13.3,48.05,208.0,28.43,194.0,270.0,5.66,170.0,87691.0,False,3,7,61
2005-03-02 08:00:00,16.14,37.8,445.0,263.27,284.0,281.6,7.93,190.0,87612.0,False,3,8,61
2005-03-02 09:00:00,17.3,34.4,594.0,450.52,286.0,290.6,9.45,199.0,87586.0,False,3,9,61
2005-03-02 10:00:00,17.78,34.4,605.0,397.77,325.0,299.8,9.79,204.0,87525.0,False,3,10,61
2005-03-02 11:00:00,17.47,36.05,589.0,405.4,317.0,306.2,9.66,204.0,87533.0,False,3,11,61
2005-03-02 12:00:00,16.89,37.9,538.0,453.17,272.0,313.4,9.17,199.0,87551.0,False,3,12,61
2005-03-02 13:00:00,16.19,39.85,432.0,480.61,212.0,315.8,8.62,196.0,87577.0,False,3,13,61
2005-03-02 14:00:00,15.44,41.55,238.0,256.8,163.0,321.6,7.79,191.0,87568.0,False,3,14,61
2005-03-02 15:00:00,14.52,43.8,42.0,0.0,42.0,304.8,7.03,191.0,87603.0,False,3,15,61
2005-03-02 16:00:00,13.31,46.35,0.0,-0.0,0.0,307.0,6.07,191.0,87586.0,False,3,16,61
2005-03-02 17:00:00,12.4,48.4,0.0,-0.0,0.0,300.6,5.1,189.0,87629.0,False,3,17,61
2005-03-02 18:00:00,11.21,51.8,0.0,-0.0,0.0,284.2,4.0,183.0,87629.0,False,3,18,61
2005-03-02 19:00:00,11.53,45.45,0.0,-0.0,0.0,300.4,4.83,195.0,87647.0,False,3,19,61
2005-03-02 20:00:00,10.98,46.85,0.0,-0.0,0.0,295.2,4.07,199.0,87656.0,False,3,20,61
2005-03-02 21:00:00,10.25,49.2,0.0,-0.0,0.0,290.6,3.59,199.0,87691.0,False,3,21,61
2005-03-02 22:00:00,9.15,53.8,0.0,-0.0,0.0,286.6,2.97,192.0,87664.0,False,3,22,61
2005-03-02 23:00:00,7.89,60.3,0.0,-0.0,0.0,284.0,2.48,181.0,87638.0,False,3,23,61
2005-03-03 00:00:00,7.24,64.6,0.0,-0.0,0.0,294.2,2.07,170.0,87647.0,False,3,0,62
2005-03-03 01:00:00,6.4,69.0,0.0,-0.0,0.0,279.8,2.14,162.0,87664.0,False,3,1,62
2005-03-03 02:00:00,5.57,74.3,0.0,-0.0,0.0,274.8,2.28,166.0,87664.0,False,3,2,62
2005-03-03 03:00:00,5.47,77.35,0.0,-0.0,0.0,290.8,2.34,173.0,87664.0,False,3,3,62
2005-03-03 04:00:00,5.43,80.2,0.0,-0.0,0.0,294.0,2.28,180.0,87647.0,False,3,4,62
2005-03-03 05:00:00,5.61,83.1,5.0,0.0,5.0,297.2,1.86,187.0,87673.0,False,3,5,62
2005-03-03 06:00:00,7.32,82.05,22.0,0.0,22.0,300.0,1.45,182.0,87691.0,False,3,6,62
2005-03-03 07:00:00,10.11,69.95,42.0,0.0,42.0,302.8,2.83,179.0,87708.0,False,3,7,62
2005-03-03 08:00:00,10.88,67.9,53.0,0.0,53.0,305.8,3.03,204.0,87708.0,False,3,8,62
2005-03-03 09:00:00,11.22,67.45,99.0,0.0,99.0,317.8,3.38,233.0,87708.0,False,3,9,62
2005-03-03 10:00:00,11.19,67.55,174.0,0.0,174.0,319.8,3.93,252.0,87752.0,False,3,10,62
2005-03-03 11:00:00,11.52,66.7,328.0,25.17,311.0,322.8,3.72,263.0,87726.0,False,3,11,62
2005-03-03 12:00:00,11.71,65.25,284.0,21.99,271.0,298.6,3.38,260.0,87673.0,False,3,12,62
2005-03-03 13:00:00,12.07,60.75,222.0,21.65,212.0,288.4,3.31,250.0,87717.0,False,3,13,62
2005-03-03 14:00:00,10.36,64.15,45.0,0.0,45.0,285.6,4.48,280.0,87866.0,False,3,14,62
2005-03-03 15:00:00,8.06,75.35,13.0,0.0,13.0,307.6,4.21,311.0,87979.0,False,3,15,62
2005-03-03 16:00:00,7.03,83.5,0.0,-0.0,0.0,302.0,3.03,337.0,88049.0,False,3,16,62
2005-03-03 17:00:00,6.17,86.55,0.0,-0.0,0.0,293.4,3.31,337.0,88180.0,False,3,17,62
2005-03-03 18:00:00,5.3,88.65,0.0,-0.0,0.0,288.2,4.0,333.0,88303.0,False,3,18,62
2005-03-03 19:00:00,4.59,89.3,0.0,-0.0,0.0,281.0,3.72,335.0,88399.0,False,3,19,62
2005-03-03 20:00:00,3.8,88.55,0.0,-0.0,0.0,281.6,4.34,336.0,88495.0,False,3,20,62
2005-03-03 21:00:00,2.85,86.5,0.0,-0.0,0.0,277.8,4.69,333.0,88635.0,False,3,21,62
2005-03-03 22:00:00,2.12,85.2,0.0,-0.0,0.0,290.6,4.69,331.0,88661.0,False,3,22,62
2005-03-03 23:00:00,1.45,84.9,0.0,-0.0,0.0,283.0,4.28,329.0,88775.0,False,3,23,62
2005-03-04 00:00:00,0.85,83.4,0.0,-0.0,0.0,281.8,4.14,329.0,88845.0,False,3,0,63
2005-03-04 01:00:00,-0.23,82.55,0.0,-0.0,0.0,265.0,3.93,328.0,88932.0,False,3,1,63
2005-03-04 02:00:00,-0.84,81.7,0.0,-0.0,0.0,251.0,4.0,327.0,89037.0,False,3,2,63
2005-03-04 03:00:00,-1.36,80.95,0.0,-0.0,0.0,244.4,3.79,328.0,89125.0,False,3,3,63
2005-03-04 04:00:00,-1.51,78.2,0.0,-0.0,0.0,271.0,3.66,332.0,89212.0,False,3,4,63
2005-03-04 05:00:00,-1.68,77.4,51.0,113.56,33.0,263.0,3.31,334.0,89282.0,False,3,5,63
2005-03-04 06:00:00,-1.01,72.7,257.0,510.72,81.0,260.8,2.9,334.0,89343.0,False,3,6,63
2005-03-04 07:00:00,0.28,67.65,457.0,708.42,101.0,266.0,2.97,334.0,89387.0,False,3,7,63
2005-03-04 08:00:00,1.64,61.85,603.0,741.77,142.0,258.6,2.41,343.0,89352.0,False,3,8,63
2005-03-04 09:00:00,3.46,54.35,615.0,484.58,279.0,248.6,2.14,349.0,89282.0,False,3,9,63
2005-03-04 10:00:00,4.91,50.1,728.0,735.99,203.0,232.8,2.14,349.0,89247.0,False,3,10,63
2005-03-04 11:00:00,6.11,46.35,681.0,651.52,238.0,234.0,1.93,354.0,89142.0,False,3,11,63
2005-03-04 12:00:00,7.06,43.5,663.0,896.69,129.0,230.6,1.86,2.0,89063.0,False,3,12,63
2005-03-04 13:00:00,7.52,42.1,531.0,931.7,97.0,232.8,1.93,12.0,89046.0,False,3,13,63
2005-03-04 14:00:00,7.44,41.7,345.0,884.36,80.0,233.6,1.72,30.0,89028.0,False,3,14,63
2005-03-04 15:00:00,6.92,42.65,139.0,849.01,47.0,232.2,1.59,48.0,89055.0,False,3,15,63
2005-03-04 16:00:00,5.81,47.55,0.0,-0.0,0.0,229.2,1.59,64.0,89125.0,False,3,16,63
2005-03-04 17:00:00,4.0,63.7,0.0,-0.0,0.0,227.4,1.31,84.0,89221.0,False,3,17,63
2005-03-04 18:00:00,2.8,62.95,0.0,-0.0,0.0,225.8,1.24,119.0,89256.0,False,3,18,63
2005-03-04 19:00:00,1.24,68.6,0.0,-0.0,0.0,224.2,1.31,149.0,89317.0,False,3,19,63
2005-03-04 20:00:00,0.19,72.75,0.0,-0.0,0.0,224.8,1.59,155.0,89343.0,False,3,20,63
2005-03-04 21:00:00,-0.74,76.45,0.0,-0.0,0.0,223.2,1.79,163.0,89317.0,False,3,21,63
2005-03-04 22:00:00,-1.48,78.6,0.0,-0.0,0.0,218.6,2.07,181.0,89361.0,False,3,22,63
2005-03-04 23:00:00,-1.9,79.1,0.0,-0.0,0.0,218.0,2.28,195.0,89291.0,False,3,23,63
2005-03-05 00:00:00,-2.33,80.1,0.0,-0.0,0.0,217.6,2.14,204.0,89256.0,False,3,0,64
2005-03-05 01:00:00,-2.38,79.2,0.0,-0.0,0.0,217.2,1.79,204.0,89177.0,False,3,1,64
2005-03-05 02:00:00,-2.69,79.5,0.0,-0.0,0.0,217.0,1.79,194.0,89142.0,False,3,2,64
2005-03-05 03:00:00,-3.11,80.7,0.0,-0.0,0.0,216.6,2.0,196.0,89116.0,False,3,3,64
2005-03-05 04:00:00,-3.19,80.3,0.0,-0.0,0.0,219.2,2.0,204.0,89160.0,False,3,4,64
2005-03-05 05:00:00,-2.62,79.6,40.0,30.58,35.0,220.8,1.86,192.0,89107.0,False,3,5,64
2005-03-05 06:00:00,1.76,67.05,214.0,251.67,126.0,230.0,1.93,180.0,89142.0,False,3,6,64
2005-03-05 07:00:00,5.04,51.0,197.0,15.76,189.0,241.8,2.69,173.0,89151.0,False,3,7,64
2005-03-05 08:00:00,7.64,42.65,609.0,743.86,143.0,251.2,3.1,173.0,89020.0,False,3,8,64
2005-03-05 09:00:00,9.89,36.5,194.0,0.0,194.0,263.0,3.52,171.0,88862.0,False,3,9,64
2005-03-05 10:00:00,11.77,31.85,103.0,0.0,103.0,277.2,4.07,178.0,88836.0,False,3,10,64
2005-03-05 11:00:00,13.2,28.6,113.0,0.0,113.0,290.2,4.28,190.0,88714.0,False,3,11,64
2005-03-05 12:00:00,13.48,28.3,77.0,0.0,77.0,313.8,4.14,204.0,88679.0,False,3,12,64
2005-03-05 13:00:00,13.02,30.9,57.0,0.0,57.0,324.0,3.59,207.0,88644.0,False,3,13,64
2005-03-05 14:00:00,11.24,40.35,219.0,158.2,171.0,320.2,3.38,204.0,88583.0,False,3,14,64
2005-03-05 15:00:00,10.38,43.55,21.0,0.0,21.0,294.8,3.17,187.0,88521.0,False,3,15,64
2005-03-05 16:00:00,8.94,46.1,0.0,-0.0,0.0,294.4,3.1,192.0,88530.0,False,3,16,64
2005-03-05 17:00:00,8.3,47.45,0.0,-0.0,0.0,312.2,2.97,203.0,88539.0,False,3,17,64
2005-03-05 18:00:00,8.09,45.95,0.0,-0.0,0.0,321.6,3.17,199.0,88530.0,False,3,18,64
2005-03-05 19:00:00,7.78,37.75,0.0,-0.0,0.0,291.4,4.34,199.0,88539.0,False,3,19,64
2005-03-05 20:00:00,7.58,34.7,0.0,-0.0,0.0,299.2,4.83,202.0,88548.0,False,3,20,64
2005-03-05 21:00:00,7.34,37.65,0.0,-0.0,0.0,318.4,5.03,202.0,88548.0,False,3,21,64
2005-03-05 22:00:00,6.31,47.5,0.0,-0.0,0.0,306.4,4.21,194.0,88539.0,False,3,22,64
2005-03-05 23:00:00,5.83,53.9,0.0,-0.0,0.0,304.6,3.66,177.0,88451.0,False,3,23,64
2005-03-06 00:00:00,5.98,53.15,0.0,-0.0,0.0,307.8,4.21,175.0,88443.0,False,3,0,65
2005-03-06 01:00:00,5.96,52.55,0.0,-0.0,0.0,297.2,4.62,180.0,88355.0,False,3,1,65
2005-03-06 02:00:00,5.98,48.9,0.0,-0.0,0.0,289.4,4.9,188.0,88294.0,False,3,2,65
2005-03-06 03:00:00,6.12,46.7,0.0,-0.0,0.0,293.8,5.1,196.0,88338.0,False,3,3,65
2005-03-06 04:00:00,6.15,48.6,0.0,-0.0,0.0,300.4,4.97,196.0,88329.0,False,3,4,65
2005-03-06 05:00:00,6.15,52.6,20.0,0.0,20.0,297.4,4.55,188.0,88320.0,False,3,5,65
2005-03-06 06:00:00,6.9,55.55,75.0,0.0,75.0,290.8,4.62,184.0,88355.0,False,3,6,65
2005-03-06 07:00:00,8.0,61.05,275.0,91.68,228.0,293.8,5.52,180.0,88338.0,False,3,7,65
2005-03-06 08:00:00,10.03,58.8,331.0,61.76,292.0,288.6,6.83,194.0,88233.0,False,3,8,65
2005-03-06 09:00:00,11.91,53.1,247.0,2.84,245.0,291.2,7.31,205.0,88154.0,False,3,9,65
2005-03-06 10:00:00,13.33,46.35,275.0,4.15,272.0,286.6,7.45,209.0,88180.0,False,3,10,65
2005-03-06 11:00:00,13.62,44.2,67.0,0.0,67.0,290.6,6.83,208.0,88102.0,False,3,11,65
2005-03-06 12:00:00,13.82,44.65,77.0,0.0,77.0,290.0,6.76,211.0,88093.0,False,3,12,65
2005-03-06 13:00:00,13.34,47.4,46.0,0.0,46.0,289.8,6.69,213.0,88093.0,False,3,13,65
2005-03-06 14:00:00,12.39,51.0,30.0,0.0,30.0,284.4,6.28,211.0,88102.0,False,3,14,65
2005-03-06 15:00:00,11.17,55.2,100.0,216.55,75.0,277.0,5.17,207.0,88180.0,False,3,15,65
2005-03-06 16:00:00,9.52,60.15,0.0,-0.0,0.0,268.4,4.62,204.0,88268.0,False,3,16,65
2005-03-06 17:00:00,8.25,64.0,0.0,-0.0,0.0,262.0,3.93,199.0,88364.0,False,3,17,65
2005-03-06 18:00:00,7.24,67.15,0.0,-0.0,0.0,260.4,3.38,194.0,88390.0,False,3,18,65
2005-03-06 19:00:00,6.92,70.85,0.0,-0.0,0.0,282.8,2.9,195.0,88416.0,False,3,19,65
2005-03-06 20:00:00,6.0,74.9,0.0,-0.0,0.0,272.6,2.62,197.0,88416.0,False,3,20,65
2005-03-06 21:00:00,5.08,78.65,0.0,-0.0,0.0,265.8,2.55,202.0,88443.0,False,3,21,65
2005-03-06 22:00:00,4.22,82.3,0.0,-0.0,0.0,264.6,2.34,209.0,88425.0,False,3,22,65
2005-03-06 23:00:00,3.56,85.1,0.0,-0.0,0.0,270.8,2.07,216.0,88443.0,False,3,23,65
2005-03-07 00:00:00,3.09,86.7,0.0,-0.0,0.0,271.6,1.79,223.0,88443.0,False,3,0,66
2005-03-07 01:00:00,3.22,85.3,0.0,-0.0,0.0,269.2,1.52,230.0,88443.0,False,3,1,66
2005-03-07 02:00:00,3.24,84.95,0.0,-0.0,0.0,277.8,1.38,240.0,88469.0,False,3,2,66
2005-03-07 03:00:00,2.78,86.8,0.0,-0.0,0.0,276.2,1.45,238.0,88504.0,False,3,3,66
2005-03-07 04:00:00,2.46,88.55,0.0,-0.0,0.0,280.8,1.45,232.0,88495.0,False,3,4,66
2005-03-07 05:00:00,3.13,86.95,25.0,0.0,25.0,292.0,1.24,222.0,88539.0,False,3,5,66
2005-03-07 06:00:00,5.76,79.75,242.0,341.83,119.0,277.8,1.17,191.0,88556.0,False,3,6,66
2005-03-07 07:00:00,9.05,60.8,447.0,585.29,144.0,267.8,1.86,178.0,88583.0,False,3,7,66
2005-03-07 08:00:00,11.15,52.85,628.0,777.79,133.0,291.6,2.48,170.0,88521.0,False,3,8,66
2005-03-07 09:00:00,12.65,47.1,469.0,155.39,359.0,278.6,3.45,165.0,88416.0,False,3,9,66
2005-03-07 10:00:00,13.87,43.25,711.0,629.72,253.0,296.4,4.14,165.0,88268.0,False,3,10,66
2005-03-07 11:00:00,14.77,40.15,655.0,529.37,288.0,296.4,4.55,174.0,88137.0,False,3,11,66
2005-03-07 12:00:00,15.45,37.5,591.0,560.72,250.0,300.8,4.83,187.0,88040.0,False,3,12,66
2005-03-07 13:00:00,15.82,35.15,255.0,39.77,236.0,305.4,5.24,199.0,88032.0,False,3,13,66
2005-03-07 14:00:00,15.24,36.5,120.0,3.22,119.0,319.4,4.48,205.0,87988.0,False,3,14,66
2005-03-07 15:00:00,14.02,41.1,51.0,0.0,51.0,307.8,3.93,214.0,88005.0,False,3,15,66
2005-03-07 16:00:00,12.06,48.05,0.0,-0.0,0.0,304.6,3.72,224.0,88040.0,False,3,16,66
2005-03-07 17:00:00,10.77,54.4,0.0,-0.0,0.0,310.0,3.17,223.0,88093.0,False,3,17,66
2005-03-07 18:00:00,9.7,59.95,0.0,-0.0,0.0,311.6,2.62,207.0,88119.0,False,3,18,66
2005-03-07 19:00:00,9.13,61.45,0.0,-0.0,0.0,311.8,3.03,186.0,88110.0,False,3,19,66
2005-03-07 20:00:00,8.63,64.0,0.0,-0.0,0.0,313.8,3.17,177.0,88128.0,False,3,20,66
2005-03-07 21:00:00,8.07,69.4,0.0,-0.0,0.0,313.8,3.1,172.0,88128.0,False,3,21,66
2005-03-07 22:00:00,7.42,77.35,0.0,-0.0,0.0,313.6,2.69,180.0,88128.0,False,3,22,66
2005-03-07 23:00:00,6.87,86.7,0.0,-0.0,0.0,320.2,2.34,180.0,88154.0,False,3,23,66
2005-03-08 00:00:00,6.69,89.0,0.0,-0.0,0.0,324.2,2.0,176.0,88154.0,False,3,0,67
2005-03-08 01:00:00,6.3,91.45,0.0,-0.0,0.0,320.25,1.86,173.0,88137.0,False,3,1,67
2005-03-08 02:00:00,6.17,92.65,0.0,-0.0,0.0,324.8,1.72,170.0,88128.0,False,3,2,67
2005-03-08 03:00:00,5.97,94.05,0.0,-0.0,0.0,322.6,1.52,166.0,88110.0,False,3,3,67
2005-03-08 04:00:00,5.8,95.1,0.0,-0.0,0.0,321.4,1.38,168.0,88119.0,False,3,4,67
2005-03-08 05:00:00,5.82,95.75,69.0,156.71,41.0,320.6,1.24,169.0,88102.0,False,3,5,67
2005-03-08 06:00:00,6.62,90.75,45.0,0.0,45.0,322.6,1.93,170.0,88110.0,False,3,6,67
2005-03-08 07:00:00,6.95,85.85,311.0,145.38,235.0,325.8,2.34,170.0,88067.0,False,3,7,67
2005-03-08 08:00:00,7.38,85.2,210.0,1.56,209.0,331.8,2.48,170.0,88014.0,False,3,8,67
2005-03-08 09:00:00,8.2,79.9,450.0,124.87,361.0,328.8,3.38,180.0,87927.0,False,3,9,67
2005-03-08 10:00:00,9.23,72.85,661.0,475.45,313.0,336.2,4.21,188.0,87778.0,False,3,10,67
2005-03-08 11:00:00,10.84,61.85,201.0,0.0,201.0,332.6,5.31,201.0,87621.0,False,3,11,67
2005-03-08 12:00:00,12.05,55.15,60.0,0.0,60.0,311.0,6.41,214.0,87525.0,False,3,12,67
2005-03-08 13:00:00,12.23,52.6,77.0,0.0,77.0,294.8,6.9,217.0,87428.0,False,3,13,67
2005-03-08 14:00:00,11.74,55.45,367.0,937.89,72.0,275.2,6.28,217.0,87420.0,False,3,14,67
2005-03-08 15:00:00,10.4,61.7,69.0,32.67,65.0,288.6,5.66,229.0,87481.0,False,3,15,67
2005-03-08 16:00:00,7.64,80.95,0.0,-0.0,0.0,291.8,4.28,262.0,87673.0,False,3,16,67
2005-03-08 17:00:00,6.09,87.1,0.0,-0.0,0.0,308.8,3.31,283.0,87866.0,False,3,17,67
2005-03-08 18:00:00,5.49,87.25,0.0,-0.0,0.0,305.4,1.93,275.0,87927.0,False,3,18,67
2005-03-08 19:00:00,5.17,84.75,0.0,-0.0,0.0,275.0,2.14,256.0,87988.0,False,3,19,67
2005-03-08 20:00:00,4.16,86.75,0.0,-0.0,0.0,262.0,2.28,244.0,88023.0,False,3,20,67
2005-03-08 21:00:00,3.33,84.7,0.0,-0.0,0.0,249.2,2.69,249.0,88075.0,False,3,21,67
2005-03-08 22:00:00,2.72,80.35,0.0,-0.0,0.0,238.8,3.24,259.0,88268.0,False,3,22,67
2005-03-08 23:00:00,1.93,79.95,0.0,-0.0,0.0,236.6,3.03,283.0,88303.0,False,3,23,67
2005-03-09 00:00:00,1.24,84.3,0.0,-0.0,0.0,248.4,2.62,307.0,88381.0,False,3,0,68
2005-03-09 01:00:00,0.24,89.1,0.0,-0.0,0.0,240.6,2.0,320.0,88364.0,False,3,1,68
2005-03-09 02:00:00,-0.67,89.85,0.0,-0.0,0.0,223.0,1.52,327.0,88381.0,False,3,2,68
2005-03-09 03:00:00,-0.04,87.25,0.0,-0.0,0.0,220.8,1.03,325.0,88373.0,False,3,3,68
2005-03-09 04:00:00,-0.06,87.95,0.0,-0.0,0.0,219.6,0.55,320.0,88434.0,False,3,4,68
2005-03-09 05:00:00,-0.04,89.35,69.0,136.02,44.0,229.8,0.14,250.0,88469.0,False,3,5,68
2005-03-09 06:00:00,1.86,85.95,167.0,70.26,141.0,228.2,0.76,171.0,88513.0,False,3,6,68
2005-03-09 07:00:00,4.28,71.75,272.0,75.78,232.0,231.4,1.45,173.0,88478.0,False,3,7,68
2005-03-09 08:00:00,6.07,62.55,327.0,51.05,294.0,241.2,2.14,182.0,88390.0,False,3,8,68
2005-03-09 09:00:00,7.74,49.1,449.0,119.85,363.0,259.6,3.24,211.0,88294.0,False,3,9,68
2005-03-09 10:00:00,8.52,45.0,552.0,233.53,380.0,260.0,3.93,230.0,88294.0,False,3,10,68
2005-03-09 11:00:00,9.0,45.9,651.0,495.7,303.0,268.2,4.21,239.0,88198.0,False,3,11,68
2005-03-09 12:00:00,9.06,46.1,684.0,885.78,138.0,262.8,4.07,240.0,88189.0,False,3,12,68
2005-03-09 13:00:00,8.6,46.5,514.0,725.05,162.0,284.8,3.59,242.0,88119.0,False,3,13,68
2005-03-09 14:00:00,8.09,47.0,154.0,18.86,148.0,264.6,3.38,242.0,88145.0,False,3,14,68
2005-03-09 15:00:00,6.22,56.65,13.0,0.0,13.0,261.0,3.31,265.0,88250.0,False,3,15,68
2005-03-09 16:00:00,4.32,71.7,0.0,-0.0,0.0,264.2,2.76,298.0,88364.0,False,3,16,68
2005-03-09 17:00:00,2.89,81.95,0.0,-0.0,0.0,254.0,2.07,312.0,88469.0,False,3,17,68
2005-03-09 18:00:00,2.12,87.05,0.0,-0.0,0.0,253.0,1.24,313.0,88504.0,False,3,18,68
2005-03-09 19:00:00,1.44,95.25,0.0,-0.0,0.0,268.4,1.1,342.0,88530.0,False,3,19,68
2005-03-09 20:00:00,1.36,94.7,0.0,-0.0,0.0,279.4,1.31,341.0,88548.0,False,3,20,68
2005-03-09 21:00:00,1.38,94.15,0.0,-0.0,0.0,288.0,1.45,350.0,88565.0,False,3,21,68
2005-03-09 22:00:00,1.15,95.05,0.0,-0.0,0.0,289.2,1.38,358.0,88539.0,False,3,22,68
2005-03-09 23:00:00,0.8,95.75,0.0,-0.0,0.0,277.0,1.17,343.0,88574.0,False,3,23,68
2005-03-10 00:00:00,0.33,95.95,0.0,-0.0,0.0,266.2,1.31,330.0,88574.0,False,3,0,69
2005-03-10 01:00:00,0.09,95.6,0.0,-0.0,0.0,268.8,1.45,339.0,88530.0,False,3,1,69
2005-03-10 02:00:00,-0.21,95.5,0.0,-0.0,0.0,269.2,1.38,341.0,88530.0,False,3,2,69
2005-03-10 03:00:00,-0.65,95.75,0.0,-0.0,0.0,263.0,1.24,340.0,88530.0,False,3,3,69
2005-03-10 04:00:00,-1.43,95.4,0.0,-0.0,0.0,235.4,1.31,340.0,88548.0,False,3,4,69
2005-03-10 05:00:00,-1.51,94.5,82.0,206.42,43.0,240.0,1.17,347.0,88565.0,False,3,5,69
2005-03-10 06:00:00,-0.21,86.0,63.0,0.0,63.0,234.2,1.1,0.0,88591.0,False,3,6,69
2005-03-10 07:00:00,1.57,77.55,365.0,251.44,231.0,249.2,1.17,51.0,88600.0,False,3,7,69
2005-03-10 08:00:00,3.11,71.95,190.0,0.0,190.0,254.0,0.97,73.0,88556.0,False,3,8,69
2005-03-10 09:00:00,3.74,69.85,528.0,231.2,361.0,278.2,0.83,91.0,88469.0,False,3,9,69
2005-03-10 10:00:00,5.14,66.05,492.0,140.33,388.0,263.0,0.97,82.0,88469.0,False,3,10,69
2005-03-10 11:00:00,5.54,63.0,107.0,0.0,107.0,276.6,1.03,83.0,88364.0,False,3,11,69
2005-03-10 12:00:00,5.83,60.05,582.0,493.16,276.0,254.0,0.55,28.0,88346.0,False,3,12,69
2005-03-10 13:00:00,5.57,57.7,428.0,365.81,249.0,257.0,2.28,323.0,88373.0,False,3,13,69
2005-03-10 14:00:00,4.07,62.75,324.0,565.54,142.0,257.8,3.24,325.0,88434.0,False,3,14,69
2005-03-10 15:00:00,3.19,67.15,148.0,633.84,66.0,262.6,3.03,338.0,88495.0,False,3,15,69
2005-03-10 16:00:00,2.21,68.5,0.0,-0.0,0.0,253.8,2.9,347.0,88521.0,False,3,16,69
2005-03-10 17:00:00,1.45,67.5,0.0,-0.0,0.0,251.8,2.76,348.0,88600.0,False,3,17,69
2005-03-10 18:00:00,0.86,65.75,0.0,-0.0,0.0,243.0,2.62,343.0,88696.0,False,3,18,69
2005-03-10 19:00:00,-0.07,60.1,0.0,-0.0,0.0,215.8,2.21,349.0,88749.0,False,3,19,69
2005-03-10 20:00:00,-0.94,62.7,0.0,-0.0,0.0,215.6,2.07,349.0,88810.0,False,3,20,69
2005-03-10 21:00:00,-1.88,66.75,0.0,-0.0,0.0,212.4,1.86,345.0,88862.0,False,3,21,69
2005-03-10 22:00:00,-2.76,70.95,0.0,-0.0,0.0,210.4,1.66,337.0,88871.0,False,3,22,69
2005-03-10 23:00:00,-3.42,72.9,0.0,-0.0,0.0,206.4,1.59,329.0,88880.0,False,3,23,69
2005-03-11 00:00:00,-3.93,74.5,0.0,-0.0,0.0,206.4,1.52,321.0,88924.0,False,3,0,70
2005-03-11 01:00:00,-4.34,75.65,0.0,-0.0,0.0,203.4,1.31,313.0,88897.0,False,3,1,70
2005-03-11 02:00:00,-4.42,75.1,0.0,-0.0,0.0,201.4,1.1,299.0,88880.0,False,3,2,70
2005-03-11 03:00:00,-4.44,74.15,0.0,-0.0,0.0,199.4,0.97,288.0,88889.0,False,3,3,70
2005-03-11 04:00:00,-4.46,73.05,0.0,-0.0,0.0,198.6,0.76,263.0,88862.0,False,3,4,70
2005-03-11 05:00:00,-3.99,75.65,38.0,5.15,37.0,198.6,0.76,213.0,88897.0,False,3,5,70
2005-03-11 06:00:00,-1.31,61.25,263.0,365.42,124.0,200.8,1.38,160.0,88862.0,False,3,6,70
2005-03-11 07:00:00,1.0,54.05,446.0,498.12,178.0,210.6,3.24,152.0,88810.0,False,3,7,70
2005-03-11 08:00:00,2.69,49.15,299.0,27.43,281.0,213.6,4.28,158.0,88714.0,False,3,8,70
2005-03-11 09:00:00,4.33,44.2,444.0,105.9,367.0,227.2,4.48,169.0,88583.0,False,3,9,70
2005-03-11 10:00:00,5.8,41.7,645.0,405.02,343.0,245.6,4.76,176.0,88443.0,False,3,10,70
2005-03-11 11:00:00,6.71,39.65,507.0,177.3,381.0,263.2,5.1,185.0,88320.0,False,3,11,70
2005-03-11 12:00:00,6.55,39.8,163.0,0.0,163.0,267.6,5.38,203.0,88233.0,False,3,12,70
2005-03-11 13:00:00,5.28,48.75,95.0,0.0,95.0,274.4,5.38,221.0,88233.0,False,3,13,70
2005-03-11 14:00:00,5.19,46.85,216.0,110.63,180.0,271.2,4.14,230.0,88215.0,False,3,14,70
2005-03-11 15:00:00,4.81,48.95,165.0,858.43,51.0,246.0,2.62,232.0,88241.0,False,3,15,70
2005-03-11 16:00:00,3.68,55.65,0.0,-0.0,0.0,251.4,1.45,273.0,88285.0,False,3,16,70
2005-03-11 17:00:00,1.65,72.55,0.0,-0.0,0.0,261.8,1.38,311.0,88416.0,False,3,17,70
2005-03-11 18:00:00,0.54,81.95,0.0,-0.0,0.0,267.4,1.93,337.0,88548.0,False,3,18,70
2005-03-11 19:00:00,-1.01,86.8,0.0,-0.0,0.0,250.2,3.38,336.0,88652.0,False,3,19,70
2005-03-11 20:00:00,-1.29,85.65,0.0,-0.0,0.0,263.6,4.21,335.0,88757.0,False,3,20,70
2005-03-11 21:00:00,-1.73,84.7,0.0,-0.0,0.0,262.0,4.41,334.0,88836.0,False,3,21,70
2005-03-11 22:00:00,-2.02,82.95,0.0,-0.0,0.0,272.0,4.48,330.0,88845.0,False,3,22,70
2005-03-11 23:00:00,-2.55,81.9,0.0,-0.0,0.0,254.8,4.07,328.0,88889.0,False,3,23,70
2005-03-12 00:00:00,-2.84,80.1,0.0,-0.0,0.0,262.8,3.72,326.0,88950.0,False,3,0,71
2005-03-12 01:00:00,-3.39,79.35,0.0,-0.0,0.0,251.6,3.45,326.0,89011.0,False,3,1,71
2005-03-12 02:00:00,-4.04,80.25,0.0,-0.0,0.0,228.6,2.69,325.0,89072.0,False,3,2,71
2005-03-12 03:00:00,-4.59,81.7,0.0,-0.0,0.0,220.0,2.07,324.0,89151.0,False,3,3,71
2005-03-12 04:00:00,-5.19,83.95,0.0,-0.0,0.0,205.6,1.66,318.0,89221.0,False,3,4,71
2005-03-12 05:00:00,-4.72,81.5,82.0,155.55,51.0,211.8,1.38,302.0,89299.0,False,3,5,71
2005-03-12 06:00:00,-3.35,68.9,278.0,414.99,118.0,201.8,1.31,283.0,89308.0,False,3,6,71
2005-03-12 07:00:00,-1.37,58.4,80.0,0.0,80.0,195.6,1.1,277.0,89299.0,False,3,7,71
2005-03-12 08:00:00,0.37,49.3,657.0,789.45,135.0,206.4,0.62,233.0,89256.0,False,3,8,71
2005-03-12 09:00:00,1.92,42.7,769.0,863.58,137.0,211.6,0.97,187.0,89203.0,False,3,9,71
2005-03-12 10:00:00,3.26,38.55,818.0,915.8,131.0,216.6,1.17,177.0,89133.0,False,3,10,71
2005-03-12 11:00:00,4.38,35.6,786.0,896.58,145.0,215.6,1.17,180.0,89063.0,False,3,11,71
2005-03-12 12:00:00,5.21,33.15,683.0,824.11,165.0,216.2,1.17,183.0,89011.0,False,3,12,71
2005-03-12 13:00:00,5.78,31.45,548.0,831.12,135.0,218.8,1.38,186.0,88976.0,False,3,13,71
2005-03-12 14:00:00,6.01,30.2,357.0,732.55,116.0,219.6,1.52,188.0,88958.0,False,3,14,71
2005-03-12 15:00:00,5.81,30.45,159.0,690.11,65.0,220.2,1.45,168.0,88976.0,False,3,15,71
2005-03-12 16:00:00,4.27,37.6,0.0,-0.0,0.0,218.6,1.93,128.0,89028.0,False,3,16,71
2005-03-12 17:00:00,2.24,47.85,0.0,-0.0,0.0,218.0,2.07,140.0,89107.0,False,3,17,71
2005-03-12 18:00:00,0.48,56.55,0.0,-0.0,0.0,216.2,2.0,156.0,89177.0,False,3,18,71
2005-03-12 19:00:00,-0.8,62.7,0.0,-0.0,0.0,213.0,2.07,173.0,89230.0,False,3,19,71
2005-03-12 20:00:00,-1.86,66.9,0.0,-0.0,0.0,210.4,2.14,186.0,89230.0,False,3,20,71
2005-03-12 21:00:00,-2.68,69.95,0.0,-0.0,0.0,207.8,2.21,195.0,89247.0,False,3,21,71
2005-03-12 22:00:00,-3.33,72.25,0.0,-0.0,0.0,206.0,2.21,202.0,89291.0,False,3,22,71
2005-03-12 23:00:00,-3.9,73.95,0.0,-0.0,0.0,203.0,2.14,209.0,89273.0,False,3,23,71
2005-03-13 00:00:00,-4.35,75.25,0.0,-0.0,0.0,201.6,2.07,215.0,89308.0,False,3,0,72
2005-03-13 01:00:00,-4.68,76.25,0.0,-0.0,0.0,199.8,2.07,220.0,89299.0,False,3,1,72
2005-03-13 02:00:00,-4.96,76.85,0.0,-0.0,0.0,198.2,2.07,220.0,89282.0,False,3,2,72
2005-03-13 03:00:00,-5.11,77.0,0.0,-0.0,0.0,197.2,2.14,214.0,89299.0,False,3,3,72
2005-03-13 04:00:00,-5.19,76.9,0.0,0.0,0.0,197.2,2.21,210.0,89308.0,False,3,4,72
2005-03-13 05:00:00,-4.06,76.4,88.0,176.04,52.0,197.6,1.86,201.0,89308.0,False,3,5,72
2005-03-13 06:00:00,0.75,57.35,293.0,473.48,108.0,201.4,2.07,185.0,89352.0,False,3,6,72
2005-03-13 07:00:00,3.72,44.2,502.0,698.67,119.0,207.0,2.48,177.0,89343.0,False,3,7,72
2005-03-13 08:00:00,5.92,38.75,663.0,791.12,136.0,213.8,3.03,176.0,89247.0,False,3,8,72
2005-03-13 09:00:00,7.81,34.4,774.0,866.19,136.0,221.0,3.31,186.0,89203.0,False,3,9,72
2005-03-13 10:00:00,9.2,30.95,814.0,883.85,147.0,228.4,3.24,199.0,89133.0,False,3,10,72
2005-03-13 11:00:00,10.11,29.3,783.0,863.49,162.0,233.8,3.31,211.0,89028.0,False,3,11,72
2005-03-13 12:00:00,10.55,29.15,669.0,754.1,192.0,238.0,3.52,222.0,88993.0,False,3,12,72
2005-03-13 13:00:00,10.47,30.45,531.0,729.03,166.0,239.2,3.79,230.0,88976.0,False,3,13,72
2005-03-13 14:00:00,9.88,33.3,343.0,619.49,137.0,239.6,4.0,239.0,89002.0,False,3,14,72
2005-03-13 15:00:00,8.61,39.35,147.0,494.28,78.0,237.6,3.59,250.0,89055.0,False,3,15,72
2005-03-13 16:00:00,6.37,47.15,0.0,-0.0,0.0,236.4,3.31,254.0,89107.0,False,3,16,72
2005-03-13 17:00:00,4.44,54.8,0.0,-0.0,0.0,230.0,2.83,254.0,89203.0,False,3,17,72
2005-03-13 18:00:00,2.73,63.1,0.0,-0.0,0.0,225.6,2.41,252.0,89282.0,False,3,18,72
2005-03-13 19:00:00,1.27,71.35,0.0,-0.0,0.0,223.2,2.28,241.0,89334.0,False,3,19,72
2005-03-13 20:00:00,-0.1,77.35,0.0,-0.0,0.0,220.4,2.21,238.0,89396.0,False,3,20,72
2005-03-13 21:00:00,-1.19,81.5,0.0,-0.0,0.0,218.8,2.21,242.0,89431.0,False,3,21,72
2005-03-13 22:00:00,-2.02,84.3,0.0,-0.0,0.0,217.8,2.14,245.0,89439.0,False,3,22,72
2005-03-13 23:00:00,-2.59,86.1,0.0,-0.0,0.0,218.0,2.14,249.0,89448.0,False,3,23,72
2005-03-14 00:00:00,-2.96,87.0,0.0,-0.0,0.0,216.4,2.14,253.0,89466.0,False,3,0,73
2005-03-14 01:00:00,-3.04,87.55,0.0,-0.0,0.0,218.2,2.14,257.0,89474.0,False,3,1,73
2005-03-14 02:00:00,-2.88,88.05,0.0,-0.0,0.0,228.2,2.0,260.0,89466.0,False,3,2,73
2005-03-14 03:00:00,-2.76,88.0,0.0,-0.0,0.0,228.8,1.93,263.0,89509.0,False,3,3,73
2005-03-14 04:00:00,-2.67,87.75,0.0,0.0,0.0,231.6,1.86,263.0,89527.0,False,3,4,73
2005-03-14 05:00:00,-1.24,85.55,102.0,247.94,50.0,235.0,1.38,257.0,89553.0,False,3,5,73
2005-03-14 06:00:00,2.67,75.7,315.0,573.37,88.0,251.4,0.9,251.0,89614.0,False,3,6,73
2005-03-14 07:00:00,5.24,58.85,500.0,661.54,134.0,243.8,0.69,264.0,89606.0,False,3,7,73
2005-03-14 08:00:00,6.85,51.85,672.0,807.69,130.0,244.8,0.0,50.0,89553.0,False,3,8,73
2005-03-14 09:00:00,8.13,46.4,784.0,883.63,129.0,245.2,0.62,156.0,89492.0,False,3,9,73
2005-03-14 10:00:00,9.1,43.15,824.0,902.38,139.0,271.0,0.55,179.0,89439.0,False,3,10,73
2005-03-14 11:00:00,10.03,39.5,792.0,881.98,154.0,272.4,0.34,250.0,89326.0,False,3,11,73
2005-03-14 12:00:00,10.86,35.55,712.0,909.68,133.0,288.6,0.69,314.0,89265.0,False,3,12,73
2005-03-14 13:00:00,11.23,33.3,481.0,503.59,227.0,276.6,1.31,339.0,89203.0,False,3,13,73
2005-03-14 14:00:00,11.2,32.7,329.0,514.81,156.0,269.4,1.79,352.0,89203.0,False,3,14,73
2005-03-14 15:00:00,10.51,36.0,170.0,762.43,61.0,275.6,2.34,357.0,89221.0,False,3,15,73
2005-03-14 16:00:00,8.73,44.2,0.0,-0.0,0.0,275.8,2.55,359.0,89265.0,False,3,16,73
2005-03-14 17:00:00,6.9,52.9,0.0,-0.0,0.0,268.4,2.41,352.0,89334.0,False,3,17,73
2005-03-14 18:00:00,4.89,62.85,0.0,-0.0,0.0,246.4,2.21,341.0,89413.0,False,3,18,73
2005-03-14 19:00:00,3.67,68.65,0.0,-0.0,0.0,254.0,1.93,328.0,89448.0,False,3,19,73
2005-03-14 20:00:00,2.75,71.45,0.0,-0.0,0.0,253.4,1.86,314.0,89483.0,False,3,20,73
2005-03-14 21:00:00,1.75,74.2,0.0,-0.0,0.0,238.8,1.93,305.0,89501.0,False,3,21,73
2005-03-14 22:00:00,0.99,76.6,0.0,-0.0,0.0,239.2,2.07,302.0,89501.0,False,3,22,73
2005-03-14 23:00:00,0.33,77.9,0.0,-0.0,0.0,234.0,2.14,304.0,89518.0,False,3,23,73
2005-03-15 00:00:00,-0.19,79.45,0.0,-0.0,0.0,236.2,2.21,306.0,89518.0,False,3,0,74
2005-03-15 01:00:00,-0.65,81.1,0.0,-0.0,0.0,232.6,2.28,309.0,89527.0,False,3,1,74
2005-03-15 02:00:00,-1.01,82.7,0.0,-0.0,0.0,231.6,2.28,310.0,89571.0,False,3,2,74
2005-03-15 03:00:00,-1.25,84.15,0.0,-0.0,0.0,231.2,2.21,309.0,89588.0,False,3,3,74
2005-03-15 04:00:00,-1.35,85.15,0.0,0.0,0.0,230.8,2.14,306.0,89623.0,False,3,4,74
2005-03-15 05:00:00,0.11,84.5,109.0,274.47,50.0,231.6,1.59,305.0,89632.0,False,3,5,74
2005-03-15 06:00:00,4.22,79.1,216.0,134.63,162.0,235.4,1.45,325.0,89667.0,False,3,6,74
2005-03-15 07:00:00,7.24,66.45,475.0,539.12,174.0,246.4,2.14,348.0,89640.0,False,3,7,74
2005-03-15 08:00:00,8.67,57.45,659.0,736.76,161.0,250.4,2.34,5.0,89562.0,False,3,8,74
2005-03-15 09:00:00,9.74,49.5,755.0,760.13,188.0,270.6,2.34,7.0,89518.0,False,3,9,74
2005-03-15 10:00:00,10.46,45.15,750.0,639.14,262.0,296.8,2.48,8.0,89466.0,False,3,10,74
2005-03-15 11:00:00,11.02,42.6,707.0,584.17,282.0,296.4,2.69,5.0,89378.0,False,3,11,74
2005-03-15 12:00:00,11.23,42.15,484.0,215.49,346.0,296.0,3.1,0.0,89334.0,False,3,12,74
2005-03-15 13:00:00,11.21,42.4,464.0,429.09,246.0,305.6,3.24,357.0,89326.0,False,3,13,74
2005-03-15 14:00:00,10.98,43.25,264.0,215.0,191.0,299.4,3.38,354.0,89273.0,False,3,14,74
2005-03-15 15:00:00,10.36,45.65,71.0,13.67,69.0,297.0,3.03,360.0,89308.0,False,3,15,74
2005-03-15 16:00:00,8.98,52.15,0.0,-0.0,0.0,285.6,2.41,360.0,89326.0,False,3,16,74
2005-03-15 17:00:00,7.13,61.15,0.0,-0.0,0.0,262.4,2.28,347.0,89352.0,False,3,17,74
2005-03-15 18:00:00,5.5,68.35,0.0,-0.0,0.0,259.6,2.21,333.0,89413.0,False,3,18,74
2005-03-15 19:00:00,4.34,72.75,0.0,-0.0,0.0,262.2,2.07,316.0,89439.0,False,3,19,74
2005-03-15 20:00:00,3.32,75.85,0.0,-0.0,0.0,257.8,2.14,309.0,89457.0,False,3,20,74
2005-03-15 21:00:00,2.61,78.1,0.0,-0.0,0.0,257.4,2.14,305.0,89483.0,False,3,21,74
2005-03-15 22:00:00,1.89,79.45,0.0,-0.0,0.0,245.6,2.07,299.0,89483.0,False,3,22,74
2005-03-15 23:00:00,1.47,79.45,0.0,-0.0,0.0,244.2,2.0,295.0,89474.0,False,3,23,74
2005-03-16 00:00:00,0.94,79.6,0.0,-0.0,0.0,237.6,2.07,293.0,89457.0,False,3,0,75
2005-03-16 01:00:00,0.54,79.3,0.0,-0.0,0.0,235.2,2.07,293.0,89457.0,False,3,1,75
2005-03-16 02:00:00,0.27,78.95,0.0,-0.0,0.0,235.8,2.07,294.0,89466.0,False,3,2,75
2005-03-16 03:00:00,-0.02,78.85,0.0,-0.0,0.0,234.0,2.14,296.0,89483.0,False,3,3,75
2005-03-16 04:00:00,-0.29,78.65,0.0,0.0,0.0,230.4,2.07,299.0,89536.0,False,3,4,75
2005-03-16 05:00:00,1.03,76.95,14.0,0.0,14.0,232.6,1.66,303.0,89553.0,False,3,5,75
2005-03-16 06:00:00,5.0,70.05,208.0,108.3,164.0,237.2,1.66,331.0,89597.0,False,3,6,75
2005-03-16 07:00:00,7.77,55.95,428.0,358.56,226.0,249.4,3.24,351.0,89614.0,False,3,7,75
2005-03-16 08:00:00,9.12,49.45,574.0,443.59,272.0,254.2,4.41,356.0,89579.0,False,3,8,75
2005-03-16 09:00:00,9.94,43.6,560.0,247.81,374.0,277.0,4.55,354.0,89544.0,False,3,9,75
2005-03-16 10:00:00,10.11,40.5,547.0,187.52,403.0,288.2,4.48,352.0,89501.0,False,3,10,75
2005-03-16 11:00:00,10.37,38.55,379.0,36.9,352.0,298.6,4.48,350.0,89439.0,False,3,11,75
2005-03-16 12:00:00,10.84,36.2,457.0,164.53,351.0,304.2,4.55,349.0,89413.0,False,3,12,75
2005-03-16 13:00:00,10.86,34.8,412.0,267.73,275.0,302.4,4.62,351.0,89404.0,False,3,13,75
2005-03-16 14:00:00,10.58,34.3,238.0,134.11,192.0,300.4,4.76,355.0,89413.0,False,3,14,75
2005-03-16 15:00:00,9.74,36.9,173.0,695.04,69.0,295.4,4.14,360.0,89439.0,False,3,15,75
2005-03-16 16:00:00,8.41,42.2,0.0,-0.0,0.0,289.4,3.38,0.0,89492.0,False,3,16,75
2005-03-16 17:00:00,6.66,50.3,0.0,-0.0,0.0,263.6,2.76,349.0,89579.0,False,3,17,75
2005-03-16 18:00:00,4.94,58.1,0.0,-0.0,0.0,240.4,2.76,334.0,89623.0,False,3,18,75
2005-03-16 19:00:00,4.19,60.55,0.0,-0.0,0.0,239.8,3.03,327.0,89640.0,False,3,19,75
2005-03-16 20:00:00,3.34,63.4,0.0,-0.0,0.0,235.6,3.17,326.0,89649.0,False,3,20,75
2005-03-16 21:00:00,2.8,64.55,0.0,-0.0,0.0,237.2,3.24,332.0,89693.0,False,3,21,75
2005-03-16 22:00:00,1.99,67.25,0.0,-0.0,0.0,232.8,3.03,336.0,89728.0,False,3,22,75
2005-03-16 23:00:00,1.14,70.45,0.0,-0.0,0.0,231.0,2.83,336.0,89763.0,False,3,23,75
2005-03-17 00:00:00,0.37,73.45,0.0,-0.0,0.0,229.4,2.76,331.0,89763.0,False,3,0,76
2005-03-17 01:00:00,-0.35,76.25,0.0,-0.0,0.0,228.0,2.55,324.0,89789.0,False,3,1,76
2005-03-17 02:00:00,-0.99,78.95,0.0,-0.0,0.0,226.4,2.34,314.0,89789.0,False,3,2,76
2005-03-17 03:00:00,-1.5,80.35,0.0,-0.0,0.0,224.8,2.28,310.0,89815.0,False,3,3,76
2005-03-17 04:00:00,-1.93,81.35,0.0,0.0,0.0,223.6,2.21,312.0,89842.0,False,3,4,76
2005-03-17 05:00:00,-0.52,79.35,116.0,266.12,56.0,223.8,1.66,315.0,89894.0,False,3,5,76
2005-03-17 06:00:00,3.82,63.6,322.0,524.98,106.0,227.0,1.93,332.0,89912.0,False,3,6,76
2005-03-17 07:00:00,6.08,54.0,523.0,696.69,127.0,232.8,2.76,356.0,89894.0,False,3,7,76
2005-03-17 08:00:00,7.58,47.3,686.0,799.25,138.0,237.8,2.97,3.0,89833.0,False,3,8,76
2005-03-17 09:00:00,8.91,43.55,796.0,872.64,137.0,241.6,3.31,3.0,89772.0,False,3,9,76
2005-03-17 10:00:00,10.04,41.3,835.0,889.59,148.0,245.4,3.66,6.0,89667.0,False,3,10,76
2005-03-17 11:00:00,10.9,39.75,811.0,902.49,147.0,248.4,3.79,8.0,89579.0,False,3,11,76
2005-03-17 12:00:00,11.48,38.7,721.0,896.46,140.0,250.8,3.72,8.0,89501.0,False,3,12,76
2005-03-17 13:00:00,11.71,38.3,572.0,851.92,133.0,252.2,3.79,9.0,89466.0,False,3,13,76
2005-03-17 14:00:00,11.5,39.05,380.0,770.75,113.0,252.2,3.79,10.0,89431.0,False,3,14,76
2005-03-17 15:00:00,10.81,41.35,178.0,725.8,67.0,251.0,3.24,15.0,89448.0,False,3,15,76
2005-03-17 16:00:00,9.15,48.5,0.0,-0.0,0.0,249.0,2.0,22.0,89492.0,False,3,16,76
2005-03-17 17:00:00,7.21,61.95,0.0,-0.0,0.0,246.0,1.1,9.0,89518.0,False,3,17,76
2005-03-17 18:00:00,7.04,55.4,0.0,-0.0,0.0,244.2,1.03,307.0,89562.0,False,3,18,76
2005-03-17 19:00:00,5.32,61.1,0.0,-0.0,0.0,242.2,1.45,284.0,89588.0,False,3,19,76
2005-03-17 20:00:00,3.65,68.7,0.0,-0.0,0.0,241.2,1.72,277.0,89579.0,False,3,20,76
2005-03-17 21:00:00,2.7,72.75,0.0,-0.0,0.0,239.8,1.79,269.0,89588.0,False,3,21,76
2005-03-17 22:00:00,1.63,77.0,0.0,-0.0,0.0,238.8,2.0,265.0,89562.0,False,3,22,76
2005-03-17 23:00:00,0.77,80.15,0.0,-0.0,0.0,237.4,2.07,264.0,89536.0,False,3,23,76
2005-03-18 00:00:00,0.08,82.35,0.0,-0.0,0.0,236.2,2.07,268.0,89501.0,False,3,0,77
2005-03-18 01:00:00,-0.51,83.95,0.0,-0.0,0.0,235.2,2.07,272.0,89457.0,False,3,1,77
2005-03-18 02:00:00,-0.94,84.8,0.0,-0.0,0.0,234.4,2.07,272.0,89457.0,False,3,2,77
2005-03-18 03:00:00,-1.23,85.05,0.0,-0.0,0.0,233.4,2.07,267.0,89457.0,False,3,3,77
2005-03-18 04:00:00,-1.52,85.4,0.0,0.0,0.0,233.0,2.07,257.0,89439.0,False,3,4,77
2005-03-18 05:00:00,0.37,82.15,123.0,290.4,56.0,233.6,1.38,241.0,89422.0,False,3,5,77
2005-03-18 06:00:00,5.31,74.1,337.0,583.28,94.0,237.8,1.17,208.0,89413.0,False,3,6,77
2005-03-18 07:00:00,9.43,46.6,532.0,713.26,123.0,243.8,1.52,198.0,89343.0,False,3,7,77
2005-03-18 08:00:00,11.21,39.65,691.0,800.91,138.0,250.8,1.17,216.0,89265.0,False,3,8,77
2005-03-18 09:00:00,12.7,36.1,802.0,873.97,138.0,257.2,1.1,267.0,89186.0,False,3,9,77
2005-03-18 10:00:00,14.0,34.05,863.0,977.36,104.0,262.0,1.52,285.0,89081.0,False,3,10,77
2005-03-18 11:00:00,15.05,32.7,829.0,955.67,122.0,266.0,2.0,296.0,88976.0,False,3,11,77
2005-03-18 12:00:00,15.73,31.85,741.0,966.41,111.0,268.6,2.69,306.0,88889.0,False,3,12,77
2005-03-18 13:00:00,15.97,31.4,592.0,938.56,105.0,269.6,3.31,312.0,88810.0,False,3,13,77
2005-03-18 14:00:00,15.68,31.9,407.0,946.21,76.0,269.6,3.72,313.0,88784.0,False,3,14,77
2005-03-18 15:00:00,14.75,35.55,183.0,755.36,65.0,268.0,2.97,317.0,88757.0,False,3,15,77
2005-03-18 16:00:00,12.64,43.35,0.0,-0.0,0.0,265.2,2.34,319.0,88749.0,False,3,16,77
2005-03-18 17:00:00,10.29,54.65,0.0,-0.0,0.0,268.2,2.14,316.0,88801.0,False,3,17,77
2005-03-18 18:00:00,8.15,63.55,0.0,-0.0,0.0,265.4,2.14,312.0,88845.0,False,3,18,77
2005-03-18 19:00:00,6.79,66.3,0.0,-0.0,0.0,258.0,2.48,309.0,88871.0,False,3,19,77
2005-03-18 20:00:00,5.69,69.05,0.0,-0.0,0.0,256.6,2.62,316.0,88915.0,False,3,20,77
2005-03-18 21:00:00,4.63,72.35,0.0,-0.0,0.0,253.0,2.48,319.0,88958.0,False,3,21,77
2005-03-18 22:00:00,4.03,73.3,0.0,-0.0,0.0,249.8,2.34,320.0,88976.0,False,3,22,77
2005-03-18 23:00:00,3.84,72.35,0.0,-0.0,0.0,246.2,2.14,314.0,88976.0,False,3,23,77
2005-03-19 00:00:00,4.01,70.1,0.0,-0.0,0.0,247.0,1.86,296.0,88976.0,False,3,0,78
2005-03-19 01:00:00,3.67,71.0,0.0,-0.0,0.0,243.8,1.86,270.0,88941.0,False,3,1,78
2005-03-19 02:00:00,2.32,76.65,0.0,-0.0,0.0,242.8,2.07,255.0,88889.0,False,3,2,78
2005-03-19 03:00:00,1.19,81.55,0.0,-0.0,0.0,242.4,2.14,251.0,88871.0,False,3,3,78
2005-03-19 04:00:00,0.39,84.7,0.0,0.0,0.0,241.6,2.14,248.0,88854.0,False,3,4,78
2005-03-19 05:00:00,2.12,82.15,123.0,258.5,62.0,241.2,1.59,243.0,88845.0,False,3,5,78
2005-03-19 06:00:00,7.23,71.3,192.0,61.64,166.0,247.2,1.31,227.0,88854.0,False,3,6,78
2005-03-19 07:00:00,11.4,47.6,448.0,380.35,228.0,257.2,2.14,213.0,88819.0,False,3,7,78
2005-03-19 08:00:00,13.08,40.55,648.0,627.11,212.0,262.2,2.69,240.0,88749.0,False,3,8,78
2005-03-19 09:00:00,14.71,34.05,572.0,249.9,381.0,276.4,3.93,278.0,88679.0,False,3,9,78
2005-03-19 10:00:00,15.95,31.6,548.0,176.73,410.0,278.6,4.48,283.0,88574.0,False,3,10,78
2005-03-19 11:00:00,16.73,30.6,746.0,652.06,261.0,297.8,4.76,281.0,88495.0,False,3,11,78
2005-03-19 12:00:00,17.07,30.15,679.0,701.59,219.0,305.4,5.03,281.0,88399.0,False,3,12,78
2005-03-19 13:00:00,16.84,30.7,590.0,905.4,117.0,318.0,5.03,281.0,88329.0,False,3,13,78
2005-03-19 14:00:00,16.47,31.85,381.0,727.67,124.0,314.6,4.9,279.0,88303.0,False,3,14,78
2005-03-19 15:00:00,15.69,34.9,171.0,558.07,82.0,307.0,3.79,278.0,88276.0,False,3,15,78
2005-03-19 16:00:00,13.73,42.15,0.0,-0.0,0.0,282.4,2.34,277.0,88303.0,False,3,16,78
2005-03-19 17:00:00,10.95,57.6,0.0,-0.0,0.0,270.2,1.72,256.0,88338.0,False,3,17,78
2005-03-19 18:00:00,8.96,62.05,0.0,-0.0,0.0,275.2,2.07,236.0,88390.0,False,3,18,78
2005-03-19 19:00:00,7.5,69.15,0.0,-0.0,0.0,260.4,2.69,227.0,88408.0,False,3,19,78
2005-03-19 20:00:00,6.41,75.85,0.0,-0.0,0.0,258.6,2.76,232.0,88416.0,False,3,20,78
2005-03-19 21:00:00,5.53,80.45,0.0,-0.0,0.0,256.4,2.69,236.0,88451.0,False,3,21,78
2005-03-19 22:00:00,4.81,82.9,0.0,-0.0,0.0,254.2,2.62,242.0,88460.0,False,3,22,78
2005-03-19 23:00:00,4.23,83.5,0.0,-0.0,0.0,249.4,2.55,244.0,88460.0,False,3,23,78
2005-03-20 00:00:00,3.92,84.45,0.0,-0.0,0.0,264.0,2.48,250.0,88478.0,False,3,0,79
2005-03-20 01:00:00,3.42,84.45,0.0,-0.0,0.0,260.4,2.48,260.0,88486.0,False,3,1,79
2005-03-20 02:00:00,3.32,84.45,0.0,-0.0,0.0,269.6,2.28,267.0,88539.0,False,3,2,79
2005-03-20 03:00:00,3.16,84.7,0.0,-0.0,0.0,269.0,2.07,267.0,88574.0,False,3,3,79
2005-03-20 04:00:00,3.1,84.85,0.0,0.0,0.0,271.4,2.0,258.0,88617.0,False,3,4,79
2005-03-20 05:00:00,4.11,85.05,13.0,0.0,13.0,285.4,1.66,254.0,88679.0,False,3,5,79
2005-03-20 06:00:00,7.77,69.5,161.0,21.08,152.0,279.0,1.31,265.0,88705.0,False,3,6,79
2005-03-20 07:00:00,9.99,59.2,479.0,466.23,207.0,300.6,2.28,305.0,88644.0,False,3,7,79
2005-03-20 08:00:00,11.35,53.7,463.0,170.0,344.0,314.0,2.76,312.0,88600.0,False,3,8,79
2005-03-20 09:00:00,11.86,53.15,490.0,127.47,392.0,317.4,3.1,322.0,88600.0,False,3,9,79
2005-03-20 10:00:00,11.63,57.75,373.0,24.2,354.0,315.0,3.17,326.0,88670.0,False,3,10,79
2005-03-20 11:00:00,10.78,66.75,265.0,1.34,264.0,319.4,3.24,344.0,88635.0,False,3,11,79
2005-03-20 12:00:00,10.54,70.7,145.0,0.0,145.0,308.2,3.66,1.0,88635.0,False,3,12,79
2005-03-20 13:00:00,9.6,77.85,72.0,0.0,72.0,315.4,4.48,7.0,88679.0,False,3,13,79
2005-03-20 14:00:00,8.37,80.85,136.0,2.8,135.0,323.0,5.17,2.0,88749.0,False,3,14,79
2005-03-20 15:00:00,6.7,82.8,104.0,73.75,92.0,313.8,5.03,352.0,88871.0,False,3,15,79
2005-03-20 16:00:00,4.96,83.45,0.0,-0.0,0.0,294.0,4.0,349.0,88967.0,False,3,16,79
2005-03-20 17:00:00,4.17,85.15,0.0,-0.0,0.0,300.2,3.1,348.0,89028.0,False,3,17,79
2005-03-20 18:00:00,3.61,87.6,0.0,-0.0,0.0,285.2,2.21,347.0,89072.0,False,3,18,79
2005-03-20 19:00:00,3.31,86.8,0.0,-0.0,0.0,300.4,1.93,1.0,89072.0,False,3,19,79
2005-03-20 20:00:00,3.17,87.55,0.0,-0.0,0.0,306.0,1.66,10.0,89072.0,False,3,20,79
2005-03-20 21:00:00,3.03,88.1,0.0,-0.0,0.0,310.8,1.45,19.0,89081.0,False,3,21,79
2005-03-20 22:00:00,2.83,90.2,0.0,-0.0,0.0,317.0,1.31,27.0,89063.0,False,3,22,79
2005-03-20 23:00:00,2.68,91.25,0.0,-0.0,0.0,319.8,1.24,40.0,89037.0,False,3,23,79
2005-03-21 00:00:00,2.56,91.0,0.0,-0.0,0.0,309.4,0.97,50.0,89011.0,False,3,0,80
2005-03-21 01:00:00,2.41,91.7,0.0,-0.0,0.0,302.8,0.97,54.0,88950.0,False,3,1,80
2005-03-21 02:00:00,2.39,91.95,0.0,-0.0,0.0,306.6,0.97,53.0,88950.0,False,3,2,80
2005-03-21 03:00:00,2.26,92.5,0.0,-0.0,0.0,297.4,0.97,52.0,88941.0,False,3,3,80
2005-03-21 04:00:00,2.24,92.9,0.0,0.0,0.0,300.0,0.97,45.0,88967.0,False,3,4,80
2005-03-21 05:00:00,2.45,91.45,17.0,0.0,17.0,299.2,1.17,43.0,88958.0,False,3,5,80
2005-03-21 06:00:00,3.06,84.65,73.0,0.0,73.0,296.0,1.1,47.0,89011.0,False,3,6,80
2005-03-21 07:00:00,4.34,78.55,123.0,0.0,123.0,302.6,1.1,68.0,88967.0,False,3,7,80
2005-03-21 08:00:00,5.43,73.6,220.0,0.0,220.0,321.8,1.03,67.0,88924.0,False,3,8,80
2005-03-21 09:00:00,6.12,70.3,231.0,0.0,231.0,329.4,1.17,52.0,88880.0,False,3,9,80
2005-03-21 10:00:00,7.11,66.65,455.0,72.22,398.0,324.6,1.52,32.0,88836.0,False,3,10,80
2005-03-21 11:00:00,7.95,63.45,162.0,0.0,162.0,322.0,2.14,16.0,88757.0,False,3,11,80
2005-03-21 12:00:00,8.27,62.3,229.0,0.0,229.0,309.6,2.69,11.0,88705.0,False,3,12,80
2005-03-21 13:00:00,8.55,60.35,566.0,753.7,167.0,319.8,2.69,11.0,88626.0,False,3,13,80
2005-03-21 14:00:00,8.36,59.15,385.0,705.88,131.0,314.4,2.69,23.0,88591.0,False,3,14,80
2005-03-21 15:00:00,8.17,57.4,127.0,162.71,100.0,316.2,2.41,41.0,88583.0,False,3,15,80
2005-03-21 16:00:00,7.35,60.2,0.0,-0.0,0.0,279.4,1.66,86.0,88600.0,False,3,16,80
2005-03-21 17:00:00,6.06,68.9,0.0,-0.0,0.0,269.0,1.38,140.0,88652.0,False,3,17,80
2005-03-21 18:00:00,4.6,76.95,0.0,-0.0,0.0,265.4,1.59,185.0,88722.0,False,3,18,80
2005-03-21 19:00:00,5.69,65.95,0.0,-0.0,0.0,251.8,0.62,240.0,88766.0,False,3,19,80
2005-03-21 20:00:00,4.84,69.3,0.0,-0.0,0.0,246.4,1.03,287.0,88784.0,False,3,20,80
2005-03-21 21:00:00,2.38,79.6,0.0,-0.0,0.0,241.2,1.59,308.0,88801.0,False,3,21,80
2005-03-21 22:00:00,0.88,83.25,0.0,-0.0,0.0,235.0,1.93,313.0,88810.0,False,3,22,80
2005-03-21 23:00:00,-0.14,83.75,0.0,-0.0,0.0,231.6,2.14,315.0,88836.0,False,3,23,80
2005-03-22 00:00:00,-0.82,81.9,0.0,-0.0,0.0,228.0,2.28,320.0,88836.0,False,3,0,81
2005-03-22 01:00:00,-1.28,78.95,0.0,-0.0,0.0,225.8,2.28,324.0,88880.0,False,3,1,81
2005-03-22 02:00:00,-1.82,75.15,0.0,-0.0,0.0,222.6,2.21,326.0,88871.0,False,3,2,81
2005-03-22 03:00:00,-2.31,73.0,0.0,-0.0,0.0,220.8,2.14,327.0,88924.0,False,3,3,81
2005-03-22 04:00:00,-2.73,73.15,0.0,0.0,0.0,219.0,2.07,325.0,88985.0,False,3,4,81
2005-03-22 05:00:00,-1.01,70.85,138.0,278.06,68.0,219.6,1.52,327.0,89055.0,False,3,5,81
2005-03-22 06:00:00,2.9,45.75,335.0,468.92,130.0,222.4,1.93,344.0,89055.0,False,3,6,81
2005-03-22 07:00:00,4.6,43.6,501.0,510.72,198.0,228.8,1.93,2.0,89011.0,False,3,7,81
2005-03-22 08:00:00,6.25,40.85,652.0,594.84,230.0,237.4,1.79,12.0,88950.0,False,3,8,81
2005-03-22 09:00:00,7.6,39.1,749.0,635.21,255.0,257.8,1.66,9.0,88880.0,False,3,9,81
2005-03-22 10:00:00,8.58,37.6,745.0,544.47,313.0,269.4,1.66,351.0,88827.0,False,3,10,81
2005-03-22 11:00:00,9.38,36.45,834.0,907.93,148.0,281.2,1.93,333.0,88705.0,False,3,11,81
2005-03-22 12:00:00,10.49,33.0,767.0,1007.99,95.0,271.4,2.41,318.0,88635.0,False,3,12,81
2005-03-22 13:00:00,10.87,31.65,538.0,617.48,209.0,276.0,2.9,322.0,88548.0,False,3,13,81
2005-03-22 14:00:00,10.44,31.8,358.0,534.27,164.0,265.4,3.66,336.0,88486.0,False,3,14,81
2005-03-22 15:00:00,9.4,33.4,150.0,295.62,100.0,266.4,4.14,352.0,88504.0,False,3,15,81
2005-03-22 16:00:00,7.36,36.95,0.0,-0.0,0.0,250.4,3.93,1.0,88565.0,False,3,16,81
2005-03-22 17:00:00,5.52,39.55,0.0,-0.0,0.0,247.2,3.45,1.0,88679.0,False,3,17,81
2005-03-22 18:00:00,4.07,41.2,0.0,-0.0,0.0,241.4,3.1,356.0,88784.0,False,3,18,81
2005-03-22 19:00:00,4.4,39.5,0.0,-0.0,0.0,271.2,3.1,354.0,88880.0,False,3,19,81
2005-03-22 20:00:00,3.09,39.7,0.0,-0.0,0.0,244.6,3.1,342.0,88958.0,False,3,20,81
2005-03-22 21:00:00,1.93,40.5,0.0,-0.0,0.0,232.6,3.31,333.0,89055.0,False,3,21,81
2005-03-22 22:00:00,0.79,43.9,0.0,-0.0,0.0,220.0,3.45,328.0,89081.0,False,3,22,81
2005-03-22 23:00:00,-0.12,49.3,0.0,-0.0,0.0,217.0,3.24,327.0,89107.0,False,3,23,81
2005-03-23 00:00:00,-0.93,54.25,0.0,-0.0,0.0,212.6,3.1,326.0,89116.0,False,3,0,82
2005-03-23 01:00:00,-1.6,57.7,0.0,-0.0,0.0,208.6,3.1,328.0,89133.0,False,3,1,82
2005-03-23 02:00:00,-2.23,60.7,0.0,-0.0,0.0,205.2,2.97,330.0,89160.0,False,3,2,82
2005-03-23 03:00:00,-2.88,63.5,0.0,-0.0,0.0,201.2,2.83,329.0,89186.0,False,3,3,82
2005-03-23 04:00:00,-3.44,66.1,0.0,0.0,0.0,198.8,2.69,327.0,89256.0,False,3,4,82
2005-03-23 05:00:00,-2.13,61.3,160.0,424.16,51.0,198.6,2.62,328.0,89317.0,False,3,5,82
2005-03-23 06:00:00,0.08,44.4,368.0,617.26,95.0,200.8,3.93,333.0,89343.0,False,3,6,82
2005-03-23 07:00:00,1.86,34.3,569.0,768.99,109.0,203.0,4.76,338.0,89378.0,False,3,7,82
2005-03-23 08:00:00,3.19,30.25,731.0,858.44,118.0,206.2,4.83,341.0,89361.0,False,3,8,82
2005-03-23 09:00:00,4.48,27.9,828.0,880.98,139.0,213.0,4.76,342.0,89326.0,False,3,9,82
2005-03-23 10:00:00,5.56,26.85,865.0,896.51,150.0,213.6,4.9,342.0,89265.0,False,3,10,82
2005-03-23 11:00:00,6.36,26.75,820.0,841.46,181.0,216.6,5.17,343.0,89186.0,False,3,11,82
2005-03-23 12:00:00,6.89,26.95,739.0,869.81,156.0,220.2,5.38,343.0,89142.0,False,3,12,82
2005-03-23 13:00:00,7.07,26.9,606.0,910.1,118.0,221.6,5.66,342.0,89098.0,False,3,13,82
2005-03-23 14:00:00,6.8,27.05,395.0,734.24,126.0,224.0,5.79,341.0,89107.0,False,3,14,82
2005-03-23 15:00:00,6.12,26.95,191.0,649.97,79.0,223.8,5.45,342.0,89133.0,False,3,15,82
2005-03-23 16:00:00,4.84,29.75,0.0,-0.0,0.0,221.2,4.0,338.0,89160.0,False,3,16,82
2005-03-23 17:00:00,3.34,34.6,0.0,-0.0,0.0,217.2,3.31,330.0,89230.0,False,3,17,82
2005-03-23 18:00:00,2.15,38.75,0.0,-0.0,0.0,215.2,3.31,326.0,89308.0,False,3,18,82
2005-03-23 19:00:00,1.6,39.95,0.0,-0.0,0.0,214.0,3.72,325.0,89387.0,False,3,19,82
2005-03-23 20:00:00,0.97,41.45,0.0,-0.0,0.0,212.4,4.34,329.0,89474.0,False,3,20,82
2005-03-23 21:00:00,0.19,44.75,0.0,-0.0,0.0,211.2,4.21,332.0,89544.0,False,3,21,82
2005-03-23 22:00:00,-0.63,48.9,0.0,-0.0,0.0,209.0,3.72,332.0,89597.0,False,3,22,82
2005-03-23 23:00:00,-1.46,53.55,0.0,-0.0,0.0,207.0,3.17,330.0,89640.0,False,3,23,82
2005-03-24 00:00:00,-2.31,58.8,0.0,-0.0,0.0,205.4,2.69,327.0,89667.0,False,3,0,83
2005-03-24 01:00:00,-3.21,64.5,0.0,-0.0,0.0,203.8,2.28,324.0,89658.0,False,3,1,83
2005-03-24 02:00:00,-4.05,70.1,0.0,-0.0,0.0,202.2,1.93,319.0,89693.0,False,3,2,83
2005-03-24 03:00:00,-4.22,70.9,0.0,-0.0,0.0,201.6,1.66,310.0,89658.0,False,3,3,83
2005-03-24 04:00:00,-4.01,70.0,0.0,0.0,0.0,201.0,1.38,293.0,89719.0,False,3,4,83
2005-03-24 05:00:00,-1.78,62.85,159.0,381.38,59.0,203.4,0.83,285.0,89745.0,False,3,5,83
2005-03-24 06:00:00,0.62,49.35,365.0,576.73,107.0,207.2,0.9,315.0,89737.0,False,3,6,83
2005-03-24 07:00:00,2.01,44.05,566.0,729.62,126.0,210.6,1.86,352.0,89710.0,False,3,7,83
2005-03-24 08:00:00,3.53,40.15,728.0,827.87,133.0,215.4,1.79,351.0,89640.0,False,3,8,83
2005-03-24 09:00:00,5.08,37.6,838.0,899.0,131.0,219.6,1.86,349.0,89536.0,False,3,9,83
2005-03-24 10:00:00,6.59,35.75,884.0,949.35,123.0,224.0,2.28,348.0,89474.0,False,3,10,83
2005-03-24 11:00:00,7.86,34.3,838.0,892.31,157.0,228.4,2.76,346.0,89387.0,False,3,11,83
2005-03-24 12:00:00,8.74,33.15,747.0,887.49,149.0,231.8,3.24,344.0,89291.0,False,3,12,83
2005-03-24 13:00:00,9.15,32.3,600.0,859.95,136.0,234.6,3.52,343.0,89238.0,False,3,13,83
2005-03-24 14:00:00,9.08,32.05,413.0,825.24,108.0,236.2,3.59,343.0,89212.0,False,3,14,83
2005-03-24 15:00:00,8.52,32.8,196.0,678.17,77.0,236.2,3.38,343.0,89203.0,False,3,15,83
2005-03-24 16:00:00,7.0,38.05,0.0,-0.0,0.0,235.2,2.41,347.0,89221.0,False,3,16,83
2005-03-24 17:00:00,5.3,45.85,0.0,-0.0,0.0,233.0,2.34,340.0,89247.0,False,3,17,83
2005-03-24 18:00:00,3.6,54.0,0.0,-0.0,0.0,231.8,2.34,334.0,89299.0,False,3,18,83
2005-03-24 19:00:00,2.48,61.65,0.0,-0.0,0.0,232.6,2.07,330.0,89352.0,False,3,19,83
2005-03-24 20:00:00,1.34,64.25,0.0,-0.0,0.0,230.8,2.34,325.0,89378.0,False,3,20,83
2005-03-24 21:00:00,0.65,65.25,0.0,-0.0,0.0,229.4,2.62,323.0,89448.0,False,3,21,83
2005-03-24 22:00:00,0.04,67.3,0.0,-0.0,0.0,228.2,2.76,321.0,89492.0,False,3,22,83
2005-03-24 23:00:00,-0.7,71.35,0.0,-0.0,0.0,226.2,2.55,318.0,89509.0,False,3,23,83
2005-03-25 00:00:00,-1.41,75.45,0.0,-0.0,0.0,224.2,2.34,315.0,89527.0,False,3,0,84
2005-03-25 01:00:00,-2.0,78.4,0.0,-0.0,0.0,222.4,2.28,315.0,89536.0,False,3,1,84
2005-03-25 02:00:00,-2.48,80.25,0.0,-0.0,0.0,220.8,2.21,316.0,89571.0,False,3,2,84
2005-03-25 03:00:00,-2.83,81.65,0.0,-0.0,0.0,219.2,2.14,315.0,89588.0,False,3,3,84
2005-03-25 04:00:00,-2.94,81.8,0.0,0.0,0.0,217.8,1.93,312.0,89632.0,False,3,4,84
2005-03-25 05:00:00,-0.43,75.95,166.0,403.86,58.0,218.2,1.17,313.0,89632.0,False,3,5,84
2005-03-25 06:00:00,3.09,57.9,381.0,636.6,93.0,221.4,1.66,337.0,89640.0,False,3,6,84
2005-03-25 07:00:00,4.86,49.75,575.0,745.19,122.0,225.8,1.86,351.0,89588.0,False,3,7,84
2005-03-25 08:00:00,6.44,44.45,734.0,830.92,133.0,230.4,1.79,359.0,89536.0,False,3,8,84
2005-03-25 09:00:00,7.96,40.2,843.0,900.43,131.0,235.4,1.66,0.0,89457.0,False,3,9,84
2005-03-25 10:00:00,9.34,36.4,879.0,916.07,141.0,239.8,1.86,359.0,89361.0,False,3,10,84
2005-03-25 11:00:00,10.47,33.55,856.0,945.32,131.0,243.6,2.07,356.0,89247.0,False,3,11,84
2005-03-25 12:00:00,11.23,31.55,767.0,956.71,119.0,246.2,2.41,354.0,89160.0,False,3,12,84
2005-03-25 13:00:00,11.61,30.35,635.0,1029.69,76.0,247.8,2.76,351.0,89098.0,False,3,13,84
2005-03-25 14:00:00,11.56,30.05,418.0,842.31,104.0,247.6,2.9,351.0,89063.0,False,3,14,84
2005-03-25 15:00:00,11.08,30.55,202.0,705.44,76.0,247.0,2.69,355.0,89055.0,False,3,15,84
2005-03-25 16:00:00,9.65,35.8,0.0,-0.0,0.0,244.4,1.86,13.0,89063.0,False,3,16,84
2005-03-25 17:00:00,7.34,53.1,0.0,-0.0,0.0,240.8,1.31,18.0,89090.0,False,3,17,84
2005-03-25 18:00:00,7.62,39.1,0.0,-0.0,0.0,239.2,0.62,345.0,89142.0,False,3,18,84
2005-03-25 19:00:00,7.34,40.05,0.0,-0.0,0.0,238.4,0.83,266.0,89168.0,False,3,19,84
2005-03-25 20:00:00,6.08,45.4,0.0,-0.0,0.0,236.8,1.38,249.0,89177.0,False,3,20,84
2005-03-25 21:00:00,3.93,53.9,0.0,-0.0,0.0,236.0,1.72,245.0,89203.0,False,3,21,84
2005-03-25 22:00:00,3.04,56.85,0.0,-0.0,0.0,234.2,1.79,243.0,89195.0,False,3,22,84
2005-03-25 23:00:00,2.5,58.3,0.0,-0.0,0.0,233.8,1.86,234.0,89195.0,False,3,23,84
2005-03-26 00:00:00,1.81,60.45,0.0,-0.0,0.0,232.6,2.0,223.0,89151.0,False,3,0,85
2005-03-26 01:00:00,1.08,63.5,0.0,-0.0,0.0,231.2,2.14,225.0,89160.0,False,3,1,85
2005-03-26 02:00:00,0.68,65.0,0.0,-0.0,0.0,230.6,2.07,230.0,89107.0,False,3,2,85
2005-03-26 03:00:00,0.32,66.55,0.0,-0.0,0.0,230.0,2.07,231.0,89098.0,False,3,3,85
2005-03-26 04:00:00,-0.3,69.8,0.0,0.0,0.0,229.4,2.21,232.0,89107.0,False,3,4,85
2005-03-26 05:00:00,2.1,66.7,175.0,432.85,57.0,231.6,1.45,224.0,89116.0,False,3,5,85
2005-03-26 06:00:00,6.93,56.8,389.0,653.65,90.0,236.6,1.52,195.0,89125.0,False,3,6,85
2005-03-26 07:00:00,10.69,36.55,580.0,749.15,121.0,244.6,2.14,185.0,89072.0,False,3,7,85
2005-03-26 08:00:00,12.95,31.45,743.0,847.72,126.0,251.8,2.28,189.0,89002.0,False,3,8,85
2005-03-26 09:00:00,14.63,27.65,839.0,869.2,148.0,258.4,2.07,210.0,88950.0,False,3,9,85
2005-03-26 10:00:00,15.83,25.3,864.0,849.82,176.0,263.6,2.28,234.0,88819.0,False,3,10,85
2005-03-26 11:00:00,16.79,23.95,729.0,529.43,321.0,267.8,2.83,253.0,88766.0,False,3,11,85
2005-03-26 12:00:00,17.45,23.25,751.0,872.52,157.0,270.2,4.0,267.0,88687.0,False,3,12,85
2005-03-26 13:00:00,17.26,24.3,639.0,1030.82,76.0,288.8,4.34,272.0,88644.0,False,3,13,85
2005-03-26 14:00:00,16.32,28.4,413.0,782.02,119.0,317.4,4.55,271.0,88670.0,False,3,14,85
2005-03-26 15:00:00,15.21,33.15,207.0,731.85,74.0,311.8,3.93,267.0,88687.0,False,3,15,85
2005-03-26 16:00:00,13.48,39.7,0.0,-0.0,0.0,295.2,3.17,259.0,88740.0,False,3,16,85
2005-03-26 17:00:00,11.52,47.7,0.0,-0.0,0.0,285.0,2.9,252.0,88801.0,False,3,17,85
2005-03-26 18:00:00,10.12,55.25,0.0,-0.0,0.0,294.4,2.55,251.0,88862.0,False,3,18,85
2005-03-26 19:00:00,8.0,65.1,0.0,-0.0,0.0,263.8,2.62,243.0,88880.0,False,3,19,85
2005-03-26 20:00:00,7.0,71.1,0.0,-0.0,0.0,283.2,2.34,242.0,88924.0,False,3,20,85
2005-03-26 21:00:00,5.87,76.7,0.0,-0.0,0.0,275.4,2.21,241.0,88958.0,False,3,21,85
2005-03-26 22:00:00,5.35,79.85,0.0,-0.0,0.0,287.8,2.0,237.0,88941.0,False,3,22,85
2005-03-26 23:00:00,4.62,83.25,0.0,-0.0,0.0,276.8,2.0,238.0,88932.0,False,3,23,85
2005-03-27 00:00:00,3.8,86.35,0.0,-0.0,0.0,268.0,2.07,243.0,88932.0,False,3,0,86
2005-03-27 01:00:00,3.3,88.1,0.0,-0.0,0.0,270.6,2.07,247.0,88950.0,False,3,1,86
2005-03-27 02:00:00,2.61,89.5,0.0,-0.0,0.0,258.6,2.14,247.0,88976.0,False,3,2,86
2005-03-27 03:00:00,2.04,90.0,0.0,-0.0,0.0,254.8,2.14,243.0,88976.0,False,3,3,86
2005-03-27 04:00:00,1.71,90.2,0.0,0.0,0.0,257.2,2.07,234.0,88993.0,False,3,4,86
2005-03-27 05:00:00,3.7,85.2,122.0,108.0,92.0,248.4,1.66,228.0,89020.0,False,3,5,86
2005-03-27 06:00:00,8.86,64.75,366.0,506.02,132.0,258.4,1.66,219.0,89028.0,False,3,6,86
2005-03-27 07:00:00,12.08,50.2,539.0,565.21,190.0,263.4,2.41,213.0,88967.0,False,3,7,86
2005-03-27 08:00:00,13.88,44.6,732.0,787.9,155.0,269.2,2.55,246.0,88950.0,False,3,8,86
2005-03-27 09:00:00,15.63,37.55,811.0,759.51,204.0,278.8,3.03,276.0,88871.0,False,3,9,86
2005-03-27 10:00:00,16.92,32.35,817.0,689.61,256.0,290.2,3.1,278.0,88766.0,False,3,10,86
2005-03-27 11:00:00,17.95,29.9,234.0,0.0,234.0,296.4,3.72,272.0,88749.0,False,3,11,86
2005-03-27 12:00:00,17.41,34.55,307.0,13.15,298.0,329.8,4.76,273.0,88722.0,False,3,12,86
2005-03-27 13:00:00,13.89,62.3,128.0,0.0,128.0,341.6,4.21,289.0,88766.0,False,3,13,86
2005-03-27 14:00:00,13.26,68.35,101.0,0.0,101.0,318.6,2.62,304.0,88775.0,False,3,14,86
2005-03-27 15:00:00,13.11,67.9,94.0,21.64,90.0,333.4,1.1,325.0,88749.0,False,3,15,86
2005-03-27 16:00:00,12.02,74.75,0.0,-0.0,0.0,295.2,0.76,360.0,88766.0,False,3,16,86
2005-03-27 17:00:00,10.47,84.05,0.0,-0.0,0.0,304.0,0.83,40.0,88836.0,False,3,17,86
2005-03-27 18:00:00,10.14,82.2,0.0,-0.0,0.0,299.0,0.62,103.0,88906.0,False,3,18,86
2005-03-27 19:00:00,8.92,83.2,0.0,-0.0,0.0,288.6,1.59,182.0,88932.0,False,3,19,86
2005-03-27 20:00:00,7.51,87.4,0.0,-0.0,0.0,286.8,2.21,200.0,88950.0,False,3,20,86
2005-03-27 21:00:00,6.84,87.65,0.0,-0.0,0.0,277.8,2.48,215.0,88950.0,False,3,21,86
2005-03-27 22:00:00,6.13,88.65,0.0,-0.0,0.0,270.2,2.62,226.0,88950.0,False,3,22,86
2005-03-27 23:00:00,5.55,89.75,0.0,-0.0,0.0,269.2,2.55,231.0,88915.0,False,3,23,86
2005-03-28 00:00:00,5.02,90.5,0.0,-0.0,0.0,266.8,2.55,230.0,88906.0,False,3,0,87
2005-03-28 01:00:00,4.68,90.8,0.0,-0.0,0.0,267.2,2.69,230.0,88889.0,False,3,1,87
2005-03-28 02:00:00,4.64,90.9,0.0,-0.0,0.0,274.6,2.62,228.0,88871.0,False,3,2,87
2005-03-28 03:00:00,4.61,90.95,0.0,-0.0,0.0,278.0,2.62,226.0,88880.0,False,3,3,87
2005-03-28 04:00:00,4.98,90.45,0.0,0.0,0.0,290.6,2.62,226.0,88897.0,False,3,4,87
2005-03-28 05:00:00,6.73,87.75,16.0,0.0,16.0,305.4,2.34,219.0,88941.0,False,3,5,87
2005-03-28 06:00:00,9.58,78.45,55.0,0.0,55.0,314.2,2.34,210.0,88932.0,False,3,6,87
2005-03-28 07:00:00,12.63,67.4,487.0,382.52,249.0,306.8,2.97,191.0,88958.0,False,3,7,87
2005-03-28 08:00:00,14.83,54.3,491.0,173.73,363.0,308.8,4.0,182.0,88915.0,False,3,8,87
2005-03-28 09:00:00,16.53,44.3,781.0,653.51,256.0,324.6,4.76,186.0,88836.0,False,3,9,87
2005-03-28 10:00:00,18.21,37.25,722.0,435.54,366.0,319.8,4.97,197.0,88766.0,False,3,10,87
2005-03-28 11:00:00,18.99,34.15,558.0,181.26,417.0,317.2,5.31,216.0,88652.0,False,3,11,87
2005-03-28 12:00:00,19.42,31.3,697.0,653.01,248.0,304.2,6.14,230.0,88609.0,False,3,12,87
2005-03-28 13:00:00,18.54,33.8,436.0,247.91,299.0,316.6,5.52,227.0,88591.0,False,3,13,87
2005-03-28 14:00:00,18.14,35.4,234.0,75.88,205.0,323.6,5.59,223.0,88530.0,False,3,14,87
2005-03-28 15:00:00,16.96,42.25,40.0,0.0,40.0,312.6,4.83,219.0,88530.0,False,3,15,87
2005-03-28 16:00:00,15.03,50.3,0.0,-0.0,0.0,301.0,4.76,218.0,88574.0,False,3,16,87
2005-03-28 17:00:00,13.21,58.1,0.0,-0.0,0.0,295.8,4.07,211.0,88609.0,False,3,17,87
2005-03-28 18:00:00,12.01,62.9,0.0,-0.0,0.0,296.0,3.66,199.0,88652.0,False,3,18,87
2005-03-28 19:00:00,11.45,62.6,0.0,-0.0,0.0,291.2,3.86,194.0,88670.0,False,3,19,87
2005-03-28 20:00:00,10.68,64.3,0.0,-0.0,0.0,285.2,3.79,189.0,88652.0,False,3,20,87
2005-03-28 21:00:00,10.23,64.05,0.0,-0.0,0.0,289.4,3.86,187.0,88635.0,False,3,21,87
2005-03-28 22:00:00,9.55,64.4,0.0,-0.0,0.0,279.2,3.72,186.0,88583.0,False,3,22,87
2005-03-28 23:00:00,8.77,65.9,0.0,-0.0,0.0,273.0,3.45,182.0,88600.0,False,3,23,87
2005-03-29 00:00:00,7.93,69.05,0.0,-0.0,0.0,269.8,3.17,177.0,88583.0,False,3,0,88
2005-03-29 01:00:00,6.99,73.1,0.0,-0.0,0.0,266.0,2.9,174.0,88556.0,False,3,1,88
2005-03-29 02:00:00,6.42,77.0,0.0,-0.0,0.0,275.2,2.62,172.0,88574.0,False,3,2,88
2005-03-29 03:00:00,5.67,81.75,0.0,-0.0,0.0,269.2,2.34,171.0,88574.0,False,3,3,88
2005-03-29 04:00:00,5.35,84.45,0.0,0.0,0.0,276.8,2.14,173.0,88600.0,False,3,4,88
2005-03-29 05:00:00,6.69,81.95,107.0,48.6,93.0,273.6,1.79,174.0,88644.0,False,3,5,88
2005-03-29 06:00:00,10.41,65.25,300.0,224.42,194.0,283.8,2.34,171.0,88626.0,False,3,6,88
2005-03-29 07:00:00,13.32,47.85,594.0,741.77,129.0,292.0,4.0,189.0,88609.0,False,3,7,88
2005-03-29 08:00:00,14.91,42.6,586.0,341.34,333.0,296.6,5.03,210.0,88583.0,False,3,8,88
2005-03-29 09:00:00,16.71,38.55,730.0,507.76,320.0,308.0,5.86,220.0,88548.0,False,3,9,88
2005-03-29 10:00:00,17.54,37.05,711.0,404.29,379.0,307.2,6.21,229.0,88478.0,False,3,10,88
2005-03-29 11:00:00,17.9,36.55,725.0,496.51,337.0,304.2,6.28,234.0,88416.0,False,3,11,88
2005-03-29 12:00:00,17.72,36.15,590.0,348.81,349.0,300.4,6.28,237.0,88399.0,False,3,12,88
2005-03-29 13:00:00,17.2,37.55,475.0,338.25,287.0,313.8,5.52,239.0,88390.0,False,3,13,88
2005-03-29 14:00:00,16.42,40.35,208.0,41.53,192.0,322.2,4.62,239.0,88425.0,False,3,14,88
2005-03-29 15:00:00,15.62,43.4,185.0,424.14,104.0,319.4,3.52,236.0,88416.0,False,3,15,88
2005-03-29 16:00:00,14.38,48.5,0.0,-0.0,0.0,323.0,2.55,232.0,88469.0,False,3,16,88
2005-03-29 17:00:00,13.0,55.75,0.0,-0.0,0.0,324.4,2.07,225.0,88513.0,False,3,17,88
2005-03-29 18:00:00,11.59,62.35,0.0,-0.0,0.0,315.4,2.07,214.0,88565.0,False,3,18,88
2005-03-29 19:00:00,10.22,67.5,0.0,-0.0,0.0,307.2,2.14,215.0,88574.0,False,3,19,88
2005-03-29 20:00:00,9.11,73.45,0.0,-0.0,0.0,302.0,1.79,222.0,88591.0,False,3,20,88
2005-03-29 21:00:00,8.94,73.15,0.0,-0.0,0.0,303.8,1.38,254.0,88600.0,False,3,21,88
2005-03-29 22:00:00,8.24,77.25,0.0,-0.0,0.0,306.6,1.45,291.0,88556.0,False,3,22,88
2005-03-29 23:00:00,7.46,81.7,0.0,-0.0,0.0,298.2,1.52,300.0,88583.0,False,3,23,88
2005-03-30 00:00:00,6.73,85.35,0.0,-0.0,0.0,287.4,1.59,300.0,88583.0,False,3,0,89
2005-03-30 01:00:00,6.25,86.85,0.0,-0.0,0.0,277.4,1.59,295.0,88556.0,False,3,1,89
2005-03-30 02:00:00,5.72,87.8,0.0,-0.0,0.0,266.0,1.52,289.0,88548.0,False,3,2,89
2005-03-30 03:00:00,5.3,88.75,0.0,-0.0,0.0,268.8,1.45,287.0,88565.0,False,3,3,89
2005-03-30 04:00:00,5.09,88.55,0.0,0.0,0.0,258.2,1.38,284.0,88583.0,False,3,4,89
2005-03-30 05:00:00,7.7,79.75,189.0,409.31,69.0,266.4,0.62,279.0,88609.0,False,3,5,89
2005-03-30 06:00:00,10.3,69.0,332.0,314.32,182.0,266.0,0.14,56.0,88626.0,False,3,6,89
2005-03-30 07:00:00,12.29,61.8,551.0,558.97,198.0,276.8,0.69,75.0,88591.0,False,3,7,89
2005-03-30 08:00:00,13.54,55.35,743.0,777.95,163.0,294.8,0.9,120.0,88548.0,False,3,8,89
2005-03-30 09:00:00,14.77,47.55,529.0,139.24,416.0,302.4,1.24,161.0,88460.0,False,3,9,89
2005-03-30 10:00:00,15.79,40.15,763.0,513.96,339.0,307.4,1.72,197.0,88399.0,False,3,10,89
2005-03-30 11:00:00,16.5,35.05,526.0,135.04,420.0,324.6,2.0,212.0,88303.0,False,3,11,89
2005-03-30 12:00:00,17.11,31.25,696.0,628.04,260.0,319.8,2.14,223.0,88259.0,False,3,12,89
2005-03-30 13:00:00,17.57,28.45,267.0,19.68,256.0,315.6,2.28,244.0,88172.0,False,3,13,89
2005-03-30 14:00:00,17.6,27.45,288.0,182.84,217.0,298.4,2.69,265.0,88154.0,False,3,14,89
2005-03-30 15:00:00,16.8,28.9,99.0,20.62,95.0,294.0,3.1,279.0,88180.0,False,3,15,89
2005-03-30 16:00:00,15.05,36.25,0.0,-0.0,0.0,301.6,2.48,302.0,88224.0,False,3,16,89
2005-03-30 17:00:00,12.5,48.95,0.0,-0.0,0.0,278.6,2.07,311.0,88294.0,False,3,17,89
2005-03-30 18:00:00,10.23,62.45,0.0,-0.0,0.0,277.2,1.66,311.0,88373.0,False,3,18,89
2005-03-30 19:00:00,11.18,52.15,0.0,-0.0,0.0,277.2,1.17,286.0,88390.0,False,3,19,89
2005-03-30 20:00:00,10.38,54.9,0.0,-0.0,0.0,269.0,1.1,272.0,88390.0,False,3,20,89
2005-03-30 21:00:00,9.43,59.25,0.0,-0.0,0.0,277.0,1.24,270.0,88364.0,False,3,21,89
2005-03-30 22:00:00,8.84,61.95,0.0,-0.0,0.0,278.8,1.17,262.0,88355.0,False,3,22,89
2005-03-30 23:00:00,7.87,67.4,0.0,-0.0,0.0,286.0,1.31,253.0,88355.0,False,3,23,89
2005-03-31 00:00:00,7.59,69.75,0.0,-0.0,0.0,293.8,1.31,259.0,88294.0,False,3,0,90
2005-03-31 01:00:00,6.98,73.8,0.0,-0.0,0.0,294.6,1.38,266.0,88294.0,False,3,1,90
2005-03-31 02:00:00,6.52,75.7,0.0,-0.0,0.0,277.4,1.38,258.0,88259.0,False,3,2,90
2005-03-31 03:00:00,5.86,78.1,0.0,-0.0,0.0,264.6,1.52,250.0,88250.0,False,3,3,90
2005-03-31 04:00:00,5.69,78.5,0.0,0.0,0.0,266.8,1.52,252.0,88233.0,False,3,4,90
2005-03-31 05:00:00,8.5,69.55,204.0,489.53,58.0,278.8,0.76,250.0,88241.0,False,3,5,90
2005-03-31 06:00:00,11.29,63.75,61.0,0.0,61.0,280.0,0.48,185.0,88224.0,False,3,6,90
2005-03-31 07:00:00,13.68,50.85,171.0,0.0,171.0,296.4,0.48,159.0,88224.0,False,3,7,90
2005-03-31 08:00:00,15.06,45.9,381.0,48.01,345.0,323.4,0.69,168.0,88198.0,False,3,8,90
2005-03-31 09:00:00,15.93,43.0,388.0,26.98,366.0,316.8,1.1,171.0,88137.0,False,3,9,90
2005-03-31 10:00:00,16.69,37.9,537.0,123.08,435.0,324.8,2.07,184.0,88067.0,False,3,10,90
2005-03-31 11:00:00,16.92,35.35,157.0,0.0,157.0,334.0,2.76,188.0,87944.0,False,3,11,90
2005-03-31 12:00:00,17.4,32.45,118.0,0.0,118.0,331.2,2.21,169.0,87857.0,False,3,12,90
2005-03-31 13:00:00,17.1,31.55,61.0,0.0,61.0,337.4,2.97,172.0,87769.0,False,3,13,90
2005-03-31 14:00:00,15.6,36.4,51.0,0.0,51.0,338.2,2.21,169.0,87769.0,False,3,14,90
2005-03-31 15:00:00,14.65,43.05,104.0,30.45,98.0,329.6,1.93,115.0,87787.0,False,3,15,90
2005-03-31 16:00:00,10.47,74.35,0.0,-0.0,0.0,300.46,1.12,104.0,87778.0,False,3,16,90
2005-03-31 17:00:00,9.98,76.22,0.0,-0.0,0.0,300.76,1.24,306.0,87804.0,False,3,17,90
2005-03-31 18:00:00,9.49,78.09,0.0,-0.0,0.0,301.07,1.36,317.0,87857.0,False,3,18,90
2005-03-31 19:00:00,9.0,79.96,0.0,-0.0,0.0,301.37,1.48,317.0,87857.0,False,3,19,90
2005-03-31 20:00:00,8.51,81.83,0.0,-0.0,0.0,301.67,1.61,325.0,87839.0,False,3,20,90
2005-03-31 21:00:00,8.02,83.7,0.0,-0.0,0.0,301.98,1.73,324.0,87804.0,False,3,21,90
2005-03-31 22:00:00,7.53,85.57,0.0,-0.0,0.0,302.28,1.85,322.0,87717.0,False,3,22,90
2005-03-31 23:00:00,7.04,87.45,0.0,-0.0,0.0,302.59,1.97,330.0,87734.0,False,3,23,90
2005-04-01 00:00:00,6.55,89.32,0.0,-0.0,0.0,302.89,2.1,320.0,87769.0,False,4,0,91
2005-04-01 01:00:00,6.06,91.19,0.0,-0.0,0.0,303.19,2.22,298.0,87796.0,False,4,1,91
2005-04-01 02:00:00,5.57,93.06,0.0,-0.0,0.0,303.5,2.34,303.0,87796.0,False,4,2,91
2005-04-01 03:00:00,5.08,94.93,0.0,-0.0,0.0,303.8,2.46,322.0,87831.0,False,4,3,91
2005-04-01 04:00:00,4.59,96.8,0.0,0.0,0.0,304.1,2.59,336.0,87935.0,False,4,4,91
2005-04-01 05:00:00,4.1,98.67,135.0,102.21,104.0,304.41,2.71,341.0,88075.0,False,4,5,91
2005-04-01 06:00:00,3.61,100.0,89.0,0.0,89.0,304.71,2.83,346.0,88198.0,False,4,6,91
2005-04-01 07:00:00,3.12,100.0,151.0,0.0,151.0,305.02,2.95,349.0,88285.0,False,4,7,91
2005-04-01 08:00:00,5.4,74.4,149.0,0.0,149.0,317.4,4.55,349.0,88285.0,False,4,8,91
2005-04-01 09:00:00,7.07,64.95,202.0,0.0,202.0,318.0,4.34,352.0,88233.0,False,4,9,91
2005-04-01 10:00:00,8.42,59.9,211.0,0.0,211.0,307.0,4.21,357.0,88276.0,False,4,10,91
2005-04-01 11:00:00,8.73,58.3,274.0,1.26,273.0,310.4,4.07,7.0,88250.0,False,4,11,91
2005-04-01 12:00:00,8.9,57.1,117.0,0.0,117.0,326.8,4.48,15.0,88215.0,False,4,12,91
2005-04-01 13:00:00,8.47,57.05,110.0,0.0,110.0,316.8,4.97,16.0,88189.0,False,4,13,91
2005-04-01 14:00:00,7.76,57.8,81.0,0.0,81.0,310.8,5.31,20.0,88215.0,False,4,14,91
2005-04-01 15:00:00,6.59,59.4,60.0,0.0,60.0,306.0,5.59,26.0,88250.0,False,4,15,91
2005-04-01 16:00:00,5.08,62.5,0.0,-0.0,0.0,308.0,5.38,27.0,88346.0,False,4,16,91
2005-04-01 17:00:00,3.76,66.1,0.0,-0.0,0.0,305.8,5.38,23.0,88451.0,False,4,17,91
2005-04-01 18:00:00,2.63,70.3,0.0,-0.0,0.0,295.0,5.31,18.0,88539.0,False,4,18,91
2005-04-01 19:00:00,1.71,76.2,0.0,-0.0,0.0,296.8,5.1,15.0,88609.0,False,4,19,91
2005-04-01 20:00:00,0.96,79.0,0.0,-0.0,0.0,294.2,4.97,10.0,88644.0,False,4,20,91
2005-04-01 21:00:00,0.34,80.15,0.0,-0.0,0.0,297.6,5.03,4.0,88661.0,False,4,21,91
2005-04-01 22:00:00,-0.22,80.5,0.0,-0.0,0.0,302.4,5.1,358.0,88679.0,False,4,22,91
2005-04-01 23:00:00,-0.8,80.7,0.0,-0.0,0.0,301.0,4.97,354.0,88696.0,False,4,23,91
2005-04-02 00:00:00,-1.35,80.65,0.0,-0.0,0.0,300.4,4.83,354.0,88722.0,False,4,0,92
2005-04-02 01:00:00,-1.92,80.25,0.0,-0.0,0.0,297.4,4.83,354.0,88722.0,False,4,1,92
2005-04-02 02:00:00,-2.34,80.05,0.0,-0.0,0.0,295.4,4.62,354.0,88766.0,False,4,2,92
2005-04-02 03:00:00,-2.67,79.9,0.0,-0.0,0.0,293.4,4.48,353.0,88792.0,False,4,3,92
2005-04-02 04:00:00,-2.89,79.2,0.0,0.0,0.0,291.2,4.34,352.0,88845.0,False,4,4,92
2005-04-02 05:00:00,-2.85,77.45,30.0,0.0,30.0,287.4,4.28,354.0,88889.0,False,4,5,92
2005-04-02 06:00:00,-2.58,75.5,45.0,0.0,45.0,289.4,4.14,356.0,88906.0,False,4,6,92
2005-04-02 07:00:00,-1.57,70.55,204.0,1.55,203.0,289.4,4.48,360.0,88932.0,False,4,7,92
2005-04-02 08:00:00,-0.64,65.9,473.0,131.87,373.0,292.4,4.41,6.0,88950.0,False,4,8,92
2005-04-02 09:00:00,0.12,62.7,650.0,307.26,397.0,293.2,4.14,6.0,88932.0,False,4,9,92
2005-04-02 10:00:00,0.85,60.15,693.0,344.5,405.0,297.6,4.0,7.0,88950.0,False,4,10,92
2005-04-02 11:00:00,1.42,58.25,341.0,10.06,333.0,292.2,4.21,6.0,88915.0,False,4,11,92
2005-04-02 12:00:00,1.63,57.8,450.0,105.14,376.0,294.2,4.34,6.0,88906.0,False,4,12,92
2005-04-02 13:00:00,1.81,57.7,252.0,12.32,245.0,295.0,4.48,8.0,88906.0,False,4,13,92
2005-04-02 14:00:00,1.79,57.75,109.0,0.0,109.0,291.6,4.69,9.0,88889.0,False,4,14,92
2005-04-02 15:00:00,1.31,59.9,20.0,0.0,20.0,289.8,4.62,11.0,88915.0,False,4,15,92
2005-04-02 16:00:00,0.72,64.2,0.0,-0.0,0.0,284.2,4.21,14.0,88958.0,False,4,16,92
2005-04-02 17:00:00,0.22,69.8,0.0,-0.0,0.0,287.8,3.66,17.0,89046.0,False,4,17,92
2005-04-02 18:00:00,-0.07,73.25,0.0,-0.0,0.0,286.4,3.52,19.0,89081.0,False,4,18,92
2005-04-02 19:00:00,-1.19,73.3,0.0,-0.0,0.0,276.4,3.03,19.0,89125.0,False,4,19,92
2005-04-02 20:00:00,-1.72,76.6,0.0,-0.0,0.0,259.0,2.48,6.0,89107.0,False,4,20,92
2005-04-02 21:00:00,-2.19,78.5,0.0,-0.0,0.0,258.0,2.62,356.0,89116.0,False,4,21,92
2005-04-02 22:00:00,-3.0,81.6,0.0,-0.0,0.0,242.8,2.62,352.0,89098.0,False,4,22,92
2005-04-02 23:00:00,-3.13,83.15,0.0,-0.0,0.0,258.6,2.83,352.0,89090.0,False,4,23,92
2005-04-03 00:00:00,-3.17,85.05,0.0,-0.0,0.0,259.2,3.1,351.0,89063.0,False,4,0,93
2005-04-03 01:00:00,-2.73,86.65,0.0,-0.0,0.0,267.0,3.24,350.0,89090.0,False,4,1,93
2005-04-03 02:00:00,-2.09,84.7,0.0,-0.0,0.0,283.8,4.21,357.0,89090.0,False,4,2,93
2005-04-03 03:00:00,-2.03,86.2,0.0,-0.0,0.0,290.2,4.34,357.0,89125.0,False,4,3,93
2005-04-03 04:00:00,-1.94,86.65,5.0,0.0,5.0,291.4,3.93,352.0,89160.0,False,4,4,93
2005-04-03 05:00:00,-1.79,85.4,21.0,0.0,21.0,286.6,4.21,352.0,89203.0,False,4,5,93
2005-04-03 06:00:00,-1.36,80.6,244.0,74.53,207.0,290.0,5.45,0.0,89238.0,False,4,6,93
2005-04-03 07:00:00,-0.15,73.4,325.0,56.95,288.0,297.0,5.86,7.0,89247.0,False,4,7,93
2005-04-03 08:00:00,1.06,66.45,328.0,18.36,314.0,295.6,5.79,14.0,89247.0,False,4,8,93
2005-04-03 09:00:00,2.06,60.95,408.0,33.85,380.0,295.4,5.66,16.0,89230.0,False,4,9,93
2005-04-03 10:00:00,2.6,58.1,168.0,0.0,168.0,293.4,5.52,14.0,89317.0,False,4,10,93
2005-04-03 11:00:00,3.15,55.35,406.0,33.81,379.0,293.0,5.59,10.0,89265.0,False,4,11,93
2005-04-03 12:00:00,3.57,52.65,476.0,134.38,381.0,280.8,5.59,6.0,89247.0,False,4,12,93
2005-04-03 13:00:00,3.62,51.8,358.0,92.8,305.0,287.0,5.72,358.0,89230.0,False,4,13,93
2005-04-03 14:00:00,4.11,47.85,192.0,19.99,184.0,273.2,5.45,350.0,89256.0,False,4,14,93
2005-04-03 15:00:00,3.51,49.1,109.0,33.98,102.0,272.6,4.97,345.0,89317.0,False,4,15,93
2005-04-03 16:00:00,2.73,51.5,19.0,0.0,19.0,266.0,4.41,343.0,89378.0,False,4,16,93
2005-04-03 17:00:00,1.22,56.1,0.0,-0.0,0.0,232.8,3.93,340.0,89439.0,False,4,17,93
2005-04-03 18:00:00,0.21,58.6,0.0,-0.0,0.0,230.2,3.93,336.0,89544.0,False,4,18,93
2005-04-03 19:00:00,-0.68,60.8,0.0,-0.0,0.0,238.6,3.45,332.0,89606.0,False,4,19,93
2005-04-03 20:00:00,-1.4,62.05,0.0,-0.0,0.0,236.2,3.79,330.0,89658.0,False,4,20,93
2005-04-03 21:00:00,-1.93,64.1,0.0,-0.0,0.0,238.6,4.07,330.0,89737.0,False,4,21,93
2005-04-03 22:00:00,-2.56,67.55,0.0,-0.0,0.0,234.2,4.0,331.0,89815.0,False,4,22,93
2005-04-03 23:00:00,-3.16,70.65,0.0,-0.0,0.0,232.6,3.72,332.0,89815.0,False,4,23,93
2005-04-04 00:00:00,-4.05,73.95,0.0,-0.0,0.0,222.4,3.38,332.0,89842.0,False,4,0,94
2005-04-04 01:00:00,-4.86,76.5,0.0,-0.0,0.0,221.4,3.24,334.0,89850.0,False,4,1,94
2005-04-04 02:00:00,-5.63,78.65,0.0,-0.0,0.0,218.4,3.1,336.0,89894.0,False,4,2,94
2005-04-04 03:00:00,-6.1,80.35,0.0,-0.0,0.0,214.8,3.03,334.0,89938.0,False,4,3,94
2005-04-04 04:00:00,-6.06,80.4,23.0,84.92,13.0,224.4,2.9,333.0,90043.0,False,4,4,94
2005-04-04 05:00:00,-4.9,74.95,205.0,374.0,86.0,233.6,3.59,337.0,90078.0,False,4,5,94
2005-04-04 06:00:00,-2.67,67.3,413.0,556.77,134.0,226.6,3.72,345.0,90104.0,False,4,6,94
2005-04-04 07:00:00,-0.02,59.25,609.0,692.62,156.0,232.8,3.79,357.0,90095.0,False,4,7,94
2005-04-04 08:00:00,1.84,53.85,749.0,723.99,194.0,246.0,3.66,13.0,90043.0,False,4,8,94
2005-04-04 09:00:00,3.4,46.9,842.0,754.46,215.0,268.8,3.45,20.0,89981.0,False,4,9,94
2005-04-04 10:00:00,4.62,43.8,835.0,657.13,281.0,281.8,3.38,26.0,89947.0,False,4,10,94
2005-04-04 11:00:00,5.5,41.15,514.0,111.0,425.0,278.6,3.52,30.0,89920.0,False,4,11,94
2005-04-04 12:00:00,5.73,41.35,582.0,301.39,368.0,291.0,3.59,32.0,89859.0,False,4,12,94
2005-04-04 13:00:00,5.81,41.8,101.0,0.0,101.0,283.0,3.52,33.0,89833.0,False,4,13,94
2005-04-04 14:00:00,5.6,42.15,177.0,12.4,172.0,297.0,3.45,32.0,89850.0,False,4,14,94
2005-04-04 15:00:00,5.05,44.8,55.0,0.0,55.0,300.4,3.52,34.0,89912.0,False,4,15,94
2005-04-04 16:00:00,4.44,47.85,18.0,0.0,18.0,292.0,3.1,38.0,89955.0,False,4,16,94
2005-04-04 17:00:00,3.8,51.95,0.0,-0.0,0.0,284.2,2.48,37.0,90016.0,False,4,17,94
2005-04-04 18:00:00,2.92,57.7,0.0,-0.0,0.0,263.4,1.93,28.0,90069.0,False,4,18,94
2005-04-04 19:00:00,1.41,66.5,0.0,-0.0,0.0,255.8,1.24,9.0,90113.0,False,4,19,94
2005-04-04 20:00:00,0.53,68.35,0.0,-0.0,0.0,237.6,1.24,336.0,90113.0,False,4,20,94
2005-04-04 21:00:00,-0.1,68.65,0.0,-0.0,0.0,230.0,1.31,317.0,90121.0,False,4,21,94
2005-04-04 22:00:00,-0.65,69.4,0.0,-0.0,0.0,223.6,1.38,311.0,90130.0,False,4,22,94
2005-04-04 23:00:00,-1.12,70.15,0.0,-0.0,0.0,216.8,1.45,317.0,90148.0,False,4,23,94
2005-04-05 00:00:00,-1.81,73.15,0.0,-0.0,0.0,215.4,1.59,330.0,90113.0,False,4,0,95
2005-04-05 01:00:00,-2.48,76.6,0.0,-0.0,0.0,214.0,1.72,340.0,90113.0,False,4,1,95
2005-04-05 02:00:00,-2.96,79.45,0.0,-0.0,0.0,213.8,1.72,341.0,90095.0,False,4,2,95
2005-04-05 03:00:00,-3.24,81.7,0.0,-0.0,0.0,213.8,1.66,341.0,90113.0,False,4,3,95
2005-04-05 04:00:00,-3.26,83.75,8.0,0.0,8.0,213.2,1.52,339.0,90130.0,False,4,4,95
2005-04-05 05:00:00,-0.71,81.8,117.0,37.14,105.0,215.4,1.17,357.0,90165.0,False,4,5,95
2005-04-05 06:00:00,1.7,68.5,327.0,233.32,209.0,220.8,1.86,37.0,90139.0,False,4,6,95
2005-04-05 07:00:00,3.66,55.45,327.0,54.68,291.0,240.4,2.76,63.0,90113.0,False,4,7,95
2005-04-05 08:00:00,4.76,51.8,304.0,9.08,297.0,259.8,2.55,67.0,90069.0,False,4,8,95
2005-04-05 09:00:00,5.93,47.6,393.0,26.35,371.0,259.6,2.48,64.0,89990.0,False,4,9,95
2005-04-05 10:00:00,7.25,43.0,323.0,3.54,320.0,253.6,2.41,60.0,89990.0,False,4,10,95
2005-04-05 11:00:00,8.28,39.95,442.0,52.17,400.0,274.2,2.48,54.0,89903.0,False,4,11,95
2005-04-05 12:00:00,8.83,37.4,518.0,185.11,386.0,285.6,2.34,47.0,89833.0,False,4,12,95
2005-04-05 13:00:00,9.15,35.9,429.0,197.57,315.0,283.2,2.34,41.0,89745.0,False,4,13,95
2005-04-05 14:00:00,9.19,35.45,342.0,310.29,216.0,280.6,2.69,31.0,89745.0,False,4,14,95
2005-04-05 15:00:00,8.55,36.45,182.0,287.86,121.0,275.0,3.45,23.0,89754.0,False,4,15,95
2005-04-05 16:00:00,7.43,40.55,22.0,0.0,22.0,271.0,3.52,16.0,89789.0,False,4,16,95
2005-04-05 17:00:00,5.74,47.1,0.0,-0.0,0.0,253.6,3.03,7.0,89824.0,False,4,17,95
2005-04-05 18:00:00,4.31,55.2,0.0,-0.0,0.0,244.8,2.34,348.0,89850.0,False,4,18,95
2005-04-05 19:00:00,2.13,66.6,0.0,-0.0,0.0,237.8,1.79,319.0,89850.0,False,4,19,95
2005-04-05 20:00:00,1.03,71.4,0.0,-0.0,0.0,236.0,1.86,304.0,89833.0,False,4,20,95
2005-04-05 21:00:00,0.35,73.8,0.0,-0.0,0.0,240.4,1.93,300.0,89833.0,False,4,21,95
2005-04-05 22:00:00,-0.44,76.15,0.0,-0.0,0.0,229.6,2.0,299.0,89833.0,False,4,22,95
2005-04-05 23:00:00,-0.78,77.0,0.0,-0.0,0.0,237.0,2.0,302.0,89807.0,False,4,23,95
2005-04-06 00:00:00,-1.11,77.3,0.0,-0.0,0.0,234.0,2.07,307.0,89824.0,False,4,0,96
2005-04-06 01:00:00,-1.52,77.75,0.0,-0.0,0.0,227.0,2.07,310.0,89789.0,False,4,1,96
2005-04-06 02:00:00,-1.84,78.1,0.0,-0.0,0.0,225.4,2.07,310.0,89789.0,False,4,2,96
2005-04-06 03:00:00,-2.2,78.8,0.0,-0.0,0.0,222.8,2.07,310.0,89798.0,False,4,3,96
2005-04-06 04:00:00,-2.2,79.15,28.0,70.38,19.0,222.4,2.0,309.0,89833.0,False,4,4,96
2005-04-06 05:00:00,0.89,75.65,226.0,454.39,77.0,224.2,1.45,320.0,89912.0,False,4,5,96
2005-04-06 06:00:00,4.77,55.3,363.0,331.16,194.0,228.0,2.0,351.0,89885.0,False,4,6,96
2005-04-06 07:00:00,6.73,48.25,629.0,737.9,140.0,234.2,2.9,12.0,89868.0,False,4,7,96
2005-04-06 08:00:00,8.29,43.45,780.0,800.4,160.0,238.6,3.24,19.0,89824.0,False,4,8,96
2005-04-06 09:00:00,9.59,41.0,870.0,816.96,185.0,243.0,3.03,26.0,89763.0,False,4,9,96
2005-04-06 10:00:00,10.67,39.1,871.0,741.24,241.0,247.2,2.69,31.0,89702.0,False,4,10,96
2005-04-06 11:00:00,11.49,37.3,837.0,734.99,243.0,251.4,2.34,35.0,89614.0,False,4,11,96
2005-04-06 12:00:00,12.04,35.8,767.0,797.4,196.0,253.4,2.07,32.0,89536.0,False,4,12,96
2005-04-06 13:00:00,12.29,34.65,608.0,715.63,193.0,254.0,1.86,29.0,89501.0,False,4,13,96
2005-04-06 14:00:00,12.22,34.0,404.0,557.54,176.0,254.2,1.66,28.0,89457.0,False,4,14,96
2005-04-06 15:00:00,11.77,34.3,172.0,223.43,124.0,252.0,1.59,29.0,89457.0,False,4,15,96
2005-04-06 16:00:00,10.71,39.25,24.0,0.0,24.0,248.8,1.93,41.0,89483.0,False,4,16,96
2005-04-06 17:00:00,8.35,51.4,0.0,-0.0,0.0,243.6,2.07,49.0,89509.0,False,4,17,96
2005-04-06 18:00:00,6.08,60.05,0.0,-0.0,0.0,238.8,1.86,50.0,89588.0,False,4,18,96
2005-04-06 19:00:00,7.34,45.05,0.0,-0.0,0.0,235.6,0.83,30.0,89588.0,False,4,19,96
2005-04-06 20:00:00,6.82,46.55,0.0,-0.0,0.0,237.6,0.83,274.0,89588.0,False,4,20,96
2005-04-06 21:00:00,3.4,61.95,0.0,-0.0,0.0,237.0,1.86,252.0,89606.0,False,4,21,96
2005-04-06 22:00:00,3.32,61.1,0.0,-0.0,0.0,242.4,1.66,257.0,89632.0,False,4,22,96
2005-04-06 23:00:00,3.06,61.55,0.0,-0.0,0.0,247.4,1.59,258.0,89571.0,False,4,23,96
2005-04-07 00:00:00,2.67,62.5,0.0,-0.0,0.0,246.2,1.59,258.0,89527.0,False,4,0,97
2005-04-07 01:00:00,2.21,61.8,0.0,-0.0,0.0,229.8,1.59,258.0,89527.0,False,4,1,97
2005-04-07 02:00:00,2.69,57.7,0.0,-0.0,0.0,225.2,1.45,256.0,89509.0,False,4,2,97
2005-04-07 03:00:00,3.55,52.65,0.0,-0.0,0.0,224.4,1.24,246.0,89492.0,False,4,3,97
2005-04-07 04:00:00,3.68,51.1,28.0,52.68,21.0,230.0,1.24,240.0,89527.0,False,4,4,97
2005-04-07 05:00:00,4.87,51.95,226.0,426.8,84.0,230.2,0.76,232.0,89536.0,False,4,5,97
2005-04-07 06:00:00,7.97,46.25,433.0,588.51,130.0,238.2,1.1,180.0,89544.0,False,4,6,97
2005-04-07 07:00:00,9.96,40.45,620.0,686.73,162.0,258.6,1.66,144.0,89483.0,False,4,7,97
2005-04-07 08:00:00,11.38,37.6,663.0,445.7,316.0,281.0,2.14,136.0,89422.0,False,4,8,97
2005-04-07 09:00:00,12.87,34.65,672.0,318.25,404.0,288.8,2.28,146.0,89343.0,False,4,9,97
2005-04-07 10:00:00,13.76,32.25,251.0,0.0,251.0,295.4,2.14,157.0,89299.0,False,4,10,97
2005-04-07 11:00:00,14.42,30.1,698.0,378.41,391.0,310.0,1.52,157.0,89195.0,False,4,11,97
2005-04-07 12:00:00,14.7,28.75,805.0,929.03,137.0,317.6,1.24,159.0,89142.0,False,4,12,97
2005-04-07 13:00:00,15.03,27.6,645.0,864.84,141.0,320.8,1.03,153.0,89090.0,False,4,13,97
2005-04-07 14:00:00,14.96,27.1,448.0,777.11,128.0,320.2,0.97,156.0,89098.0,False,4,14,97
2005-04-07 15:00:00,14.71,28.6,212.0,463.86,111.0,320.6,0.76,116.0,89072.0,False,4,15,97
2005-04-07 16:00:00,12.96,49.5,25.0,0.0,25.0,313.8,1.17,114.0,89063.0,False,4,16,97
2005-04-07 17:00:00,11.69,42.95,0.0,-0.0,0.0,314.4,1.24,101.0,89046.0,False,4,17,97
2005-04-07 18:00:00,11.94,34.15,0.0,-0.0,0.0,315.4,0.9,83.0,89081.0,False,4,18,97
2005-04-07 19:00:00,8.92,55.85,0.0,-0.0,0.0,298.0,1.31,27.0,89098.0,False,4,19,97
2005-04-07 20:00:00,9.06,50.7,0.0,-0.0,0.0,302.2,1.1,353.0,89055.0,False,4,20,97
2005-04-07 21:00:00,9.06,49.35,0.0,-0.0,0.0,292.6,1.03,308.0,89028.0,False,4,21,97
2005-04-07 22:00:00,8.74,49.35,0.0,-0.0,0.0,280.6,1.1,300.0,88967.0,False,4,22,97
2005-04-07 23:00:00,8.19,50.05,0.0,-0.0,0.0,273.4,1.17,298.0,88967.0,False,4,23,97
2005-04-08 00:00:00,7.73,50.6,0.0,-0.0,0.0,276.8,1.31,295.0,88897.0,False,4,0,98
2005-04-08 01:00:00,7.93,49.1,0.0,-0.0,0.0,285.8,1.1,300.0,88862.0,False,4,1,98
2005-04-08 02:00:00,8.26,46.85,0.0,-0.0,0.0,283.2,0.9,295.0,88836.0,False,4,2,98
2005-04-08 03:00:00,8.01,47.3,0.0,-0.0,0.0,283.2,0.9,330.0,88836.0,False,4,3,98
2005-04-08 04:00:00,6.99,52.35,20.0,7.25,19.0,287.0,1.24,313.0,88827.0,False,4,4,98
2005-04-08 05:00:00,7.92,49.85,27.0,0.0,27.0,294.6,0.83,293.0,88889.0,False,4,5,98
2005-04-08 06:00:00,8.33,62.5,123.0,0.0,123.0,300.4,0.48,303.0,88897.0,False,4,6,98
2005-04-08 07:00:00,11.11,43.85,412.0,144.54,315.0,301.0,0.34,34.0,88915.0,False,4,7,98
2005-04-08 08:00:00,12.76,40.55,338.0,17.89,324.0,298.8,0.76,67.0,88889.0,False,4,8,98
2005-04-08 09:00:00,14.52,36.3,515.0,102.88,428.0,306.2,1.1,63.0,88836.0,False,4,9,98
2005-04-08 10:00:00,15.61,34.05,731.0,384.09,402.0,304.4,1.59,71.0,88740.0,False,4,10,98
2005-04-08 11:00:00,16.43,31.8,480.0,74.9,419.0,315.4,2.21,74.0,88687.0,False,4,11,98
2005-04-08 12:00:00,16.9,30.75,101.0,0.0,101.0,313.8,2.41,81.0,88617.0,False,4,12,98
2005-04-08 13:00:00,17.0,30.2,57.0,0.0,57.0,310.6,2.48,69.0,88565.0,False,4,13,98
2005-04-08 14:00:00,16.44,32.35,136.0,0.0,136.0,322.6,2.97,52.0,88539.0,False,4,14,98
2005-04-08 15:00:00,15.56,37.3,21.0,0.0,21.0,323.8,2.69,30.0,88539.0,False,4,15,98
2005-04-08 16:00:00,13.84,44.8,28.0,0.0,28.0,312.8,2.48,358.0,88565.0,False,4,16,98
2005-04-08 17:00:00,12.01,51.45,0.0,-0.0,0.0,305.0,2.62,344.0,88565.0,False,4,17,98
2005-04-08 18:00:00,10.72,55.75,0.0,-0.0,0.0,299.0,2.62,332.0,88617.0,False,4,18,98
2005-04-08 19:00:00,9.97,61.95,0.0,-0.0,0.0,298.0,1.93,311.0,88626.0,False,4,19,98
2005-04-08 20:00:00,9.15,63.65,0.0,-0.0,0.0,298.2,1.93,309.0,88617.0,False,4,20,98
2005-04-08 21:00:00,8.37,63.6,0.0,-0.0,0.0,276.6,2.0,304.0,88617.0,False,4,21,98
2005-04-08 22:00:00,7.89,62.5,0.0,-0.0,0.0,269.8,1.93,302.0,88591.0,False,4,22,98
2005-04-08 23:00:00,7.75,60.55,0.0,-0.0,0.0,269.8,1.79,299.0,88600.0,False,4,23,98
2005-04-09 00:00:00,7.11,61.05,0.0,-0.0,0.0,259.4,1.86,294.0,88600.0,False,4,0,99
2005-04-09 01:00:00,6.84,61.4,0.0,-0.0,0.0,256.4,1.93,295.0,88591.0,False,4,1,99
2005-04-09 02:00:00,6.8,60.2,0.0,-0.0,0.0,263.6,1.86,292.0,88591.0,False,4,2,99
2005-04-09 03:00:00,7.23,56.8,0.0,-0.0,0.0,254.4,1.66,277.0,88626.0,False,4,3,99
2005-04-09 04:00:00,7.05,56.95,20.0,7.0,19.0,257.0,1.72,261.0,88661.0,False,4,4,99
2005-04-09 05:00:00,9.88,51.0,210.0,292.27,110.0,256.0,1.1,250.0,88714.0,False,4,5,99
2005-04-09 06:00:00,13.13,52.05,424.0,511.68,156.0,262.6,0.83,230.0,88766.0,False,4,6,99
2005-04-09 07:00:00,16.45,31.35,623.0,663.48,175.0,275.4,0.21,330.0,88749.0,False,4,7,99
2005-04-09 08:00:00,18.06,26.45,789.0,789.85,168.0,286.6,0.21,91.0,88766.0,False,4,8,99
2005-04-09 09:00:00,19.06,25.65,897.0,867.89,160.0,290.8,0.21,168.0,88749.0,False,4,9,99
2005-04-09 10:00:00,19.84,25.3,922.0,862.98,180.0,292.0,0.07,310.0,88731.0,False,4,10,99
2005-04-09 11:00:00,20.38,24.6,895.0,888.19,169.0,305.6,0.48,340.0,88696.0,False,4,11,99
2005-04-09 12:00:00,20.87,23.55,781.0,814.01,191.0,308.0,1.17,327.0,88679.0,False,4,12,99
2005-04-09 13:00:00,21.01,23.45,582.0,586.36,237.0,317.8,2.14,315.0,88670.0,False,4,13,99
2005-04-09 14:00:00,20.72,23.5,322.0,222.81,229.0,309.2,2.62,316.0,88687.0,False,4,14,99
2005-04-09 15:00:00,20.12,25.6,236.0,612.96,99.0,311.0,2.76,323.0,88644.0,False,4,15,99
2005-04-09 16:00:00,18.31,33.1,27.0,0.0,27.0,297.2,2.41,331.0,88679.0,False,4,16,99
2005-04-09 17:00:00,15.48,44.7,0.0,-0.0,0.0,297.8,2.21,330.0,88696.0,False,4,17,99
2005-04-09 18:00:00,13.13,52.3,0.0,-0.0,0.0,284.4,2.0,327.0,88784.0,False,4,18,99
2005-04-09 19:00:00,12.23,54.1,0.0,-0.0,0.0,281.0,1.93,285.0,88889.0,False,4,19,99
2005-04-09 20:00:00,10.49,60.35,0.0,-0.0,0.0,277.2,2.07,278.0,88906.0,False,4,20,99
2005-04-09 21:00:00,8.92,66.8,0.0,-0.0,0.0,275.4,2.21,271.0,88941.0,False,4,21,99
2005-04-09 22:00:00,7.74,71.75,0.0,-0.0,0.0,272.8,2.28,266.0,88958.0,False,4,22,99
2005-04-09 23:00:00,6.89,75.4,0.0,-0.0,0.0,271.4,2.34,265.0,88915.0,False,4,23,99
2005-04-10 00:00:00,6.23,78.55,0.0,-0.0,0.0,271.0,2.34,264.0,88950.0,False,4,0,100
2005-04-10 01:00:00,5.65,80.95,0.0,-0.0,0.0,266.8,2.41,265.0,88950.0,False,4,1,100
2005-04-10 02:00:00,5.25,82.0,0.0,-0.0,0.0,265.8,2.34,267.0,88941.0,False,4,2,100
2005-04-10 03:00:00,5.18,81.0,0.0,-0.0,0.0,264.4,2.28,269.0,88976.0,False,4,3,100
2005-04-10 04:00:00,5.81,77.65,28.0,20.32,25.0,264.0,2.07,271.0,89028.0,False,4,4,100
2005-04-10 05:00:00,11.2,58.5,231.0,383.51,98.0,266.8,0.97,270.0,89063.0,False,4,5,100
2005-04-10 06:00:00,15.05,57.85,435.0,541.53,149.0,274.6,0.28,323.0,89098.0,False,4,6,100
2005-04-10 07:00:00,18.09,34.7,638.0,705.14,159.0,284.6,1.17,15.0,89125.0,False,4,7,100
2005-04-10 08:00:00,19.68,30.55,802.0,821.54,153.0,292.2,1.79,24.0,89107.0,False,4,8,100
2005-04-10 09:00:00,20.74,27.55,905.0,885.49,150.0,297.4,1.59,27.0,89098.0,False,4,9,100
2005-04-10 10:00:00,21.5,25.7,940.0,914.25,151.0,301.0,1.45,19.0,89020.0,False,4,10,100
2005-04-10 11:00:00,22.16,24.4,908.0,922.76,151.0,302.8,1.59,15.0,88976.0,False,4,11,100
2005-04-10 12:00:00,22.62,23.45,819.0,948.28,129.0,303.6,1.86,11.0,88941.0,False,4,12,100
2005-04-10 13:00:00,22.78,23.15,647.0,833.99,154.0,303.8,2.34,10.0,88889.0,False,4,13,100
2005-04-10 14:00:00,22.59,23.45,452.0,749.71,137.0,302.2,2.69,14.0,88880.0,False,4,14,100
2005-04-10 15:00:00,21.92,24.95,209.0,393.17,120.0,299.6,2.83,22.0,88871.0,False,4,15,100
2005-04-10 16:00:00,19.98,31.85,29.0,0.0,29.0,295.8,2.48,37.0,88897.0,False,4,16,100
2005-04-10 17:00:00,16.87,44.4,0.0,-0.0,0.0,291.2,2.28,47.0,88941.0,False,4,17,100
2005-04-10 18:00:00,15.95,41.9,0.0,-0.0,0.0,288.2,1.38,43.0,89020.0,False,4,18,100
2005-04-10 19:00:00,17.09,34.9,0.0,-0.0,0.0,286.8,0.83,13.0,89081.0,False,4,19,100
2005-04-10 20:00:00,16.51,35.65,0.0,-0.0,0.0,284.4,1.03,311.0,89090.0,False,4,20,100
2005-04-10 21:00:00,14.69,40.1,0.0,-0.0,0.0,283.0,1.45,289.0,89098.0,False,4,21,100
2005-04-10 22:00:00,13.66,42.25,0.0,-0.0,0.0,281.6,1.66,279.0,89133.0,False,4,22,100
2005-04-10 23:00:00,12.8,44.3,0.0,-0.0,0.0,279.6,1.72,273.0,89081.0,False,4,23,100
2005-04-11 00:00:00,13.56,40.45,0.0,-0.0,0.0,277.4,1.45,270.0,89107.0,False,4,0,101
2005-04-11 01:00:00,14.34,37.2,0.0,-0.0,0.0,275.4,1.1,274.0,89072.0,False,4,1,101
2005-04-11 02:00:00,14.29,36.7,0.0,-0.0,0.0,273.6,0.97,279.0,89072.0,False,4,2,101
2005-04-11 03:00:00,14.01,36.9,0.0,-0.0,0.0,272.0,1.03,281.0,89107.0,False,4,3,101
2005-04-11 04:00:00,13.76,37.4,28.0,19.68,25.0,271.0,1.03,279.0,89133.0,False,4,4,101
2005-04-11 05:00:00,14.63,37.8,230.0,358.58,104.0,274.0,0.62,267.0,89160.0,False,4,5,101
2005-04-11 06:00:00,16.78,52.1,450.0,589.73,136.0,279.8,0.28,168.0,89168.0,False,4,6,101
2005-04-11 07:00:00,19.74,29.9,643.0,706.87,160.0,286.6,0.97,109.0,89186.0,False,4,7,101
2005-04-11 08:00:00,21.34,26.95,802.0,807.65,161.0,293.0,2.0,108.0,89133.0,False,4,8,101
2005-04-11 09:00:00,22.61,23.85,909.0,886.66,150.0,298.8,2.41,111.0,89116.0,False,4,9,101
2005-04-11 10:00:00,23.59,21.5,944.0,914.41,152.0,302.4,2.48,112.0,89020.0,False,4,10,101
2005-04-11 11:00:00,24.36,19.85,901.0,890.33,168.0,305.2,2.55,109.0,88941.0,False,4,11,101
2005-04-11 12:00:00,24.77,18.9,805.0,880.31,162.0,308.2,2.62,104.0,88889.0,False,4,12,101
2005-04-11 13:00:00,24.8,18.6,654.0,850.37,149.0,307.4,2.55,96.0,88819.0,False,4,13,101
2005-04-11 14:00:00,24.55,19.15,444.0,695.19,150.0,307.0,2.62,84.0,88819.0,False,4,14,101
2005-04-11 15:00:00,23.71,22.4,213.0,401.38,121.0,303.6,2.69,68.0,88784.0,False,4,15,101
2005-04-11 16:00:00,21.42,30.85,31.0,0.0,31.0,299.4,2.55,51.0,88819.0,False,4,16,101
2005-04-11 17:00:00,18.18,44.9,0.0,-0.0,0.0,295.2,2.34,40.0,88836.0,False,4,17,101
2005-04-11 18:00:00,16.28,52.4,0.0,-0.0,0.0,304.2,1.79,32.0,88932.0,False,4,18,101
2005-04-11 19:00:00,17.61,40.75,0.0,-0.0,0.0,299.8,1.31,11.0,88941.0,False,4,19,101
2005-04-11 20:00:00,17.62,40.65,0.0,-0.0,0.0,298.6,1.17,348.0,88958.0,False,4,20,101
2005-04-11 21:00:00,17.61,40.0,0.0,-0.0,0.0,294.8,1.1,338.0,88967.0,False,4,21,101
2005-04-11 22:00:00,17.29,40.2,0.0,-0.0,0.0,300.6,0.97,327.0,88967.0,False,4,22,101
2005-04-11 23:00:00,16.99,40.4,0.0,-0.0,0.0,297.4,0.9,310.0,88932.0,False,4,23,101
2005-04-12 00:00:00,16.55,41.0,0.0,-0.0,0.0,292.4,0.97,288.0,88889.0,False,4,0,102
2005-04-12 01:00:00,16.03,41.95,0.0,-0.0,0.0,292.4,0.83,272.0,88880.0,False,4,1,102
2005-04-12 02:00:00,15.61,42.75,0.0,-0.0,0.0,292.6,0.69,254.0,88827.0,False,4,2,102
2005-04-12 03:00:00,15.25,43.35,0.0,-0.0,0.0,291.4,0.69,227.0,88845.0,False,4,3,102
2005-04-12 04:00:00,14.89,44.0,13.0,0.0,13.0,288.6,0.83,207.0,88845.0,False,4,4,102
2005-04-12 05:00:00,15.31,44.2,103.0,8.43,100.0,300.4,1.1,203.0,88862.0,False,4,5,102
2005-04-12 06:00:00,16.76,52.25,75.0,0.0,75.0,312.4,1.24,184.0,88862.0,False,4,6,102
2005-04-12 07:00:00,20.05,33.65,435.0,161.52,324.0,319.4,1.86,161.0,88871.0,False,4,7,102
2005-04-12 08:00:00,22.07,28.45,630.0,336.14,362.0,324.2,2.9,161.0,88827.0,False,4,8,102
2005-04-12 09:00:00,23.65,24.5,596.0,181.53,440.0,336.8,3.86,163.0,88766.0,False,4,9,102
2005-04-12 10:00:00,24.75,21.6,593.0,156.47,457.0,340.4,4.21,161.0,88731.0,False,4,10,102
2005-04-12 11:00:00,25.47,19.1,601.0,194.88,440.0,344.0,4.41,162.0,88635.0,False,4,11,102
2005-04-12 12:00:00,25.94,17.25,537.0,193.68,395.0,346.4,4.55,164.0,88565.0,False,4,12,102
2005-04-12 13:00:00,26.03,16.35,555.0,472.72,273.0,347.2,4.62,167.0,88469.0,False,4,13,102
2005-04-12 14:00:00,25.68,17.05,211.0,25.84,200.0,339.0,4.34,169.0,88451.0,False,4,14,102
2005-04-12 15:00:00,24.76,20.1,127.0,43.1,117.0,337.4,3.66,172.0,88425.0,False,4,15,102
2005-04-12 16:00:00,22.67,25.45,29.0,0.0,29.0,325.4,2.9,175.0,88425.0,False,4,16,102
2005-04-12 17:00:00,19.63,32.65,0.0,-0.0,0.0,311.8,2.76,186.0,88460.0,False,4,17,102
2005-04-12 18:00:00,17.24,38.15,0.0,-0.0,0.0,306.2,2.76,198.0,88504.0,False,4,18,102
2005-04-12 19:00:00,15.69,41.4,0.0,-0.0,0.0,305.2,2.69,199.0,88539.0,False,4,19,102
2005-04-12 20:00:00,14.38,44.6,0.0,-0.0,0.0,304.8,2.69,197.0,88521.0,False,4,20,102
2005-04-12 21:00:00,13.53,45.95,0.0,-0.0,0.0,305.4,2.69,195.0,88530.0,False,4,21,102
2005-04-12 22:00:00,13.02,46.5,0.0,-0.0,0.0,309.6,2.76,195.0,88521.0,False,4,22,102
2005-04-12 23:00:00,12.68,47.45,0.0,-0.0,0.0,311.6,2.76,196.0,88495.0,False,4,23,102
2005-04-13 00:00:00,12.34,49.05,0.0,-0.0,0.0,313.0,2.69,193.0,88451.0,False,4,0,103
2005-04-13 01:00:00,11.83,50.75,0.0,-0.0,0.0,306.4,2.69,189.0,88416.0,False,4,1,103
2005-04-13 02:00:00,11.34,52.15,0.0,-0.0,0.0,303.8,2.76,187.0,88381.0,False,4,2,103
2005-04-13 03:00:00,10.83,54.35,0.0,-0.0,0.0,300.0,2.76,186.0,88381.0,False,4,3,103
2005-04-13 04:00:00,10.82,57.45,9.0,0.0,9.0,302.4,2.69,186.0,88373.0,False,4,4,103
2005-04-13 05:00:00,12.94,56.2,31.0,0.0,31.0,302.8,2.41,180.0,88373.0,False,4,5,103
2005-04-13 06:00:00,17.34,36.8,91.0,0.0,91.0,306.8,3.17,172.0,88364.0,False,4,6,103
2005-04-13 07:00:00,20.21,29.4,317.0,34.73,293.0,314.0,4.55,166.0,88311.0,False,4,7,103
2005-04-13 08:00:00,22.34,24.9,724.0,548.17,285.0,323.8,6.0,163.0,88233.0,False,4,8,103
2005-04-13 09:00:00,23.93,21.75,877.0,762.79,219.0,323.8,6.9,165.0,88154.0,False,4,9,103
2005-04-13 10:00:00,25.23,19.4,981.0,1021.53,90.0,321.4,7.45,171.0,88049.0,False,4,10,103
2005-04-13 11:00:00,26.13,17.95,903.0,874.56,178.0,320.0,8.07,178.0,88023.0,False,4,11,103
2005-04-13 12:00:00,25.22,19.05,625.0,347.89,369.0,338.8,7.52,182.0,87918.0,False,4,12,103
2005-04-13 13:00:00,25.56,15.85,663.0,867.81,143.0,330.8,7.79,186.0,87831.0,False,4,13,103
2005-04-13 14:00:00,25.03,15.6,466.0,782.12,131.0,316.6,7.66,190.0,87761.0,False,4,14,103
2005-04-13 15:00:00,23.68,19.05,213.0,366.18,127.0,303.6,6.48,194.0,87761.0,False,4,15,103
2005-04-13 16:00:00,21.51,24.2,34.0,0.0,34.0,299.4,5.1,201.0,87804.0,False,4,16,103
2005-04-13 17:00:00,18.96,30.45,0.0,-0.0,0.0,293.0,4.28,204.0,87883.0,False,4,17,103
2005-04-13 18:00:00,16.92,36.2,0.0,-0.0,0.0,286.4,3.66,203.0,87970.0,False,4,18,103
2005-04-13 19:00:00,15.92,37.45,0.0,-0.0,0.0,281.4,4.0,183.0,88014.0,False,4,19,103
2005-04-13 20:00:00,14.29,42.4,0.0,-0.0,0.0,274.6,3.52,186.0,88040.0,False,4,20,103
2005-04-13 21:00:00,12.59,47.9,0.0,-0.0,0.0,267.2,3.17,196.0,88067.0,False,4,21,103
2005-04-13 22:00:00,11.05,52.75,0.0,-0.0,0.0,261.8,2.97,206.0,88075.0,False,4,22,103
2005-04-13 23:00:00,9.53,57.15,0.0,-0.0,0.0,254.0,2.9,217.0,88084.0,False,4,23,103
2005-04-14 00:00:00,8.18,62.15,0.0,-0.0,0.0,251.0,2.69,227.0,88128.0,False,4,0,104
2005-04-14 01:00:00,6.92,67.25,0.0,-0.0,0.0,250.0,2.41,237.0,88189.0,False,4,1,104
2005-04-14 02:00:00,6.25,69.85,0.0,-0.0,0.0,245.4,2.07,241.0,88233.0,False,4,2,104
2005-04-14 03:00:00,5.9,71.35,0.0,-0.0,0.0,242.8,1.86,238.0,88285.0,False,4,3,104
2005-04-14 04:00:00,6.03,72.0,36.0,24.0,32.0,247.4,1.59,230.0,88364.0,False,4,4,104
2005-04-14 05:00:00,8.03,73.2,249.0,400.2,103.0,251.0,1.45,208.0,88408.0,False,4,5,104
2005-04-14 06:00:00,11.08,47.6,469.0,620.18,131.0,262.4,2.76,206.0,88416.0,False,4,6,104
2005-04-14 07:00:00,12.75,41.3,660.0,725.26,156.0,260.0,3.52,198.0,88346.0,False,4,7,104
2005-04-14 08:00:00,14.56,35.2,805.0,780.76,177.0,268.4,4.9,200.0,88346.0,False,4,8,104
2005-04-14 09:00:00,16.03,29.85,911.0,856.98,169.0,280.0,5.79,200.0,88259.0,False,4,9,104
2005-04-14 10:00:00,17.01,25.9,939.0,866.1,181.0,296.8,6.69,201.0,88207.0,False,4,10,104
2005-04-14 11:00:00,17.41,24.95,895.0,841.59,195.0,288.4,7.45,206.0,88145.0,False,4,11,104
2005-04-14 12:00:00,17.25,26.1,787.0,785.35,207.0,283.6,7.72,210.0,88119.0,False,4,12,104
2005-04-14 13:00:00,16.71,27.25,648.0,789.25,173.0,294.8,7.45,211.0,88145.0,False,4,13,104
2005-04-14 14:00:00,15.56,30.35,420.0,540.61,187.0,289.4,7.38,212.0,88172.0,False,4,14,104
2005-04-14 15:00:00,13.73,37.65,172.0,155.69,135.0,276.0,7.03,215.0,88276.0,False,4,15,104
2005-04-14 16:00:00,11.72,45.9,30.0,0.0,30.0,271.2,5.45,213.0,88338.0,False,4,16,104
2005-04-14 17:00:00,10.23,51.8,0.0,-0.0,0.0,267.4,5.1,210.0,88434.0,False,4,17,104
2005-04-14 18:00:00,9.23,56.3,0.0,-0.0,0.0,268.8,4.69,207.0,88513.0,False,4,18,104
2005-04-14 19:00:00,8.35,63.0,0.0,-0.0,0.0,266.6,3.79,211.0,88565.0,False,4,19,104
2005-04-14 20:00:00,7.58,66.7,0.0,-0.0,0.0,258.0,3.1,213.0,88565.0,False,4,20,104
2005-04-14 21:00:00,6.85,70.75,0.0,-0.0,0.0,255.2,2.55,211.0,88600.0,False,4,21,104
2005-04-14 22:00:00,5.99,75.4,0.0,-0.0,0.0,252.2,2.28,210.0,88556.0,False,4,22,104
2005-04-14 23:00:00,5.07,80.4,0.0,-0.0,0.0,250.6,2.0,207.0,88513.0,False,4,23,104
2005-04-15 00:00:00,4.35,84.0,0.0,-0.0,0.0,252.4,1.93,199.0,88530.0,False,4,0,105
2005-04-15 01:00:00,3.77,86.55,0.0,-0.0,0.0,246.8,1.79,190.0,88495.0,False,4,1,105
2005-04-15 02:00:00,3.15,88.15,0.0,-0.0,0.0,243.8,1.86,184.0,88469.0,False,4,2,105
2005-04-15 03:00:00,2.56,89.95,0.0,-0.0,0.0,241.8,1.93,185.0,88469.0,False,4,3,105
2005-04-15 04:00:00,2.79,89.85,20.0,0.0,20.0,242.0,1.72,191.0,88513.0,False,4,4,105
2005-04-15 05:00:00,6.22,77.0,232.0,297.96,122.0,243.8,1.79,183.0,88521.0,False,4,5,105
2005-04-15 06:00:00,8.91,60.7,428.0,438.93,187.0,250.6,2.14,196.0,88478.0,False,4,6,105
2005-04-15 07:00:00,11.28,46.9,668.0,741.41,150.0,259.0,2.34,231.0,88434.0,False,4,7,105
2005-04-15 08:00:00,12.71,38.95,578.0,229.02,393.0,267.8,2.55,242.0,88381.0,False,4,8,105
2005-04-15 09:00:00,13.8,35.75,156.0,0.0,156.0,272.4,2.62,245.0,88303.0,False,4,9,105
2005-04-15 10:00:00,15.12,32.75,331.0,3.42,328.0,275.6,2.34,248.0,88294.0,False,4,10,105
2005-04-15 11:00:00,16.03,30.9,449.0,46.74,410.0,277.4,2.28,254.0,88276.0,False,4,11,105
2005-04-15 12:00:00,16.51,28.25,560.0,219.93,397.0,296.4,2.55,262.0,88189.0,False,4,12,105
2005-04-15 13:00:00,13.58,44.7,382.0,99.27,322.0,306.4,3.79,266.0,88180.0,False,4,13,105
2005-04-15 14:00:00,12.74,49.95,319.0,186.79,238.0,284.0,3.1,265.0,88241.0,False,4,14,105
2005-04-15 15:00:00,13.7,41.7,152.0,87.34,131.0,283.4,2.07,274.0,88241.0,False,4,15,105
2005-04-15 16:00:00,13.3,42.25,24.0,0.0,24.0,280.4,1.93,280.0,88294.0,False,4,16,105
2005-04-15 17:00:00,12.29,47.15,0.0,-0.0,0.0,295.8,2.14,278.0,88346.0,False,4,17,105
2005-04-15 18:00:00,11.22,54.2,0.0,-0.0,0.0,304.4,2.14,284.0,88425.0,False,4,18,105
2005-04-15 19:00:00,9.68,62.6,0.0,-0.0,0.0,280.8,2.0,269.0,88486.0,False,4,19,105
2005-04-15 20:00:00,8.37,71.85,0.0,-0.0,0.0,271.0,1.72,261.0,88504.0,False,4,20,105
2005-04-15 21:00:00,7.54,75.55,0.0,-0.0,0.0,263.8,1.59,250.0,88530.0,False,4,21,105
2005-04-15 22:00:00,6.52,80.15,0.0,-0.0,0.0,258.6,1.72,248.0,88556.0,False,4,22,105
2005-04-15 23:00:00,5.66,84.05,0.0,-0.0,0.0,257.0,1.79,249.0,88548.0,False,4,23,105
2005-04-16 00:00:00,5.0,86.45,0.0,-0.0,0.0,255.2,1.72,247.0,88548.0,False,4,0,106
2005-04-16 01:00:00,4.47,88.35,0.0,-0.0,0.0,253.4,1.72,242.0,88548.0,False,4,1,106
2005-04-16 02:00:00,3.73,90.75,0.0,-0.0,0.0,252.2,1.86,241.0,88574.0,False,4,2,106
2005-04-16 03:00:00,3.4,91.6,0.0,-0.0,0.0,252.6,1.72,242.0,88635.0,False,4,3,106
2005-04-16 04:00:00,3.77,91.95,35.0,11.38,33.0,262.4,1.52,241.0,88687.0,False,4,4,106
2005-04-16 05:00:00,6.88,85.5,247.0,348.09,117.0,263.6,1.17,236.0,88740.0,False,4,5,106
2005-04-16 06:00:00,10.49,62.0,473.0,602.11,140.0,271.2,1.24,221.0,88740.0,False,4,6,106
2005-04-16 07:00:00,12.24,50.9,672.0,743.23,150.0,274.2,1.45,277.0,88696.0,False,4,7,106
2005-04-16 08:00:00,13.93,40.15,378.0,28.35,355.0,278.8,1.72,287.0,88661.0,False,4,8,106
2005-04-16 09:00:00,15.22,35.05,562.0,131.87,447.0,299.0,1.86,285.0,88626.0,False,4,9,106
2005-04-16 10:00:00,15.81,34.3,833.0,560.76,339.0,315.0,1.93,291.0,88617.0,False,4,10,106
2005-04-16 11:00:00,16.33,33.65,794.0,542.3,340.0,313.2,2.21,297.0,88574.0,False,4,11,106
2005-04-16 12:00:00,16.66,33.7,330.0,12.1,321.0,308.4,2.28,299.0,88574.0,False,4,12,106
2005-04-16 13:00:00,17.04,33.75,490.0,278.42,321.0,293.4,2.34,298.0,88504.0,False,4,13,106
2005-04-16 14:00:00,17.17,33.85,117.0,0.0,117.0,290.4,2.34,294.0,88478.0,False,4,14,106
2005-04-16 15:00:00,16.67,35.0,232.0,452.27,122.0,289.4,2.55,288.0,88469.0,False,4,15,106
2005-04-16 16:00:00,15.74,38.15,38.0,0.0,38.0,289.6,1.93,285.0,88486.0,False,4,16,106
2005-04-16 17:00:00,14.27,48.4,0.0,-0.0,0.0,280.8,0.97,283.0,88530.0,False,4,17,106
2005-04-16 18:00:00,13.92,42.35,0.0,-0.0,0.0,274.6,0.41,223.0,88583.0,False,4,18,106
2005-04-16 19:00:00,11.92,52.75,0.0,-0.0,0.0,271.2,1.24,233.0,88626.0,False,4,19,106
2005-04-16 20:00:00,9.85,60.9,0.0,-0.0,0.0,266.6,1.59,219.0,88609.0,False,4,20,106
2005-04-16 21:00:00,7.91,68.8,0.0,-0.0,0.0,261.6,2.21,221.0,88635.0,False,4,21,106
2005-04-16 22:00:00,6.79,73.65,0.0,-0.0,0.0,259.2,2.48,231.0,88679.0,False,4,22,106
2005-04-16 23:00:00,6.06,78.75,0.0,-0.0,0.0,258.0,2.55,236.0,88687.0,False,4,23,106
2005-04-17 00:00:00,5.38,84.1,0.0,-0.0,0.0,256.8,2.41,238.0,88687.0,False,4,0,107
2005-04-17 01:00:00,4.88,87.7,0.0,-0.0,0.0,259.0,2.41,238.0,88670.0,False,4,1,107
2005-04-17 02:00:00,4.67,90.6,0.0,-0.0,0.0,264.8,2.41,235.0,88714.0,False,4,2,107
2005-04-17 03:00:00,4.6,92.5,0.0,-0.0,0.0,273.6,2.34,232.0,88731.0,False,4,3,107
2005-04-17 04:00:00,4.9,92.1,39.0,16.64,36.0,271.0,2.14,229.0,88775.0,False,4,4,107
2005-04-17 05:00:00,7.96,78.95,132.0,21.18,124.0,282.2,2.0,218.0,88792.0,False,4,5,107
2005-04-17 06:00:00,12.0,56.45,407.0,348.31,213.0,279.8,2.07,201.0,88775.0,False,4,6,107
2005-04-17 07:00:00,15.2,41.55,618.0,548.2,231.0,275.2,2.55,186.0,88731.0,False,4,7,107
2005-04-17 08:00:00,17.75,32.6,777.0,661.79,238.0,288.4,2.83,184.0,88652.0,False,4,8,107
2005-04-17 09:00:00,19.69,26.95,872.0,711.92,249.0,299.0,2.76,195.0,88600.0,False,4,9,107
2005-04-17 10:00:00,21.15,23.6,932.0,819.25,208.0,302.0,3.03,216.0,88565.0,False,4,10,107
2005-04-17 11:00:00,22.19,21.25,466.0,54.77,420.0,307.8,3.79,226.0,88469.0,False,4,11,107
2005-04-17 12:00:00,22.87,20.3,238.0,0.0,238.0,318.4,4.48,230.0,88373.0,False,4,12,107
2005-04-17 13:00:00,22.49,21.25,336.0,49.22,306.0,323.4,5.17,234.0,88311.0,False,4,13,107
2005-04-17 14:00:00,21.37,24.95,169.0,4.56,167.0,338.8,5.52,237.0,88311.0,False,4,14,107
2005-04-17 15:00:00,20.05,30.2,137.0,44.72,126.0,322.2,5.31,238.0,88346.0,False,4,15,107
2005-04-17 16:00:00,18.25,36.6,38.0,0.0,38.0,331.0,4.55,239.0,88390.0,False,4,16,107
2005-04-17 17:00:00,16.62,42.2,0.0,-0.0,0.0,336.6,3.38,232.0,88460.0,False,4,17,107
2005-04-17 18:00:00,15.54,45.85,0.0,-0.0,0.0,335.8,3.03,216.0,88486.0,False,4,18,107
2005-04-17 19:00:00,14.98,46.35,0.0,-0.0,0.0,328.8,3.1,205.0,88486.0,False,4,19,107
2005-04-17 20:00:00,14.26,48.1,0.0,-0.0,0.0,320.8,3.31,197.0,88460.0,False,4,20,107
2005-04-17 21:00:00,13.53,50.45,0.0,-0.0,0.0,312.4,3.45,194.0,88416.0,False,4,21,107
2005-04-17 22:00:00,12.68,54.45,0.0,-0.0,0.0,302.4,3.24,191.0,88390.0,False,4,22,107
2005-04-17 23:00:00,12.0,58.0,0.0,-0.0,0.0,297.2,3.31,187.0,88364.0,False,4,23,107
2005-04-18 00:00:00,11.46,61.0,0.0,-0.0,0.0,294.0,3.38,185.0,88346.0,False,4,0,108
2005-04-18 01:00:00,10.78,65.25,0.0,-0.0,0.0,292.4,3.1,179.0,88311.0,False,4,1,108
2005-04-18 02:00:00,9.98,71.05,0.0,-0.0,0.0,291.4,2.83,170.0,88285.0,False,4,2,108
2005-04-18 03:00:00,9.32,75.8,0.0,-0.0,0.0,289.8,2.76,165.0,88259.0,False,4,3,108
2005-04-18 04:00:00,9.34,76.3,0.0,0.0,0.0,287.4,2.76,165.0,88259.0,False,4,4,108
2005-04-18 05:00:00,11.33,66.35,0.0,0.0,0.0,301.0,3.1,163.0,88259.0,False,4,5,108
2005-04-18 06:00:00,14.15,50.3,0.0,0.0,0.0,292.0,4.69,163.0,88224.0,False,4,6,108
2005-04-18 07:00:00,17.53,37.25,0.0,0.0,0.0,293.2,6.07,168.0,88145.0,False,4,7,108
2005-04-18 08:00:00,19.59,29.65,0.0,0.0,0.0,305.0,7.86,181.0,88058.0,False,4,8,108
2005-04-18 09:00:00,20.84,27.7,0.0,0.0,0.0,318.4,8.21,185.0,87979.0,False,4,9,108
2005-04-18 10:00:00,21.21,28.75,0.0,0.0,0.0,314.2,9.03,195.0,88023.0,False,4,10,108
2005-04-18 11:00:00,20.48,30.0,0.0,0.0,0.0,339.8,9.93,201.0,88023.0,False,4,11,108
2005-04-18 12:00:00,19.54,32.75,0.0,0.0,0.0,331.0,9.59,194.0,87979.0,False,4,12,108
2005-04-18 13:00:00,18.79,34.15,76.0,0.0,76.0,336.0,9.17,190.0,87953.0,False,4,13,108
2005-04-18 14:00:00,16.66,43.8,51.0,0.0,51.0,345.2,8.69,185.0,87935.0,False,4,14,108
2005-04-18 15:00:00,13.42,67.6,40.0,0.0,40.0,321.8,6.21,172.0,87935.0,False,4,15,108
2005-04-18 16:00:00,11.76,77.7,10.0,0.0,10.0,321.2,6.07,168.0,87953.0,False,4,16,108
2005-04-18 17:00:00,11.0,79.75,0.0,-0.0,0.0,315.2,5.52,169.0,87953.0,False,4,17,108
2005-04-18 18:00:00,10.75,80.3,0.0,-0.0,0.0,318.6,5.03,170.0,87962.0,False,4,18,108
2005-04-18 19:00:00,10.92,77.2,0.0,-0.0,0.0,310.2,4.21,173.0,87927.0,False,4,19,108
2005-04-18 20:00:00,10.45,77.7,0.0,-0.0,0.0,288.4,4.21,171.0,87874.0,False,4,20,108
2005-04-18 21:00:00,9.7,79.5,0.0,-0.0,0.0,269.4,4.14,172.0,87822.0,False,4,21,108
2005-04-18 22:00:00,9.09,81.8,0.0,-0.0,0.0,270.2,3.79,177.0,87752.0,False,4,22,108
2005-04-18 23:00:00,8.65,84.1,0.0,-0.0,0.0,278.6,3.31,185.0,87717.0,False,4,23,108
2005-04-19 00:00:00,8.46,84.9,0.0,-0.0,0.0,288.2,2.9,188.0,87708.0,False,4,0,109
2005-04-19 01:00:00,8.33,85.2,0.0,-0.0,0.0,293.2,2.62,197.0,87699.0,False,4,1,109
2005-04-19 02:00:00,8.05,86.05,0.0,-0.0,0.0,290.4,2.9,230.0,87796.0,False,4,2,109
2005-04-19 03:00:00,7.88,87.0,0.0,-0.0,0.0,304.6,2.48,251.0,87935.0,False,4,3,109
2005-04-19 04:00:00,7.53,87.35,57.0,63.45,45.0,285.6,1.72,239.0,88023.0,False,4,4,109
2005-04-19 05:00:00,9.73,74.35,297.0,570.03,77.0,264.0,2.07,221.0,88093.0,False,4,5,109
2005-04-19 06:00:00,11.6,50.65,517.0,756.26,90.0,255.4,4.0,234.0,88102.0,False,4,6,109
2005-04-19 07:00:00,13.11,37.35,713.0,865.4,96.0,260.4,4.41,231.0,88084.0,False,4,7,109
2005-04-19 08:00:00,14.9,31.5,847.0,863.73,138.0,264.4,5.24,228.0,88058.0,False,4,8,109
2005-04-19 09:00:00,16.36,26.95,888.0,741.24,235.0,271.6,5.79,232.0,88058.0,False,4,9,109
2005-04-19 10:00:00,17.38,24.45,903.0,719.77,263.0,277.2,6.0,237.0,88067.0,False,4,10,109
2005-04-19 11:00:00,17.77,23.65,940.0,945.65,141.0,294.8,6.14,241.0,88040.0,False,4,11,109
2005-04-19 12:00:00,18.53,23.15,134.0,0.0,134.0,285.6,6.34,243.0,88040.0,False,4,12,109
2005-04-19 13:00:00,18.51,24.1,669.0,823.43,163.0,294.0,6.34,244.0,88032.0,False,4,13,109
2005-04-19 14:00:00,17.97,25.45,422.0,497.71,201.0,299.0,5.93,245.0,88023.0,False,4,14,109
2005-04-19 15:00:00,17.02,28.0,228.0,377.81,133.0,315.4,5.03,250.0,88058.0,False,4,15,109
2005-04-19 16:00:00,15.68,33.1,39.0,0.0,39.0,280.6,3.72,258.0,88137.0,False,4,16,109
2005-04-19 17:00:00,13.78,40.65,0.0,-0.0,0.0,270.8,2.9,256.0,88241.0,False,4,17,109
2005-04-19 18:00:00,12.16,49.4,0.0,-0.0,0.0,269.2,2.62,240.0,88355.0,False,4,18,109
2005-04-19 19:00:00,10.8,57.7,0.0,-0.0,0.0,265.8,3.03,220.0,88469.0,False,4,19,109
2005-04-19 20:00:00,9.77,64.6,0.0,-0.0,0.0,264.2,3.17,220.0,88530.0,False,4,20,109
2005-04-19 21:00:00,8.66,71.25,0.0,-0.0,0.0,261.6,2.69,225.0,88574.0,False,4,21,109
2005-04-19 22:00:00,7.27,79.15,0.0,-0.0,0.0,256.6,2.14,234.0,88591.0,False,4,22,109
2005-04-19 23:00:00,6.31,83.7,0.0,-0.0,0.0,251.8,1.86,248.0,88583.0,False,4,23,109
2005-04-20 00:00:00,5.67,85.45,0.0,-0.0,0.0,251.2,1.72,244.0,88626.0,False,4,0,110
2005-04-20 01:00:00,4.87,88.3,0.0,-0.0,0.0,250.8,1.79,238.0,88644.0,False,4,1,110
2005-04-20 02:00:00,4.33,90.05,0.0,-0.0,0.0,249.0,1.72,242.0,88661.0,False,4,2,110
2005-04-20 03:00:00,4.03,91.0,0.0,-0.0,0.0,251.2,1.66,254.0,88687.0,False,4,3,110
2005-04-20 04:00:00,4.7,89.95,42.0,10.34,40.0,264.4,1.38,254.0,88775.0,False,4,4,110
2005-04-20 05:00:00,7.72,80.2,240.0,258.99,139.0,273.4,1.1,242.0,88862.0,False,4,5,110
2005-04-20 06:00:00,10.89,58.9,400.0,297.36,231.0,278.4,0.97,218.0,88836.0,False,4,6,110
2005-04-20 07:00:00,13.34,46.6,644.0,597.46,216.0,267.0,1.17,189.0,88827.0,False,4,7,110
2005-04-20 08:00:00,15.32,37.55,818.0,757.31,194.0,270.2,1.86,175.0,88766.0,False,4,8,110
2005-04-20 09:00:00,17.06,31.95,941.0,893.87,151.0,277.0,2.34,176.0,88705.0,False,4,9,110
2005-04-20 10:00:00,18.63,27.6,885.0,664.95,292.0,285.0,2.48,184.0,88644.0,False,4,10,110
2005-04-20 11:00:00,20.0,24.0,675.0,283.22,435.0,287.0,2.48,190.0,88556.0,False,4,11,110
2005-04-20 12:00:00,21.02,21.35,830.0,885.01,163.0,293.2,2.41,195.0,88521.0,False,4,12,110
2005-04-20 13:00:00,21.6,19.75,555.0,423.05,294.0,300.8,2.34,203.0,88443.0,False,4,13,110
2005-04-20 14:00:00,21.72,19.3,510.0,940.49,90.0,301.2,2.48,216.0,88425.0,False,4,14,110
2005-04-20 15:00:00,21.28,20.7,239.0,432.79,129.0,301.4,2.62,232.0,88425.0,False,4,15,110
2005-04-20 16:00:00,19.86,25.85,39.0,0.0,39.0,294.0,2.48,258.0,88469.0,False,4,16,110
2005-04-20 17:00:00,17.33,35.0,0.0,-0.0,0.0,290.4,2.97,275.0,88548.0,False,4,17,110
2005-04-20 18:00:00,15.18,46.6,0.0,-0.0,0.0,286.0,2.62,276.0,88635.0,False,4,18,110
2005-04-20 19:00:00,12.94,60.0,0.0,-0.0,0.0,279.6,2.14,270.0,88731.0,False,4,19,110
2005-04-20 20:00:00,11.61,68.1,0.0,-0.0,0.0,274.8,1.72,256.0,88705.0,False,4,20,110
2005-04-20 21:00:00,10.43,73.5,0.0,-0.0,0.0,279.0,1.79,245.0,88766.0,False,4,21,110
2005-04-20 22:00:00,9.27,79.35,0.0,-0.0,0.0,278.8,1.93,243.0,88775.0,False,4,22,110
2005-04-20 23:00:00,8.37,84.05,0.0,-0.0,0.0,279.0,2.0,246.0,88784.0,False,4,23,110
2005-04-21 00:00:00,7.51,87.0,0.0,-0.0,0.0,271.0,2.07,246.0,88757.0,False,4,0,111
2005-04-21 01:00:00,6.77,89.15,0.0,-0.0,0.0,266.0,2.14,244.0,88801.0,False,4,1,111
2005-04-21 02:00:00,6.33,90.75,0.0,-0.0,0.0,274.8,2.07,242.0,88819.0,False,4,2,111
2005-04-21 03:00:00,6.05,91.25,0.0,-0.0,0.0,278.2,2.0,243.0,88854.0,False,4,3,111
2005-04-21 04:00:00,6.38,90.05,61.0,55.65,50.0,273.6,1.72,241.0,88924.0,False,4,4,111
2005-04-21 05:00:00,10.09,73.4,300.0,540.71,87.0,281.0,1.31,228.0,88958.0,False,4,5,111
2005-04-21 06:00:00,13.53,51.0,519.0,725.54,104.0,286.4,1.31,194.0,88950.0,False,4,6,111
2005-04-21 07:00:00,16.04,43.7,696.0,765.6,145.0,283.2,2.0,164.0,88889.0,False,4,7,111
2005-04-21 08:00:00,18.19,34.35,858.0,881.5,129.0,288.8,2.76,160.0,88836.0,False,4,8,111
2005-04-21 09:00:00,20.05,27.6,954.0,928.29,131.0,294.0,3.1,170.0,88784.0,False,4,9,111
2005-04-21 10:00:00,21.69,23.7,976.0,920.2,153.0,299.0,3.38,183.0,88661.0,False,4,10,111
2005-04-21 11:00:00,23.12,21.5,945.0,946.05,141.0,304.4,3.59,192.0,88556.0,False,4,11,111
2005-04-21 12:00:00,24.18,20.95,833.0,884.86,164.0,311.4,3.79,199.0,88495.0,False,4,12,111
2005-04-21 13:00:00,24.5,21.3,413.0,125.94,335.0,318.8,4.83,213.0,88425.0,False,4,13,111
2005-04-21 14:00:00,23.32,25.65,302.0,129.15,244.0,325.8,5.17,221.0,88416.0,False,4,14,111
2005-04-21 15:00:00,22.64,26.75,67.0,0.0,67.0,325.0,4.41,219.0,88434.0,False,4,15,111
2005-04-21 16:00:00,21.39,29.9,12.0,0.0,12.0,330.4,3.45,216.0,88451.0,False,4,16,111
2005-04-21 17:00:00,19.66,34.25,0.0,-0.0,0.0,332.8,2.97,219.0,88504.0,False,4,17,111
2005-04-21 18:00:00,18.13,39.25,0.0,-0.0,0.0,330.2,2.55,220.0,88565.0,False,4,18,111
2005-04-21 19:00:00,16.92,41.35,0.0,-0.0,0.0,333.4,2.62,199.0,88626.0,False,4,19,111
2005-04-21 20:00:00,16.11,46.2,0.0,-0.0,0.0,345.6,2.69,184.0,88652.0,False,4,20,111
2005-04-21 21:00:00,15.11,54.75,0.0,-0.0,0.0,344.2,2.76,181.0,88661.0,False,4,21,111
2005-04-21 22:00:00,13.8,69.1,0.0,-0.0,0.0,339.2,2.41,184.0,88644.0,False,4,22,111
2005-04-21 23:00:00,12.93,76.9,0.0,-0.0,0.0,333.2,1.66,194.0,88644.0,False,4,23,111
2005-04-22 00:00:00,13.02,75.8,0.0,-0.0,0.0,332.2,0.69,172.0,88617.0,False,4,0,112
2005-04-22 01:00:00,12.26,79.55,0.0,-0.0,0.0,326.25,0.97,134.0,88556.0,False,4,1,112
2005-04-22 02:00:00,11.03,85.05,0.0,-0.0,0.0,307.2,1.93,134.0,88495.0,False,4,2,112
2005-04-22 03:00:00,11.41,81.0,0.0,0.0,0.0,313.0,2.9,142.0,88443.0,False,4,3,112
2005-04-22 04:00:00,11.89,76.5,81.0,143.69,52.0,308.8,3.72,155.0,88399.0,False,4,4,112
2005-04-22 05:00:00,12.95,72.25,73.0,0.0,73.0,300.2,3.66,161.0,88399.0,False,4,5,112
2005-04-22 06:00:00,14.76,64.15,307.0,95.56,252.0,304.0,4.97,163.0,88338.0,False,4,6,112
2005-04-22 07:00:00,17.3,54.55,503.0,231.0,336.0,327.6,7.24,169.0,88276.0,False,4,7,112
2005-04-22 08:00:00,19.22,48.6,820.0,743.4,203.0,332.8,8.07,175.0,88189.0,False,4,8,112
2005-04-22 09:00:00,20.49,45.5,712.0,322.73,425.0,342.2,8.07,180.0,88145.0,False,4,9,112
2005-04-22 10:00:00,21.53,43.1,659.0,214.07,467.0,356.4,8.28,187.0,88058.0,False,4,10,112
2005-04-22 11:00:00,21.73,39.55,659.0,252.27,444.0,357.4,8.28,195.0,88014.0,False,4,11,112
2005-04-22 12:00:00,21.76,36.2,246.0,0.0,246.0,355.4,8.21,197.0,87935.0,False,4,12,112
2005-04-22 13:00:00,21.56,34.4,461.0,201.05,336.0,340.6,8.28,199.0,87953.0,False,4,13,112
2005-04-22 14:00:00,20.61,38.35,385.0,334.37,234.0,338.0,7.24,196.0,87970.0,False,4,14,112
2005-04-22 15:00:00,19.86,40.95,191.0,173.38,146.0,318.2,6.55,194.0,88049.0,False,4,15,112
2005-04-22 16:00:00,18.65,44.6,38.0,0.0,38.0,308.2,5.03,190.0,88093.0,False,4,16,112
2005-04-22 17:00:00,16.82,49.95,0.0,-0.0,0.0,299.8,3.79,190.0,88163.0,False,4,17,112
2005-04-22 18:00:00,15.25,56.7,0.0,-0.0,0.0,297.0,2.83,190.0,88259.0,False,4,18,112
2005-04-22 19:00:00,14.57,59.8,0.0,-0.0,0.0,298.6,3.1,182.0,88346.0,False,4,19,112
2005-04-22 20:00:00,13.32,66.85,0.0,-0.0,0.0,292.4,2.97,173.0,88390.0,False,4,20,112
2005-04-22 21:00:00,12.21,74.3,0.0,-0.0,0.0,285.2,2.97,173.0,88390.0,False,4,21,112
2005-04-22 22:00:00,11.45,79.85,0.0,-0.0,0.0,289.8,2.83,178.0,88390.0,False,4,22,112
2005-04-22 23:00:00,10.86,84.45,0.0,-0.0,0.0,293.4,2.69,181.0,88390.0,False,4,23,112
2005-04-23 00:00:00,10.19,88.55,0.0,-0.0,0.0,290.2,2.55,183.0,88399.0,False,4,0,113
2005-04-23 01:00:00,9.59,91.55,0.0,-0.0,0.0,290.0,2.21,185.0,88425.0,False,4,1,113
2005-04-23 02:00:00,9.01,90.45,0.0,-0.0,0.0,288.4,1.93,196.0,88425.0,False,4,2,113
2005-04-23 03:00:00,8.62,91.8,0.0,0.0,0.0,297.0,1.86,198.0,88434.0,False,4,3,113
2005-04-23 04:00:00,9.18,91.15,10.0,0.0,10.0,302.8,1.59,193.0,88443.0,False,4,4,113
2005-04-23 05:00:00,11.27,84.5,49.0,0.0,49.0,315.8,1.86,188.0,88478.0,False,4,5,113
2005-04-23 06:00:00,13.46,71.05,464.0,471.46,191.0,317.8,2.76,186.0,88460.0,False,4,6,113
2005-04-23 07:00:00,15.87,54.1,318.0,24.79,300.0,320.0,4.07,193.0,88443.0,False,4,7,113
2005-04-23 08:00:00,17.19,41.65,218.0,0.0,218.0,325.6,5.66,205.0,88416.0,False,4,8,113
2005-04-23 09:00:00,18.44,36.1,267.0,0.0,267.0,330.6,6.34,210.0,88399.0,False,4,9,113
2005-04-23 10:00:00,18.88,34.1,769.0,388.05,420.0,327.8,6.76,216.0,88373.0,False,4,10,113
2005-04-23 11:00:00,19.44,32.15,296.0,1.17,295.0,325.8,7.03,219.0,88364.0,False,4,11,113
2005-04-23 12:00:00,19.44,32.05,166.0,0.0,166.0,329.4,6.97,225.0,88285.0,False,4,12,113
2005-04-23 13:00:00,18.62,34.5,61.0,0.0,61.0,325.2,5.52,234.0,88311.0,False,4,13,113
2005-04-23 14:00:00,16.9,41.55,113.0,0.0,113.0,323.6,4.55,253.0,88381.0,False,4,14,113
2005-04-23 15:00:00,14.93,51.8,65.0,0.0,65.0,329.0,3.38,286.0,88460.0,False,4,15,113
2005-04-23 16:00:00,13.8,59.2,7.0,0.0,7.0,324.4,2.9,313.0,88521.0,False,4,16,113
2005-04-23 17:00:00,11.87,71.2,0.0,-0.0,0.0,297.4,2.97,326.0,88609.0,False,4,17,113
2005-04-23 18:00:00,10.54,79.9,0.0,-0.0,0.0,305.8,2.97,323.0,88696.0,False,4,18,113
2005-04-23 19:00:00,9.84,85.9,0.0,-0.0,0.0,298.4,2.28,352.0,88784.0,False,4,19,113
2005-04-23 20:00:00,9.47,86.85,0.0,-0.0,0.0,301.8,2.28,341.0,88819.0,False,4,20,113
2005-04-23 21:00:00,9.14,87.25,0.0,-0.0,0.0,309.0,2.69,330.0,88897.0,False,4,21,113
2005-04-23 22:00:00,8.85,87.25,0.0,-0.0,0.0,312.8,3.03,325.0,88932.0,False,4,22,113
2005-04-23 23:00:00,8.43,87.3,0.0,-0.0,0.0,305.2,3.1,327.0,88976.0,False,4,23,113
2005-04-24 00:00:00,8.33,85.2,0.0,-0.0,0.0,318.8,2.9,333.0,88985.0,False,4,0,114
2005-04-24 01:00:00,8.01,85.65,0.0,-0.0,0.0,309.6,2.62,338.0,88985.0,False,4,1,114
2005-04-24 02:00:00,7.68,86.3,0.0,-0.0,0.0,308.8,2.55,339.0,89002.0,False,4,2,114
2005-04-24 03:00:00,7.41,86.75,0.0,0.0,0.0,309.4,2.62,338.0,89063.0,False,4,3,114
2005-04-24 04:00:00,7.18,86.65,63.0,42.87,54.0,289.6,2.9,335.0,89125.0,False,4,4,114
2005-04-24 05:00:00,7.95,79.35,52.0,0.0,52.0,274.0,3.66,335.0,89160.0,False,4,5,114
2005-04-24 06:00:00,9.44,69.2,500.0,595.73,153.0,275.8,3.86,343.0,89133.0,False,4,6,114
2005-04-24 07:00:00,11.43,56.2,703.0,754.18,153.0,275.8,3.52,0.0,89107.0,False,4,7,114
2005-04-24 08:00:00,12.95,45.85,846.0,805.31,173.0,291.4,3.45,11.0,89081.0,False,4,8,114
2005-04-24 09:00:00,14.33,38.35,948.0,879.78,161.0,293.6,3.17,15.0,89020.0,False,4,9,114
2005-04-24 10:00:00,15.0,35.35,932.0,765.16,242.0,317.8,3.03,11.0,88993.0,False,4,10,114
2005-04-24 11:00:00,16.15,31.3,858.0,658.18,294.0,316.6,3.03,7.0,88985.0,False,4,11,114
2005-04-24 12:00:00,16.72,28.2,701.0,470.52,342.0,314.0,3.17,7.0,88915.0,False,4,12,114
2005-04-24 13:00:00,17.05,26.2,479.0,228.28,336.0,312.0,3.31,8.0,88880.0,False,4,13,114
2005-04-24 14:00:00,17.04,24.6,442.0,532.27,199.0,300.6,3.45,8.0,88880.0,False,4,14,114
2005-04-24 15:00:00,16.51,24.0,230.0,332.22,142.0,293.8,3.59,6.0,88880.0,False,4,15,114
2005-04-24 16:00:00,15.58,25.35,45.0,0.0,45.0,288.6,2.9,2.0,88897.0,False,4,16,114
2005-04-24 17:00:00,13.69,30.8,0.0,-0.0,0.0,266.6,2.48,347.0,88950.0,False,4,17,114
2005-04-24 18:00:00,11.71,38.15,0.0,-0.0,0.0,261.6,2.48,336.0,89011.0,False,4,18,114
2005-04-24 19:00:00,9.95,44.7,0.0,-0.0,0.0,256.0,2.62,333.0,89072.0,False,4,19,114
2005-04-24 20:00:00,8.78,48.6,0.0,-0.0,0.0,254.6,2.76,330.0,89081.0,False,4,20,114
2005-04-24 21:00:00,7.94,51.6,0.0,-0.0,0.0,253.2,2.9,329.0,89133.0,False,4,21,114
2005-04-24 22:00:00,7.12,55.5,0.0,-0.0,0.0,252.8,2.69,333.0,89151.0,False,4,22,114
2005-04-24 23:00:00,6.25,60.4,0.0,-0.0,0.0,253.0,2.41,338.0,89133.0,False,4,23,114
2005-04-25 00:00:00,5.51,64.8,0.0,-0.0,0.0,251.4,2.21,337.0,89116.0,True,4,0,115
2005-04-25 01:00:00,4.99,68.0,0.0,-0.0,0.0,250.4,2.0,334.0,89151.0,True,4,1,115
2005-04-25 02:00:00,4.47,71.6,0.0,-0.0,0.0,249.0,1.86,333.0,89142.0,True,4,2,115
2005-04-25 03:00:00,3.97,76.5,0.0,0.0,0.0,247.6,1.93,331.0,89195.0,True,4,3,115
2005-04-25 04:00:00,4.7,77.45,67.0,51.42,56.0,247.2,1.66,330.0,89256.0,True,4,4,115
2005-04-25 05:00:00,8.42,69.7,305.0,488.98,105.0,250.0,1.79,351.0,89308.0,True,4,5,115
2005-04-25 06:00:00,10.73,55.05,521.0,670.84,128.0,254.4,2.55,13.0,89256.0,True,4,6,115
2005-04-25 07:00:00,12.82,46.45,718.0,800.21,132.0,262.4,2.83,17.0,89221.0,True,4,7,115
2005-04-25 08:00:00,14.28,39.65,867.0,869.44,138.0,267.2,3.1,20.0,89177.0,True,4,8,115
2005-04-25 09:00:00,15.59,34.2,961.0,914.08,141.0,271.0,3.17,21.0,89098.0,True,4,9,115
2005-04-25 10:00:00,16.7,30.35,992.0,940.13,142.0,273.8,3.17,23.0,89063.0,True,4,10,115
2005-04-25 11:00:00,17.6,27.25,960.0,964.89,131.0,275.8,3.17,25.0,88967.0,True,4,11,115
2005-04-25 12:00:00,18.17,25.6,869.0,990.56,111.0,276.6,3.31,19.0,88906.0,True,4,12,115
2005-04-25 13:00:00,18.46,24.7,702.0,908.18,131.0,277.6,3.45,17.0,88862.0,True,4,13,115
2005-04-25 14:00:00,18.29,24.7,495.0,775.64,139.0,277.0,3.45,24.0,88836.0,True,4,14,115
2005-04-25 15:00:00,17.7,25.7,249.0,426.13,135.0,275.2,3.24,32.0,88854.0,True,4,15,115
2005-04-25 16:00:00,16.52,28.7,45.0,0.0,45.0,272.8,2.55,44.0,88854.0,True,4,16,115
2005-04-25 17:00:00,14.69,33.9,0.0,-0.0,0.0,268.8,2.07,56.0,88880.0,True,4,17,115
2005-04-25 18:00:00,12.59,49.55,0.0,-0.0,0.0,266.6,1.31,53.0,88924.0,True,4,18,115
2005-04-25 19:00:00,12.96,36.25,0.0,-0.0,0.0,262.8,0.69,90.0,88976.0,True,4,19,115
2005-04-25 20:00:00,12.32,38.05,0.0,-0.0,0.0,260.8,1.1,268.0,88976.0,True,4,20,115
2005-04-25 21:00:00,9.51,50.95,0.0,-0.0,0.0,260.0,1.66,262.0,88976.0,True,4,21,115
2005-04-25 22:00:00,8.41,54.8,0.0,-0.0,0.0,258.6,1.79,254.0,89002.0,True,4,22,115
2005-04-25 23:00:00,7.57,57.75,0.0,-0.0,0.0,257.2,1.86,252.0,88897.0,True,4,23,115
2005-04-26 00:00:00,7.02,59.45,0.0,-0.0,0.0,255.6,1.86,254.0,88906.0,True,4,0,116
2005-04-26 01:00:00,6.77,59.6,0.0,-0.0,0.0,254.2,1.79,255.0,88897.0,True,4,1,116
2005-04-26 02:00:00,6.71,58.85,0.0,-0.0,0.0,253.4,1.66,252.0,88897.0,True,4,2,116
2005-04-26 03:00:00,6.72,58.35,0.0,0.0,0.0,252.8,1.66,255.0,88915.0,True,4,3,116
2005-04-26 04:00:00,7.92,53.9,71.0,55.1,59.0,253.2,1.31,245.0,88932.0,True,4,4,116
2005-04-26 05:00:00,11.16,49.85,313.0,511.39,102.0,260.2,0.69,205.0,88889.0,True,4,5,116
2005-04-26 06:00:00,14.54,33.25,528.0,685.78,124.0,269.6,1.17,161.0,88897.0,True,4,6,116
2005-04-26 07:00:00,15.63,32.0,668.0,616.09,215.0,277.2,1.24,149.0,88854.0,True,4,7,116
2005-04-26 08:00:00,17.2,28.45,870.0,870.22,138.0,280.0,1.24,134.0,88792.0,True,4,8,116
2005-04-26 09:00:00,18.58,25.0,984.0,983.83,99.0,286.8,1.03,125.0,88722.0,True,4,9,116
2005-04-26 10:00:00,19.71,22.95,1004.0,975.25,120.0,292.0,0.48,107.0,88679.0,True,4,10,116
2005-04-26 11:00:00,20.68,22.05,953.0,931.07,151.0,296.6,0.34,344.0,88626.0,True,4,11,116
2005-04-26 12:00:00,21.56,22.05,508.0,126.4,411.0,301.0,1.1,327.0,88521.0,True,4,12,116
2005-04-26 13:00:00,21.98,22.8,319.0,30.11,300.0,309.6,1.66,337.0,88460.0,True,4,13,116
2005-04-26 14:00:00,21.92,24.75,207.0,13.0,201.0,336.8,2.69,328.0,88425.0,True,4,14,116
2005-04-26 15:00:00,21.36,27.45,129.0,22.21,123.0,346.8,3.45,324.0,88425.0,True,4,15,116
2005-04-26 16:00:00,20.28,31.8,32.0,0.0,32.0,345.6,3.03,334.0,88408.0,True,4,16,116
2005-04-26 17:00:00,18.73,37.15,0.0,-0.0,0.0,331.8,2.14,337.0,88469.0,True,4,17,116
2005-04-26 18:00:00,17.18,50.0,0.0,-0.0,0.0,330.8,1.24,338.0,88478.0,True,4,18,116
2005-04-26 19:00:00,17.08,34.95,0.0,-0.0,0.0,322.8,0.41,83.0,88504.0,True,4,19,116
2005-04-26 20:00:00,16.27,36.25,0.0,-0.0,0.0,306.6,0.41,180.0,88486.0,True,4,20,116
2005-04-26 21:00:00,15.27,39.9,0.0,-0.0,0.0,302.0,0.9,217.0,88469.0,True,4,21,116
2005-04-26 22:00:00,13.68,47.9,0.0,-0.0,0.0,309.8,1.45,235.0,88478.0,True,4,22,116
2005-04-26 23:00:00,11.84,57.15,0.0,-0.0,0.0,298.4,1.93,242.0,88443.0,True,4,23,116
2005-04-27 00:00:00,11.04,64.35,0.0,-0.0,0.0,312.0,2.0,247.0,88469.0,True,4,0,117
2005-04-27 01:00:00,10.13,71.9,0.0,-0.0,0.0,300.2,2.14,250.0,88434.0,True,4,1,117
2005-04-27 02:00:00,9.46,78.7,0.0,-0.0,0.0,299.0,2.14,251.0,88443.0,True,4,2,117
2005-04-27 03:00:00,8.95,84.45,0.0,0.0,0.0,297.0,2.07,251.0,88460.0,True,4,3,117
2005-04-27 04:00:00,9.74,84.2,81.0,85.74,62.0,300.2,1.59,250.0,88469.0,True,4,4,117
2005-04-27 05:00:00,14.18,69.35,239.0,187.45,161.0,298.8,1.1,242.0,88486.0,True,4,5,117
2005-04-27 06:00:00,18.06,45.0,266.0,40.52,242.0,300.4,1.1,238.0,88469.0,True,4,6,117
2005-04-27 07:00:00,18.92,41.4,648.0,545.94,245.0,308.6,1.52,301.0,88425.0,True,4,7,117
2005-04-27 08:00:00,20.29,36.75,804.0,656.56,250.0,317.4,1.45,286.0,88355.0,True,4,8,117
2005-04-27 09:00:00,21.02,32.9,443.0,33.26,413.0,325.0,2.14,288.0,88381.0,True,4,9,117
2005-04-27 10:00:00,19.29,43.8,390.0,12.11,379.0,329.2,2.9,303.0,88381.0,True,4,10,117
2005-04-27 11:00:00,19.24,43.1,289.0,0.0,289.0,323.8,1.59,310.0,88311.0,True,4,11,117
2005-04-27 12:00:00,21.07,33.85,847.0,887.48,164.0,323.8,1.24,275.0,88224.0,True,4,12,117
2005-04-27 13:00:00,21.36,27.15,414.0,116.86,340.0,339.6,3.45,258.0,88224.0,True,4,13,117
2005-04-27 14:00:00,20.56,26.9,48.0,0.0,48.0,336.2,4.9,264.0,88215.0,True,4,14,117
2005-04-27 15:00:00,19.53,26.6,34.0,0.0,34.0,322.8,4.83,298.0,88285.0,True,4,15,117
2005-04-27 16:00:00,16.73,42.0,8.0,0.0,8.0,337.8,4.76,334.0,88355.0,True,4,16,117
2005-04-27 17:00:00,14.64,54.25,0.0,-0.0,0.0,307.6,3.52,344.0,88416.0,True,4,17,117
2005-04-27 18:00:00,13.66,59.7,0.0,-0.0,0.0,308.8,3.1,345.0,88556.0,True,4,18,117
2005-04-27 19:00:00,12.34,65.1,0.0,-0.0,0.0,295.6,3.17,315.0,88617.0,True,4,19,117
2005-04-27 20:00:00,11.63,69.7,0.0,-0.0,0.0,297.8,3.03,322.0,88609.0,True,4,20,117
2005-04-27 21:00:00,10.87,75.2,0.0,-0.0,0.0,288.6,2.9,326.0,88644.0,True,4,21,117
2005-04-27 22:00:00,10.33,79.6,0.0,-0.0,0.0,290.8,2.9,325.0,88679.0,True,4,22,117
2005-04-27 23:00:00,9.58,83.2,0.0,-0.0,0.0,276.8,3.1,323.0,88687.0,True,4,23,117
2005-04-28 00:00:00,9.07,84.3,0.0,-0.0,0.0,276.0,3.24,323.0,88705.0,True,4,0,118
2005-04-28 01:00:00,8.53,84.7,0.0,-0.0,0.0,274.6,3.1,325.0,88722.0,True,4,1,118
2005-04-28 02:00:00,7.81,86.05,0.0,-0.0,0.0,265.2,2.9,328.0,88714.0,True,4,2,118
2005-04-28 03:00:00,7.16,87.45,0.0,0.0,0.0,263.0,2.69,331.0,88749.0,True,4,3,118
2005-04-28 04:00:00,7.46,85.2,58.0,17.75,54.0,260.2,2.34,333.0,88810.0,True,4,4,118
2005-04-28 05:00:00,9.34,70.75,307.0,445.73,120.0,257.6,3.45,335.0,88810.0,True,4,5,118
2005-04-28 06:00:00,11.01,59.35,487.0,498.8,190.0,263.8,4.0,338.0,88801.0,True,4,6,118
2005-04-28 07:00:00,12.99,47.15,636.0,503.37,263.0,281.6,4.0,336.0,88757.0,True,4,7,118
2005-04-28 08:00:00,14.49,39.35,614.0,239.85,411.0,291.6,3.93,337.0,88714.0,True,4,8,118
2005-04-28 09:00:00,15.38,36.1,700.0,281.99,445.0,319.4,3.93,336.0,88687.0,True,4,9,118
2005-04-28 10:00:00,15.96,34.1,810.0,450.11,400.0,331.2,4.14,335.0,88740.0,True,4,10,118
2005-04-28 11:00:00,16.65,32.4,770.0,433.19,395.0,344.6,4.48,334.0,88670.0,True,4,11,118
2005-04-28 12:00:00,16.76,31.8,872.0,974.44,120.0,340.8,4.69,333.0,88609.0,True,4,12,118
2005-04-28 13:00:00,16.56,32.3,713.0,925.31,125.0,332.4,4.69,331.0,88591.0,True,4,13,118
2005-04-28 14:00:00,16.32,32.75,467.0,604.94,185.0,328.4,4.76,335.0,88565.0,True,4,14,118
2005-04-28 15:00:00,16.0,33.0,212.0,210.63,154.0,304.6,4.55,338.0,88539.0,True,4,15,118
2005-04-28 16:00:00,15.2,34.1,89.0,525.83,49.0,313.6,4.0,340.0,88556.0,True,4,16,118
2005-04-28 17:00:00,13.88,37.95,0.0,-0.0,0.0,294.4,3.03,340.0,88574.0,True,4,17,118
2005-04-28 18:00:00,12.6,42.8,0.0,-0.0,0.0,279.6,2.76,339.0,88617.0,True,4,18,118
2005-04-28 19:00:00,11.23,47.85,0.0,-0.0,0.0,270.0,2.62,346.0,88661.0,True,4,19,118
2005-04-28 20:00:00,9.74,56.25,0.0,-0.0,0.0,263.2,2.21,340.0,88679.0,True,4,20,118
2005-04-28 21:00:00,8.53,62.0,0.0,-0.0,0.0,261.0,1.86,330.0,88687.0,True,4,21,118
2005-04-28 22:00:00,7.82,63.6,0.0,-0.0,0.0,259.6,1.79,314.0,88749.0,True,4,22,118
2005-04-28 23:00:00,7.15,65.85,0.0,-0.0,0.0,257.8,1.79,306.0,88696.0,True,4,23,118
2005-04-29 00:00:00,6.85,66.2,0.0,-0.0,0.0,256.8,1.66,299.0,88652.0,True,4,0,119
2005-04-29 01:00:00,6.74,66.1,0.0,-0.0,0.0,255.6,1.52,291.0,88626.0,True,4,1,119
2005-04-29 02:00:00,6.19,68.55,0.0,-0.0,0.0,254.6,1.59,288.0,88609.0,True,4,2,119
2005-04-29 03:00:00,5.97,69.5,0.0,0.0,0.0,253.8,1.45,280.0,88635.0,True,4,3,119
2005-04-29 04:00:00,7.27,64.3,77.0,56.77,64.0,254.6,1.03,269.0,88609.0,True,4,4,119
2005-04-29 05:00:00,10.09,62.4,334.0,581.71,88.0,260.0,0.41,215.0,88600.0,True,4,5,119
2005-04-29 06:00:00,12.4,47.3,499.0,531.35,181.0,284.0,0.97,146.0,88556.0,True,4,6,119
2005-04-29 07:00:00,13.74,43.5,608.0,422.18,294.0,277.8,1.59,169.0,88486.0,True,4,7,119
2005-04-29 08:00:00,15.24,38.0,740.0,479.47,333.0,285.8,1.86,174.0,88416.0,True,4,8,119
2005-04-29 09:00:00,16.63,32.7,880.0,649.69,291.0,305.0,2.21,179.0,88303.0,True,4,9,119
2005-04-29 10:00:00,17.55,29.2,901.0,654.96,303.0,319.6,2.69,179.0,88241.0,True,4,10,119
2005-04-29 11:00:00,18.57,26.3,923.0,814.75,216.0,322.4,3.1,185.0,88102.0,True,4,11,119
2005-04-29 12:00:00,19.51,23.6,828.0,806.39,204.0,321.0,3.31,206.0,88040.0,True,4,12,119
2005-04-29 13:00:00,20.37,21.25,414.0,112.91,342.0,303.0,3.93,224.0,87883.0,True,4,13,119
2005-04-29 14:00:00,19.93,22.2,60.0,0.0,60.0,310.2,4.55,240.0,87848.0,True,4,14,119
2005-04-29 15:00:00,19.1,24.9,231.0,284.23,152.0,301.4,4.76,247.0,87839.0,True,4,15,119
2005-04-29 16:00:00,17.63,30.1,102.0,760.22,42.0,308.2,3.79,252.0,87857.0,True,4,16,119
2005-04-29 17:00:00,15.67,38.65,0.0,-0.0,0.0,303.8,3.31,255.0,87909.0,True,4,17,119
2005-04-29 18:00:00,14.01,50.65,0.0,-0.0,0.0,319.2,3.03,263.0,87979.0,True,4,18,119
2005-04-29 19:00:00,12.86,57.9,0.0,-0.0,0.0,326.4,3.1,305.0,88093.0,True,4,19,119
2005-04-29 20:00:00,10.9,74.8,0.0,-0.0,0.0,321.6,2.69,335.0,88137.0,True,4,20,119
2005-04-29 21:00:00,9.61,85.8,0.0,-0.0,0.0,320.6,2.9,357.0,88180.0,True,4,21,119
2005-04-29 22:00:00,8.57,91.0,0.0,-0.0,0.0,317.8,3.03,3.0,88233.0,True,4,22,119
2005-04-29 23:00:00,7.84,92.85,0.0,-0.0,0.0,322.8,3.17,5.0,88259.0,True,4,23,119
2005-04-30 00:00:00,6.94,92.15,0.0,-0.0,0.0,321.8,3.38,360.0,88338.0,True,4,0,120
2005-04-30 01:00:00,5.9,92.6,0.0,-0.0,0.0,326.25,3.24,352.0,88303.0,True,4,1,120
2005-04-30 02:00:00,5.29,94.0,0.0,-0.0,0.0,323.0,2.76,348.0,88338.0,True,4,2,120
2005-04-30 03:00:00,4.89,95.25,0.0,0.0,0.0,334.0,1.86,354.0,88364.0,True,4,3,120
2005-04-30 04:00:00,4.25,98.95,16.0,0.0,16.0,328.0,1.31,7.0,88408.0,True,4,4,120
2005-04-30 05:00:00,4.65,97.6,29.0,0.0,29.0,315.2,1.03,20.0,88451.0,True,4,5,120
2005-04-30 06:00:00,5.28,89.4,255.0,28.27,238.0,304.8,0.83,19.0,88460.0,True,4,6,120
2005-04-30 07:00:00,5.47,80.65,328.0,25.45,309.0,306.0,0.34,18.0,88408.0,True,4,7,120
2005-04-30 08:00:00,7.3,65.9,641.0,277.23,405.0,309.4,0.28,1.0,88320.0,True,4,8,120
2005-04-30 09:00:00,9.62,50.95,805.0,470.94,377.0,299.2,0.28,295.0,88241.0,True,4,9,120
2005-04-30 10:00:00,11.63,39.45,866.0,564.95,349.0,291.0,0.69,227.0,88189.0,True,4,10,120
2005-04-30 11:00:00,13.04,34.35,774.0,433.44,397.0,299.0,1.38,210.0,88119.0,True,4,11,120
2005-04-30 12:00:00,13.76,31.95,771.0,626.38,285.0,289.0,2.0,203.0,88058.0,True,4,12,120
2005-04-30 13:00:00,14.15,31.55,721.0,944.02,117.0,289.8,2.41,202.0,87970.0,True,4,13,120
2005-04-30 14:00:00,14.11,31.6,148.0,0.0,148.0,282.8,2.48,213.0,87970.0,True,4,14,120
2005-04-30 15:00:00,13.99,31.7,312.0,809.23,85.0,287.6,2.28,216.0,87953.0,True,4,15,120
2005-04-30 16:00:00,8.91,56.75,75.0,232.37,56.0,278.75,2.25,215.0,87997.0,True,4,16,120
2005-04-30 17:00:00,8.84,57.87,0.0,-0.0,0.0,277.44,2.19,9.0,88067.0,True,4,17,120
2005-04-30 18:00:00,8.78,59.0,0.0,-0.0,0.0,276.13,2.13,350.0,88180.0,True,4,18,120
2005-04-30 19:00:00,8.72,60.13,0.0,-0.0,0.0,274.81,2.06,344.0,88303.0,True,4,19,120
2005-04-30 20:00:00,8.65,61.25,0.0,-0.0,0.0,273.5,2.0,348.0,88329.0,True,4,20,120
2005-04-30 21:00:00,8.59,62.38,0.0,-0.0,0.0,272.19,1.93,346.0,88381.0,True,4,21,120
2005-04-30 22:00:00,8.52,63.5,0.0,-0.0,0.0,270.88,1.87,339.0,88381.0,True,4,22,120
2005-04-30 23:00:00,8.46,64.63,0.0,-0.0,0.0,269.57,1.8,343.0,88381.0,True,4,23,120
2009-05-01 00:00:00,8.4,65.76,0.0,-0.0,0.0,268.26,1.74,293.0,88259.0,True,5,0,121
2009-05-01 01:00:00,8.33,66.88,0.0,-0.0,0.0,266.95,1.67,287.0,88233.0,True,5,1,121
2009-05-01 02:00:00,8.27,68.01,0.0,-0.0,0.0,265.63,1.61,273.0,88233.0,True,5,2,121
2009-05-01 03:00:00,8.2,69.14,0.0,0.0,0.0,264.32,1.55,258.0,88259.0,True,5,3,121
2009-05-01 04:00:00,8.14,70.26,164.0,305.02,92.0,263.01,1.48,241.0,88285.0,True,5,4,121
2009-05-01 05:00:00,8.08,71.39,387.0,605.55,127.0,261.7,1.42,206.0,88285.0,True,5,5,121
2009-05-01 06:00:00,8.01,72.51,591.0,728.08,151.0,260.39,1.35,160.0,88276.0,True,5,6,121
2009-05-01 07:00:00,7.95,73.64,767.0,805.02,164.0,259.08,1.29,144.0,88259.0,True,5,7,121
2009-05-01 08:00:00,14.86,44.2,769.0,499.04,343.0,295.6,2.48,160.0,88189.0,True,5,8,121
2009-05-01 09:00:00,16.04,40.5,722.0,302.97,446.0,323.4,3.17,181.0,88137.0,True,5,9,121
2009-05-01 10:00:00,16.98,36.85,847.0,534.25,357.0,328.8,3.38,191.0,88067.0,True,5,10,121
2009-05-01 11:00:00,17.54,36.1,705.0,332.65,415.0,324.6,3.45,198.0,88032.0,True,5,11,121
2009-05-01 12:00:00,18.15,36.15,681.0,461.49,322.0,307.4,3.66,211.0,87970.0,True,5,12,121
2009-05-01 13:00:00,17.96,37.8,279.0,18.69,267.0,304.6,3.86,223.0,87927.0,True,5,13,121
2009-05-01 14:00:00,17.21,39.9,219.0,35.93,202.0,306.6,4.28,233.0,87962.0,True,5,14,121
2009-05-01 15:00:00,16.07,45.0,229.0,480.46,93.0,304.8,4.0,238.0,87970.0,True,5,15,121
2009-05-01 16:00:00,15.23,49.4,38.0,118.21,28.0,304.2,2.76,238.0,87997.0,True,5,16,121
2009-05-01 17:00:00,13.74,54.6,0.0,-0.0,0.0,301.8,3.1,230.0,88075.0,True,5,17,121
2009-05-01 18:00:00,11.99,60.7,0.0,-0.0,0.0,281.2,3.31,228.0,88180.0,True,5,18,121
2009-05-01 19:00:00,10.55,65.15,0.0,-0.0,0.0,272.0,3.24,226.0,88259.0,True,5,19,121
2009-05-01 20:00:00,9.32,67.9,0.0,-0.0,0.0,264.2,2.9,219.0,88311.0,True,5,20,121
2009-05-01 21:00:00,8.2,71.85,0.0,-0.0,0.0,260.4,2.62,216.0,88364.0,True,5,21,121
2009-05-01 22:00:00,7.07,77.7,0.0,-0.0,0.0,258.8,2.34,215.0,88329.0,True,5,22,121
2009-05-01 23:00:00,6.04,83.3,0.0,-0.0,0.0,255.8,2.14,218.0,88390.0,True,5,23,121
2009-05-02 00:00:00,5.37,86.2,0.0,-0.0,0.0,253.8,1.86,222.0,88381.0,True,5,0,122
2009-05-02 01:00:00,5.19,86.2,0.0,-0.0,0.0,253.2,1.59,227.0,88451.0,True,5,1,122
2009-05-02 02:00:00,5.5,85.25,0.0,-0.0,0.0,259.4,1.31,230.0,88469.0,True,5,2,122
2009-05-02 03:00:00,5.04,87.3,0.0,0.0,0.0,254.8,1.31,228.0,88504.0,True,5,3,122
2009-05-02 04:00:00,5.45,88.3,186.0,438.48,81.0,257.2,1.1,219.0,88565.0,True,5,4,122
2009-05-02 05:00:00,9.21,75.7,406.0,693.69,106.0,278.6,1.31,186.0,88617.0,True,5,5,122
2009-05-02 06:00:00,11.34,63.4,569.0,627.53,188.0,272.8,2.0,185.0,88583.0,True,5,6,122
2009-05-02 07:00:00,13.19,53.8,728.0,667.93,226.0,285.2,3.52,209.0,88574.0,True,5,7,122
2009-05-02 08:00:00,14.4,46.7,604.0,195.11,437.0,301.2,4.41,216.0,88548.0,True,5,8,122
2009-05-02 09:00:00,15.75,39.85,549.0,93.09,464.0,302.4,5.1,224.0,88521.0,True,5,9,122
2009-05-02 10:00:00,16.78,35.7,416.0,18.49,399.0,301.8,5.31,229.0,88486.0,True,5,10,122
2009-05-02 11:00:00,17.32,33.8,238.0,0.0,238.0,304.0,5.59,236.0,88478.0,True,5,11,122
2009-05-02 12:00:00,17.17,32.5,334.0,14.1,323.0,318.6,5.31,243.0,88469.0,True,5,12,122
2009-05-02 13:00:00,16.47,34.85,204.0,1.55,203.0,323.2,5.1,247.0,88495.0,True,5,13,122
2009-05-02 14:00:00,15.44,40.05,437.0,633.07,136.0,313.0,5.31,254.0,88521.0,True,5,14,122
2009-05-02 15:00:00,14.88,44.45,227.0,448.18,99.0,305.2,4.48,255.0,88574.0,True,5,15,122
2009-05-02 16:00:00,13.98,49.05,44.0,171.61,29.0,291.0,3.24,258.0,88644.0,True,5,16,122
2009-05-02 17:00:00,12.36,55.8,0.0,-0.0,0.0,277.2,2.48,266.0,88766.0,True,5,17,122
2009-05-02 18:00:00,10.68,66.2,0.0,-0.0,0.0,276.0,1.93,277.0,88889.0,True,5,18,122
2009-05-02 19:00:00,9.15,73.0,0.0,-0.0,0.0,267.6,2.28,248.0,88958.0,True,5,19,122
2009-05-02 20:00:00,8.21,78.0,0.0,-0.0,0.0,271.4,1.79,240.0,89002.0,True,5,20,122
2009-05-02 21:00:00,8.08,76.35,0.0,-0.0,0.0,259.8,1.38,241.0,89020.0,True,5,21,122
2009-05-02 22:00:00,7.95,76.05,0.0,-0.0,0.0,257.4,1.24,246.0,89063.0,True,5,22,122
2009-05-02 23:00:00,6.82,80.95,0.0,-0.0,0.0,257.8,1.31,251.0,89081.0,True,5,23,122
2009-05-03 00:00:00,5.7,85.45,0.0,-0.0,0.0,256.8,1.45,257.0,89063.0,True,5,0,123
2009-05-03 01:00:00,5.02,87.8,0.0,-0.0,0.0,253.2,1.59,260.0,89063.0,True,5,1,123
2009-05-03 02:00:00,3.51,95.25,0.0,-0.0,0.0,263.8,1.59,261.0,89081.0,True,5,2,123
2009-05-03 03:00:00,3.24,96.8,6.0,0.0,6.0,270.4,1.59,260.0,89055.0,True,5,3,123
2009-05-03 04:00:00,4.59,94.85,188.0,436.58,82.0,275.6,1.1,257.0,89098.0,True,5,4,123
2009-05-03 05:00:00,8.14,80.05,407.0,684.27,109.0,280.2,0.76,244.0,89125.0,True,5,5,123
2009-05-03 06:00:00,10.8,66.3,568.0,616.52,192.0,286.8,0.97,156.0,89107.0,True,5,6,123
2009-05-03 07:00:00,12.94,56.85,772.0,806.32,164.0,270.2,1.72,136.0,89081.0,True,5,7,123
2009-05-03 08:00:00,14.4,49.6,904.0,859.98,166.0,280.2,2.0,142.0,89028.0,True,5,8,123
2009-05-03 09:00:00,15.87,43.1,958.0,830.47,198.0,297.6,1.79,159.0,88958.0,True,5,9,123
2009-05-03 10:00:00,17.11,37.35,965.0,831.6,199.0,304.0,1.52,184.0,88897.0,True,5,10,123
2009-05-03 11:00:00,17.9,33.85,894.0,770.85,219.0,313.8,1.24,190.0,88836.0,True,5,11,123
2009-05-03 12:00:00,18.58,30.8,745.0,624.15,257.0,315.6,1.24,203.0,88749.0,True,5,12,123
2009-05-03 13:00:00,19.01,29.15,532.0,391.55,279.0,319.4,1.38,215.0,88687.0,True,5,13,123
2009-05-03 14:00:00,18.98,28.7,181.0,10.47,176.0,319.4,1.45,230.0,88644.0,True,5,14,123
2009-05-03 15:00:00,18.71,29.55,132.0,48.59,118.0,323.2,1.45,238.0,88609.0,True,5,15,123
2009-05-03 16:00:00,17.79,34.6,46.0,166.29,31.0,329.2,1.1,289.0,88644.0,True,5,16,123
2009-05-03 17:00:00,15.65,46.35,0.0,-0.0,0.0,320.0,1.52,325.0,88661.0,True,5,17,123
2009-05-03 18:00:00,13.16,58.05,0.0,-0.0,0.0,299.2,1.79,342.0,88705.0,True,5,18,123
2009-05-03 19:00:00,11.05,62.7,0.0,-0.0,0.0,279.0,2.07,10.0,88757.0,True,5,19,123
2009-05-03 20:00:00,9.92,66.15,0.0,-0.0,0.0,275.6,1.66,5.0,88740.0,True,5,20,123
2009-05-03 21:00:00,9.94,62.15,0.0,-0.0,0.0,281.8,1.45,347.0,88696.0,True,5,21,123
2009-05-03 22:00:00,9.22,64.05,0.0,-0.0,0.0,280.4,1.59,337.0,88635.0,True,5,22,123
2009-05-03 23:00:00,8.67,65.8,0.0,-0.0,0.0,286.8,1.72,336.0,88565.0,True,5,23,123
2009-05-04 00:00:00,8.22,67.6,0.0,-0.0,0.0,289.2,1.79,337.0,88469.0,True,5,0,124
2009-05-04 01:00:00,7.72,69.95,0.0,-0.0,0.0,291.8,1.72,335.0,88460.0,True,5,1,124
2009-05-04 02:00:00,7.59,70.1,0.0,-0.0,0.0,286.2,1.59,336.0,88425.0,True,5,2,124
2009-05-04 03:00:00,7.39,71.35,2.0,0.0,2.0,280.2,1.52,332.0,88346.0,True,5,3,124
2009-05-04 04:00:00,8.27,71.05,17.0,0.0,17.0,289.8,1.1,329.0,88311.0,True,5,4,124
2009-05-04 05:00:00,10.32,72.4,36.0,0.0,36.0,292.4,0.69,347.0,88320.0,True,5,5,124
2009-05-04 06:00:00,12.63,54.05,54.0,0.0,54.0,304.4,0.76,70.0,88338.0,True,5,6,124
2009-05-04 07:00:00,10.69,74.8,69.0,0.0,69.0,327.4,1.03,143.0,88329.0,True,5,7,124
2009-05-04 08:00:00,10.78,79.65,89.0,0.0,89.0,333.8,0.83,126.0,88259.0,True,5,8,124
2009-05-04 09:00:00,11.23,80.9,95.0,0.0,95.0,339.4,0.83,60.0,88180.0,True,5,9,124
2009-05-04 10:00:00,11.89,81.25,115.0,0.0,115.0,340.4,2.55,42.0,88137.0,True,5,10,124
2009-05-04 11:00:00,12.78,75.05,114.0,0.0,114.0,328.6,4.55,51.0,87979.0,True,5,11,124
2009-05-04 12:00:00,13.48,74.2,107.0,0.0,107.0,332.2,4.62,48.0,87866.0,True,5,12,124
2009-05-04 13:00:00,13.53,73.25,119.0,0.0,119.0,337.2,4.62,40.0,87778.0,True,5,13,124
2009-05-04 14:00:00,12.68,79.55,52.0,0.0,52.0,355.8,4.14,14.0,87726.0,True,5,14,124
2009-05-04 15:00:00,12.11,82.25,140.0,61.94,122.0,351.6,4.41,356.0,87708.0,True,5,15,124
2009-05-04 16:00:00,11.11,85.85,36.0,64.52,30.0,350.0,4.21,342.0,87691.0,True,5,16,124
2009-05-04 17:00:00,10.39,88.55,0.0,-0.0,0.0,349.2,3.59,334.0,87699.0,True,5,17,124
2009-05-04 18:00:00,10.03,89.15,0.0,-0.0,0.0,344.4,3.31,330.0,87708.0,True,5,18,124
2009-05-04 19:00:00,9.68,92.35,0.0,-0.0,0.0,338.4,1.93,335.0,87726.0,True,5,19,124
2009-05-04 20:00:00,9.51,93.0,0.0,-0.0,0.0,340.4,1.93,323.0,87717.0,True,5,20,124
2009-05-04 21:00:00,9.12,93.65,0.0,-0.0,0.0,327.8,1.86,324.0,87664.0,True,5,21,124
2009-05-04 22:00:00,8.55,94.9,0.0,-0.0,0.0,313.4,1.72,313.0,87507.0,True,5,22,124
2009-05-04 23:00:00,7.82,95.75,0.0,-0.0,0.0,297.6,1.72,305.0,87507.0,True,5,23,124
2009-05-05 00:00:00,7.54,96.1,0.0,-0.0,0.0,307.6,1.79,314.0,87525.0,True,5,0,125
2009-05-05 01:00:00,7.45,95.9,0.0,-0.0,0.0,309.8,1.72,316.0,87551.0,True,5,1,125
2009-05-05 02:00:00,7.14,96.4,0.0,-0.0,0.0,308.4,1.45,308.0,87533.0,True,5,2,125
2009-05-05 03:00:00,7.23,96.85,2.0,0.0,2.0,322.8,1.03,299.0,87542.0,True,5,3,125
2009-05-05 04:00:00,8.04,96.4,18.0,0.0,18.0,324.2,0.97,301.0,87621.0,True,5,4,125
2009-05-05 05:00:00,9.17,91.4,80.0,0.0,80.0,329.6,1.1,310.0,87656.0,True,5,5,125
2009-05-05 06:00:00,9.82,87.85,147.0,0.0,147.0,334.0,1.86,332.0,87691.0,True,5,6,125
2009-05-05 07:00:00,10.4,83.4,307.0,9.23,300.0,337.6,0.69,70.0,87691.0,True,5,7,125
2009-05-05 08:00:00,10.98,80.3,205.0,0.0,205.0,340.4,1.1,176.0,87708.0,True,5,8,125
2009-05-05 09:00:00,11.66,77.85,171.0,0.0,171.0,334.4,1.66,212.0,87664.0,True,5,9,125
2009-05-05 10:00:00,12.34,77.95,175.0,0.0,175.0,330.0,1.66,240.0,87638.0,True,5,10,125
2009-05-05 11:00:00,12.74,72.65,199.0,0.0,199.0,333.2,2.34,284.0,87603.0,True,5,11,125
2009-05-05 12:00:00,11.84,77.55,285.0,3.82,282.0,335.8,3.38,296.0,87594.0,True,5,12,125
2009-05-05 13:00:00,11.36,78.45,109.0,0.0,109.0,333.2,3.86,299.0,87656.0,True,5,13,125
2009-05-05 14:00:00,10.76,81.3,90.0,0.0,90.0,326.6,3.86,302.0,87682.0,True,5,14,125
2009-05-05 15:00:00,9.91,84.15,123.0,30.71,114.0,330.2,3.93,301.0,87778.0,True,5,15,125
2009-05-05 16:00:00,9.31,86.75,31.0,20.89,29.0,331.8,3.59,299.0,87857.0,True,5,16,125
2009-05-05 17:00:00,8.9,88.05,0.0,-0.0,0.0,338.2,3.45,301.0,87918.0,True,5,17,125
2009-05-05 18:00:00,8.73,89.2,0.0,-0.0,0.0,340.8,3.59,309.0,88014.0,True,5,18,125
2009-05-05 19:00:00,9.02,88.8,0.0,-0.0,0.0,342.2,3.03,283.0,88084.0,True,5,19,125
2009-05-05 20:00:00,8.87,90.0,0.0,-0.0,0.0,342.8,3.03,290.0,88119.0,True,5,20,125
2009-05-05 21:00:00,8.81,91.0,0.0,-0.0,0.0,346.4,3.17,297.0,88154.0,True,5,21,125
2009-05-05 22:00:00,8.67,91.65,0.0,-0.0,0.0,344.4,3.45,305.0,88172.0,True,5,22,125
2009-05-05 23:00:00,8.52,92.1,0.0,-0.0,0.0,344.0,3.86,313.0,88180.0,True,5,23,125
2009-05-06 00:00:00,8.27,92.1,0.0,-0.0,0.0,337.6,4.0,321.0,88215.0,True,5,0,126
2009-05-06 01:00:00,8.19,92.85,0.0,-0.0,0.0,345.65,3.86,328.0,88241.0,True,5,1,126
2009-05-06 02:00:00,8.07,93.3,0.0,-0.0,0.0,346.4,3.79,334.0,88276.0,True,5,2,126
2009-05-06 03:00:00,7.97,93.8,2.0,0.0,2.0,347.4,3.45,337.0,88329.0,True,5,3,126
2009-05-06 04:00:00,7.95,94.35,18.0,0.0,18.0,346.4,3.03,337.0,88390.0,True,5,4,126
2009-05-06 05:00:00,8.05,94.05,36.0,0.0,36.0,346.4,3.17,335.0,88460.0,True,5,5,126
2009-05-06 06:00:00,8.32,91.3,118.0,0.0,118.0,343.4,3.72,338.0,88513.0,True,5,6,126
2009-05-06 07:00:00,9.01,88.5,386.0,43.37,353.0,341.8,3.86,342.0,88565.0,True,5,7,126
2009-05-06 08:00:00,9.86,80.35,284.0,1.16,283.0,340.0,3.45,356.0,88556.0,True,5,8,126
2009-05-06 09:00:00,10.76,74.45,284.0,0.0,284.0,339.2,3.31,5.0,88521.0,True,5,9,126
2009-05-06 10:00:00,11.27,71.2,646.0,180.22,479.0,342.6,3.31,9.0,88539.0,True,5,10,126
2009-05-06 11:00:00,12.12,65.8,806.0,526.59,342.0,331.8,3.59,11.0,88504.0,True,5,11,126
2009-05-06 12:00:00,12.55,63.95,504.0,133.33,399.0,339.8,3.59,9.0,88486.0,True,5,12,126
2009-05-06 13:00:00,12.51,64.75,465.0,225.38,318.0,335.2,3.59,9.0,88504.0,True,5,13,126
2009-05-06 14:00:00,11.89,68.6,258.0,72.25,223.0,326.2,3.52,13.0,88469.0,True,5,14,126
2009-05-06 15:00:00,11.27,73.2,61.0,0.0,61.0,333.4,2.76,14.0,88530.0,True,5,15,126
2009-05-06 16:00:00,10.76,77.9,48.0,142.13,34.0,316.0,1.79,1.0,88539.0,True,5,16,126
2009-05-06 17:00:00,9.91,83.6,0.0,-0.0,0.0,320.2,1.38,347.0,88574.0,True,5,17,126
2009-05-06 18:00:00,9.28,89.55,0.0,-0.0,0.0,326.0,0.9,333.0,88635.0,True,5,18,126
2009-05-06 19:00:00,8.85,84.2,0.0,-0.0,0.0,282.6,0.34,126.0,88670.0,True,5,19,126
2009-05-06 20:00:00,8.29,87.25,0.0,-0.0,0.0,292.2,0.83,199.0,88696.0,True,5,20,126
2009-05-06 21:00:00,6.77,93.0,0.0,-0.0,0.0,280.8,1.38,239.0,88714.0,True,5,21,126
2009-05-06 22:00:00,6.3,94.4,0.0,-0.0,0.0,288.6,1.45,254.0,88687.0,True,5,22,126
2009-05-06 23:00:00,6.09,94.75,0.0,-0.0,0.0,291.0,1.31,257.0,88670.0,True,5,23,126
2009-05-07 00:00:00,5.62,94.6,0.0,-0.0,0.0,283.2,1.31,254.0,88617.0,True,5,0,127
2009-05-07 01:00:00,5.59,93.85,0.0,-0.0,0.0,285.0,1.38,248.0,88600.0,True,5,1,127
2009-05-07 02:00:00,5.39,92.7,0.0,-0.0,0.0,271.6,1.38,245.0,88600.0,True,5,2,127
2009-05-07 03:00:00,5.36,91.25,21.0,68.35,17.0,264.8,1.38,254.0,88626.0,True,5,3,127
2009-05-07 04:00:00,6.54,89.4,91.0,11.75,88.0,265.4,0.97,263.0,88679.0,True,5,4,127
2009-05-07 05:00:00,9.15,87.35,434.0,778.85,86.0,280.0,0.21,244.0,88731.0,True,5,5,127
2009-05-07 06:00:00,10.65,79.05,484.0,325.79,282.0,291.8,0.14,130.0,88740.0,True,5,6,127
2009-05-07 07:00:00,12.23,72.85,494.0,141.52,386.0,291.2,1.31,18.0,88731.0,True,5,7,127
2009-05-07 08:00:00,13.22,70.2,416.0,28.85,391.0,295.2,1.17,35.0,88722.0,True,5,8,127
2009-05-07 09:00:00,14.18,65.95,581.0,114.87,475.0,303.4,0.9,49.0,88705.0,True,5,9,127
2009-05-07 10:00:00,14.98,61.3,590.0,120.64,478.0,309.8,1.03,48.0,88696.0,True,5,10,127
2009-05-07 11:00:00,15.42,55.7,813.0,538.01,338.0,306.8,1.1,30.0,88670.0,True,5,11,127
2009-05-07 12:00:00,15.21,55.25,630.0,329.38,370.0,315.4,1.24,358.0,88635.0,True,5,12,127
2009-05-07 13:00:00,14.72,59.3,58.0,0.0,58.0,308.6,1.24,334.0,88626.0,True,5,13,127
2009-05-07 14:00:00,14.3,60.65,41.0,0.0,41.0,309.2,1.45,329.0,88617.0,True,5,14,127
2009-05-07 15:00:00,14.01,59.7,168.0,124.16,131.0,311.0,1.17,359.0,88705.0,True,5,15,127
2009-05-07 16:00:00,13.36,62.85,46.0,108.67,35.0,299.0,0.62,69.0,88740.0,True,5,16,127
2009-05-07 17:00:00,11.78,71.5,0.0,-0.0,0.0,294.2,1.79,177.0,88722.0,True,5,17,127
2009-05-07 18:00:00,10.12,82.8,0.0,-0.0,0.0,290.8,1.93,199.0,88792.0,True,5,18,127
2009-05-07 19:00:00,8.97,87.85,0.0,-0.0,0.0,279.8,1.86,227.0,88854.0,True,5,19,127
2009-05-07 20:00:00,8.06,89.8,0.0,-0.0,0.0,278.8,2.0,241.0,88897.0,True,5,20,127
2009-05-07 21:00:00,7.33,90.8,0.0,-0.0,0.0,276.0,2.07,250.0,88889.0,True,5,21,127
2009-05-07 22:00:00,6.97,91.45,0.0,-0.0,0.0,284.4,2.0,254.0,88932.0,True,5,22,127
2009-05-07 23:00:00,6.07,92.05,0.0,-0.0,0.0,263.8,2.14,260.0,88932.0,True,5,23,127
2009-05-08 00:00:00,5.36,92.55,0.0,-0.0,0.0,263.2,2.07,267.0,88897.0,True,5,0,128
2009-05-08 01:00:00,4.73,92.6,0.0,-0.0,0.0,259.0,2.07,275.0,88915.0,True,5,1,128
2009-05-08 02:00:00,4.26,92.75,0.0,-0.0,0.0,259.0,2.07,282.0,88915.0,True,5,2,128
2009-05-08 03:00:00,3.91,92.95,3.0,0.0,3.0,256.8,2.0,286.0,88967.0,True,5,3,128
2009-05-08 04:00:00,5.69,91.8,142.0,120.06,111.0,262.4,1.31,286.0,88993.0,True,5,4,128
2009-05-08 05:00:00,9.84,80.9,393.0,540.68,150.0,271.4,1.03,296.0,89063.0,True,5,5,128
2009-05-08 06:00:00,11.96,66.55,618.0,763.2,143.0,274.2,1.38,324.0,89055.0,True,5,6,128
2009-05-08 07:00:00,13.27,59.2,713.0,582.82,267.0,286.0,2.21,322.0,89063.0,True,5,7,128
2009-05-08 08:00:00,14.01,53.8,320.0,3.46,317.0,302.2,2.14,316.0,89055.0,True,5,8,128
2009-05-08 09:00:00,14.7,49.8,169.0,0.0,169.0,311.6,1.93,308.0,89037.0,True,5,9,128
2009-05-08 10:00:00,15.46,46.4,848.0,512.86,371.0,307.6,2.07,309.0,89063.0,True,5,10,128
2009-05-08 11:00:00,15.9,44.55,139.0,0.0,139.0,301.6,2.14,324.0,89037.0,True,5,11,128
2009-05-08 12:00:00,16.43,44.25,745.0,600.38,270.0,322.0,2.07,342.0,88976.0,True,5,12,128
2009-05-08 13:00:00,16.5,44.9,116.0,0.0,116.0,306.8,2.07,348.0,88932.0,True,5,13,128
2009-05-08 14:00:00,16.1,47.1,186.0,10.23,181.0,305.6,2.14,346.0,88906.0,True,5,14,128
2009-05-08 15:00:00,15.11,49.85,214.0,302.91,123.0,309.6,1.93,323.0,88871.0,True,5,15,128
2009-05-08 16:00:00,14.15,56.9,40.0,57.73,34.0,292.6,1.93,294.0,88915.0,True,5,16,128
2009-05-08 17:00:00,12.58,66.25,0.0,-0.0,0.0,309.2,2.41,321.0,88967.0,True,5,17,128
2009-05-08 18:00:00,11.46,73.75,0.0,-0.0,0.0,307.8,2.76,336.0,89046.0,True,5,18,128
2009-05-08 19:00:00,10.57,76.75,0.0,-0.0,0.0,303.8,1.93,330.0,89133.0,True,5,19,128
2009-05-08 20:00:00,9.61,83.0,0.0,-0.0,0.0,298.6,1.86,310.0,89125.0,True,5,20,128
2009-05-08 21:00:00,8.75,87.8,0.0,-0.0,0.0,294.6,1.72,294.0,89133.0,True,5,21,128
2009-05-08 22:00:00,8.32,89.5,0.0,-0.0,0.0,298.2,1.86,296.0,89133.0,True,5,22,128
2009-05-08 23:00:00,8.16,89.05,0.0,-0.0,0.0,301.0,2.0,304.0,89107.0,True,5,23,128
2009-05-09 00:00:00,7.45,88.95,0.0,-0.0,0.0,276.4,2.28,309.0,89125.0,True,5,0,129
2009-05-09 01:00:00,6.92,88.9,0.0,-0.0,0.0,275.6,2.34,316.0,89125.0,True,5,1,129
2009-05-09 02:00:00,6.54,88.9,0.0,-0.0,0.0,279.2,2.34,321.0,89151.0,True,5,2,129
2009-05-09 03:00:00,6.15,88.55,4.0,0.0,4.0,274.6,2.34,326.0,89221.0,True,5,3,129
2009-05-09 04:00:00,6.96,86.2,112.0,38.31,102.0,271.8,2.0,330.0,89247.0,True,5,4,129
2009-05-09 05:00:00,8.94,71.25,319.0,250.01,206.0,262.6,2.69,337.0,89282.0,True,5,5,129
2009-05-09 06:00:00,10.48,61.8,324.0,56.03,289.0,267.2,3.03,347.0,89238.0,True,5,6,129
2009-05-09 07:00:00,12.05,55.55,769.0,749.41,194.0,268.4,3.38,350.0,89221.0,True,5,7,129
2009-05-09 08:00:00,13.2,48.85,682.0,297.65,423.0,268.8,3.45,349.0,89186.0,True,5,8,129
2009-05-09 09:00:00,14.13,43.9,744.0,320.65,447.0,279.8,3.45,350.0,89168.0,True,5,9,129
2009-05-09 10:00:00,14.85,40.9,833.0,478.68,387.0,277.4,3.59,351.0,89168.0,True,5,10,129
2009-05-09 11:00:00,15.4,38.7,856.0,637.5,291.0,286.4,3.72,352.0,89098.0,True,5,11,129
2009-05-09 12:00:00,15.88,37.1,794.0,742.81,205.0,282.4,4.07,354.0,89055.0,True,5,12,129
2009-05-09 13:00:00,16.04,36.25,522.0,340.38,298.0,282.6,4.34,355.0,89011.0,True,5,13,129
2009-05-09 14:00:00,15.87,35.8,468.0,717.02,116.0,279.8,4.48,354.0,88976.0,True,5,14,129
2009-05-09 15:00:00,15.36,35.7,248.0,498.63,97.0,279.4,4.28,352.0,88985.0,True,5,15,129
2009-05-09 16:00:00,14.43,39.3,55.0,159.44,38.0,284.4,3.24,345.0,88993.0,True,5,16,129
2009-05-09 17:00:00,12.52,45.9,0.0,-0.0,0.0,268.8,2.62,329.0,89046.0,True,5,17,129
2009-05-09 18:00:00,11.05,52.55,0.0,-0.0,0.0,274.8,2.41,323.0,89090.0,True,5,18,129
2009-05-09 19:00:00,9.51,65.7,0.0,-0.0,0.0,266.4,1.93,332.0,89151.0,True,5,19,129
2009-05-09 20:00:00,8.39,68.3,0.0,-0.0,0.0,263.4,1.93,324.0,89168.0,True,5,20,129
2009-05-09 21:00:00,7.33,71.8,0.0,-0.0,0.0,263.8,2.14,320.0,89177.0,True,5,21,129
2009-05-09 22:00:00,6.66,73.0,0.0,-0.0,0.0,261.8,2.41,323.0,89168.0,True,5,22,129
2009-05-09 23:00:00,6.31,73.7,0.0,-0.0,0.0,265.2,2.62,326.0,89168.0,True,5,23,129
2009-05-10 00:00:00,6.09,74.8,0.0,-0.0,0.0,263.8,2.76,329.0,89168.0,True,5,0,130
2009-05-10 01:00:00,6.0,76.6,0.0,-0.0,0.0,268.8,2.76,329.0,89195.0,True,5,1,130
2009-05-10 02:00:00,5.41,80.3,0.0,-0.0,0.0,254.8,2.76,328.0,89221.0,True,5,2,130
2009-05-10 03:00:00,4.94,83.15,3.0,0.0,3.0,253.4,2.69,326.0,89256.0,True,5,3,130
2009-05-10 04:00:00,6.05,81.85,127.0,68.24,109.0,252.8,2.41,329.0,89291.0,True,5,4,130
2009-05-10 05:00:00,8.93,69.0,421.0,655.77,123.0,255.2,3.31,341.0,89299.0,True,5,5,130
2009-05-10 06:00:00,10.66,63.65,626.0,780.12,137.0,259.4,3.72,354.0,89256.0,True,5,6,130
2009-05-10 07:00:00,12.64,56.5,801.0,858.01,141.0,267.0,4.0,8.0,89230.0,True,5,7,130
2009-05-10 08:00:00,13.57,48.7,903.0,814.31,193.0,299.0,4.14,15.0,89186.0,True,5,8,130
2009-05-10 09:00:00,14.42,44.3,897.0,634.78,308.0,299.8,4.14,21.0,89160.0,True,5,9,130
2009-05-10 10:00:00,14.85,43.75,803.0,415.71,415.0,283.6,4.14,22.0,89160.0,True,5,10,130
2009-05-10 11:00:00,15.28,43.7,752.0,398.69,398.0,286.0,4.28,19.0,89151.0,True,5,11,130
2009-05-10 12:00:00,15.76,43.7,565.0,207.63,400.0,294.8,4.34,17.0,89081.0,True,5,12,130
2009-05-10 13:00:00,16.05,42.8,653.0,750.01,158.0,280.0,4.55,13.0,89046.0,True,5,13,130
2009-05-10 14:00:00,15.67,42.95,468.0,705.82,120.0,291.6,4.76,12.0,88985.0,True,5,14,130
2009-05-10 15:00:00,14.85,44.25,251.0,498.02,99.0,290.0,4.21,12.0,88985.0,True,5,15,130
2009-05-10 16:00:00,14.05,48.45,43.0,54.9,37.0,283.0,3.03,2.0,88976.0,True,5,16,130
2009-05-10 17:00:00,12.58,55.0,0.0,-0.0,0.0,283.0,2.48,355.0,88976.0,True,5,17,130
2009-05-10 18:00:00,11.09,62.65,0.0,-0.0,0.0,272.6,2.34,350.0,89028.0,True,5,18,130
2009-05-10 19:00:00,9.69,66.45,0.0,-0.0,0.0,272.4,1.93,335.0,89028.0,True,5,19,130
2009-05-10 20:00:00,8.75,69.25,0.0,-0.0,0.0,277.4,1.93,326.0,89046.0,True,5,20,130
2009-05-10 21:00:00,8.14,71.5,0.0,-0.0,0.0,283.4,2.0,328.0,89037.0,True,5,21,130
2009-05-10 22:00:00,7.37,74.2,0.0,-0.0,0.0,271.8,2.14,337.0,89046.0,True,5,22,130
2009-05-10 23:00:00,6.57,77.8,0.0,-0.0,0.0,262.4,2.28,341.0,89028.0,True,5,23,130
2009-05-11 00:00:00,6.11,80.95,0.0,-0.0,0.0,267.6,2.21,337.0,89028.0,True,5,0,131
2009-05-11 01:00:00,5.5,84.25,0.0,-0.0,0.0,260.8,2.21,330.0,89046.0,True,5,1,131
2009-05-11 02:00:00,5.02,86.65,0.0,-0.0,0.0,261.2,2.28,323.0,89046.0,True,5,2,131
2009-05-11 03:00:00,4.63,88.45,7.0,0.0,7.0,259.2,2.28,321.0,89090.0,True,5,3,131
2009-05-11 04:00:00,5.87,88.15,203.0,401.61,96.0,258.8,1.86,324.0,89107.0,True,5,4,131
2009-05-11 05:00:00,9.67,72.95,426.0,669.87,120.0,263.4,2.21,342.0,89116.0,True,5,5,131
2009-05-11 06:00:00,11.53,65.85,625.0,766.37,143.0,268.2,2.9,9.0,89090.0,True,5,6,131
2009-05-11 07:00:00,12.42,60.0,799.0,841.65,150.0,286.8,3.38,28.0,89072.0,True,5,7,131
2009-05-11 08:00:00,13.03,54.8,909.0,831.03,183.0,298.6,3.66,28.0,89055.0,True,5,8,131
2009-05-11 09:00:00,13.74,50.6,972.0,831.65,199.0,310.0,3.59,25.0,89055.0,True,5,9,131
2009-05-11 10:00:00,14.53,47.0,952.0,759.44,242.0,301.2,3.59,20.0,89011.0,True,5,10,131
2009-05-11 11:00:00,14.75,45.2,858.0,637.44,291.0,306.6,3.38,17.0,88993.0,True,5,11,131
2009-05-11 12:00:00,15.09,43.95,297.0,5.02,293.0,304.4,3.31,10.0,88950.0,True,5,12,131
2009-05-11 13:00:00,15.46,42.5,613.0,596.8,218.0,295.8,3.24,6.0,88932.0,True,5,13,131
2009-05-11 14:00:00,15.5,41.0,465.0,680.61,128.0,294.2,3.03,4.0,88871.0,True,5,14,131
2009-05-11 15:00:00,15.35,39.65,234.0,380.4,117.0,287.8,2.69,359.0,88854.0,True,5,15,131
2009-05-11 16:00:00,14.75,42.75,42.0,44.67,37.0,276.4,1.52,345.0,88845.0,True,5,16,131
2009-05-11 17:00:00,12.89,61.6,0.0,-0.0,0.0,271.4,1.03,289.0,88854.0,True,5,17,131
2009-05-11 18:00:00,11.32,60.8,0.0,-0.0,0.0,273.4,1.31,261.0,88889.0,True,5,18,131
2009-05-11 19:00:00,12.39,44.1,0.0,-0.0,0.0,271.4,0.97,281.0,88967.0,True,5,19,131
2009-05-11 20:00:00,9.63,57.55,0.0,-0.0,0.0,265.2,1.59,273.0,88976.0,True,5,20,131
2009-05-11 21:00:00,8.28,64.0,0.0,-0.0,0.0,270.6,1.79,275.0,88976.0,True,5,21,131
2009-05-11 22:00:00,7.65,67.2,0.0,-0.0,0.0,276.8,1.79,283.0,88967.0,True,5,22,131
2009-05-11 23:00:00,7.07,68.05,0.0,-0.0,0.0,258.0,1.72,290.0,88985.0,True,5,23,131
2009-05-12 00:00:00,6.63,68.45,0.0,-0.0,0.0,257.6,1.72,296.0,88993.0,True,5,0,132
2009-05-12 01:00:00,6.42,67.75,0.0,-0.0,0.0,256.2,1.66,300.0,88976.0,True,5,1,132
2009-05-12 02:00:00,6.35,66.45,0.0,-0.0,0.0,255.4,1.59,300.0,89002.0,True,5,2,132
2009-05-12 03:00:00,6.15,66.45,23.0,27.16,21.0,254.6,1.59,298.0,89002.0,True,5,3,132
2009-05-12 04:00:00,7.39,66.05,215.0,468.41,89.0,255.8,1.17,294.0,89072.0,True,5,4,132
2009-05-12 05:00:00,10.59,69.3,435.0,710.1,109.0,259.8,0.55,318.0,89072.0,True,5,5,132
2009-05-12 06:00:00,13.25,49.15,630.0,781.34,137.0,266.2,0.48,62.0,89081.0,True,5,6,132
2009-05-12 07:00:00,14.91,44.2,801.0,842.26,150.0,275.0,0.9,117.0,89081.0,True,5,7,132
2009-05-12 08:00:00,16.07,41.5,843.0,634.1,288.0,279.0,0.76,83.0,89081.0,True,5,8,132
2009-05-12 09:00:00,16.95,37.85,937.0,730.38,257.0,296.2,1.1,68.0,89046.0,True,5,9,132
2009-05-12 10:00:00,17.65,35.75,922.0,675.99,289.0,304.4,0.97,66.0,89037.0,True,5,10,132
2009-05-12 11:00:00,18.04,33.9,870.0,664.38,278.0,308.6,0.9,43.0,88976.0,True,5,11,132
2009-05-12 12:00:00,18.52,32.9,826.0,834.55,160.0,330.4,1.24,17.0,88950.0,True,5,12,132
2009-05-12 13:00:00,18.86,33.1,661.0,765.4,153.0,318.8,1.93,10.0,88941.0,True,5,13,132
2009-05-12 14:00:00,18.69,33.8,425.0,488.72,182.0,318.8,2.28,11.0,88915.0,True,5,14,132
2009-05-12 15:00:00,18.22,35.3,270.0,606.63,82.0,326.6,2.62,17.0,88915.0,True,5,15,132
2009-05-12 16:00:00,17.17,42.2,66.0,235.7,39.0,322.0,2.28,31.0,88950.0,True,5,16,132
2009-05-12 17:00:00,15.77,49.2,0.0,-0.0,0.0,338.6,2.21,50.0,88932.0,True,5,17,132
2009-05-12 18:00:00,13.69,62.65,0.0,-0.0,0.0,303.0,1.66,73.0,88985.0,True,5,18,132
2009-05-12 19:00:00,13.68,51.95,0.0,-0.0,0.0,275.8,0.62,114.0,89020.0,True,5,19,132
2009-05-12 20:00:00,12.86,55.15,0.0,-0.0,0.0,273.2,1.1,208.0,89002.0,True,5,20,132
2009-05-12 21:00:00,10.12,68.4,0.0,-0.0,0.0,271.4,1.79,232.0,89046.0,True,5,21,132
2009-05-12 22:00:00,9.2,71.55,0.0,-0.0,0.0,270.6,1.86,243.0,89020.0,True,5,22,132
2009-05-12 23:00:00,8.88,71.65,0.0,-0.0,0.0,269.0,1.72,245.0,89046.0,True,5,23,132
2009-05-13 00:00:00,8.57,71.95,0.0,-0.0,0.0,268.4,1.66,239.0,89020.0,True,5,0,133
2009-05-13 01:00:00,8.02,73.4,0.0,-0.0,0.0,267.2,1.79,230.0,89011.0,True,5,1,133
2009-05-13 02:00:00,7.58,74.2,0.0,-0.0,0.0,265.8,1.86,232.0,89028.0,True,5,2,133
2009-05-13 03:00:00,7.12,75.25,18.0,0.0,18.0,264.6,1.93,236.0,89037.0,True,5,3,133
2009-05-13 04:00:00,8.51,74.7,194.0,316.78,108.0,265.6,1.45,235.0,89072.0,True,5,4,133
2009-05-13 05:00:00,12.73,68.0,418.0,611.32,136.0,270.0,1.24,207.0,89090.0,True,5,5,133
2009-05-13 06:00:00,16.01,47.0,575.0,564.05,218.0,276.8,1.52,187.0,89081.0,True,5,6,133
2009-05-13 07:00:00,17.65,40.6,803.0,842.95,150.0,284.6,1.17,187.0,89072.0,True,5,7,133
2009-05-13 08:00:00,18.85,36.35,933.0,896.4,147.0,290.8,0.55,196.0,89046.0,True,5,8,133
2009-05-13 09:00:00,19.77,34.35,997.0,897.57,160.0,295.6,0.14,276.0,89037.0,True,5,9,133
2009-05-13 10:00:00,20.5,33.0,1003.0,898.84,160.0,299.2,0.41,0.0,88985.0,True,5,10,133
2009-05-13 11:00:00,20.96,32.25,942.0,868.28,167.0,303.2,0.83,358.0,88932.0,True,5,11,133
2009-05-13 12:00:00,21.3,31.9,841.0,884.11,134.0,310.0,1.17,344.0,88924.0,True,5,12,133
2009-05-13 13:00:00,21.46,32.05,648.0,709.21,176.0,307.8,1.52,345.0,88897.0,True,5,13,133
2009-05-13 14:00:00,21.44,32.25,414.0,440.64,194.0,304.2,1.72,353.0,88845.0,True,5,14,133
2009-05-13 15:00:00,21.09,32.4,277.0,650.17,74.0,303.0,1.52,357.0,88819.0,True,5,15,133
2009-05-13 16:00:00,20.19,38.85,66.0,213.4,41.0,315.4,1.31,21.0,88792.0,True,5,16,133
2009-05-13 17:00:00,17.88,55.85,0.0,-0.0,0.0,309.6,1.45,27.0,88810.0,True,5,17,133
2009-05-13 18:00:00,16.34,53.5,0.0,-0.0,0.0,294.2,1.24,15.0,88862.0,True,5,18,133
2009-05-13 19:00:00,15.36,54.7,0.0,-0.0,0.0,294.2,1.38,327.0,88889.0,True,5,19,133
2009-05-13 20:00:00,13.8,60.3,0.0,-0.0,0.0,293.0,1.66,298.0,88906.0,True,5,20,133
2009-05-13 21:00:00,12.56,64.7,0.0,-0.0,0.0,289.6,1.72,281.0,88915.0,True,5,21,133
2009-05-13 22:00:00,11.77,67.9,0.0,-0.0,0.0,296.8,1.79,270.0,88924.0,True,5,22,133
2009-05-13 23:00:00,11.23,69.95,0.0,-0.0,0.0,296.0,1.86,266.0,88924.0,True,5,23,133
2009-05-14 00:00:00,10.68,71.0,0.0,-0.0,0.0,282.0,1.86,268.0,88889.0,True,5,0,134
2009-05-14 01:00:00,10.28,71.45,0.0,-0.0,0.0,280.0,1.86,271.0,88871.0,True,5,1,134
2009-05-14 02:00:00,9.87,72.25,0.0,-0.0,0.0,279.0,1.93,276.0,88889.0,True,5,2,134
2009-05-14 03:00:00,9.56,72.7,22.0,12.65,21.0,277.8,1.93,279.0,88924.0,True,5,3,134
2009-05-14 04:00:00,10.77,72.65,194.0,310.36,109.0,279.4,1.45,276.0,88950.0,True,5,4,134
2009-05-14 05:00:00,14.7,73.4,414.0,580.46,145.0,285.0,0.76,286.0,88985.0,True,5,5,134
2009-05-14 06:00:00,18.13,45.45,624.0,738.81,155.0,291.6,0.9,330.0,89011.0,True,5,6,134
2009-05-14 07:00:00,19.07,43.85,800.0,826.97,158.0,296.6,1.59,8.0,88958.0,True,5,7,134
2009-05-14 08:00:00,20.06,40.15,924.0,862.97,166.0,303.2,1.31,8.0,88958.0,True,5,8,134
2009-05-14 09:00:00,20.66,38.1,971.0,815.89,209.0,320.6,1.03,3.0,88924.0,True,5,9,134
2009-05-14 10:00:00,21.24,37.2,323.0,1.06,322.0,325.6,1.24,346.0,88906.0,True,5,10,134
2009-05-14 11:00:00,21.82,36.75,558.0,114.09,456.0,323.0,1.72,336.0,88880.0,True,5,11,134
2009-05-14 12:00:00,22.12,36.65,768.0,640.22,255.0,316.8,2.14,337.0,88819.0,True,5,12,134
2009-05-14 13:00:00,22.29,36.55,665.0,767.24,153.0,317.8,2.28,335.0,88757.0,True,5,13,134
2009-05-14 14:00:00,22.26,36.5,492.0,791.94,95.0,321.6,2.62,339.0,88722.0,True,5,14,134
2009-05-14 15:00:00,21.59,36.05,268.0,556.4,93.0,314.6,2.69,344.0,88714.0,True,5,15,134
2009-05-14 16:00:00,20.26,44.15,72.0,267.29,40.0,325.6,2.14,358.0,88740.0,True,5,16,134
2009-05-14 17:00:00,18.44,51.2,0.0,-0.0,0.0,322.2,2.48,356.0,88784.0,True,5,17,134
2009-05-14 18:00:00,16.63,58.7,0.0,-0.0,0.0,315.0,2.48,349.0,88827.0,True,5,18,134
2009-05-14 19:00:00,15.53,62.15,0.0,-0.0,0.0,312.6,2.34,346.0,88871.0,True,5,19,134
2009-05-14 20:00:00,14.15,67.5,0.0,-0.0,0.0,305.8,2.28,338.0,88880.0,True,5,20,134
2009-05-14 21:00:00,13.09,71.45,0.0,-0.0,0.0,301.8,2.14,327.0,88906.0,True,5,21,134
2009-05-14 22:00:00,12.34,73.35,0.0,-0.0,0.0,296.2,2.0,316.0,88897.0,True,5,22,134
2009-05-14 23:00:00,11.97,73.45,0.0,-0.0,0.0,294.0,1.86,304.0,88915.0,True,5,23,134
2009-05-15 00:00:00,11.54,74.2,0.0,-0.0,0.0,292.4,1.79,293.0,88906.0,True,5,0,135
2009-05-15 01:00:00,10.9,76.1,0.0,-0.0,0.0,290.0,1.79,286.0,88897.0,True,5,1,135
2009-05-15 02:00:00,10.47,77.15,0.0,-0.0,0.0,287.6,1.79,287.0,88915.0,True,5,2,135
2009-05-15 03:00:00,10.28,77.0,19.0,0.0,19.0,286.0,1.72,291.0,88950.0,True,5,3,135
2009-05-15 04:00:00,11.74,75.2,197.0,311.39,111.0,287.0,1.31,298.0,88976.0,True,5,4,135
2009-05-15 05:00:00,15.53,68.3,418.0,590.81,143.0,291.2,1.1,330.0,89011.0,True,5,5,135
2009-05-15 06:00:00,18.2,52.75,626.0,739.87,155.0,298.2,1.45,4.0,89037.0,True,5,6,135
2009-05-15 07:00:00,19.77,49.6,806.0,843.26,150.0,306.4,1.72,22.0,89011.0,True,5,7,135
2009-05-15 08:00:00,21.01,43.7,936.0,896.77,147.0,312.6,1.93,39.0,88976.0,True,5,8,135
2009-05-15 09:00:00,21.98,39.7,977.0,831.79,199.0,318.6,2.07,42.0,88941.0,True,5,9,135
2009-05-15 10:00:00,22.48,37.6,936.0,702.68,275.0,326.8,2.07,36.0,88889.0,True,5,10,135
2009-05-15 11:00:00,23.02,36.05,819.0,527.08,347.0,322.4,2.07,29.0,88845.0,True,5,11,135
2009-05-15 12:00:00,23.44,35.0,698.0,453.38,334.0,330.0,2.21,24.0,88810.0,True,5,12,135
2009-05-15 13:00:00,23.56,34.4,460.0,194.29,330.0,326.2,2.48,23.0,88766.0,True,5,13,135
2009-05-15 14:00:00,23.44,34.5,190.0,9.93,185.0,327.4,2.76,24.0,88766.0,True,5,14,135
2009-05-15 15:00:00,22.68,36.15,205.0,208.34,139.0,318.6,2.48,25.0,88775.0,True,5,15,135
2009-05-15 16:00:00,21.55,43.05,62.0,147.22,44.0,327.2,1.86,33.0,88784.0,True,5,16,135
2009-05-15 17:00:00,19.7,51.4,0.0,-0.0,0.0,322.6,2.0,41.0,88810.0,True,5,17,135
2009-05-15 18:00:00,17.28,63.8,0.0,-0.0,0.0,310.4,1.79,30.0,88854.0,True,5,18,135
2009-05-15 19:00:00,16.23,62.2,0.0,-0.0,0.0,300.8,1.52,355.0,88915.0,True,5,19,135
2009-05-15 20:00:00,15.13,65.05,0.0,-0.0,0.0,303.4,1.66,320.0,88932.0,True,5,20,135
2009-05-15 21:00:00,14.01,68.5,0.0,-0.0,0.0,296.8,1.86,306.0,88941.0,True,5,21,135
2009-05-15 22:00:00,13.4,69.4,0.0,-0.0,0.0,294.4,1.86,299.0,88950.0,True,5,22,135
2009-05-15 23:00:00,13.07,68.9,0.0,-0.0,0.0,291.8,1.79,299.0,88924.0,True,5,23,135
2009-05-16 00:00:00,13.21,66.05,0.0,-0.0,0.0,289.8,1.72,309.0,88924.0,True,5,0,136
2009-05-16 01:00:00,13.55,62.55,0.0,-0.0,0.0,287.8,1.59,318.0,88941.0,True,5,1,136
2009-05-16 02:00:00,13.62,60.9,0.0,-0.0,0.0,286.0,1.52,321.0,88967.0,True,5,2,136
2009-05-16 03:00:00,13.29,61.7,45.0,213.9,27.0,283.8,1.45,315.0,88993.0,True,5,3,136
2009-05-16 04:00:00,14.15,60.75,215.0,409.47,101.0,284.4,1.1,309.0,89002.0,True,5,4,136
2009-05-16 05:00:00,16.07,70.45,437.0,676.04,121.0,287.2,0.76,337.0,89028.0,True,5,5,136
2009-05-16 06:00:00,19.13,48.6,635.0,769.2,144.0,293.4,1.1,30.0,89028.0,True,5,6,136
2009-05-16 07:00:00,21.1,40.2,808.0,844.17,150.0,300.6,1.38,61.0,89020.0,True,5,7,136
2009-05-16 08:00:00,22.47,33.05,942.0,913.5,137.0,306.0,1.79,62.0,88976.0,True,5,8,136
2009-05-16 09:00:00,23.58,28.9,1006.0,914.95,149.0,309.8,2.07,58.0,88958.0,True,5,9,136
2009-05-16 10:00:00,24.45,26.65,1007.0,899.13,160.0,312.4,2.34,55.0,88932.0,True,5,10,136
2009-05-16 11:00:00,25.07,25.45,951.0,884.15,158.0,314.6,2.48,51.0,88871.0,True,5,11,136
2009-05-16 12:00:00,25.44,24.75,846.0,883.88,135.0,315.4,2.55,47.0,88827.0,True,5,12,136
2009-05-16 13:00:00,25.5,24.6,683.0,827.33,128.0,315.8,2.55,43.0,88792.0,True,5,13,136
2009-05-16 14:00:00,25.26,25.2,484.0,724.35,118.0,314.8,2.62,38.0,88749.0,True,5,14,136
2009-05-16 15:00:00,24.68,27.3,265.0,510.92,102.0,313.0,2.76,30.0,88766.0,True,5,15,136
2009-05-16 16:00:00,23.06,35.0,74.0,240.42,44.0,310.4,2.69,19.0,88792.0,True,5,16,136
2009-05-16 17:00:00,20.59,42.8,0.0,-0.0,0.0,305.2,2.76,12.0,88819.0,True,5,17,136
2009-05-16 18:00:00,18.28,52.8,0.0,-0.0,0.0,301.2,2.41,360.0,88889.0,True,5,18,136
2009-05-16 19:00:00,16.51,58.55,0.0,-0.0,0.0,296.8,2.28,341.0,88906.0,True,5,19,136
2009-05-16 20:00:00,15.29,60.8,0.0,-0.0,0.0,295.4,2.14,322.0,88924.0,True,5,20,136
2009-05-16 21:00:00,14.73,59.9,0.0,-0.0,0.0,293.8,2.0,318.0,88906.0,True,5,21,136
2009-05-16 22:00:00,14.67,57.15,0.0,-0.0,0.0,293.4,1.93,322.0,88915.0,True,5,22,136
2009-05-16 23:00:00,14.34,56.8,0.0,-0.0,0.0,292.2,1.86,322.0,88880.0,True,5,23,136
2009-05-17 00:00:00,13.92,57.8,0.0,-0.0,0.0,291.8,1.86,313.0,88897.0,True,5,0,137
2009-05-17 01:00:00,13.66,58.45,0.0,-0.0,0.0,290.4,1.79,308.0,88915.0,True,5,1,137
2009-05-17 02:00:00,13.54,58.5,0.0,-0.0,0.0,289.8,1.72,307.0,88889.0,True,5,2,137
2009-05-17 03:00:00,13.67,57.9,36.0,80.87,29.0,288.0,1.59,305.0,88932.0,True,5,3,137
2009-05-17 04:00:00,15.04,55.5,230.0,509.73,87.0,288.2,1.24,296.0,88932.0,True,5,4,137
2009-05-17 05:00:00,17.15,65.55,444.0,703.17,114.0,291.4,0.76,309.0,88958.0,True,5,5,137
2009-05-17 06:00:00,20.53,43.6,640.0,784.4,138.0,297.6,0.55,3.0,88958.0,True,5,6,137
2009-05-17 07:00:00,22.58,37.65,814.0,860.51,142.0,303.6,1.03,46.0,88924.0,True,5,7,137
2009-05-17 08:00:00,24.26,30.1,938.0,896.25,147.0,310.6,1.66,62.0,88897.0,True,5,8,137
2009-05-17 09:00:00,25.3,25.8,1007.0,914.76,149.0,315.0,1.86,61.0,88836.0,True,5,9,137
2009-05-17 10:00:00,26.04,24.05,1014.0,915.92,150.0,318.6,1.66,55.0,88810.0,True,5,10,137
2009-05-17 11:00:00,26.55,22.9,952.0,885.02,157.0,320.0,1.66,45.0,88749.0,True,5,11,137
2009-05-17 12:00:00,26.93,22.2,848.0,884.69,135.0,322.4,1.86,38.0,88705.0,True,5,12,137
2009-05-17 13:00:00,27.02,21.85,688.0,843.06,121.0,323.6,1.93,35.0,88679.0,True,5,13,137
2009-05-17 14:00:00,26.8,22.1,489.0,739.3,114.0,323.6,2.14,31.0,88617.0,True,5,14,137
2009-05-17 15:00:00,26.12,24.05,273.0,554.08,95.0,330.0,2.07,19.0,88652.0,True,5,15,137
2009-05-17 16:00:00,24.5,32.0,70.0,180.72,47.0,333.8,2.34,4.0,88626.0,True,5,16,137
2009-05-17 17:00:00,21.92,39.85,0.0,-0.0,0.0,319.4,2.41,357.0,88687.0,True,5,17,137
2009-05-17 18:00:00,19.35,50.6,0.0,-0.0,0.0,312.0,2.21,340.0,88749.0,True,5,18,137
2009-05-17 19:00:00,17.78,56.3,0.0,-0.0,0.0,319.0,1.93,317.0,88784.0,True,5,19,137
2009-05-17 20:00:00,16.63,58.7,0.0,-0.0,0.0,316.4,2.0,297.0,88792.0,True,5,20,137
2009-05-17 21:00:00,15.71,60.9,0.0,-0.0,0.0,308.4,2.0,284.0,88792.0,True,5,21,137
2009-05-17 22:00:00,14.96,62.85,0.0,-0.0,0.0,303.2,2.0,277.0,88775.0,True,5,22,137
2009-05-17 23:00:00,14.86,61.3,0.0,-0.0,0.0,302.8,1.86,276.0,88757.0,True,5,23,137
2009-05-18 00:00:00,14.9,58.3,0.0,-0.0,0.0,295.8,1.79,278.0,88757.0,True,5,0,138
2009-05-18 01:00:00,15.11,54.45,0.0,-0.0,0.0,296.4,1.72,278.0,88731.0,True,5,1,138
2009-05-18 02:00:00,15.56,49.5,0.0,-0.0,0.0,291.6,1.66,279.0,88722.0,True,5,2,138
2009-05-18 03:00:00,16.64,42.55,31.0,45.01,27.0,290.2,1.45,281.0,88757.0,True,5,3,138
2009-05-18 04:00:00,17.86,38.5,216.0,396.34,104.0,291.6,1.1,281.0,88766.0,True,5,4,138
2009-05-18 05:00:00,19.17,48.45,429.0,615.58,139.0,297.2,0.34,316.0,88792.0,True,5,5,138
2009-05-18 06:00:00,22.02,30.3,627.0,727.92,160.0,305.0,0.76,53.0,88784.0,True,5,6,138
2009-05-18 07:00:00,23.71,31.15,806.0,828.29,158.0,313.2,1.17,69.0,88749.0,True,5,7,138
2009-05-18 08:00:00,25.34,28.0,935.0,880.24,157.0,319.8,1.86,79.0,88696.0,True,5,8,138
2009-05-18 09:00:00,26.58,25.0,1003.0,897.59,160.0,325.8,2.14,85.0,88661.0,True,5,9,138
2009-05-18 10:00:00,27.39,23.35,1009.0,899.89,159.0,330.2,1.86,84.0,88591.0,True,5,10,138
2009-05-18 11:00:00,27.96,22.1,959.0,901.49,148.0,334.2,1.45,72.0,88539.0,True,5,11,138
2009-05-18 12:00:00,28.32,21.3,849.0,884.3,135.0,337.6,1.72,52.0,88486.0,True,5,12,138
2009-05-18 13:00:00,28.23,21.25,687.0,829.08,128.0,343.0,2.0,43.0,88460.0,True,5,13,138
2009-05-18 14:00:00,27.82,21.8,464.0,610.8,153.0,344.8,1.59,27.0,88416.0,True,5,14,138
2009-05-18 15:00:00,26.61,24.4,204.0,188.6,143.0,356.0,1.52,347.0,88416.0,True,5,15,138
2009-05-18 16:00:00,25.12,31.45,88.0,385.43,38.0,345.0,2.48,356.0,88425.0,True,5,16,138
2009-05-18 17:00:00,22.82,38.35,0.0,-0.0,0.0,328.0,2.83,349.0,88443.0,True,5,17,138
2009-05-18 18:00:00,20.52,46.1,0.0,-0.0,0.0,314.6,2.9,344.0,88486.0,True,5,18,138
2009-05-18 19:00:00,18.91,53.85,0.0,-0.0,0.0,316.2,2.34,359.0,88530.0,True,5,19,138
2009-05-18 20:00:00,17.56,56.75,0.0,-0.0,0.0,313.6,2.28,345.0,88539.0,True,5,20,138
2009-05-18 21:00:00,16.41,58.2,0.0,-0.0,0.0,308.4,2.41,339.0,88530.0,True,5,21,138
2009-05-18 22:00:00,15.3,60.8,0.0,-0.0,0.0,304.8,2.62,334.0,88530.0,True,5,22,138
2009-05-18 23:00:00,14.49,63.6,0.0,-0.0,0.0,304.4,2.69,329.0,88539.0,True,5,23,138
2009-05-19 00:00:00,13.76,67.7,0.0,-0.0,0.0,304.0,2.55,328.0,88504.0,True,5,0,139
2009-05-19 01:00:00,13.04,72.55,0.0,-0.0,0.0,301.2,2.41,328.0,88513.0,True,5,1,139
2009-05-19 02:00:00,12.58,76.6,0.0,-0.0,0.0,302.8,2.28,326.0,88530.0,True,5,2,139
2009-05-19 03:00:00,12.42,79.15,55.0,307.38,27.0,303.8,1.93,317.0,88521.0,True,5,3,139
2009-05-19 04:00:00,14.28,75.75,243.0,583.38,77.0,310.4,1.31,313.0,88548.0,True,5,4,139
2009-05-19 05:00:00,17.33,66.7,121.0,0.0,121.0,309.2,1.72,350.0,88556.0,True,5,5,139
2009-05-19 06:00:00,20.05,55.45,355.0,74.64,307.0,317.8,2.76,19.0,88521.0,True,5,6,139
2009-05-19 07:00:00,22.89,44.95,776.0,723.52,209.0,319.8,2.69,45.0,88469.0,True,5,7,139
2009-05-19 08:00:00,24.97,36.75,926.0,847.39,176.0,331.8,3.45,64.0,88399.0,True,5,8,139
2009-05-19 09:00:00,26.83,29.35,999.0,881.57,170.0,342.0,4.21,80.0,88320.0,True,5,9,139
2009-05-19 10:00:00,28.2,23.2,1000.0,865.96,181.0,337.4,4.55,96.0,88285.0,True,5,10,139
2009-05-19 11:00:00,29.11,17.85,945.0,852.46,177.0,342.0,4.69,123.0,88137.0,True,5,11,139
2009-05-19 12:00:00,29.37,14.15,842.0,853.04,152.0,353.0,4.83,160.0,88128.0,True,5,12,139
2009-05-19 13:00:00,28.81,13.95,583.0,466.04,268.0,358.8,5.45,173.0,88102.0,True,5,13,139
2009-05-19 14:00:00,27.22,17.4,474.0,649.62,142.0,368.2,3.66,176.0,88084.0,True,5,14,139
2009-05-19 15:00:00,26.89,18.9,236.0,316.33,133.0,349.2,2.83,164.0,88032.0,True,5,15,139
2009-05-19 16:00:00,25.57,22.55,63.0,105.94,49.0,327.6,2.48,148.0,88032.0,True,5,16,139
2009-05-19 17:00:00,22.86,29.85,0.0,-0.0,0.0,310.4,2.34,138.0,88058.0,True,5,17,139
2009-05-19 18:00:00,20.5,33.3,0.0,-0.0,0.0,304.6,2.07,133.0,88137.0,True,5,18,139
2009-05-19 19:00:00,18.9,32.0,0.0,-0.0,0.0,299.6,1.79,127.0,88215.0,True,5,19,139
2009-05-19 20:00:00,18.18,30.85,0.0,-0.0,0.0,296.2,1.72,148.0,88224.0,True,5,20,139
2009-05-19 21:00:00,16.0,37.1,0.0,-0.0,0.0,291.6,2.34,170.0,88233.0,True,5,21,139
2009-05-19 22:00:00,14.38,41.0,0.0,-0.0,0.0,286.4,2.9,182.0,88215.0,True,5,22,139
2009-05-19 23:00:00,13.36,43.35,0.0,-0.0,0.0,281.0,2.9,190.0,88224.0,True,5,23,139
2009-05-20 00:00:00,12.66,45.65,0.0,-0.0,0.0,281.4,2.97,197.0,88198.0,True,5,0,140
2009-05-20 01:00:00,11.99,49.75,0.0,-0.0,0.0,278.4,2.9,203.0,88189.0,True,5,1,140
2009-05-20 02:00:00,11.37,55.4,0.0,-0.0,0.0,276.8,2.83,207.0,88215.0,True,5,2,140
2009-05-20 03:00:00,10.96,62.05,39.0,75.09,32.0,274.2,2.48,211.0,88224.0,True,5,3,140
2009-05-20 04:00:00,13.02,60.85,217.0,384.05,107.0,275.4,1.79,210.0,88276.0,True,5,4,140
2009-05-20 05:00:00,17.02,49.0,432.0,617.57,139.0,285.0,1.93,193.0,88285.0,True,5,5,140
2009-05-20 06:00:00,19.24,36.9,630.0,727.72,161.0,288.4,3.03,184.0,88285.0,True,5,6,140
2009-05-20 07:00:00,20.67,31.65,809.0,829.37,158.0,296.2,3.72,182.0,88259.0,True,5,7,140
2009-05-20 08:00:00,21.97,28.75,932.0,864.32,166.0,301.0,3.24,169.0,88198.0,True,5,8,140
2009-05-20 09:00:00,23.17,26.85,1000.0,881.57,170.0,306.2,3.31,156.0,88172.0,True,5,9,140
2009-05-20 10:00:00,24.11,25.55,1006.0,882.84,170.0,311.6,3.52,148.0,88093.0,True,5,10,140
2009-05-20 11:00:00,24.83,24.6,951.0,869.0,167.0,318.0,3.93,144.0,88032.0,True,5,11,140
2009-05-20 12:00:00,25.21,24.2,829.0,805.87,176.0,328.2,3.52,139.0,87979.0,True,5,12,140
2009-05-20 13:00:00,25.04,21.4,686.0,814.71,134.0,330.2,3.86,139.0,87900.0,True,5,13,140
2009-05-20 14:00:00,24.63,19.8,484.0,688.18,131.0,346.4,3.17,120.0,87857.0,True,5,14,140
2009-05-20 15:00:00,23.72,21.55,250.0,378.35,126.0,335.0,3.31,101.0,87892.0,True,5,15,140
2009-05-20 16:00:00,22.67,25.05,72.0,163.52,50.0,322.4,2.69,122.0,87953.0,True,5,16,140
2009-05-20 17:00:00,20.83,27.95,0.0,-0.0,0.0,311.8,2.55,162.0,88005.0,True,5,17,140
2009-05-20 18:00:00,18.44,33.1,0.0,-0.0,0.0,298.4,2.97,196.0,88075.0,True,5,18,140
2009-05-20 19:00:00,16.32,52.1,0.0,-0.0,0.0,302.6,2.34,206.0,88110.0,True,5,19,140
2009-05-20 20:00:00,14.49,60.2,0.0,-0.0,0.0,290.4,2.28,212.0,88128.0,True,5,20,140
2009-05-20 21:00:00,13.03,68.5,0.0,-0.0,0.0,288.6,2.07,221.0,88128.0,True,5,21,140
2009-05-20 22:00:00,12.15,74.55,0.0,-0.0,0.0,296.6,2.0,232.0,88093.0,True,5,22,140
2009-05-20 23:00:00,11.22,80.45,0.0,-0.0,0.0,288.0,1.93,240.0,88049.0,True,5,23,140
2009-05-21 00:00:00,10.5,84.55,0.0,-0.0,0.0,280.8,1.72,253.0,88040.0,True,5,0,141
2009-05-21 01:00:00,10.2,85.75,0.0,-0.0,0.0,278.0,1.66,266.0,88067.0,True,5,1,141
2009-05-21 02:00:00,9.68,87.65,0.0,-0.0,0.0,277.0,1.72,276.0,88119.0,True,5,2,141
2009-05-21 03:00:00,9.27,89.8,36.0,52.48,31.0,276.4,1.72,281.0,88180.0,True,5,3,141
2009-05-21 04:00:00,11.67,85.6,224.0,419.83,103.0,278.4,1.03,282.0,88207.0,True,5,4,141
2009-05-21 05:00:00,14.98,71.05,431.0,607.15,142.0,284.2,0.83,290.0,88233.0,True,5,5,141
2009-05-21 06:00:00,16.8,55.2,617.0,673.55,182.0,303.8,0.62,263.0,88215.0,True,5,6,141
2009-05-21 07:00:00,17.99,41.45,810.0,829.37,158.0,310.0,0.9,259.0,88207.0,True,5,7,141
2009-05-21 08:00:00,19.1,37.25,912.0,800.13,202.0,318.8,0.48,168.0,88163.0,True,5,8,141
2009-05-21 09:00:00,20.0,34.6,724.0,271.59,468.0,314.6,1.03,110.0,88145.0,True,5,9,141
2009-05-21 10:00:00,20.72,33.05,692.0,220.45,483.0,312.2,1.79,93.0,88137.0,True,5,10,141
2009-05-21 11:00:00,21.37,31.65,780.0,429.48,392.0,330.0,1.72,111.0,88093.0,True,5,11,141
2009-05-21 12:00:00,21.64,30.1,782.0,654.18,251.0,345.8,1.72,138.0,88032.0,True,5,12,141
2009-05-21 13:00:00,22.12,28.05,510.0,278.29,321.0,332.4,2.48,152.0,87962.0,True,5,13,141
2009-05-21 14:00:00,22.09,26.75,43.0,0.0,43.0,323.6,3.03,158.0,87935.0,True,5,14,141
2009-05-21 15:00:00,21.62,27.15,99.0,3.03,98.0,345.0,3.31,161.0,87962.0,True,5,15,141
2009-05-21 16:00:00,20.67,30.0,94.0,387.14,41.0,347.6,2.28,171.0,88049.0,True,5,16,141
2009-05-21 17:00:00,19.1,36.55,0.0,-0.0,0.0,330.0,0.69,243.0,88163.0,True,5,17,141
2009-05-21 18:00:00,16.98,49.0,0.0,-0.0,0.0,337.6,1.59,280.0,88250.0,True,5,18,141
2009-05-21 19:00:00,14.95,73.25,0.0,-0.0,0.0,347.2,2.21,329.0,88294.0,True,5,19,141
2009-05-21 20:00:00,13.69,82.5,0.0,-0.0,0.0,335.2,1.93,350.0,88338.0,True,5,20,141
2009-05-21 21:00:00,13.44,83.8,0.0,-0.0,0.0,339.8,2.0,344.0,88329.0,True,5,21,141
2009-05-21 22:00:00,13.22,87.0,0.0,-0.0,0.0,335.2,1.59,330.0,88364.0,True,5,22,141
2009-05-21 23:00:00,12.85,89.5,0.0,-0.0,0.0,329.4,1.17,327.0,88355.0,True,5,23,141
2009-05-22 00:00:00,12.8,89.85,0.0,-0.0,0.0,315.4,0.62,326.0,88355.0,True,5,0,142
2009-05-22 01:00:00,12.58,89.4,0.0,-0.0,0.0,315.45,0.48,320.0,88355.0,True,5,1,142
2009-05-22 02:00:00,12.46,89.75,0.0,-0.0,0.0,319.6,0.48,326.0,88390.0,True,5,2,142
2009-05-22 03:00:00,12.25,90.9,6.0,0.0,6.0,319.6,0.34,358.0,88434.0,True,5,3,142
2009-05-22 04:00:00,12.79,91.3,58.0,0.0,58.0,328.4,0.21,43.0,88495.0,True,5,4,142
2009-05-22 05:00:00,14.13,82.65,69.0,0.0,69.0,312.4,0.34,95.0,88565.0,True,5,5,142
2009-05-22 06:00:00,15.28,76.0,173.0,0.0,173.0,323.4,0.76,73.0,88591.0,True,5,6,142
2009-05-22 07:00:00,16.78,63.2,565.0,219.75,392.0,312.0,0.83,99.0,88609.0,True,5,7,142
2009-05-22 08:00:00,17.73,55.35,815.0,536.91,338.0,322.6,1.59,112.0,88600.0,True,5,8,142
2009-05-22 09:00:00,18.53,49.7,895.0,596.64,332.0,343.6,1.72,115.0,88600.0,True,5,9,142
2009-05-22 10:00:00,19.04,46.0,869.0,524.68,371.0,338.6,1.24,115.0,88644.0,True,5,10,142
2009-05-22 11:00:00,19.03,44.8,474.0,47.53,431.0,355.8,0.28,118.0,88617.0,True,5,11,142
2009-05-22 12:00:00,19.35,44.3,281.0,1.23,280.0,348.4,0.48,331.0,88609.0,True,5,12,142
2009-05-22 13:00:00,18.41,49.2,78.0,0.0,78.0,357.2,1.66,334.0,88609.0,True,5,13,142
2009-05-22 14:00:00,18.22,55.05,43.0,0.0,43.0,345.0,2.48,327.0,88548.0,True,5,14,142
2009-05-22 15:00:00,17.53,59.2,41.0,0.0,41.0,340.0,2.14,334.0,88548.0,True,5,15,142
2009-05-22 16:00:00,17.02,62.6,24.0,0.0,24.0,321.0,2.21,289.0,88617.0,True,5,16,142
2009-05-22 17:00:00,15.46,71.55,0.0,-0.0,0.0,321.6,2.28,297.0,88705.0,True,5,17,142
2009-05-22 18:00:00,14.8,75.6,0.0,-0.0,0.0,329.4,1.72,313.0,88740.0,True,5,18,142
2009-05-22 19:00:00,13.81,80.05,0.0,-0.0,0.0,312.8,1.72,306.0,88775.0,True,5,19,142
2009-05-22 20:00:00,12.85,86.1,0.0,-0.0,0.0,309.0,1.38,305.0,88766.0,True,5,20,142
2009-05-22 21:00:00,12.54,88.1,0.0,-0.0,0.0,326.0,1.45,296.0,88766.0,True,5,21,142
2009-05-22 22:00:00,11.54,91.25,0.0,-0.0,0.0,298.0,1.66,292.0,88740.0,True,5,22,142
2009-05-22 23:00:00,10.69,92.7,0.0,-0.0,0.0,290.8,1.66,291.0,88731.0,True,5,23,142
2009-05-23 00:00:00,10.15,92.85,0.0,-0.0,0.0,290.2,1.79,295.0,88714.0,True,5,0,143
2009-05-23 01:00:00,9.71,92.85,0.0,-0.0,0.0,287.8,1.86,295.0,88722.0,True,5,1,143
2009-05-23 02:00:00,9.46,92.55,0.0,-0.0,0.0,291.0,1.79,295.0,88722.0,True,5,2,143
2009-05-23 03:00:00,9.44,92.6,51.0,161.49,35.0,298.4,1.66,297.0,88731.0,True,5,3,143
2009-05-23 04:00:00,11.44,90.25,245.0,548.84,85.0,305.6,1.17,306.0,88766.0,True,5,4,143
2009-05-23 05:00:00,14.17,76.3,463.0,762.23,98.0,321.2,1.72,329.0,88784.0,True,5,5,143
2009-05-23 06:00:00,15.56,69.05,659.0,831.38,120.0,328.4,1.79,343.0,88766.0,True,5,6,143
2009-05-23 07:00:00,17.41,62.4,752.0,635.51,251.0,306.4,1.66,351.0,88766.0,True,5,7,143
2009-05-23 08:00:00,18.4,58.95,622.0,188.89,454.0,317.6,2.28,348.0,88749.0,True,5,8,143
2009-05-23 09:00:00,19.13,56.9,473.0,35.99,439.0,339.2,2.69,349.0,88722.0,True,5,9,143
2009-05-23 10:00:00,20.11,53.9,613.0,130.5,489.0,334.2,2.76,353.0,88687.0,True,5,10,143
2009-05-23 11:00:00,20.8,49.05,344.0,4.42,340.0,342.0,2.55,3.0,88635.0,True,5,11,143
2009-05-23 12:00:00,20.8,47.85,450.0,67.53,395.0,341.6,2.55,1.0,88583.0,True,5,12,143
2009-05-23 13:00:00,21.01,46.7,669.0,726.98,173.0,347.4,2.34,346.0,88521.0,True,5,13,143
2009-05-23 14:00:00,20.99,45.6,445.0,497.68,187.0,332.6,2.55,337.0,88495.0,True,5,14,143
2009-05-23 15:00:00,20.6,45.35,265.0,431.18,121.0,331.4,2.69,329.0,88504.0,True,5,15,143
2009-05-23 16:00:00,19.55,50.45,91.0,296.78,49.0,328.6,2.34,317.0,88521.0,True,5,16,143
2009-05-23 17:00:00,17.97,57.8,0.0,-0.0,0.0,333.2,1.52,302.0,88556.0,True,5,17,143
2009-05-23 18:00:00,16.46,66.7,0.0,-0.0,0.0,326.8,1.38,274.0,88617.0,True,5,18,143
2009-05-23 19:00:00,15.6,71.6,0.0,-0.0,0.0,323.0,1.52,316.0,88652.0,True,5,19,143
2009-05-23 20:00:00,14.62,75.15,0.0,-0.0,0.0,325.2,1.72,311.0,88670.0,True,5,20,143
2009-05-23 21:00:00,13.91,77.95,0.0,-0.0,0.0,324.8,1.79,308.0,88670.0,True,5,21,143
2009-05-23 22:00:00,13.17,79.75,0.0,-0.0,0.0,312.4,2.14,303.0,88696.0,True,5,22,143
2009-05-23 23:00:00,12.69,81.75,0.0,-0.0,0.0,314.0,2.28,307.0,88722.0,True,5,23,143
2009-05-24 00:00:00,12.56,83.55,0.0,-0.0,0.0,322.6,2.28,308.0,88705.0,True,5,0,144
2009-05-24 01:00:00,12.13,86.35,0.0,-0.0,0.0,312.25,2.28,306.0,88687.0,True,5,1,144
2009-05-24 02:00:00,11.99,87.6,0.0,-0.0,0.0,313.4,2.41,310.0,88696.0,True,5,2,144
2009-05-24 03:00:00,12.15,87.45,40.0,59.5,34.0,317.0,2.55,315.0,88679.0,True,5,3,144
2009-05-24 04:00:00,13.62,82.65,217.0,351.47,114.0,320.6,2.55,322.0,88722.0,True,5,4,144
2009-05-24 05:00:00,15.47,71.45,445.0,658.1,129.0,301.4,3.66,331.0,88757.0,True,5,5,144
2009-05-24 06:00:00,16.84,62.8,650.0,786.82,139.0,306.6,4.41,338.0,88757.0,True,5,6,144
2009-05-24 07:00:00,18.25,49.45,818.0,844.99,151.0,308.8,4.9,338.0,88766.0,True,5,7,144
2009-05-24 08:00:00,19.51,40.2,915.0,800.8,202.0,309.0,4.69,340.0,88731.0,True,5,8,144
2009-05-24 09:00:00,20.67,33.4,992.0,848.17,190.0,313.4,4.69,341.0,88687.0,True,5,9,144
2009-05-24 10:00:00,21.54,29.9,811.0,405.8,425.0,307.0,4.9,342.0,88705.0,True,5,10,144
2009-05-24 11:00:00,22.2,29.2,961.0,885.41,158.0,306.0,5.17,344.0,88670.0,True,5,11,144
2009-05-24 12:00:00,22.62,30.8,835.0,806.65,177.0,309.6,5.1,346.0,88617.0,True,5,12,144
2009-05-24 13:00:00,22.31,34.35,697.0,832.11,128.0,318.2,5.45,346.0,88609.0,True,5,13,144
2009-05-24 14:00:00,21.61,38.25,500.0,732.45,119.0,335.6,6.0,344.0,88609.0,True,5,14,144
2009-05-24 15:00:00,20.47,42.9,299.0,642.9,83.0,334.4,5.66,344.0,88635.0,True,5,15,144
2009-05-24 16:00:00,19.75,45.9,99.0,375.6,45.0,334.6,4.9,345.0,88661.0,True,5,16,144
2009-05-24 17:00:00,18.72,49.25,0.0,-0.0,0.0,339.0,4.0,344.0,88687.0,True,5,17,144
2009-05-24 18:00:00,17.51,53.25,0.0,-0.0,0.0,324.8,3.72,339.0,88731.0,True,5,18,144
2009-05-24 19:00:00,16.21,55.45,0.0,-0.0,0.0,309.8,3.86,340.0,88784.0,True,5,19,144
2009-05-24 20:00:00,15.22,58.8,0.0,-0.0,0.0,305.2,4.48,341.0,88845.0,True,5,20,144
2009-05-24 21:00:00,14.33,62.35,0.0,-0.0,0.0,309.2,4.21,344.0,88862.0,True,5,21,144
2009-05-24 22:00:00,13.65,65.05,0.0,-0.0,0.0,317.6,3.66,344.0,88889.0,True,5,22,144
2009-05-24 23:00:00,12.46,69.65,0.0,-0.0,0.0,291.6,3.1,340.0,88880.0,True,5,23,144
2009-05-25 00:00:00,11.46,73.35,0.0,-0.0,0.0,285.2,2.83,336.0,88897.0,True,5,0,145
2009-05-25 01:00:00,10.52,76.4,0.0,-0.0,0.0,280.8,2.55,336.0,88871.0,True,5,1,145
2009-05-25 02:00:00,9.44,80.15,0.0,-0.0,0.0,268.2,2.28,333.0,88845.0,True,5,2,145
2009-05-25 03:00:00,8.53,83.7,52.0,146.31,37.0,263.8,2.0,328.0,88854.0,True,5,3,145
2009-05-25 04:00:00,9.84,77.15,243.0,512.74,92.0,258.6,1.86,329.0,88836.0,True,5,4,145
2009-05-25 05:00:00,12.27,50.3,459.0,722.88,111.0,260.2,2.76,340.0,88827.0,True,5,5,145
2009-05-25 06:00:00,13.87,38.1,651.0,787.06,139.0,264.0,3.45,345.0,88801.0,True,5,6,145
2009-05-25 07:00:00,15.63,38.55,818.0,845.24,150.0,273.0,3.45,350.0,88766.0,True,5,7,145
2009-05-25 08:00:00,16.98,34.6,952.0,914.44,137.0,276.8,3.52,348.0,88714.0,True,5,8,145
2009-05-25 09:00:00,18.19,32.15,1010.0,898.08,160.0,281.4,3.52,348.0,88670.0,True,5,9,145
2009-05-25 10:00:00,19.27,30.35,1017.0,900.03,160.0,285.6,3.72,346.0,88617.0,True,5,10,145
2009-05-25 11:00:00,20.07,29.05,946.0,836.98,186.0,289.6,4.0,345.0,88530.0,True,5,11,145
2009-05-25 12:00:00,20.61,28.05,845.0,838.44,160.0,292.2,4.07,344.0,88469.0,True,5,12,145
2009-05-25 13:00:00,20.8,27.55,702.0,847.81,121.0,294.4,4.34,343.0,88425.0,True,5,13,145
2009-05-25 14:00:00,20.65,27.35,502.0,731.93,120.0,293.6,4.69,342.0,88408.0,True,5,14,145
2009-05-25 15:00:00,20.05,27.65,285.0,535.57,104.0,292.4,4.83,343.0,88399.0,True,5,15,145
2009-05-25 16:00:00,19.01,29.6,84.0,198.65,55.0,290.0,4.28,349.0,88408.0,True,5,16,145
2009-05-25 17:00:00,17.25,33.55,0.0,-0.0,0.0,287.0,3.38,356.0,88434.0,True,5,17,145
2009-05-25 18:00:00,15.67,38.5,0.0,-0.0,0.0,285.2,2.69,359.0,88460.0,True,5,18,145
2009-05-25 19:00:00,14.18,45.25,0.0,-0.0,0.0,279.6,2.34,4.0,88513.0,True,5,19,145
2009-05-25 20:00:00,12.55,54.45,0.0,-0.0,0.0,276.2,1.93,338.0,88548.0,True,5,20,145
2009-05-25 21:00:00,11.29,59.1,0.0,-0.0,0.0,274.6,2.0,311.0,88539.0,True,5,21,145
2009-05-25 22:00:00,10.32,61.9,0.0,-0.0,0.0,273.6,2.07,302.0,88521.0,True,5,22,145
2009-05-25 23:00:00,9.76,61.35,0.0,-0.0,0.0,271.8,2.48,308.0,88548.0,True,5,23,145
2009-05-26 00:00:00,9.48,59.8,0.0,-0.0,0.0,270.0,2.9,314.0,88530.0,True,5,0,146
2009-05-26 01:00:00,9.19,60.8,0.0,-0.0,0.0,267.8,3.17,318.0,88565.0,True,5,1,146
2009-05-26 02:00:00,8.8,62.85,0.0,-0.0,0.0,266.0,3.31,321.0,88548.0,True,5,2,146
2009-05-26 03:00:00,8.49,65.1,58.0,211.32,36.0,263.0,3.31,322.0,88609.0,True,5,3,146
2009-05-26 04:00:00,9.86,61.5,255.0,594.89,79.0,262.0,3.17,326.0,88644.0,True,5,4,146
2009-05-26 05:00:00,12.05,51.15,463.0,737.73,107.0,264.8,4.0,337.0,88635.0,True,5,5,146
2009-05-26 06:00:00,13.8,46.4,655.0,802.74,132.0,268.8,4.28,347.0,88617.0,True,5,6,146
2009-05-26 07:00:00,15.44,40.25,819.0,845.55,150.0,275.2,4.48,355.0,88609.0,True,5,7,146
2009-05-26 08:00:00,16.59,35.15,947.0,897.89,146.0,279.4,4.21,357.0,88583.0,True,5,8,146
2009-05-26 09:00:00,17.75,30.9,1010.0,898.32,159.0,288.6,4.14,355.0,88539.0,True,5,9,146
2009-05-26 10:00:00,18.8,27.4,1017.0,900.2,159.0,293.0,4.34,345.0,88504.0,True,5,10,146
2009-05-26 11:00:00,19.4,25.1,963.0,885.5,158.0,308.8,4.76,338.0,88469.0,True,5,11,146
2009-05-26 12:00:00,19.73,23.9,837.0,806.6,177.0,299.0,5.03,335.0,88408.0,True,5,12,146
2009-05-26 13:00:00,19.63,23.65,673.0,729.51,172.0,317.0,5.31,333.0,88381.0,True,5,13,146
2009-05-26 14:00:00,19.43,24.7,453.0,508.01,187.0,319.4,5.52,333.0,88373.0,True,5,14,146
2009-05-26 15:00:00,18.67,27.2,284.0,514.86,109.0,316.6,5.59,336.0,88364.0,True,5,15,146
2009-05-26 16:00:00,17.64,30.2,90.0,242.98,54.0,300.8,5.03,340.0,88390.0,True,5,16,146
2009-05-26 17:00:00,16.02,35.05,0.0,-0.0,0.0,284.6,4.76,348.0,88425.0,True,5,17,146
2009-05-26 18:00:00,14.43,41.15,0.0,-0.0,0.0,285.6,5.03,1.0,88521.0,True,5,18,146
2009-05-26 19:00:00,13.22,45.05,0.0,-0.0,0.0,276.2,4.28,8.0,88626.0,True,5,19,146
2009-05-26 20:00:00,11.94,52.35,0.0,-0.0,0.0,273.2,3.38,4.0,88661.0,True,5,20,146
2009-05-26 21:00:00,10.87,58.25,0.0,-0.0,0.0,272.0,2.83,353.0,88705.0,True,5,21,146
2009-05-26 22:00:00,9.84,63.2,0.0,-0.0,0.0,267.4,2.55,340.0,88722.0,True,5,22,146
2009-05-26 23:00:00,8.93,67.15,0.0,-0.0,0.0,265.4,2.41,337.0,88775.0,True,5,23,146
2009-05-27 00:00:00,8.21,70.35,0.0,-0.0,0.0,267.2,2.34,338.0,88784.0,True,5,0,147
2009-05-27 01:00:00,7.49,73.85,0.0,-0.0,0.0,261.8,2.41,340.0,88810.0,True,5,1,147
2009-05-27 02:00:00,6.9,77.1,0.0,-0.0,0.0,261.4,2.41,342.0,88836.0,True,5,2,147
2009-05-27 03:00:00,6.53,80.3,58.0,198.86,37.0,261.8,2.34,344.0,88897.0,True,5,3,147
2009-05-27 04:00:00,8.13,74.7,232.0,424.07,106.0,262.6,2.55,355.0,88958.0,True,5,4,147
2009-05-27 05:00:00,10.01,68.65,287.0,121.99,228.0,267.6,3.72,24.0,88950.0,True,5,5,147
2009-05-27 06:00:00,11.61,57.0,549.0,429.16,269.0,280.4,4.0,34.0,88924.0,True,5,6,147
2009-05-27 07:00:00,12.18,49.55,798.0,768.91,189.0,307.6,4.48,23.0,88897.0,True,5,7,147
2009-05-27 08:00:00,13.44,43.4,907.0,769.42,220.0,308.4,4.62,23.0,88871.0,True,5,8,147
2009-05-27 09:00:00,14.43,38.65,920.0,647.59,306.0,316.8,4.83,25.0,88862.0,True,5,9,147
2009-05-27 10:00:00,15.27,34.8,819.0,416.13,422.0,309.6,4.9,24.0,88871.0,True,5,10,147
2009-05-27 11:00:00,16.31,30.45,872.0,626.28,302.0,320.8,4.83,23.0,88871.0,True,5,11,147
2009-05-27 12:00:00,17.03,26.9,820.0,746.83,208.0,310.2,4.76,24.0,88819.0,True,5,12,147
2009-05-27 13:00:00,17.46,25.25,631.0,578.32,233.0,287.6,4.76,25.0,88792.0,True,5,13,147
2009-05-27 14:00:00,17.33,25.45,391.0,293.18,237.0,286.2,4.69,27.0,88757.0,True,5,14,147
2009-05-27 15:00:00,16.81,26.35,297.0,590.97,95.0,271.2,4.55,32.0,88757.0,True,5,15,147
2009-05-27 16:00:00,15.94,28.8,89.0,219.57,56.0,269.4,3.93,39.0,88766.0,True,5,16,147
2009-05-27 17:00:00,14.38,33.75,0.0,-0.0,0.0,268.0,2.83,48.0,88792.0,True,5,17,147
2009-05-27 18:00:00,13.09,39.0,0.0,-0.0,0.0,265.0,2.14,48.0,88836.0,True,5,18,147
2009-05-27 19:00:00,11.59,48.55,0.0,-0.0,0.0,259.6,1.24,15.0,88871.0,True,5,19,147
2009-05-27 20:00:00,11.18,43.0,0.0,-0.0,0.0,258.2,1.24,330.0,88897.0,True,5,20,147
2009-05-27 21:00:00,10.23,45.7,0.0,-0.0,0.0,257.0,1.45,318.0,88906.0,True,5,21,147
2009-05-27 22:00:00,9.48,48.1,0.0,-0.0,0.0,257.0,1.59,335.0,88906.0,True,5,22,147
2009-05-27 23:00:00,8.25,54.25,0.0,-0.0,0.0,256.4,1.86,358.0,88958.0,True,5,23,147
2009-05-28 00:00:00,7.38,59.8,0.0,-0.0,0.0,256.2,1.93,3.0,88950.0,True,5,0,148
2009-05-28 01:00:00,6.9,63.5,0.0,-0.0,0.0,254.8,1.72,356.0,88932.0,True,5,1,148
2009-05-28 02:00:00,6.65,66.4,0.0,-0.0,0.0,253.6,1.59,344.0,88958.0,True,5,2,148
2009-05-28 03:00:00,6.54,69.3,63.0,242.97,37.0,252.8,1.52,334.0,89002.0,True,5,3,148
2009-05-28 04:00:00,8.35,67.6,254.0,566.52,85.0,254.8,1.17,336.0,89046.0,True,5,4,148
2009-05-28 05:00:00,11.15,55.1,460.0,711.87,115.0,258.4,1.79,25.0,89037.0,True,5,5,148
2009-05-28 06:00:00,12.85,47.2,654.0,788.3,139.0,264.2,2.34,44.0,89002.0,True,5,6,148
2009-05-28 07:00:00,14.48,42.85,821.0,845.11,151.0,270.8,3.17,38.0,88985.0,True,5,7,148
2009-05-28 08:00:00,15.86,38.35,939.0,863.9,167.0,276.0,3.59,30.0,88950.0,True,5,8,148
2009-05-28 09:00:00,17.05,33.1,910.0,621.77,320.0,281.8,3.79,22.0,88915.0,True,5,9,148
2009-05-28 10:00:00,17.98,29.15,819.0,415.76,422.0,298.2,3.72,12.0,88915.0,True,5,10,148
2009-05-28 11:00:00,18.66,26.8,867.0,613.52,308.0,303.4,3.93,4.0,88854.0,True,5,11,148
2009-05-28 12:00:00,19.4,24.55,754.0,555.65,298.0,314.6,4.21,358.0,88845.0,True,5,12,148
2009-05-28 13:00:00,19.4,24.15,662.0,678.65,194.0,321.6,4.41,357.0,88801.0,True,5,13,148
2009-05-28 14:00:00,19.14,24.45,451.0,489.64,193.0,309.8,4.69,359.0,88775.0,True,5,14,148
2009-05-28 15:00:00,18.68,24.8,218.0,189.13,153.0,289.6,4.55,2.0,88784.0,True,5,15,148
2009-05-28 16:00:00,17.72,26.25,84.0,164.06,59.0,288.2,3.66,8.0,88784.0,True,5,16,148
2009-05-28 17:00:00,16.0,30.85,0.0,-0.0,0.0,277.4,2.55,18.0,88836.0,True,5,17,148
2009-05-28 18:00:00,14.45,36.2,0.0,-0.0,0.0,273.4,1.86,24.0,88862.0,True,5,18,148
2009-05-28 19:00:00,13.17,46.7,0.0,-0.0,0.0,269.8,0.83,32.0,88906.0,True,5,19,148
2009-05-28 20:00:00,13.28,38.05,0.0,-0.0,0.0,267.4,0.48,290.0,88906.0,True,5,20,148
2009-05-28 21:00:00,11.85,45.5,0.0,-0.0,0.0,265.2,1.17,261.0,88932.0,True,5,21,148
2009-05-28 22:00:00,10.31,51.25,0.0,-0.0,0.0,263.8,1.45,257.0,88950.0,True,5,22,148
2009-05-28 23:00:00,9.52,53.7,0.0,-0.0,0.0,261.6,1.45,256.0,88924.0,True,5,23,148
2009-05-29 00:00:00,8.75,56.35,0.0,-0.0,0.0,259.8,1.52,256.0,88924.0,True,5,0,149
2009-05-29 01:00:00,8.14,58.35,0.0,-0.0,0.0,257.4,1.59,257.0,88906.0,True,5,1,149
2009-05-29 02:00:00,7.77,59.5,0.0,-0.0,0.0,255.6,1.52,255.0,88924.0,True,5,2,149
2009-05-29 03:00:00,7.82,59.15,70.0,350.8,32.0,254.4,1.45,246.0,88941.0,True,5,3,149
2009-05-29 04:00:00,10.02,53.75,260.0,611.19,77.0,255.2,0.83,227.0,88932.0,True,5,4,149
2009-05-29 05:00:00,13.1,47.35,466.0,739.34,107.0,259.4,1.1,175.0,88958.0,True,5,5,149
2009-05-29 06:00:00,15.69,33.45,658.0,802.64,133.0,265.8,1.72,174.0,88967.0,True,5,6,149
2009-05-29 07:00:00,16.76,31.15,821.0,845.61,150.0,271.6,1.72,175.0,88941.0,True,5,7,149
2009-05-29 08:00:00,18.26,28.15,944.0,881.13,156.0,277.0,1.24,171.0,88924.0,True,5,8,149
2009-05-29 09:00:00,19.67,25.6,1012.0,898.24,159.0,282.8,0.9,158.0,88889.0,True,5,9,149
2009-05-29 10:00:00,20.96,23.35,1020.0,899.86,160.0,288.0,0.76,144.0,88854.0,True,5,10,149
2009-05-29 11:00:00,22.02,21.65,960.0,869.42,167.0,292.4,0.55,136.0,88810.0,True,5,11,149
2009-05-29 12:00:00,22.84,20.4,859.0,871.24,143.0,296.2,0.41,132.0,88784.0,True,5,12,149
2009-05-29 13:00:00,23.39,19.6,704.0,833.59,128.0,299.6,0.28,102.0,88731.0,True,5,13,149
2009-05-29 14:00:00,23.6,19.15,509.0,736.0,120.0,301.4,0.41,56.0,88714.0,True,5,14,149
2009-05-29 15:00:00,23.52,19.05,295.0,549.89,105.0,302.0,0.76,46.0,88696.0,True,5,15,149
2009-05-29 16:00:00,22.84,21.4,91.0,207.21,59.0,301.0,1.59,51.0,88722.0,True,5,16,149
2009-05-29 17:00:00,20.8,24.65,0.0,-0.0,0.0,297.0,2.21,51.0,88784.0,True,5,17,149
2009-05-29 18:00:00,18.57,28.25,0.0,-0.0,0.0,293.8,2.07,45.0,88854.0,True,5,18,149
2009-05-29 19:00:00,16.69,40.05,0.0,-0.0,0.0,289.6,1.38,27.0,88915.0,True,5,19,149
2009-05-29 20:00:00,15.66,41.8,0.0,-0.0,0.0,286.4,1.17,350.0,88967.0,True,5,20,149
2009-05-29 21:00:00,15.09,40.9,0.0,-0.0,0.0,283.6,1.17,314.0,88985.0,True,5,21,149
2009-05-29 22:00:00,14.44,42.0,0.0,-0.0,0.0,281.0,1.31,295.0,88993.0,True,5,22,149
2009-05-29 23:00:00,13.81,43.6,0.0,-0.0,0.0,278.6,1.38,288.0,89046.0,True,5,23,149
2009-05-30 00:00:00,13.6,43.4,0.0,-0.0,0.0,276.6,1.38,285.0,89037.0,True,5,0,150
2009-05-30 01:00:00,13.52,42.9,0.0,-0.0,0.0,274.8,1.45,283.0,89028.0,True,5,1,150
2009-05-30 02:00:00,13.13,43.4,0.0,-0.0,0.0,273.0,1.52,280.0,89046.0,True,5,2,150
2009-05-30 03:00:00,13.07,43.2,68.0,301.23,35.0,272.0,1.52,275.0,89081.0,True,5,3,150
2009-05-30 04:00:00,14.84,39.3,261.0,612.44,77.0,273.4,1.03,265.0,89090.0,True,5,4,150
2009-05-30 05:00:00,17.27,44.45,462.0,713.38,115.0,278.2,0.41,202.0,89090.0,True,5,5,150
2009-05-30 06:00:00,20.38,23.15,655.0,788.01,139.0,285.6,1.17,147.0,89098.0,True,5,6,150
2009-05-30 07:00:00,21.99,20.5,822.0,846.18,150.0,293.0,1.66,134.0,89046.0,True,5,7,150
2009-05-30 08:00:00,23.31,19.3,945.0,880.5,157.0,298.0,1.79,125.0,89020.0,True,5,8,150
2009-05-30 09:00:00,24.29,17.85,1008.0,880.76,171.0,302.8,1.24,117.0,89011.0,True,5,9,150
2009-05-30 10:00:00,25.05,16.85,1015.0,882.39,171.0,306.4,0.69,90.0,88985.0,True,5,10,150
2009-05-30 11:00:00,25.67,16.05,966.0,886.05,157.0,309.2,0.69,34.0,88958.0,True,5,11,150
2009-05-30 12:00:00,26.01,15.8,861.0,871.26,144.0,310.6,1.17,356.0,88897.0,True,5,12,150
2009-05-30 13:00:00,26.25,15.95,702.0,818.97,135.0,317.6,1.93,352.0,88871.0,True,5,13,150
2009-05-30 14:00:00,26.09,16.55,508.0,722.5,125.0,313.0,2.34,351.0,88827.0,True,5,14,150
2009-05-30 15:00:00,25.62,17.4,316.0,685.24,78.0,320.2,2.14,352.0,88810.0,True,5,15,150
2009-05-30 16:00:00,24.43,21.4,94.0,223.74,59.0,318.8,2.07,353.0,88827.0,True,5,16,150
2009-05-30 17:00:00,22.43,26.6,0.0,-0.0,0.0,314.8,2.48,356.0,88862.0,True,5,17,150
2009-05-30 18:00:00,20.51,30.25,0.0,-0.0,0.0,308.2,2.48,359.0,88915.0,True,5,18,150
2009-05-30 19:00:00,18.83,37.6,0.0,-0.0,0.0,302.8,2.41,319.0,88950.0,True,5,19,150
2009-05-30 20:00:00,17.5,42.05,0.0,-0.0,0.0,308.4,2.41,313.0,88967.0,True,5,20,150
2009-05-30 21:00:00,16.07,46.25,0.0,-0.0,0.0,297.8,2.55,310.0,88993.0,True,5,21,150
2009-05-30 22:00:00,14.96,49.9,0.0,-0.0,0.0,294.4,2.62,310.0,88993.0,True,5,22,150
2009-05-30 23:00:00,14.06,54.6,0.0,-0.0,0.0,292.8,2.55,313.0,89002.0,True,5,23,150
2009-05-31 00:00:00,13.29,58.95,0.0,-0.0,0.0,291.4,2.55,315.0,88985.0,True,5,0,151
2009-05-31 01:00:00,12.55,62.85,0.0,-0.0,0.0,290.2,2.48,314.0,89020.0,True,5,1,151
2009-05-31 02:00:00,11.88,66.65,0.0,-0.0,0.0,289.0,2.34,310.0,89037.0,True,5,2,151
2009-05-31 03:00:00,11.47,70.2,60.0,180.69,40.0,288.2,2.28,309.0,89046.0,True,5,3,151
2009-05-31 04:00:00,13.66,66.85,247.0,497.72,97.0,289.8,1.66,312.0,89090.0,True,5,4,151
2009-05-31 05:00:00,18.19,46.45,453.0,660.93,131.0,295.4,2.07,330.0,89116.0,True,5,5,151
2009-05-31 06:00:00,20.61,38.05,649.0,759.75,151.0,303.6,2.69,348.0,89125.0,True,5,6,151
2009-05-31 07:00:00,22.26,33.8,823.0,845.54,151.0,310.6,2.97,2.0,89107.0,True,5,7,151
2009-05-31 08:00:00,23.84,28.35,945.0,881.03,156.0,318.2,3.24,17.0,89090.0,True,5,8,151
2009-05-31 09:00:00,24.89,25.65,1008.0,881.21,170.0,323.0,3.52,24.0,89063.0,True,5,9,151
2009-05-31 10:00:00,25.7,24.3,913.0,610.09,329.0,326.8,3.72,24.0,89046.0,True,5,10,151
2009-05-31 11:00:00,26.19,23.6,819.0,493.46,368.0,328.6,3.72,22.0,88993.0,True,5,11,151
2009-05-31 12:00:00,26.42,23.05,707.0,434.44,349.0,333.0,3.59,18.0,88958.0,True,5,12,151
2009-05-31 13:00:00,26.38,23.05,625.0,544.94,247.0,332.4,3.59,15.0,88932.0,True,5,13,151
2009-05-31 14:00:00,26.14,22.65,496.0,658.33,146.0,329.8,3.66,13.0,88880.0,True,5,14,151
2009-05-31 15:00:00,25.36,22.9,310.0,633.09,89.0,326.6,3.59,14.0,88854.0,True,5,15,151
2009-05-31 16:00:00,19.96,36.9,106.0,328.3,54.0,313.45,3.2,13.0,88889.0,True,5,16,151
2009-05-31 17:00:00,19.85,38.9,0.0,-0.0,0.0,314.43,3.05,9.0,88932.0,True,5,17,151
2009-05-31 18:00:00,19.75,40.9,0.0,-0.0,0.0,315.41,2.9,8.0,88976.0,True,5,18,151
2009-05-31 19:00:00,19.64,42.9,0.0,-0.0,0.0,316.39,2.75,13.0,89081.0,True,5,19,151
2009-05-31 20:00:00,19.53,44.89,0.0,-0.0,0.0,317.36,2.6,18.0,89133.0,True,5,20,151
2009-05-31 21:00:00,19.43,46.89,0.0,-0.0,0.0,318.34,2.45,7.0,89142.0,True,5,21,151
2009-05-31 22:00:00,19.32,48.89,0.0,-0.0,0.0,319.32,2.3,341.0,89142.0,True,5,22,151
2009-05-31 23:00:00,19.22,50.89,0.0,-0.0,0.0,320.3,2.14,322.0,89125.0,True,5,23,151
2010-06-01 00:00:00,19.11,52.89,0.0,-0.0,0.0,321.28,1.99,288.0,88556.0,True,6,0,152
2010-06-01 01:00:00,19.0,54.89,0.0,-0.0,0.0,322.26,1.84,242.0,88521.0,True,6,1,152
2010-06-01 02:00:00,18.9,56.89,0.0,-0.0,0.0,323.24,1.69,235.0,88495.0,True,6,2,152
2010-06-01 03:00:00,18.79,58.89,27.0,0.0,27.0,324.22,1.54,235.0,88486.0,True,6,3,152
2010-06-01 04:00:00,18.69,60.89,185.0,175.36,132.0,325.2,1.39,229.0,88478.0,True,6,4,152
2010-06-01 05:00:00,18.58,62.89,146.0,0.0,146.0,326.17,1.24,210.0,88451.0,True,6,5,152
2010-06-01 06:00:00,18.48,64.89,104.0,0.0,104.0,327.15,1.09,185.0,88425.0,True,6,6,152
2010-06-01 07:00:00,18.37,66.89,624.0,324.41,366.0,328.13,0.94,160.0,88355.0,True,6,7,152
2010-06-01 08:00:00,25.92,32.5,898.0,763.32,214.0,358.2,3.17,150.0,88268.0,True,6,8,152
2010-06-01 09:00:00,27.79,24.95,990.0,857.54,174.0,356.4,3.52,153.0,88180.0,True,6,9,152
2010-06-01 10:00:00,29.34,19.65,1009.0,891.48,155.0,346.4,3.66,165.0,88093.0,True,6,10,152
2010-06-01 11:00:00,30.49,16.3,961.0,895.25,142.0,350.6,4.0,176.0,88014.0,True,6,11,152
2010-06-01 12:00:00,31.21,14.65,847.0,848.36,147.0,355.2,4.34,182.0,87927.0,True,6,12,152
2010-06-01 13:00:00,31.45,13.95,637.0,598.62,221.0,353.0,4.62,186.0,87866.0,True,6,13,152
2010-06-01 14:00:00,30.75,14.55,482.0,615.2,154.0,351.2,4.97,211.0,87927.0,True,6,14,152
2010-06-01 15:00:00,29.32,16.9,186.0,91.22,154.0,359.0,4.14,232.0,87874.0,True,6,15,152
2010-06-01 16:00:00,27.46,21.85,53.0,18.71,50.0,345.4,3.45,248.0,87874.0,True,6,16,152
2010-06-01 17:00:00,25.21,26.55,0.0,-0.0,0.0,335.8,3.31,247.0,87927.0,True,6,17,152
2010-06-01 18:00:00,23.14,30.75,0.0,-0.0,0.0,328.6,2.34,245.0,87962.0,True,6,18,152
2010-06-01 19:00:00,21.65,36.75,0.0,-0.0,0.0,328.8,1.31,272.0,87988.0,True,6,19,152
2010-06-01 20:00:00,20.34,42.95,0.0,-0.0,0.0,332.4,1.24,264.0,87988.0,True,6,20,152
2010-06-01 21:00:00,19.49,45.25,0.0,-0.0,0.0,343.0,1.31,250.0,87953.0,True,6,21,152
2010-06-01 22:00:00,17.81,48.5,0.0,-0.0,0.0,317.0,1.86,238.0,87857.0,True,6,22,152
2010-06-01 23:00:00,16.51,51.55,0.0,-0.0,0.0,312.6,2.14,238.0,87822.0,True,6,23,152
2010-06-02 00:00:00,15.64,54.65,0.0,-0.0,0.0,311.4,2.07,240.0,87761.0,True,6,0,153
2010-06-02 01:00:00,14.82,57.35,0.0,-0.0,0.0,301.4,2.14,237.0,87743.0,True,6,1,153
2010-06-02 02:00:00,13.92,60.55,0.0,-0.0,0.0,295.4,2.21,231.0,87761.0,True,6,2,153
2010-06-02 03:00:00,13.33,64.7,72.0,328.34,35.0,292.4,2.14,224.0,87769.0,True,6,3,153
2010-06-02 04:00:00,16.02,58.25,252.0,541.24,88.0,293.0,1.38,211.0,87778.0,True,6,4,153
2010-06-02 05:00:00,20.67,39.6,434.0,587.48,147.0,299.0,1.86,180.0,87787.0,True,6,5,153
2010-06-02 06:00:00,23.57,30.0,627.0,697.53,169.0,308.6,3.45,175.0,87761.0,True,6,6,153
2010-06-02 07:00:00,25.71,22.4,535.0,174.67,396.0,320.4,4.28,183.0,87726.0,True,6,7,153
2010-06-02 08:00:00,26.87,19.85,880.0,710.48,243.0,333.4,4.48,191.0,87708.0,True,6,8,153
2010-06-02 09:00:00,27.67,18.3,979.0,824.47,194.0,341.6,4.34,200.0,87708.0,True,6,9,153
2010-06-02 10:00:00,28.36,17.5,1015.0,908.58,144.0,344.4,4.34,208.0,87673.0,True,6,10,153
2010-06-02 11:00:00,29.04,16.7,962.0,894.42,143.0,337.4,4.55,215.0,87664.0,True,6,11,153
2010-06-02 12:00:00,29.3,16.3,839.0,817.03,164.0,339.6,4.83,219.0,87629.0,True,6,12,153
2010-06-02 13:00:00,29.35,16.25,649.0,636.32,206.0,335.4,4.97,227.0,87638.0,True,6,13,153
2010-06-02 14:00:00,28.8,17.2,482.0,607.9,157.0,334.4,5.03,236.0,87682.0,True,6,14,153
2010-06-02 15:00:00,27.71,19.45,198.0,119.16,156.0,334.8,5.03,244.0,87708.0,True,6,15,153
2010-06-02 16:00:00,25.95,24.6,65.0,43.17,58.0,331.0,4.62,252.0,87796.0,True,6,16,153
2010-06-02 17:00:00,23.76,31.5,0.0,-0.0,0.0,329.4,4.14,253.0,87892.0,True,6,17,153
2010-06-02 18:00:00,21.88,38.9,0.0,-0.0,0.0,328.4,3.1,245.0,87988.0,True,6,18,153
2010-06-02 19:00:00,20.59,45.05,0.0,-0.0,0.0,321.2,2.55,227.0,88067.0,True,6,19,153
2010-06-02 20:00:00,19.03,50.9,0.0,-0.0,0.0,306.6,2.48,218.0,88102.0,True,6,20,153
2010-06-02 21:00:00,17.51,57.15,0.0,-0.0,0.0,297.2,2.41,219.0,88128.0,True,6,21,153
2010-06-02 22:00:00,16.24,63.3,0.0,-0.0,0.0,296.6,2.34,222.0,88154.0,True,6,22,153
2010-06-02 23:00:00,15.25,69.05,0.0,-0.0,0.0,301.0,2.14,224.0,88180.0,True,6,23,153
2010-06-03 00:00:00,14.48,74.2,0.0,-0.0,0.0,306.6,1.86,225.0,88198.0,True,6,0,154
2010-06-03 01:00:00,13.48,79.3,0.0,-0.0,0.0,294.0,1.86,225.0,88198.0,True,6,1,154
2010-06-03 02:00:00,12.68,84.35,0.0,-0.0,0.0,290.8,1.86,227.0,88224.0,True,6,2,154
2010-06-03 03:00:00,12.35,87.05,54.0,114.48,41.0,298.0,1.79,226.0,88259.0,True,6,3,154
2010-06-03 04:00:00,14.3,79.95,204.0,256.83,126.0,301.8,1.52,215.0,88311.0,True,6,4,154
2010-06-03 05:00:00,17.96,53.5,393.0,413.02,191.0,306.0,1.79,200.0,88311.0,True,6,5,154
2010-06-03 06:00:00,20.11,43.95,590.0,564.63,219.0,306.8,2.07,188.0,88303.0,True,6,6,154
2010-06-03 07:00:00,22.12,37.35,757.0,655.61,235.0,317.6,1.93,186.0,88268.0,True,6,7,154
2010-06-03 08:00:00,23.97,31.8,885.0,723.5,236.0,323.8,2.62,179.0,88224.0,True,6,8,154
2010-06-03 09:00:00,25.61,27.85,958.0,762.08,232.0,329.6,3.17,182.0,88198.0,True,6,9,154
2010-06-03 10:00:00,26.98,25.35,962.0,753.68,239.0,335.2,3.59,188.0,88154.0,True,6,10,154
2010-06-03 11:00:00,28.0,24.05,915.0,752.87,225.0,342.4,3.79,193.0,88128.0,True,6,11,154
2010-06-03 12:00:00,28.75,23.25,826.0,771.31,188.0,346.4,3.86,198.0,88102.0,True,6,12,154
2010-06-03 13:00:00,29.13,22.7,672.0,711.2,176.0,350.4,4.0,207.0,88084.0,True,6,13,154
2010-06-03 14:00:00,28.85,23.25,475.0,572.69,168.0,350.4,4.41,224.0,88075.0,True,6,14,154
2010-06-03 15:00:00,27.63,26.0,228.0,206.15,155.0,349.2,5.17,244.0,88145.0,True,6,15,154
2010-06-03 16:00:00,25.31,31.8,93.0,176.85,64.0,343.8,5.45,259.0,88198.0,True,6,16,154
2010-06-03 17:00:00,22.94,37.75,0.0,-0.0,0.0,332.0,5.03,263.0,88294.0,True,6,17,154
2010-06-03 18:00:00,21.11,43.65,0.0,-0.0,0.0,322.8,3.72,261.0,88373.0,True,6,18,154
2010-06-03 19:00:00,20.06,49.35,0.0,-0.0,0.0,318.6,2.83,251.0,88478.0,True,6,19,154
2010-06-03 20:00:00,18.82,54.25,0.0,-0.0,0.0,313.6,2.34,243.0,88495.0,True,6,20,154
2010-06-03 21:00:00,17.58,60.05,0.0,-0.0,0.0,307.4,2.07,236.0,88530.0,True,6,21,154
2010-06-03 22:00:00,16.32,66.95,0.0,-0.0,0.0,304.0,1.79,232.0,88539.0,True,6,22,154
2010-06-03 23:00:00,15.37,72.5,0.0,-0.0,0.0,302.2,1.72,230.0,88548.0,True,6,23,154
2010-06-04 00:00:00,14.56,77.7,0.0,-0.0,0.0,300.6,1.72,239.0,88548.0,True,6,0,155
2010-06-04 01:00:00,13.84,82.9,0.0,-0.0,0.0,299.4,1.72,252.0,88583.0,True,6,1,155
2010-06-04 02:00:00,13.13,87.45,0.0,-0.0,0.0,298.4,1.79,258.0,88583.0,True,6,2,155
2010-06-04 03:00:00,12.78,89.95,63.0,192.41,41.0,303.4,1.72,256.0,88635.0,True,6,3,155
2010-06-04 04:00:00,14.85,82.45,244.0,473.2,100.0,313.6,1.31,248.0,88679.0,True,6,4,155
2010-06-04 05:00:00,18.71,59.2,444.0,631.17,135.0,318.0,0.83,233.0,88679.0,True,6,5,155
2010-06-04 06:00:00,20.74,49.55,635.0,723.99,159.0,320.2,0.69,160.0,88652.0,True,6,6,155
2010-06-04 07:00:00,22.67,41.45,800.0,792.13,169.0,326.0,1.31,133.0,88617.0,True,6,7,155
2010-06-04 08:00:00,24.5,33.9,930.0,856.89,161.0,331.0,2.21,152.0,88548.0,True,6,8,155
2010-06-04 09:00:00,26.25,27.6,1002.0,889.69,154.0,334.8,2.62,167.0,88513.0,True,6,9,155
2010-06-04 10:00:00,27.77,22.8,1016.0,908.42,144.0,339.0,2.62,182.0,88443.0,True,6,10,155
2010-06-04 11:00:00,29.02,19.5,953.0,862.34,162.0,343.0,2.62,197.0,88390.0,True,6,11,155
2010-06-04 12:00:00,29.91,17.3,850.0,848.88,147.0,345.8,2.62,213.0,88338.0,True,6,12,155
2010-06-04 13:00:00,30.34,16.1,692.0,782.99,145.0,346.8,2.76,229.0,88320.0,True,6,13,155
2010-06-04 14:00:00,30.15,16.4,495.0,654.93,143.0,346.2,3.24,244.0,88294.0,True,6,14,155
2010-06-04 15:00:00,29.32,18.15,238.0,236.15,154.0,342.8,3.86,257.0,88311.0,True,6,15,155
2010-06-04 16:00:00,27.73,22.1,98.0,205.14,64.0,338.8,4.28,268.0,88355.0,True,6,16,155
2010-06-04 17:00:00,25.56,27.35,0.0,-0.0,0.0,333.0,4.07,274.0,88399.0,True,6,17,155
2010-06-04 18:00:00,23.63,32.55,0.0,-0.0,0.0,326.0,3.59,278.0,88460.0,True,6,18,155
2010-06-04 19:00:00,22.29,36.2,0.0,-0.0,0.0,320.0,2.9,280.0,88521.0,True,6,19,155
2010-06-04 20:00:00,20.88,40.6,0.0,-0.0,0.0,316.0,2.41,275.0,88565.0,True,6,20,155
2010-06-04 21:00:00,19.38,45.9,0.0,-0.0,0.0,313.0,2.14,271.0,88591.0,True,6,21,155
2010-06-04 22:00:00,17.95,51.7,0.0,-0.0,0.0,310.0,2.0,270.0,88652.0,True,6,22,155
2010-06-04 23:00:00,16.72,57.0,0.0,-0.0,0.0,307.8,2.0,276.0,88652.0,True,6,23,155
2010-06-05 00:00:00,15.82,61.25,0.0,-0.0,0.0,306.0,2.07,287.0,88661.0,True,6,0,156
2010-06-05 01:00:00,15.15,65.2,0.0,-0.0,0.0,303.2,2.14,298.0,88705.0,True,6,1,156
2010-06-05 02:00:00,14.47,69.5,0.0,-0.0,0.0,301.4,2.07,297.0,88714.0,True,6,2,156
2010-06-05 03:00:00,13.97,73.6,74.0,330.34,36.0,299.8,1.93,292.0,88749.0,True,6,3,156
2010-06-05 04:00:00,16.46,66.0,258.0,574.06,83.0,301.6,1.31,292.0,88766.0,True,6,4,156
2010-06-05 05:00:00,20.11,47.1,454.0,681.66,120.0,307.8,1.59,312.0,88757.0,True,6,5,156
2010-06-05 06:00:00,22.22,38.35,646.0,767.7,141.0,316.4,1.59,327.0,88722.0,True,6,6,156
2010-06-05 07:00:00,23.69,35.2,805.0,806.87,162.0,326.2,0.69,73.0,88661.0,True,6,7,156
2010-06-05 08:00:00,25.48,30.25,935.0,872.14,152.0,333.8,1.45,128.0,88591.0,True,6,8,156
2010-06-05 09:00:00,27.0,25.85,1008.0,906.05,144.0,340.0,1.52,159.0,88504.0,True,6,9,156
2010-06-05 10:00:00,28.31,22.9,1016.0,908.91,143.0,346.6,1.31,198.0,88443.0,True,6,10,156
2010-06-05 11:00:00,29.35,21.3,954.0,861.63,163.0,356.0,1.31,225.0,88399.0,True,6,11,156
2010-06-05 12:00:00,30.06,20.2,837.0,802.08,172.0,360.8,1.45,243.0,88329.0,True,6,12,156
2010-06-05 13:00:00,29.03,22.35,686.0,754.55,158.0,385.2,3.38,259.0,88373.0,True,6,13,156
2010-06-05 14:00:00,27.92,24.65,494.0,642.14,148.0,382.0,4.48,276.0,88329.0,True,6,14,156
2010-06-05 15:00:00,27.18,26.2,237.0,232.32,154.0,378.4,4.14,293.0,88311.0,True,6,15,156
2010-06-05 16:00:00,26.84,26.3,98.0,203.04,64.0,364.6,3.38,301.0,88311.0,True,6,16,156
2010-06-05 17:00:00,25.7,28.55,0.0,-0.0,0.0,345.6,2.07,298.0,88346.0,True,6,17,156
2010-06-05 18:00:00,24.27,31.75,0.0,-0.0,0.0,348.6,1.93,288.0,88355.0,True,6,18,156
2010-06-05 19:00:00,23.13,34.7,0.0,-0.0,0.0,351.8,2.21,275.0,88425.0,True,6,19,156
2010-06-05 20:00:00,21.53,39.85,0.0,-0.0,0.0,333.8,2.28,277.0,88443.0,True,6,20,156
2010-06-05 21:00:00,20.02,45.65,0.0,-0.0,0.0,324.8,2.14,281.0,88434.0,True,6,21,156
2010-06-05 22:00:00,18.77,51.0,0.0,-0.0,0.0,320.4,1.93,282.0,88408.0,True,6,22,156
2010-06-05 23:00:00,17.67,55.55,0.0,-0.0,0.0,317.2,1.93,284.0,88399.0,True,6,23,156
2010-06-06 00:00:00,16.71,59.6,0.0,-0.0,0.0,314.2,1.86,285.0,88355.0,True,6,0,157
2010-06-06 01:00:00,15.96,63.3,0.0,-0.0,0.0,311.65,1.79,280.0,88364.0,True,6,1,157
2010-06-06 02:00:00,15.28,66.65,0.0,-0.0,0.0,310.0,1.79,272.0,88338.0,True,6,2,157
2010-06-06 03:00:00,15.05,68.9,6.0,0.0,6.0,309.0,1.72,264.0,88355.0,True,6,3,157
2010-06-06 04:00:00,18.59,53.25,221.0,330.82,120.0,311.4,0.76,243.0,88346.0,True,6,4,157
2010-06-06 05:00:00,21.6,41.6,370.0,328.35,209.0,321.2,1.1,170.0,88329.0,True,6,5,157
2010-06-06 06:00:00,23.86,34.8,223.0,3.04,221.0,326.4,2.9,155.0,88268.0,True,6,6,157
2010-06-06 07:00:00,26.28,27.55,753.0,642.26,241.0,336.2,4.9,172.0,88180.0,True,6,7,157
2010-06-06 08:00:00,27.75,21.9,856.0,642.46,279.0,342.6,6.0,188.0,88084.0,True,6,8,157
2010-06-06 09:00:00,28.54,17.05,786.0,372.12,431.0,349.6,6.97,199.0,88005.0,True,6,9,157
2010-06-06 10:00:00,29.04,15.35,983.0,810.58,204.0,354.4,7.17,200.0,87918.0,True,6,10,157
2010-06-06 11:00:00,29.28,13.7,949.0,845.72,172.0,335.8,7.52,202.0,87839.0,True,6,11,157
2010-06-06 12:00:00,28.98,14.45,838.0,802.4,172.0,340.4,7.24,206.0,87769.0,True,6,12,157
2010-06-06 13:00:00,28.36,16.15,687.0,754.77,158.0,333.0,6.97,212.0,87761.0,True,6,13,157
2010-06-06 14:00:00,27.28,18.0,492.0,629.46,152.0,330.6,6.21,216.0,87769.0,True,6,14,157
2010-06-06 15:00:00,25.96,19.35,239.0,231.35,156.0,327.4,5.52,225.0,87778.0,True,6,15,157
2010-06-06 16:00:00,24.36,22.1,0.0,0.0,0.0,318.8,4.62,232.0,87866.0,True,6,16,157
2010-06-06 17:00:00,22.69,26.05,0.0,-0.0,0.0,314.4,3.72,230.0,87927.0,True,6,17,157
2010-06-06 18:00:00,20.92,31.25,0.0,-0.0,0.0,307.6,3.31,230.0,87962.0,True,6,18,157
2010-06-06 19:00:00,19.55,39.6,0.0,-0.0,0.0,304.2,2.83,244.0,88040.0,True,6,19,157
2010-06-06 20:00:00,18.63,45.2,0.0,-0.0,0.0,318.8,2.34,249.0,88040.0,True,6,20,157
2010-06-06 21:00:00,17.33,52.1,0.0,-0.0,0.0,307.8,1.86,255.0,88049.0,True,6,21,157
2010-06-06 22:00:00,16.01,59.6,0.0,-0.0,0.0,300.8,1.66,268.0,88040.0,True,6,22,157
2010-06-06 23:00:00,15.15,64.7,0.0,-0.0,0.0,305.4,1.72,290.0,88032.0,True,6,23,157
2010-06-07 00:00:00,14.38,69.7,0.0,-0.0,0.0,304.8,1.79,306.0,88014.0,True,6,0,158
2010-06-07 01:00:00,13.73,74.25,0.0,-0.0,0.0,304.2,1.86,314.0,87997.0,True,6,1,158
2010-06-07 02:00:00,13.22,78.6,0.0,-0.0,0.0,298.2,1.45,310.0,87988.0,True,6,2,158
2010-06-07 03:00:00,13.36,78.75,41.0,34.43,37.0,302.0,1.1,304.0,88032.0,True,6,3,158
2010-06-07 04:00:00,14.46,78.25,248.0,493.98,97.0,303.4,1.17,318.0,88023.0,True,6,4,158
2010-06-07 05:00:00,16.67,63.7,450.0,656.34,128.0,312.2,1.66,323.0,88049.0,True,6,5,158
2010-06-07 06:00:00,18.12,56.7,632.0,710.9,164.0,311.4,1.59,328.0,88049.0,True,6,6,158
2010-06-07 07:00:00,19.13,49.75,775.0,708.55,210.0,342.6,1.59,321.0,88040.0,True,6,7,158
2010-06-07 08:00:00,20.13,46.85,659.0,241.55,442.0,338.0,0.97,320.0,88005.0,True,6,8,158
2010-06-07 09:00:00,21.32,42.95,205.0,0.0,205.0,344.6,0.34,320.0,87953.0,True,6,9,158
2010-06-07 10:00:00,22.42,38.85,143.0,0.0,143.0,353.6,0.41,126.0,87883.0,True,6,10,158
2010-06-07 11:00:00,23.19,36.6,268.0,0.0,268.0,353.2,0.62,143.0,87831.0,True,6,11,158
2010-06-07 12:00:00,22.69,38.5,76.0,0.0,76.0,363.2,0.55,295.0,87822.0,True,6,12,158
2010-06-07 13:00:00,22.56,40.75,229.0,1.42,228.0,370.6,1.79,308.0,87900.0,True,6,13,158
2010-06-07 14:00:00,21.0,50.15,110.0,0.0,110.0,362.2,2.62,293.0,87953.0,True,6,14,158
2010-06-07 15:00:00,20.65,50.75,63.0,0.0,63.0,343.6,3.72,284.0,87918.0,True,6,15,158
2010-06-07 16:00:00,19.44,54.7,41.0,0.0,41.0,353.4,4.0,294.0,87935.0,True,6,16,158
2010-06-07 17:00:00,18.62,58.15,0.0,-0.0,0.0,360.8,3.17,316.0,87979.0,True,6,17,158
2010-06-07 18:00:00,17.8,62.05,0.0,-0.0,0.0,338.2,2.83,320.0,88049.0,True,6,18,158
2010-06-07 19:00:00,16.86,69.4,0.0,-0.0,0.0,328.4,2.41,326.0,88119.0,True,6,19,158
2010-06-07 20:00:00,16.44,72.5,0.0,-0.0,0.0,339.4,2.14,332.0,88110.0,True,6,20,158
2010-06-07 21:00:00,15.71,76.0,0.0,-0.0,0.0,329.6,2.07,333.0,88145.0,True,6,21,158
2010-06-07 22:00:00,14.89,80.9,0.0,-0.0,0.0,322.6,1.79,314.0,88154.0,True,6,22,158
2010-06-07 23:00:00,14.33,84.25,0.0,-0.0,0.0,323.2,1.72,304.0,88128.0,True,6,23,158
2010-06-08 00:00:00,13.96,86.3,0.0,-0.0,0.0,322.8,1.79,309.0,88128.0,True,6,0,159
2010-06-08 01:00:00,13.69,87.25,0.0,-0.0,0.0,326.45,1.93,317.0,88154.0,True,6,1,159
2010-06-08 02:00:00,13.84,86.55,0.0,-0.0,0.0,346.0,2.21,323.0,88180.0,True,6,2,159
2010-06-08 03:00:00,13.73,87.5,6.0,0.0,6.0,338.6,2.14,332.0,88198.0,True,6,3,159
2010-06-08 04:00:00,14.31,84.25,152.0,75.17,129.0,345.6,2.34,340.0,88250.0,True,6,4,159
2010-06-08 05:00:00,15.22,78.6,246.0,57.05,218.0,340.0,2.34,343.0,88259.0,True,6,5,159
2010-06-08 06:00:00,16.28,72.35,475.0,250.58,310.0,342.4,1.93,350.0,88294.0,True,6,6,159
2010-06-08 07:00:00,17.49,66.45,196.0,0.0,196.0,354.2,1.17,343.0,88268.0,True,6,7,159
2010-06-08 08:00:00,18.84,58.25,532.0,94.59,447.0,358.6,0.97,313.0,88233.0,True,6,8,159
2010-06-08 09:00:00,20.2,52.05,813.0,421.07,411.0,348.0,1.1,315.0,88207.0,True,6,9,159
2010-06-08 10:00:00,21.44,46.8,154.0,0.0,154.0,349.8,1.38,347.0,88189.0,True,6,10,159
2010-06-08 11:00:00,22.61,42.35,407.0,18.48,390.0,342.4,1.59,17.0,88137.0,True,6,11,159
2010-06-08 12:00:00,22.6,41.9,835.0,787.5,180.0,359.4,2.07,3.0,88119.0,True,6,12,159
2010-06-08 13:00:00,22.54,41.25,553.0,342.81,312.0,371.8,2.69,325.0,88102.0,True,6,13,159
2010-06-08 14:00:00,20.94,51.0,458.0,479.11,198.0,355.2,2.69,303.0,88093.0,True,6,14,159
2010-06-08 15:00:00,21.3,46.95,101.0,0.0,101.0,350.0,1.66,296.0,88084.0,True,6,15,159
2010-06-08 16:00:00,21.26,44.9,41.0,0.0,41.0,334.6,1.45,284.0,88093.0,True,6,16,159
2010-06-08 17:00:00,20.43,48.25,0.0,-0.0,0.0,324.2,1.52,253.0,88145.0,True,6,17,159
2010-06-08 18:00:00,19.21,54.7,0.0,-0.0,0.0,331.0,1.38,255.0,88207.0,True,6,18,159
2010-06-08 19:00:00,18.02,58.8,0.0,-0.0,0.0,329.8,1.72,245.0,88259.0,True,6,19,159
2010-06-08 20:00:00,16.87,63.9,0.0,-0.0,0.0,325.4,1.86,255.0,88259.0,True,6,20,159
2010-06-08 21:00:00,16.46,67.7,0.0,-0.0,0.0,346.4,1.59,267.0,88259.0,True,6,21,159
2010-06-08 22:00:00,15.67,69.95,0.0,-0.0,0.0,325.0,1.79,273.0,88268.0,True,6,22,159
2010-06-08 23:00:00,14.98,72.4,0.0,-0.0,0.0,321.4,1.86,280.0,88268.0,True,6,23,159
2010-06-09 00:00:00,14.3,73.7,0.0,-0.0,0.0,311.0,1.93,293.0,88294.0,True,6,0,160
2010-06-09 01:00:00,13.82,74.25,0.0,-0.0,0.0,309.2,2.07,302.0,88320.0,True,6,1,160
2010-06-09 02:00:00,13.55,74.95,0.0,-0.0,0.0,313.4,2.14,308.0,88355.0,True,6,2,160
2010-06-09 03:00:00,13.14,77.5,19.0,0.0,19.0,302.2,2.14,314.0,88381.0,True,6,3,160
2010-06-09 04:00:00,15.23,71.4,122.0,22.86,115.0,308.8,2.0,324.0,88443.0,True,6,4,160
2010-06-09 05:00:00,17.44,61.9,445.0,631.43,135.0,316.0,2.62,338.0,88451.0,True,6,5,160
2010-06-09 06:00:00,19.1,56.75,356.0,71.37,309.0,330.8,2.34,351.0,88451.0,True,6,6,160
2010-06-09 07:00:00,20.49,51.1,586.0,253.23,384.0,334.2,1.86,8.0,88416.0,True,6,7,160
2010-06-09 08:00:00,21.64,44.65,649.0,226.97,445.0,337.0,1.24,24.0,88364.0,True,6,8,160
2010-06-09 09:00:00,22.24,41.45,834.0,462.82,392.0,349.8,1.1,39.0,88346.0,True,6,9,160
2010-06-09 10:00:00,22.85,38.95,895.0,579.75,337.0,367.8,0.9,42.0,88311.0,True,6,10,160
2010-06-09 11:00:00,23.48,36.3,829.0,523.5,347.0,357.8,0.55,72.0,88276.0,True,6,11,160
2010-06-09 12:00:00,23.55,35.75,517.0,123.71,414.0,371.8,0.62,86.0,88241.0,True,6,12,160
2010-06-09 13:00:00,23.71,35.45,106.0,0.0,106.0,349.6,0.69,57.0,88233.0,True,6,13,160
2010-06-09 14:00:00,23.88,34.7,46.0,0.0,46.0,355.8,0.97,65.0,88163.0,True,6,14,160
2010-06-09 15:00:00,23.35,35.8,37.0,0.0,37.0,356.6,0.07,185.0,88180.0,True,6,15,160
2010-06-09 16:00:00,22.23,41.15,29.0,0.0,29.0,364.2,2.21,272.0,88250.0,True,6,16,160
2010-06-09 17:00:00,20.65,50.3,0.0,-0.0,0.0,371.6,2.14,271.0,88276.0,True,6,17,160
2010-06-09 18:00:00,19.05,59.55,0.0,-0.0,0.0,336.8,1.31,297.0,88346.0,True,6,18,160
2010-06-09 19:00:00,17.18,80.7,0.0,-0.0,0.0,363.6,1.38,322.0,88408.0,True,6,19,160
2010-06-09 20:00:00,16.32,86.55,0.0,-0.0,0.0,351.2,1.52,292.0,88390.0,True,6,20,160
2010-06-09 21:00:00,16.05,87.95,0.0,-0.0,0.0,357.0,1.52,288.0,88399.0,True,6,21,160
2010-06-09 22:00:00,15.84,89.35,0.0,-0.0,0.0,364.6,1.17,323.0,88390.0,True,6,22,160
2010-06-09 23:00:00,15.05,92.55,0.0,-0.0,0.0,344.0,1.72,347.0,88390.0,True,6,23,160
2010-06-10 00:00:00,14.87,92.5,0.0,-0.0,0.0,351.0,2.14,336.0,88338.0,True,6,0,161
2010-06-10 01:00:00,14.5,93.0,0.0,-0.0,0.0,344.85,1.86,342.0,88320.0,True,6,1,161
2010-06-10 02:00:00,14.32,91.55,0.0,-0.0,0.0,353.8,2.0,348.0,88329.0,True,6,2,161
2010-06-10 03:00:00,14.26,91.85,39.0,25.59,36.0,359.2,1.72,344.0,88355.0,True,6,3,161
2010-06-10 04:00:00,14.36,91.4,166.0,107.72,133.0,367.4,1.86,344.0,88373.0,True,6,4,161
2010-06-10 05:00:00,14.78,89.0,361.0,297.34,215.0,365.6,1.38,335.0,88390.0,True,6,5,161
2010-06-10 06:00:00,15.57,86.05,601.0,599.73,206.0,377.4,0.9,353.0,88390.0,True,6,6,161
2010-06-10 07:00:00,16.99,77.7,732.0,580.37,269.0,351.4,0.21,266.0,88390.0,True,6,7,161
2010-06-10 08:00:00,18.21,71.2,915.0,808.72,188.0,361.4,0.48,342.0,88373.0,True,6,8,161
2010-06-10 09:00:00,19.19,65.9,987.0,840.6,184.0,357.2,0.9,12.0,88346.0,True,6,9,161
2010-06-10 10:00:00,20.57,60.1,1007.0,874.44,165.0,343.2,1.17,22.0,88338.0,True,6,10,161
2010-06-10 11:00:00,21.52,53.5,916.0,742.41,232.0,353.2,1.59,34.0,88268.0,True,6,11,161
2010-06-10 12:00:00,21.84,51.7,832.0,771.57,189.0,366.2,2.0,33.0,88241.0,True,6,12,161
2010-06-10 13:00:00,21.89,52.0,614.0,497.86,263.0,355.6,2.28,22.0,88215.0,True,6,13,161
2010-06-10 14:00:00,21.09,53.65,520.0,737.57,118.0,359.2,2.34,0.0,88198.0,True,6,14,161
2010-06-10 15:00:00,18.9,67.0,315.0,592.89,99.0,349.0,3.66,306.0,88233.0,True,6,15,161
2010-06-10 16:00:00,17.73,76.45,129.0,445.26,51.0,345.2,2.9,319.0,88329.0,True,6,16,161
2010-06-10 17:00:00,17.31,77.4,0.0,-0.0,0.0,339.2,2.76,338.0,88373.0,True,6,17,161
2010-06-10 18:00:00,16.81,79.95,0.0,-0.0,0.0,344.6,2.14,341.0,88399.0,True,6,18,161
2010-06-10 19:00:00,16.32,82.0,0.0,-0.0,0.0,337.4,2.14,329.0,88443.0,True,6,19,161
2010-06-10 20:00:00,15.95,83.7,0.0,-0.0,0.0,346.6,2.62,346.0,88469.0,True,6,20,161
2010-06-10 21:00:00,15.53,86.35,0.0,-0.0,0.0,348.6,2.34,340.0,88451.0,True,6,21,161
2010-06-10 22:00:00,15.05,89.25,0.0,-0.0,0.0,340.8,2.14,321.0,88425.0,True,6,22,161
2010-06-10 23:00:00,14.82,90.3,0.0,-0.0,0.0,342.2,2.28,323.0,88434.0,True,6,23,161
2010-06-11 00:00:00,14.58,90.85,0.0,-0.0,0.0,338.6,2.28,329.0,88408.0,True,6,0,162
2010-06-11 01:00:00,14.43,90.65,0.0,-0.0,0.0,339.45,2.41,331.0,88416.0,True,6,1,162
2010-06-11 02:00:00,14.5,89.65,0.0,-0.0,0.0,354.6,2.62,333.0,88399.0,True,6,2,162
2010-06-11 03:00:00,14.69,88.7,29.0,0.0,29.0,366.2,2.48,332.0,88425.0,True,6,3,162
2010-06-11 04:00:00,15.03,86.45,23.0,0.0,23.0,371.4,2.76,333.0,88469.0,True,6,4,162
2010-06-11 05:00:00,15.57,84.55,41.0,0.0,41.0,376.4,2.97,339.0,88486.0,True,6,5,162
2010-06-11 06:00:00,15.81,82.75,125.0,0.0,125.0,378.6,2.76,344.0,88513.0,True,6,6,162
2010-06-11 07:00:00,16.7,80.35,395.0,40.11,363.0,370.8,2.41,345.0,88521.0,True,6,7,162
2010-06-11 08:00:00,18.02,71.55,547.0,107.89,450.0,371.0,2.76,350.0,88513.0,True,6,8,162
2010-06-11 09:00:00,18.23,71.7,744.0,300.37,457.0,382.2,2.97,356.0,88504.0,True,6,9,162
2010-06-11 10:00:00,19.15,66.05,985.0,809.73,205.0,379.8,2.97,357.0,88504.0,True,6,10,162
2010-06-11 11:00:00,18.91,68.6,876.0,634.57,291.0,381.2,2.76,352.0,88469.0,True,6,11,162
2010-06-11 12:00:00,19.73,66.25,304.0,3.6,301.0,376.8,2.97,343.0,88416.0,True,6,12,162
2010-06-11 13:00:00,20.01,63.35,511.0,249.31,335.0,375.2,2.9,341.0,88355.0,True,6,13,162
2010-06-11 14:00:00,20.91,58.15,480.0,554.79,177.0,351.2,2.83,340.0,88355.0,True,6,14,162
2010-06-11 15:00:00,20.89,56.5,68.0,0.0,68.0,348.6,2.55,351.0,88329.0,True,6,15,162
2010-06-11 16:00:00,20.32,57.5,83.0,84.96,68.0,343.4,2.28,8.0,88346.0,True,6,16,162
2010-06-11 17:00:00,18.78,65.3,0.0,-0.0,0.0,339.8,1.52,17.0,88381.0,True,6,17,162
2010-06-11 18:00:00,17.69,73.05,0.0,-0.0,0.0,359.0,1.17,304.0,88443.0,True,6,18,162
2010-06-11 19:00:00,17.11,71.0,0.0,-0.0,0.0,333.2,2.0,314.0,88495.0,True,6,19,162
2010-06-11 20:00:00,16.26,75.8,0.0,-0.0,0.0,340.4,2.28,310.0,88513.0,True,6,20,162
2010-06-11 21:00:00,15.39,81.0,0.0,-0.0,0.0,327.8,2.28,308.0,88521.0,True,6,21,162
2010-06-11 22:00:00,14.57,85.95,0.0,-0.0,0.0,319.2,2.21,307.0,88486.0,True,6,22,162
2010-06-11 23:00:00,13.82,90.05,0.0,-0.0,0.0,312.6,2.14,307.0,88486.0,True,6,23,162
2010-06-12 00:00:00,13.28,92.1,0.0,-0.0,0.0,313.8,2.0,304.0,88495.0,True,6,0,163
2010-06-12 01:00:00,12.86,93.2,0.0,-0.0,0.0,312.65,1.93,301.0,88486.0,True,6,1,163
2010-06-12 02:00:00,12.58,93.8,0.0,-0.0,0.0,316.8,1.79,300.0,88504.0,True,6,2,163
2010-06-12 03:00:00,12.3,94.4,68.0,229.79,41.0,311.2,1.66,297.0,88539.0,True,6,3,163
2010-06-12 04:00:00,14.22,91.25,260.0,577.62,83.0,312.6,1.24,307.0,88583.0,True,6,4,163
2010-06-12 05:00:00,17.09,75.15,460.0,706.76,113.0,316.2,1.66,333.0,88591.0,True,6,5,163
2010-06-12 06:00:00,18.66,67.35,663.0,841.22,109.0,321.2,1.72,2.0,88617.0,True,6,6,163
2010-06-12 07:00:00,19.95,59.85,809.0,822.28,153.0,340.4,1.59,25.0,88600.0,True,6,7,163
2010-06-12 08:00:00,21.1,54.6,876.0,695.12,251.0,346.6,1.24,47.0,88574.0,True,6,8,163
2010-06-12 09:00:00,21.96,51.3,860.0,518.99,364.0,346.0,1.1,65.0,88556.0,True,6,9,163
2010-06-12 10:00:00,22.96,48.65,922.0,643.39,302.0,353.8,1.1,75.0,88530.0,True,6,10,163
2010-06-12 11:00:00,23.48,46.75,871.0,621.19,298.0,353.8,0.97,87.0,88495.0,True,6,11,163
2010-06-12 12:00:00,23.98,45.1,730.0,485.12,325.0,362.6,0.9,104.0,88469.0,True,6,12,163
2010-06-12 13:00:00,24.44,43.05,708.0,816.28,131.0,373.0,0.97,125.0,88443.0,True,6,13,163
2010-06-12 14:00:00,24.55,41.8,525.0,752.89,113.0,359.6,0.83,138.0,88408.0,True,6,14,163
2010-06-12 15:00:00,24.48,41.3,125.0,8.18,122.0,361.8,0.62,147.0,88373.0,True,6,15,163
2010-06-12 16:00:00,23.78,42.7,92.0,123.69,70.0,351.8,0.14,69.0,88390.0,True,6,16,163
2010-06-12 17:00:00,22.48,50.8,0.0,-0.0,0.0,346.8,1.66,314.0,88390.0,True,6,17,163
2010-06-12 18:00:00,20.44,60.5,0.0,-0.0,0.0,345.2,2.14,318.0,88443.0,True,6,18,163
2010-06-12 19:00:00,19.2,65.25,0.0,-0.0,0.0,330.0,2.0,342.0,88486.0,True,6,19,163
2010-06-12 20:00:00,17.84,70.7,0.0,-0.0,0.0,325.4,2.07,340.0,88521.0,True,6,20,163
2010-06-12 21:00:00,16.73,75.45,0.0,-0.0,0.0,319.4,2.07,332.0,88513.0,True,6,21,163
2010-06-12 22:00:00,15.95,78.65,0.0,-0.0,0.0,316.4,2.07,320.0,88486.0,True,6,22,163
2010-06-12 23:00:00,15.31,81.0,0.0,-0.0,0.0,315.4,2.0,310.0,88478.0,True,6,23,163
2010-06-13 00:00:00,14.73,82.9,0.0,-0.0,0.0,313.4,1.93,306.0,88451.0,True,6,0,164
2010-06-13 01:00:00,14.27,83.8,0.0,-0.0,0.0,311.05,1.93,305.0,88443.0,True,6,1,164
2010-06-13 02:00:00,13.97,83.8,0.0,-0.0,0.0,308.2,1.86,300.0,88443.0,True,6,2,164
2010-06-13 03:00:00,13.84,83.5,49.0,59.56,42.0,305.6,1.79,296.0,88451.0,True,6,3,164
2010-06-13 04:00:00,16.25,77.0,216.0,303.57,123.0,305.8,1.1,293.0,88469.0,True,6,4,164
2010-06-13 05:00:00,19.89,60.6,423.0,531.72,162.0,310.2,0.97,318.0,88486.0,True,6,5,164
2010-06-13 06:00:00,22.02,52.75,618.0,660.64,183.0,318.6,0.83,358.0,88486.0,True,6,6,164
2010-06-13 07:00:00,24.37,45.4,786.0,745.88,191.0,330.4,0.14,30.0,88469.0,True,6,7,164
2010-06-13 08:00:00,26.18,36.55,925.0,839.68,170.0,338.0,0.97,169.0,88425.0,True,6,8,164
2010-06-13 09:00:00,27.8,30.0,1009.0,905.99,143.0,344.2,2.34,175.0,88390.0,True,6,9,164
2010-06-13 10:00:00,28.67,27.35,1030.0,941.94,122.0,349.6,3.31,172.0,88303.0,True,6,10,164
2010-06-13 11:00:00,29.51,25.45,979.0,928.57,122.0,355.2,4.07,169.0,88285.0,True,6,11,164
2010-06-13 12:00:00,29.87,24.1,820.0,727.68,212.0,367.6,4.07,171.0,88207.0,True,6,12,164
2010-06-13 13:00:00,29.65,22.9,721.0,861.9,111.0,372.4,3.79,170.0,88189.0,True,6,13,164
2010-06-13 14:00:00,29.32,20.35,542.0,833.55,85.0,385.6,3.45,174.0,88241.0,True,6,14,164
2010-06-13 15:00:00,28.42,23.15,255.0,266.34,157.0,377.2,2.34,207.0,88198.0,True,6,15,164
2010-06-13 16:00:00,26.88,32.75,114.0,267.98,66.0,360.0,1.86,255.0,88189.0,True,6,16,164
2010-06-13 17:00:00,24.56,42.05,0.0,-0.0,0.0,336.0,2.41,289.0,88215.0,True,6,17,164
2010-06-13 18:00:00,21.85,52.35,0.0,-0.0,0.0,326.2,2.83,304.0,88285.0,True,6,18,164
2010-06-13 19:00:00,20.34,54.9,0.0,-0.0,0.0,318.6,2.62,328.0,88355.0,True,6,19,164
2010-06-13 20:00:00,18.96,59.7,0.0,-0.0,0.0,317.2,2.48,327.0,88364.0,True,6,20,164
2010-06-13 21:00:00,18.04,61.7,0.0,-0.0,0.0,316.0,2.62,320.0,88381.0,True,6,21,164
2010-06-13 22:00:00,17.36,61.65,0.0,-0.0,0.0,314.8,2.62,316.0,88294.0,True,6,22,164
2010-06-13 23:00:00,16.8,60.8,0.0,-0.0,0.0,313.4,2.55,319.0,88285.0,True,6,23,164
2010-06-14 00:00:00,16.22,60.95,0.0,-0.0,0.0,313.8,2.55,322.0,88294.0,True,6,0,165
2010-06-14 01:00:00,15.75,61.3,0.0,-0.0,0.0,313.25,2.69,322.0,88285.0,True,6,1,165
2010-06-14 02:00:00,15.34,62.25,0.0,-0.0,0.0,313.4,2.69,321.0,88303.0,True,6,2,165
2010-06-14 03:00:00,14.99,66.0,20.0,0.0,20.0,312.2,2.48,317.0,88294.0,True,6,3,165
2010-06-14 04:00:00,16.79,66.7,231.0,385.35,113.0,312.6,2.0,318.0,88346.0,True,6,4,165
2010-06-14 05:00:00,21.17,47.35,196.0,16.3,188.0,320.0,2.34,332.0,88355.0,True,6,5,165
2010-06-14 06:00:00,23.48,40.8,481.0,264.33,307.0,327.4,2.62,346.0,88338.0,True,6,6,165
2010-06-14 07:00:00,25.75,37.75,770.0,694.58,216.0,351.8,3.17,17.0,88311.0,True,6,7,165
2010-06-14 08:00:00,27.57,33.7,914.0,807.44,188.0,342.8,3.93,22.0,88268.0,True,6,8,165
2010-06-14 09:00:00,29.02,29.65,1004.0,889.13,154.0,351.4,4.69,28.0,88241.0,True,6,9,165
2010-06-14 10:00:00,29.89,27.0,1024.0,925.06,132.0,366.4,4.76,32.0,88207.0,True,6,10,165
2010-06-14 11:00:00,30.49,25.65,969.0,895.6,142.0,360.2,4.48,32.0,88180.0,True,6,11,165
2010-06-14 12:00:00,30.66,25.15,844.0,802.45,173.0,367.0,4.34,29.0,88102.0,True,6,12,165
2010-06-14 13:00:00,29.81,26.95,292.0,14.11,282.0,379.0,3.66,23.0,88040.0,True,6,13,165
2010-06-14 14:00:00,29.43,27.85,46.0,0.0,46.0,382.2,2.69,353.0,88119.0,True,6,14,165
2010-06-14 15:00:00,26.85,35.95,40.0,0.0,40.0,384.0,2.28,288.0,88346.0,True,6,15,165
2010-06-14 16:00:00,22.56,58.45,16.0,0.0,16.0,368.8,2.55,262.0,88399.0,True,6,16,165
2010-06-14 17:00:00,20.26,71.7,0.0,-0.0,0.0,377.4,2.83,268.0,88355.0,True,6,17,165
2010-06-14 18:00:00,19.68,72.25,0.0,-0.0,0.0,365.2,3.31,288.0,88381.0,True,6,18,165
2010-06-14 19:00:00,20.54,57.45,0.0,-0.0,0.0,335.8,2.83,293.0,88399.0,True,6,19,165
2010-06-14 20:00:00,19.58,60.85,0.0,-0.0,0.0,329.4,2.97,292.0,88434.0,True,6,20,165
2010-06-14 21:00:00,19.21,62.0,0.0,-0.0,0.0,330.8,3.38,298.0,88443.0,True,6,21,165
2010-06-14 22:00:00,19.36,61.65,0.0,-0.0,0.0,338.6,3.93,307.0,88521.0,True,6,22,165
2010-06-14 23:00:00,19.29,64.6,0.0,-0.0,0.0,340.8,4.14,313.0,88521.0,True,6,23,165
2010-06-15 00:00:00,18.91,70.35,0.0,-0.0,0.0,341.8,3.72,318.0,88504.0,True,6,0,166
2010-06-15 01:00:00,18.38,75.35,0.0,-0.0,0.0,344.05,2.97,315.0,88504.0,True,6,1,166
2010-06-15 02:00:00,17.89,79.1,0.0,-0.0,0.0,345.2,2.55,301.0,88504.0,True,6,2,166
2010-06-15 03:00:00,17.56,81.75,29.0,0.0,29.0,339.0,2.55,304.0,88548.0,True,6,3,166
2010-06-15 04:00:00,18.92,78.25,232.0,392.16,112.0,333.0,2.41,312.0,88556.0,True,6,4,166
2010-06-15 05:00:00,21.31,66.1,439.0,605.59,142.0,346.4,3.66,325.0,88565.0,True,6,5,166
2010-06-15 06:00:00,22.8,58.55,641.0,752.21,146.0,347.0,4.76,335.0,88565.0,True,6,6,166
2010-06-15 07:00:00,24.09,52.45,795.0,776.23,176.0,354.0,5.31,338.0,88556.0,True,6,7,166
2010-06-15 08:00:00,25.35,48.65,940.0,887.56,142.0,356.2,5.45,344.0,88530.0,True,6,8,166
2010-06-15 09:00:00,26.64,44.2,1014.0,922.51,132.0,359.8,5.45,346.0,88521.0,True,6,9,166
2010-06-15 10:00:00,27.77,39.3,1019.0,908.22,143.0,369.4,5.72,349.0,88469.0,True,6,10,166
2010-06-15 11:00:00,28.33,36.1,974.0,912.49,131.0,369.8,5.86,351.0,88451.0,True,6,11,166
2010-06-15 12:00:00,29.08,33.35,759.0,552.1,297.0,366.4,6.07,352.0,88373.0,True,6,12,166
2010-06-15 13:00:00,29.48,31.2,688.0,728.82,171.0,368.6,6.34,352.0,88329.0,True,6,13,166
2010-06-15 14:00:00,29.16,30.1,511.0,672.51,141.0,381.2,6.55,348.0,88294.0,True,6,14,166
2010-06-15 15:00:00,28.04,30.25,245.0,224.26,162.0,365.6,7.45,344.0,88329.0,True,6,15,166
2010-06-15 16:00:00,26.46,33.7,120.0,297.64,66.0,365.4,6.07,347.0,88329.0,True,6,16,166
2010-06-15 17:00:00,25.04,36.75,0.0,-0.0,0.0,357.0,4.97,351.0,88416.0,True,6,17,166
2010-06-15 18:00:00,23.61,40.8,0.0,-0.0,0.0,352.6,4.07,354.0,88478.0,True,6,18,166
2010-06-15 19:00:00,23.32,37.7,0.0,-0.0,0.0,338.4,4.76,350.0,88539.0,True,6,19,166
2010-06-15 20:00:00,22.34,43.25,0.0,-0.0,0.0,343.6,4.28,344.0,88574.0,True,6,20,166
2010-06-15 21:00:00,21.37,49.0,0.0,-0.0,0.0,337.2,4.07,342.0,88626.0,True,6,21,166
2010-06-15 22:00:00,20.42,55.25,0.0,-0.0,0.0,333.0,3.93,340.0,88652.0,True,6,22,166
2010-06-15 23:00:00,19.48,61.4,0.0,-0.0,0.0,328.8,3.66,334.0,88687.0,True,6,23,166
2010-06-16 00:00:00,18.66,65.9,0.0,-0.0,0.0,325.8,3.45,327.0,88679.0,True,6,0,167
2010-06-16 01:00:00,17.96,68.65,0.0,-0.0,0.0,322.25,3.31,324.0,88696.0,True,6,1,167
2010-06-16 02:00:00,17.26,70.85,0.0,-0.0,0.0,319.0,3.03,324.0,88696.0,True,6,2,167
2010-06-16 03:00:00,16.86,71.85,53.0,93.94,42.0,316.0,2.97,323.0,88714.0,True,6,3,167
2010-06-16 04:00:00,18.41,66.3,242.0,461.22,101.0,316.0,2.83,326.0,88731.0,True,6,4,167
2010-06-16 05:00:00,21.22,53.05,444.0,630.44,135.0,319.6,3.66,337.0,88705.0,True,6,5,167
2010-06-16 06:00:00,23.21,44.9,641.0,751.01,147.0,325.6,3.93,351.0,88705.0,True,6,6,167
2010-06-16 07:00:00,24.86,39.25,803.0,805.27,161.0,335.0,4.21,356.0,88661.0,True,6,7,167
2010-06-16 08:00:00,26.39,33.15,934.0,870.96,151.0,340.6,4.48,355.0,88617.0,True,6,8,167
2010-06-16 09:00:00,27.63,29.4,1014.0,922.45,132.0,344.6,4.76,354.0,88556.0,True,6,9,167
2010-06-16 10:00:00,28.66,26.8,1030.0,942.21,121.0,348.0,5.03,353.0,88504.0,True,6,10,167
2010-06-16 11:00:00,29.45,24.6,985.0,945.63,111.0,349.8,5.31,354.0,88451.0,True,6,11,167
2010-06-16 12:00:00,29.99,22.75,873.0,899.21,120.0,353.0,5.38,355.0,88416.0,True,6,12,167
2010-06-16 13:00:00,30.23,21.45,720.0,847.75,118.0,351.4,5.45,354.0,88355.0,True,6,13,167
2010-06-16 14:00:00,30.17,20.45,544.0,825.67,89.0,348.6,5.52,354.0,88338.0,True,6,14,167
2010-06-16 15:00:00,29.8,20.0,252.0,247.91,160.0,345.6,5.45,354.0,88294.0,True,6,15,167
2010-06-16 16:00:00,29.02,20.8,115.0,252.07,69.0,341.0,4.9,350.0,88268.0,True,6,16,167
2010-06-16 17:00:00,27.13,23.9,0.0,-0.0,0.0,336.8,4.0,340.0,88285.0,True,6,17,167
2010-06-16 18:00:00,25.19,26.9,0.0,-0.0,0.0,331.6,4.21,334.0,88329.0,True,6,18,167
2010-06-16 19:00:00,24.13,29.9,0.0,-0.0,0.0,338.6,4.21,342.0,88390.0,True,6,19,167
2010-06-16 20:00:00,23.11,32.5,0.0,-0.0,0.0,343.4,4.0,352.0,88443.0,True,6,20,167
2010-06-16 21:00:00,21.49,38.9,0.0,-0.0,0.0,331.0,3.24,355.0,88469.0,True,6,21,167
2010-06-16 22:00:00,19.87,46.3,0.0,-0.0,0.0,323.8,2.76,344.0,88443.0,True,6,22,167
2010-06-16 23:00:00,18.56,52.15,0.0,-0.0,0.0,321.0,2.48,332.0,88478.0,True,6,23,167
2010-06-17 00:00:00,17.51,57.05,0.0,-0.0,0.0,319.2,2.41,327.0,88478.0,True,6,0,168
2010-06-17 01:00:00,16.68,61.2,0.0,-0.0,0.0,317.85,2.34,323.0,88486.0,True,6,1,168
2010-06-17 02:00:00,16.01,64.6,0.0,-0.0,0.0,316.2,2.41,318.0,88513.0,True,6,2,168
2010-06-17 03:00:00,15.58,68.35,68.0,222.61,42.0,314.6,2.34,318.0,88530.0,True,6,3,168
2010-06-17 04:00:00,17.46,66.7,254.0,543.62,88.0,316.0,2.0,328.0,88556.0,True,6,4,168
2010-06-17 05:00:00,21.1,52.5,451.0,667.66,124.0,322.2,2.69,347.0,88574.0,True,6,5,168
2010-06-17 06:00:00,22.75,49.15,644.0,766.58,140.0,330.2,2.9,2.0,88556.0,True,6,6,168
2010-06-17 07:00:00,24.49,43.05,808.0,820.57,154.0,338.8,3.45,8.0,88513.0,True,6,7,168
2010-06-17 08:00:00,25.9,37.0,939.0,887.76,141.0,345.4,3.72,3.0,88469.0,True,6,8,168
2010-06-17 09:00:00,27.11,32.15,1014.0,922.43,132.0,353.4,4.21,0.0,88408.0,True,6,9,168
2010-06-17 10:00:00,28.18,29.0,1041.0,977.25,98.0,354.2,4.62,359.0,88364.0,True,6,10,168
2010-06-17 11:00:00,29.13,26.3,985.0,946.32,110.0,355.8,4.97,358.0,88303.0,True,6,11,168
2010-06-17 12:00:00,29.81,24.55,883.0,932.04,102.0,362.4,5.1,357.0,88250.0,True,6,12,168
2010-06-17 13:00:00,30.12,23.1,717.0,832.84,125.0,357.6,5.17,357.0,88207.0,True,6,13,168
2010-06-17 14:00:00,30.23,21.6,510.0,661.34,145.0,356.4,5.24,357.0,88163.0,True,6,14,168
2010-06-17 15:00:00,29.79,20.8,258.0,268.78,158.0,356.4,5.1,359.0,88128.0,True,6,15,168
2010-06-17 16:00:00,29.12,21.0,115.0,245.26,70.0,353.2,4.62,1.0,88102.0,True,6,16,168
2010-06-17 17:00:00,27.53,23.45,0.0,-0.0,0.0,343.6,3.38,358.0,88128.0,True,6,17,168
2010-06-17 18:00:00,25.55,27.25,0.0,-0.0,0.0,339.2,3.38,346.0,88163.0,True,6,18,168
2010-06-17 19:00:00,24.04,29.75,0.0,-0.0,0.0,331.4,3.59,337.0,88215.0,True,6,19,168
2010-06-17 20:00:00,23.06,32.6,0.0,-0.0,0.0,331.8,4.55,341.0,88250.0,True,6,20,168
2010-06-17 21:00:00,22.16,38.05,0.0,-0.0,0.0,330.2,4.76,346.0,88311.0,True,6,21,168
2010-06-17 22:00:00,21.14,44.95,0.0,-0.0,0.0,328.2,4.48,346.0,88320.0,True,6,22,168
2010-06-17 23:00:00,20.27,51.3,0.0,-0.0,0.0,329.4,4.28,341.0,88364.0,True,6,23,168
2010-06-18 00:00:00,19.34,57.2,0.0,-0.0,0.0,324.0,4.0,336.0,88355.0,True,6,0,169
2010-06-18 01:00:00,18.51,61.9,0.0,-0.0,0.0,323.05,3.72,332.0,88364.0,True,6,1,169
2010-06-18 02:00:00,17.67,66.35,0.0,-0.0,0.0,317.0,3.38,329.0,88364.0,True,6,2,169
2010-06-18 03:00:00,17.15,69.45,62.0,163.21,43.0,315.2,3.17,326.0,88390.0,True,6,3,169
2010-06-18 04:00:00,18.41,65.05,231.0,390.24,112.0,314.8,3.24,329.0,88425.0,True,6,4,169
2010-06-18 05:00:00,20.4,57.05,438.0,604.88,142.0,319.0,3.93,341.0,88408.0,True,6,5,169
2010-06-18 06:00:00,22.23,49.75,636.0,736.58,152.0,325.6,4.0,353.0,88408.0,True,6,6,169
2010-06-18 07:00:00,24.03,42.75,803.0,805.8,161.0,334.2,4.55,4.0,88346.0,True,6,7,169
2010-06-18 08:00:00,25.42,37.5,934.0,871.23,151.0,340.2,4.0,10.0,88285.0,True,6,8,169
2010-06-18 09:00:00,26.55,33.0,1009.0,905.7,143.0,348.0,3.72,12.0,88241.0,True,6,9,169
2010-06-18 10:00:00,27.42,29.85,992.0,825.8,195.0,352.2,3.59,11.0,88198.0,True,6,10,169
2010-06-18 11:00:00,28.19,27.5,899.0,687.59,263.0,360.0,3.59,10.0,88154.0,True,6,11,169
2010-06-18 12:00:00,28.67,26.0,801.0,665.5,243.0,351.8,3.66,7.0,88067.0,True,6,12,169
2010-06-18 13:00:00,28.74,25.45,650.0,590.31,230.0,359.8,3.66,5.0,88040.0,True,6,13,169
2010-06-18 14:00:00,28.5,25.2,523.0,714.67,128.0,360.4,3.52,3.0,87988.0,True,6,14,169
2010-06-18 15:00:00,28.22,24.75,257.0,262.79,159.0,351.2,3.45,5.0,87970.0,True,6,15,169
2010-06-18 16:00:00,27.45,25.85,118.0,260.29,70.0,354.2,3.31,14.0,87935.0,True,6,16,169
2010-06-18 17:00:00,26.17,28.4,0.0,-0.0,0.0,341.2,2.48,26.0,87962.0,True,6,17,169
2010-06-18 18:00:00,24.63,31.95,0.0,-0.0,0.0,340.2,2.0,30.0,87979.0,True,6,18,169
2010-06-18 19:00:00,22.82,39.3,0.0,-0.0,0.0,332.6,1.59,15.0,88032.0,True,6,19,169
2010-06-18 20:00:00,21.23,43.25,0.0,-0.0,0.0,335.0,1.86,326.0,88032.0,True,6,20,169
2010-06-18 21:00:00,20.11,44.25,0.0,-0.0,0.0,326.4,2.62,319.0,88049.0,True,6,21,169
2010-06-18 22:00:00,19.59,47.0,0.0,-0.0,0.0,329.4,3.03,325.0,88032.0,True,6,22,169
2010-06-18 23:00:00,19.05,52.0,0.0,-0.0,0.0,326.6,3.24,335.0,88049.0,True,6,23,169
2010-06-19 00:00:00,18.42,58.6,0.0,-0.0,0.0,325.8,3.1,340.0,88040.0,True,6,0,170
2010-06-19 01:00:00,17.59,65.65,0.0,-0.0,0.0,322.05,2.69,335.0,88049.0,True,6,1,170
2010-06-19 02:00:00,16.79,71.9,0.0,-0.0,0.0,321.2,2.41,325.0,88058.0,True,6,2,170
2010-06-19 03:00:00,16.41,75.9,76.0,353.56,35.0,328.0,2.14,316.0,88067.0,True,6,3,170
2010-06-19 04:00:00,18.02,71.3,248.0,502.55,95.0,322.4,2.0,323.0,88067.0,True,6,4,170
2010-06-19 05:00:00,20.66,60.05,450.0,666.84,124.0,323.6,2.34,344.0,88032.0,True,6,5,170
2010-06-19 06:00:00,22.25,53.35,636.0,737.06,152.0,334.4,2.07,359.0,88023.0,True,6,6,170
2010-06-19 07:00:00,24.35,44.2,802.0,804.88,161.0,342.4,1.79,41.0,87970.0,True,6,7,170
2010-06-19 08:00:00,25.81,35.25,918.0,822.44,179.0,351.2,1.17,70.0,87944.0,True,6,8,170
2010-06-19 09:00:00,26.75,31.0,934.0,694.46,270.0,373.0,1.03,95.0,87909.0,True,6,9,170
2010-06-19 10:00:00,27.67,28.45,955.0,724.16,256.0,361.0,0.83,103.0,87839.0,True,6,10,170
2010-06-19 11:00:00,28.57,26.15,655.0,208.58,462.0,371.6,0.55,85.0,87778.0,True,6,11,170
2010-06-19 12:00:00,28.65,25.7,106.0,0.0,106.0,377.2,0.69,38.0,87752.0,True,6,12,170
2010-06-19 13:00:00,27.7,28.0,63.0,0.0,63.0,384.4,1.45,308.0,87804.0,True,6,13,170
2010-06-19 14:00:00,25.06,41.1,47.0,0.0,47.0,372.2,3.79,264.0,87918.0,True,6,14,170
2010-06-19 15:00:00,23.77,46.75,58.0,0.0,58.0,370.0,3.45,257.0,87935.0,True,6,15,170
2010-06-19 16:00:00,24.44,41.2,45.0,0.0,45.0,364.2,1.17,230.0,87892.0,True,6,16,170
2010-06-19 17:00:00,23.92,42.2,0.0,0.0,0.0,348.0,0.9,187.0,87900.0,True,6,17,170
2010-06-19 18:00:00,22.95,46.3,0.0,-0.0,0.0,341.8,0.62,183.0,87935.0,True,6,18,170
2010-06-19 19:00:00,21.19,52.7,0.0,-0.0,0.0,347.4,1.03,182.0,87962.0,True,6,19,170
2010-06-19 20:00:00,20.8,57.75,0.0,-0.0,0.0,339.6,0.83,210.0,87953.0,True,6,20,170
2010-06-19 21:00:00,20.11,58.75,0.0,-0.0,0.0,334.2,0.83,256.0,87970.0,True,6,21,170
2010-06-19 22:00:00,19.49,60.5,0.0,-0.0,0.0,334.0,1.03,271.0,88040.0,True,6,22,170
2010-06-19 23:00:00,18.31,64.75,0.0,-0.0,0.0,324.6,1.24,269.0,88058.0,True,6,23,170
2010-06-20 00:00:00,17.3,68.8,0.0,-0.0,0.0,325.6,1.52,271.0,88023.0,True,6,0,171
2010-06-20 01:00:00,16.54,71.55,0.0,-0.0,0.0,319.25,1.59,273.0,88032.0,True,6,1,171
2010-06-20 02:00:00,16.03,73.4,0.0,-0.0,0.0,317.6,1.59,272.0,88067.0,True,6,2,171
2010-06-20 03:00:00,15.84,74.3,73.0,303.2,38.0,316.2,1.45,271.0,88067.0,True,6,3,171
2010-06-20 04:00:00,18.65,62.4,264.0,628.51,73.0,317.2,0.69,269.0,88110.0,True,6,4,171
2010-06-20 05:00:00,21.73,47.95,464.0,745.39,100.0,323.2,0.21,272.0,88119.0,True,6,5,171
2010-06-20 06:00:00,23.74,40.3,653.0,809.21,122.0,332.8,0.28,218.0,88110.0,True,6,6,171
2010-06-20 07:00:00,24.2,39.0,806.0,820.32,153.0,336.0,1.79,190.0,88075.0,True,6,7,171
2010-06-20 08:00:00,25.72,32.3,943.0,903.92,131.0,342.6,2.28,227.0,88040.0,True,6,8,171
2010-06-20 09:00:00,26.89,28.9,939.0,708.11,262.0,350.0,2.62,251.0,88040.0,True,6,9,171
2010-06-20 10:00:00,28.09,26.1,955.0,724.08,256.0,362.8,3.24,266.0,88014.0,True,6,10,171
2010-06-20 11:00:00,28.87,24.1,923.0,753.05,226.0,352.4,3.86,273.0,87997.0,True,6,11,171
2010-06-20 12:00:00,29.05,22.75,857.0,835.13,156.0,362.2,4.14,273.0,87944.0,True,6,12,171
2010-06-20 13:00:00,29.36,21.65,734.0,896.58,95.0,361.4,4.28,268.0,87935.0,True,6,13,171
2010-06-20 14:00:00,28.72,21.5,533.0,756.12,114.0,356.0,4.83,259.0,87953.0,True,6,14,171
2010-06-20 15:00:00,27.5,24.45,134.0,10.68,130.0,358.8,5.1,252.0,87953.0,True,6,15,171
2010-06-20 16:00:00,26.64,28.35,37.0,0.0,37.0,358.8,4.55,255.0,87997.0,True,6,16,171
2010-06-20 17:00:00,25.29,33.3,0.0,0.0,0.0,348.2,3.24,257.0,88067.0,True,6,17,171
2010-06-20 18:00:00,23.74,39.05,0.0,-0.0,0.0,344.6,2.34,253.0,88119.0,True,6,18,171
2010-06-20 19:00:00,22.53,40.6,0.0,-0.0,0.0,334.8,2.14,240.0,88180.0,True,6,19,171
2010-06-20 20:00:00,20.9,48.0,0.0,-0.0,0.0,322.8,2.28,232.0,88215.0,True,6,20,171
2010-06-20 21:00:00,19.57,55.0,0.0,-0.0,0.0,320.4,2.41,230.0,88250.0,True,6,21,171
2010-06-20 22:00:00,18.44,62.15,0.0,-0.0,0.0,316.8,2.41,230.0,88276.0,True,6,22,171
2010-06-20 23:00:00,17.25,69.9,0.0,-0.0,0.0,310.4,2.21,231.0,88268.0,True,6,23,171
2010-06-21 00:00:00,16.51,75.0,0.0,-0.0,0.0,308.8,1.86,229.0,88250.0,True,6,0,172
2010-06-21 01:00:00,15.72,80.05,0.0,-0.0,0.0,308.0,1.86,231.0,88250.0,True,6,1,172
2010-06-21 02:00:00,14.81,85.7,0.0,-0.0,0.0,305.8,2.14,233.0,88285.0,True,6,2,172
2010-06-21 03:00:00,14.42,87.55,75.0,348.34,35.0,304.2,2.07,232.0,88303.0,True,6,3,172
2010-06-21 04:00:00,17.13,77.65,259.0,593.52,79.0,306.2,1.52,219.0,88346.0,True,6,4,172
2010-06-21 05:00:00,21.96,53.65,456.0,705.28,112.0,313.6,1.79,195.0,88355.0,True,6,5,172
2010-06-21 06:00:00,25.38,33.8,652.0,808.32,122.0,324.0,2.76,197.0,88355.0,True,6,6,172
2010-06-21 07:00:00,26.83,23.3,810.0,835.82,145.0,347.2,4.21,242.0,88311.0,True,6,7,172
2010-06-21 08:00:00,27.83,20.25,917.0,821.78,179.0,343.0,4.76,249.0,88294.0,True,6,8,172
2010-06-21 09:00:00,28.7,18.7,992.0,855.67,174.0,344.8,4.97,250.0,88268.0,True,6,9,172
2010-06-21 10:00:00,29.42,17.9,1019.0,907.35,143.0,343.4,5.24,251.0,88215.0,True,6,10,172
2010-06-21 11:00:00,29.96,17.7,981.0,928.91,121.0,351.6,5.31,252.0,88198.0,True,6,11,172
2010-06-21 12:00:00,30.29,18.05,871.0,882.35,130.0,343.0,5.24,253.0,88154.0,True,6,12,172
2010-06-21 13:00:00,30.29,18.15,674.0,665.97,199.0,344.0,5.17,252.0,88128.0,True,6,13,172
2010-06-21 14:00:00,29.84,18.4,500.0,603.84,165.0,350.4,5.17,251.0,88084.0,True,6,14,172
2010-06-21 15:00:00,28.86,21.35,228.0,159.91,168.0,357.6,4.76,246.0,88067.0,True,6,15,172
2010-06-21 16:00:00,27.76,25.6,100.0,139.21,74.0,344.4,4.28,238.0,88084.0,True,6,16,172
2010-06-21 17:00:00,26.25,29.55,0.0,0.0,0.0,339.6,3.31,226.0,88102.0,True,6,17,172
2010-06-21 18:00:00,24.4,33.6,0.0,-0.0,0.0,331.4,2.9,215.0,88137.0,True,6,18,172
2010-06-21 19:00:00,22.98,35.9,0.0,-0.0,0.0,325.2,2.9,214.0,88172.0,True,6,19,172
2010-06-21 20:00:00,21.42,38.85,0.0,-0.0,0.0,318.0,2.62,213.0,88154.0,True,6,20,172
2010-06-21 21:00:00,19.96,42.3,0.0,-0.0,0.0,313.4,2.55,214.0,88137.0,True,6,21,172
2010-06-21 22:00:00,18.59,46.55,0.0,-0.0,0.0,311.2,2.41,218.0,88084.0,True,6,22,172
2010-06-21 23:00:00,17.36,51.4,0.0,-0.0,0.0,308.6,2.28,222.0,88005.0,True,6,23,172
2010-06-22 00:00:00,16.4,55.3,0.0,-0.0,0.0,306.6,2.34,224.0,87997.0,True,6,0,173
2010-06-22 01:00:00,15.63,58.2,0.0,-0.0,0.0,304.2,2.34,224.0,87935.0,True,6,1,173
2010-06-22 02:00:00,15.04,60.1,0.0,-0.0,0.0,301.0,2.41,226.0,87935.0,True,6,2,173
2010-06-22 03:00:00,14.68,61.9,9.0,0.0,9.0,297.0,2.34,230.0,87935.0,True,6,3,173
2010-06-22 04:00:00,17.07,56.25,123.0,26.44,115.0,296.2,1.93,230.0,87927.0,True,6,4,173
2010-06-22 05:00:00,22.33,31.0,271.0,96.49,224.0,302.2,2.69,228.0,87962.0,True,6,5,173
2010-06-22 06:00:00,24.76,21.2,634.0,735.74,152.0,310.4,4.55,230.0,87918.0,True,6,6,173
2010-06-22 07:00:00,25.45,24.9,800.0,804.84,160.0,323.6,3.72,255.0,87892.0,True,6,7,173
2010-06-22 08:00:00,26.15,25.15,932.0,869.95,151.0,330.0,3.45,260.0,87874.0,True,6,8,173
2010-06-22 09:00:00,26.82,24.2,997.0,871.48,164.0,339.6,3.38,254.0,87804.0,True,6,9,173
2010-06-22 10:00:00,27.87,22.2,1025.0,924.92,132.0,337.8,3.66,250.0,87708.0,True,6,10,173
2010-06-22 11:00:00,28.56,20.4,981.0,928.69,121.0,341.0,3.86,251.0,87664.0,True,6,11,173
2010-06-22 12:00:00,29.04,19.35,872.0,883.16,130.0,347.2,3.93,250.0,87586.0,True,6,12,173
2010-06-22 13:00:00,29.36,17.65,720.0,833.63,125.0,340.2,4.34,248.0,87559.0,True,6,13,173
2010-06-22 14:00:00,28.62,16.6,523.0,702.23,133.0,342.8,5.03,246.0,87455.0,True,6,14,173
2010-06-22 15:00:00,27.73,18.15,218.0,133.03,168.0,342.4,4.69,245.0,87437.0,True,6,15,173
2010-06-22 16:00:00,26.65,21.5,121.0,272.12,70.0,335.6,4.55,244.0,87446.0,True,6,16,173
2010-06-22 17:00:00,24.96,27.2,0.0,0.0,0.0,326.4,3.86,244.0,87516.0,True,6,17,173
2010-06-22 18:00:00,23.11,34.2,0.0,-0.0,0.0,320.2,3.38,243.0,87621.0,True,6,18,173
2010-06-22 19:00:00,21.5,42.4,0.0,-0.0,0.0,314.0,3.38,246.0,87682.0,True,6,19,173
2010-06-22 20:00:00,20.27,47.1,0.0,-0.0,0.0,311.8,3.24,249.0,87717.0,True,6,20,173
2010-06-22 21:00:00,19.32,50.9,0.0,-0.0,0.0,311.0,2.97,267.0,87726.0,True,6,21,173
2010-06-22 22:00:00,18.36,55.05,0.0,-0.0,0.0,315.6,2.48,303.0,87761.0,True,6,22,173
2010-06-22 23:00:00,17.32,57.3,0.0,-0.0,0.0,306.0,2.62,330.0,87831.0,True,6,23,173
2010-06-23 00:00:00,16.59,58.7,0.0,-0.0,0.0,309.0,2.69,340.0,87839.0,True,6,0,174
2010-06-23 01:00:00,15.76,61.55,0.0,-0.0,0.0,302.8,2.55,342.0,87857.0,True,6,1,174
2010-06-23 02:00:00,14.77,66.0,0.0,-0.0,0.0,297.8,2.21,340.0,87874.0,True,6,2,174
2010-06-23 03:00:00,14.23,71.1,72.0,308.63,37.0,305.6,1.66,338.0,87918.0,True,6,3,174
2010-06-23 04:00:00,15.67,65.3,259.0,602.96,77.0,303.0,1.59,343.0,87909.0,True,6,4,174
2010-06-23 05:00:00,17.58,53.0,452.0,690.78,116.0,306.2,1.72,337.0,87892.0,True,6,5,174
2010-06-23 06:00:00,18.99,48.2,622.0,693.65,168.0,317.0,0.83,308.0,87866.0,True,6,6,174
2010-06-23 07:00:00,20.07,44.15,757.0,665.66,228.0,330.6,0.9,179.0,87787.0,True,6,7,174
2010-06-23 08:00:00,21.69,38.55,887.0,735.44,227.0,332.6,2.69,191.0,87726.0,True,6,8,174
2010-06-23 09:00:00,23.46,32.9,864.0,529.46,358.0,346.2,3.45,202.0,87647.0,True,6,9,174
2010-06-23 10:00:00,25.12,28.45,619.0,134.64,489.0,345.2,3.59,213.0,87586.0,True,6,10,174
2010-06-23 11:00:00,26.17,24.9,166.0,0.0,166.0,355.6,3.93,226.0,87498.0,True,6,11,174
2010-06-23 12:00:00,23.52,31.25,77.0,0.0,77.0,366.0,5.79,236.0,87472.0,True,6,12,174
2010-06-23 13:00:00,24.17,27.2,675.0,666.48,199.0,345.6,4.55,243.0,87516.0,True,6,13,174
2010-06-23 14:00:00,23.63,29.7,287.0,62.96,252.0,352.4,4.55,238.0,87455.0,True,6,14,174
2010-06-23 15:00:00,22.39,36.35,67.0,0.0,67.0,343.2,4.55,241.0,87411.0,True,6,15,174
2010-06-23 16:00:00,22.18,36.25,95.0,106.39,75.0,350.2,4.07,241.0,87472.0,True,6,16,174
2010-06-23 17:00:00,19.75,46.55,0.0,0.0,0.0,342.2,3.72,253.0,87533.0,True,6,17,174
2010-06-23 18:00:00,17.35,63.05,0.0,-0.0,0.0,338.6,2.0,294.0,87629.0,True,6,18,174
2010-06-23 19:00:00,15.82,72.3,0.0,-0.0,0.0,329.2,2.21,295.0,87726.0,True,6,19,174
2010-06-23 20:00:00,15.12,77.0,0.0,-0.0,0.0,327.4,1.93,323.0,87734.0,True,6,20,174
2010-06-23 21:00:00,14.89,78.85,0.0,-0.0,0.0,334.4,1.93,332.0,87743.0,True,6,21,174
2010-06-23 22:00:00,14.33,80.5,0.0,-0.0,0.0,317.6,2.07,321.0,87734.0,True,6,22,174
2010-06-23 23:00:00,13.87,81.3,0.0,-0.0,0.0,323.6,2.41,319.0,87813.0,True,6,23,174
2010-06-24 00:00:00,13.84,79.65,0.0,-0.0,0.0,336.0,2.55,314.0,87804.0,True,6,0,175
2010-06-24 01:00:00,13.61,78.7,0.0,-0.0,0.0,324.65,2.83,309.0,87831.0,True,6,1,175
2010-06-24 02:00:00,13.44,77.55,0.0,-0.0,0.0,325.0,2.97,308.0,87866.0,True,6,2,175
2010-06-24 03:00:00,13.01,78.25,11.0,0.0,11.0,298.4,2.83,308.0,87892.0,True,6,3,175
2010-06-24 04:00:00,13.73,73.2,189.0,195.99,130.0,301.2,3.17,307.0,87962.0,True,6,4,175
2010-06-24 05:00:00,15.09,63.55,461.0,743.32,100.0,301.2,4.28,310.0,87962.0,True,6,5,175
2010-06-24 06:00:00,16.67,54.1,660.0,853.39,102.0,301.8,4.76,314.0,87970.0,True,6,6,175
2010-06-24 07:00:00,18.39,45.25,821.0,882.67,120.0,324.6,5.24,315.0,87935.0,True,6,7,175
2010-06-24 08:00:00,19.66,40.65,749.0,402.42,388.0,333.4,4.76,319.0,87927.0,True,6,8,175
2010-06-24 09:00:00,20.27,38.7,732.0,283.62,461.0,376.4,4.28,322.0,87927.0,True,6,9,175
2010-06-24 10:00:00,20.86,37.65,550.0,76.65,476.0,376.0,4.14,322.0,87988.0,True,6,10,175
2010-06-24 11:00:00,21.31,36.75,722.0,305.5,439.0,377.4,4.0,322.0,87979.0,True,6,11,175
2010-06-24 12:00:00,21.62,35.95,410.0,35.68,380.0,381.6,3.66,326.0,87988.0,True,6,12,175
2010-06-24 13:00:00,22.07,34.95,153.0,0.0,153.0,380.8,3.38,330.0,87979.0,True,6,13,175
2010-06-24 14:00:00,21.79,35.75,100.0,0.0,100.0,382.8,3.24,331.0,87962.0,True,6,14,175
2010-06-24 15:00:00,21.7,36.3,154.0,23.88,145.0,383.0,3.24,335.0,88005.0,True,6,15,175
2010-06-24 16:00:00,21.25,38.1,76.0,37.14,69.0,382.2,2.9,341.0,88014.0,True,6,16,175
2010-06-24 17:00:00,20.58,41.25,0.0,0.0,0.0,362.4,2.21,354.0,88058.0,True,6,17,175
2010-06-24 18:00:00,19.52,46.4,0.0,-0.0,0.0,355.0,2.0,1.0,88075.0,True,6,18,175
2010-06-24 19:00:00,18.67,50.2,0.0,-0.0,0.0,362.0,2.14,5.0,88137.0,True,6,19,175
2010-06-24 20:00:00,17.57,58.15,0.0,-0.0,0.0,344.4,1.59,5.0,88137.0,True,6,20,175
2010-06-24 21:00:00,16.46,64.55,0.0,-0.0,0.0,330.8,1.24,357.0,88137.0,True,6,21,175
2010-06-24 22:00:00,15.76,65.65,0.0,-0.0,0.0,322.6,1.17,340.0,88154.0,True,6,22,175
2010-06-24 23:00:00,14.91,69.6,0.0,-0.0,0.0,320.0,1.38,338.0,88119.0,True,6,23,175
2010-06-25 00:00:00,14.09,73.25,0.0,-0.0,0.0,311.0,1.52,340.0,88093.0,True,6,0,176
2010-06-25 01:00:00,13.22,76.95,0.0,-0.0,0.0,301.4,1.59,344.0,88128.0,True,6,1,176
2010-06-25 02:00:00,12.81,78.95,0.0,-0.0,0.0,302.4,1.45,345.0,88119.0,True,6,2,176
2010-06-25 03:00:00,12.72,79.9,6.0,0.0,6.0,302.6,1.31,343.0,88119.0,True,6,3,176
2010-06-25 04:00:00,14.19,76.8,249.0,539.69,87.0,309.0,0.9,354.0,88128.0,True,6,4,176
2010-06-25 05:00:00,16.64,63.35,445.0,664.11,123.0,321.0,1.03,46.0,88110.0,True,6,5,176
2010-06-25 06:00:00,18.25,55.0,574.0,528.2,229.0,333.2,1.31,99.0,88084.0,True,6,6,176
2010-06-25 07:00:00,19.32,48.1,816.0,865.65,129.0,337.8,2.28,132.0,88049.0,True,6,7,176
2010-06-25 08:00:00,20.92,41.75,837.0,602.23,297.0,341.0,2.41,155.0,87997.0,True,6,8,176
2010-06-25 09:00:00,21.76,38.2,895.0,601.92,320.0,358.2,2.34,181.0,87953.0,True,6,9,176
2010-06-25 10:00:00,22.42,36.0,598.0,114.97,487.0,364.2,2.28,201.0,87918.0,True,6,10,176
2010-06-25 11:00:00,22.91,35.15,337.0,3.24,334.0,364.8,1.86,215.0,87857.0,True,6,11,176
2010-06-25 12:00:00,23.18,34.8,491.0,92.74,413.0,361.2,1.52,218.0,87831.0,True,6,12,176
2010-06-25 13:00:00,23.39,34.4,72.0,0.0,72.0,365.6,0.9,208.0,87822.0,True,6,13,176
2010-06-25 14:00:00,21.9,39.9,47.0,0.0,47.0,363.8,2.55,243.0,87892.0,True,6,14,176
2010-06-25 15:00:00,20.12,52.15,35.0,0.0,35.0,359.6,3.79,250.0,87918.0,True,6,15,176
2010-06-25 16:00:00,20.05,51.0,73.0,31.76,67.0,357.6,1.66,251.0,87979.0,True,6,16,176
2010-06-25 17:00:00,19.58,52.25,0.0,0.0,0.0,344.0,0.34,290.0,87997.0,True,6,17,176
2010-06-25 18:00:00,18.96,55.35,0.0,-0.0,0.0,337.6,0.48,310.0,88014.0,True,6,18,176
2010-06-25 19:00:00,16.48,74.15,0.0,-0.0,0.0,323.8,1.17,317.0,88040.0,True,6,19,176
2010-06-25 20:00:00,15.68,79.2,0.0,-0.0,0.0,321.8,0.9,340.0,88067.0,True,6,20,176
2010-06-25 21:00:00,14.87,85.0,0.0,-0.0,0.0,317.2,0.9,348.0,88093.0,True,6,21,176
2010-06-25 22:00:00,14.0,88.8,0.0,-0.0,0.0,311.4,1.17,332.0,88119.0,True,6,22,176
2010-06-25 23:00:00,13.51,91.15,0.0,-0.0,0.0,319.6,1.31,319.0,88137.0,True,6,23,176
2010-06-26 00:00:00,13.22,92.25,0.0,-0.0,0.0,324.2,1.52,308.0,88119.0,True,6,0,177
2010-06-26 01:00:00,13.02,92.9,0.0,-0.0,0.0,323.85,1.38,302.0,88145.0,True,6,1,177
2010-06-26 02:00:00,12.78,93.25,0.0,-0.0,0.0,319.6,1.24,303.0,88137.0,True,6,2,177
2010-06-26 03:00:00,12.22,94.6,6.0,0.0,6.0,305.4,1.31,302.0,88172.0,True,6,3,177
2010-06-26 04:00:00,13.75,89.95,22.0,0.0,22.0,317.8,0.97,298.0,88207.0,True,6,4,177
2010-06-26 05:00:00,15.8,74.35,279.0,111.57,225.0,329.0,1.45,325.0,88207.0,True,6,5,177
2010-06-26 06:00:00,17.17,65.05,533.0,404.64,269.0,323.8,1.38,327.0,88198.0,True,6,6,177
2010-06-26 07:00:00,18.32,56.85,619.0,322.81,363.0,334.4,0.97,308.0,88189.0,True,6,7,177
2010-06-26 08:00:00,19.26,51.8,758.0,421.76,380.0,335.0,0.97,303.0,88163.0,True,6,8,177
2010-06-26 09:00:00,20.34,47.75,874.0,552.87,346.0,340.8,0.76,307.0,88145.0,True,6,9,177
2010-06-26 10:00:00,21.07,44.7,969.0,762.41,233.0,354.6,0.76,292.0,88119.0,True,6,10,177
2010-06-26 11:00:00,21.8,42.5,494.0,56.12,442.0,356.4,0.69,307.0,88102.0,True,6,11,177
2010-06-26 12:00:00,22.39,40.75,164.0,0.0,164.0,359.0,0.83,298.0,88067.0,True,6,12,177
2010-06-26 13:00:00,23.08,38.45,567.0,353.71,314.0,345.8,1.03,319.0,88058.0,True,6,13,177
2010-06-26 14:00:00,23.01,38.5,494.0,570.72,176.0,349.0,1.59,323.0,88067.0,True,6,14,177
2010-06-26 15:00:00,22.75,38.75,176.0,47.65,158.0,361.8,1.86,324.0,88014.0,True,6,15,177
2010-06-26 16:00:00,22.23,39.95,55.0,5.28,54.0,342.0,2.14,323.0,88067.0,True,6,16,177
2010-06-26 17:00:00,20.9,45.6,0.0,0.0,0.0,349.2,2.07,320.0,88137.0,True,6,17,177
2010-06-26 18:00:00,19.32,53.6,0.0,-0.0,0.0,337.2,2.21,317.0,88215.0,True,6,18,177
2010-06-26 19:00:00,19.18,52.75,0.0,-0.0,0.0,358.8,1.72,310.0,88268.0,True,6,19,177
2010-06-26 20:00:00,18.32,59.2,0.0,-0.0,0.0,351.4,1.45,297.0,88241.0,True,6,20,177
2010-06-26 21:00:00,17.52,65.85,0.0,-0.0,0.0,350.2,1.1,278.0,88259.0,True,6,21,177
2010-06-26 22:00:00,16.96,68.5,0.0,-0.0,0.0,346.2,1.17,267.0,88285.0,True,6,22,177
2010-06-26 23:00:00,16.33,71.95,0.0,-0.0,0.0,346.0,1.38,276.0,88276.0,True,6,23,177
2010-06-27 00:00:00,15.75,75.0,0.0,-0.0,0.0,341.0,1.59,290.0,88303.0,True,6,0,178
2010-06-27 01:00:00,15.14,77.3,0.0,-0.0,0.0,331.85,1.72,302.0,88320.0,True,6,1,178
2010-06-27 02:00:00,14.63,78.5,0.0,-0.0,0.0,328.6,1.86,310.0,88355.0,True,6,2,178
2010-06-27 03:00:00,13.88,80.5,46.0,72.92,38.0,309.4,2.0,312.0,88390.0,True,6,3,178
2010-06-27 04:00:00,15.5,71.3,239.0,479.45,96.0,320.2,1.79,320.0,88425.0,True,6,4,178
2010-06-27 05:00:00,17.69,55.05,453.0,714.13,108.0,323.2,2.48,330.0,88443.0,True,6,5,178
2010-06-27 06:00:00,18.96,50.8,615.0,679.81,172.0,337.2,2.21,339.0,88451.0,True,6,6,178
2010-06-27 07:00:00,20.21,47.25,801.0,819.02,152.0,324.6,1.93,357.0,88425.0,True,6,7,178
2010-06-27 08:00:00,20.97,44.9,949.0,935.49,111.0,356.6,1.24,15.0,88390.0,True,6,8,178
2010-06-27 09:00:00,22.29,41.75,995.0,870.4,164.0,343.2,0.55,59.0,88373.0,True,6,9,178
2010-06-27 10:00:00,23.29,38.45,757.0,309.76,458.0,347.2,0.34,132.0,88303.0,True,6,10,178
2010-06-27 11:00:00,23.99,35.95,93.0,0.0,93.0,361.6,0.07,104.0,88285.0,True,6,11,178
2010-06-27 12:00:00,24.14,36.05,146.0,0.0,146.0,359.4,0.69,0.0,88276.0,True,6,12,178
2010-06-27 13:00:00,23.3,39.2,230.0,1.4,229.0,374.4,1.79,310.0,88381.0,True,6,13,178
2010-06-27 14:00:00,20.4,59.1,122.0,0.0,122.0,372.6,3.72,287.0,88373.0,True,6,14,178
2010-06-27 15:00:00,20.33,58.0,158.0,26.45,148.0,354.6,2.41,309.0,88346.0,True,6,15,178
2010-06-27 16:00:00,20.54,54.75,62.0,10.55,60.0,353.2,1.1,360.0,88373.0,True,6,16,178
2010-06-27 17:00:00,19.87,57.55,0.0,0.0,0.0,341.0,0.55,6.0,88381.0,True,6,17,178
2010-06-27 18:00:00,18.73,63.15,0.0,-0.0,0.0,342.2,1.59,279.0,88408.0,True,6,18,178
2010-06-27 19:00:00,17.97,69.4,0.0,-0.0,0.0,336.0,1.24,303.0,88469.0,True,6,19,178
2010-06-27 20:00:00,16.85,75.75,0.0,-0.0,0.0,322.8,1.24,294.0,88495.0,True,6,20,178
2010-06-27 21:00:00,16.22,79.25,0.0,-0.0,0.0,328.8,1.1,304.0,88521.0,True,6,21,178
2010-06-27 22:00:00,15.62,82.25,0.0,-0.0,0.0,323.4,0.97,316.0,88565.0,True,6,22,178
2010-06-27 23:00:00,15.36,82.45,0.0,-0.0,0.0,322.2,0.9,323.0,88548.0,True,6,23,178
2010-06-28 00:00:00,14.75,85.35,0.0,-0.0,0.0,320.8,1.1,303.0,88539.0,True,6,0,179
2010-06-28 01:00:00,14.17,87.05,0.0,-0.0,0.0,312.45,1.31,285.0,88513.0,True,6,1,179
2010-06-28 02:00:00,13.63,88.25,0.0,-0.0,0.0,306.4,1.31,273.0,88495.0,True,6,2,179
2010-06-28 03:00:00,13.21,89.35,61.0,211.76,38.0,303.0,1.31,269.0,88504.0,True,6,3,179
2010-06-28 04:00:00,15.3,83.05,254.0,598.89,76.0,305.0,0.62,276.0,88495.0,True,6,4,179
2010-06-28 05:00:00,17.77,66.55,465.0,792.28,83.0,310.2,0.9,321.0,88486.0,True,6,5,179
2010-06-28 06:00:00,19.4,55.5,663.0,881.95,89.0,317.0,1.52,351.0,88486.0,True,6,6,179
2010-06-28 07:00:00,20.41,49.4,822.0,898.02,111.0,322.0,1.38,20.0,88451.0,True,6,7,179
2010-06-28 08:00:00,21.54,44.65,934.0,885.74,141.0,333.2,1.38,32.0,88408.0,True,6,8,179
2010-06-28 09:00:00,22.42,41.05,956.0,759.62,231.0,345.6,0.97,53.0,88399.0,True,6,9,179
2010-06-28 10:00:00,22.85,39.45,890.0,566.78,343.0,357.2,1.17,56.0,88346.0,True,6,10,179
2010-06-28 11:00:00,23.42,38.8,636.0,182.39,467.0,358.2,1.45,50.0,88303.0,True,6,11,179
2010-06-28 12:00:00,22.38,42.8,82.0,0.0,82.0,372.6,1.03,10.0,88268.0,True,6,12,179
2010-06-28 13:00:00,21.17,49.9,64.0,0.0,64.0,365.2,2.41,284.0,88408.0,True,6,13,179
2010-06-28 14:00:00,18.31,71.05,316.0,98.61,261.0,367.8,3.31,267.0,88434.0,True,6,14,179
2010-06-28 15:00:00,18.39,70.5,250.0,219.38,167.0,353.4,1.72,290.0,88416.0,True,6,15,179
2010-06-28 16:00:00,18.65,64.75,120.0,247.7,73.0,340.0,1.59,301.0,88416.0,True,6,16,179
2010-06-28 17:00:00,18.55,65.4,0.0,0.0,0.0,329.2,1.38,293.0,88425.0,True,6,17,179
2010-06-28 18:00:00,18.02,69.4,0.0,-0.0,0.0,340.2,1.03,287.0,88478.0,True,6,18,179
2010-06-28 19:00:00,16.22,77.05,0.0,-0.0,0.0,312.4,1.59,281.0,88521.0,True,6,19,179
2010-06-28 20:00:00,15.13,81.95,0.0,-0.0,0.0,309.6,1.52,278.0,88513.0,True,6,20,179
2010-06-28 21:00:00,14.55,84.6,0.0,-0.0,0.0,318.0,1.45,282.0,88495.0,True,6,21,179
2010-06-28 22:00:00,13.84,87.45,0.0,-0.0,0.0,310.4,1.52,287.0,88495.0,True,6,22,179
2010-06-28 23:00:00,13.15,89.85,0.0,-0.0,0.0,303.4,1.59,286.0,88486.0,True,6,23,179
2010-06-29 00:00:00,12.64,90.4,0.0,-0.0,0.0,297.8,1.59,278.0,88460.0,True,6,0,180
2010-06-29 01:00:00,12.22,91.0,0.0,-0.0,0.0,297.6,1.59,272.0,88451.0,True,6,1,180
2010-06-29 02:00:00,11.9,90.95,0.0,-0.0,0.0,295.8,1.59,267.0,88460.0,True,6,2,180
2010-06-29 03:00:00,11.64,91.25,22.0,0.0,22.0,295.2,1.59,263.0,88469.0,True,6,3,180
2010-06-29 04:00:00,14.24,84.75,159.0,104.69,128.0,296.8,0.76,257.0,88495.0,True,6,4,180
2010-06-29 05:00:00,17.27,63.7,453.0,727.41,103.0,301.6,0.48,258.0,88504.0,True,6,5,180
2010-06-29 06:00:00,18.88,54.2,662.0,881.58,89.0,309.8,0.41,339.0,88495.0,True,6,6,180
2010-06-29 07:00:00,20.01,49.0,817.0,881.11,120.0,315.8,1.72,357.0,88460.0,True,6,7,180
2010-06-29 08:00:00,21.02,44.25,825.0,576.68,309.0,329.8,1.86,2.0,88399.0,True,6,8,180
2010-06-29 09:00:00,21.98,40.95,810.0,420.3,409.0,331.8,1.93,1.0,88408.0,True,6,9,180
2010-06-29 10:00:00,22.98,38.35,965.0,752.38,239.0,342.0,1.72,355.0,88364.0,True,6,10,180
2010-06-29 11:00:00,23.63,36.9,803.0,457.6,379.0,337.2,1.59,348.0,88320.0,True,6,11,180
2010-06-29 12:00:00,24.15,35.8,173.0,0.0,173.0,357.8,1.52,346.0,88268.0,True,6,12,180
2010-06-29 13:00:00,24.59,34.95,392.0,72.63,340.0,340.0,1.52,343.0,88224.0,True,6,13,180
2010-06-29 14:00:00,24.59,34.2,549.0,815.48,94.0,343.6,1.79,349.0,88207.0,True,6,14,180
2010-06-29 15:00:00,24.01,34.8,273.0,306.45,157.0,342.0,1.59,332.0,88215.0,True,6,15,180
2010-06-29 16:00:00,23.21,36.95,127.0,305.48,69.0,350.8,2.07,280.0,88259.0,True,6,16,180
2010-06-29 17:00:00,21.88,43.9,0.0,0.0,0.0,346.8,2.0,278.0,88259.0,True,6,17,180
2010-06-29 18:00:00,20.45,51.6,0.0,-0.0,0.0,332.4,1.93,293.0,88268.0,True,6,18,180
2010-06-29 19:00:00,18.61,64.7,0.0,-0.0,0.0,316.6,1.38,290.0,88285.0,True,6,19,180
2010-06-29 20:00:00,17.41,67.85,0.0,-0.0,0.0,315.6,1.52,287.0,88311.0,True,6,20,180
2010-06-29 21:00:00,16.43,70.7,0.0,-0.0,0.0,315.6,1.59,285.0,88285.0,True,6,21,180
2010-06-29 22:00:00,15.73,72.4,0.0,-0.0,0.0,312.2,1.66,286.0,88268.0,True,6,22,180
2010-06-29 23:00:00,15.12,73.5,0.0,-0.0,0.0,309.6,1.72,287.0,88241.0,True,6,23,180
2010-06-30 00:00:00,14.48,74.55,0.0,-0.0,0.0,304.8,1.79,288.0,88250.0,True,6,0,181
2010-06-30 01:00:00,14.12,74.65,0.0,-0.0,0.0,302.2,1.79,283.0,88285.0,True,6,1,181
2010-06-30 02:00:00,13.77,74.8,0.0,-0.0,0.0,300.2,1.72,275.0,88303.0,True,6,2,181
2010-06-30 03:00:00,13.4,75.9,53.0,131.79,39.0,298.2,1.72,272.0,88320.0,True,6,3,181
2010-06-30 04:00:00,15.54,70.95,238.0,494.98,92.0,300.6,1.03,272.0,88346.0,True,6,4,181
2010-06-30 05:00:00,19.55,50.05,445.0,687.33,115.0,305.0,0.83,298.0,88364.0,True,6,5,181
2010-06-30 06:00:00,21.63,39.5,644.0,805.77,121.0,312.0,0.76,334.0,88355.0,True,6,6,181
2010-06-30 07:00:00,22.8,37.2,807.0,849.03,136.0,321.0,1.38,22.0,88346.0,True,6,7,181
2010-06-30 08:00:00,23.8,33.9,927.0,868.91,150.0,328.6,0.76,58.0,88329.0,True,6,8,181
2010-06-30 09:00:00,24.48,32.3,999.0,887.06,153.0,344.4,0.41,108.0,88311.0,True,6,9,181
2010-06-30 10:00:00,25.14,30.95,1013.0,890.41,154.0,358.8,0.62,207.0,88259.0,True,6,10,181
2010-06-30 11:00:00,25.56,30.05,929.0,767.39,218.0,359.0,1.17,234.0,88241.0,True,6,11,181
2010-06-30 12:00:00,26.09,28.6,723.0,453.85,341.0,373.0,1.79,242.0,88189.0,True,6,12,181
2010-06-30 13:00:00,26.44,27.75,711.0,789.08,146.0,359.2,2.28,255.0,88172.0,True,6,13,181
2010-06-30 14:00:00,26.38,28.35,467.0,465.88,207.0,367.4,2.62,267.0,88137.0,True,6,14,181
2010-06-30 15:00:00,26.06,29.3,187.0,63.39,163.0,355.6,2.62,265.0,88119.0,True,6,15,181
2010-06-30 16:00:00,21.08,52.2,133.0,358.08,65.0,348.26,1.56,269.0,88110.0,True,6,16,181
2010-06-30 17:00:00,20.89,52.7,0.0,0.0,0.0,345.74,1.65,287.0,88128.0,True,6,17,181
2010-06-30 18:00:00,20.71,53.2,0.0,-0.0,0.0,343.22,1.73,293.0,88180.0,True,6,18,181
2010-06-30 19:00:00,20.52,53.7,0.0,-0.0,0.0,340.7,1.81,284.0,88215.0,True,6,19,181
2010-06-30 20:00:00,20.34,54.2,0.0,-0.0,0.0,338.18,1.89,264.0,88233.0,True,6,20,181
2010-06-30 21:00:00,20.15,54.69,0.0,-0.0,0.0,335.66,1.98,263.0,88233.0,True,6,21,181
2010-06-30 22:00:00,19.97,55.19,0.0,-0.0,0.0,333.14,2.06,276.0,88276.0,True,6,22,181
2010-06-30 23:00:00,19.79,55.69,0.0,-0.0,0.0,330.63,2.14,287.0,88329.0,True,6,23,181
2018-07-01 00:00:00,19.6,56.19,0.0,-0.0,0.0,328.11,2.23,271.0,88241.0,True,7,0,182
2018-07-01 01:00:00,19.42,56.69,0.0,-0.0,0.0,325.59,2.31,279.0,88268.0,True,7,1,182
2018-07-01 02:00:00,19.23,57.19,0.0,-0.0,0.0,323.07,2.39,291.0,88311.0,True,7,2,182
2018-07-01 03:00:00,19.05,57.69,36.0,28.59,33.0,320.55,2.48,300.0,88373.0,True,7,3,182
2018-07-01 04:00:00,18.86,58.18,240.0,510.63,90.0,318.03,2.56,312.0,88425.0,True,7,4,182
2018-07-01 05:00:00,18.68,58.68,417.0,557.38,150.0,315.51,2.64,334.0,88451.0,True,7,5,182
2018-07-01 06:00:00,18.49,59.18,615.0,689.67,168.0,312.99,2.73,352.0,88460.0,True,7,6,182
2018-07-01 07:00:00,18.31,59.68,802.0,832.12,145.0,310.47,2.81,3.0,88451.0,True,7,7,182
2018-07-01 08:00:00,26.24,29.25,922.0,851.57,161.0,352.2,2.97,15.0,88443.0,True,7,8,182
2018-07-01 09:00:00,27.45,26.8,994.0,869.61,165.0,350.6,2.28,24.0,88425.0,True,7,9,182
2018-07-01 10:00:00,28.48,24.65,820.0,420.95,414.0,351.2,1.72,25.0,88364.0,True,7,10,182
2018-07-01 11:00:00,29.37,22.65,864.0,594.77,313.0,359.6,1.59,16.0,88355.0,True,7,11,182
2018-07-01 12:00:00,30.0,20.9,831.0,742.55,206.0,374.2,1.66,14.0,88311.0,True,7,12,182
2018-07-01 13:00:00,30.49,19.8,647.0,568.37,240.0,367.4,1.93,12.0,88259.0,True,7,13,182
2018-07-01 14:00:00,30.56,19.4,445.0,388.78,228.0,367.6,2.21,7.0,88241.0,True,7,14,182
2018-07-01 15:00:00,30.36,19.5,328.0,580.97,108.0,351.0,2.62,2.0,88233.0,True,7,15,182
2018-07-01 16:00:00,29.71,20.3,141.0,426.62,60.0,346.8,3.24,357.0,88241.0,True,7,16,182
2018-07-01 17:00:00,28.18,22.65,0.0,0.0,0.0,343.6,3.59,352.0,88294.0,True,7,17,182
2018-07-01 18:00:00,26.45,26.25,0.0,-0.0,0.0,351.8,4.41,346.0,88355.0,True,7,18,182
2018-07-01 19:00:00,25.11,29.0,0.0,-0.0,0.0,339.0,4.21,344.0,88460.0,True,7,19,182
2018-07-01 20:00:00,23.93,32.25,0.0,-0.0,0.0,335.6,4.0,344.0,88486.0,True,7,20,182
2018-07-01 21:00:00,22.95,34.5,0.0,-0.0,0.0,331.0,3.45,345.0,88521.0,True,7,21,182
2018-07-01 22:00:00,22.06,36.2,0.0,-0.0,0.0,326.2,3.31,342.0,88556.0,True,7,22,182
2018-07-01 23:00:00,21.32,37.5,0.0,-0.0,0.0,326.0,3.24,340.0,88574.0,True,7,23,182
2018-07-02 00:00:00,20.55,39.45,0.0,-0.0,0.0,324.8,3.1,338.0,88565.0,True,7,0,183
2018-07-02 01:00:00,19.67,42.95,0.0,-0.0,0.0,321.45,3.1,332.0,88574.0,True,7,1,183
2018-07-02 02:00:00,18.95,47.25,0.0,-0.0,0.0,320.6,3.17,326.0,88591.0,True,7,2,183
2018-07-02 03:00:00,18.44,51.35,43.0,67.57,36.0,319.8,3.17,325.0,88635.0,True,7,3,183
2018-07-02 04:00:00,19.66,51.25,229.0,451.29,97.0,321.6,3.45,330.0,88679.0,True,7,4,183
2018-07-02 05:00:00,21.45,52.65,433.0,648.68,123.0,330.8,4.41,343.0,88705.0,True,7,5,183
2018-07-02 06:00:00,23.23,49.85,622.0,735.52,146.0,336.6,4.48,351.0,88696.0,True,7,6,183
2018-07-02 07:00:00,25.58,44.3,790.0,806.34,154.0,345.6,4.76,356.0,88679.0,True,7,7,183
2018-07-02 08:00:00,27.52,35.85,913.0,840.96,162.0,353.6,4.97,3.0,88626.0,True,7,8,183
2018-07-02 09:00:00,29.1,30.05,990.0,876.3,155.0,359.2,5.1,9.0,88617.0,True,7,9,183
2018-07-02 10:00:00,30.24,26.65,982.0,815.17,196.0,364.2,4.9,12.0,88556.0,True,7,10,183
2018-07-02 11:00:00,31.08,24.4,686.0,254.78,450.0,367.4,4.55,13.0,88521.0,True,7,11,183
2018-07-02 12:00:00,31.62,22.7,564.0,174.66,417.0,374.8,4.34,13.0,88434.0,True,7,12,183
2018-07-02 13:00:00,31.78,21.55,689.0,720.57,173.0,383.0,4.28,11.0,88425.0,True,7,13,183
2018-07-02 14:00:00,31.61,20.95,549.0,827.7,87.0,383.4,4.28,9.0,88399.0,True,7,14,183
2018-07-02 15:00:00,31.14,20.7,343.0,694.58,80.0,376.6,4.41,8.0,88390.0,True,7,15,183
2018-07-02 16:00:00,30.4,21.15,100.0,126.49,76.0,360.4,4.48,4.0,88399.0,True,7,16,183
2018-07-02 17:00:00,29.07,22.75,0.0,0.0,0.0,356.0,3.93,351.0,88425.0,True,7,17,183
2018-07-02 18:00:00,27.27,25.65,0.0,-0.0,0.0,351.0,4.14,338.0,88478.0,True,7,18,183
2018-07-02 19:00:00,25.95,28.05,0.0,-0.0,0.0,350.6,5.03,334.0,88539.0,True,7,19,183
2018-07-02 20:00:00,24.93,31.2,0.0,-0.0,0.0,341.0,5.24,336.0,88583.0,True,7,20,183
2018-07-02 21:00:00,24.29,32.75,0.0,-0.0,0.0,343.2,5.17,339.0,88591.0,True,7,21,183
2018-07-02 22:00:00,23.49,35.85,0.0,-0.0,0.0,337.0,4.97,344.0,88591.0,True,7,22,183
2018-07-02 23:00:00,22.63,40.15,0.0,-0.0,0.0,334.2,4.48,351.0,88626.0,True,7,23,183
2018-07-03 00:00:00,21.76,46.45,0.0,-0.0,0.0,334.6,3.93,355.0,88635.0,True,7,0,184
2018-07-03 01:00:00,20.98,54.05,0.0,-0.0,0.0,339.65,3.66,353.0,88661.0,True,7,1,184
2018-07-03 02:00:00,20.03,61.45,0.0,-0.0,0.0,333.0,3.45,347.0,88670.0,True,7,2,184
2018-07-03 03:00:00,19.32,66.35,32.0,19.57,30.0,330.2,3.38,342.0,88705.0,True,7,3,184
2018-07-03 04:00:00,20.1,65.25,209.0,339.99,110.0,329.6,3.72,346.0,88740.0,True,7,4,184
2018-07-03 05:00:00,21.41,62.1,412.0,553.78,148.0,333.0,4.07,357.0,88766.0,True,7,5,184
2018-07-03 06:00:00,23.08,54.85,612.0,704.17,157.0,338.2,4.0,4.0,88740.0,True,7,6,184
2018-07-03 07:00:00,25.71,44.95,786.0,802.11,154.0,348.2,4.48,9.0,88696.0,True,7,7,184
2018-07-03 08:00:00,27.48,37.25,905.0,822.52,171.0,355.2,4.76,15.0,88626.0,True,7,8,184
2018-07-03 09:00:00,28.82,31.5,976.0,839.98,176.0,362.2,4.76,16.0,88583.0,True,7,9,184
2018-07-03 10:00:00,29.75,28.1,953.0,740.73,239.0,369.6,4.55,15.0,88521.0,True,7,10,184
2018-07-03 11:00:00,30.42,25.8,819.0,504.26,352.0,382.8,4.34,13.0,88478.0,True,7,11,184
2018-07-03 12:00:00,31.0,23.85,679.0,368.36,369.0,372.4,4.14,11.0,88416.0,True,7,12,184
2018-07-03 13:00:00,31.18,22.6,617.0,491.58,265.0,383.2,4.07,9.0,88399.0,True,7,13,184
2018-07-03 14:00:00,31.16,21.85,250.0,30.46,233.0,380.2,4.14,8.0,88373.0,True,7,14,184
2018-07-03 15:00:00,30.84,21.6,341.0,689.49,80.0,359.0,4.21,10.0,88346.0,True,7,15,184
2018-07-03 16:00:00,30.19,22.05,106.0,158.27,76.0,361.8,4.07,12.0,88355.0,True,7,16,184
2018-07-03 17:00:00,28.88,23.65,0.0,0.0,0.0,348.4,3.03,13.0,88381.0,True,7,17,184
2018-07-03 18:00:00,27.17,25.85,0.0,-0.0,0.0,342.4,2.55,359.0,88399.0,True,7,18,184
2018-07-03 19:00:00,25.73,28.4,0.0,-0.0,0.0,336.4,2.55,343.0,88434.0,True,7,19,184
2018-07-03 20:00:00,24.36,29.35,0.0,-0.0,0.0,333.0,2.9,325.0,88451.0,True,7,20,184
2018-07-03 21:00:00,23.64,27.15,0.0,-0.0,0.0,330.6,3.72,324.0,88469.0,True,7,21,184
2018-07-03 22:00:00,22.95,25.8,0.0,-0.0,0.0,326.0,4.41,329.0,88539.0,True,7,22,184
2018-07-03 23:00:00,21.96,29.05,0.0,-0.0,0.0,323.8,4.21,334.0,88513.0,True,7,23,184
2018-07-04 00:00:00,20.98,33.9,0.0,-0.0,0.0,321.6,3.86,337.0,88513.0,True,7,0,185
2018-07-04 01:00:00,20.18,39.45,0.0,-0.0,0.0,321.25,3.66,338.0,88539.0,True,7,1,185
2018-07-04 02:00:00,19.46,45.5,0.0,-0.0,0.0,321.0,3.52,340.0,88583.0,True,7,2,185
2018-07-04 03:00:00,18.83,50.8,60.0,268.07,33.0,320.0,3.17,339.0,88609.0,True,7,3,185
2018-07-04 04:00:00,19.86,50.55,248.0,600.36,74.0,320.0,3.24,344.0,88626.0,True,7,4,185
2018-07-04 05:00:00,21.4,49.05,448.0,717.13,107.0,322.8,4.0,1.0,88644.0,True,7,5,185
2018-07-04 06:00:00,23.02,43.75,637.0,781.27,133.0,326.6,4.0,8.0,88609.0,True,7,6,185
2018-07-04 07:00:00,25.34,39.45,804.0,838.56,144.0,338.6,4.48,16.0,88574.0,True,7,7,185
2018-07-04 08:00:00,26.91,33.1,920.0,842.2,169.0,345.0,4.76,18.0,88513.0,True,7,8,185
2018-07-04 09:00:00,28.18,27.5,908.0,631.36,307.0,348.4,4.97,17.0,88451.0,True,7,9,185
2018-07-04 10:00:00,29.29,23.2,1023.0,913.27,143.0,349.6,5.03,17.0,88408.0,True,7,10,185
2018-07-04 11:00:00,30.2,19.9,982.0,918.04,132.0,352.8,5.1,15.0,88355.0,True,7,11,185
2018-07-04 12:00:00,30.81,17.45,879.0,890.15,130.0,349.0,5.03,14.0,88285.0,True,7,12,185
2018-07-04 13:00:00,31.08,16.0,724.0,825.47,133.0,347.0,4.9,14.0,88250.0,True,7,13,185
2018-07-04 14:00:00,31.02,15.25,536.0,738.34,124.0,344.6,4.83,14.0,88207.0,True,7,14,185
2018-07-04 15:00:00,30.59,15.3,339.0,647.52,94.0,341.0,4.69,15.0,88198.0,True,7,15,185
2018-07-04 16:00:00,29.83,15.95,138.0,401.56,62.0,336.8,4.34,18.0,88180.0,True,7,16,185
2018-07-04 17:00:00,28.37,17.35,0.0,0.0,0.0,332.2,3.03,22.0,88224.0,True,7,17,185
2018-07-04 18:00:00,26.52,19.25,0.0,-0.0,0.0,326.6,2.41,12.0,88250.0,True,7,18,185
2018-07-04 19:00:00,24.76,22.6,0.0,-0.0,0.0,322.4,2.34,345.0,88303.0,True,7,19,185
2018-07-04 20:00:00,23.17,24.7,0.0,-0.0,0.0,319.4,2.69,327.0,88311.0,True,7,20,185
2018-07-04 21:00:00,22.13,26.15,0.0,-0.0,0.0,317.0,3.38,332.0,88320.0,True,7,21,185
2018-07-04 22:00:00,21.31,28.8,0.0,-0.0,0.0,314.0,3.72,341.0,88399.0,True,7,22,185
2018-07-04 23:00:00,20.38,32.8,0.0,-0.0,0.0,311.0,3.45,348.0,88408.0,True,7,23,185
2018-07-05 00:00:00,19.38,37.55,0.0,-0.0,0.0,308.6,3.1,346.0,88434.0,True,7,0,186
2018-07-05 01:00:00,18.42,42.55,0.0,-0.0,0.0,307.0,2.97,338.0,88443.0,True,7,1,186
2018-07-05 02:00:00,17.56,47.25,0.0,-0.0,0.0,305.4,2.83,334.0,88416.0,True,7,2,186
2018-07-05 03:00:00,16.9,51.05,52.0,171.38,35.0,303.2,2.69,333.0,88451.0,True,7,3,186
2018-07-05 04:00:00,18.27,48.45,229.0,461.14,96.0,302.6,2.62,340.0,88486.0,True,7,4,186
2018-07-05 05:00:00,20.5,42.7,421.0,584.09,144.0,306.2,3.59,1.0,88495.0,True,7,5,186
2018-07-05 06:00:00,22.18,36.0,626.0,737.56,151.0,311.6,3.93,10.0,88451.0,True,7,6,186
2018-07-05 07:00:00,23.77,33.25,796.0,807.71,161.0,320.2,4.34,13.0,88408.0,True,7,7,186
2018-07-05 08:00:00,25.26,28.45,920.0,842.87,169.0,325.6,4.55,10.0,88338.0,True,7,8,186
2018-07-05 09:00:00,26.71,24.6,998.0,876.61,164.0,330.2,4.69,10.0,88294.0,True,7,9,186
2018-07-05 10:00:00,27.99,21.45,1029.0,931.27,132.0,333.8,4.9,9.0,88241.0,True,7,10,186
2018-07-05 11:00:00,29.0,18.9,946.0,804.86,201.0,336.0,5.03,7.0,88180.0,True,7,11,186
2018-07-05 12:00:00,29.69,16.9,875.0,874.89,139.0,337.2,5.03,6.0,88093.0,True,7,12,186
2018-07-05 13:00:00,30.05,15.4,717.0,796.31,147.0,336.2,4.97,4.0,88067.0,True,7,13,186
2018-07-05 14:00:00,30.06,14.5,528.0,699.13,138.0,335.4,5.03,0.0,88032.0,True,7,14,186
2018-07-05 15:00:00,29.68,14.4,330.0,589.77,107.0,332.8,4.97,357.0,88032.0,True,7,15,186
2018-07-05 16:00:00,28.9,15.25,135.0,370.58,65.0,329.8,4.83,354.0,88049.0,True,7,16,186
2018-07-05 17:00:00,27.45,17.25,0.0,0.0,0.0,327.0,3.66,350.0,88058.0,True,7,17,186
2018-07-05 18:00:00,25.62,20.25,0.0,-0.0,0.0,323.4,3.17,340.0,88093.0,True,7,18,186
2018-07-05 19:00:00,24.26,24.7,0.0,-0.0,0.0,322.8,3.52,339.0,88137.0,True,7,19,186
2018-07-05 20:00:00,23.32,27.3,0.0,-0.0,0.0,321.4,4.14,338.0,88163.0,True,7,20,186
2018-07-05 21:00:00,22.45,29.15,0.0,-0.0,0.0,319.0,4.34,343.0,88198.0,True,7,21,186
2018-07-05 22:00:00,21.43,30.8,0.0,-0.0,0.0,315.8,3.93,342.0,88215.0,True,7,22,186
2018-07-05 23:00:00,20.32,32.95,0.0,-0.0,0.0,312.4,3.38,333.0,88241.0,True,7,23,186
2018-07-06 00:00:00,19.29,35.2,0.0,-0.0,0.0,308.6,3.17,330.0,88224.0,True,7,0,187
2018-07-06 01:00:00,18.39,37.35,0.0,-0.0,0.0,304.8,3.1,329.0,88250.0,True,7,1,187
2018-07-06 02:00:00,17.65,39.1,0.0,-0.0,0.0,301.2,3.24,329.0,88268.0,True,7,2,187
2018-07-06 03:00:00,17.08,40.55,51.0,163.92,35.0,298.8,3.17,329.0,88311.0,True,7,3,187
2018-07-06 04:00:00,18.26,38.25,240.0,561.06,79.0,299.4,3.17,333.0,88355.0,True,7,4,187
2018-07-06 05:00:00,20.19,37.35,441.0,697.76,111.0,303.8,3.86,346.0,88355.0,True,7,5,187
2018-07-06 06:00:00,21.93,36.8,629.0,762.17,139.0,309.6,4.07,354.0,88338.0,True,7,6,187
2018-07-06 07:00:00,23.79,32.95,796.0,818.85,153.0,318.4,4.55,1.0,88320.0,True,7,7,187
2018-07-06 08:00:00,25.31,28.7,916.0,837.94,170.0,325.2,4.48,6.0,88276.0,True,7,8,187
2018-07-06 09:00:00,26.71,25.8,999.0,888.7,154.0,331.0,4.41,10.0,88241.0,True,7,9,187
2018-07-06 10:00:00,27.91,23.55,1014.0,892.2,155.0,336.4,4.28,12.0,88198.0,True,7,10,187
2018-07-06 11:00:00,28.86,21.85,979.0,915.34,132.0,340.6,4.21,12.0,88163.0,True,7,11,187
2018-07-06 12:00:00,29.52,20.65,867.0,853.73,149.0,343.6,4.0,12.0,88102.0,True,7,12,187
2018-07-06 13:00:00,29.86,19.7,710.0,776.98,154.0,344.6,3.86,11.0,88075.0,True,7,13,187
2018-07-06 14:00:00,29.86,19.25,525.0,694.06,138.0,344.0,3.72,10.0,88040.0,True,7,14,187
2018-07-06 15:00:00,29.56,19.1,327.0,574.39,110.0,342.2,3.59,10.0,88023.0,True,7,15,187
2018-07-06 16:00:00,28.98,19.35,136.0,387.38,63.0,338.4,3.45,12.0,88032.0,True,7,16,187
2018-07-06 17:00:00,27.67,20.85,0.0,0.0,0.0,334.2,2.48,22.0,88058.0,True,7,17,187
2018-07-06 18:00:00,26.0,23.2,0.0,-0.0,0.0,328.0,1.86,23.0,88110.0,True,7,18,187
2018-07-06 19:00:00,24.18,24.9,0.0,-0.0,0.0,323.0,1.66,356.0,88145.0,True,7,19,187
2018-07-06 20:00:00,22.52,27.75,0.0,-0.0,0.0,320.4,1.86,324.0,88154.0,True,7,20,187
2018-07-06 21:00:00,21.08,29.9,0.0,-0.0,0.0,318.4,2.21,306.0,88172.0,True,7,21,187
2018-07-06 22:00:00,20.2,31.45,0.0,-0.0,0.0,315.8,2.69,308.0,88215.0,True,7,22,187
2018-07-06 23:00:00,19.65,34.95,0.0,-0.0,0.0,314.0,3.1,313.0,88215.0,True,7,23,187
2018-07-07 00:00:00,18.84,40.8,0.0,-0.0,0.0,311.2,2.97,316.0,88215.0,True,7,0,188
2018-07-07 01:00:00,17.95,46.85,0.0,-0.0,0.0,308.8,2.83,318.0,88233.0,True,7,1,188
2018-07-07 02:00:00,17.23,52.3,0.0,-0.0,0.0,306.6,2.83,315.0,88233.0,True,7,2,188
2018-07-07 03:00:00,16.72,57.0,45.0,114.62,34.0,304.8,2.76,317.0,88268.0,True,7,3,188
2018-07-07 04:00:00,18.25,53.45,236.0,532.49,84.0,306.0,2.55,326.0,88294.0,True,7,4,188
2018-07-07 05:00:00,21.03,43.45,440.0,699.74,110.0,311.0,3.17,342.0,88294.0,True,7,5,188
2018-07-07 06:00:00,22.96,37.75,633.0,777.56,134.0,318.6,2.76,357.0,88276.0,True,7,6,188
2018-07-07 07:00:00,24.91,32.7,801.0,836.42,145.0,328.8,2.55,25.0,88224.0,True,7,7,188
2018-07-07 08:00:00,26.61,27.45,922.0,856.65,160.0,336.2,2.28,41.0,88163.0,True,7,8,188
2018-07-07 09:00:00,27.96,23.5,996.0,874.51,165.0,342.4,2.14,39.0,88137.0,True,7,9,188
2018-07-07 10:00:00,29.02,21.0,1016.0,894.69,155.0,346.2,1.93,41.0,88102.0,True,7,10,188
2018-07-07 11:00:00,29.83,19.2,975.0,900.54,142.0,349.0,1.79,39.0,88040.0,True,7,11,188
2018-07-07 12:00:00,30.48,17.9,868.0,856.39,148.0,350.6,1.86,39.0,87979.0,True,7,12,188
2018-07-07 13:00:00,30.8,17.25,715.0,795.45,146.0,350.8,1.93,38.0,87944.0,True,7,13,188
2018-07-07 14:00:00,30.83,17.1,538.0,750.07,120.0,349.8,2.21,38.0,87883.0,True,7,14,188
2018-07-07 15:00:00,30.57,17.4,310.0,476.96,130.0,347.4,2.55,39.0,87874.0,True,7,15,188
2018-07-07 16:00:00,29.87,18.35,135.0,372.52,65.0,344.2,3.31,47.0,87874.0,True,7,16,188
2018-07-07 17:00:00,28.27,20.6,0.0,0.0,0.0,339.6,3.45,56.0,87909.0,True,7,17,188
2018-07-07 18:00:00,26.44,23.0,0.0,-0.0,0.0,334.8,3.1,63.0,87962.0,True,7,18,188
2018-07-07 19:00:00,25.35,24.65,0.0,-0.0,0.0,335.6,1.86,77.0,88032.0,True,7,19,188
2018-07-07 20:00:00,25.09,24.35,0.0,-0.0,0.0,329.6,0.28,171.0,88049.0,True,7,20,188
2018-07-07 21:00:00,22.62,30.8,0.0,-0.0,0.0,327.0,1.52,246.0,88032.0,True,7,21,188
2018-07-07 22:00:00,21.24,33.3,0.0,-0.0,0.0,326.0,1.72,247.0,88058.0,True,7,22,188
2018-07-07 23:00:00,20.31,35.25,0.0,-0.0,0.0,324.2,1.79,243.0,88032.0,True,7,23,188
2018-07-08 00:00:00,19.8,36.3,0.0,-0.0,0.0,322.4,1.72,239.0,88014.0,True,7,0,189
2018-07-08 01:00:00,19.58,36.55,0.0,-0.0,0.0,320.05,1.59,238.0,88005.0,True,7,1,189
2018-07-08 02:00:00,19.72,35.9,0.0,-0.0,0.0,317.8,1.45,243.0,87997.0,True,7,2,189
2018-07-08 03:00:00,19.86,35.45,32.0,31.82,29.0,315.0,1.31,257.0,88023.0,True,7,3,189
2018-07-08 04:00:00,20.96,33.65,218.0,422.68,98.0,316.0,0.9,265.0,88014.0,True,7,4,189
2018-07-08 05:00:00,23.82,42.9,425.0,640.11,124.0,321.0,0.21,254.0,88058.0,True,7,5,189
2018-07-08 06:00:00,26.89,21.7,616.0,725.92,151.0,330.2,0.48,148.0,88049.0,True,7,6,189
2018-07-08 07:00:00,28.59,19.95,780.0,781.3,168.0,339.4,1.31,153.0,88040.0,True,7,7,189
2018-07-08 08:00:00,30.23,18.45,904.0,815.78,179.0,348.6,1.79,172.0,87997.0,True,7,8,189
2018-07-08 09:00:00,31.41,17.6,982.0,849.81,175.0,359.2,2.0,194.0,87970.0,True,7,9,189
2018-07-08 10:00:00,32.36,16.65,997.0,853.54,176.0,376.8,2.34,218.0,87900.0,True,7,10,189
2018-07-08 11:00:00,33.25,15.55,881.0,644.59,285.0,380.6,2.83,239.0,87857.0,True,7,11,189
2018-07-08 12:00:00,33.62,15.05,789.0,624.69,264.0,395.05,3.24,251.0,87796.0,True,7,12,189
2018-07-08 13:00:00,33.7,15.05,514.0,241.96,341.0,385.8,3.72,258.0,87769.0,True,7,13,189
2018-07-08 14:00:00,33.46,15.6,477.0,504.58,196.0,390.45,4.07,260.0,87761.0,True,7,14,189
2018-07-08 15:00:00,32.61,17.25,312.0,498.79,124.0,391.25,4.34,263.0,87769.0,True,7,15,189
2018-07-08 16:00:00,31.51,19.8,131.0,352.39,65.0,375.2,4.41,265.0,87839.0,True,7,16,189
2018-07-08 17:00:00,29.89,23.0,0.0,0.0,0.0,364.4,3.66,263.0,87892.0,True,7,17,189
2018-07-08 18:00:00,27.8,27.15,0.0,-0.0,0.0,348.6,3.1,255.0,87953.0,True,7,18,189
2018-07-08 19:00:00,25.9,30.5,0.0,-0.0,0.0,338.8,3.31,248.0,88014.0,True,7,19,189
2018-07-08 20:00:00,24.54,32.2,0.0,-0.0,0.0,333.8,2.62,239.0,88040.0,True,7,20,189
2018-07-08 21:00:00,23.12,34.4,0.0,-0.0,0.0,330.2,2.28,238.0,88067.0,True,7,21,189
2018-07-08 22:00:00,21.57,37.95,0.0,-0.0,0.0,328.2,2.0,258.0,88084.0,True,7,22,189
2018-07-08 23:00:00,20.32,41.35,0.0,-0.0,0.0,325.8,2.0,273.0,88102.0,True,7,23,189
2018-07-09 00:00:00,19.37,44.35,0.0,-0.0,0.0,323.0,2.07,276.0,88110.0,True,7,0,190
2018-07-09 01:00:00,18.48,47.65,0.0,-0.0,0.0,321.25,1.93,274.0,88137.0,True,7,1,190
2018-07-09 02:00:00,17.69,51.0,0.0,-0.0,0.0,319.4,1.86,275.0,88154.0,True,7,2,190
2018-07-09 03:00:00,17.11,54.95,36.0,54.03,31.0,317.4,1.79,282.0,88172.0,True,7,3,190
2018-07-09 04:00:00,19.64,49.05,226.0,467.58,94.0,318.8,1.03,285.0,88189.0,True,7,4,190
2018-07-09 05:00:00,23.43,41.75,433.0,659.11,124.0,324.8,1.03,315.0,88207.0,True,7,5,190
2018-07-09 06:00:00,25.4,37.2,630.0,760.14,144.0,333.6,0.34,355.0,88198.0,True,7,6,190
2018-07-09 07:00:00,27.39,33.15,798.0,815.55,160.0,344.6,0.9,88.0,88163.0,True,7,7,190
2018-07-09 08:00:00,29.24,24.45,919.0,834.55,178.0,350.6,1.59,146.0,88128.0,True,7,8,190
2018-07-09 09:00:00,30.91,17.5,1004.0,885.16,164.0,353.8,2.28,171.0,88067.0,True,7,9,190
2018-07-09 10:00:00,32.2,13.75,1030.0,922.65,143.0,354.6,2.62,184.0,87988.0,True,7,10,190
2018-07-09 11:00:00,33.12,11.5,989.0,929.45,130.0,359.6,2.48,197.0,87927.0,True,7,11,190
2018-07-09 12:00:00,33.77,9.9,862.0,820.2,173.0,356.4,2.41,210.0,87883.0,True,7,12,190
2018-07-09 13:00:00,34.05,9.15,730.0,836.82,132.0,354.6,2.62,228.0,87866.0,True,7,13,190
2018-07-09 14:00:00,33.85,9.6,526.0,681.1,147.0,352.2,3.17,246.0,87883.0,True,7,14,190
2018-07-09 15:00:00,33.08,11.3,332.0,600.49,106.0,349.0,3.79,260.0,87909.0,True,7,15,190
2018-07-09 16:00:00,31.77,14.35,140.0,428.75,60.0,346.0,4.14,270.0,87962.0,True,7,16,190
2018-07-09 17:00:00,29.86,18.1,0.0,0.0,0.0,343.0,3.79,274.0,88032.0,True,7,17,190
2018-07-09 18:00:00,27.84,21.8,0.0,-0.0,0.0,335.8,3.38,274.0,88084.0,True,7,18,190
2018-07-09 19:00:00,25.92,28.4,0.0,-0.0,0.0,329.0,2.97,253.0,88154.0,True,7,19,190
2018-07-09 20:00:00,24.33,32.7,0.0,-0.0,0.0,324.4,2.48,244.0,88198.0,True,7,20,190
2018-07-09 21:00:00,22.59,37.75,0.0,-0.0,0.0,320.0,2.28,248.0,88207.0,True,7,21,190
2018-07-09 22:00:00,21.08,43.05,0.0,-0.0,0.0,317.8,2.28,258.0,88241.0,True,7,22,190
2018-07-09 23:00:00,19.96,48.1,0.0,-0.0,0.0,316.8,2.28,269.0,88259.0,True,7,23,190
2018-07-10 00:00:00,19.15,52.7,0.0,-0.0,0.0,316.4,2.34,278.0,88259.0,True,7,0,191
2018-07-10 01:00:00,18.59,56.15,0.0,-0.0,0.0,316.05,2.34,284.0,88259.0,True,7,1,191
2018-07-10 02:00:00,18.01,59.6,0.0,-0.0,0.0,315.4,2.28,289.0,88276.0,True,7,2,191
2018-07-10 03:00:00,17.55,63.15,31.0,33.06,28.0,315.2,2.21,293.0,88320.0,True,7,3,191
2018-07-10 04:00:00,19.19,59.9,210.0,388.36,101.0,318.2,1.86,301.0,88320.0,True,7,4,191
2018-07-10 05:00:00,22.97,48.6,418.0,614.08,131.0,325.0,2.62,319.0,88364.0,True,7,5,191
2018-07-10 06:00:00,24.98,43.45,609.0,711.48,155.0,333.6,2.55,333.0,88329.0,True,7,6,191
2018-07-10 07:00:00,27.24,37.4,782.0,796.16,160.0,345.2,2.21,345.0,88268.0,True,7,7,191
2018-07-10 08:00:00,29.12,30.0,907.0,830.84,170.0,353.6,1.52,353.0,88233.0,True,7,8,191
2018-07-10 09:00:00,30.66,23.25,980.0,849.94,174.0,361.0,0.62,25.0,88180.0,True,7,9,191
2018-07-10 10:00:00,31.82,19.45,990.0,836.79,186.0,365.8,0.34,112.0,88119.0,True,7,10,191
2018-07-10 11:00:00,32.73,17.3,962.0,874.7,154.0,368.2,0.28,148.0,88075.0,True,7,11,191
2018-07-10 12:00:00,33.47,15.8,870.0,880.16,131.0,368.6,0.14,154.0,87997.0,True,7,12,191
2018-07-10 13:00:00,33.88,14.95,700.0,756.12,160.0,370.8,0.14,48.0,87944.0,True,7,13,191
2018-07-10 14:00:00,33.95,14.65,521.0,687.12,139.0,372.6,0.55,45.0,87892.0,True,7,14,191
2018-07-10 15:00:00,33.82,14.75,333.0,633.44,95.0,369.6,0.97,51.0,87866.0,True,7,15,191
2018-07-10 16:00:00,33.32,15.3,139.0,446.72,56.0,362.2,1.17,52.0,87874.0,True,7,16,191
2018-07-10 17:00:00,32.18,16.75,0.0,-0.0,0.0,356.4,1.24,65.0,87909.0,True,7,17,191
2018-07-10 18:00:00,30.29,19.8,0.0,-0.0,0.0,352.6,0.48,39.0,87962.0,True,7,18,191
2018-07-10 19:00:00,28.39,23.25,0.0,-0.0,0.0,361.0,1.24,302.0,88014.0,True,7,19,191
2018-07-10 20:00:00,26.18,28.05,0.0,-0.0,0.0,354.4,2.07,282.0,88058.0,True,7,20,191
2018-07-10 21:00:00,24.51,33.65,0.0,-0.0,0.0,346.0,2.34,278.0,88058.0,True,7,21,191
2018-07-10 22:00:00,23.2,39.25,0.0,-0.0,0.0,340.0,2.34,279.0,88093.0,True,7,22,191
2018-07-10 23:00:00,22.55,42.35,0.0,-0.0,0.0,337.2,2.69,293.0,88075.0,True,7,23,191
2018-07-11 00:00:00,22.57,42.3,0.0,-0.0,0.0,333.8,3.66,315.0,88119.0,True,7,0,192
2018-07-11 01:00:00,22.02,46.35,0.0,-0.0,0.0,332.45,4.0,324.0,88145.0,True,7,1,192
2018-07-11 02:00:00,21.3,52.5,0.0,-0.0,0.0,331.4,3.86,325.0,88198.0,True,7,2,192
2018-07-11 03:00:00,20.66,58.4,28.0,22.5,26.0,329.6,3.59,324.0,88215.0,True,7,3,192
2018-07-11 04:00:00,21.54,58.7,205.0,362.02,104.0,329.4,3.59,325.0,88268.0,True,7,4,192
2018-07-11 05:00:00,23.39,53.75,411.0,588.14,137.0,334.0,4.07,332.0,88276.0,True,7,5,192
2018-07-11 06:00:00,25.37,47.1,608.0,709.77,156.0,342.0,3.86,343.0,88259.0,True,7,6,192
2018-07-11 07:00:00,27.79,40.85,776.0,780.59,167.0,353.8,3.86,352.0,88215.0,True,7,7,192
2018-07-11 08:00:00,29.86,34.2,901.0,814.74,179.0,362.8,3.52,4.0,88180.0,True,7,8,192
2018-07-11 09:00:00,31.69,27.35,979.0,849.53,174.0,371.4,3.1,14.0,88093.0,True,7,9,192
2018-07-11 10:00:00,33.09,22.25,989.0,836.26,186.0,377.6,2.62,28.0,88058.0,True,7,10,192
2018-07-11 11:00:00,33.99,19.55,940.0,810.19,192.0,380.6,2.14,38.0,87988.0,True,7,11,192
2018-07-11 12:00:00,34.55,17.9,836.0,769.83,190.0,381.8,1.93,37.0,87918.0,True,7,12,192
2018-07-11 13:00:00,34.82,16.95,692.0,727.23,173.0,380.6,1.79,33.0,87866.0,True,7,13,192
2018-07-11 14:00:00,34.76,16.6,511.0,648.23,151.0,386.6,1.86,27.0,87839.0,True,7,14,192
2018-07-11 15:00:00,34.44,16.7,320.0,554.65,112.0,387.2,2.21,22.0,87804.0,True,7,15,192
2018-07-11 16:00:00,33.98,17.05,135.0,405.58,60.0,378.4,2.76,24.0,87804.0,True,7,16,192
2018-07-11 17:00:00,32.54,18.55,0.0,-0.0,0.0,368.0,2.69,22.0,87822.0,True,7,17,192
2018-07-11 18:00:00,30.87,20.25,0.0,-0.0,0.0,372.4,2.62,11.0,87831.0,True,7,18,192
2018-07-11 19:00:00,29.78,20.85,0.0,-0.0,0.0,377.8,2.28,354.0,87874.0,True,7,19,192
2018-07-11 20:00:00,28.2,22.95,0.0,-0.0,0.0,359.2,2.9,325.0,87918.0,True,7,20,192
2018-07-11 21:00:00,26.99,26.5,0.0,-0.0,0.0,351.6,4.14,319.0,87970.0,True,7,21,192
2018-07-11 22:00:00,25.7,34.25,0.0,-0.0,0.0,346.6,4.48,321.0,88049.0,True,7,22,192
2018-07-11 23:00:00,24.81,39.1,0.0,-0.0,0.0,344.2,4.21,330.0,88058.0,True,7,23,192
2018-07-12 00:00:00,24.07,43.15,0.0,-0.0,0.0,344.6,4.14,336.0,88093.0,True,7,0,193
2018-07-12 01:00:00,23.36,47.45,0.0,-0.0,0.0,345.25,4.34,341.0,88145.0,True,7,1,193
2018-07-12 02:00:00,22.62,51.75,0.0,-0.0,0.0,343.0,4.28,342.0,88198.0,True,7,2,193
2018-07-12 03:00:00,21.9,55.4,24.0,11.49,23.0,339.8,4.14,340.0,88241.0,True,7,3,193
2018-07-12 04:00:00,22.37,54.85,186.0,274.1,110.0,338.8,4.48,340.0,88276.0,True,7,4,193
2018-07-12 05:00:00,23.42,50.55,394.0,531.92,147.0,342.6,5.59,347.0,88303.0,True,7,5,193
2018-07-12 06:00:00,24.93,44.95,587.0,654.59,171.0,348.0,5.86,351.0,88294.0,True,7,6,193
2018-07-12 07:00:00,26.6,43.7,760.0,749.6,176.0,359.6,6.0,353.0,88259.0,True,7,7,193
2018-07-12 08:00:00,28.57,36.3,882.0,783.94,188.0,367.8,5.66,359.0,88207.0,True,7,8,193
2018-07-12 09:00:00,30.29,30.5,965.0,834.35,175.0,379.0,5.31,6.0,88154.0,True,7,9,193
2018-07-12 10:00:00,31.66,26.15,986.0,853.47,167.0,389.2,4.62,11.0,88093.0,True,7,10,193
2018-07-12 11:00:00,32.13,24.25,947.0,858.36,155.0,393.45,4.55,13.0,88040.0,True,7,11,193
2018-07-12 12:00:00,32.56,23.1,682.0,383.97,360.0,396.85,4.69,9.0,88014.0,True,7,12,193
2018-07-12 13:00:00,32.92,22.1,681.0,712.38,173.0,390.2,4.69,4.0,87970.0,True,7,13,193
2018-07-12 14:00:00,32.82,21.6,496.0,607.53,159.0,394.05,4.62,2.0,87953.0,True,7,14,193
2018-07-12 15:00:00,32.46,21.45,313.0,537.11,112.0,389.4,4.55,359.0,87935.0,True,7,15,193
2018-07-12 16:00:00,31.75,22.2,125.0,331.6,64.0,384.4,4.55,357.0,87935.0,True,7,16,193
2018-07-12 17:00:00,30.53,24.1,0.0,-0.0,0.0,375.0,3.79,354.0,87970.0,True,7,17,193
2018-07-12 18:00:00,28.86,27.45,0.0,-0.0,0.0,363.6,3.72,343.0,88023.0,True,7,18,193
2018-07-12 19:00:00,27.68,29.2,0.0,-0.0,0.0,357.6,5.31,336.0,88137.0,True,7,19,193
2018-07-12 20:00:00,26.4,34.85,0.0,-0.0,0.0,356.6,6.48,334.0,88189.0,True,7,20,193
2018-07-12 21:00:00,25.25,41.2,0.0,-0.0,0.0,352.4,6.21,334.0,88241.0,True,7,21,193
2018-07-12 22:00:00,24.31,46.3,0.0,-0.0,0.0,349.0,5.38,339.0,88233.0,True,7,22,193
2018-07-12 23:00:00,23.47,50.2,0.0,-0.0,0.0,344.6,4.55,344.0,88259.0,True,7,23,193
2018-07-13 00:00:00,22.61,52.95,0.0,-0.0,0.0,340.4,3.86,347.0,88259.0,True,7,0,194
2018-07-13 01:00:00,21.82,55.45,0.0,-0.0,0.0,336.45,3.45,346.0,88285.0,True,7,1,194
2018-07-13 02:00:00,20.98,57.9,0.0,-0.0,0.0,332.4,3.17,345.0,88276.0,True,7,2,194
2018-07-13 03:00:00,20.3,59.85,27.0,23.51,25.0,328.8,3.03,344.0,88311.0,True,7,3,194
2018-07-13 04:00:00,21.13,55.9,207.0,392.0,99.0,328.0,3.31,348.0,88329.0,True,7,4,194
2018-07-13 05:00:00,22.61,48.35,421.0,643.9,123.0,331.6,4.21,1.0,88329.0,True,7,5,194
2018-07-13 06:00:00,24.15,43.45,613.0,731.66,149.0,336.4,4.28,5.0,88320.0,True,7,6,194
2018-07-13 07:00:00,26.27,35.3,788.0,817.53,152.0,343.8,4.41,14.0,88268.0,True,7,7,194
2018-07-13 08:00:00,27.93,30.7,910.0,837.92,169.0,349.2,4.62,17.0,88207.0,True,7,8,194
2018-07-13 09:00:00,29.36,27.15,990.0,873.09,164.0,354.0,4.69,19.0,88163.0,True,7,9,194
2018-07-13 10:00:00,30.52,24.0,1006.0,877.0,165.0,358.2,4.69,20.0,88119.0,True,7,10,194
2018-07-13 11:00:00,31.43,21.5,966.0,882.77,152.0,360.0,4.55,19.0,88032.0,True,7,11,194
2018-07-13 12:00:00,32.09,19.75,860.0,840.06,156.0,362.0,4.41,18.0,87962.0,True,7,12,194
2018-07-13 13:00:00,32.42,18.9,704.0,763.54,160.0,362.6,4.34,16.0,87918.0,True,7,13,194
2018-07-13 14:00:00,32.4,18.7,529.0,722.05,129.0,362.4,4.21,16.0,87874.0,True,7,14,194
2018-07-13 15:00:00,32.05,19.2,332.0,632.11,96.0,361.0,4.14,16.0,87857.0,True,7,15,194
2018-07-13 16:00:00,31.36,20.2,130.0,371.78,62.0,358.4,3.93,19.0,87831.0,True,7,16,194
2018-07-13 17:00:00,30.05,22.05,0.0,-0.0,0.0,355.0,2.69,26.0,87866.0,True,7,17,194
2018-07-13 18:00:00,28.48,24.4,0.0,-0.0,0.0,350.8,1.93,8.0,87900.0,True,7,18,194
2018-07-13 19:00:00,26.73,27.6,0.0,-0.0,0.0,343.6,2.28,353.0,87953.0,True,7,19,194
2018-07-13 20:00:00,25.59,28.6,0.0,-0.0,0.0,343.0,2.9,330.0,87979.0,True,7,20,194
2018-07-13 21:00:00,25.0,28.0,0.0,-0.0,0.0,340.4,4.83,329.0,88005.0,True,7,21,194
2018-07-13 22:00:00,23.98,34.4,0.0,-0.0,0.0,337.0,5.79,335.0,88040.0,True,7,22,194
2018-07-13 23:00:00,22.94,44.0,0.0,-0.0,0.0,336.2,4.97,339.0,88058.0,True,7,23,194
2018-07-14 00:00:00,22.06,50.6,0.0,-0.0,0.0,334.6,4.21,338.0,88067.0,True,7,0,195
2018-07-14 01:00:00,21.33,55.0,0.0,-0.0,0.0,334.25,3.79,336.0,88102.0,True,7,1,195
2018-07-14 02:00:00,20.64,58.25,0.0,-0.0,0.0,333.2,3.45,337.0,88102.0,True,7,2,195
2018-07-14 03:00:00,20.05,61.2,9.0,0.0,9.0,331.6,3.38,337.0,88137.0,True,7,3,195
2018-07-14 04:00:00,20.76,59.3,34.0,0.0,34.0,331.6,3.72,341.0,88145.0,True,7,4,195
2018-07-14 05:00:00,22.17,54.7,360.0,392.44,179.0,334.8,4.55,356.0,88163.0,True,7,5,195
2018-07-14 06:00:00,23.72,48.65,583.0,644.74,175.0,340.4,4.9,5.0,88145.0,True,7,6,195
2018-07-14 07:00:00,25.53,41.25,756.0,738.93,182.0,349.0,4.9,11.0,88119.0,True,7,7,195
2018-07-14 08:00:00,26.59,36.9,874.0,758.46,204.0,360.4,4.97,13.0,88075.0,True,7,8,195
2018-07-14 09:00:00,27.63,33.1,951.0,791.32,203.0,370.4,5.03,14.0,88049.0,True,7,9,195
2018-07-14 10:00:00,28.58,29.75,915.0,657.45,285.0,370.4,4.97,12.0,88023.0,True,7,10,195
2018-07-14 11:00:00,29.2,27.2,840.0,561.06,323.0,376.6,4.76,9.0,87979.0,True,7,11,195
2018-07-14 12:00:00,29.71,25.35,657.0,331.98,379.0,381.8,4.62,5.0,87909.0,True,7,12,195
2018-07-14 13:00:00,29.67,24.8,192.0,0.0,192.0,404.65,4.69,0.0,87883.0,True,7,13,195
2018-07-14 14:00:00,29.04,25.95,449.0,424.82,214.0,398.05,4.97,356.0,87839.0,True,7,14,195
2018-07-14 15:00:00,28.58,26.95,315.0,553.17,109.0,393.85,5.17,353.0,87804.0,True,7,15,195
2018-07-14 16:00:00,28.03,28.0,81.0,66.02,69.0,384.6,5.24,349.0,87796.0,True,7,16,195
2018-07-14 17:00:00,27.15,29.3,0.0,-0.0,0.0,368.8,4.41,345.0,87831.0,True,7,17,195
2018-07-14 18:00:00,26.15,30.65,0.0,-0.0,0.0,361.0,4.41,343.0,87883.0,True,7,18,195
2018-07-14 19:00:00,25.25,29.9,0.0,-0.0,0.0,345.4,5.1,4.0,87997.0,True,7,19,195
2018-07-14 20:00:00,23.57,38.85,0.0,-0.0,0.0,342.8,5.38,6.0,88102.0,True,7,20,195
2018-07-14 21:00:00,22.26,45.95,0.0,-0.0,0.0,334.2,4.62,359.0,88154.0,True,7,21,195
2018-07-14 22:00:00,21.38,49.5,0.0,-0.0,0.0,332.2,4.34,347.0,88137.0,True,7,22,195
2018-07-14 23:00:00,20.63,51.75,0.0,-0.0,0.0,329.4,4.14,338.0,88163.0,True,7,23,195
2018-07-15 00:00:00,19.86,54.0,0.0,-0.0,0.0,326.4,4.07,334.0,88154.0,True,7,0,196
2018-07-15 01:00:00,19.19,56.25,0.0,-0.0,0.0,324.05,4.0,333.0,88172.0,True,7,1,196
2018-07-15 02:00:00,18.55,58.7,0.0,-0.0,0.0,322.0,3.93,334.0,88207.0,True,7,2,196
2018-07-15 03:00:00,17.98,61.25,4.0,0.0,4.0,320.0,3.79,335.0,88215.0,True,7,3,196
2018-07-15 04:00:00,18.52,60.0,158.0,150.8,117.0,320.0,4.07,336.0,88250.0,True,7,4,196
2018-07-15 05:00:00,19.9,56.0,345.0,332.9,192.0,324.6,4.41,344.0,88259.0,True,7,5,196
2018-07-15 06:00:00,21.6,51.1,521.0,426.03,252.0,331.2,4.28,357.0,88241.0,True,7,6,196
2018-07-15 07:00:00,23.72,43.05,697.0,547.95,272.0,341.2,4.21,4.0,88207.0,True,7,7,196
2018-07-15 08:00:00,24.98,37.7,868.0,728.71,225.0,364.2,4.0,3.0,88172.0,True,7,8,196
2018-07-15 09:00:00,26.13,33.15,919.0,689.31,268.0,356.8,3.86,3.0,88145.0,True,7,9,196
2018-07-15 10:00:00,27.37,28.55,886.0,575.45,335.0,357.0,3.86,1.0,88163.0,True,7,10,196
2018-07-15 11:00:00,28.35,25.2,862.0,606.01,304.0,365.4,4.0,359.0,88093.0,True,7,11,196
2018-07-15 12:00:00,28.9,23.05,780.0,610.73,269.0,380.6,3.93,0.0,88049.0,True,7,12,196
2018-07-15 13:00:00,29.24,21.4,671.0,663.83,199.0,359.8,3.86,0.0,88005.0,True,7,13,196
2018-07-15 14:00:00,29.37,20.1,502.0,621.03,159.0,365.8,3.86,358.0,87979.0,True,7,14,196
2018-07-15 15:00:00,28.91,19.8,316.0,552.01,111.0,354.8,3.86,357.0,87970.0,True,7,15,196
2018-07-15 16:00:00,28.32,20.05,127.0,365.58,61.0,340.8,3.93,356.0,87979.0,True,7,16,196
2018-07-15 17:00:00,27.1,21.4,0.0,-0.0,0.0,334.6,3.24,354.0,88014.0,True,7,17,196
2018-07-15 18:00:00,25.44,23.5,0.0,-0.0,0.0,330.2,2.9,347.0,88032.0,True,7,18,196
2018-07-15 19:00:00,24.1,24.65,0.0,-0.0,0.0,322.2,2.76,335.0,88110.0,True,7,19,196
2018-07-15 20:00:00,23.13,25.5,0.0,-0.0,0.0,319.2,3.52,329.0,88110.0,True,7,20,196
2018-07-15 21:00:00,22.29,27.25,0.0,-0.0,0.0,316.8,4.62,333.0,88163.0,True,7,21,196
2018-07-15 22:00:00,21.32,32.7,0.0,-0.0,0.0,315.6,4.69,339.0,88224.0,True,7,22,196
2018-07-15 23:00:00,20.37,39.0,0.0,-0.0,0.0,314.0,4.14,339.0,88224.0,True,7,23,196
2018-07-16 00:00:00,19.5,44.1,0.0,-0.0,0.0,311.4,3.72,334.0,88241.0,True,7,0,197
2018-07-16 01:00:00,18.63,48.0,0.0,-0.0,0.0,310.0,3.45,329.0,88259.0,True,7,1,197
2018-07-16 02:00:00,17.92,51.15,0.0,-0.0,0.0,308.2,3.17,325.0,88276.0,True,7,2,197
2018-07-16 03:00:00,17.33,53.85,28.0,37.99,25.0,306.4,3.03,324.0,88320.0,True,7,3,197
2018-07-16 04:00:00,18.33,51.3,172.0,222.22,112.0,307.4,3.03,326.0,88311.0,True,7,4,197
2018-07-16 05:00:00,20.32,45.3,391.0,537.18,145.0,311.4,3.72,335.0,88303.0,True,7,5,197
2018-07-16 06:00:00,22.18,39.7,599.0,714.3,149.0,318.4,3.72,344.0,88294.0,True,7,6,197
2018-07-16 07:00:00,23.85,35.25,741.0,690.85,206.0,328.0,2.97,359.0,88241.0,True,7,7,197
2018-07-16 08:00:00,25.25,31.0,738.0,414.14,373.0,335.0,2.34,1.0,88207.0,True,7,8,197
2018-07-16 09:00:00,26.63,27.3,866.0,568.07,330.0,341.6,2.48,348.0,88172.0,True,7,9,197
2018-07-16 10:00:00,27.75,24.1,397.0,11.5,386.0,349.2,2.69,339.0,88137.0,True,7,10,197
2018-07-16 11:00:00,28.83,20.9,641.0,198.9,458.0,349.8,3.17,334.0,88058.0,True,7,11,197
2018-07-16 12:00:00,29.4,19.15,726.0,478.49,326.0,360.8,3.86,336.0,88023.0,True,7,12,197
2018-07-16 13:00:00,29.33,18.85,584.0,412.55,291.0,361.2,4.69,344.0,88005.0,True,7,13,197
2018-07-16 14:00:00,29.26,18.5,498.0,614.84,159.0,351.0,5.03,345.0,87997.0,True,7,14,197
2018-07-16 15:00:00,28.82,18.3,309.0,523.96,115.0,349.4,5.31,348.0,88014.0,True,7,15,197
2018-07-16 16:00:00,27.91,18.35,123.0,340.37,62.0,343.6,5.17,349.0,88040.0,True,7,16,197
2018-07-16 17:00:00,26.59,19.25,0.0,-0.0,0.0,329.0,4.07,351.0,88093.0,True,7,17,197
2018-07-16 18:00:00,25.09,20.8,0.0,-0.0,0.0,323.8,3.52,348.0,88137.0,True,7,18,197
2018-07-16 19:00:00,23.98,22.95,0.0,-0.0,0.0,321.4,2.97,349.0,88207.0,True,7,19,197
2018-07-16 20:00:00,22.98,25.1,0.0,-0.0,0.0,318.6,4.0,343.0,88259.0,True,7,20,197
2018-07-16 21:00:00,21.84,31.25,0.0,-0.0,0.0,317.0,4.62,343.0,88346.0,True,7,21,197
2018-07-16 22:00:00,20.73,37.95,0.0,-0.0,0.0,315.0,4.21,340.0,88451.0,True,7,22,197
2018-07-16 23:00:00,19.81,42.5,0.0,-0.0,0.0,313.6,3.59,336.0,88478.0,True,7,23,197
2018-07-17 00:00:00,18.99,45.75,0.0,-0.0,0.0,311.4,3.17,332.0,88451.0,True,7,0,198
2018-07-17 01:00:00,18.22,48.55,0.0,-0.0,0.0,309.6,2.83,331.0,88451.0,True,7,1,198
2018-07-17 02:00:00,17.34,52.05,0.0,-0.0,0.0,307.0,2.34,327.0,88425.0,True,7,2,198
2018-07-17 03:00:00,16.47,56.05,26.0,39.04,23.0,303.8,2.14,320.0,88451.0,True,7,3,198
2018-07-17 04:00:00,17.43,54.85,205.0,421.49,92.0,303.2,1.72,319.0,88460.0,True,7,4,198
2018-07-17 05:00:00,20.19,44.1,412.0,635.59,122.0,307.0,2.28,336.0,88443.0,True,7,5,198
2018-07-17 06:00:00,21.94,36.7,601.0,711.17,154.0,312.6,2.14,346.0,88408.0,True,7,6,198
2018-07-17 07:00:00,23.53,29.75,776.0,796.72,160.0,318.6,2.34,353.0,88381.0,True,7,7,198
2018-07-17 08:00:00,24.97,25.6,898.0,817.9,178.0,324.6,2.07,360.0,88338.0,True,7,8,198
2018-07-17 09:00:00,26.34,22.5,972.0,835.95,184.0,330.4,1.86,3.0,88294.0,True,7,9,198
2018-07-17 10:00:00,27.58,20.15,994.0,855.71,176.0,335.8,1.72,355.0,88233.0,True,7,10,198
2018-07-17 11:00:00,28.65,18.35,955.0,861.55,163.0,339.6,1.79,345.0,88154.0,True,7,11,198
2018-07-17 12:00:00,29.57,17.1,864.0,866.9,140.0,342.0,2.14,338.0,88110.0,True,7,12,198
2018-07-17 13:00:00,30.14,16.45,690.0,730.27,172.0,343.8,2.48,338.0,88058.0,True,7,13,198
2018-07-17 14:00:00,30.36,16.3,503.0,625.06,159.0,343.8,2.83,338.0,88014.0,True,7,14,198
2018-07-17 15:00:00,30.19,16.55,289.0,406.44,139.0,342.6,3.1,338.0,87970.0,True,7,15,198
2018-07-17 16:00:00,29.58,17.1,87.0,89.98,71.0,340.0,3.59,343.0,87953.0,True,7,16,198
2018-07-17 17:00:00,28.17,18.5,0.0,-0.0,0.0,335.4,3.03,355.0,87962.0,True,7,17,198
2018-07-17 18:00:00,26.46,20.35,0.0,-0.0,0.0,331.6,2.55,1.0,88040.0,True,7,18,198
2018-07-17 19:00:00,25.14,21.3,0.0,-0.0,0.0,328.2,1.93,13.0,88067.0,True,7,19,198
2018-07-17 20:00:00,24.26,22.75,0.0,-0.0,0.0,324.6,0.83,25.0,88084.0,True,7,20,198
2018-07-17 21:00:00,24.15,22.35,0.0,-0.0,0.0,321.0,0.62,245.0,88075.0,True,7,21,198
2018-07-17 22:00:00,21.73,27.8,0.0,-0.0,0.0,318.4,1.45,254.0,88067.0,True,7,22,198
2018-07-17 23:00:00,21.58,27.75,0.0,-0.0,0.0,316.4,1.31,267.0,88040.0,True,7,23,198
2018-07-18 00:00:00,22.15,26.4,0.0,-0.0,0.0,314.6,1.1,278.0,88023.0,True,7,0,199
2018-07-18 01:00:00,21.33,28.35,0.0,-0.0,0.0,312.45,1.1,283.0,87988.0,True,7,1,199
2018-07-18 02:00:00,20.25,31.1,0.0,-0.0,0.0,311.0,1.31,280.0,87988.0,True,7,2,199
2018-07-18 03:00:00,18.69,35.8,26.0,40.16,23.0,308.4,1.52,277.0,88023.0,True,7,3,199
2018-07-18 04:00:00,20.17,33.65,209.0,458.37,87.0,314.2,1.03,274.0,88023.0,True,7,4,199
2018-07-18 05:00:00,22.88,37.5,417.0,670.98,112.0,315.0,0.55,285.0,88058.0,True,7,5,199
2018-07-18 06:00:00,25.95,20.55,606.0,738.37,143.0,324.2,0.07,239.0,88014.0,True,7,6,199
2018-07-18 07:00:00,27.66,21.7,775.0,796.73,160.0,335.2,0.76,233.0,87953.0,True,7,7,199
2018-07-18 08:00:00,29.09,20.2,897.0,817.77,178.0,342.8,1.03,224.0,87883.0,True,7,8,199
2018-07-18 09:00:00,30.48,18.05,971.0,835.72,184.0,349.6,1.72,239.0,87813.0,True,7,9,199
2018-07-18 10:00:00,31.84,15.5,951.0,737.11,247.0,354.8,2.48,248.0,87743.0,True,7,10,199
2018-07-18 11:00:00,32.92,13.9,933.0,798.09,200.0,363.0,2.83,250.0,87629.0,True,7,11,199
2018-07-18 12:00:00,33.15,13.55,808.0,691.6,231.0,385.8,3.1,252.0,87559.0,True,7,12,199
2018-07-18 13:00:00,33.22,13.6,649.0,591.49,230.0,393.25,3.38,250.0,87472.0,True,7,13,199
2018-07-18 14:00:00,33.1,13.8,309.0,94.67,257.0,393.0,3.79,247.0,87446.0,True,7,14,199
2018-07-18 15:00:00,32.48,15.0,247.0,231.12,162.0,392.6,4.14,247.0,87490.0,True,7,15,199
2018-07-18 16:00:00,30.82,19.5,123.0,345.97,62.0,379.8,4.21,252.0,87551.0,True,7,16,199
2018-07-18 17:00:00,29.14,24.25,0.0,-0.0,0.0,374.2,4.07,258.0,87612.0,True,7,17,199
2018-07-18 18:00:00,27.46,29.2,0.0,-0.0,0.0,365.2,3.1,266.0,87673.0,True,7,18,199
2018-07-18 19:00:00,25.98,31.1,0.0,-0.0,0.0,353.0,2.14,279.0,87734.0,True,7,19,199
2018-07-18 20:00:00,24.65,34.55,0.0,-0.0,0.0,341.6,1.17,298.0,87787.0,True,7,20,199
2018-07-18 21:00:00,23.16,38.35,0.0,-0.0,0.0,343.0,1.38,322.0,87804.0,True,7,21,199
2018-07-18 22:00:00,21.74,41.3,0.0,-0.0,0.0,332.6,2.14,326.0,87935.0,True,7,22,199
2018-07-18 23:00:00,20.84,43.95,0.0,-0.0,0.0,328.2,2.48,334.0,87962.0,True,7,23,199
2018-07-19 00:00:00,20.0,47.35,0.0,-0.0,0.0,325.6,2.41,337.0,87988.0,True,7,0,200
2018-07-19 01:00:00,19.11,51.25,0.0,-0.0,0.0,324.25,2.21,332.0,88014.0,True,7,1,200
2018-07-19 02:00:00,18.36,55.05,0.0,-0.0,0.0,322.6,2.14,324.0,88014.0,True,7,2,200
2018-07-19 03:00:00,17.8,58.6,7.0,0.0,7.0,321.2,2.14,321.0,88049.0,True,7,3,200
2018-07-19 04:00:00,19.11,55.55,157.0,174.12,111.0,322.2,2.14,328.0,88032.0,True,7,4,200
2018-07-19 05:00:00,21.42,49.75,374.0,485.84,154.0,326.8,3.17,340.0,88058.0,True,7,5,200
2018-07-19 06:00:00,23.05,45.05,571.0,629.84,177.0,334.2,3.24,347.0,87997.0,True,7,6,200
2018-07-19 07:00:00,24.21,40.55,747.0,733.18,182.0,342.0,2.0,6.0,87979.0,True,7,7,200
2018-07-19 08:00:00,25.53,36.75,870.0,768.69,195.0,352.6,0.76,17.0,87927.0,True,7,8,200
2018-07-19 09:00:00,26.3,34.8,932.0,755.8,221.0,365.6,0.34,310.0,87900.0,True,7,9,200
2018-07-19 10:00:00,27.26,32.0,608.0,136.24,478.0,379.6,1.24,279.0,87831.0,True,7,10,200
2018-07-19 11:00:00,28.36,29.0,843.0,581.97,309.0,384.6,1.66,295.0,87796.0,True,7,11,200
2018-07-19 12:00:00,28.65,27.75,805.0,711.56,212.0,385.0,2.14,309.0,87752.0,True,7,12,200
2018-07-19 13:00:00,28.86,27.15,664.0,670.1,190.0,389.4,2.41,309.0,87734.0,True,7,13,200
2018-07-19 14:00:00,28.57,27.25,46.0,0.0,46.0,380.6,2.62,311.0,87699.0,True,7,14,200
2018-07-19 15:00:00,27.87,28.9,197.0,98.25,161.0,385.0,3.03,314.0,87743.0,True,7,15,200
2018-07-19 16:00:00,27.52,29.4,99.0,171.7,69.0,360.6,3.59,324.0,87778.0,True,7,16,200
2018-07-19 17:00:00,26.35,31.85,0.0,-0.0,0.0,361.0,3.03,342.0,87787.0,True,7,17,200
2018-07-19 18:00:00,25.19,34.15,0.0,-0.0,0.0,352.8,2.41,353.0,87831.0,True,7,18,200
2018-07-19 19:00:00,24.59,34.05,0.0,-0.0,0.0,354.6,2.76,4.0,87909.0,True,7,19,200
2018-07-19 20:00:00,23.45,35.65,0.0,-0.0,0.0,349.4,3.31,354.0,87962.0,True,7,20,200
2018-07-19 21:00:00,22.17,38.05,0.0,-0.0,0.0,336.6,3.59,344.0,88049.0,True,7,21,200
2018-07-19 22:00:00,21.08,41.05,0.0,-0.0,0.0,336.2,3.31,336.0,88137.0,True,7,22,200
2018-07-19 23:00:00,20.16,44.45,0.0,-0.0,0.0,332.8,3.03,331.0,88154.0,True,7,23,200
2018-07-20 00:00:00,19.32,48.1,0.0,-0.0,0.0,326.6,2.76,326.0,88172.0,True,7,0,201
2018-07-20 01:00:00,18.63,51.35,0.0,-0.0,0.0,325.05,2.62,326.0,88189.0,True,7,1,201
2018-07-20 02:00:00,18.04,54.65,0.0,-0.0,0.0,321.4,2.55,328.0,88189.0,True,7,2,201
2018-07-20 03:00:00,17.42,58.3,3.0,0.0,3.0,316.6,2.34,328.0,88180.0,True,7,3,201
2018-07-20 04:00:00,18.42,56.2,153.0,164.01,110.0,317.0,2.28,332.0,88207.0,True,7,4,201
2018-07-20 05:00:00,20.44,49.1,362.0,438.97,164.0,321.0,3.1,343.0,88215.0,True,7,5,201
2018-07-20 06:00:00,22.2,42.4,578.0,663.43,164.0,327.4,3.17,353.0,88207.0,True,7,6,201
2018-07-20 07:00:00,23.33,41.55,753.0,761.73,167.0,356.0,2.28,5.0,88163.0,True,7,7,201
2018-07-20 08:00:00,24.98,36.6,879.0,798.2,179.0,346.6,1.72,7.0,88154.0,True,7,8,201
2018-07-20 09:00:00,26.13,33.25,861.0,574.64,321.0,362.2,1.24,0.0,88093.0,True,7,9,201
2018-07-20 10:00:00,27.37,29.5,198.0,0.0,198.0,367.8,1.24,311.0,88049.0,True,7,10,201
2018-07-20 11:00:00,28.62,25.85,915.0,780.02,200.0,373.4,2.07,302.0,88032.0,True,7,11,201
2018-07-20 12:00:00,29.02,24.6,827.0,784.47,174.0,395.25,2.55,321.0,87962.0,True,7,12,201
2018-07-20 13:00:00,29.24,24.1,569.0,387.95,295.0,406.45,3.24,336.0,87918.0,True,7,13,201
2018-07-20 14:00:00,29.15,24.05,509.0,693.08,130.0,390.85,3.45,343.0,87918.0,True,7,14,201
2018-07-20 15:00:00,28.95,24.15,272.0,356.2,142.0,387.4,3.72,348.0,87909.0,True,7,15,201
2018-07-20 16:00:00,28.48,24.35,112.0,283.15,63.0,386.0,3.86,352.0,87944.0,True,7,16,201
2018-07-20 17:00:00,27.38,25.75,0.0,-0.0,0.0,376.2,3.24,354.0,87953.0,True,7,17,201
2018-07-20 18:00:00,26.04,27.75,0.0,-0.0,0.0,363.0,3.1,352.0,88005.0,True,7,18,201
2018-07-20 19:00:00,25.17,29.35,0.0,-0.0,0.0,363.2,3.17,354.0,88058.0,True,7,19,201
2018-07-20 20:00:00,24.32,31.25,0.0,-0.0,0.0,365.2,3.45,348.0,88128.0,True,7,20,201
2018-07-20 21:00:00,23.21,34.35,0.0,-0.0,0.0,353.4,3.52,344.0,88137.0,True,7,21,201
2018-07-20 22:00:00,22.18,38.45,0.0,-0.0,0.0,345.2,3.59,338.0,88241.0,True,7,22,201
2018-07-20 23:00:00,21.36,42.95,0.0,-0.0,0.0,349.6,3.66,335.0,88233.0,True,7,23,201
2018-07-21 00:00:00,20.58,48.2,0.0,-0.0,0.0,344.8,3.52,332.0,88250.0,True,7,0,202
2018-07-21 01:00:00,20.23,52.6,0.0,-0.0,0.0,357.05,3.45,331.0,88276.0,True,7,1,202
2018-07-21 02:00:00,19.78,57.0,0.0,-0.0,0.0,355.8,3.38,329.0,88294.0,True,7,2,202
2018-07-21 03:00:00,19.18,61.65,4.0,0.0,4.0,345.6,3.24,329.0,88338.0,True,7,3,202
2018-07-21 04:00:00,19.5,62.55,164.0,222.95,106.0,340.2,3.31,330.0,88390.0,True,7,4,202
2018-07-21 05:00:00,20.79,58.5,290.0,193.65,203.0,347.8,3.72,336.0,88399.0,True,7,5,202
2018-07-21 06:00:00,22.44,51.8,585.0,698.83,150.0,351.2,3.45,343.0,88408.0,True,7,6,202
2018-07-21 07:00:00,24.48,45.2,754.0,773.48,160.0,350.8,3.38,348.0,88346.0,True,7,7,202
2018-07-21 08:00:00,25.87,38.55,666.0,292.3,410.0,361.6,3.1,346.0,88329.0,True,7,8,202
2018-07-21 09:00:00,26.83,34.5,762.0,369.67,415.0,375.8,3.24,343.0,88320.0,True,7,9,202
2018-07-21 10:00:00,27.66,31.7,259.0,0.0,259.0,383.6,3.52,343.0,88233.0,True,7,10,202
2018-07-21 11:00:00,28.5,29.55,334.0,4.37,330.0,378.6,3.59,343.0,88198.0,True,7,11,202
2018-07-21 12:00:00,29.07,28.2,653.0,337.99,372.0,375.2,3.79,346.0,88145.0,True,7,12,202
2018-07-21 13:00:00,29.56,26.8,629.0,563.02,232.0,371.4,3.93,348.0,88102.0,True,7,13,202
2018-07-21 14:00:00,29.86,25.65,495.0,639.76,146.0,369.0,4.14,351.0,88093.0,True,7,14,202
2018-07-21 15:00:00,29.14,26.5,306.0,550.31,106.0,370.0,4.07,353.0,88075.0,True,7,15,202
2018-07-21 16:00:00,28.76,26.0,118.0,350.3,58.0,371.4,3.93,2.0,88102.0,True,7,16,202
2018-07-21 17:00:00,27.7,27.7,0.0,-0.0,0.0,365.6,2.9,14.0,88128.0,True,7,17,202
2018-07-21 18:00:00,26.24,30.9,0.0,-0.0,0.0,352.8,2.0,18.0,88154.0,True,7,18,202
2018-07-21 19:00:00,25.27,30.4,0.0,-0.0,0.0,342.6,2.55,339.0,88224.0,True,7,19,202
2018-07-21 20:00:00,24.4,30.8,0.0,-0.0,0.0,350.2,3.24,328.0,88268.0,True,7,20,202
2018-07-21 21:00:00,23.47,34.1,0.0,-0.0,0.0,339.8,4.55,326.0,88311.0,True,7,21,202
2018-07-21 22:00:00,22.62,42.0,0.0,-0.0,0.0,339.6,4.69,328.0,88355.0,True,7,22,202
2018-07-21 23:00:00,21.75,48.95,0.0,-0.0,0.0,332.2,4.34,328.0,88355.0,True,7,23,202
2018-07-22 00:00:00,21.17,53.1,0.0,-0.0,0.0,337.2,4.21,328.0,88364.0,True,7,0,203
2018-07-22 01:00:00,20.45,57.0,0.0,-0.0,0.0,329.65,3.93,329.0,88373.0,True,7,1,203
2018-07-22 02:00:00,19.81,60.4,0.0,-0.0,0.0,329.4,3.66,329.0,88381.0,True,7,2,203
2018-07-22 03:00:00,19.21,63.9,15.0,0.0,15.0,326.4,3.45,326.0,88408.0,True,7,3,203
2018-07-22 04:00:00,19.95,62.25,197.0,430.09,86.0,326.4,3.38,328.0,88443.0,True,7,4,203
2018-07-22 05:00:00,21.62,55.8,402.0,641.41,115.0,331.0,4.34,339.0,88443.0,True,7,5,203
2018-07-22 06:00:00,23.31,49.0,597.0,739.26,138.0,337.0,4.34,350.0,88425.0,True,7,6,203
2018-07-22 07:00:00,25.22,42.1,761.0,785.3,159.0,346.8,4.34,357.0,88390.0,True,7,7,203
2018-07-22 08:00:00,26.64,36.8,878.0,791.21,186.0,353.4,3.86,2.0,88355.0,True,7,8,203
2018-07-22 09:00:00,27.84,32.45,953.0,809.52,194.0,363.2,3.45,1.0,88303.0,True,7,9,203
2018-07-22 10:00:00,28.48,29.9,928.0,700.13,262.0,375.0,3.31,353.0,88268.0,True,7,10,203
2018-07-22 11:00:00,29.46,27.05,877.0,664.74,269.0,376.0,3.52,346.0,88172.0,True,7,11,203
2018-07-22 12:00:00,30.25,24.55,788.0,656.4,243.0,371.0,3.93,342.0,88128.0,True,7,12,203
2018-07-22 13:00:00,30.6,22.8,631.0,559.74,237.0,381.0,4.28,341.0,88075.0,True,7,13,203
2018-07-22 14:00:00,30.61,21.6,470.0,527.46,183.0,376.2,4.41,342.0,88032.0,True,7,14,203
2018-07-22 15:00:00,30.25,21.25,307.0,552.77,107.0,374.0,4.55,344.0,88005.0,True,7,15,203
2018-07-22 16:00:00,29.64,21.45,121.0,395.45,54.0,368.8,4.76,345.0,88005.0,True,7,16,203
2018-07-22 17:00:00,28.4,23.0,0.0,-0.0,0.0,359.8,3.93,348.0,88023.0,True,7,17,203
2018-07-22 18:00:00,26.97,25.05,0.0,-0.0,0.0,354.6,3.93,348.0,88093.0,True,7,18,203
2018-07-22 19:00:00,25.83,26.85,0.0,-0.0,0.0,343.2,4.41,348.0,88180.0,True,7,19,203
2018-07-22 20:00:00,24.5,30.8,0.0,-0.0,0.0,335.4,4.14,342.0,88215.0,True,7,20,203
2018-07-22 21:00:00,23.45,34.05,0.0,-0.0,0.0,331.2,3.86,336.0,88268.0,True,7,21,203
2018-07-22 22:00:00,22.57,36.7,0.0,-0.0,0.0,328.2,3.66,332.0,88320.0,True,7,22,203
2018-07-22 23:00:00,21.64,39.6,0.0,-0.0,0.0,324.2,3.17,329.0,88294.0,True,7,23,203
2018-07-23 00:00:00,20.63,43.0,0.0,-0.0,0.0,320.6,2.76,324.0,88233.0,True,7,0,204
2018-07-23 01:00:00,19.76,46.55,0.0,-0.0,0.0,317.65,2.69,318.0,88250.0,True,7,1,204
2018-07-23 02:00:00,18.98,50.3,0.0,-0.0,0.0,315.6,2.62,313.0,88250.0,True,7,2,204
2018-07-23 03:00:00,18.18,54.65,13.0,0.0,13.0,314.2,2.41,309.0,88233.0,True,7,3,204
2018-07-23 04:00:00,18.88,55.8,203.0,480.49,80.0,314.2,1.79,311.0,88259.0,True,7,4,204
2018-07-23 05:00:00,22.09,45.25,411.0,682.21,107.0,318.4,2.48,328.0,88250.0,True,7,5,204
2018-07-23 06:00:00,23.95,37.6,603.0,752.48,137.0,325.0,2.76,334.0,88224.0,True,7,6,204
2018-07-23 07:00:00,25.85,30.6,778.0,829.86,143.0,332.4,3.24,335.0,88180.0,True,7,7,204
2018-07-23 08:00:00,27.52,25.3,903.0,851.86,159.0,339.0,3.17,337.0,88128.0,True,7,8,204
2018-07-23 09:00:00,29.01,21.55,980.0,871.35,164.0,344.8,3.17,338.0,88075.0,True,7,9,204
2018-07-23 10:00:00,30.19,18.9,985.0,842.99,184.0,348.8,3.24,335.0,87979.0,True,7,10,204
2018-07-23 11:00:00,31.13,17.05,937.0,816.58,191.0,352.2,3.38,331.0,87900.0,True,7,11,204
2018-07-23 12:00:00,31.84,15.7,856.0,853.91,148.0,358.4,3.59,327.0,87857.0,True,7,12,204
2018-07-23 13:00:00,32.45,14.5,698.0,775.68,153.0,372.2,3.59,321.0,87778.0,True,7,13,204
2018-07-23 14:00:00,32.29,15.0,508.0,678.17,140.0,379.6,3.38,315.0,87726.0,True,7,14,204
2018-07-23 15:00:00,32.06,15.8,312.0,577.6,104.0,381.2,3.24,311.0,87664.0,True,7,15,204
2018-07-23 16:00:00,31.61,16.75,116.0,346.31,58.0,384.8,2.97,312.0,87638.0,True,7,16,204
2018-07-23 17:00:00,30.38,18.65,0.0,-0.0,0.0,371.6,1.79,329.0,87647.0,True,7,17,204
2018-07-23 18:00:00,28.55,21.65,0.0,-0.0,0.0,349.4,1.1,360.0,87673.0,True,7,18,204
2018-07-23 19:00:00,27.23,24.05,0.0,-0.0,0.0,342.8,0.9,184.0,87734.0,True,7,19,204
2018-07-23 20:00:00,25.51,26.7,0.0,-0.0,0.0,349.0,1.24,197.0,87717.0,True,7,20,204
2018-07-23 21:00:00,24.05,29.3,0.0,-0.0,0.0,345.2,1.45,213.0,87726.0,True,7,21,204
2018-07-23 22:00:00,22.53,32.4,0.0,-0.0,0.0,344.6,1.93,227.0,87769.0,True,7,22,204
2018-07-23 23:00:00,21.43,35.95,0.0,-0.0,0.0,338.6,2.21,236.0,87752.0,True,7,23,204
2018-07-24 00:00:00,20.7,39.25,0.0,-0.0,0.0,337.6,2.28,249.0,87717.0,True,7,0,205
2018-07-24 01:00:00,20.05,42.7,0.0,-0.0,0.0,333.05,2.28,260.0,87717.0,True,7,1,205
2018-07-24 02:00:00,19.38,46.15,0.0,-0.0,0.0,329.4,2.28,266.0,87708.0,True,7,2,205
2018-07-24 03:00:00,18.73,49.9,10.0,0.0,10.0,326.0,2.14,267.0,87734.0,True,7,3,205
2018-07-24 04:00:00,20.33,47.45,159.0,208.77,106.0,328.4,1.52,264.0,87717.0,True,7,4,205
2018-07-24 05:00:00,24.49,36.45,386.0,572.41,132.0,333.0,1.17,261.0,87761.0,True,7,5,205
2018-07-24 06:00:00,27.67,27.45,587.0,710.75,148.0,342.4,1.79,271.0,87726.0,True,7,6,205
2018-07-24 07:00:00,29.33,22.75,759.0,785.57,159.0,351.0,3.38,237.0,87691.0,True,7,7,205
2018-07-24 08:00:00,30.76,18.15,882.0,807.22,178.0,354.2,4.0,241.0,87656.0,True,7,8,205
2018-07-24 09:00:00,31.89,15.45,946.0,795.44,202.0,358.0,4.55,243.0,87629.0,True,7,9,205
2018-07-24 10:00:00,32.26,14.55,885.0,596.37,319.0,365.8,5.1,245.0,87594.0,True,7,10,205
2018-07-24 11:00:00,32.34,14.9,866.0,638.95,283.0,362.0,6.21,245.0,87638.0,True,7,11,205
2018-07-24 12:00:00,31.38,16.65,689.0,407.05,352.0,369.6,6.14,245.0,87638.0,True,7,12,205
2018-07-24 13:00:00,31.13,18.25,75.0,0.0,75.0,381.4,5.38,238.0,87656.0,True,7,13,205
2018-07-24 14:00:00,30.5,19.8,337.0,149.7,256.0,370.4,6.21,231.0,87629.0,True,7,14,205
2018-07-24 15:00:00,29.68,22.95,278.0,401.87,134.0,372.8,5.66,228.0,87612.0,True,7,15,205
2018-07-24 16:00:00,28.78,26.25,114.0,338.49,58.0,364.4,4.76,219.0,87621.0,True,7,16,205
2018-07-24 17:00:00,27.56,29.6,0.0,-0.0,0.0,348.2,3.38,202.0,87629.0,True,7,17,205
2018-07-24 18:00:00,26.17,32.65,0.0,-0.0,0.0,342.4,2.9,184.0,87664.0,True,7,18,205
2018-07-24 19:00:00,25.22,38.9,0.0,-0.0,0.0,341.0,2.83,181.0,87699.0,True,7,19,205
2018-07-24 20:00:00,24.14,40.4,0.0,-0.0,0.0,336.4,2.69,187.0,87673.0,True,7,20,205
2018-07-24 21:00:00,23.0,42.0,0.0,-0.0,0.0,330.6,2.55,196.0,87682.0,True,7,21,205
2018-07-24 22:00:00,21.74,44.05,0.0,-0.0,0.0,324.6,2.41,203.0,87656.0,True,7,22,205
2018-07-24 23:00:00,20.47,46.85,0.0,-0.0,0.0,319.4,2.28,208.0,87682.0,True,7,23,205
2018-07-25 00:00:00,19.24,50.4,0.0,-0.0,0.0,315.2,2.07,211.0,87682.0,True,7,0,206
2018-07-25 01:00:00,18.16,54.15,0.0,-0.0,0.0,312.25,2.0,215.0,87691.0,True,7,1,206
2018-07-25 02:00:00,17.31,57.9,0.0,-0.0,0.0,309.8,2.07,215.0,87708.0,True,7,2,206
2018-07-25 03:00:00,16.8,61.55,2.0,0.0,2.0,315.0,2.0,213.0,87717.0,True,7,3,206
2018-07-25 04:00:00,18.16,59.85,173.0,305.89,96.0,319.0,1.72,207.0,87761.0,True,7,4,206
2018-07-25 05:00:00,21.82,48.1,323.0,316.85,183.0,322.4,2.41,200.0,87831.0,True,7,5,206
2018-07-25 06:00:00,23.65,42.55,575.0,685.06,153.0,339.8,3.31,217.0,87813.0,True,7,6,206
2018-07-25 07:00:00,25.15,37.45,724.0,687.37,200.0,351.4,2.28,229.0,87831.0,True,7,7,206
2018-07-25 08:00:00,26.32,33.55,811.0,620.09,271.0,361.8,2.48,222.0,87813.0,True,7,8,206
2018-07-25 09:00:00,27.3,30.8,820.0,492.43,360.0,364.8,2.62,224.0,87804.0,True,7,9,206
2018-07-25 10:00:00,28.34,28.25,563.0,98.11,470.0,369.2,2.83,231.0,87778.0,True,7,10,206
2018-07-25 11:00:00,28.9,26.8,509.0,74.62,441.0,378.2,2.97,235.0,87726.0,True,7,11,206
2018-07-25 12:00:00,29.45,25.7,646.0,329.05,374.0,375.4,3.03,234.0,87664.0,True,7,12,206
2018-07-25 13:00:00,29.69,24.85,398.0,92.88,333.0,379.2,3.24,232.0,87612.0,True,7,13,206
2018-07-25 14:00:00,29.37,25.1,66.0,0.0,66.0,404.25,3.24,236.0,87603.0,True,7,14,206
2018-07-25 15:00:00,29.0,26.6,266.0,359.1,138.0,403.05,3.17,251.0,87656.0,True,7,15,206
2018-07-25 16:00:00,28.15,30.05,104.0,269.43,60.0,398.65,3.59,268.0,87708.0,True,7,16,206
2018-07-25 17:00:00,26.86,35.1,0.0,-0.0,0.0,383.6,3.45,277.0,87769.0,True,7,17,206
2018-07-25 18:00:00,25.52,40.5,0.0,-0.0,0.0,374.0,3.38,278.0,87839.0,True,7,18,206
2018-07-25 19:00:00,25.04,39.1,0.0,-0.0,0.0,376.0,2.21,286.0,87918.0,True,7,19,206
2018-07-25 20:00:00,23.67,43.4,0.0,-0.0,0.0,352.2,2.14,293.0,87953.0,True,7,20,206
2018-07-25 21:00:00,22.77,47.2,0.0,-0.0,0.0,361.4,1.93,294.0,87988.0,True,7,21,206
2018-07-25 22:00:00,22.02,51.0,0.0,-0.0,0.0,361.8,1.93,295.0,88005.0,True,7,22,206
2018-07-25 23:00:00,20.91,56.0,0.0,-0.0,0.0,342.2,2.0,293.0,88040.0,True,7,23,206
2018-07-26 00:00:00,20.07,60.5,0.0,-0.0,0.0,341.4,1.86,292.0,88049.0,True,7,0,207
2018-07-26 01:00:00,19.24,64.85,0.0,-0.0,0.0,337.45,1.79,292.0,88093.0,True,7,1,207
2018-07-26 02:00:00,18.51,69.4,0.0,-0.0,0.0,336.4,1.66,289.0,88110.0,True,7,2,207
2018-07-26 03:00:00,18.14,72.95,3.0,0.0,3.0,341.2,1.45,288.0,88128.0,True,7,3,207
2018-07-26 04:00:00,19.34,70.15,155.0,212.38,102.0,344.0,1.03,287.0,88189.0,True,7,4,207
2018-07-26 05:00:00,22.15,54.9,380.0,563.72,132.0,341.6,1.38,312.0,88215.0,True,7,5,207
2018-07-26 06:00:00,23.86,45.95,584.0,719.48,142.0,355.2,1.24,339.0,88215.0,True,7,6,207
2018-07-26 07:00:00,25.0,39.6,757.0,795.16,152.0,352.0,0.69,65.0,88180.0,True,7,7,207
2018-07-26 08:00:00,26.51,34.6,880.0,817.69,169.0,373.2,1.1,105.0,88172.0,True,7,8,207
2018-07-26 09:00:00,27.7,31.7,945.0,806.07,193.0,365.4,1.38,132.0,88145.0,True,7,9,207
2018-07-26 10:00:00,28.7,29.1,967.0,826.0,185.0,380.0,1.45,152.0,88075.0,True,7,10,207
2018-07-26 11:00:00,29.59,26.6,890.0,716.47,238.0,379.8,1.45,170.0,88040.0,True,7,11,207
2018-07-26 12:00:00,30.12,25.15,799.0,706.42,216.0,378.2,1.1,183.0,87979.0,True,7,12,207
2018-07-26 13:00:00,30.43,23.85,659.0,674.49,188.0,377.8,1.03,187.0,87953.0,True,7,13,207
2018-07-26 14:00:00,29.67,25.35,45.0,0.0,45.0,395.25,2.14,236.0,87927.0,True,7,14,207
2018-07-26 15:00:00,28.09,31.05,161.0,45.14,145.0,384.2,3.1,255.0,87918.0,True,7,15,207
2018-07-26 16:00:00,28.02,29.8,80.0,99.32,64.0,364.8,3.24,269.0,87979.0,True,7,16,207
2018-07-26 17:00:00,27.13,31.7,0.0,-0.0,0.0,377.8,2.9,272.0,88058.0,True,7,17,207
2018-07-26 18:00:00,25.79,35.85,0.0,-0.0,0.0,359.2,3.1,274.0,88163.0,True,7,18,207
2018-07-26 19:00:00,25.07,37.4,0.0,-0.0,0.0,354.2,4.21,296.0,88276.0,True,7,19,207
2018-07-26 20:00:00,23.92,44.15,0.0,-0.0,0.0,362.6,3.93,312.0,88320.0,True,7,20,207
2018-07-26 21:00:00,22.71,50.8,0.0,-0.0,0.0,346.0,2.76,313.0,88338.0,True,7,21,207
2018-07-26 22:00:00,21.64,56.15,0.0,-0.0,0.0,337.8,2.0,304.0,88381.0,True,7,22,207
2018-07-26 23:00:00,20.53,61.6,0.0,-0.0,0.0,333.8,1.72,296.0,88416.0,True,7,23,207
2018-07-27 00:00:00,19.71,65.7,0.0,-0.0,0.0,338.4,1.72,294.0,88425.0,True,7,0,208
2018-07-27 01:00:00,18.9,69.5,0.0,-0.0,0.0,330.45,1.86,293.0,88425.0,True,7,1,208
2018-07-27 02:00:00,18.3,72.7,0.0,-0.0,0.0,328.4,2.0,292.0,88434.0,True,7,2,208
2018-07-27 03:00:00,17.84,75.5,5.0,0.0,5.0,327.6,2.0,290.0,88425.0,True,7,3,208
2018-07-27 04:00:00,18.84,72.85,176.0,339.59,92.0,328.6,1.72,292.0,88451.0,True,7,4,208
2018-07-27 05:00:00,21.98,57.95,390.0,625.57,116.0,334.6,2.21,309.0,88443.0,True,7,5,208
2018-07-27 06:00:00,23.82,49.3,588.0,734.53,138.0,344.0,2.14,326.0,88399.0,True,7,6,208
2018-07-27 07:00:00,25.07,43.0,758.0,798.04,152.0,356.2,1.93,349.0,88381.0,True,7,7,208
2018-07-27 08:00:00,26.59,37.6,886.0,836.24,160.0,360.0,1.24,22.0,88329.0,True,7,8,208
2018-07-27 09:00:00,27.73,33.25,941.0,793.21,202.0,374.6,0.9,67.0,88268.0,True,7,9,208
2018-07-27 10:00:00,28.73,29.95,907.0,658.92,284.0,381.4,1.03,90.0,88180.0,True,7,10,208
2018-07-27 11:00:00,29.48,27.45,866.0,651.46,274.0,383.4,0.69,112.0,88128.0,True,7,11,208
2018-07-27 12:00:00,30.07,25.25,812.0,747.68,196.0,374.0,0.0,345.0,88084.0,True,7,12,208
2018-07-27 13:00:00,30.39,23.8,663.0,690.38,182.0,383.0,0.69,358.0,88014.0,True,7,13,208
2018-07-27 14:00:00,30.54,23.15,494.0,660.54,140.0,386.8,1.45,7.0,87962.0,True,7,14,208
2018-07-27 15:00:00,30.11,23.75,291.0,505.05,113.0,383.6,2.28,353.0,87935.0,True,7,15,208
2018-07-27 16:00:00,29.48,25.45,104.0,289.71,58.0,392.45,3.24,339.0,87944.0,True,7,16,208
2018-07-27 17:00:00,28.25,28.65,0.0,-0.0,0.0,381.6,3.52,333.0,87997.0,True,7,17,208
2018-07-27 18:00:00,26.71,32.0,0.0,-0.0,0.0,362.0,3.45,326.0,88075.0,True,7,18,208
2018-07-27 19:00:00,25.98,31.1,0.0,-0.0,0.0,355.0,3.17,300.0,88137.0,True,7,19,208
2018-07-27 20:00:00,24.98,34.1,0.0,-0.0,0.0,355.8,3.79,300.0,88189.0,True,7,20,208
2018-07-27 21:00:00,24.22,36.35,0.0,-0.0,0.0,361.2,4.9,313.0,88224.0,True,7,21,208
2018-07-27 22:00:00,22.79,44.25,0.0,-0.0,0.0,343.8,4.97,322.0,88294.0,True,7,22,208
2018-07-27 23:00:00,21.55,52.55,0.0,-0.0,0.0,336.8,4.48,323.0,88294.0,True,7,23,208
2018-07-28 00:00:00,20.79,57.65,0.0,-0.0,0.0,337.6,4.14,319.0,88303.0,True,7,0,209
2018-07-28 01:00:00,20.19,61.05,0.0,-0.0,0.0,335.25,3.86,317.0,88268.0,True,7,1,209
2018-07-28 02:00:00,19.72,63.95,0.0,-0.0,0.0,336.2,3.59,319.0,88241.0,True,7,2,209
2018-07-28 03:00:00,19.21,67.3,4.0,0.0,4.0,332.4,3.31,321.0,88215.0,True,7,3,209
2018-07-28 04:00:00,19.82,66.05,169.0,314.1,92.0,334.0,3.24,324.0,88268.0,True,7,4,209
2018-07-28 05:00:00,21.45,60.15,381.0,593.97,122.0,339.2,3.93,330.0,88250.0,True,7,5,209
2018-07-28 06:00:00,23.02,54.65,579.0,715.32,142.0,348.0,3.93,338.0,88241.0,True,7,6,209
2018-07-28 07:00:00,23.86,49.4,752.0,791.73,152.0,357.2,3.38,346.0,88233.0,True,7,7,209
2018-07-28 08:00:00,25.15,45.6,885.0,845.65,152.0,364.6,2.76,360.0,88189.0,True,7,8,209
2018-07-28 09:00:00,26.48,41.0,956.0,850.21,165.0,374.6,2.28,2.0,88145.0,True,7,9,209
2018-07-28 10:00:00,27.34,38.1,936.0,746.66,231.0,387.8,2.21,356.0,88067.0,True,7,10,209
2018-07-28 11:00:00,27.84,36.3,914.0,796.8,191.0,392.4,2.28,348.0,88032.0,True,7,11,209
2018-07-28 12:00:00,28.62,33.65,419.0,47.42,380.0,381.4,2.55,339.0,87997.0,True,7,12,209
2018-07-28 13:00:00,28.98,32.4,609.0,519.37,248.0,383.8,2.9,335.0,87970.0,True,7,13,209
2018-07-28 14:00:00,28.98,32.0,481.0,616.05,152.0,381.4,3.17,334.0,87953.0,True,7,14,209
2018-07-28 15:00:00,28.84,31.75,275.0,428.19,125.0,375.0,3.45,339.0,87944.0,True,7,15,209
2018-07-28 16:00:00,28.18,32.65,106.0,332.53,54.0,367.8,3.66,351.0,87962.0,True,7,16,209
2018-07-28 17:00:00,27.07,35.05,0.0,-0.0,0.0,372.8,3.45,7.0,87953.0,True,7,17,209
2018-07-28 18:00:00,25.92,37.55,0.0,-0.0,0.0,367.4,3.24,10.0,88014.0,True,7,18,209
2018-07-28 19:00:00,25.27,36.0,0.0,-0.0,0.0,352.0,2.97,2.0,88067.0,True,7,19,209
2018-07-28 20:00:00,24.24,38.05,0.0,-0.0,0.0,346.4,2.97,350.0,88075.0,True,7,20,209
2018-07-28 21:00:00,23.37,40.55,0.0,-0.0,0.0,346.2,3.03,342.0,88102.0,True,7,21,209
2018-07-28 22:00:00,22.5,43.95,0.0,-0.0,0.0,341.6,3.03,336.0,88145.0,True,7,22,209
2018-07-28 23:00:00,21.84,47.2,0.0,-0.0,0.0,346.2,2.97,333.0,88128.0,True,7,23,209
2018-07-29 00:00:00,21.01,50.7,0.0,-0.0,0.0,338.4,2.76,327.0,88145.0,True,7,0,210
2018-07-29 01:00:00,20.32,53.95,0.0,-0.0,0.0,334.65,2.69,323.0,88110.0,True,7,1,210
2018-07-29 02:00:00,19.71,56.6,0.0,-0.0,0.0,333.2,2.62,319.0,88110.0,True,7,2,210
2018-07-29 03:00:00,19.13,59.5,2.0,0.0,2.0,331.6,2.48,317.0,88128.0,True,7,3,210
2018-07-29 04:00:00,19.83,58.35,153.0,226.43,98.0,330.0,2.21,320.0,88128.0,True,7,4,210
2018-07-29 05:00:00,22.42,50.35,370.0,546.0,133.0,336.2,2.97,334.0,88145.0,True,7,5,210
2018-07-29 06:00:00,24.28,46.35,573.0,697.67,148.0,343.0,3.17,351.0,88110.0,True,7,6,210
2018-07-29 07:00:00,26.31,40.1,745.0,773.52,160.0,352.2,2.76,358.0,88084.0,True,7,7,210
2018-07-29 08:00:00,27.84,33.55,872.0,812.36,169.0,360.0,2.14,7.0,88040.0,True,7,8,210
2018-07-29 09:00:00,28.83,30.4,948.0,833.14,174.0,382.2,1.93,12.0,87997.0,True,7,9,210
2018-07-29 10:00:00,29.72,28.4,954.0,806.05,194.0,390.0,2.0,12.0,87953.0,True,7,10,210
2018-07-29 11:00:00,30.45,26.75,901.0,764.92,208.0,392.4,2.07,10.0,87909.0,True,7,11,210
2018-07-29 12:00:00,31.06,25.45,612.0,272.88,388.0,392.4,2.14,3.0,87857.0,True,7,12,210
2018-07-29 13:00:00,31.37,24.75,227.0,1.44,226.0,391.25,2.28,358.0,87804.0,True,7,13,210
2018-07-29 14:00:00,31.47,24.3,478.0,612.68,152.0,391.05,2.34,1.0,87796.0,True,7,14,210
2018-07-29 15:00:00,30.9,25.0,292.0,542.97,103.0,384.8,2.41,10.0,87787.0,True,7,15,210
2018-07-29 16:00:00,30.23,26.05,74.0,97.47,59.0,391.05,2.34,360.0,87761.0,True,7,16,210
2018-07-29 17:00:00,29.34,27.35,0.0,-0.0,0.0,387.4,2.0,4.0,87787.0,True,7,17,210
2018-07-29 18:00:00,28.2,29.4,0.0,-0.0,0.0,385.8,2.21,12.0,87857.0,True,7,18,210
2018-07-29 19:00:00,27.31,27.85,0.0,-0.0,0.0,375.2,2.21,348.0,87900.0,True,7,19,210
2018-07-29 20:00:00,26.21,29.95,0.0,-0.0,0.0,372.6,2.21,329.0,87944.0,True,7,20,210
2018-07-29 21:00:00,25.02,32.45,0.0,-0.0,0.0,357.8,2.41,321.0,87962.0,True,7,21,210
2018-07-29 22:00:00,24.04,34.75,0.0,-0.0,0.0,352.2,2.62,319.0,87979.0,True,7,22,210
2018-07-29 23:00:00,23.04,37.45,0.0,-0.0,0.0,342.8,2.69,318.0,87997.0,True,7,23,210
2018-07-30 00:00:00,22.44,39.55,0.0,-0.0,0.0,350.2,2.76,321.0,88014.0,True,7,0,211
2018-07-30 01:00:00,21.59,42.6,0.0,-0.0,0.0,336.65,2.9,324.0,88049.0,True,7,1,211
2018-07-30 02:00:00,20.95,45.7,0.0,-0.0,0.0,336.8,2.9,324.0,88040.0,True,7,2,211
2018-07-30 03:00:00,20.36,49.2,2.0,0.0,2.0,337.4,2.76,323.0,88093.0,True,7,3,211
2018-07-30 04:00:00,20.98,49.6,154.0,241.02,96.0,334.6,2.41,324.0,88110.0,True,7,4,211
2018-07-30 05:00:00,23.51,44.4,367.0,541.58,133.0,339.8,2.83,334.0,88137.0,True,7,5,211
2018-07-30 06:00:00,25.69,41.75,563.0,668.41,157.0,347.0,2.69,357.0,88119.0,True,7,6,211
2018-07-30 07:00:00,27.83,36.85,733.0,742.0,173.0,361.6,2.69,6.0,88093.0,True,7,7,211
2018-07-30 08:00:00,29.73,29.65,864.0,794.04,178.0,374.0,2.48,34.0,88049.0,True,7,8,211
2018-07-30 09:00:00,30.18,27.4,934.0,798.8,193.0,387.6,2.41,39.0,88023.0,True,7,9,211
2018-07-30 10:00:00,30.96,25.65,945.0,788.12,203.0,385.6,2.48,35.0,87962.0,True,7,10,211
2018-07-30 11:00:00,31.73,24.15,908.0,792.68,191.0,396.25,2.62,29.0,87909.0,True,7,11,211
2018-07-30 12:00:00,32.21,23.1,697.0,450.4,328.0,393.05,2.76,20.0,87866.0,True,7,12,211
2018-07-30 13:00:00,32.33,22.7,670.0,749.05,152.0,391.45,2.62,13.0,87848.0,True,7,13,211
2018-07-30 14:00:00,32.16,22.95,398.0,322.61,227.0,408.85,2.83,8.0,87953.0,True,7,14,211
2018-07-30 15:00:00,31.45,24.4,297.0,592.86,92.0,387.8,2.55,19.0,87918.0,True,7,15,211
2018-07-30 16:00:00,30.67,25.65,81.0,145.4,59.0,382.2,2.62,16.0,87900.0,True,7,16,211
2018-07-30 17:00:00,29.67,27.6,0.0,-0.0,0.0,383.4,2.76,350.0,87909.0,True,7,17,211
2018-07-30 18:00:00,28.29,30.35,0.0,-0.0,0.0,366.6,2.9,340.0,87962.0,True,7,18,211
2018-07-30 19:00:00,26.58,44.95,0.0,-0.0,0.0,370.4,2.83,313.0,88023.0,True,7,19,211
2018-07-30 20:00:00,25.59,47.4,0.0,-0.0,0.0,359.8,2.83,306.0,88049.0,True,7,20,211
2018-07-30 21:00:00,24.88,48.1,0.0,-0.0,0.0,359.6,2.83,302.0,88049.0,True,7,21,211
2018-07-30 22:00:00,24.3,47.9,0.0,-0.0,0.0,355.4,2.9,303.0,88075.0,True,7,22,211
2018-07-30 23:00:00,23.65,48.0,0.0,-0.0,0.0,349.0,2.97,309.0,88075.0,True,7,23,211
2018-07-31 00:00:00,22.95,48.65,0.0,-0.0,0.0,343.4,3.03,317.0,88067.0,True,7,0,212
2018-07-31 01:00:00,22.19,49.35,0.0,-0.0,0.0,343.05,2.9,321.0,88049.0,True,7,1,212
2018-07-31 02:00:00,21.44,51.05,0.0,-0.0,0.0,338.8,2.83,322.0,88049.0,True,7,2,212
2018-07-31 03:00:00,20.82,53.2,2.0,0.0,2.0,336.8,2.83,326.0,88067.0,True,7,3,212
2018-07-31 04:00:00,21.6,51.75,142.0,188.79,97.0,341.4,2.55,332.0,88102.0,True,7,4,212
2018-07-31 05:00:00,24.15,45.9,367.0,558.07,127.0,345.6,3.17,350.0,88102.0,True,7,5,212
2018-07-31 06:00:00,26.07,42.8,569.0,703.4,143.0,351.8,3.17,12.0,88093.0,True,7,6,212
2018-07-31 07:00:00,28.43,35.5,729.0,738.27,173.0,361.6,2.83,30.0,88049.0,True,7,7,212
2018-07-31 08:00:00,30.33,30.0,864.0,805.83,169.0,369.0,2.83,52.0,88023.0,True,7,8,212
2018-07-31 09:00:00,31.99,24.0,940.0,825.93,175.0,385.2,3.03,76.0,87970.0,True,7,9,212
2018-07-31 10:00:00,32.67,21.25,957.0,830.8,176.0,389.4,2.97,85.0,87918.0,True,7,10,212
2018-07-31 11:00:00,33.15,19.9,816.0,553.71,316.0,393.25,2.69,86.0,87927.0,True,7,11,212
2018-07-31 12:00:00,33.4,19.1,688.0,437.86,330.0,406.65,2.34,87.0,87848.0,True,7,12,212
2018-07-31 13:00:00,33.57,18.5,412.0,116.0,332.0,403.85,2.55,86.0,87778.0,True,7,13,212
2018-07-31 14:00:00,33.76,18.05,68.0,0.0,68.0,399.05,2.21,103.0,87787.0,True,7,14,212
2018-07-31 15:00:00,32.05,20.9,40.0,0.0,40.0,413.05,0.34,194.0,87892.0,True,7,15,212
2018-07-31 16:00:00,27.04,55.42,26.0,0.0,26.0,407.28,4.06,292.0,87979.0,True,7,16,212
2018-07-31 17:00:00,26.18,55.52,0.0,-0.0,0.0,398.01,4.01,294.0,88137.0,True,7,17,212
2018-07-31 18:00:00,25.33,55.63,0.0,-0.0,0.0,388.74,3.96,315.0,88268.0,True,7,18,212
2018-07-31 19:00:00,24.47,55.73,0.0,-0.0,0.0,379.48,3.91,335.0,88373.0,True,7,19,212
2018-07-31 20:00:00,23.61,55.84,0.0,-0.0,0.0,370.21,3.86,329.0,88381.0,True,7,20,212
2018-07-31 21:00:00,22.75,55.94,0.0,-0.0,0.0,360.94,3.8,319.0,88381.0,True,7,21,212
2018-07-31 22:00:00,21.89,56.04,0.0,-0.0,0.0,351.67,3.75,314.0,88390.0,True,7,22,212
2018-07-31 23:00:00,21.03,56.15,0.0,-0.0,0.0,342.4,3.7,314.0,88364.0,True,7,23,212
2008-08-01 00:00:00,20.18,56.25,0.0,-0.0,0.0,333.13,3.65,27.0,88705.0,True,8,0,214
2008-08-01 01:00:00,19.32,56.36,0.0,-0.0,0.0,323.87,3.59,23.0,88731.0,True,8,1,214
2008-08-01 02:00:00,18.46,56.46,0.0,-0.0,0.0,314.6,3.54,16.0,88740.0,True,8,2,214
2008-08-01 03:00:00,17.6,56.56,0.0,0.0,0.0,305.33,3.49,4.0,88757.0,True,8,3,214
2008-08-01 04:00:00,16.74,56.67,189.0,526.23,66.0,296.06,3.44,356.0,88801.0,True,8,4,214
2008-08-01 05:00:00,15.88,56.77,391.0,676.12,103.0,286.79,3.38,12.0,88775.0,True,8,5,214
2008-08-01 06:00:00,15.02,56.88,595.0,797.35,115.0,277.53,3.33,15.0,88775.0,True,8,6,214
2008-08-01 07:00:00,14.17,56.98,764.0,834.85,138.0,268.26,3.28,18.0,88749.0,True,8,7,214
2008-08-01 08:00:00,22.12,28.5,896.0,876.17,143.0,300.6,5.24,20.0,88705.0,True,8,8,214
2008-08-01 09:00:00,23.79,24.2,975.0,897.89,146.0,305.6,5.59,22.0,88635.0,True,8,9,214
2008-08-01 10:00:00,25.19,21.7,1002.0,936.99,124.0,310.6,5.93,23.0,88591.0,True,8,10,214
2008-08-01 11:00:00,26.23,20.75,957.0,924.65,125.0,315.6,6.07,25.0,88521.0,True,8,11,214
2008-08-01 12:00:00,26.94,20.8,856.0,911.47,114.0,320.0,6.0,26.0,88478.0,True,8,12,214
2008-08-01 13:00:00,27.33,21.25,693.0,826.9,126.0,324.2,5.93,27.0,88434.0,True,8,13,214
2008-08-01 14:00:00,27.31,22.25,496.0,703.05,128.0,326.6,5.79,27.0,88399.0,True,8,14,214
2008-08-01 15:00:00,26.94,23.6,288.0,546.78,103.0,327.2,5.59,26.0,88399.0,True,8,15,214
2008-08-01 16:00:00,26.21,25.5,96.0,314.62,51.0,326.8,5.24,26.0,88399.0,True,8,16,214
2008-08-01 17:00:00,24.99,27.95,0.0,-0.0,0.0,324.8,4.0,20.0,88408.0,True,8,17,214
2008-08-01 18:00:00,23.86,30.15,0.0,-0.0,0.0,322.6,3.86,14.0,88469.0,True,8,18,214
2008-08-01 19:00:00,22.71,29.9,0.0,-0.0,0.0,316.0,3.79,16.0,88504.0,True,8,19,214
2008-08-01 20:00:00,21.79,32.2,0.0,-0.0,0.0,313.8,3.86,24.0,88539.0,True,8,20,214
2008-08-01 21:00:00,20.79,36.3,0.0,-0.0,0.0,311.2,4.07,36.0,88583.0,True,8,21,214
2008-08-01 22:00:00,19.63,42.45,0.0,-0.0,0.0,307.8,4.14,42.0,88652.0,True,8,22,214
2008-08-01 23:00:00,18.38,49.15,0.0,-0.0,0.0,303.8,3.86,36.0,88670.0,True,8,23,214
2008-08-02 00:00:00,17.21,55.25,0.0,-0.0,0.0,300.0,3.79,28.0,88687.0,True,8,0,215
2008-08-02 01:00:00,16.2,60.5,0.0,-0.0,0.0,296.0,3.66,22.0,88714.0,True,8,1,215
2008-08-02 02:00:00,15.31,65.35,0.0,-0.0,0.0,293.0,3.45,17.0,88740.0,True,8,2,215
2008-08-02 03:00:00,14.6,70.05,0.0,0.0,0.0,293.2,3.17,12.0,88749.0,True,8,3,215
2008-08-02 04:00:00,14.92,70.65,173.0,401.9,80.0,293.6,2.9,9.0,88801.0,True,8,4,215
2008-08-02 05:00:00,16.4,67.15,366.0,549.68,133.0,300.6,4.34,27.0,88784.0,True,8,5,215
2008-08-02 06:00:00,17.8,61.45,424.0,234.94,283.0,336.2,4.34,32.0,88766.0,True,8,6,215
2008-08-02 07:00:00,19.88,54.3,598.0,351.53,335.0,327.4,4.41,29.0,88722.0,True,8,7,215
2008-08-02 08:00:00,21.79,47.2,899.0,892.93,133.0,331.0,4.62,30.0,88679.0,True,8,8,215
2008-08-02 09:00:00,23.44,42.3,973.0,897.22,146.0,331.0,4.83,31.0,88626.0,True,8,9,215
2008-08-02 10:00:00,24.92,38.1,1001.0,936.43,125.0,337.2,5.1,32.0,88556.0,True,8,10,215
2008-08-02 11:00:00,26.09,34.7,960.0,941.98,114.0,340.8,5.17,32.0,88513.0,True,8,11,215
2008-08-02 12:00:00,26.98,31.85,863.0,944.35,96.0,346.0,5.03,31.0,88451.0,True,8,12,215
2008-08-02 13:00:00,27.54,29.6,699.0,857.23,113.0,343.6,4.9,31.0,88390.0,True,8,13,215
2008-08-02 14:00:00,27.65,28.6,504.0,758.06,109.0,343.4,4.76,29.0,88355.0,True,8,14,215
2008-08-02 15:00:00,27.34,28.5,293.0,598.77,92.0,341.6,4.55,28.0,88320.0,True,8,15,215
2008-08-02 16:00:00,26.65,29.25,96.0,342.63,48.0,338.2,4.28,28.0,88311.0,True,8,16,215
2008-08-02 17:00:00,25.43,31.45,0.0,-0.0,0.0,334.2,3.03,26.0,88320.0,True,8,17,215
2008-08-02 18:00:00,24.19,34.05,0.0,-0.0,0.0,330.0,2.55,19.0,88346.0,True,8,18,215
2008-08-02 19:00:00,23.14,36.25,0.0,-0.0,0.0,327.2,2.48,14.0,88390.0,True,8,19,215
2008-08-02 20:00:00,22.04,39.3,0.0,-0.0,0.0,324.8,2.62,18.0,88381.0,True,8,20,215
2008-08-02 21:00:00,21.04,43.35,0.0,-0.0,0.0,322.2,2.83,30.0,88425.0,True,8,21,215
2008-08-02 22:00:00,19.94,48.25,0.0,-0.0,0.0,318.8,2.69,40.0,88434.0,True,8,22,215
2008-08-02 23:00:00,18.7,52.65,0.0,-0.0,0.0,314.6,2.41,36.0,88434.0,True,8,23,215
2008-08-03 00:00:00,17.53,56.25,0.0,-0.0,0.0,309.8,2.28,26.0,88434.0,True,8,0,216
2008-08-03 01:00:00,16.52,59.1,0.0,-0.0,0.0,305.2,2.28,15.0,88451.0,True,8,1,216
2008-08-03 02:00:00,15.61,61.35,0.0,-0.0,0.0,300.6,2.34,3.0,88451.0,True,8,2,216
2008-08-03 03:00:00,14.84,63.6,0.0,0.0,0.0,296.4,2.41,354.0,88495.0,True,8,3,216
2008-08-03 04:00:00,15.32,61.3,176.0,445.33,74.0,294.2,2.28,351.0,88530.0,True,8,4,216
2008-08-03 05:00:00,17.64,50.95,386.0,673.31,102.0,296.4,3.31,8.0,88530.0,True,8,5,216
2008-08-03 06:00:00,19.31,46.05,591.0,795.62,115.0,301.6,3.52,15.0,88504.0,True,8,6,216
2008-08-03 07:00:00,21.49,38.7,764.0,850.68,129.0,307.6,4.0,21.0,88486.0,True,8,7,216
2008-08-03 08:00:00,23.34,33.4,898.0,892.27,134.0,314.2,4.28,25.0,88443.0,True,8,8,216
2008-08-03 09:00:00,24.98,29.3,971.0,897.67,145.0,321.0,4.34,26.0,88346.0,True,8,9,216
2008-08-03 10:00:00,26.37,26.2,994.0,918.79,136.0,326.2,4.28,25.0,88303.0,True,8,10,216
2008-08-03 11:00:00,27.46,23.8,953.0,923.74,125.0,331.0,4.14,24.0,88233.0,True,8,11,216
2008-08-03 12:00:00,28.23,22.25,857.0,926.86,106.0,334.0,3.93,24.0,88172.0,True,8,12,216
2008-08-03 13:00:00,28.68,21.05,693.0,840.89,120.0,336.0,3.72,24.0,88119.0,True,8,13,216
2008-08-03 14:00:00,28.74,20.5,493.0,715.36,122.0,335.6,3.59,24.0,88102.0,True,8,14,216
2008-08-03 15:00:00,28.36,20.7,289.0,585.67,94.0,333.8,3.52,25.0,88067.0,True,8,15,216
2008-08-03 16:00:00,27.59,21.7,92.0,321.01,48.0,330.6,3.38,28.0,88049.0,True,8,16,216
2008-08-03 17:00:00,26.07,24.4,0.0,-0.0,0.0,326.4,2.34,36.0,88067.0,True,8,17,216
2008-08-03 18:00:00,24.71,27.35,0.0,-0.0,0.0,321.8,1.79,37.0,88137.0,True,8,18,216
2008-08-03 19:00:00,23.42,32.9,0.0,-0.0,0.0,320.0,1.24,17.0,88163.0,True,8,19,216
2008-08-03 20:00:00,22.04,35.75,0.0,-0.0,0.0,318.0,1.45,315.0,88172.0,True,8,20,216
2008-08-03 21:00:00,20.24,38.8,0.0,-0.0,0.0,316.0,2.0,298.0,88154.0,True,8,21,216
2008-08-03 22:00:00,19.12,40.25,0.0,-0.0,0.0,314.6,2.21,298.0,88172.0,True,8,22,216
2008-08-03 23:00:00,18.27,41.15,0.0,-0.0,0.0,313.0,2.28,309.0,88154.0,True,8,23,216
2008-08-04 00:00:00,17.6,41.05,0.0,-0.0,0.0,311.0,2.55,321.0,88137.0,True,8,0,217
2008-08-04 01:00:00,16.98,42.1,0.0,-0.0,0.0,309.2,2.62,328.0,88180.0,True,8,1,217
2008-08-04 02:00:00,16.37,44.1,0.0,-0.0,0.0,308.0,2.69,328.0,88198.0,True,8,2,217
2008-08-04 03:00:00,15.76,47.25,0.0,0.0,0.0,307.0,2.55,326.0,88241.0,True,8,3,217
2008-08-04 04:00:00,16.31,49.2,180.0,507.34,65.0,307.2,2.21,328.0,88294.0,True,8,4,217
2008-08-04 05:00:00,20.07,44.6,386.0,683.85,99.0,311.4,2.34,342.0,88303.0,True,8,5,217
2008-08-04 06:00:00,22.08,48.3,586.0,781.37,120.0,318.4,3.1,14.0,88311.0,True,8,6,217
2008-08-04 07:00:00,24.14,41.8,758.0,833.86,137.0,330.0,3.86,27.0,88303.0,True,8,7,217
2008-08-04 08:00:00,25.67,37.5,891.0,875.25,143.0,338.2,4.07,29.0,88241.0,True,8,8,217
2008-08-04 09:00:00,27.01,32.95,964.0,880.75,155.0,344.6,4.21,28.0,88189.0,True,8,9,217
2008-08-04 10:00:00,27.97,29.5,971.0,852.86,176.0,349.4,4.21,27.0,88154.0,True,8,10,217
2008-08-04 11:00:00,28.88,26.85,827.0,567.89,319.0,357.4,4.14,27.0,88093.0,True,8,11,217
2008-08-04 12:00:00,29.51,25.0,823.0,814.1,165.0,356.2,3.93,25.0,88040.0,True,8,12,217
2008-08-04 13:00:00,29.85,23.85,686.0,824.54,126.0,356.2,3.86,24.0,87997.0,True,8,13,217
2008-08-04 14:00:00,29.85,23.55,462.0,581.3,162.0,355.0,3.93,25.0,87979.0,True,8,14,217
2008-08-04 15:00:00,29.5,23.9,278.0,530.1,103.0,352.0,3.93,29.0,87970.0,True,8,15,217
2008-08-04 16:00:00,28.79,24.9,80.0,216.49,51.0,349.0,3.79,37.0,87962.0,True,8,16,217
2008-08-04 17:00:00,27.31,27.35,0.0,-0.0,0.0,343.8,2.76,51.0,87988.0,True,8,17,217
2008-08-04 18:00:00,25.96,29.95,0.0,-0.0,0.0,344.2,2.14,56.0,88040.0,True,8,18,217
2008-08-04 19:00:00,24.69,33.05,0.0,-0.0,0.0,347.6,1.38,27.0,88075.0,True,8,19,217
2008-08-04 20:00:00,23.32,37.05,0.0,-0.0,0.0,337.0,1.52,334.0,88084.0,True,8,20,217
2008-08-04 21:00:00,21.78,39.75,0.0,-0.0,0.0,334.2,2.0,314.0,88093.0,True,8,21,217
2008-08-04 22:00:00,20.63,42.05,0.0,-0.0,0.0,329.4,2.14,323.0,88110.0,True,8,22,217
2008-08-04 23:00:00,19.95,45.05,0.0,-0.0,0.0,327.4,2.55,359.0,88163.0,True,8,23,217
2008-08-05 00:00:00,19.41,50.95,0.0,-0.0,0.0,325.2,2.83,20.0,88189.0,True,8,0,218
2008-08-05 01:00:00,18.63,57.85,0.0,-0.0,0.0,324.45,2.69,14.0,88233.0,True,8,1,218
2008-08-05 02:00:00,17.82,64.65,0.0,-0.0,0.0,320.8,2.55,1.0,88250.0,True,8,2,218
2008-08-05 03:00:00,17.11,70.65,0.0,0.0,0.0,318.2,2.48,349.0,88294.0,True,8,3,218
2008-08-05 04:00:00,17.56,71.4,177.0,494.9,66.0,316.6,2.28,346.0,88338.0,True,8,4,218
2008-08-05 05:00:00,20.05,61.75,380.0,658.59,105.0,319.8,3.17,9.0,88338.0,True,8,5,218
2008-08-05 06:00:00,21.82,50.8,584.0,780.52,120.0,325.0,3.66,21.0,88311.0,True,8,6,218
2008-08-05 07:00:00,24.05,37.6,757.0,833.14,138.0,330.8,4.34,28.0,88294.0,True,8,7,218
2008-08-05 08:00:00,25.69,31.35,890.0,875.79,143.0,335.0,4.69,31.0,88250.0,True,8,8,218
2008-08-05 09:00:00,27.04,27.1,968.0,896.52,146.0,338.6,4.97,31.0,88189.0,True,8,9,218
2008-08-05 10:00:00,28.18,22.85,990.0,918.93,135.0,339.8,5.03,31.0,88180.0,True,8,10,218
2008-08-05 11:00:00,29.07,19.75,939.0,890.59,144.0,340.0,4.9,32.0,88145.0,True,8,11,218
2008-08-05 12:00:00,29.65,17.75,839.0,876.98,132.0,339.8,4.76,31.0,88084.0,True,8,12,218
2008-08-05 13:00:00,29.96,16.5,677.0,793.39,140.0,339.0,4.55,29.0,88058.0,True,8,13,218
2008-08-05 14:00:00,29.92,15.85,483.0,685.53,131.0,337.0,4.41,27.0,88040.0,True,8,14,218
2008-08-05 15:00:00,29.54,15.8,278.0,550.1,98.0,334.6,4.21,27.0,88014.0,True,8,15,218
2008-08-05 16:00:00,28.81,16.45,85.0,290.62,47.0,331.4,3.72,30.0,88014.0,True,8,16,218
2008-08-05 17:00:00,27.2,18.4,0.0,-0.0,0.0,327.2,2.48,37.0,88032.0,True,8,17,218
2008-08-05 18:00:00,25.73,20.5,0.0,-0.0,0.0,323.0,1.93,38.0,88075.0,True,8,18,218
2008-08-05 19:00:00,24.05,25.25,0.0,-0.0,0.0,319.0,1.45,7.0,88102.0,True,8,19,218
2008-08-05 20:00:00,22.66,27.3,0.0,-0.0,0.0,316.8,1.66,333.0,88102.0,True,8,20,218
2008-08-05 21:00:00,21.25,29.45,0.0,-0.0,0.0,315.0,2.0,330.0,88110.0,True,8,21,218
2008-08-05 22:00:00,20.14,32.25,0.0,-0.0,0.0,313.8,2.21,356.0,88128.0,True,8,22,218
2008-08-05 23:00:00,19.03,38.45,0.0,-0.0,0.0,313.0,2.28,12.0,88154.0,True,8,23,218
2008-08-06 00:00:00,17.96,45.9,0.0,-0.0,0.0,312.2,2.34,1.0,88180.0,True,8,0,219
2008-08-06 01:00:00,17.08,53.85,0.0,-0.0,0.0,310.65,2.41,353.0,88207.0,True,8,1,219
2008-08-06 02:00:00,16.35,61.55,0.0,-0.0,0.0,309.0,2.34,341.0,88241.0,True,8,2,219
2008-08-06 03:00:00,15.69,68.65,0.0,0.0,0.0,307.2,2.28,333.0,88285.0,True,8,3,219
2008-08-06 04:00:00,16.23,70.55,173.0,473.22,68.0,306.6,1.93,332.0,88338.0,True,8,4,219
2008-08-06 05:00:00,19.92,57.3,380.0,669.21,102.0,310.2,2.21,352.0,88329.0,True,8,5,219
2008-08-06 06:00:00,21.98,49.55,585.0,793.19,115.0,317.4,2.9,17.0,88320.0,True,8,6,219
2008-08-06 07:00:00,24.1,43.25,755.0,833.79,137.0,329.0,3.66,24.0,88294.0,True,8,7,219
2008-08-06 08:00:00,25.92,35.35,892.0,891.65,133.0,335.8,4.28,25.0,88250.0,True,8,8,219
2008-08-06 09:00:00,27.47,28.85,966.0,897.1,145.0,341.6,5.03,23.0,88172.0,True,8,9,219
2008-08-06 10:00:00,28.73,23.2,988.0,918.54,135.0,344.8,5.38,22.0,88154.0,True,8,10,219
2008-08-06 11:00:00,29.72,19.35,942.0,905.99,135.0,344.8,5.45,23.0,88058.0,True,8,11,219
2008-08-06 12:00:00,30.5,16.7,846.0,909.17,115.0,344.8,5.38,24.0,88023.0,True,8,12,219
2008-08-06 13:00:00,30.87,15.35,681.0,822.91,126.0,344.0,5.24,26.0,87953.0,True,8,13,219
2008-08-06 14:00:00,30.88,14.55,485.0,712.64,121.0,342.0,5.03,29.0,87935.0,True,8,14,219
2008-08-06 15:00:00,30.53,14.2,277.0,558.26,96.0,338.8,4.76,31.0,87927.0,True,8,15,219
2008-08-06 16:00:00,29.74,14.3,84.0,305.95,45.0,335.0,4.07,36.0,87935.0,True,8,16,219
2008-08-06 17:00:00,27.96,15.65,0.0,-0.0,0.0,329.2,2.55,45.0,87944.0,True,8,17,219
2008-08-06 18:00:00,26.38,17.3,0.0,-0.0,0.0,322.8,1.93,36.0,87970.0,True,8,18,219
2008-08-06 19:00:00,24.4,20.9,0.0,-0.0,0.0,318.0,1.86,360.0,88005.0,True,8,19,219
2008-08-06 20:00:00,22.66,23.45,0.0,-0.0,0.0,315.2,2.14,343.0,88014.0,True,8,20,219
2008-08-06 21:00:00,21.38,25.2,0.0,-0.0,0.0,313.0,2.55,355.0,88040.0,True,8,21,219
2008-08-06 22:00:00,20.37,27.65,0.0,-0.0,0.0,310.6,2.9,15.0,88137.0,True,8,22,219
2008-08-06 23:00:00,19.51,30.85,0.0,-0.0,0.0,307.4,3.1,18.0,88189.0,True,8,23,219
2008-08-07 00:00:00,18.73,34.85,0.0,-0.0,0.0,304.6,3.17,13.0,88259.0,True,8,0,220
2008-08-07 01:00:00,17.91,38.9,0.0,-0.0,0.0,301.4,3.17,3.0,88294.0,True,8,1,220
2008-08-07 02:00:00,17.16,42.45,0.0,-0.0,0.0,298.2,3.1,354.0,88346.0,True,8,2,220
2008-08-07 03:00:00,16.49,45.5,0.0,0.0,0.0,296.2,3.1,348.0,88346.0,True,8,3,220
2008-08-07 04:00:00,16.9,45.0,177.0,528.55,61.0,296.2,2.97,346.0,88381.0,True,8,4,220
2008-08-07 05:00:00,19.53,38.35,377.0,667.86,101.0,300.2,3.93,359.0,88390.0,True,8,5,220
2008-08-07 06:00:00,21.3,34.65,580.0,778.88,120.0,306.6,4.69,16.0,88355.0,True,8,6,220
2008-08-07 07:00:00,23.02,31.95,749.0,816.9,145.0,314.8,4.97,22.0,88320.0,True,8,7,220
2008-08-07 08:00:00,24.75,27.85,886.0,874.64,143.0,322.2,5.17,26.0,88259.0,True,8,8,220
2008-08-07 09:00:00,26.38,24.45,959.0,880.21,155.0,329.6,5.38,26.0,88189.0,True,8,9,220
2008-08-07 10:00:00,27.75,22.2,986.0,918.21,135.0,335.0,5.59,25.0,88154.0,True,8,10,220
2008-08-07 11:00:00,28.83,21.0,940.0,905.78,135.0,340.2,5.66,24.0,88084.0,True,8,11,220
2008-08-07 12:00:00,29.59,20.35,834.0,875.52,132.0,343.8,5.66,24.0,88023.0,True,8,12,220
2008-08-07 13:00:00,29.96,20.1,109.0,0.0,109.0,346.8,5.52,25.0,87970.0,True,8,13,220
2008-08-07 14:00:00,29.91,20.3,472.0,657.48,138.0,347.4,5.31,27.0,87927.0,True,8,14,220
2008-08-07 15:00:00,29.51,20.95,275.0,566.73,93.0,346.6,4.97,28.0,87892.0,True,8,15,220
2008-08-07 16:00:00,28.77,22.1,81.0,306.2,43.0,344.2,4.41,29.0,87866.0,True,8,16,220
2008-08-07 17:00:00,27.26,24.65,0.0,-0.0,0.0,341.2,2.9,28.0,87892.0,True,8,17,220
2008-08-07 18:00:00,25.93,27.25,0.0,-0.0,0.0,337.4,2.48,19.0,87953.0,True,8,18,220
2008-08-07 19:00:00,24.48,28.7,0.0,-0.0,0.0,330.8,2.48,6.0,87979.0,True,8,19,220
2008-08-07 20:00:00,23.15,31.5,0.0,-0.0,0.0,329.2,2.48,354.0,88005.0,True,8,20,220
2008-08-07 21:00:00,22.02,34.1,0.0,-0.0,0.0,326.4,2.76,0.0,88014.0,True,8,21,220
2008-08-07 22:00:00,21.19,39.3,0.0,-0.0,0.0,324.6,3.38,24.0,88075.0,True,8,22,220
2008-08-07 23:00:00,20.07,50.0,0.0,-0.0,0.0,323.4,3.59,27.0,88145.0,True,8,23,220
2008-08-08 00:00:00,18.88,60.7,0.0,-0.0,0.0,320.6,3.66,20.0,88180.0,True,8,0,221
2008-08-08 01:00:00,17.78,69.1,0.0,-0.0,0.0,316.85,3.31,11.0,88224.0,True,8,1,221
2008-08-08 02:00:00,16.93,75.25,0.0,-0.0,0.0,312.6,3.03,4.0,88250.0,True,8,2,221
2008-08-08 03:00:00,16.19,79.95,0.0,0.0,0.0,309.6,2.83,359.0,88285.0,True,8,3,221
2008-08-08 04:00:00,16.35,79.45,165.0,433.1,71.0,308.0,2.55,358.0,88311.0,True,8,4,221
2008-08-08 05:00:00,17.6,71.85,369.0,630.04,110.0,312.4,3.31,15.0,88329.0,True,8,5,221
2008-08-08 06:00:00,19.16,62.85,575.0,762.8,126.0,316.2,3.31,19.0,88303.0,True,8,6,221
2008-08-08 07:00:00,21.29,51.65,751.0,832.49,137.0,320.0,3.59,23.0,88276.0,True,8,7,221
2008-08-08 08:00:00,23.19,41.9,889.0,890.62,134.0,325.8,3.93,24.0,88233.0,True,8,8,221
2008-08-08 09:00:00,24.82,34.9,962.0,896.2,145.0,330.8,4.14,23.0,88163.0,True,8,9,221
2008-08-08 10:00:00,26.21,29.35,984.0,917.92,135.0,334.2,4.21,22.0,88119.0,True,8,10,221
2008-08-08 11:00:00,27.34,24.9,938.0,905.62,135.0,336.2,4.21,22.0,88067.0,True,8,11,221
2008-08-08 12:00:00,28.12,21.9,836.0,891.78,123.0,336.6,4.14,23.0,88005.0,True,8,12,221
2008-08-08 13:00:00,28.5,20.15,672.0,806.71,132.0,336.2,4.07,24.0,87979.0,True,8,13,221
2008-08-08 14:00:00,28.49,19.6,474.0,682.98,129.0,334.8,4.0,24.0,87970.0,True,8,14,221
2008-08-08 15:00:00,28.08,19.85,271.0,553.5,95.0,332.2,3.86,27.0,87962.0,True,8,15,221
2008-08-08 16:00:00,27.2,21.2,78.0,290.1,43.0,328.4,3.45,32.0,87979.0,True,8,16,221
2008-08-08 17:00:00,25.68,23.9,0.0,-0.0,0.0,324.4,2.28,37.0,87988.0,True,8,17,221
2008-08-08 18:00:00,24.33,26.7,0.0,-0.0,0.0,319.6,1.72,30.0,88040.0,True,8,18,221
2008-08-08 19:00:00,22.65,31.8,0.0,-0.0,0.0,317.4,1.45,13.0,88067.0,True,8,19,221
2008-08-08 20:00:00,21.46,35.45,0.0,-0.0,0.0,315.2,1.52,338.0,88075.0,True,8,20,221
2008-08-08 21:00:00,20.17,38.1,0.0,-0.0,0.0,313.4,1.86,331.0,88102.0,True,8,21,221
2008-08-08 22:00:00,19.05,41.0,0.0,-0.0,0.0,310.8,2.0,340.0,88102.0,True,8,22,221
2008-08-08 23:00:00,18.07,44.85,0.0,-0.0,0.0,309.0,2.14,346.0,88102.0,True,8,23,221
2008-08-09 00:00:00,17.15,49.45,0.0,-0.0,0.0,306.6,2.07,341.0,88110.0,True,8,0,222
2008-08-09 01:00:00,16.34,54.5,0.0,-0.0,0.0,304.0,2.0,338.0,88102.0,True,8,1,222
2008-08-09 02:00:00,15.63,59.25,0.0,-0.0,0.0,302.2,1.86,340.0,88128.0,True,8,2,222
2008-08-09 03:00:00,14.88,65.0,0.0,0.0,0.0,300.2,1.93,339.0,88154.0,True,8,3,222
2008-08-09 04:00:00,15.28,67.0,171.0,517.24,60.0,299.6,1.66,337.0,88198.0,True,8,4,222
2008-08-09 05:00:00,18.8,55.95,375.0,677.43,98.0,303.4,1.59,354.0,88224.0,True,8,5,222
2008-08-09 06:00:00,21.25,45.75,582.0,806.3,109.0,310.2,1.66,15.0,88207.0,True,8,6,222
2008-08-09 07:00:00,23.79,35.3,753.0,846.83,130.0,321.6,1.93,28.0,88180.0,True,8,7,222
2008-08-09 08:00:00,25.82,28.25,882.0,873.61,143.0,328.8,2.41,28.0,88119.0,True,8,8,222
2008-08-09 09:00:00,27.52,23.9,961.0,895.81,146.0,334.6,2.69,25.0,88040.0,True,8,9,222
2008-08-09 10:00:00,28.86,20.8,982.0,917.68,135.0,339.0,2.83,25.0,88032.0,True,8,10,222
2008-08-09 11:00:00,29.86,18.35,936.0,905.53,135.0,342.2,2.69,26.0,87935.0,True,8,11,222
2008-08-09 12:00:00,30.56,16.75,834.0,890.65,124.0,344.0,2.48,24.0,87892.0,True,8,12,222
2008-08-09 13:00:00,30.96,15.85,673.0,820.4,126.0,344.6,2.48,20.0,87848.0,True,8,13,222
2008-08-09 14:00:00,31.1,15.35,474.0,694.94,125.0,343.2,2.55,19.0,87813.0,True,8,14,222
2008-08-09 15:00:00,30.84,15.35,266.0,540.15,96.0,341.4,2.62,22.0,87787.0,True,8,15,222
2008-08-09 16:00:00,30.11,16.0,74.0,273.25,42.0,337.8,2.55,34.0,87787.0,True,8,16,222
2008-08-09 17:00:00,28.35,18.1,0.0,-0.0,0.0,332.6,2.21,64.0,87787.0,True,8,17,222
2008-08-09 18:00:00,26.55,20.55,0.0,-0.0,0.0,329.0,1.66,88.0,87848.0,True,8,18,222
2008-08-09 19:00:00,25.61,24.8,0.0,-0.0,0.0,325.8,0.97,124.0,87866.0,True,8,19,222
2008-08-09 20:00:00,24.11,26.15,0.0,-0.0,0.0,323.0,1.24,196.0,87900.0,True,8,20,222
2008-08-09 21:00:00,21.85,29.85,0.0,-0.0,0.0,320.8,1.93,230.0,87892.0,True,8,21,222
2008-08-09 22:00:00,20.47,32.1,0.0,-0.0,0.0,319.0,2.21,250.0,87953.0,True,8,22,222
2008-08-09 23:00:00,19.45,34.2,0.0,-0.0,0.0,317.6,2.21,263.0,87918.0,True,8,23,222
2008-08-10 00:00:00,18.61,36.1,0.0,-0.0,0.0,316.0,2.14,279.0,87918.0,True,8,0,223
2008-08-10 01:00:00,17.82,37.8,0.0,-0.0,0.0,314.05,2.34,297.0,87935.0,True,8,1,223
2008-08-10 02:00:00,17.2,39.9,0.0,-0.0,0.0,312.4,2.48,307.0,87962.0,True,8,2,223
2008-08-10 03:00:00,16.83,44.2,0.0,0.0,0.0,311.6,2.69,314.0,88005.0,True,8,3,223
2008-08-10 04:00:00,17.25,49.4,163.0,461.95,65.0,311.6,2.28,318.0,88049.0,True,8,4,223
2008-08-10 05:00:00,21.16,43.7,364.0,627.01,109.0,315.8,2.34,328.0,88075.0,True,8,5,223
2008-08-10 06:00:00,24.25,37.45,570.0,761.18,125.0,322.8,2.69,338.0,88067.0,True,8,6,223
2008-08-10 07:00:00,26.33,30.4,747.0,831.29,137.0,331.8,2.41,347.0,88023.0,True,8,7,223
2008-08-10 08:00:00,28.21,25.25,875.0,857.75,151.0,339.2,2.0,352.0,88005.0,True,8,8,223
2008-08-10 09:00:00,29.75,21.2,953.0,878.94,155.0,346.8,1.38,355.0,87953.0,True,8,9,223
2008-08-10 10:00:00,31.0,18.3,970.0,883.84,156.0,353.0,1.03,358.0,87918.0,True,8,10,223
2008-08-10 11:00:00,31.94,16.65,933.0,905.51,134.0,357.4,0.97,357.0,87831.0,True,8,11,223
2008-08-10 12:00:00,32.59,15.65,822.0,858.14,140.0,358.4,1.03,355.0,87752.0,True,8,12,223
2008-08-10 13:00:00,32.92,15.05,656.0,760.5,151.0,360.8,1.24,360.0,87691.0,True,8,13,223
2008-08-10 14:00:00,32.95,14.55,468.0,681.12,128.0,362.4,1.45,2.0,87664.0,True,8,14,223
2008-08-10 15:00:00,32.69,14.45,263.0,536.29,96.0,358.0,1.52,11.0,87629.0,True,8,15,223
2008-08-10 16:00:00,32.06,14.6,74.0,317.21,38.0,364.0,1.59,18.0,87621.0,True,8,16,223
2008-08-10 17:00:00,30.42,15.55,0.0,-0.0,0.0,352.2,1.38,20.0,87647.0,True,8,17,223
2008-08-10 18:00:00,28.27,17.35,0.0,-0.0,0.0,341.2,1.52,358.0,87726.0,True,8,18,223
2008-08-10 19:00:00,26.55,18.9,0.0,-0.0,0.0,335.6,1.66,350.0,87796.0,True,8,19,223
2008-08-10 20:00:00,24.48,20.85,0.0,-0.0,0.0,330.8,2.07,339.0,87796.0,True,8,20,223
2008-08-10 21:00:00,23.01,22.45,0.0,-0.0,0.0,326.4,2.07,331.0,87813.0,True,8,21,223
2008-08-10 22:00:00,22.15,23.5,0.0,-0.0,0.0,325.0,2.0,325.0,87813.0,True,8,22,223
2008-08-10 23:00:00,21.84,23.7,0.0,-0.0,0.0,323.6,1.86,318.0,87778.0,True,8,23,223
2008-08-11 00:00:00,21.73,23.95,0.0,-0.0,0.0,323.4,1.66,304.0,87769.0,True,8,0,224
2008-08-11 01:00:00,20.97,26.2,0.0,-0.0,0.0,321.05,1.66,294.0,87743.0,True,8,1,224
2008-08-11 02:00:00,19.88,29.25,0.0,-0.0,0.0,320.0,1.72,294.0,87752.0,True,8,2,224
2008-08-11 03:00:00,19.09,32.35,0.0,0.0,0.0,321.6,1.79,301.0,87752.0,True,8,3,224
2008-08-11 04:00:00,19.13,34.55,148.0,343.38,76.0,319.2,1.66,306.0,87804.0,True,8,4,224
2008-08-11 05:00:00,22.32,32.75,222.0,96.42,183.0,326.4,0.97,324.0,87813.0,True,8,5,224
2008-08-11 06:00:00,25.66,21.3,543.0,652.27,163.0,337.6,0.69,16.0,87804.0,True,8,6,224
2008-08-11 07:00:00,28.9,27.8,741.0,815.71,144.0,349.6,2.69,163.0,87769.0,True,8,7,224
2008-08-11 08:00:00,30.76,21.55,878.0,872.73,143.0,348.8,3.59,167.0,87717.0,True,8,8,224
2008-08-11 09:00:00,32.17,16.7,957.0,895.16,146.0,355.2,4.0,170.0,87664.0,True,8,9,224
2008-08-11 10:00:00,33.09,13.45,973.0,899.96,146.0,362.4,4.14,178.0,87629.0,True,8,10,224
2008-08-11 11:00:00,33.57,11.65,862.0,695.35,250.0,372.6,4.21,190.0,87568.0,True,8,11,224
2008-08-11 12:00:00,33.61,10.85,738.0,594.52,267.0,376.4,4.55,206.0,87568.0,True,8,12,224
2008-08-11 13:00:00,32.79,11.65,653.0,760.68,150.0,374.2,5.31,224.0,87516.0,True,8,13,224
2008-08-11 14:00:00,32.15,13.3,465.0,679.33,128.0,372.6,5.79,236.0,87507.0,True,8,14,224
2008-08-11 15:00:00,30.91,15.4,258.0,526.0,96.0,353.8,5.72,244.0,87568.0,True,8,15,224
2008-08-11 16:00:00,29.43,17.7,74.0,355.23,35.0,349.2,4.9,248.0,87647.0,True,8,16,224
2008-08-11 17:00:00,27.65,20.85,0.0,-0.0,0.0,341.0,3.93,257.0,87734.0,True,8,17,224
2008-08-11 18:00:00,26.15,24.2,0.0,-0.0,0.0,335.2,3.1,273.0,87866.0,True,8,18,224
2008-08-11 19:00:00,24.62,31.95,0.0,-0.0,0.0,339.0,2.55,293.0,87944.0,True,8,19,224
2008-08-11 20:00:00,23.32,37.0,0.0,-0.0,0.0,335.2,2.48,303.0,87979.0,True,8,20,224
2008-08-11 21:00:00,22.12,42.25,0.0,-0.0,0.0,329.0,2.55,308.0,88005.0,True,8,21,224
2008-08-11 22:00:00,21.13,47.0,0.0,-0.0,0.0,326.4,2.76,311.0,88023.0,True,8,22,224
2008-08-11 23:00:00,20.39,50.7,0.0,-0.0,0.0,330.0,2.76,308.0,87979.0,True,8,23,224
2008-08-12 00:00:00,19.66,53.9,0.0,-0.0,0.0,328.2,2.62,307.0,87970.0,True,8,0,225
2008-08-12 01:00:00,18.88,56.7,0.0,-0.0,0.0,322.85,2.69,312.0,87962.0,True,8,1,225
2008-08-12 02:00:00,18.39,58.9,0.0,-0.0,0.0,322.4,2.83,316.0,87979.0,True,8,2,225
2008-08-12 03:00:00,17.96,60.85,0.0,0.0,0.0,321.0,2.97,317.0,88023.0,True,8,3,225
2008-08-12 04:00:00,18.32,59.75,158.0,444.01,66.0,320.2,2.83,319.0,88067.0,True,8,4,225
2008-08-12 05:00:00,20.34,52.55,362.0,636.44,106.0,322.2,3.79,330.0,88093.0,True,8,5,225
2008-08-12 06:00:00,22.22,46.3,566.0,759.65,125.0,329.0,4.28,345.0,88093.0,True,8,6,225
2008-08-12 07:00:00,23.98,43.0,743.0,830.21,137.0,335.4,3.38,350.0,88102.0,True,8,7,225
2008-08-12 08:00:00,25.73,37.35,876.0,872.34,143.0,343.2,3.24,352.0,88110.0,True,8,8,225
2008-08-12 09:00:00,27.02,31.8,949.0,878.31,155.0,351.4,3.1,354.0,88084.0,True,8,9,225
2008-08-12 10:00:00,27.89,28.15,934.0,787.51,212.0,361.0,3.17,354.0,88067.0,True,8,10,225
2008-08-12 11:00:00,28.75,25.1,802.0,542.25,326.0,361.6,3.17,357.0,88032.0,True,8,11,225
2008-08-12 12:00:00,29.35,23.35,774.0,710.42,213.0,365.4,3.24,1.0,87997.0,True,8,12,225
2008-08-12 13:00:00,29.63,22.1,646.0,744.25,156.0,375.0,3.38,4.0,87962.0,True,8,13,225
2008-08-12 14:00:00,29.54,21.4,439.0,572.13,157.0,364.4,3.59,9.0,87962.0,True,8,14,225
2008-08-12 15:00:00,29.19,21.15,264.0,594.44,83.0,364.6,3.79,14.0,87944.0,True,8,15,225
2008-08-12 16:00:00,28.57,21.65,70.0,339.61,34.0,356.2,3.66,16.0,87970.0,True,8,16,225
2008-08-12 17:00:00,27.31,23.3,0.0,-0.0,0.0,347.8,2.76,12.0,87997.0,True,8,17,225
2008-08-12 18:00:00,26.14,25.4,0.0,-0.0,0.0,345.2,3.17,1.0,88075.0,True,8,18,225
2008-08-12 19:00:00,24.84,24.9,0.0,-0.0,0.0,330.6,2.55,341.0,88119.0,True,8,19,225
2008-08-12 20:00:00,23.67,27.25,0.0,-0.0,0.0,335.4,2.83,330.0,88145.0,True,8,20,225
2008-08-12 21:00:00,22.77,29.8,0.0,-0.0,0.0,330.4,3.24,333.0,88163.0,True,8,21,225
2008-08-12 22:00:00,21.98,32.65,0.0,-0.0,0.0,328.8,3.31,336.0,88189.0,True,8,22,225
2008-08-12 23:00:00,21.12,35.75,0.0,-0.0,0.0,326.6,3.1,337.0,88189.0,True,8,23,225
2008-08-13 00:00:00,20.24,38.85,0.0,-0.0,0.0,323.4,2.97,336.0,88198.0,True,8,0,226
2008-08-13 01:00:00,19.5,41.8,0.0,-0.0,0.0,321.65,2.9,335.0,88215.0,True,8,1,226
2008-08-13 02:00:00,18.79,44.7,0.0,-0.0,0.0,320.0,2.83,333.0,88224.0,True,8,2,226
2008-08-13 03:00:00,18.1,47.95,0.0,0.0,0.0,318.8,2.69,330.0,88276.0,True,8,3,226
2008-08-13 04:00:00,18.21,49.6,151.0,400.56,69.0,317.4,2.34,330.0,88346.0,True,8,4,226
2008-08-13 05:00:00,21.11,42.35,357.0,622.52,108.0,320.4,2.76,345.0,88381.0,True,8,5,226
2008-08-13 06:00:00,23.03,39.1,564.0,758.91,125.0,326.2,3.93,11.0,88399.0,True,8,6,226
2008-08-13 07:00:00,24.65,36.85,733.0,799.49,151.0,333.6,4.83,19.0,88381.0,True,8,7,226
2008-08-13 08:00:00,26.19,32.8,865.0,839.78,161.0,340.0,5.38,20.0,88346.0,True,8,8,226
2008-08-13 09:00:00,27.61,28.9,942.0,861.43,165.0,345.0,5.72,20.0,88303.0,True,8,9,226
2008-08-13 10:00:00,28.81,25.85,963.0,882.3,156.0,348.8,5.79,21.0,88259.0,True,8,10,226
2008-08-13 11:00:00,29.76,23.95,901.0,822.44,181.0,352.4,5.72,22.0,88207.0,True,8,11,226
2008-08-13 12:00:00,30.34,23.25,797.0,794.13,172.0,354.6,5.59,24.0,88154.0,True,8,12,226
2008-08-13 13:00:00,30.59,23.35,643.0,744.54,155.0,356.6,5.31,27.0,88110.0,True,8,13,226
2008-08-13 14:00:00,30.48,23.95,450.0,637.22,138.0,357.0,4.97,28.0,88084.0,True,8,14,226
2008-08-13 15:00:00,30.1,24.85,252.0,528.4,93.0,356.0,4.69,28.0,88075.0,True,8,15,226
2008-08-13 16:00:00,29.38,26.25,63.0,264.33,36.0,352.2,4.07,28.0,88067.0,True,8,16,226
2008-08-13 17:00:00,27.95,28.85,0.0,-0.0,0.0,349.0,2.76,20.0,88110.0,True,8,17,226
2008-08-13 18:00:00,26.76,31.0,0.0,-0.0,0.0,345.8,2.62,4.0,88145.0,True,8,18,226
2008-08-13 19:00:00,26.06,32.6,0.0,-0.0,0.0,350.4,3.17,10.0,88163.0,True,8,19,226
2008-08-13 20:00:00,25.29,34.45,0.0,-0.0,0.0,345.6,3.93,32.0,88207.0,True,8,20,226
2008-08-13 21:00:00,24.29,38.3,0.0,-0.0,0.0,341.8,4.21,47.0,88276.0,True,8,21,226
2008-08-13 22:00:00,23.06,43.85,0.0,-0.0,0.0,337.8,3.72,43.0,88329.0,True,8,22,226
2008-08-13 23:00:00,21.84,50.4,0.0,-0.0,0.0,332.6,3.24,29.0,88355.0,True,8,23,226
2008-08-14 00:00:00,20.78,57.05,0.0,-0.0,0.0,328.2,3.1,16.0,88373.0,True,8,0,227
2008-08-14 01:00:00,19.78,62.8,0.0,-0.0,0.0,324.85,2.97,5.0,88364.0,True,8,1,227
2008-08-14 02:00:00,18.96,67.75,0.0,-0.0,0.0,323.0,2.76,354.0,88381.0,True,8,2,227
2008-08-14 03:00:00,18.22,71.6,0.0,0.0,0.0,320.8,2.62,343.0,88425.0,True,8,3,227
2008-08-14 04:00:00,18.36,71.3,142.0,336.27,74.0,319.4,2.55,342.0,88451.0,True,8,4,227
2008-08-14 05:00:00,20.43,62.4,351.0,598.41,113.0,322.6,3.66,358.0,88486.0,True,8,5,227
2008-08-14 06:00:00,22.07,55.1,562.0,758.2,125.0,327.0,4.34,14.0,88486.0,True,8,6,227
2008-08-14 07:00:00,24.0,47.9,734.0,814.09,143.0,335.6,4.34,17.0,88469.0,True,8,7,227
2008-08-14 08:00:00,25.83,39.85,877.0,888.41,134.0,342.8,4.62,21.0,88399.0,True,8,8,227
2008-08-14 09:00:00,27.44,32.95,945.0,877.85,155.0,348.2,4.9,23.0,88329.0,True,8,9,227
2008-08-14 10:00:00,28.75,27.45,961.0,882.25,156.0,356.2,5.03,24.0,88285.0,True,8,10,227
2008-08-14 11:00:00,29.68,23.85,909.0,854.52,163.0,357.4,5.03,26.0,88198.0,True,8,11,227
2008-08-14 12:00:00,30.26,21.5,807.0,840.22,148.0,354.4,4.83,27.0,88145.0,True,8,12,227
2008-08-14 13:00:00,30.52,20.0,644.0,757.19,150.0,354.2,4.55,26.0,88102.0,True,8,13,227
2008-08-14 14:00:00,30.47,19.2,457.0,686.84,123.0,352.2,4.34,26.0,88058.0,True,8,14,227
2008-08-14 15:00:00,30.08,19.1,253.0,558.44,87.0,349.2,4.07,28.0,88023.0,True,8,15,227
2008-08-14 16:00:00,29.31,19.9,63.0,305.49,33.0,345.8,3.52,33.0,88023.0,True,8,16,227
2008-08-14 17:00:00,27.73,22.15,0.0,-0.0,0.0,340.6,2.21,39.0,88032.0,True,8,17,227
2008-08-14 18:00:00,26.36,24.55,0.0,-0.0,0.0,336.2,1.66,31.0,88067.0,True,8,18,227
2008-08-14 19:00:00,24.86,29.95,0.0,-0.0,0.0,333.0,1.24,346.0,88067.0,True,8,19,227
2008-08-14 20:00:00,23.02,32.45,0.0,-0.0,0.0,330.2,1.79,302.0,88075.0,True,8,20,227
2008-08-14 21:00:00,21.63,34.35,0.0,-0.0,0.0,327.2,2.14,288.0,88040.0,True,8,21,227
2008-08-14 22:00:00,20.6,36.0,0.0,-0.0,0.0,328.6,2.28,292.0,88040.0,True,8,22,227
2008-08-14 23:00:00,19.64,37.35,0.0,-0.0,0.0,321.8,2.48,307.0,88049.0,True,8,23,227
2008-08-15 00:00:00,18.94,38.7,0.0,-0.0,0.0,318.8,2.76,319.0,88049.0,True,8,0,228
2008-08-15 01:00:00,18.52,41.1,0.0,-0.0,0.0,316.45,2.97,323.0,88084.0,True,8,1,228
2008-08-15 02:00:00,18.05,45.0,0.0,-0.0,0.0,314.6,3.1,324.0,88084.0,True,8,2,228
2008-08-15 03:00:00,17.61,50.35,0.0,0.0,0.0,314.0,3.1,327.0,88110.0,True,8,3,228
2008-08-15 04:00:00,17.9,53.55,143.0,370.54,69.0,314.0,2.9,330.0,88163.0,True,8,4,228
2008-08-15 05:00:00,20.44,49.2,347.0,584.15,116.0,318.6,3.52,340.0,88163.0,True,8,5,228
2008-08-15 06:00:00,22.3,47.4,559.0,757.51,124.0,325.0,4.07,356.0,88154.0,True,8,6,228
2008-08-15 07:00:00,24.52,40.6,732.0,813.61,143.0,334.6,4.28,2.0,88110.0,True,8,7,228
2008-08-15 08:00:00,26.21,35.35,870.0,871.4,143.0,342.8,4.07,10.0,88058.0,True,8,8,228
2008-08-15 09:00:00,27.62,30.95,938.0,860.98,165.0,349.8,3.72,16.0,87997.0,True,8,9,228
2008-08-15 10:00:00,28.74,27.15,959.0,882.26,156.0,355.2,3.31,15.0,87927.0,True,8,10,228
2008-08-15 11:00:00,29.55,24.1,876.0,760.48,214.0,365.6,3.03,11.0,87848.0,True,8,11,228
2008-08-15 12:00:00,30.02,22.3,782.0,762.6,186.0,374.8,2.9,4.0,87804.0,True,8,12,228
2008-08-15 13:00:00,30.07,21.55,640.0,756.18,149.0,377.4,3.24,358.0,87761.0,True,8,13,228
2008-08-15 14:00:00,30.02,21.05,451.0,673.07,126.0,384.8,3.66,355.0,87734.0,True,8,14,228
2008-08-15 15:00:00,29.53,21.35,244.0,514.45,93.0,376.4,3.93,357.0,87726.0,True,8,15,228
2008-08-15 16:00:00,28.75,22.15,57.0,254.81,33.0,378.0,3.72,1.0,87717.0,True,8,16,228
2008-08-15 17:00:00,27.4,24.15,0.0,-0.0,0.0,360.2,2.69,7.0,87778.0,True,8,17,228
2008-08-15 18:00:00,26.15,26.25,0.0,-0.0,0.0,355.8,2.0,6.0,87813.0,True,8,18,228
2008-08-15 19:00:00,24.88,31.6,0.0,-0.0,0.0,360.6,1.17,12.0,87857.0,True,8,19,228
2008-08-15 20:00:00,24.27,34.45,0.0,-0.0,0.0,350.4,0.97,301.0,87866.0,True,8,20,228
2008-08-15 21:00:00,22.35,38.35,0.0,-0.0,0.0,337.6,1.45,274.0,87848.0,True,8,21,228
2008-08-15 22:00:00,21.1,40.75,0.0,-0.0,0.0,339.2,1.66,271.0,87822.0,True,8,22,228
2008-08-15 23:00:00,20.15,42.7,0.0,-0.0,0.0,335.6,1.79,275.0,87787.0,True,8,23,228
2008-08-16 00:00:00,19.02,45.05,0.0,-0.0,0.0,323.2,2.0,283.0,87778.0,True,8,0,229
2008-08-16 01:00:00,18.17,47.25,0.0,-0.0,0.0,323.65,2.14,296.0,87769.0,True,8,1,229
2008-08-16 02:00:00,17.42,49.95,0.0,-0.0,0.0,320.0,2.21,299.0,87796.0,True,8,2,229
2008-08-16 03:00:00,16.78,53.4,0.0,-0.0,0.0,317.2,2.21,298.0,87822.0,True,8,3,229
2008-08-16 04:00:00,16.9,56.75,138.0,339.77,71.0,317.4,1.79,296.0,87857.0,True,8,4,229
2008-08-16 05:00:00,20.81,47.75,340.0,562.12,119.0,321.2,1.45,311.0,87874.0,True,8,5,229
2008-08-16 06:00:00,24.09,38.85,554.0,742.86,129.0,328.8,1.59,333.0,87874.0,True,8,6,229
2008-08-16 07:00:00,25.5,36.55,726.0,797.93,150.0,340.4,1.38,355.0,87848.0,True,8,7,229
2008-08-16 08:00:00,27.23,30.7,835.0,761.81,201.0,347.2,0.76,18.0,87822.0,True,8,8,229
2008-08-16 09:00:00,28.81,25.4,891.0,727.96,239.0,360.6,0.48,38.0,87778.0,True,8,9,229
2008-08-16 10:00:00,30.01,22.05,885.0,676.34,271.0,366.8,0.62,68.0,87734.0,True,8,10,229
2008-08-16 11:00:00,30.71,20.35,807.0,577.23,306.0,383.2,0.69,51.0,87664.0,True,8,11,229
2008-08-16 12:00:00,31.14,19.55,703.0,534.24,287.0,380.2,0.83,42.0,87647.0,True,8,12,229
2008-08-16 13:00:00,31.28,19.25,531.0,399.29,273.0,399.45,1.03,13.0,87629.0,True,8,13,229
2008-08-16 14:00:00,31.25,19.45,450.0,684.24,122.0,402.25,1.79,11.0,87612.0,True,8,14,229
2008-08-16 15:00:00,30.83,20.1,251.0,593.7,79.0,401.85,2.69,22.0,87603.0,True,8,15,229
2008-08-16 16:00:00,30.19,20.95,46.0,133.19,34.0,394.85,3.1,26.0,87621.0,True,8,16,229
2008-08-16 17:00:00,28.93,22.75,0.0,-0.0,0.0,379.8,2.55,35.0,87682.0,True,8,17,229
2008-08-16 18:00:00,27.59,24.9,0.0,-0.0,0.0,361.6,1.86,52.0,87761.0,True,8,18,229
2008-08-16 19:00:00,26.21,28.35,0.0,-0.0,0.0,344.8,1.24,91.0,87804.0,True,8,19,229
2008-08-16 20:00:00,26.83,24.9,0.0,-0.0,0.0,342.8,0.48,170.0,87857.0,True,8,20,229
2008-08-16 21:00:00,25.38,28.4,0.0,-0.0,0.0,339.2,1.17,232.0,87874.0,True,8,21,229
2008-08-16 22:00:00,23.03,33.6,0.0,-0.0,0.0,337.8,1.72,244.0,87892.0,True,8,22,229
2008-08-16 23:00:00,21.43,38.4,0.0,-0.0,0.0,334.8,2.0,250.0,87900.0,True,8,23,229
2008-08-17 00:00:00,20.13,44.3,0.0,-0.0,0.0,328.6,2.14,257.0,87927.0,True,8,0,230
2008-08-17 01:00:00,19.07,51.65,0.0,-0.0,0.0,325.25,2.14,264.0,87935.0,True,8,1,230
2008-08-17 02:00:00,18.26,59.95,0.0,-0.0,0.0,326.0,2.14,271.0,87962.0,True,8,2,230
2008-08-17 03:00:00,17.56,69.25,0.0,-0.0,0.0,323.0,2.14,280.0,88049.0,True,8,3,230
2008-08-17 04:00:00,17.65,75.35,140.0,375.01,67.0,319.6,1.79,285.0,88102.0,True,8,4,230
2008-08-17 05:00:00,21.59,63.15,346.0,606.38,109.0,324.8,1.17,297.0,88154.0,True,8,5,230
2008-08-17 06:00:00,25.82,40.2,555.0,756.2,124.0,335.6,1.17,333.0,88163.0,True,8,6,230
2008-08-17 07:00:00,27.92,31.25,732.0,828.03,136.0,347.0,1.72,8.0,88163.0,True,8,7,230
2008-08-17 08:00:00,29.77,25.55,866.0,870.96,143.0,354.0,1.59,32.0,88137.0,True,8,8,230
2008-08-17 09:00:00,31.18,20.85,943.0,893.17,145.0,360.8,1.17,43.0,88110.0,True,8,9,230
2008-08-17 10:00:00,32.15,18.35,959.0,897.9,146.0,364.4,1.03,42.0,88075.0,True,8,10,230
2008-08-17 11:00:00,32.81,16.9,910.0,885.24,144.0,387.4,1.38,44.0,88049.0,True,8,11,230
2008-08-17 12:00:00,33.46,15.7,802.0,853.37,140.0,388.6,1.52,42.0,88005.0,True,8,12,230
2008-08-17 13:00:00,33.69,14.9,644.0,797.95,131.0,381.8,1.72,38.0,88005.0,True,8,13,230
2008-08-17 14:00:00,33.67,14.45,451.0,708.3,114.0,381.6,1.86,33.0,87962.0,True,8,14,230
2008-08-17 15:00:00,33.42,14.25,251.0,629.77,71.0,373.2,1.93,27.0,87970.0,True,8,15,230
2008-08-17 16:00:00,32.75,14.75,54.0,302.57,28.0,374.0,1.86,27.0,87970.0,True,8,16,230
2008-08-17 17:00:00,31.11,16.6,0.0,-0.0,0.0,358.4,1.45,25.0,88005.0,True,8,17,230
2008-08-17 18:00:00,29.77,18.45,0.0,-0.0,0.0,351.2,1.03,359.0,88075.0,True,8,18,230
2008-08-17 19:00:00,29.22,19.15,0.0,-0.0,0.0,347.0,0.55,16.0,88119.0,True,8,19,230
2008-08-17 20:00:00,28.51,19.55,0.0,-0.0,0.0,341.6,0.83,308.0,88163.0,True,8,20,230
2008-08-17 21:00:00,27.01,22.0,0.0,-0.0,0.0,339.0,1.31,286.0,88180.0,True,8,21,230
2008-08-17 22:00:00,25.41,24.7,0.0,-0.0,0.0,335.2,1.52,270.0,88224.0,True,8,22,230
2008-08-17 23:00:00,24.1,27.35,0.0,-0.0,0.0,330.8,1.66,255.0,88241.0,True,8,23,230
2008-08-18 00:00:00,22.48,31.25,0.0,-0.0,0.0,327.8,1.93,251.0,88241.0,True,8,0,231
2008-08-18 01:00:00,21.1,35.8,0.0,-0.0,0.0,324.85,2.07,259.0,88250.0,True,8,1,231
2008-08-18 02:00:00,19.92,40.95,0.0,-0.0,0.0,321.8,2.14,269.0,88285.0,True,8,2,231
2008-08-18 03:00:00,19.01,46.7,0.0,-0.0,0.0,319.0,2.14,279.0,88320.0,True,8,3,231
2008-08-18 04:00:00,18.96,51.3,133.0,327.91,70.0,317.4,2.0,286.0,88364.0,True,8,4,231
2008-08-18 05:00:00,23.67,40.55,342.0,591.99,112.0,321.6,1.03,303.0,88381.0,True,8,5,231
2008-08-18 06:00:00,27.81,26.0,550.0,741.49,129.0,330.6,1.17,346.0,88416.0,True,8,6,231
2008-08-18 07:00:00,30.0,20.5,722.0,797.03,150.0,340.8,1.66,10.0,88390.0,True,8,7,231
2008-08-18 08:00:00,31.79,17.4,854.0,838.19,160.0,349.0,1.59,31.0,88381.0,True,8,8,231
2008-08-18 09:00:00,33.06,14.35,926.0,843.82,174.0,355.2,1.66,39.0,88329.0,True,8,9,231
2008-08-18 10:00:00,33.92,12.7,946.0,864.9,165.0,357.8,1.59,34.0,88303.0,True,8,10,231
2008-08-18 11:00:00,34.55,11.8,898.0,852.07,163.0,359.4,1.66,26.0,88259.0,True,8,11,231
2008-08-18 12:00:00,35.0,11.2,781.0,790.68,170.0,359.2,1.79,19.0,88198.0,True,8,12,231
2008-08-18 13:00:00,35.22,10.8,623.0,725.49,159.0,358.4,2.07,15.0,88163.0,True,8,13,231
2008-08-18 14:00:00,35.12,10.6,432.0,629.06,135.0,356.4,2.34,11.0,88128.0,True,8,14,231
2008-08-18 15:00:00,34.69,10.65,230.0,486.07,93.0,353.0,2.55,9.0,88093.0,True,8,15,231
2008-08-18 16:00:00,33.8,11.15,48.0,244.82,28.0,348.8,2.28,19.0,88084.0,True,8,16,231
2008-08-18 17:00:00,31.98,12.5,0.0,-0.0,0.0,343.4,2.0,30.0,88119.0,True,8,17,231
2008-08-18 18:00:00,29.71,14.95,0.0,-0.0,0.0,340.6,1.66,27.0,88163.0,True,8,18,231
2008-08-18 19:00:00,28.81,16.9,0.0,-0.0,0.0,334.4,1.17,5.0,88207.0,True,8,19,231
2008-08-18 20:00:00,26.9,18.55,0.0,-0.0,0.0,331.6,1.52,314.0,88224.0,True,8,20,231
2008-08-18 21:00:00,24.98,20.7,0.0,-0.0,0.0,328.6,1.79,290.0,88224.0,True,8,21,231
2008-08-18 22:00:00,23.64,22.3,0.0,-0.0,0.0,326.0,1.93,280.0,88207.0,True,8,22,231
2008-08-18 23:00:00,22.59,23.55,0.0,-0.0,0.0,322.8,2.07,279.0,88189.0,True,8,23,231
2008-08-19 00:00:00,21.61,24.85,0.0,-0.0,0.0,319.8,2.21,288.0,88172.0,True,8,0,232
2008-08-19 01:00:00,20.47,26.5,0.0,-0.0,0.0,316.45,2.34,302.0,88180.0,True,8,1,232
2008-08-19 02:00:00,19.3,28.15,0.0,-0.0,0.0,312.8,2.62,314.0,88198.0,True,8,2,232
2008-08-19 03:00:00,18.58,29.2,0.0,-0.0,0.0,310.2,2.76,317.0,88276.0,True,8,3,232
2008-08-19 04:00:00,18.68,30.05,133.0,353.41,66.0,308.2,2.62,315.0,88320.0,True,8,4,232
2008-08-19 05:00:00,22.29,25.45,337.0,580.03,113.0,311.6,2.34,321.0,88364.0,True,8,5,232
2008-08-19 06:00:00,26.89,20.1,541.0,712.55,138.0,320.0,3.45,332.0,88338.0,True,8,6,232
2008-08-19 07:00:00,29.42,19.25,712.0,765.89,164.0,329.0,3.45,342.0,88338.0,True,8,7,232
2008-08-19 08:00:00,31.52,17.9,838.0,791.97,184.0,339.2,3.72,353.0,88303.0,True,8,8,232
2008-08-19 09:00:00,33.27,14.95,913.0,812.26,191.0,348.0,3.86,2.0,88241.0,True,8,9,232
2008-08-19 10:00:00,34.33,12.05,928.0,816.22,193.0,355.0,3.59,17.0,88198.0,True,8,10,232
2008-08-19 11:00:00,34.94,11.4,875.0,788.52,197.0,359.2,3.45,18.0,88128.0,True,8,11,232
2008-08-19 12:00:00,35.29,11.25,778.0,789.93,170.0,360.6,3.45,16.0,88102.0,True,8,12,232
2008-08-19 13:00:00,35.36,11.3,619.0,723.07,159.0,362.4,3.66,16.0,88032.0,True,8,13,232
2008-08-19 14:00:00,35.08,11.75,431.0,640.47,131.0,361.4,3.79,18.0,87997.0,True,8,14,232
2008-08-19 15:00:00,34.5,12.45,231.0,521.94,86.0,361.6,3.72,21.0,87988.0,True,8,15,232
2008-08-19 16:00:00,33.45,13.6,43.0,206.77,27.0,356.6,2.97,27.0,87988.0,True,8,16,232
2008-08-19 17:00:00,31.6,15.4,0.0,-0.0,0.0,354.4,2.28,26.0,88023.0,True,8,17,232
2008-08-19 18:00:00,29.71,17.35,0.0,-0.0,0.0,348.2,2.21,357.0,88067.0,True,8,18,232
2008-08-19 19:00:00,28.11,18.6,0.0,-0.0,0.0,342.6,3.24,332.0,88145.0,True,8,19,232
2008-08-19 20:00:00,27.04,19.8,0.0,-0.0,0.0,343.2,4.41,336.0,88198.0,True,8,20,232
2008-08-19 21:00:00,26.19,23.35,0.0,-0.0,0.0,337.8,4.69,345.0,88250.0,True,8,21,232
2008-08-19 22:00:00,25.51,27.45,0.0,-0.0,0.0,336.8,4.62,2.0,88241.0,True,8,22,232
2008-08-19 23:00:00,24.65,34.85,0.0,-0.0,0.0,337.2,4.28,17.0,88276.0,True,8,23,232
2008-08-20 00:00:00,23.53,44.0,0.0,-0.0,0.0,336.0,3.79,16.0,88320.0,True,8,0,233
2008-08-20 01:00:00,22.26,51.3,0.0,-0.0,0.0,333.65,3.38,0.0,88329.0,True,8,1,233
2008-08-20 02:00:00,21.31,56.4,0.0,-0.0,0.0,331.2,3.31,345.0,88364.0,True,8,2,233
2008-08-20 03:00:00,20.54,59.9,0.0,-0.0,0.0,328.4,3.31,340.0,88425.0,True,8,3,233
2008-08-20 04:00:00,20.46,60.05,109.0,181.79,75.0,326.0,3.17,340.0,88478.0,True,8,4,233
2008-08-20 05:00:00,22.23,52.85,302.0,406.42,146.0,327.2,3.79,349.0,88495.0,True,8,5,233
2008-08-20 06:00:00,24.0,44.85,533.0,685.19,147.0,332.0,3.93,359.0,88495.0,True,8,6,233
2008-08-20 07:00:00,26.63,38.1,713.0,780.84,156.0,343.0,3.79,4.0,88486.0,True,8,7,233
2008-08-20 08:00:00,28.81,31.25,849.0,837.83,159.0,351.0,3.79,14.0,88443.0,True,8,8,233
2008-08-20 09:00:00,30.74,25.8,926.0,859.54,164.0,358.6,3.72,22.0,88381.0,True,8,9,233
2008-08-20 10:00:00,32.2,21.6,941.0,864.2,165.0,364.2,3.66,26.0,88294.0,True,8,10,233
2008-08-20 11:00:00,33.23,18.1,901.0,883.3,144.0,376.6,3.45,27.0,88276.0,True,8,11,233
2008-08-20 12:00:00,33.47,16.25,784.0,820.56,155.0,369.2,3.38,28.0,88198.0,True,8,12,233
2008-08-20 13:00:00,33.65,15.55,626.0,764.97,142.0,373.4,3.17,28.0,88172.0,True,8,13,233
2008-08-20 14:00:00,33.47,15.45,432.0,662.93,124.0,372.4,2.97,28.0,88119.0,True,8,14,233
2008-08-20 15:00:00,32.8,16.15,233.0,566.32,78.0,369.8,3.17,34.0,88128.0,True,8,15,233
2008-08-20 16:00:00,31.86,17.45,40.0,205.47,25.0,358.2,3.1,46.0,88145.0,True,8,16,233
2008-08-20 17:00:00,29.94,19.75,0.0,-0.0,0.0,352.2,2.62,56.0,88215.0,True,8,17,233
2008-08-20 18:00:00,28.47,21.7,0.0,-0.0,0.0,347.4,2.07,61.0,88268.0,True,8,18,233
2008-08-20 19:00:00,26.82,24.95,0.0,-0.0,0.0,345.0,1.79,45.0,88329.0,True,8,19,233
2008-08-20 20:00:00,25.45,28.2,0.0,-0.0,0.0,342.8,1.72,11.0,88355.0,True,8,20,233
2008-08-20 21:00:00,24.27,30.1,0.0,-0.0,0.0,338.0,1.79,355.0,88364.0,True,8,21,233
2008-08-20 22:00:00,23.7,30.9,0.0,-0.0,0.0,334.8,1.66,350.0,88373.0,True,8,22,233
2008-08-20 23:00:00,23.28,31.55,0.0,-0.0,0.0,331.8,1.52,352.0,88373.0,True,8,23,233
2008-08-21 00:00:00,22.12,34.2,0.0,-0.0,0.0,328.4,1.66,343.0,88390.0,True,8,0,234
2008-08-21 01:00:00,20.47,39.05,0.0,-0.0,0.0,326.65,2.07,329.0,88390.0,True,8,1,234
2008-08-21 02:00:00,19.31,42.9,0.0,-0.0,0.0,324.6,2.14,329.0,88399.0,True,8,2,234
2008-08-21 03:00:00,18.6,46.9,0.0,-0.0,0.0,323.4,2.14,334.0,88425.0,True,8,3,234
2008-08-21 04:00:00,18.71,50.1,106.0,168.06,75.0,322.4,1.79,332.0,88451.0,True,8,4,234
2008-08-21 05:00:00,21.9,45.1,313.0,466.62,135.0,326.0,1.38,341.0,88486.0,True,8,5,234
2008-08-21 06:00:00,25.55,36.15,525.0,657.63,156.0,332.8,1.45,16.0,88495.0,True,8,6,234
2008-08-21 07:00:00,28.71,26.05,703.0,750.93,169.0,345.0,1.24,60.0,88460.0,True,8,7,234
2008-08-21 08:00:00,30.81,21.1,847.0,837.7,159.0,354.6,2.0,78.0,88460.0,True,8,8,234
2008-08-21 09:00:00,32.28,18.4,924.0,858.48,165.0,362.6,2.41,72.0,88399.0,True,8,9,234
2008-08-21 10:00:00,33.3,16.65,938.0,863.38,165.0,368.0,2.48,54.0,88373.0,True,8,10,234
2008-08-21 11:00:00,33.98,15.6,889.0,851.17,162.0,371.0,2.55,41.0,88294.0,True,8,11,234
2008-08-21 12:00:00,34.4,15.0,776.0,804.36,162.0,372.6,2.55,36.0,88259.0,True,8,12,234
2008-08-21 13:00:00,34.57,14.55,626.0,778.82,136.0,387.2,2.48,35.0,88215.0,True,8,13,234
2008-08-21 14:00:00,34.31,14.55,430.0,675.02,119.0,376.6,2.97,38.0,88198.0,True,8,14,234
2008-08-21 15:00:00,33.66,15.15,225.0,534.3,81.0,386.6,3.86,45.0,88180.0,True,8,15,234
2008-08-21 16:00:00,32.42,15.95,39.0,218.8,24.0,387.6,4.21,50.0,88189.0,True,8,16,234
2008-08-21 17:00:00,30.72,16.7,0.0,-0.0,0.0,377.8,3.59,59.0,88233.0,True,8,17,234
2008-08-21 18:00:00,29.28,17.35,0.0,-0.0,0.0,361.0,2.41,71.0,88294.0,True,8,18,234
2008-08-21 19:00:00,27.78,19.35,0.0,-0.0,0.0,346.6,1.52,82.0,88303.0,True,8,19,234
2008-08-21 20:00:00,28.15,18.55,0.0,-0.0,0.0,339.4,0.69,62.0,88320.0,True,8,20,234
2008-08-21 21:00:00,27.98,17.8,0.0,-0.0,0.0,336.4,0.48,10.0,88320.0,True,8,21,234
2008-08-21 22:00:00,27.5,18.2,0.0,-0.0,0.0,337.2,0.62,321.0,88346.0,True,8,22,234
2008-08-21 23:00:00,26.29,19.6,0.0,-0.0,0.0,331.0,1.03,303.0,88329.0,True,8,23,234
2008-08-22 00:00:00,24.49,21.95,0.0,-0.0,0.0,328.2,1.38,316.0,88364.0,True,8,0,235
2008-08-22 01:00:00,22.06,26.45,0.0,-0.0,0.0,326.25,1.79,336.0,88338.0,True,8,1,235
2008-08-22 02:00:00,20.18,31.15,0.0,-0.0,0.0,322.4,2.14,344.0,88355.0,True,8,2,235
2008-08-22 03:00:00,19.24,35.25,0.0,-0.0,0.0,319.8,2.07,343.0,88373.0,True,8,3,235
2008-08-22 04:00:00,19.23,38.6,91.0,98.96,73.0,318.4,1.79,335.0,88390.0,True,8,4,235
2008-08-22 05:00:00,22.26,36.6,303.0,429.98,140.0,321.2,1.17,338.0,88381.0,True,8,5,235
2008-08-22 06:00:00,26.32,25.0,522.0,656.72,155.0,328.0,1.24,18.0,88399.0,True,8,6,235
2008-08-22 07:00:00,29.08,19.35,697.0,734.97,176.0,338.6,1.86,45.0,88373.0,True,8,7,235
2008-08-22 08:00:00,30.8,16.95,835.0,805.87,175.0,346.8,2.55,54.0,88346.0,True,8,8,235
2008-08-22 09:00:00,32.04,16.15,911.0,826.84,182.0,353.4,2.9,52.0,88294.0,True,8,9,235
2008-08-22 10:00:00,32.92,15.8,920.0,814.44,193.0,357.6,3.31,44.0,88268.0,True,8,10,235
2008-08-22 11:00:00,33.52,15.15,861.0,771.88,204.0,360.6,3.52,36.0,88215.0,True,8,11,235
2008-08-22 12:00:00,33.86,14.45,755.0,743.36,190.0,362.6,3.72,32.0,88163.0,True,8,12,235
2008-08-22 13:00:00,33.73,14.2,601.0,692.2,168.0,360.0,3.93,30.0,88110.0,True,8,13,235
2008-08-22 14:00:00,33.37,14.45,411.0,597.67,138.0,360.4,4.07,34.0,88084.0,True,8,14,235
2008-08-22 15:00:00,32.68,15.15,215.0,478.78,88.0,357.8,4.0,40.0,88049.0,True,8,15,235
2008-08-22 16:00:00,31.47,16.6,22.0,0.0,22.0,348.6,3.38,52.0,88049.0,True,8,16,235
2008-08-22 17:00:00,29.59,18.65,0.0,-0.0,0.0,346.6,2.69,69.0,88075.0,True,8,17,235
2008-08-22 18:00:00,28.21,20.3,0.0,-0.0,0.0,343.0,2.07,71.0,88154.0,True,8,18,235
2008-08-22 19:00:00,26.79,24.75,0.0,-0.0,0.0,336.8,1.24,60.0,88163.0,True,8,19,235
2008-08-22 20:00:00,27.38,21.5,0.0,-0.0,0.0,332.2,0.76,337.0,88163.0,True,8,20,235
2008-08-22 21:00:00,24.52,26.4,0.0,-0.0,0.0,328.8,1.59,302.0,88154.0,True,8,21,235
2008-08-22 22:00:00,22.15,30.45,0.0,-0.0,0.0,327.6,2.28,309.0,88189.0,True,8,22,235
2008-08-22 23:00:00,21.23,31.75,0.0,-0.0,0.0,325.0,2.69,322.0,88207.0,True,8,23,235
2008-08-23 00:00:00,20.59,33.7,0.0,-0.0,0.0,324.4,2.9,331.0,88207.0,True,8,0,236
2008-08-23 01:00:00,19.9,37.4,0.0,-0.0,0.0,321.05,2.83,334.0,88241.0,True,8,1,236
2008-08-23 02:00:00,19.19,42.55,0.0,-0.0,0.0,320.2,2.69,334.0,88259.0,True,8,2,236
2008-08-23 03:00:00,18.48,48.35,0.0,-0.0,0.0,319.0,2.55,332.0,88276.0,True,8,3,236
2008-08-23 04:00:00,18.39,52.75,106.0,195.19,71.0,318.6,2.34,331.0,88294.0,True,8,4,236
2008-08-23 05:00:00,21.47,47.85,315.0,504.39,125.0,322.6,2.21,344.0,88294.0,True,8,5,236
2008-08-23 06:00:00,24.07,45.55,529.0,695.36,142.0,329.4,2.62,8.0,88285.0,True,8,6,236
2008-08-23 07:00:00,26.3,38.1,706.0,778.38,156.0,337.8,3.03,30.0,88259.0,True,8,7,236
2008-08-23 08:00:00,28.13,30.95,842.0,836.36,159.0,346.2,3.38,35.0,88224.0,True,8,8,236
2008-08-23 09:00:00,29.56,26.15,919.0,858.77,164.0,352.6,3.59,34.0,88163.0,True,8,9,236
2008-08-23 10:00:00,30.51,23.3,932.0,861.89,165.0,356.6,3.66,29.0,88093.0,True,8,10,236
2008-08-23 11:00:00,31.29,21.0,877.0,833.59,170.0,358.8,3.72,25.0,88032.0,True,8,11,236
2008-08-23 12:00:00,31.59,19.45,760.0,771.76,176.0,359.6,3.72,23.0,87988.0,True,8,12,236
2008-08-23 13:00:00,31.74,18.5,604.0,718.82,157.0,360.0,3.72,23.0,87935.0,True,8,13,236
2008-08-23 14:00:00,31.57,17.85,419.0,658.2,121.0,357.2,3.52,19.0,87927.0,True,8,14,236
2008-08-23 15:00:00,31.07,18.1,187.0,314.26,105.0,364.8,3.1,29.0,87927.0,True,8,15,236
2008-08-23 16:00:00,30.1,19.5,20.0,0.0,20.0,366.0,2.55,42.0,87918.0,True,8,16,236
2008-08-23 17:00:00,28.51,21.85,0.0,-0.0,0.0,349.4,1.79,63.0,87935.0,True,8,17,236
2008-08-23 18:00:00,27.03,24.55,0.0,-0.0,0.0,345.2,1.17,68.0,87979.0,True,8,18,236
2008-08-23 19:00:00,26.8,24.65,0.0,-0.0,0.0,340.8,0.41,51.0,88014.0,True,8,19,236
2008-08-23 20:00:00,25.75,27.05,0.0,-0.0,0.0,333.6,1.03,282.0,88014.0,True,8,20,236
2008-08-23 21:00:00,23.2,32.45,0.0,-0.0,0.0,330.4,1.52,273.0,88005.0,True,8,21,236
2008-08-23 22:00:00,21.73,35.55,0.0,-0.0,0.0,328.2,1.79,273.0,87970.0,True,8,22,236
2008-08-23 23:00:00,20.75,37.7,0.0,-0.0,0.0,326.6,1.93,274.0,87944.0,True,8,23,236
2008-08-24 00:00:00,20.06,39.25,0.0,-0.0,0.0,324.2,1.86,274.0,87944.0,True,8,0,237
2008-08-24 01:00:00,19.6,40.4,0.0,-0.0,0.0,322.45,1.86,277.0,87970.0,True,8,1,237
2008-08-24 02:00:00,19.28,40.9,0.0,-0.0,0.0,321.0,1.86,282.0,87970.0,True,8,2,237
2008-08-24 03:00:00,18.91,41.8,0.0,-0.0,0.0,319.6,1.93,286.0,87997.0,True,8,3,237
2008-08-24 04:00:00,18.98,42.4,103.0,181.07,71.0,319.0,1.86,288.0,88032.0,True,8,4,237
2008-08-24 05:00:00,23.04,33.65,311.0,491.6,127.0,322.8,0.9,297.0,88032.0,True,8,5,237
2008-08-24 06:00:00,26.32,26.15,526.0,694.66,141.0,331.0,0.97,355.0,88075.0,True,8,6,237
2008-08-24 07:00:00,28.32,24.85,704.0,778.09,156.0,343.0,1.1,2.0,88058.0,True,8,7,237
2008-08-24 08:00:00,29.96,21.95,835.0,820.39,167.0,351.0,1.52,3.0,88040.0,True,8,8,237
2008-08-24 09:00:00,31.21,18.8,911.0,841.88,173.0,357.6,1.66,12.0,87997.0,True,8,9,237
2008-08-24 10:00:00,32.17,16.65,924.0,845.44,174.0,361.6,1.59,15.0,87962.0,True,8,10,237
2008-08-24 11:00:00,32.84,15.45,869.0,817.7,178.0,364.4,1.66,9.0,87892.0,True,8,11,237
2008-08-24 12:00:00,33.31,14.75,757.0,771.27,176.0,364.4,1.72,355.0,87848.0,True,8,12,237
2008-08-24 13:00:00,33.52,14.3,610.0,760.4,140.0,365.2,1.79,347.0,87839.0,True,8,13,237
2008-08-24 14:00:00,33.34,14.25,410.0,630.77,127.0,364.4,1.79,346.0,87804.0,True,8,14,237
2008-08-24 15:00:00,33.01,14.3,210.0,498.95,82.0,361.8,2.14,347.0,87813.0,True,8,15,237
2008-08-24 16:00:00,32.27,14.75,19.0,0.0,19.0,373.2,2.14,353.0,87839.0,True,8,16,237
2008-08-24 17:00:00,30.92,15.95,0.0,-0.0,0.0,366.6,1.79,357.0,87874.0,True,8,17,237
2008-08-24 18:00:00,29.22,18.15,0.0,-0.0,0.0,355.6,1.24,358.0,87935.0,True,8,18,237
2008-08-24 19:00:00,29.21,19.3,0.0,-0.0,0.0,359.6,0.9,45.0,87962.0,True,8,19,237
2008-08-24 20:00:00,28.75,19.8,0.0,-0.0,0.0,345.2,0.34,289.0,88005.0,True,8,20,237
2008-08-24 21:00:00,26.97,23.3,0.0,-0.0,0.0,342.0,1.38,256.0,88014.0,True,8,21,237
2008-08-24 22:00:00,23.9,28.8,0.0,-0.0,0.0,336.0,1.93,249.0,88032.0,True,8,22,237
2008-08-24 23:00:00,22.35,32.6,0.0,-0.0,0.0,337.4,2.14,246.0,88023.0,True,8,23,237
2008-08-25 00:00:00,21.18,37.35,0.0,-0.0,0.0,330.8,2.14,254.0,88093.0,True,8,0,238
2008-08-25 01:00:00,20.28,43.3,0.0,-0.0,0.0,334.45,2.21,269.0,88102.0,True,8,1,238
2008-08-25 02:00:00,19.51,50.65,0.0,-0.0,0.0,331.6,2.28,277.0,88163.0,True,8,2,238
2008-08-25 03:00:00,18.82,58.15,0.0,-0.0,0.0,328.4,2.28,281.0,88215.0,True,8,3,238
2008-08-25 04:00:00,18.7,62.85,90.0,120.6,69.0,326.4,2.07,284.0,88276.0,True,8,4,238
2008-08-25 05:00:00,21.95,53.3,295.0,416.83,140.0,330.8,1.45,297.0,88346.0,True,8,5,238
2008-08-25 06:00:00,26.77,32.35,509.0,628.75,162.0,337.8,2.14,331.0,88355.0,True,8,6,238
2008-08-25 07:00:00,29.59,22.35,686.0,719.42,181.0,347.6,4.0,353.0,88364.0,True,8,7,238
2008-08-25 08:00:00,31.52,17.55,819.0,773.57,191.0,354.2,4.41,5.0,88355.0,True,8,8,238
2008-08-25 09:00:00,32.86,15.3,898.0,810.07,190.0,359.8,4.28,15.0,88329.0,True,8,9,238
2008-08-25 10:00:00,33.73,14.1,906.0,798.41,200.0,365.8,4.0,17.0,88320.0,True,8,10,238
2008-08-25 11:00:00,34.33,12.95,829.0,703.17,237.0,366.4,3.66,15.0,88268.0,True,8,11,238
2008-08-25 12:00:00,34.59,12.5,627.0,402.77,325.0,372.8,3.59,12.0,88241.0,True,8,12,238
2008-08-25 13:00:00,34.55,12.25,567.0,603.97,196.0,385.8,3.59,9.0,88233.0,True,8,13,238
2008-08-25 14:00:00,34.19,12.25,432.0,780.65,85.0,383.6,3.45,6.0,88215.0,True,8,14,238
2008-08-25 15:00:00,33.76,12.3,208.0,515.71,78.0,384.0,3.38,5.0,88207.0,True,8,15,238
2008-08-25 16:00:00,32.92,12.85,16.0,0.0,16.0,391.0,2.69,9.0,88259.0,True,8,16,238
2008-08-25 17:00:00,31.01,14.7,0.0,-0.0,0.0,371.0,2.34,5.0,88276.0,True,8,17,238
2008-08-25 18:00:00,29.18,16.85,0.0,-0.0,0.0,358.2,2.28,354.0,88355.0,True,8,18,238
2008-08-25 19:00:00,27.72,18.2,0.0,-0.0,0.0,343.8,2.9,340.0,88390.0,True,8,19,238
2008-08-25 20:00:00,26.54,19.75,0.0,-0.0,0.0,341.0,3.24,338.0,88416.0,True,8,20,238
2008-08-25 21:00:00,25.79,20.1,0.0,-0.0,0.0,337.6,3.59,340.0,88443.0,True,8,21,238
2008-08-25 22:00:00,24.98,21.25,0.0,-0.0,0.0,331.0,3.66,345.0,88460.0,True,8,22,238
2008-08-25 23:00:00,23.77,25.8,0.0,-0.0,0.0,328.6,3.17,345.0,88469.0,True,8,23,238
2008-08-26 00:00:00,22.49,33.2,0.0,-0.0,0.0,327.0,2.9,337.0,88495.0,True,8,0,239
2008-08-26 01:00:00,21.42,42.0,0.0,-0.0,0.0,327.65,2.83,335.0,88530.0,True,8,1,239
2008-08-26 02:00:00,20.53,50.65,0.0,-0.0,0.0,327.0,2.83,328.0,88574.0,True,8,2,239
2008-08-26 03:00:00,19.8,57.35,0.0,-0.0,0.0,326.0,2.83,322.0,88600.0,True,8,3,239
2008-08-26 04:00:00,19.71,61.0,70.0,40.81,63.0,326.2,2.69,324.0,88661.0,True,8,4,239
2008-08-26 05:00:00,22.49,55.75,256.0,257.16,161.0,330.0,2.9,335.0,88696.0,True,8,5,239
2008-08-26 06:00:00,24.92,51.7,468.0,476.77,206.0,337.6,3.38,351.0,88714.0,True,8,6,239
2008-08-26 07:00:00,27.28,43.8,662.0,643.25,212.0,346.6,2.83,3.0,88696.0,True,8,7,239
2008-08-26 08:00:00,29.44,35.65,807.0,743.81,205.0,356.4,3.03,16.0,88661.0,True,8,8,239
2008-08-26 09:00:00,31.46,26.8,890.0,794.18,198.0,365.6,3.45,27.0,88600.0,True,8,9,239
2008-08-26 10:00:00,32.74,19.35,908.0,813.52,191.0,373.6,3.93,34.0,88583.0,True,8,10,239
2008-08-26 11:00:00,33.31,17.2,863.0,815.56,179.0,375.4,4.28,33.0,88539.0,True,8,11,239
2008-08-26 12:00:00,33.61,16.15,753.0,783.91,168.0,377.6,4.55,33.0,88478.0,True,8,12,239
2008-08-26 13:00:00,33.62,15.6,599.0,743.81,145.0,381.2,4.62,32.0,88460.0,True,8,13,239
2008-08-26 14:00:00,33.23,15.45,404.0,638.24,123.0,379.8,4.69,32.0,88416.0,True,8,14,239
2008-08-26 15:00:00,32.68,15.45,197.0,456.46,84.0,373.8,4.34,34.0,88416.0,True,8,15,239
2008-08-26 16:00:00,31.65,16.15,15.0,0.0,15.0,365.8,3.03,36.0,88399.0,True,8,16,239
2008-08-26 17:00:00,30.22,17.55,0.0,-0.0,0.0,360.2,2.0,25.0,88443.0,True,8,17,239
2008-08-26 18:00:00,28.84,19.5,0.0,-0.0,0.0,364.0,1.79,355.0,88495.0,True,8,18,239
2008-08-26 19:00:00,27.3,21.9,0.0,-0.0,0.0,360.0,2.14,346.0,88495.0,True,8,19,239
2008-08-26 20:00:00,26.08,23.9,0.0,-0.0,0.0,356.2,2.48,343.0,88521.0,True,8,20,239
2008-08-26 21:00:00,24.88,26.65,0.0,-0.0,0.0,346.8,2.62,350.0,88513.0,True,8,21,239
2008-08-26 22:00:00,23.91,30.1,0.0,-0.0,0.0,342.2,2.76,3.0,88539.0,True,8,22,239
2008-08-26 23:00:00,23.15,34.2,0.0,-0.0,0.0,346.4,2.83,359.0,88548.0,True,8,23,239
2008-08-27 00:00:00,22.36,39.35,0.0,-0.0,0.0,338.0,3.17,352.0,88583.0,True,8,0,240
2008-08-27 01:00:00,21.75,46.65,0.0,-0.0,0.0,339.25,3.38,354.0,88600.0,True,8,1,240
2008-08-27 02:00:00,20.96,55.25,0.0,-0.0,0.0,335.2,3.24,349.0,88626.0,True,8,2,240
2008-08-27 03:00:00,20.2,61.35,0.0,-0.0,0.0,332.2,3.31,342.0,88670.0,True,8,3,240
2008-08-27 04:00:00,20.04,63.0,106.0,242.73,65.0,329.8,3.38,341.0,88740.0,True,8,4,240
2008-08-27 05:00:00,21.67,56.3,303.0,479.62,127.0,330.6,4.21,350.0,88784.0,True,8,5,240
2008-08-27 06:00:00,23.29,49.25,494.0,584.86,174.0,335.0,4.55,1.0,88792.0,True,8,6,240
2008-08-27 07:00:00,25.68,43.75,677.0,704.28,186.0,346.0,4.62,9.0,88784.0,True,8,7,240
2008-08-27 08:00:00,27.56,37.85,809.0,758.53,197.0,353.4,4.83,16.0,88757.0,True,8,8,240
2008-08-27 09:00:00,29.26,32.75,882.0,778.23,206.0,360.4,5.1,21.0,88705.0,True,8,9,240
2008-08-27 10:00:00,30.76,28.05,900.0,796.92,200.0,366.4,5.38,28.0,88670.0,True,8,10,240
2008-08-27 11:00:00,31.5,25.1,790.0,610.48,280.0,374.8,5.45,32.0,88600.0,True,8,11,240
2008-08-27 12:00:00,32.08,22.75,741.0,754.06,181.0,380.0,5.24,35.0,88548.0,True,8,12,240
2008-08-27 13:00:00,32.05,22.0,601.0,770.11,134.0,379.0,4.97,34.0,88521.0,True,8,13,240
2008-08-27 14:00:00,31.88,21.65,401.0,649.12,118.0,384.0,4.83,38.0,88486.0,True,8,14,240
2008-08-27 15:00:00,30.83,23.55,194.0,469.19,80.0,373.4,4.55,64.0,88478.0,True,8,15,240
2008-08-27 16:00:00,29.87,25.4,12.0,0.0,12.0,367.4,2.83,66.0,88469.0,True,8,16,240
2008-08-27 17:00:00,28.67,27.25,0.0,-0.0,0.0,361.8,1.66,16.0,88486.0,True,8,17,240
2008-08-27 18:00:00,27.36,28.9,0.0,-0.0,0.0,358.8,2.28,354.0,88521.0,True,8,18,240
2008-08-27 19:00:00,26.52,28.55,0.0,-0.0,0.0,359.2,3.17,8.0,88591.0,True,8,19,240
2008-08-27 20:00:00,25.88,31.9,0.0,-0.0,0.0,368.4,3.79,18.0,88591.0,True,8,20,240
2008-08-27 21:00:00,24.81,38.5,0.0,-0.0,0.0,354.6,3.86,29.0,88635.0,True,8,21,240
2008-08-27 22:00:00,23.67,45.55,0.0,-0.0,0.0,350.6,3.38,31.0,88652.0,True,8,22,240
2008-08-27 23:00:00,22.52,51.8,0.0,-0.0,0.0,343.8,2.76,20.0,88652.0,True,8,23,240
2008-08-28 00:00:00,21.51,57.05,0.0,-0.0,0.0,342.6,2.55,3.0,88661.0,True,8,0,241
2008-08-28 01:00:00,20.54,61.65,0.0,-0.0,0.0,338.05,2.62,352.0,88661.0,True,8,1,241
2008-08-28 02:00:00,19.67,65.55,0.0,-0.0,0.0,332.8,2.62,345.0,88670.0,True,8,2,241
2008-08-28 03:00:00,18.87,69.15,0.0,-0.0,0.0,329.0,2.62,339.0,88670.0,True,8,3,241
2008-08-28 04:00:00,18.56,70.5,61.0,24.05,57.0,326.2,2.48,336.0,88705.0,True,8,4,241
2008-08-28 05:00:00,20.16,63.3,258.0,274.36,158.0,327.4,3.1,347.0,88722.0,True,8,5,241
2008-08-28 06:00:00,21.91,56.55,470.0,495.66,200.0,330.8,3.24,359.0,88731.0,True,8,6,241
2008-08-28 07:00:00,24.19,50.6,646.0,605.99,225.0,341.0,3.86,8.0,88705.0,True,8,7,241
2008-08-28 08:00:00,26.38,43.05,797.0,728.62,211.0,349.2,4.14,16.0,88652.0,True,8,8,241
2008-08-28 09:00:00,28.42,35.45,874.0,762.23,214.0,357.4,4.41,24.0,88556.0,True,8,9,241
2008-08-28 10:00:00,30.15,28.9,881.0,750.55,224.0,362.2,4.55,31.0,88443.0,True,8,10,241
2008-08-28 11:00:00,31.32,25.3,836.0,753.54,209.0,372.2,4.34,37.0,88364.0,True,8,11,241
2008-08-28 12:00:00,31.99,23.35,729.0,723.99,194.0,372.8,3.79,42.0,88294.0,True,8,12,241
2008-08-28 13:00:00,32.17,22.95,577.0,685.62,164.0,379.4,3.38,40.0,88259.0,True,8,13,241
2008-08-28 14:00:00,31.96,23.0,383.0,574.58,135.0,380.2,2.83,41.0,88207.0,True,8,14,241
2008-08-28 15:00:00,31.14,24.55,182.0,398.61,87.0,376.8,2.28,26.0,88180.0,True,8,15,241
2008-08-28 16:00:00,30.51,24.9,11.0,0.0,11.0,392.0,1.79,357.0,88163.0,True,8,16,241
2008-08-28 17:00:00,29.34,26.45,0.0,-0.0,0.0,378.8,2.21,344.0,88198.0,True,8,17,241
2008-08-28 18:00:00,28.43,27.25,0.0,-0.0,0.0,380.0,2.55,354.0,88233.0,True,8,18,241
2008-08-28 19:00:00,27.24,29.1,0.0,-0.0,0.0,365.4,2.14,358.0,88241.0,True,8,19,241
2008-08-28 20:00:00,25.71,33.85,0.0,-0.0,0.0,361.6,1.79,353.0,88250.0,True,8,20,241
2008-08-28 21:00:00,24.3,38.7,0.0,-0.0,0.0,347.6,1.52,343.0,88268.0,True,8,21,241
2008-08-28 22:00:00,22.9,42.6,0.0,-0.0,0.0,344.6,1.79,323.0,88250.0,True,8,22,241
2008-08-28 23:00:00,21.79,45.5,0.0,-0.0,0.0,340.4,1.86,307.0,88250.0,True,8,23,241
2008-08-29 00:00:00,21.2,46.85,0.0,-0.0,0.0,336.0,1.66,297.0,88241.0,True,8,0,242
2008-08-29 01:00:00,20.86,47.9,0.0,-0.0,0.0,331.45,1.45,295.0,88241.0,True,8,1,242
2008-08-29 02:00:00,20.05,50.4,0.0,-0.0,0.0,326.4,1.45,298.0,88233.0,True,8,2,242
2008-08-29 03:00:00,18.97,54.35,0.0,-0.0,0.0,323.8,1.66,298.0,88268.0,True,8,3,242
2008-08-29 04:00:00,18.48,57.1,93.0,177.2,64.0,320.6,1.66,293.0,88294.0,True,8,4,242
2008-08-29 05:00:00,21.96,46.55,247.0,243.1,159.0,323.2,0.83,297.0,88311.0,True,8,5,242
2008-08-29 06:00:00,25.02,37.0,500.0,626.97,160.0,331.6,0.55,334.0,88320.0,True,8,6,242
2008-08-29 07:00:00,27.73,32.2,680.0,730.95,174.0,342.4,0.55,244.0,88311.0,True,8,7,242
2008-08-29 08:00:00,29.57,28.1,818.0,802.08,175.0,355.8,0.34,277.0,88276.0,True,8,8,242
2008-08-29 09:00:00,30.95,23.35,907.0,871.31,155.0,365.6,0.55,330.0,88215.0,True,8,9,242
2008-08-29 10:00:00,31.71,20.05,914.0,859.82,164.0,380.0,1.03,320.0,88145.0,True,8,10,242
2008-08-29 11:00:00,32.41,18.25,857.0,829.04,170.0,383.0,1.31,314.0,88093.0,True,8,11,242
2008-08-29 12:00:00,32.79,17.6,725.0,722.24,194.0,387.4,1.66,313.0,88040.0,True,8,12,242
2008-08-29 13:00:00,32.98,17.55,330.0,76.89,284.0,388.6,2.28,305.0,88005.0,True,8,13,242
2008-08-29 14:00:00,32.84,17.8,49.0,0.0,49.0,379.4,2.76,296.0,87979.0,True,8,14,242
2008-08-29 15:00:00,32.26,18.85,93.0,25.68,87.0,394.85,2.83,289.0,87979.0,True,8,15,242
2008-08-29 16:00:00,31.19,21.2,0.0,0.0,0.0,384.4,3.17,276.0,88014.0,True,8,16,242
2008-08-29 17:00:00,29.57,26.05,0.0,-0.0,0.0,387.8,3.86,269.0,88084.0,True,8,17,242
2008-08-29 18:00:00,28.05,32.2,0.0,-0.0,0.0,375.0,3.79,272.0,88163.0,True,8,18,242
2008-08-29 19:00:00,26.92,33.9,0.0,-0.0,0.0,353.8,2.9,276.0,88198.0,True,8,19,242
2008-08-29 20:00:00,25.95,37.65,0.0,-0.0,0.0,360.2,2.41,282.0,88215.0,True,8,20,242
2008-08-29 21:00:00,24.64,41.55,0.0,-0.0,0.0,352.2,2.14,291.0,88233.0,True,8,21,242
2008-08-29 22:00:00,23.31,46.15,0.0,-0.0,0.0,351.4,1.79,288.0,88215.0,True,8,22,242
2008-08-29 23:00:00,22.45,50.15,0.0,-0.0,0.0,353.6,1.72,276.0,88233.0,True,8,23,242
2008-08-30 00:00:00,21.72,54.7,0.0,-0.0,0.0,358.8,1.79,265.0,88224.0,True,8,0,243
2008-08-30 01:00:00,20.83,60.85,0.0,-0.0,0.0,346.65,1.86,264.0,88233.0,True,8,1,243
2008-08-30 02:00:00,19.98,67.6,0.0,-0.0,0.0,340.4,1.93,267.0,88250.0,True,8,2,243
2008-08-30 03:00:00,19.63,72.7,0.0,-0.0,0.0,353.2,1.79,271.0,88259.0,True,8,3,243
2008-08-30 04:00:00,19.28,77.95,81.0,105.58,64.0,337.4,1.59,272.0,88285.0,True,8,4,243
2008-08-30 05:00:00,22.19,68.3,287.0,428.39,133.0,345.6,0.97,273.0,88329.0,True,8,5,243
2008-08-30 06:00:00,25.88,46.15,503.0,650.21,152.0,351.6,0.69,302.0,88329.0,True,8,6,243
2008-08-30 07:00:00,27.47,37.9,677.0,730.71,173.0,367.2,0.41,52.0,88294.0,True,8,7,243
2008-08-30 08:00:00,28.98,32.1,815.0,802.24,174.0,371.6,0.69,156.0,88259.0,True,8,8,243
2008-08-30 09:00:00,30.36,27.7,889.0,823.06,181.0,381.4,1.59,177.0,88189.0,True,8,9,243
2008-08-30 10:00:00,31.43,25.0,900.0,827.26,181.0,394.45,2.14,184.0,88110.0,True,8,10,243
2008-08-30 11:00:00,32.33,23.0,824.0,738.0,215.0,393.25,2.14,186.0,88014.0,True,8,11,243
2008-08-30 12:00:00,33.05,21.05,639.0,471.7,294.0,399.05,2.14,188.0,87970.0,True,8,12,243
2008-08-30 13:00:00,33.12,19.95,491.0,407.33,249.0,399.45,2.0,196.0,87927.0,True,8,13,243
2008-08-30 14:00:00,32.71,19.5,76.0,0.0,76.0,400.85,2.62,225.0,87909.0,True,8,14,243
2008-08-30 15:00:00,31.95,19.8,149.0,227.21,97.0,390.0,3.45,250.0,87944.0,True,8,15,243
2008-08-30 16:00:00,30.75,21.0,0.0,0.0,0.0,393.25,3.72,267.0,87935.0,True,8,16,243
2008-08-30 17:00:00,29.19,23.35,0.0,-0.0,0.0,383.0,3.66,274.0,87997.0,True,8,17,243
2008-08-30 18:00:00,28.06,25.55,0.0,-0.0,0.0,380.4,2.97,272.0,88058.0,True,8,18,243
2008-08-30 19:00:00,26.37,28.0,0.0,-0.0,0.0,353.0,2.34,249.0,88110.0,True,8,19,243
2008-08-30 20:00:00,24.94,31.0,0.0,-0.0,0.0,349.8,2.14,241.0,88137.0,True,8,20,243
2008-08-30 21:00:00,23.5,34.95,0.0,-0.0,0.0,342.0,2.14,256.0,88180.0,True,8,21,243
2008-08-30 22:00:00,22.44,39.1,0.0,-0.0,0.0,339.8,2.41,279.0,88224.0,True,8,22,243
2008-08-30 23:00:00,21.85,43.15,0.0,-0.0,0.0,334.2,3.17,300.0,88250.0,True,8,23,243
2008-08-31 00:00:00,21.46,46.2,0.0,-0.0,0.0,337.2,3.79,317.0,88285.0,True,8,0,244
2008-08-31 01:00:00,20.81,48.55,0.0,-0.0,0.0,331.25,4.07,324.0,88346.0,True,8,1,244
2008-08-31 02:00:00,20.23,50.35,0.0,-0.0,0.0,330.6,4.0,327.0,88355.0,True,8,2,244
2008-08-31 03:00:00,19.62,52.5,0.0,-0.0,0.0,329.4,3.86,327.0,88416.0,True,8,3,244
2008-08-31 04:00:00,19.39,53.45,83.0,126.29,63.0,330.6,3.59,327.0,88451.0,True,8,4,244
2008-08-31 05:00:00,20.67,49.4,283.0,420.21,133.0,332.0,4.0,333.0,88478.0,True,8,5,244
2008-08-31 06:00:00,22.25,47.8,495.0,625.31,159.0,337.6,4.21,347.0,88504.0,True,8,6,244
2008-08-31 07:00:00,24.02,45.4,675.0,730.51,173.0,344.4,4.07,358.0,88478.0,True,8,7,244
2008-08-31 08:00:00,25.81,41.85,803.0,771.04,189.0,353.0,4.0,9.0,88478.0,True,8,8,244
2008-08-31 09:00:00,26.99,39.45,876.0,790.87,198.0,359.4,3.24,28.0,88451.0,True,8,9,244
2008-08-31 10:00:00,27.68,37.95,877.0,764.49,215.0,375.4,3.1,35.0,88416.0,True,8,10,244
2008-08-31 11:00:00,28.55,35.45,795.0,659.63,253.0,378.4,2.9,39.0,88408.0,True,8,11,244
2008-08-31 12:00:00,28.77,34.85,643.0,492.08,285.0,378.4,2.97,40.0,88364.0,True,8,12,244
2008-08-31 13:00:00,28.84,34.15,552.0,634.02,178.0,379.0,3.03,37.0,88346.0,True,8,13,244
2008-08-31 14:00:00,28.4,34.15,403.0,762.86,84.0,380.8,2.97,32.0,88329.0,True,8,14,244
2008-08-31 15:00:00,27.75,34.6,114.0,84.8,95.0,380.0,3.03,20.0,88355.0,True,8,15,244
2008-08-31 16:00:00,26.31,31.24,0.0,0.0,0.0,356.37,2.74,25.0,88320.0,True,8,16,244
2008-08-31 17:00:00,25.59,34.76,0.0,-0.0,0.0,357.41,2.86,21.0,88355.0,True,8,17,244
2008-08-31 18:00:00,24.86,38.28,0.0,-0.0,0.0,358.46,2.97,11.0,88408.0,True,8,18,244
2008-08-31 19:00:00,24.14,41.8,0.0,-0.0,0.0,359.51,3.08,5.0,88434.0,True,8,19,244
2008-08-31 20:00:00,23.42,45.33,0.0,-0.0,0.0,360.55,3.2,16.0,88443.0,True,8,20,244
2008-08-31 21:00:00,22.69,48.85,0.0,-0.0,0.0,361.6,3.31,33.0,88469.0,True,8,21,244
2008-08-31 22:00:00,21.97,52.37,0.0,-0.0,0.0,362.65,3.42,34.0,88486.0,True,8,22,244
2008-08-31 23:00:00,21.25,55.89,0.0,-0.0,0.0,363.7,3.53,13.0,88548.0,True,8,23,244
2013-09-01 00:00:00,20.53,59.41,0.0,-0.0,0.0,364.74,3.65,340.0,88521.0,True,9,0,244
2013-09-01 01:00:00,19.8,62.94,0.0,-0.0,0.0,365.79,3.76,342.0,88539.0,True,9,1,244
2013-09-01 02:00:00,19.08,66.46,0.0,-0.0,0.0,366.84,3.87,348.0,88556.0,True,9,2,244
2013-09-01 03:00:00,18.36,69.98,0.0,-0.0,0.0,367.88,3.99,354.0,88600.0,True,9,3,244
2013-09-01 04:00:00,17.63,73.5,17.0,0.0,17.0,368.93,4.1,358.0,88644.0,True,9,4,244
2013-09-01 05:00:00,16.91,77.02,54.0,0.0,54.0,369.98,4.21,7.0,88670.0,True,9,5,244
2013-09-01 06:00:00,16.19,80.55,183.0,3.72,181.0,371.02,4.32,13.0,88687.0,True,9,6,244
2013-09-01 07:00:00,15.47,84.07,399.0,90.22,337.0,372.07,4.44,17.0,88714.0,True,9,7,244
2013-09-01 08:00:00,20.06,60.95,646.0,346.59,370.0,372.6,4.21,19.0,88696.0,True,9,8,244
2013-09-01 09:00:00,20.84,56.35,872.0,767.54,214.0,386.8,4.14,22.0,88687.0,True,9,9,244
2013-09-01 10:00:00,21.57,52.65,918.0,882.28,154.0,390.4,4.0,22.0,88696.0,True,9,10,244
2013-09-01 11:00:00,21.86,51.05,796.0,652.33,260.0,400.05,4.0,20.0,88705.0,True,9,11,244
2013-09-01 12:00:00,22.26,48.75,572.0,312.02,345.0,403.85,3.72,18.0,88626.0,True,9,12,244
2013-09-01 13:00:00,22.52,47.05,566.0,678.09,166.0,403.05,3.66,16.0,88635.0,True,9,13,244
2013-09-01 14:00:00,22.6,45.65,191.0,33.48,177.0,393.4,3.66,17.0,88617.0,True,9,14,244
2013-09-01 15:00:00,22.49,44.75,118.0,98.19,96.0,384.2,3.72,17.0,88635.0,True,9,15,244
2013-09-01 16:00:00,21.98,44.95,0.0,0.0,0.0,365.4,3.52,16.0,88617.0,True,9,16,244
2013-09-01 17:00:00,21.05,46.75,0.0,-0.0,0.0,348.4,2.9,15.0,88670.0,True,9,17,244
2013-09-01 18:00:00,20.16,48.45,0.0,-0.0,0.0,333.2,2.69,14.0,88740.0,True,9,18,244
2013-09-01 19:00:00,19.58,50.7,0.0,-0.0,0.0,329.4,2.41,19.0,88766.0,True,9,19,244
2013-09-01 20:00:00,18.6,53.35,0.0,-0.0,0.0,319.0,2.28,19.0,88784.0,True,9,20,244
2013-09-01 21:00:00,17.51,57.1,0.0,-0.0,0.0,312.0,2.07,22.0,88766.0,True,9,21,244
2013-09-01 22:00:00,16.51,61.2,0.0,-0.0,0.0,313.0,1.79,24.0,88766.0,True,9,22,244
2013-09-01 23:00:00,15.69,63.95,0.0,-0.0,0.0,306.0,1.66,12.0,88792.0,True,9,23,244
2013-09-02 00:00:00,14.79,67.6,0.0,-0.0,0.0,303.4,1.86,353.0,88775.0,True,9,0,245
2013-09-02 01:00:00,14.04,71.5,0.0,-0.0,0.0,299.8,1.93,348.0,88792.0,True,9,1,245
2013-09-02 02:00:00,13.42,74.95,0.0,-0.0,0.0,298.0,1.93,346.0,88819.0,True,9,2,245
2013-09-02 03:00:00,12.9,78.45,0.0,-0.0,0.0,295.0,1.93,347.0,88836.0,True,9,3,245
2013-09-02 04:00:00,12.75,80.45,85.0,154.13,61.0,292.4,1.72,342.0,88862.0,True,9,4,245
2013-09-02 05:00:00,15.45,68.05,310.0,578.41,105.0,294.2,1.79,356.0,88906.0,True,9,5,245
2013-09-02 06:00:00,17.66,55.1,518.0,729.22,128.0,298.8,2.0,19.0,88880.0,True,9,6,245
2013-09-02 07:00:00,19.93,45.0,701.0,829.67,133.0,308.0,2.48,37.0,88889.0,True,9,7,245
2013-09-02 08:00:00,21.66,37.1,842.0,906.01,123.0,314.4,2.69,35.0,88810.0,True,9,8,245
2013-09-02 09:00:00,23.02,32.55,918.0,928.22,125.0,319.2,2.48,31.0,88784.0,True,9,9,245
2013-09-02 10:00:00,24.1,29.55,934.0,949.37,115.0,324.0,2.0,24.0,88740.0,True,9,10,245
2013-09-02 11:00:00,25.07,27.25,889.0,969.34,96.0,326.4,1.79,16.0,88696.0,True,9,11,245
2013-09-02 12:00:00,25.81,25.65,776.0,949.45,89.0,329.4,1.93,13.0,88626.0,True,9,12,245
2013-09-02 13:00:00,26.25,24.6,606.0,882.85,89.0,330.0,2.14,18.0,88556.0,True,9,13,245
2013-09-02 14:00:00,26.33,23.95,393.0,718.15,96.0,333.6,2.62,26.0,88539.0,True,9,14,245
2013-09-02 15:00:00,25.84,23.95,157.0,323.94,86.0,335.8,3.52,37.0,88539.0,True,9,15,245
2013-09-02 16:00:00,24.4,25.5,0.0,0.0,0.0,324.2,3.59,47.0,88565.0,True,9,16,245
2013-09-02 17:00:00,22.5,28.3,0.0,-0.0,0.0,318.8,3.1,56.0,88626.0,True,9,17,245
2013-09-02 18:00:00,21.22,30.6,0.0,-0.0,0.0,314.4,1.86,65.0,88731.0,True,9,18,245
2013-09-02 19:00:00,20.66,33.7,0.0,-0.0,0.0,310.6,0.76,94.0,88775.0,True,9,19,245
2013-09-02 20:00:00,20.19,33.05,0.0,-0.0,0.0,309.0,0.76,229.0,88784.0,True,9,20,245
2013-09-02 21:00:00,18.25,39.45,0.0,-0.0,0.0,308.0,1.24,245.0,88766.0,True,9,21,245
2013-09-02 22:00:00,17.48,40.9,0.0,-0.0,0.0,307.0,1.38,251.0,88784.0,True,9,22,245
2013-09-02 23:00:00,16.96,41.8,0.0,-0.0,0.0,305.6,1.38,262.0,88766.0,True,9,23,245
2013-09-03 00:00:00,16.41,42.95,0.0,-0.0,0.0,304.2,1.38,278.0,88731.0,True,9,0,246
2013-09-03 01:00:00,16.03,43.75,0.0,-0.0,0.0,302.6,1.45,287.0,88714.0,True,9,1,246
2013-09-03 02:00:00,15.38,45.3,0.0,-0.0,0.0,301.0,1.59,294.0,88722.0,True,9,2,246
2013-09-03 03:00:00,14.63,47.4,0.0,-0.0,0.0,300.0,1.72,308.0,88714.0,True,9,3,246
2013-09-03 04:00:00,13.82,51.0,81.0,130.68,61.0,298.6,1.93,320.0,88749.0,True,9,4,246
2013-09-03 05:00:00,16.55,44.8,294.0,497.36,119.0,301.2,1.79,334.0,88775.0,True,9,5,246
2013-09-03 06:00:00,20.3,33.75,506.0,687.61,140.0,306.6,2.48,347.0,88775.0,True,9,6,246
2013-09-03 07:00:00,22.36,28.9,698.0,828.46,133.0,316.6,1.93,19.0,88775.0,True,9,7,246
2013-09-03 08:00:00,23.88,26.05,840.0,905.41,124.0,323.6,1.72,51.0,88731.0,True,9,8,246
2013-09-03 09:00:00,25.22,24.35,915.0,927.99,125.0,333.2,1.66,65.0,88661.0,True,9,9,246
2013-09-03 10:00:00,26.32,23.25,941.0,984.45,95.0,336.0,1.52,63.0,88591.0,True,9,10,246
2013-09-03 11:00:00,27.12,22.5,894.0,1004.38,76.0,339.0,1.45,47.0,88530.0,True,9,11,246
2013-09-03 12:00:00,27.79,21.8,778.0,976.97,75.0,343.0,1.45,21.0,88451.0,True,9,12,246
2013-09-03 13:00:00,28.28,20.9,505.0,479.99,226.0,342.6,1.59,11.0,88364.0,True,9,13,246
2013-09-03 14:00:00,28.12,21.0,350.0,496.45,147.0,372.4,2.28,24.0,88338.0,True,9,14,246
2013-09-03 15:00:00,27.57,21.8,155.0,331.38,84.0,380.4,2.97,27.0,88303.0,True,9,15,246
2013-09-03 16:00:00,26.35,23.85,0.0,0.0,0.0,350.0,2.9,27.0,88320.0,True,9,16,246
2013-09-03 17:00:00,24.41,27.1,0.0,-0.0,0.0,333.2,2.76,13.0,88355.0,True,9,17,246
2013-09-03 18:00:00,23.04,29.75,0.0,-0.0,0.0,331.0,2.97,356.0,88460.0,True,9,18,246
2013-09-03 19:00:00,21.8,32.3,0.0,-0.0,0.0,324.8,3.24,344.0,88504.0,True,9,19,246
2013-09-03 20:00:00,21.04,31.8,0.0,-0.0,0.0,331.6,3.66,339.0,88530.0,True,9,20,246
2013-09-03 21:00:00,20.21,30.05,0.0,-0.0,0.0,321.8,3.93,336.0,88565.0,True,9,21,246
2013-09-03 22:00:00,19.31,29.75,0.0,-0.0,0.0,314.8,4.07,334.0,88626.0,True,9,22,246
2013-09-03 23:00:00,18.6,31.6,0.0,-0.0,0.0,318.6,4.0,333.0,88644.0,True,9,23,246
2013-09-04 00:00:00,17.69,35.3,0.0,-0.0,0.0,307.4,3.93,333.0,88670.0,True,9,0,247
2013-09-04 01:00:00,16.87,39.05,0.0,-0.0,0.0,305.4,3.72,334.0,88652.0,True,9,1,247
2013-09-04 02:00:00,16.15,42.4,0.0,-0.0,0.0,302.6,3.1,333.0,88652.0,True,9,2,247
2013-09-04 03:00:00,15.44,45.4,0.0,-0.0,0.0,303.0,2.55,328.0,88652.0,True,9,3,247
2013-09-04 04:00:00,14.78,48.85,29.0,0.0,29.0,295.6,2.07,321.0,88687.0,True,9,4,247
2013-09-04 05:00:00,16.88,42.9,245.0,263.4,153.0,297.2,2.34,327.0,88679.0,True,9,5,247
2013-09-04 06:00:00,18.83,38.05,471.0,545.59,182.0,303.0,3.59,342.0,88679.0,True,9,6,247
2013-09-04 07:00:00,20.42,33.9,688.0,797.84,146.0,308.0,3.31,348.0,88670.0,True,9,7,247
2013-09-04 08:00:00,21.92,30.65,796.0,761.44,196.0,312.4,3.52,346.0,88635.0,True,9,8,247
2013-09-04 09:00:00,23.26,28.05,678.0,319.49,407.0,318.0,3.66,342.0,88565.0,True,9,9,247
2013-09-04 10:00:00,24.57,24.9,433.0,38.55,400.0,320.8,4.0,332.0,88565.0,True,9,10,247
2013-09-04 11:00:00,25.55,22.25,703.0,437.88,348.0,346.4,4.62,324.0,88556.0,True,9,11,247
2013-09-04 12:00:00,24.93,24.2,182.0,0.0,182.0,359.0,6.34,338.0,88600.0,True,9,12,247
2013-09-04 13:00:00,23.02,30.6,504.0,490.59,221.0,365.0,7.31,347.0,88652.0,True,9,13,247
2013-09-04 14:00:00,21.96,33.6,119.0,0.0,119.0,331.4,6.9,348.0,88687.0,True,9,14,247
2013-09-04 15:00:00,21.18,33.6,135.0,224.57,88.0,326.0,6.62,350.0,88670.0,True,9,15,247
2013-09-04 16:00:00,20.07,32.9,0.0,0.0,0.0,311.6,5.93,352.0,88731.0,True,9,16,247
2013-09-04 17:00:00,18.78,33.1,0.0,-0.0,0.0,297.6,5.66,350.0,88784.0,True,9,17,247
2013-09-04 18:00:00,17.64,34.05,0.0,-0.0,0.0,293.6,5.72,348.0,88854.0,True,9,18,247
2013-09-04 19:00:00,16.15,39.6,0.0,-0.0,0.0,289.8,4.07,349.0,88906.0,True,9,19,247
2013-09-04 20:00:00,15.21,42.85,0.0,-0.0,0.0,283.2,4.55,343.0,88932.0,True,9,20,247
2013-09-04 21:00:00,14.28,48.0,0.0,-0.0,0.0,283.2,4.9,345.0,88950.0,True,9,21,247
2013-09-04 22:00:00,13.44,52.8,0.0,-0.0,0.0,282.0,4.62,345.0,88932.0,True,9,22,247
2013-09-04 23:00:00,12.72,56.15,0.0,-0.0,0.0,280.0,4.14,344.0,88950.0,True,9,23,247
2013-09-05 00:00:00,12.02,58.9,0.0,-0.0,0.0,276.6,3.93,343.0,88967.0,True,9,0,248
2013-09-05 01:00:00,11.49,61.25,0.0,-0.0,0.0,276.0,3.79,342.0,89020.0,True,9,1,248
2013-09-05 02:00:00,10.9,63.95,0.0,-0.0,0.0,272.4,3.59,342.0,89011.0,True,9,2,248
2013-09-05 03:00:00,10.47,66.45,0.0,-0.0,0.0,275.2,3.31,341.0,89037.0,True,9,3,248
2013-09-05 04:00:00,10.16,68.8,110.0,460.46,42.0,267.4,2.76,339.0,89072.0,True,9,4,248
2013-09-05 05:00:00,11.47,63.2,317.0,677.85,82.0,271.2,3.52,344.0,89063.0,True,9,5,248
2013-09-05 06:00:00,13.13,55.0,518.0,768.35,113.0,273.8,3.93,357.0,89055.0,True,9,6,248
2013-09-05 07:00:00,14.92,48.15,696.0,843.87,125.0,277.8,4.21,8.0,89020.0,True,9,7,248
2013-09-05 08:00:00,16.51,41.15,829.0,887.77,132.0,285.8,3.93,15.0,88958.0,True,9,8,248
2013-09-05 09:00:00,18.0,35.1,904.0,909.94,135.0,296.2,3.93,16.0,88915.0,True,9,9,248
2013-09-05 10:00:00,19.29,30.6,904.0,879.7,154.0,299.4,4.07,17.0,88880.0,True,9,10,248
2013-09-05 11:00:00,20.35,27.1,854.0,882.33,142.0,305.0,4.07,20.0,88810.0,True,9,11,248
2013-09-05 12:00:00,21.07,24.7,726.0,799.84,157.0,297.0,3.79,23.0,88705.0,True,9,12,248
2013-09-05 13:00:00,21.4,23.45,560.0,728.53,143.0,297.6,3.52,22.0,88670.0,True,9,13,248
2013-09-05 14:00:00,21.34,23.1,362.0,608.38,119.0,296.4,3.45,20.0,88644.0,True,9,14,248
2013-09-05 15:00:00,20.82,23.65,142.0,298.62,81.0,294.4,3.31,20.0,88635.0,True,9,15,248
2013-09-05 16:00:00,19.78,25.35,0.0,0.0,0.0,291.2,2.41,23.0,88661.0,True,9,16,248
2013-09-05 17:00:00,18.53,27.7,0.0,-0.0,0.0,287.8,1.79,20.0,88696.0,True,9,17,248
2013-09-05 18:00:00,17.21,30.5,0.0,-0.0,0.0,285.0,1.66,0.0,88749.0,True,9,18,248
2013-09-05 19:00:00,15.44,35.45,0.0,-0.0,0.0,281.4,2.28,348.0,88766.0,True,9,19,248
2013-09-05 20:00:00,14.45,38.4,0.0,-0.0,0.0,279.4,2.34,336.0,88784.0,True,9,20,248
2013-09-05 21:00:00,13.55,41.1,0.0,-0.0,0.0,278.0,2.34,328.0,88757.0,True,9,21,248
2013-09-05 22:00:00,12.72,43.85,0.0,-0.0,0.0,276.2,2.28,324.0,88766.0,True,9,22,248
2013-09-05 23:00:00,11.94,46.4,0.0,-0.0,0.0,275.2,2.28,324.0,88784.0,True,9,23,248
2013-09-06 00:00:00,11.23,48.65,0.0,-0.0,0.0,273.6,2.28,326.0,88749.0,True,9,0,249
2013-09-06 01:00:00,10.62,50.7,0.0,-0.0,0.0,272.0,2.34,329.0,88749.0,True,9,1,249
2013-09-06 02:00:00,9.97,53.3,0.0,-0.0,0.0,271.0,2.21,329.0,88731.0,True,9,2,249
2013-09-06 03:00:00,9.33,56.6,0.0,-0.0,0.0,269.4,2.0,322.0,88749.0,True,9,3,249
2013-09-06 04:00:00,9.21,58.3,107.0,455.23,41.0,268.6,1.72,311.0,88766.0,True,9,4,249
2013-09-06 05:00:00,11.9,51.15,315.0,677.19,82.0,271.2,1.38,317.0,88757.0,True,9,5,249
2013-09-06 06:00:00,14.9,42.0,518.0,781.73,108.0,276.4,1.24,352.0,88749.0,True,9,6,249
2013-09-06 07:00:00,16.46,36.85,693.0,842.84,125.0,281.2,1.72,28.0,88722.0,True,9,7,249
2013-09-06 08:00:00,17.9,32.35,830.0,903.87,123.0,286.8,1.24,41.0,88670.0,True,9,8,249
2013-09-06 09:00:00,19.33,28.75,900.0,909.8,134.0,292.2,0.97,39.0,88635.0,True,9,9,249
2013-09-06 10:00:00,20.69,25.6,915.0,929.24,126.0,296.6,1.03,24.0,88600.0,True,9,10,249
2013-09-06 11:00:00,21.83,22.9,863.0,931.36,115.0,300.0,1.24,19.0,88521.0,True,9,11,249
2013-09-06 12:00:00,22.66,20.9,741.0,878.1,120.0,301.2,1.45,17.0,88443.0,True,9,12,249
2013-09-06 13:00:00,23.1,19.55,574.0,813.57,112.0,301.8,1.72,21.0,88408.0,True,9,13,249
2013-09-06 14:00:00,23.15,18.85,365.0,653.82,107.0,300.8,2.07,25.0,88408.0,True,9,14,249
2013-09-06 15:00:00,22.71,18.55,139.0,301.19,79.0,298.2,2.55,32.0,88425.0,True,9,15,249
2013-09-06 16:00:00,21.44,19.35,0.0,-0.0,0.0,294.6,2.62,42.0,88469.0,True,9,16,249
2013-09-06 17:00:00,19.71,21.1,0.0,-0.0,0.0,289.8,2.41,44.0,88504.0,True,9,17,249
2013-09-06 18:00:00,18.35,23.05,0.0,-0.0,0.0,287.2,1.72,34.0,88626.0,True,9,18,249
2013-09-06 19:00:00,17.02,25.35,0.0,-0.0,0.0,282.6,1.31,7.0,88652.0,True,9,19,249
2013-09-06 20:00:00,15.72,28.4,0.0,-0.0,0.0,280.2,1.38,321.0,88714.0,True,9,20,249
2013-09-06 21:00:00,14.45,29.6,0.0,-0.0,0.0,278.8,1.66,301.0,88696.0,True,9,21,249
2013-09-06 22:00:00,13.59,30.3,0.0,-0.0,0.0,276.4,1.72,293.0,88757.0,True,9,22,249
2013-09-06 23:00:00,12.9,31.2,0.0,-0.0,0.0,275.0,1.79,289.0,88766.0,True,9,23,249
2013-09-07 00:00:00,12.45,31.7,0.0,-0.0,0.0,273.0,1.79,288.0,88766.0,True,9,0,250
2013-09-07 01:00:00,12.03,32.15,0.0,-0.0,0.0,271.2,1.79,292.0,88784.0,True,9,1,250
2013-09-07 02:00:00,11.63,32.5,0.0,-0.0,0.0,269.6,1.79,298.0,88801.0,True,9,2,250
2013-09-07 03:00:00,11.1,33.45,0.0,-0.0,0.0,268.2,1.86,304.0,88854.0,True,9,3,250
2013-09-07 04:00:00,10.93,34.7,105.0,449.84,41.0,267.2,1.86,304.0,88880.0,True,9,4,250
2013-09-07 05:00:00,14.45,28.4,313.0,688.28,78.0,270.6,1.1,310.0,88915.0,True,9,5,250
2013-09-07 06:00:00,17.81,22.25,512.0,766.55,112.0,276.0,1.38,349.0,88924.0,True,9,6,250
2013-09-07 07:00:00,19.47,24.3,687.0,826.94,132.0,283.8,2.21,23.0,88924.0,True,9,7,250
2013-09-07 08:00:00,21.04,20.75,823.0,886.77,132.0,290.4,2.28,36.0,88906.0,True,9,8,250
2013-09-07 09:00:00,22.25,18.7,897.0,908.53,135.0,295.4,2.0,42.0,88854.0,True,9,9,250
2013-09-07 10:00:00,23.27,17.25,911.0,929.58,125.0,299.6,1.79,41.0,88801.0,True,9,10,250
2013-09-07 11:00:00,24.03,16.15,854.0,913.37,124.0,302.6,1.66,38.0,88757.0,True,9,11,250
2013-09-07 12:00:00,24.57,15.4,736.0,876.28,120.0,304.0,1.66,32.0,88679.0,True,9,12,250
2013-09-07 13:00:00,24.81,15.0,569.0,811.29,112.0,304.2,1.79,29.0,88652.0,True,9,13,250
2013-09-07 14:00:00,24.71,15.0,358.0,638.9,109.0,303.0,2.14,28.0,88626.0,True,9,14,250
2013-09-07 15:00:00,24.22,15.4,151.0,443.05,65.0,300.6,2.48,34.0,88600.0,True,9,15,250
2013-09-07 16:00:00,22.75,17.2,0.0,-0.0,0.0,296.4,2.48,45.0,88626.0,True,9,16,250
2013-09-07 17:00:00,20.95,19.7,0.0,-0.0,0.0,293.4,2.34,46.0,88670.0,True,9,17,250
2013-09-07 18:00:00,19.41,22.55,0.0,-0.0,0.0,291.2,1.86,34.0,88731.0,True,9,18,250
2013-09-07 19:00:00,17.72,24.9,0.0,-0.0,0.0,287.2,1.79,2.0,88766.0,True,9,19,250
2013-09-07 20:00:00,16.19,28.05,0.0,-0.0,0.0,285.2,1.93,330.0,88792.0,True,9,20,250
2013-09-07 21:00:00,14.94,30.0,0.0,-0.0,0.0,284.0,2.0,317.0,88792.0,True,9,21,250
2013-09-07 22:00:00,13.98,31.3,0.0,-0.0,0.0,282.6,2.14,313.0,88801.0,True,9,22,250
2013-09-07 23:00:00,13.18,32.85,0.0,-0.0,0.0,281.2,2.21,310.0,88810.0,True,9,23,250
2013-09-08 00:00:00,12.45,34.3,0.0,-0.0,0.0,279.4,2.21,307.0,88810.0,True,9,0,251
2013-09-08 01:00:00,11.88,35.4,0.0,-0.0,0.0,277.6,2.21,307.0,88784.0,True,9,1,251
2013-09-08 02:00:00,11.38,36.45,0.0,-0.0,0.0,276.0,2.21,306.0,88801.0,True,9,2,251
2013-09-08 03:00:00,10.92,37.65,0.0,-0.0,0.0,274.4,2.21,306.0,88845.0,True,9,3,251
2013-09-08 04:00:00,10.76,39.2,94.0,329.62,48.0,273.0,2.07,309.0,88880.0,True,9,4,251
2013-09-08 05:00:00,13.9,34.25,298.0,590.36,98.0,275.2,1.45,319.0,88906.0,True,9,5,251
2013-09-08 06:00:00,17.9,25.0,496.0,695.39,135.0,281.6,2.07,341.0,88880.0,True,9,6,251
2013-09-08 07:00:00,19.92,24.8,684.0,825.93,132.0,288.2,2.83,2.0,88862.0,True,9,7,251
2013-09-08 08:00:00,21.61,21.3,811.0,852.84,149.0,295.0,2.69,16.0,88827.0,True,9,8,251
2013-09-08 09:00:00,22.78,19.45,884.0,874.99,153.0,300.8,2.34,23.0,88749.0,True,9,9,251
2013-09-08 10:00:00,23.76,18.35,902.0,910.99,135.0,304.8,2.21,20.0,88722.0,True,9,10,251
2013-09-08 11:00:00,24.48,17.5,841.0,878.91,142.0,307.4,2.28,15.0,88661.0,True,9,11,251
2013-09-08 12:00:00,24.95,16.9,732.0,874.5,121.0,309.0,2.62,10.0,88583.0,True,9,12,251
2013-09-08 13:00:00,25.08,16.75,561.0,794.74,117.0,307.8,2.9,10.0,88548.0,True,9,13,251
2013-09-08 14:00:00,24.83,17.05,358.0,673.04,99.0,305.6,3.31,12.0,88556.0,True,9,14,251
2013-09-08 15:00:00,24.07,17.65,134.0,328.1,72.0,303.4,3.72,15.0,88530.0,True,9,15,251
2013-09-08 16:00:00,22.47,19.3,0.0,-0.0,0.0,300.2,3.38,14.0,88556.0,True,9,16,251
2013-09-08 17:00:00,20.66,21.05,0.0,-0.0,0.0,296.2,3.45,4.0,88626.0,True,9,17,251
2013-09-08 18:00:00,19.32,21.65,0.0,-0.0,0.0,293.0,3.59,353.0,88705.0,True,9,18,251
2013-09-08 19:00:00,18.15,20.95,0.0,-0.0,0.0,288.8,3.79,341.0,88749.0,True,9,19,251
2013-09-08 20:00:00,17.27,20.9,0.0,-0.0,0.0,285.2,4.07,336.0,88792.0,True,9,20,251
2013-09-08 21:00:00,16.35,25.3,0.0,-0.0,0.0,282.6,4.62,336.0,88827.0,True,9,21,251
2013-09-08 22:00:00,15.33,35.9,0.0,-0.0,0.0,282.4,4.55,337.0,88915.0,True,9,22,251
2013-09-08 23:00:00,14.39,46.45,0.0,-0.0,0.0,281.6,4.41,336.0,88932.0,True,9,23,251
2013-09-09 00:00:00,13.58,55.1,0.0,-0.0,0.0,281.4,4.34,335.0,88924.0,True,9,0,252
2013-09-09 01:00:00,12.75,62.25,0.0,-0.0,0.0,281.0,4.21,334.0,88932.0,True,9,1,252
2013-09-09 02:00:00,12.13,68.45,0.0,-0.0,0.0,280.4,4.07,333.0,88958.0,True,9,2,252
2013-09-09 03:00:00,11.59,73.55,0.0,-0.0,0.0,279.8,3.93,333.0,89002.0,True,9,3,252
2013-09-09 04:00:00,11.34,76.6,89.0,292.35,49.0,279.0,3.79,333.0,89046.0,True,9,4,252
2013-09-09 05:00:00,12.61,71.05,295.0,589.12,97.0,281.0,4.28,338.0,89072.0,True,9,5,252
2013-09-09 06:00:00,14.5,62.25,501.0,735.84,121.0,285.6,4.69,351.0,89081.0,True,9,6,252
2013-09-09 07:00:00,17.04,52.0,681.0,824.95,132.0,293.2,4.34,10.0,89090.0,True,9,7,252
2013-09-09 08:00:00,18.89,42.25,816.0,884.66,132.0,299.2,4.21,18.0,89028.0,True,9,8,252
2013-09-09 09:00:00,20.34,34.4,890.0,907.33,135.0,304.4,4.14,20.0,88985.0,True,9,9,252
2013-09-09 10:00:00,21.37,29.65,893.0,893.48,144.0,315.0,4.14,22.0,88941.0,True,9,10,252
2013-09-09 11:00:00,22.17,26.55,841.0,894.73,133.0,312.0,4.14,22.0,88950.0,True,9,11,252
2013-09-09 12:00:00,22.7,24.75,715.0,826.69,141.0,311.8,4.14,21.0,88880.0,True,9,12,252
2013-09-09 13:00:00,22.86,23.75,543.0,734.66,136.0,307.0,4.07,21.0,88871.0,True,9,13,252
2013-09-09 14:00:00,22.63,23.6,341.0,597.58,114.0,304.4,4.14,24.0,88880.0,True,9,14,252
2013-09-09 15:00:00,21.94,24.45,125.0,282.93,73.0,303.0,4.0,30.0,88880.0,True,9,15,252
2013-09-09 16:00:00,20.58,26.9,0.0,-0.0,0.0,298.6,2.9,40.0,88906.0,True,9,16,252
2013-09-09 17:00:00,19.12,29.85,0.0,-0.0,0.0,294.0,2.21,39.0,88967.0,True,9,17,252
2013-09-09 18:00:00,17.88,32.85,0.0,-0.0,0.0,290.4,1.72,19.0,89055.0,True,9,18,252
2013-09-09 19:00:00,16.23,34.85,0.0,-0.0,0.0,285.2,1.66,333.0,89081.0,True,9,19,252
2013-09-09 20:00:00,14.86,38.05,0.0,-0.0,0.0,282.6,2.0,314.0,89116.0,True,9,20,252
2013-09-09 21:00:00,13.67,41.4,0.0,-0.0,0.0,280.8,1.93,310.0,89107.0,True,9,21,252
2013-09-09 22:00:00,12.77,43.8,0.0,-0.0,0.0,278.4,1.93,307.0,89142.0,True,9,22,252
2013-09-09 23:00:00,12.11,45.45,0.0,-0.0,0.0,276.2,1.93,303.0,89107.0,True,9,23,252
2013-09-10 00:00:00,11.61,46.6,0.0,-0.0,0.0,274.8,1.86,301.0,89142.0,True,9,0,253
2013-09-10 01:00:00,11.53,46.55,0.0,-0.0,0.0,273.0,1.66,297.0,89125.0,True,9,1,253
2013-09-10 02:00:00,12.65,42.55,0.0,-0.0,0.0,271.6,1.24,284.0,89116.0,True,9,2,253
2013-09-10 03:00:00,12.6,42.55,0.0,-0.0,0.0,269.8,1.24,277.0,89125.0,True,9,3,253
2013-09-10 04:00:00,11.71,45.8,95.0,402.75,41.0,268.0,1.45,284.0,89186.0,True,9,4,253
2013-09-10 05:00:00,14.47,38.2,303.0,668.87,80.0,271.0,0.69,288.0,89168.0,True,9,5,253
2013-09-10 06:00:00,17.07,32.45,504.0,763.14,112.0,276.6,0.14,55.0,89160.0,True,9,6,253
2013-09-10 07:00:00,18.59,31.45,681.0,839.1,125.0,284.0,1.17,95.0,89116.0,True,9,7,253
2013-09-10 08:00:00,20.28,27.05,809.0,868.74,140.0,290.0,1.52,94.0,89081.0,True,9,8,253
2013-09-10 09:00:00,21.77,23.45,886.0,907.41,134.0,295.8,1.45,84.0,89037.0,True,9,9,253
2013-09-10 10:00:00,23.08,20.3,894.0,909.42,135.0,301.4,1.31,76.0,88958.0,True,9,10,253
2013-09-10 11:00:00,24.16,17.95,836.0,894.25,132.0,305.0,1.24,63.0,88889.0,True,9,11,253
2013-09-10 12:00:00,24.9,16.4,714.0,840.66,134.0,307.2,1.31,47.0,88784.0,True,9,12,253
2013-09-10 13:00:00,25.3,15.45,550.0,790.13,116.0,308.0,1.38,42.0,88731.0,True,9,13,253
2013-09-10 14:00:00,25.31,15.2,344.0,642.9,103.0,307.4,1.52,46.0,88714.0,True,9,14,253
2013-09-10 15:00:00,24.87,15.55,122.0,285.59,71.0,305.6,2.28,51.0,88687.0,True,9,15,253
2013-09-10 16:00:00,23.18,17.55,0.0,-0.0,0.0,302.6,2.48,63.0,88714.0,True,9,16,253
2013-09-10 17:00:00,21.35,20.1,0.0,-0.0,0.0,299.4,2.0,65.0,88766.0,True,9,17,253
2013-09-10 18:00:00,20.0,22.85,0.0,-0.0,0.0,297.2,0.97,65.0,88827.0,True,9,18,253
2013-09-10 19:00:00,19.61,24.2,0.0,-0.0,0.0,295.2,0.28,304.0,88827.0,True,9,19,253
2013-09-10 20:00:00,17.48,29.55,0.0,-0.0,0.0,294.2,1.31,275.0,88862.0,True,9,20,253
2013-09-10 21:00:00,16.15,32.0,0.0,-0.0,0.0,293.8,1.59,278.0,88862.0,True,9,21,253
2013-09-10 22:00:00,15.36,33.3,0.0,-0.0,0.0,293.0,1.72,281.0,88880.0,True,9,22,253
2013-09-10 23:00:00,14.59,34.75,0.0,-0.0,0.0,291.6,1.79,287.0,88880.0,True,9,23,253
2013-09-11 00:00:00,13.89,36.15,0.0,-0.0,0.0,289.6,1.93,295.0,88854.0,True,9,0,254
2013-09-11 01:00:00,13.25,37.55,0.0,-0.0,0.0,287.8,2.0,300.0,88854.0,True,9,1,254
2013-09-11 02:00:00,12.61,38.9,0.0,-0.0,0.0,286.8,2.07,302.0,88871.0,True,9,2,254
2013-09-11 03:00:00,12.19,39.85,0.0,-0.0,0.0,285.2,2.07,305.0,88889.0,True,9,3,254
2013-09-11 04:00:00,12.07,40.7,87.0,319.82,45.0,284.2,2.0,305.0,88924.0,True,9,4,254
2013-09-11 05:00:00,15.46,34.2,293.0,607.85,92.0,287.4,1.24,309.0,88941.0,True,9,5,254
2013-09-11 06:00:00,19.45,25.25,496.0,734.01,121.0,293.6,1.59,334.0,88950.0,True,9,6,254
2013-09-11 07:00:00,21.53,22.95,675.0,823.11,132.0,301.2,1.86,2.0,88915.0,True,9,7,254
2013-09-11 08:00:00,23.28,20.0,805.0,867.09,140.0,308.4,1.93,14.0,88906.0,True,9,8,254
2013-09-11 09:00:00,24.62,18.7,877.0,889.37,143.0,315.2,2.0,20.0,88836.0,True,9,9,254
2013-09-11 10:00:00,25.73,18.45,880.0,875.02,153.0,320.4,2.07,21.0,88801.0,True,9,10,254
2013-09-11 11:00:00,26.47,18.4,823.0,860.63,149.0,324.4,2.0,24.0,88740.0,True,9,11,254
2013-09-11 12:00:00,26.96,18.2,705.0,824.23,140.0,326.6,2.0,22.0,88617.0,True,9,12,254
2013-09-11 13:00:00,27.22,18.1,539.0,760.32,125.0,327.2,2.07,14.0,88600.0,True,9,13,254
2013-09-11 14:00:00,27.14,18.25,337.0,627.33,105.0,326.4,2.48,11.0,88574.0,True,9,14,254
2013-09-11 15:00:00,26.59,19.0,119.0,294.23,68.0,323.2,2.83,18.0,88583.0,True,9,15,254
2013-09-11 16:00:00,24.87,21.4,0.0,-0.0,0.0,319.2,2.48,33.0,88609.0,True,9,16,254
2013-09-11 17:00:00,23.11,24.15,0.0,-0.0,0.0,314.2,2.0,29.0,88652.0,True,9,17,254
2013-09-11 18:00:00,21.42,27.55,0.0,-0.0,0.0,310.6,1.38,1.0,88749.0,True,9,18,254
2013-09-11 19:00:00,19.69,30.1,0.0,-0.0,0.0,306.2,1.79,330.0,88749.0,True,9,19,254
2013-09-11 20:00:00,18.27,33.35,0.0,-0.0,0.0,304.6,1.86,308.0,88784.0,True,9,20,254
2013-09-11 21:00:00,17.27,35.5,0.0,-0.0,0.0,303.4,1.86,292.0,88757.0,True,9,21,254
2013-09-11 22:00:00,16.44,37.1,0.0,-0.0,0.0,301.8,1.93,285.0,88801.0,True,9,22,254
2013-09-11 23:00:00,15.7,38.8,0.0,-0.0,0.0,300.4,2.07,282.0,88792.0,True,9,23,254
2013-09-12 00:00:00,15.01,40.5,0.0,-0.0,0.0,299.4,2.14,285.0,88749.0,True,9,0,255
2013-09-12 01:00:00,14.57,41.7,0.0,-0.0,0.0,298.0,2.14,288.0,88757.0,True,9,1,255
2013-09-12 02:00:00,14.12,42.9,0.0,-0.0,0.0,297.2,2.21,292.0,88757.0,True,9,2,255
2013-09-12 03:00:00,13.9,43.45,0.0,-0.0,0.0,296.4,2.14,297.0,88784.0,True,9,3,255
2013-09-12 04:00:00,13.96,43.85,87.0,342.26,43.0,295.6,2.07,298.0,88819.0,True,9,4,255
2013-09-12 05:00:00,17.54,36.2,293.0,628.18,87.0,298.4,1.24,299.0,88871.0,True,9,5,255
2013-09-12 06:00:00,21.27,28.7,493.0,732.16,121.0,305.0,1.52,328.0,88871.0,True,9,6,255
2013-09-12 07:00:00,23.59,25.55,671.0,822.25,131.0,313.2,2.41,348.0,88880.0,True,9,7,255
2013-09-12 08:00:00,25.17,23.5,802.0,866.78,140.0,320.4,2.83,353.0,88836.0,True,9,8,255
2013-09-12 09:00:00,26.48,22.25,878.0,905.3,134.0,326.8,3.03,355.0,88801.0,True,9,9,255
2013-09-12 10:00:00,27.53,21.35,876.0,875.42,152.0,331.8,3.17,356.0,88731.0,True,9,10,255
2013-09-12 11:00:00,28.29,20.55,823.0,875.49,141.0,335.8,3.1,356.0,88661.0,True,9,11,255
2013-09-12 12:00:00,28.78,19.8,700.0,822.34,140.0,337.6,3.03,356.0,88617.0,True,9,12,255
2013-09-12 13:00:00,28.95,19.3,531.0,743.02,130.0,337.8,2.97,356.0,88583.0,True,9,13,255
2013-09-12 14:00:00,28.76,19.2,326.0,589.46,111.0,335.8,2.9,357.0,88583.0,True,9,14,255
2013-09-12 15:00:00,28.16,19.7,112.0,267.77,67.0,332.6,2.69,2.0,88574.0,True,9,15,255
2013-09-12 16:00:00,26.54,22.0,0.0,-0.0,0.0,327.2,2.14,13.0,88574.0,True,9,16,255
2013-09-12 17:00:00,24.72,24.7,0.0,-0.0,0.0,323.0,1.79,13.0,88626.0,True,9,17,255
2013-09-12 18:00:00,23.1,29.4,0.0,-0.0,0.0,319.8,1.17,4.0,88696.0,True,9,18,255
2013-09-12 19:00:00,23.42,26.65,0.0,-0.0,0.0,317.4,0.34,242.0,88731.0,True,9,19,255
2013-09-12 20:00:00,21.36,31.3,0.0,-0.0,0.0,315.8,1.38,234.0,88749.0,True,9,20,255
2013-09-12 21:00:00,19.7,34.65,0.0,-0.0,0.0,313.8,1.79,235.0,88749.0,True,9,21,255
2013-09-12 22:00:00,19.28,35.2,0.0,-0.0,0.0,311.6,1.79,234.0,88740.0,True,9,22,255
2013-09-12 23:00:00,19.01,35.55,0.0,-0.0,0.0,310.0,1.72,232.0,88757.0,True,9,23,255
2013-09-13 00:00:00,18.67,36.1,0.0,-0.0,0.0,308.4,1.72,231.0,88740.0,True,9,0,256
2013-09-13 01:00:00,18.0,37.65,0.0,-0.0,0.0,306.6,1.79,232.0,88766.0,True,9,1,256
2013-09-13 02:00:00,17.42,39.1,0.0,-0.0,0.0,305.0,1.86,229.0,88766.0,True,9,2,256
2013-09-13 03:00:00,16.66,41.1,0.0,-0.0,0.0,303.8,2.0,223.0,88775.0,True,9,3,256
2013-09-13 04:00:00,16.01,43.4,79.0,270.33,45.0,302.8,2.14,219.0,88792.0,True,9,4,256
2013-09-13 05:00:00,18.48,38.85,282.0,568.94,97.0,305.6,1.52,212.0,88810.0,True,9,5,256
2013-09-13 06:00:00,22.86,28.85,484.0,704.61,128.0,312.8,1.79,190.0,88862.0,True,9,6,256
2013-09-13 07:00:00,25.87,22.85,661.0,790.84,144.0,321.4,2.83,180.0,88784.0,True,9,7,256
2013-09-13 08:00:00,27.8,20.4,794.0,849.43,148.0,329.4,3.45,176.0,88766.0,True,9,8,256
2013-09-13 09:00:00,29.22,18.5,870.0,888.43,143.0,336.2,3.31,172.0,88722.0,True,9,9,256
2013-09-13 10:00:00,30.4,16.75,877.0,890.46,144.0,341.8,3.03,173.0,88644.0,True,9,10,256
2013-09-13 11:00:00,31.3,15.35,818.0,873.79,141.0,346.4,2.76,178.0,88565.0,True,9,11,256
2013-09-13 12:00:00,31.92,14.25,699.0,836.74,133.0,349.2,2.34,190.0,88495.0,True,9,12,256
2013-09-13 13:00:00,32.24,13.6,531.0,770.33,119.0,350.6,1.79,208.0,88478.0,True,9,13,256
2013-09-13 14:00:00,32.14,13.5,324.0,608.96,105.0,350.4,1.31,238.0,88460.0,True,9,14,256
2013-09-13 15:00:00,31.6,14.25,109.0,276.49,64.0,348.2,0.69,255.0,88443.0,True,9,15,256
2013-09-13 16:00:00,29.95,16.6,0.0,-0.0,0.0,342.0,0.28,189.0,88451.0,True,9,16,256
2013-09-13 17:00:00,28.37,18.05,0.0,-0.0,0.0,336.0,0.76,237.0,88478.0,True,9,17,256
2013-09-13 18:00:00,25.76,22.1,0.0,-0.0,0.0,331.0,1.45,253.0,88539.0,True,9,18,256
2013-09-13 19:00:00,23.03,26.1,0.0,-0.0,0.0,326.6,2.07,247.0,88556.0,True,9,19,256
2013-09-13 20:00:00,21.14,30.25,0.0,-0.0,0.0,322.4,2.28,248.0,88548.0,True,9,20,256
2013-09-13 21:00:00,19.58,34.5,0.0,-0.0,0.0,319.0,2.28,250.0,88556.0,True,9,21,256
2013-09-13 22:00:00,18.4,38.5,0.0,-0.0,0.0,315.8,2.34,248.0,88591.0,True,9,22,256
2013-09-13 23:00:00,17.48,42.45,0.0,-0.0,0.0,313.8,2.34,246.0,88565.0,True,9,23,256
2013-09-14 00:00:00,16.71,46.15,0.0,-0.0,0.0,311.4,2.34,243.0,88539.0,True,9,0,257
2013-09-14 01:00:00,16.06,49.5,0.0,-0.0,0.0,310.0,2.34,240.0,88521.0,True,9,1,257
2013-09-14 02:00:00,15.5,52.2,0.0,-0.0,0.0,308.8,2.28,241.0,88495.0,True,9,2,257
2013-09-14 03:00:00,15.11,53.85,0.0,-0.0,0.0,307.8,2.21,243.0,88469.0,True,9,3,257
2013-09-14 04:00:00,14.97,54.95,77.0,268.34,44.0,306.8,2.14,244.0,88469.0,True,9,4,257
2013-09-14 05:00:00,18.88,44.2,281.0,580.06,94.0,308.2,1.1,245.0,88486.0,True,9,5,257
2013-09-14 06:00:00,23.25,36.65,481.0,702.66,128.0,315.6,0.69,248.0,88478.0,True,9,6,257
2013-09-14 07:00:00,27.09,23.95,658.0,789.93,144.0,325.2,1.17,216.0,88451.0,True,9,7,257
2013-09-14 08:00:00,29.37,19.4,790.0,849.15,147.0,333.8,1.59,216.0,88390.0,True,9,8,257
2013-09-14 09:00:00,31.04,15.0,866.0,887.42,143.0,340.8,2.62,227.0,88320.0,True,9,9,257
2013-09-14 10:00:00,32.21,12.35,872.0,889.83,143.0,345.6,3.66,235.0,88233.0,True,9,10,257
2013-09-14 11:00:00,32.8,11.4,809.0,856.56,149.0,348.0,4.48,239.0,88189.0,True,9,11,257
2013-09-14 12:00:00,32.77,11.8,675.0,759.11,165.0,348.0,5.03,243.0,88119.0,True,9,12,257
2013-09-14 13:00:00,32.25,12.65,514.0,711.4,137.0,346.8,5.03,248.0,88119.0,True,9,13,257
2013-09-14 14:00:00,31.36,13.6,310.0,552.92,114.0,343.4,4.55,256.0,88137.0,True,9,14,257
2013-09-14 15:00:00,30.15,14.9,104.0,266.79,62.0,339.2,3.59,269.0,88128.0,True,9,15,257
2013-09-14 16:00:00,27.92,17.25,0.0,-0.0,0.0,332.0,2.55,288.0,88163.0,True,9,16,257
2013-09-14 17:00:00,25.85,19.65,0.0,-0.0,0.0,324.2,2.62,301.0,88215.0,True,9,17,257
2013-09-14 18:00:00,24.02,22.7,0.0,-0.0,0.0,320.0,3.17,323.0,88311.0,True,9,18,257
2013-09-14 19:00:00,22.07,30.7,0.0,-0.0,0.0,316.6,3.79,346.0,88408.0,True,9,19,257
2013-09-14 20:00:00,20.17,42.8,0.0,-0.0,0.0,314.8,3.52,355.0,88504.0,True,9,20,257
2013-09-14 21:00:00,18.73,53.15,0.0,-0.0,0.0,312.6,3.17,357.0,88565.0,True,9,21,257
2013-09-14 22:00:00,17.63,60.85,0.0,-0.0,0.0,310.4,3.03,350.0,88644.0,True,9,22,257
2013-09-14 23:00:00,16.73,65.95,0.0,-0.0,0.0,307.2,3.24,344.0,88670.0,True,9,23,257
2013-09-15 00:00:00,15.92,69.35,0.0,-0.0,0.0,305.2,3.24,340.0,88670.0,True,9,0,258
2013-09-15 01:00:00,15.02,71.35,0.0,-0.0,0.0,302.6,3.17,335.0,88670.0,True,9,1,258
2013-09-15 02:00:00,14.38,72.95,0.0,-0.0,0.0,301.2,2.97,328.0,88661.0,True,9,2,258
2013-09-15 03:00:00,13.8,74.8,0.0,-0.0,0.0,299.4,2.55,322.0,88635.0,True,9,3,258
2013-09-15 04:00:00,13.32,76.65,72.0,233.0,44.0,294.4,2.21,318.0,88609.0,True,9,4,258
2013-09-15 05:00:00,14.7,66.2,275.0,553.87,98.0,294.6,2.83,325.0,88591.0,True,9,5,258
2013-09-15 06:00:00,16.67,51.0,478.0,700.74,128.0,299.8,3.1,336.0,88556.0,True,9,6,258
2013-09-15 07:00:00,18.53,40.25,651.0,775.15,149.0,303.0,2.34,347.0,88521.0,True,9,7,258
2013-09-15 08:00:00,20.22,35.65,787.0,848.91,147.0,309.0,2.28,357.0,88469.0,True,9,8,258
2013-09-15 09:00:00,21.62,33.1,862.0,886.45,143.0,314.6,1.93,3.0,88416.0,True,9,9,258
2013-09-15 10:00:00,22.82,31.05,854.0,840.18,169.0,319.4,1.79,360.0,88399.0,True,9,10,258
2013-09-15 11:00:00,23.84,29.3,795.0,823.52,164.0,322.6,2.0,349.0,88311.0,True,9,11,258
2013-09-15 12:00:00,24.6,27.6,674.0,771.88,159.0,337.2,2.34,351.0,88233.0,True,9,12,258
2013-09-15 13:00:00,24.9,26.4,512.0,723.81,132.0,328.8,2.9,359.0,88172.0,True,9,13,258
2013-09-15 14:00:00,24.54,25.5,326.0,687.09,86.0,325.2,3.66,4.0,88180.0,True,9,14,258
2013-09-15 15:00:00,23.48,24.05,120.0,493.17,45.0,325.8,4.55,7.0,88198.0,True,9,15,258
2013-09-15 16:00:00,21.68,22.55,0.0,-0.0,0.0,314.6,4.55,5.0,88250.0,True,9,16,258
2013-09-15 17:00:00,20.09,20.85,0.0,-0.0,0.0,307.2,4.28,2.0,88346.0,True,9,17,258
2013-09-15 18:00:00,18.83,21.35,0.0,-0.0,0.0,303.4,3.66,2.0,88434.0,True,9,18,258
2013-09-15 19:00:00,17.42,22.75,0.0,-0.0,0.0,289.2,2.62,2.0,88486.0,True,9,19,258
2013-09-15 20:00:00,16.34,25.25,0.0,-0.0,0.0,285.0,2.14,349.0,88521.0,True,9,20,258
2013-09-15 21:00:00,15.17,28.5,0.0,-0.0,0.0,281.8,2.0,336.0,88539.0,True,9,21,258
2013-09-15 22:00:00,14.11,31.55,0.0,-0.0,0.0,279.8,2.07,323.0,88617.0,True,9,22,258
2013-09-15 23:00:00,13.22,34.2,0.0,-0.0,0.0,278.0,2.14,319.0,88609.0,True,9,23,258
2013-09-16 00:00:00,12.43,36.85,0.0,-0.0,0.0,275.6,2.14,318.0,88591.0,True,9,0,259
2013-09-16 01:00:00,11.7,39.65,0.0,-0.0,0.0,273.4,2.14,314.0,88583.0,True,9,1,259
2013-09-16 02:00:00,11.08,41.7,0.0,-0.0,0.0,271.4,1.93,310.0,88574.0,True,9,2,259
2013-09-16 03:00:00,11.23,41.3,0.0,-0.0,0.0,270.0,1.59,306.0,88565.0,True,9,3,259
2013-09-16 04:00:00,11.63,40.45,78.0,332.35,39.0,268.0,1.31,292.0,88556.0,True,9,4,259
2013-09-16 05:00:00,14.09,34.35,281.0,618.82,85.0,270.2,0.62,285.0,88565.0,True,9,5,259
2013-09-16 06:00:00,16.21,30.8,480.0,727.04,119.0,274.8,0.28,52.0,88530.0,True,9,6,259
2013-09-16 07:00:00,17.76,29.45,655.0,803.73,137.0,281.0,1.45,124.0,88504.0,True,9,7,259
2013-09-16 08:00:00,19.67,24.7,783.0,847.4,147.0,286.8,2.0,136.0,88460.0,True,9,8,259
2013-09-16 09:00:00,21.39,21.7,849.0,853.33,160.0,293.2,2.07,146.0,88373.0,True,9,9,259
2013-09-16 10:00:00,22.99,19.65,845.0,823.38,177.0,299.2,2.14,160.0,88285.0,True,9,10,259
2013-09-16 11:00:00,24.42,18.0,786.0,807.23,171.0,305.4,2.34,168.0,88180.0,True,9,11,259
2013-09-16 12:00:00,25.52,16.95,665.0,756.2,164.0,311.0,2.34,175.0,88067.0,True,9,12,259
2013-09-16 13:00:00,26.29,16.65,509.0,734.58,127.0,316.0,1.86,184.0,87988.0,True,9,13,259
2013-09-16 14:00:00,26.54,17.2,308.0,598.67,102.0,320.0,1.52,184.0,87892.0,True,9,14,259
2013-09-16 15:00:00,26.16,18.9,108.0,402.16,49.0,321.4,1.17,183.0,87918.0,True,9,15,259
2013-09-16 16:00:00,24.5,22.2,0.0,-0.0,0.0,319.2,0.83,162.0,87892.0,True,9,16,259
2013-09-16 17:00:00,22.47,27.3,0.0,-0.0,0.0,315.2,0.76,194.0,87927.0,True,9,17,259
2013-09-16 18:00:00,21.19,31.85,0.0,-0.0,0.0,311.0,0.76,196.0,87944.0,True,9,18,259
2013-09-16 19:00:00,19.84,37.55,0.0,-0.0,0.0,308.2,0.83,208.0,87953.0,True,9,19,259
2013-09-16 20:00:00,18.64,43.0,0.0,-0.0,0.0,307.2,1.03,224.0,87953.0,True,9,20,259
2013-09-16 21:00:00,16.71,51.65,0.0,-0.0,0.0,305.8,1.59,222.0,87918.0,True,9,21,259
2013-09-16 22:00:00,15.33,62.45,0.0,-0.0,0.0,304.6,2.07,227.0,87900.0,True,9,22,259
2013-09-16 23:00:00,14.66,72.35,0.0,-0.0,0.0,305.2,2.21,230.0,87883.0,True,9,23,259
2013-09-17 00:00:00,14.04,81.2,0.0,-0.0,0.0,303.4,2.21,227.0,87839.0,True,9,0,260
2013-09-17 01:00:00,13.49,87.45,0.0,-0.0,0.0,301.8,2.14,224.0,87839.0,True,9,1,260
2013-09-17 02:00:00,13.18,89.2,0.0,-0.0,0.0,307.2,2.14,223.0,87813.0,True,9,2,260
2013-09-17 03:00:00,13.26,88.65,0.0,-0.0,0.0,321.8,1.93,220.0,87831.0,True,9,3,260
2013-09-17 04:00:00,13.42,87.5,35.0,8.73,34.0,326.2,1.59,239.0,87857.0,True,9,4,260
2013-09-17 05:00:00,15.34,77.65,115.0,12.74,111.0,347.0,0.83,256.0,87900.0,True,9,5,260
2013-09-17 06:00:00,16.51,69.05,92.0,0.0,92.0,356.8,0.55,299.0,87988.0,True,9,6,260
2013-09-17 07:00:00,17.61,66.1,324.0,43.66,296.0,348.8,0.97,337.0,88005.0,True,9,7,260
2013-09-17 08:00:00,19.0,58.2,556.0,246.28,372.0,352.2,0.14,175.0,87997.0,True,9,8,260
2013-09-17 09:00:00,20.93,48.9,772.0,625.85,269.0,338.8,1.72,233.0,87927.0,True,9,9,260
2013-09-17 10:00:00,22.73,40.6,623.0,276.25,400.0,346.2,3.03,250.0,87822.0,True,9,10,260
2013-09-17 11:00:00,23.98,34.15,571.0,254.8,378.0,354.4,3.45,264.0,87778.0,True,9,11,260
2013-09-17 12:00:00,24.63,30.25,203.0,0.0,203.0,359.6,3.66,270.0,87717.0,True,9,12,260
2013-09-17 13:00:00,25.12,27.45,444.0,473.77,200.0,376.0,3.79,272.0,87682.0,True,9,13,260
2013-09-17 14:00:00,24.7,27.85,260.0,348.23,142.0,383.6,3.93,275.0,87691.0,True,9,14,260
2013-09-17 15:00:00,23.9,29.95,107.0,438.71,45.0,368.8,3.45,275.0,87717.0,True,9,15,260
2013-09-17 16:00:00,22.61,33.35,0.0,-0.0,0.0,345.6,2.21,276.0,87717.0,True,9,16,260
2013-09-17 17:00:00,21.41,37.1,0.0,-0.0,0.0,342.8,1.45,261.0,87804.0,True,9,17,260
2013-09-17 18:00:00,19.89,43.75,0.0,-0.0,0.0,334.6,1.45,229.0,87839.0,True,9,18,260
2013-09-17 19:00:00,18.63,51.3,0.0,-0.0,0.0,316.8,1.17,271.0,87874.0,True,9,19,260
2013-09-17 20:00:00,17.15,55.55,0.0,-0.0,0.0,318.8,1.45,284.0,87892.0,True,9,20,260
2013-09-17 21:00:00,16.18,59.65,0.0,-0.0,0.0,324.2,1.66,286.0,87909.0,True,9,21,260
2013-09-17 22:00:00,15.49,63.6,0.0,-0.0,0.0,322.0,1.66,281.0,87953.0,True,9,22,260
2013-09-17 23:00:00,14.77,68.2,0.0,-0.0,0.0,312.4,1.59,272.0,87918.0,True,9,23,260
2013-09-18 00:00:00,14.22,72.5,0.0,-0.0,0.0,314.8,1.59,263.0,87883.0,True,9,0,261
2013-09-18 01:00:00,13.42,78.5,0.0,-0.0,0.0,299.6,1.66,259.0,87866.0,True,9,1,261
2013-09-18 02:00:00,12.76,84.0,0.0,-0.0,0.0,300.2,1.79,269.0,87900.0,True,9,2,261
2013-09-18 03:00:00,12.58,86.25,0.0,-0.0,0.0,301.8,1.66,269.0,87918.0,True,9,3,261
2013-09-18 04:00:00,12.53,87.3,69.0,277.64,38.0,298.8,1.52,255.0,87927.0,True,9,4,261
2013-09-18 05:00:00,15.23,78.2,233.0,344.06,126.0,308.4,1.03,253.0,87944.0,True,9,5,261
2013-09-18 06:00:00,18.68,61.75,496.0,850.05,79.0,310.8,0.9,245.0,87962.0,True,9,6,261
2013-09-18 07:00:00,20.64,47.8,606.0,639.36,198.0,319.2,1.1,177.0,87918.0,True,9,7,261
2013-09-18 08:00:00,22.18,41.6,784.0,878.09,131.0,329.4,1.72,181.0,87900.0,True,9,8,261
2013-09-18 09:00:00,23.79,35.7,850.0,883.82,143.0,332.4,2.34,200.0,87831.0,True,9,9,261
2013-09-18 10:00:00,25.05,30.9,845.0,852.91,160.0,351.0,2.83,211.0,87752.0,True,9,10,261
2013-09-18 11:00:00,26.13,26.65,768.0,774.21,185.0,362.4,3.31,224.0,87708.0,True,9,11,261
2013-09-18 12:00:00,26.69,24.1,414.0,130.16,329.0,361.4,3.31,239.0,87603.0,True,9,12,261
2013-09-18 13:00:00,26.63,23.25,44.0,0.0,44.0,380.4,3.52,257.0,87586.0,True,9,13,261
2013-09-18 14:00:00,26.46,23.55,156.0,41.97,142.0,373.4,3.93,265.0,87612.0,True,9,14,261
2013-09-18 15:00:00,25.5,25.95,85.0,228.07,54.0,357.6,3.45,266.0,87638.0,True,9,15,261
2013-09-18 16:00:00,24.11,30.05,0.0,-0.0,0.0,365.6,2.76,269.0,87664.0,True,9,16,261
2013-09-18 17:00:00,22.52,35.1,0.0,-0.0,0.0,339.8,2.21,269.0,87752.0,True,9,17,261
2013-09-18 18:00:00,20.98,41.0,0.0,-0.0,0.0,332.6,2.0,258.0,87831.0,True,9,18,261
2013-09-18 19:00:00,19.53,46.9,0.0,-0.0,0.0,326.8,1.79,246.0,87866.0,True,9,19,261
2013-09-18 20:00:00,18.53,53.3,0.0,-0.0,0.0,336.0,1.79,244.0,87918.0,True,9,20,261
2013-09-18 21:00:00,17.5,60.15,0.0,-0.0,0.0,330.0,1.93,246.0,87935.0,True,9,21,261
2013-09-18 22:00:00,16.68,66.95,0.0,-0.0,0.0,329.2,2.0,247.0,87962.0,True,9,22,261
2013-09-18 23:00:00,15.76,74.5,0.0,-0.0,0.0,318.4,2.0,249.0,87970.0,True,9,23,261
2013-09-19 00:00:00,14.87,81.9,0.0,-0.0,0.0,310.8,2.0,249.0,87944.0,True,9,0,262
2013-09-19 01:00:00,14.15,87.75,0.0,-0.0,0.0,309.8,2.0,249.0,87962.0,True,9,1,262
2013-09-19 02:00:00,13.71,90.65,0.0,-0.0,0.0,313.4,1.93,252.0,87970.0,True,9,2,262
2013-09-19 03:00:00,13.63,91.8,0.0,-0.0,0.0,321.4,1.79,250.0,87997.0,True,9,3,262
2013-09-19 04:00:00,13.46,92.65,69.0,303.35,36.0,317.0,1.66,241.0,88067.0,True,9,4,262
2013-09-19 05:00:00,15.74,83.6,252.0,470.66,107.0,333.2,1.1,227.0,88075.0,True,9,5,262
2013-09-19 06:00:00,18.72,64.6,418.0,479.97,184.0,325.2,0.97,211.0,88128.0,True,9,6,262
2013-09-19 07:00:00,20.54,55.4,645.0,800.13,137.0,346.8,0.14,49.0,88102.0,True,9,7,262
2013-09-19 08:00:00,21.9,46.6,739.0,728.23,200.0,349.0,0.55,120.0,88119.0,True,9,8,262
2013-09-19 09:00:00,22.69,43.15,841.0,866.7,151.0,350.2,1.17,167.0,88058.0,True,9,9,262
2013-09-19 10:00:00,24.18,37.75,827.0,804.78,184.0,361.4,2.0,188.0,87979.0,True,9,10,262
2013-09-19 11:00:00,25.08,34.9,734.0,678.65,226.0,366.0,2.0,196.0,87918.0,True,9,11,262
2013-09-19 12:00:00,25.59,33.5,618.0,634.02,207.0,356.6,1.66,203.0,87857.0,True,9,12,262
2013-09-19 13:00:00,25.62,33.5,356.0,221.82,244.0,362.0,1.66,221.0,87796.0,True,9,13,262
2013-09-19 14:00:00,25.09,34.75,194.0,127.92,152.0,381.4,2.62,248.0,87822.0,True,9,14,262
2013-09-19 15:00:00,24.39,37.4,39.0,7.66,38.0,361.2,2.9,261.0,87839.0,True,9,15,262
2013-09-19 16:00:00,23.21,41.4,0.0,-0.0,0.0,350.2,1.93,260.0,87900.0,True,9,16,262
2013-09-19 17:00:00,22.08,45.95,0.0,-0.0,0.0,347.2,1.66,251.0,87988.0,True,9,17,262
2013-09-19 18:00:00,20.92,51.3,0.0,-0.0,0.0,350.8,1.72,237.0,88049.0,True,9,18,262
2013-09-19 19:00:00,19.84,55.6,0.0,-0.0,0.0,335.6,2.41,240.0,88093.0,True,9,19,262
2013-09-19 20:00:00,18.72,62.6,0.0,-0.0,0.0,331.8,2.34,235.0,88119.0,True,9,20,262
2013-09-19 21:00:00,17.79,68.5,0.0,-0.0,0.0,331.2,2.21,231.0,88145.0,True,9,21,262
2013-09-19 22:00:00,16.8,74.45,0.0,-0.0,0.0,322.2,2.21,229.0,88163.0,True,9,22,262
2013-09-19 23:00:00,16.09,79.1,0.0,-0.0,0.0,324.2,2.14,231.0,88180.0,True,9,23,262
2013-09-20 00:00:00,15.15,84.95,0.0,-0.0,0.0,311.6,2.14,233.0,88189.0,True,9,0,263
2013-09-20 01:00:00,14.34,89.3,0.0,-0.0,0.0,307.8,2.14,233.0,88189.0,True,9,1,263
2013-09-20 02:00:00,13.73,91.5,0.0,-0.0,0.0,306.8,2.0,237.0,88198.0,True,9,2,263
2013-09-20 03:00:00,13.48,92.3,0.0,-0.0,0.0,314.8,1.86,237.0,88241.0,True,9,3,263
2013-09-20 04:00:00,13.31,92.75,46.0,75.54,38.0,316.6,1.86,230.0,88285.0,True,9,4,263
2013-09-20 05:00:00,15.17,84.6,256.0,514.51,99.0,314.6,1.52,230.0,88338.0,True,9,5,263
2013-09-20 06:00:00,18.86,61.95,363.0,293.11,221.0,323.8,1.1,235.0,88381.0,True,9,6,263
2013-09-20 07:00:00,21.28,50.6,641.0,799.53,136.0,342.8,1.1,320.0,88381.0,True,9,7,263
2013-09-20 08:00:00,22.86,41.85,760.0,813.19,161.0,340.0,1.17,359.0,88338.0,True,9,8,263
2013-09-20 09:00:00,24.05,36.4,779.0,676.55,243.0,349.6,0.62,28.0,88303.0,True,9,9,263
2013-09-20 10:00:00,24.9,33.6,617.0,283.1,392.0,362.0,0.28,100.0,88215.0,True,9,10,263
2013-09-20 11:00:00,25.53,30.9,343.0,22.85,326.0,384.2,0.41,210.0,88189.0,True,9,11,263
2013-09-20 12:00:00,26.36,28.1,237.0,4.66,234.0,376.2,0.48,224.0,88128.0,True,9,12,263
2013-09-20 13:00:00,26.67,26.4,391.0,332.12,225.0,381.4,0.28,260.0,88084.0,True,9,13,263
2013-09-20 14:00:00,26.58,25.95,189.0,120.73,150.0,378.4,0.62,338.0,88102.0,True,9,14,263
2013-09-20 15:00:00,26.15,27.1,38.0,7.99,37.0,379.0,1.31,343.0,88110.0,True,9,15,263
2013-09-20 16:00:00,24.89,30.5,0.0,-0.0,0.0,367.4,1.59,337.0,88172.0,True,9,16,263
2013-09-20 17:00:00,23.53,34.6,0.0,-0.0,0.0,367.2,1.72,325.0,88233.0,True,9,17,263
2013-09-20 18:00:00,22.43,38.3,0.0,-0.0,0.0,366.8,1.66,317.0,88285.0,True,9,18,263
2013-09-20 19:00:00,21.49,43.15,0.0,-0.0,0.0,355.8,2.0,285.0,88303.0,True,9,19,263
2013-09-20 20:00:00,20.44,48.8,0.0,-0.0,0.0,353.4,2.0,282.0,88320.0,True,9,20,263
2013-09-20 21:00:00,19.98,53.1,0.0,-0.0,0.0,366.4,2.21,284.0,88381.0,True,9,21,263
2013-09-20 22:00:00,19.19,58.8,0.0,-0.0,0.0,354.0,2.83,294.0,88451.0,True,9,22,263
2013-09-20 23:00:00,18.69,60.4,0.0,-0.0,0.0,361.2,3.52,309.0,88451.0,True,9,23,263
2013-09-21 00:00:00,17.87,59.9,0.0,-0.0,0.0,344.2,3.79,320.0,88434.0,True,9,0,264
2013-09-21 01:00:00,16.68,62.0,0.0,-0.0,0.0,329.25,3.66,328.0,88443.0,True,9,1,264
2013-09-21 02:00:00,16.16,64.45,0.0,-0.0,0.0,344.4,3.38,334.0,88486.0,True,9,2,264
2013-09-21 03:00:00,15.35,70.45,0.0,-0.0,0.0,331.8,2.9,337.0,88513.0,True,9,3,264
2013-09-21 04:00:00,14.66,77.15,37.0,29.13,34.0,328.8,2.55,330.0,88548.0,True,9,4,264
2013-09-21 05:00:00,15.21,79.05,193.0,191.94,135.0,342.0,2.41,325.0,88565.0,True,9,5,264
2013-09-21 06:00:00,16.01,75.6,216.0,27.01,203.0,341.2,2.69,331.0,88583.0,True,9,6,264
2013-09-21 07:00:00,17.84,63.65,0.0,0.0,0.0,340.6,3.24,344.0,88583.0,True,9,7,264
2013-09-21 08:00:00,19.42,54.6,372.0,40.93,342.0,343.4,2.97,356.0,88548.0,True,9,8,264
2013-09-21 09:00:00,20.75,48.7,431.0,59.62,384.0,352.8,2.83,2.0,88486.0,True,9,9,264
2013-09-21 10:00:00,21.45,45.7,468.0,88.55,398.0,363.2,2.97,354.0,88460.0,True,9,10,264
2013-09-21 11:00:00,21.73,45.05,233.0,0.0,233.0,344.8,3.38,354.0,88486.0,True,9,11,264
2013-09-21 12:00:00,21.36,46.7,281.0,18.79,269.0,363.4,3.86,345.0,88460.0,True,9,12,264
2013-09-21 13:00:00,21.0,47.45,130.0,0.0,130.0,360.4,4.41,335.0,88443.0,True,9,13,264
2013-09-21 14:00:00,20.96,45.2,253.0,406.02,124.0,344.6,4.14,337.0,88425.0,True,9,14,264
2013-09-21 15:00:00,20.68,43.75,70.0,183.84,48.0,346.2,3.86,342.0,88451.0,True,9,15,264
2013-09-21 16:00:00,19.94,44.5,0.0,-0.0,0.0,347.6,3.1,342.0,88469.0,True,9,16,264
2013-09-21 17:00:00,19.23,45.7,0.0,-0.0,0.0,346.6,2.97,344.0,88521.0,True,9,17,264
2013-09-21 18:00:00,18.16,48.1,0.0,-0.0,0.0,322.2,3.52,348.0,88583.0,True,9,18,264
2013-09-21 19:00:00,16.98,49.95,0.0,-0.0,0.0,313.2,3.45,344.0,88617.0,True,9,19,264
2013-09-21 20:00:00,16.12,52.1,0.0,-0.0,0.0,311.0,3.45,340.0,88644.0,True,9,20,264
2013-09-21 21:00:00,15.2,53.65,0.0,-0.0,0.0,302.6,3.52,336.0,88661.0,True,9,21,264
2013-09-21 22:00:00,14.42,54.4,0.0,-0.0,0.0,301.8,3.59,332.0,88722.0,True,9,22,264
2013-09-21 23:00:00,13.63,55.55,0.0,-0.0,0.0,296.0,3.59,329.0,88722.0,True,9,23,264
2013-09-22 00:00:00,12.99,57.05,0.0,-0.0,0.0,297.4,3.59,328.0,88740.0,True,9,0,265
2013-09-22 01:00:00,12.62,58.35,0.0,-0.0,0.0,309.0,3.59,328.0,88757.0,True,9,1,265
2013-09-22 02:00:00,11.9,61.45,0.0,-0.0,0.0,293.0,3.45,329.0,88749.0,True,9,2,265
2013-09-22 03:00:00,11.23,64.6,0.0,-0.0,0.0,285.8,3.24,330.0,88766.0,True,9,3,265
2013-09-22 04:00:00,10.88,66.75,43.0,69.94,36.0,290.8,3.03,331.0,88801.0,True,9,4,265
2013-09-22 05:00:00,11.69,64.4,245.0,474.61,103.0,289.8,3.31,334.0,88801.0,True,9,5,265
2013-09-22 06:00:00,13.24,60.05,370.0,330.39,212.0,296.8,3.52,344.0,88792.0,True,9,6,265
2013-09-22 07:00:00,14.7,51.15,607.0,686.46,178.0,293.4,3.66,352.0,88775.0,True,9,7,265
2013-09-22 08:00:00,16.18,43.8,700.0,632.04,239.0,295.4,3.52,358.0,88705.0,True,9,8,265
2013-09-22 09:00:00,17.56,37.8,796.0,754.71,204.0,294.4,3.38,1.0,88652.0,True,9,9,265
2013-09-22 10:00:00,18.57,33.85,822.0,833.05,167.0,305.6,3.17,3.0,88617.0,True,9,10,265
2013-09-22 11:00:00,19.3,31.0,748.0,770.23,182.0,313.2,2.9,3.0,88556.0,True,9,11,265
2013-09-22 12:00:00,19.94,28.5,644.0,792.25,142.0,314.4,2.76,1.0,88486.0,True,9,12,265
2013-09-22 13:00:00,20.08,27.2,481.0,747.62,115.0,322.6,3.1,5.0,88451.0,True,9,13,265
2013-09-22 14:00:00,19.81,26.8,284.0,643.42,83.0,325.6,3.86,13.0,88451.0,True,9,14,265
2013-09-22 15:00:00,18.98,27.3,80.0,358.88,39.0,318.8,4.28,14.0,88460.0,True,9,15,265
2013-09-22 16:00:00,17.62,29.0,0.0,-0.0,0.0,299.0,3.52,7.0,88451.0,True,9,16,265
2013-09-22 17:00:00,16.41,30.6,0.0,-0.0,0.0,294.6,3.1,356.0,88513.0,True,9,17,265
2013-09-22 18:00:00,15.34,32.0,0.0,-0.0,0.0,288.4,2.97,348.0,88556.0,True,9,18,265
2013-09-22 19:00:00,14.49,31.55,0.0,-0.0,0.0,296.4,3.59,345.0,88583.0,True,9,19,265
2013-09-22 20:00:00,14.2,31.6,0.0,-0.0,0.0,317.4,4.14,338.0,88609.0,True,9,20,265
2013-09-22 21:00:00,13.47,35.4,0.0,-0.0,0.0,302.6,4.28,337.0,88635.0,True,9,21,265
2013-09-22 22:00:00,12.94,40.2,0.0,-0.0,0.0,304.6,4.0,338.0,88635.0,True,9,22,265
2013-09-22 23:00:00,12.25,44.95,0.0,-0.0,0.0,292.2,3.79,341.0,88661.0,True,9,23,265
2013-09-23 00:00:00,11.5,49.35,0.0,-0.0,0.0,282.4,3.59,340.0,88661.0,True,9,0,266
2013-09-23 01:00:00,11.08,52.55,0.0,-0.0,0.0,290.4,3.45,340.0,88652.0,True,9,1,266
2013-09-23 02:00:00,10.31,56.7,0.0,-0.0,0.0,275.4,3.31,337.0,88652.0,True,9,2,266
2013-09-23 03:00:00,9.71,60.1,0.0,-0.0,0.0,275.6,3.24,335.0,88670.0,True,9,3,266
2013-09-23 04:00:00,9.16,63.25,18.0,0.0,18.0,271.6,3.1,333.0,88687.0,True,9,4,266
2013-09-23 05:00:00,10.17,59.8,201.0,239.72,130.0,270.8,3.52,337.0,88687.0,True,9,5,266
2013-09-23 06:00:00,11.9,54.25,445.0,652.57,135.0,269.8,3.79,348.0,88705.0,True,9,6,266
2013-09-23 07:00:00,13.82,49.85,600.0,672.52,182.0,275.4,3.45,7.0,88661.0,True,9,7,266
2013-09-23 08:00:00,15.62,42.5,735.0,764.78,180.0,280.0,3.38,18.0,88635.0,True,9,8,266
2013-09-23 09:00:00,17.06,35.9,815.0,831.61,166.0,284.8,3.45,24.0,88556.0,True,9,9,266
2013-09-23 10:00:00,18.32,30.05,808.0,800.56,182.0,288.6,2.97,25.0,88539.0,True,9,10,266
2013-09-23 11:00:00,19.2,26.05,743.0,768.27,182.0,302.6,2.48,21.0,88478.0,True,9,11,266
2013-09-23 12:00:00,19.69,23.55,598.0,628.27,203.0,312.2,2.34,17.0,88373.0,True,9,12,266
2013-09-23 13:00:00,20.11,21.9,468.0,703.98,127.0,308.4,2.55,16.0,88320.0,True,9,13,266
2013-09-23 14:00:00,19.64,22.1,283.0,674.14,76.0,305.2,2.9,27.0,88294.0,True,9,14,266
2013-09-23 15:00:00,18.9,23.6,76.0,367.59,36.0,284.8,3.1,44.0,88294.0,True,9,15,266
2013-09-23 16:00:00,17.31,27.75,0.0,-0.0,0.0,286.4,2.48,60.0,88303.0,True,9,16,266
2013-09-23 17:00:00,15.96,32.25,0.0,-0.0,0.0,276.4,1.59,64.0,88346.0,True,9,17,266
2013-09-23 18:00:00,15.16,42.25,0.0,-0.0,0.0,273.2,0.83,348.0,88373.0,True,9,18,266
2013-09-23 19:00:00,14.51,34.45,0.0,-0.0,0.0,269.0,0.34,327.0,88381.0,True,9,19,266
2013-09-23 20:00:00,12.31,44.35,0.0,-0.0,0.0,269.0,1.38,279.0,88416.0,True,9,20,266
2013-09-23 21:00:00,11.05,47.4,0.0,-0.0,0.0,268.0,1.72,274.0,88408.0,True,9,21,266
2013-09-23 22:00:00,10.25,49.2,0.0,-0.0,0.0,267.0,1.79,269.0,88434.0,True,9,22,266
2013-09-23 23:00:00,9.66,50.4,0.0,-0.0,0.0,265.0,1.79,268.0,88434.0,True,9,23,266
2013-09-24 00:00:00,9.05,51.9,0.0,-0.0,0.0,263.6,1.79,267.0,88338.0,True,9,0,267
2013-09-24 01:00:00,8.84,52.15,0.0,-0.0,0.0,262.6,1.72,266.0,88311.0,True,9,1,267
2013-09-24 02:00:00,8.71,52.0,0.0,-0.0,0.0,261.4,1.66,264.0,88329.0,True,9,2,267
2013-09-24 03:00:00,8.68,51.5,0.0,-0.0,0.0,260.2,1.59,269.0,88329.0,True,9,3,267
2013-09-24 04:00:00,8.71,51.0,58.0,286.66,31.0,259.0,1.52,274.0,88381.0,True,9,4,267
2013-09-24 05:00:00,11.4,42.1,259.0,610.63,80.0,261.2,0.69,266.0,88399.0,True,9,5,267
2013-09-24 06:00:00,14.38,39.85,462.0,758.73,104.0,267.0,0.07,206.0,88416.0,True,9,6,267
2013-09-24 07:00:00,16.03,31.7,630.0,810.53,129.0,274.8,0.34,94.0,88425.0,True,9,7,267
2013-09-24 08:00:00,17.82,27.65,756.0,857.36,137.0,282.6,0.41,164.0,88390.0,True,9,8,267
2013-09-24 09:00:00,19.27,24.4,819.0,862.98,149.0,287.0,0.55,220.0,88346.0,True,9,9,267
2013-09-24 10:00:00,20.56,21.55,822.0,864.21,150.0,289.4,0.83,254.0,88276.0,True,9,10,267
2013-09-24 11:00:00,21.61,19.2,759.0,844.89,146.0,292.0,1.1,263.0,88215.0,True,9,11,267
2013-09-24 12:00:00,22.35,17.4,615.0,715.02,169.0,295.2,1.45,282.0,88189.0,True,9,12,267
2013-09-24 13:00:00,22.71,16.25,467.0,728.29,118.0,296.2,2.14,303.0,88163.0,True,9,13,267
2013-09-24 14:00:00,22.63,16.1,261.0,543.56,97.0,294.6,3.1,317.0,88172.0,True,9,14,267
2013-09-24 15:00:00,21.75,17.8,60.0,203.11,39.0,291.6,3.17,332.0,88198.0,True,9,15,267
2013-09-24 16:00:00,19.78,21.2,0.0,-0.0,0.0,288.6,2.55,347.0,88241.0,True,9,16,267
2013-09-24 17:00:00,18.31,24.25,0.0,-0.0,0.0,288.4,2.21,343.0,88311.0,True,9,17,267
2013-09-24 18:00:00,17.05,27.15,0.0,-0.0,0.0,287.6,2.62,336.0,88425.0,True,9,18,267
2013-09-24 19:00:00,15.55,37.3,0.0,-0.0,0.0,285.8,4.14,351.0,88539.0,True,9,19,267
2013-09-24 20:00:00,14.23,48.75,0.0,-0.0,0.0,284.2,3.79,348.0,88670.0,True,9,20,267
2013-09-24 21:00:00,13.13,57.6,0.0,-0.0,0.0,283.0,3.03,342.0,88722.0,True,9,21,267
2013-09-24 22:00:00,12.29,63.1,0.0,-0.0,0.0,281.4,2.48,336.0,88801.0,True,9,22,267
2013-09-24 23:00:00,11.4,68.35,0.0,-0.0,0.0,280.4,2.07,328.0,88801.0,True,9,23,267
2013-09-25 00:00:00,10.47,74.05,0.0,-0.0,0.0,279.4,1.79,320.0,88819.0,True,9,0,268
2013-09-25 01:00:00,9.99,76.2,0.0,-0.0,0.0,278.2,1.45,306.0,88801.0,True,9,1,268
2013-09-25 02:00:00,10.02,76.05,0.0,-0.0,0.0,278.8,1.24,284.0,88836.0,True,9,2,268
2013-09-25 03:00:00,9.79,77.15,0.0,-0.0,0.0,276.0,1.24,268.0,88836.0,True,9,3,268
2013-09-25 04:00:00,9.32,79.6,50.0,197.33,32.0,274.2,1.24,254.0,88862.0,True,9,4,268
2013-09-25 05:00:00,11.66,68.3,249.0,555.03,88.0,275.6,0.69,232.0,88897.0,True,9,5,268
2013-09-25 06:00:00,13.96,57.65,451.0,714.89,116.0,280.6,0.76,202.0,88915.0,True,9,6,268
2013-09-25 07:00:00,15.79,49.05,623.0,793.97,135.0,287.8,0.62,219.0,88915.0,True,9,7,268
2013-09-25 08:00:00,17.52,42.05,748.0,839.57,145.0,293.6,0.55,222.0,88889.0,True,9,8,268
2013-09-25 09:00:00,19.15,36.35,819.0,877.89,141.0,299.4,0.55,247.0,88836.0,True,9,9,268
2013-09-25 10:00:00,20.73,31.4,821.0,879.47,141.0,304.0,0.69,265.0,88810.0,True,9,10,268
2013-09-25 11:00:00,22.13,27.45,762.0,876.77,130.0,307.6,0.9,288.0,88749.0,True,9,11,268
2013-09-25 12:00:00,23.19,24.45,617.0,741.78,158.0,310.2,1.31,313.0,88714.0,True,9,12,268
2013-09-25 13:00:00,23.8,22.45,471.0,782.69,100.0,310.4,2.0,332.0,88687.0,True,9,13,268
2013-09-25 14:00:00,23.76,21.9,268.0,641.09,78.0,309.4,2.97,345.0,88705.0,True,9,14,268
2013-09-25 15:00:00,22.78,23.4,59.0,224.55,37.0,305.8,3.24,358.0,88749.0,True,9,15,268
2013-09-25 16:00:00,20.65,27.35,0.0,-0.0,0.0,302.0,2.9,11.0,88819.0,True,9,16,268
2013-09-25 17:00:00,19.17,30.6,0.0,-0.0,0.0,298.8,2.55,14.0,88915.0,True,9,17,268
2013-09-25 18:00:00,17.84,33.95,0.0,-0.0,0.0,296.4,2.0,13.0,88967.0,True,9,18,268
2013-09-25 19:00:00,16.9,40.4,0.0,-0.0,0.0,291.4,0.83,18.0,89028.0,True,9,19,268
2013-09-25 20:00:00,16.9,36.65,0.0,-0.0,0.0,289.4,0.62,276.0,89072.0,True,9,20,268
2013-09-25 21:00:00,14.91,43.3,0.0,-0.0,0.0,287.8,1.38,257.0,89072.0,True,9,21,268
2013-09-25 22:00:00,13.9,46.15,0.0,-0.0,0.0,285.8,1.52,255.0,89160.0,True,9,22,268
2013-09-25 23:00:00,13.4,47.4,0.0,-0.0,0.0,284.0,1.52,255.0,89151.0,True,9,23,268
2013-09-26 00:00:00,12.99,48.5,0.0,-0.0,0.0,281.8,1.59,254.0,89133.0,True,9,0,269
2013-09-26 01:00:00,12.73,49.3,0.0,-0.0,0.0,280.4,1.59,250.0,89125.0,True,9,1,269
2013-09-26 02:00:00,12.53,49.6,0.0,-0.0,0.0,278.6,1.59,248.0,89125.0,True,9,2,269
2013-09-26 03:00:00,13.16,47.1,0.0,-0.0,0.0,277.2,1.38,252.0,89116.0,True,9,3,269
2013-09-26 04:00:00,13.8,44.75,51.0,249.36,29.0,275.6,1.24,254.0,89151.0,True,9,4,269
2013-09-26 05:00:00,14.43,43.6,251.0,595.86,80.0,277.4,0.9,246.0,89195.0,True,9,5,269
2013-09-26 06:00:00,16.67,43.55,445.0,700.58,119.0,282.8,0.69,176.0,89186.0,True,9,6,269
2013-09-26 07:00:00,19.2,32.9,619.0,793.62,134.0,289.8,1.45,140.0,89195.0,True,9,7,269
2013-09-26 08:00:00,21.01,28.9,736.0,807.65,159.0,297.0,2.14,136.0,89125.0,True,9,8,269
2013-09-26 09:00:00,22.41,25.35,792.0,796.68,180.0,302.8,2.34,130.0,89055.0,True,9,9,269
2013-09-26 10:00:00,23.6,22.65,794.0,798.69,180.0,307.6,2.34,133.0,89002.0,True,9,10,269
2013-09-26 11:00:00,24.5,20.8,732.0,780.63,173.0,311.0,2.28,142.0,88897.0,True,9,11,269
2013-09-26 12:00:00,25.14,19.6,582.0,624.0,199.0,314.0,2.28,148.0,88836.0,True,9,12,269
2013-09-26 13:00:00,25.5,18.85,446.0,669.8,132.0,315.4,2.41,147.0,88740.0,True,9,13,269
2013-09-26 14:00:00,25.46,18.75,253.0,556.67,91.0,315.6,2.69,143.0,88679.0,True,9,14,269
2013-09-26 15:00:00,24.65,19.7,55.0,226.88,34.0,313.8,2.62,132.0,88652.0,True,9,15,269
2013-09-26 16:00:00,22.55,22.3,0.0,-0.0,0.0,310.4,2.41,135.0,88635.0,True,9,16,269
2013-09-26 17:00:00,21.04,24.8,0.0,-0.0,0.0,307.2,1.93,163.0,88644.0,True,9,17,269
2013-09-26 18:00:00,19.21,29.3,0.0,-0.0,0.0,304.4,1.86,203.0,88670.0,True,9,18,269
2013-09-26 19:00:00,17.73,31.5,0.0,-0.0,0.0,300.0,1.93,207.0,88661.0,True,9,19,269
2013-09-26 20:00:00,16.58,36.7,0.0,-0.0,0.0,298.6,1.93,225.0,88652.0,True,9,20,269
2013-09-26 21:00:00,15.47,43.5,0.0,-0.0,0.0,294.8,1.93,236.0,88626.0,True,9,21,269
2013-09-26 22:00:00,14.26,51.95,0.0,-0.0,0.0,291.4,2.07,240.0,88661.0,True,9,22,269
2013-09-26 23:00:00,13.07,61.6,0.0,-0.0,0.0,288.2,2.14,242.0,88617.0,True,9,23,269
2013-09-27 00:00:00,12.04,71.25,0.0,-0.0,0.0,285.6,2.21,246.0,88583.0,True,9,0,270
2013-09-27 01:00:00,11.19,80.25,0.0,-0.0,0.0,282.0,2.21,247.0,88583.0,True,9,1,270
2013-09-27 02:00:00,10.53,85.75,0.0,-0.0,0.0,281.0,2.14,247.0,88574.0,True,9,2,270
2013-09-27 03:00:00,9.94,88.35,0.0,-0.0,0.0,280.2,2.07,245.0,88556.0,True,9,3,270
2013-09-27 04:00:00,9.51,89.65,48.0,222.96,29.0,279.8,2.0,244.0,88574.0,True,9,4,270
2013-09-27 05:00:00,12.5,76.2,245.0,570.71,83.0,280.6,1.24,234.0,88556.0,True,9,5,270
2013-09-27 06:00:00,17.26,50.6,444.0,712.09,115.0,287.6,1.24,207.0,88583.0,True,9,6,270
2013-09-27 07:00:00,20.61,32.9,618.0,806.49,128.0,298.4,1.03,176.0,88513.0,True,9,7,270
2013-09-27 08:00:00,22.52,26.2,736.0,821.87,152.0,306.6,1.17,150.0,88478.0,True,9,8,270
2013-09-27 09:00:00,23.96,23.05,801.0,842.9,157.0,312.2,1.24,149.0,88408.0,True,9,9,270
2013-09-27 10:00:00,25.04,20.95,798.0,828.22,165.0,316.0,1.17,157.0,88329.0,True,9,10,270
2013-09-27 11:00:00,25.79,18.15,731.0,794.29,166.0,317.8,0.9,165.0,88241.0,True,9,11,270
2013-09-27 12:00:00,26.2,16.4,587.0,662.0,184.0,319.0,0.28,182.0,88180.0,True,9,12,270
2013-09-27 13:00:00,26.29,15.65,460.0,776.57,100.0,322.6,0.34,327.0,88102.0,True,9,13,270
2013-09-27 14:00:00,26.09,15.45,263.0,686.11,67.0,317.6,0.97,340.0,88128.0,True,9,14,270
2013-09-27 15:00:00,25.3,16.75,55.0,275.36,31.0,315.6,1.24,351.0,88102.0,True,9,15,270
2013-09-27 16:00:00,23.48,19.6,0.0,-0.0,0.0,312.4,1.24,340.0,88137.0,True,9,16,270
2013-09-27 17:00:00,21.21,23.55,0.0,-0.0,0.0,308.8,1.59,311.0,88189.0,True,9,17,270
2013-09-27 18:00:00,19.21,27.1,0.0,-0.0,0.0,303.6,2.28,298.0,88207.0,True,9,18,270
2013-09-27 19:00:00,17.65,30.4,0.0,-0.0,0.0,299.4,2.41,297.0,88268.0,True,9,19,270
2013-09-27 20:00:00,16.49,33.0,0.0,-0.0,0.0,302.8,2.55,297.0,88294.0,True,9,20,270
2013-09-27 21:00:00,15.65,35.5,0.0,-0.0,0.0,296.0,2.76,304.0,88303.0,True,9,21,270
2013-09-27 22:00:00,15.28,36.7,0.0,-0.0,0.0,292.8,3.1,316.0,88329.0,True,9,22,270
2013-09-27 23:00:00,15.02,38.05,0.0,-0.0,0.0,291.4,3.31,327.0,88355.0,True,9,23,270
2013-09-28 00:00:00,14.41,41.65,0.0,-0.0,0.0,290.8,3.17,329.0,88390.0,True,9,0,271
2013-09-28 01:00:00,13.8,45.4,0.0,-0.0,0.0,289.4,3.17,328.0,88416.0,True,9,1,271
2013-09-28 02:00:00,13.25,49.5,0.0,-0.0,0.0,286.8,3.17,328.0,88478.0,True,9,2,271
2013-09-28 03:00:00,12.64,54.0,0.0,-0.0,0.0,285.6,2.97,328.0,88486.0,True,9,3,271
2013-09-28 04:00:00,12.01,58.85,42.0,158.17,29.0,284.6,2.69,324.0,88565.0,True,9,4,271
2013-09-28 05:00:00,13.33,56.8,225.0,445.3,100.0,285.2,2.34,325.0,88600.0,True,9,5,271
2013-09-28 06:00:00,16.51,47.8,426.0,632.25,136.0,290.4,3.17,335.0,88617.0,True,9,6,271
2013-09-28 07:00:00,18.68,43.85,601.0,746.72,150.0,300.4,3.03,342.0,88609.0,True,9,7,271
2013-09-28 08:00:00,20.33,36.25,732.0,820.72,152.0,307.2,2.55,350.0,88583.0,True,9,8,271
2013-09-28 09:00:00,21.71,31.9,797.0,842.28,157.0,313.2,2.34,352.0,88548.0,True,9,9,271
2013-09-28 10:00:00,22.84,29.2,793.0,827.86,164.0,317.4,2.28,347.0,88521.0,True,9,10,271
2013-09-28 11:00:00,23.69,26.85,628.0,476.97,291.0,320.2,2.34,334.0,88460.0,True,9,11,271
2013-09-28 12:00:00,24.43,24.15,572.0,621.15,197.0,326.2,2.62,329.0,88408.0,True,9,12,271
2013-09-28 13:00:00,24.66,23.05,265.0,98.18,220.0,326.2,3.03,341.0,88355.0,True,9,13,271
2013-09-28 14:00:00,24.06,24.05,246.0,581.48,83.0,345.0,3.72,357.0,88390.0,True,9,14,271
2013-09-28 15:00:00,23.0,26.15,52.0,293.5,28.0,336.8,3.93,7.0,88381.0,True,9,15,271
2013-09-28 16:00:00,21.22,29.75,0.0,-0.0,0.0,324.2,3.38,13.0,88443.0,True,9,16,271
2013-09-28 17:00:00,19.74,33.2,0.0,-0.0,0.0,313.6,2.62,13.0,88513.0,True,9,17,271
2013-09-28 18:00:00,18.52,36.4,0.0,-0.0,0.0,309.8,1.86,7.0,88556.0,True,9,18,271
2013-09-28 19:00:00,17.1,40.7,0.0,-0.0,0.0,302.8,1.52,360.0,88617.0,True,9,19,271
2013-09-28 20:00:00,16.13,43.5,0.0,-0.0,0.0,297.6,1.38,320.0,88635.0,True,9,20,271
2013-09-28 21:00:00,15.12,46.2,0.0,-0.0,0.0,296.6,1.52,299.0,88635.0,True,9,21,271
2013-09-28 22:00:00,14.35,48.45,0.0,-0.0,0.0,300.4,1.59,291.0,88696.0,True,9,22,271
2013-09-28 23:00:00,13.64,50.6,0.0,-0.0,0.0,293.0,1.66,294.0,88687.0,True,9,23,271
2013-09-29 00:00:00,12.88,53.15,0.0,-0.0,0.0,291.6,1.79,302.0,88652.0,True,9,0,272
2013-09-29 01:00:00,12.36,55.15,0.0,-0.0,0.0,289.6,1.86,308.0,88644.0,True,9,1,272
2013-09-29 02:00:00,12.01,56.5,0.0,-0.0,0.0,288.2,1.79,309.0,88644.0,True,9,2,272
2013-09-29 03:00:00,11.96,56.65,0.0,-0.0,0.0,286.0,1.66,310.0,88679.0,True,9,3,272
2013-09-29 04:00:00,12.13,56.2,40.0,164.26,27.0,285.0,1.52,307.0,88687.0,True,9,4,272
2013-09-29 05:00:00,14.46,48.3,231.0,504.45,91.0,286.2,0.83,305.0,88749.0,True,9,5,272
2013-09-29 06:00:00,16.89,44.8,429.0,669.88,124.0,291.6,0.69,360.0,88775.0,True,9,6,272
2013-09-29 07:00:00,19.35,36.35,601.0,759.56,145.0,299.6,1.45,45.0,88784.0,True,9,7,272
2013-09-29 08:00:00,20.83,32.95,723.0,805.38,157.0,307.0,1.66,68.0,88722.0,True,9,8,272
2013-09-29 09:00:00,22.07,30.25,779.0,794.06,179.0,311.4,1.45,89.0,88696.0,True,9,9,272
2013-09-29 10:00:00,23.13,27.5,784.0,810.33,172.0,316.8,0.69,111.0,88609.0,True,9,10,272
2013-09-29 11:00:00,24.05,24.95,701.0,722.51,194.0,319.4,0.34,104.0,88530.0,True,9,11,272
2013-09-29 12:00:00,24.84,22.65,560.0,596.33,203.0,322.0,0.55,48.0,88469.0,True,9,12,272
2013-09-29 13:00:00,25.32,21.0,434.0,688.57,122.0,330.0,1.24,24.0,88399.0,True,9,13,272
2013-09-29 14:00:00,25.24,20.95,240.0,574.59,82.0,326.8,2.41,25.0,88408.0,True,9,14,272
2013-09-29 15:00:00,24.13,22.95,46.0,261.77,26.0,322.0,3.17,29.0,88425.0,True,9,15,272
2013-09-29 16:00:00,21.94,27.1,0.0,-0.0,0.0,315.4,2.97,23.0,88451.0,True,9,16,272
2013-09-29 17:00:00,20.41,30.45,0.0,-0.0,0.0,309.4,2.28,15.0,88521.0,True,9,17,272
2013-09-29 18:00:00,19.05,33.9,0.0,-0.0,0.0,303.6,1.24,3.0,88591.0,True,9,18,272
2013-09-29 19:00:00,18.91,33.7,0.0,-0.0,0.0,299.4,0.69,0.0,88617.0,True,9,19,272
2013-09-29 20:00:00,18.55,34.15,0.0,-0.0,0.0,297.6,0.69,262.0,88617.0,True,9,20,272
2013-09-29 21:00:00,17.19,38.0,0.0,-0.0,0.0,295.8,1.24,256.0,88617.0,True,9,21,272
2013-09-29 22:00:00,16.17,40.7,0.0,-0.0,0.0,294.2,1.45,251.0,88635.0,True,9,22,272
2013-09-29 23:00:00,15.82,41.55,0.0,-0.0,0.0,292.8,1.45,249.0,88644.0,True,9,23,272
2013-09-30 00:00:00,15.38,42.65,0.0,-0.0,0.0,291.0,1.52,251.0,88617.0,True,9,0,273
2013-09-30 01:00:00,15.43,42.3,0.0,-0.0,0.0,289.6,1.38,251.0,88600.0,True,9,1,273
2013-09-30 02:00:00,14.86,43.7,0.0,-0.0,0.0,287.8,1.45,246.0,88591.0,True,9,2,273
2013-09-30 03:00:00,14.57,44.3,0.0,-0.0,0.0,286.4,1.45,248.0,88600.0,True,9,3,273
2013-09-30 04:00:00,13.98,45.95,38.0,157.74,26.0,284.8,1.52,248.0,88600.0,True,9,4,273
2013-09-30 05:00:00,15.26,42.6,231.0,532.22,85.0,285.2,1.17,249.0,88635.0,True,9,5,273
2013-09-30 06:00:00,18.15,39.15,428.0,679.36,121.0,291.2,0.69,225.0,88661.0,True,9,6,273
2013-09-30 07:00:00,20.62,30.35,600.0,774.28,138.0,298.6,0.83,158.0,88635.0,True,9,7,273
2013-09-30 08:00:00,22.73,25.35,719.0,804.21,157.0,306.6,1.59,160.0,88583.0,True,9,8,273
2013-09-30 09:00:00,24.32,22.0,787.0,839.82,156.0,312.4,2.0,167.0,88495.0,True,9,9,273
2013-09-30 10:00:00,25.47,19.7,783.0,824.58,164.0,317.0,1.93,177.0,88425.0,True,9,10,273
2013-09-30 11:00:00,26.31,18.1,711.0,774.88,171.0,320.8,1.79,184.0,88381.0,True,9,11,273
2013-09-30 12:00:00,26.89,17.0,555.0,594.68,202.0,322.6,1.59,194.0,88276.0,True,9,12,273
2013-09-30 13:00:00,27.13,16.45,425.0,672.06,124.0,323.8,1.38,203.0,88233.0,True,9,13,273
2013-09-30 14:00:00,26.91,16.65,234.0,560.0,83.0,322.4,1.1,220.0,88207.0,True,9,14,273
2013-09-30 15:00:00,26.2,18.0,37.0,154.82,26.0,320.6,0.62,195.0,88207.0,True,9,15,273
2013-09-30 16:00:00,20.22,40.83,0.0,-0.0,0.0,315.16,1.99,211.0,88224.0,True,9,16,273
2013-09-30 17:00:00,19.55,42.72,0.0,-0.0,0.0,312.56,1.98,235.0,88276.0,True,9,17,273
2013-09-30 18:00:00,18.88,44.62,0.0,-0.0,0.0,309.97,1.97,247.0,88320.0,True,9,18,273
2013-09-30 19:00:00,18.2,46.51,0.0,-0.0,0.0,307.37,1.96,249.0,88329.0,True,9,19,273
2013-09-30 20:00:00,17.53,48.41,0.0,-0.0,0.0,304.77,1.95,246.0,88355.0,True,9,20,273
2013-09-30 21:00:00,16.86,50.3,0.0,-0.0,0.0,302.18,1.94,236.0,88355.0,True,9,21,273
2013-09-30 22:00:00,16.19,52.19,0.0,-0.0,0.0,299.58,1.93,232.0,88390.0,True,9,22,273
2013-09-30 23:00:00,15.52,54.09,0.0,-0.0,0.0,296.99,1.92,228.0,88329.0,True,9,23,273
2005-10-01 00:00:00,14.84,55.98,0.0,-0.0,0.0,294.39,1.91,236.0,88845.0,True,10,0,274
2005-10-01 01:00:00,14.17,57.88,0.0,-0.0,0.0,291.79,1.9,233.0,88827.0,True,10,1,274
2005-10-01 02:00:00,13.5,59.77,0.0,-0.0,0.0,289.2,1.89,230.0,88854.0,True,10,2,274
2005-10-01 03:00:00,12.83,61.66,0.0,-0.0,0.0,286.6,1.88,229.0,88854.0,True,10,3,274
2005-10-01 04:00:00,12.16,63.56,0.0,0.0,0.0,284.0,1.87,228.0,88889.0,True,10,4,274
2005-10-01 05:00:00,11.48,65.45,168.0,372.57,67.0,281.41,1.85,219.0,88906.0,True,10,5,274
2005-10-01 06:00:00,10.81,67.35,371.0,595.38,104.0,278.81,1.84,186.0,88958.0,True,10,6,274
2005-10-01 07:00:00,10.14,69.24,556.0,728.52,124.0,276.22,1.83,174.0,88976.0,True,10,7,274
2005-10-01 08:00:00,20.08,35.0,711.0,869.28,107.0,297.8,2.69,178.0,88941.0,True,10,8,274
2005-10-01 09:00:00,21.63,28.5,802.0,938.36,101.0,305.0,2.97,184.0,88897.0,True,10,9,274
2005-10-01 10:00:00,22.75,23.65,819.0,951.62,109.0,306.4,3.03,190.0,88836.0,True,10,10,274
2005-10-01 11:00:00,23.42,21.75,781.0,995.63,92.0,311.8,3.03,196.0,88801.0,True,10,11,274
2005-10-01 12:00:00,23.73,21.3,632.0,800.32,161.0,313.6,3.03,207.0,88749.0,True,10,12,274
2005-10-01 13:00:00,23.63,22.05,431.0,537.69,193.0,317.8,3.1,222.0,88757.0,True,10,13,274
2005-10-01 14:00:00,23.04,24.4,297.0,775.57,92.0,321.0,3.24,241.0,88757.0,True,10,14,274
2005-10-01 15:00:00,21.85,29.2,78.0,380.4,53.0,328.8,2.69,260.0,88775.0,True,10,15,274
2005-10-01 16:00:00,20.2,35.2,0.0,-0.0,0.0,329.0,2.48,264.0,88801.0,True,10,16,274
2005-10-01 17:00:00,18.73,41.65,0.0,-0.0,0.0,319.0,2.14,254.0,88854.0,True,10,17,274
2005-10-01 18:00:00,17.27,48.65,0.0,-0.0,0.0,316.0,2.07,240.0,88915.0,True,10,18,274
2005-10-01 19:00:00,16.19,52.0,0.0,-0.0,0.0,317.2,1.86,245.0,88950.0,True,10,19,274
2005-10-01 20:00:00,15.02,58.95,0.0,-0.0,0.0,312.6,1.79,240.0,88958.0,True,10,20,274
2005-10-01 21:00:00,13.92,65.05,0.0,-0.0,0.0,307.0,1.86,230.0,88950.0,True,10,21,274
2005-10-01 22:00:00,12.71,71.55,0.0,-0.0,0.0,293.8,1.93,223.0,88941.0,True,10,22,274
2005-10-01 23:00:00,11.63,77.35,0.0,-0.0,0.0,286.8,2.07,219.0,88941.0,True,10,23,274
2005-10-02 00:00:00,10.82,81.7,0.0,-0.0,0.0,284.0,2.14,219.0,88941.0,True,10,0,275
2005-10-02 01:00:00,10.57,82.8,0.0,-0.0,0.0,299.8,2.07,216.0,88950.0,True,10,1,275
2005-10-02 02:00:00,9.92,85.95,0.0,-0.0,0.0,287.2,2.14,212.0,88889.0,True,10,2,275
2005-10-02 03:00:00,9.48,88.15,0.0,-0.0,0.0,296.2,2.07,209.0,88897.0,True,10,3,275
2005-10-02 04:00:00,9.29,88.95,0.0,0.0,0.0,299.4,2.07,208.0,88915.0,True,10,4,275
2005-10-02 05:00:00,10.92,80.55,149.0,265.09,78.0,309.4,1.79,200.0,88941.0,True,10,5,275
2005-10-02 06:00:00,13.66,65.95,375.0,638.24,91.0,310.0,2.28,191.0,88932.0,True,10,6,275
2005-10-02 07:00:00,16.28,56.2,552.0,728.05,123.0,311.4,2.69,177.0,88967.0,True,10,7,275
2005-10-02 08:00:00,18.39,45.95,677.0,746.96,161.0,321.6,3.72,181.0,88889.0,True,10,8,275
2005-10-02 09:00:00,20.24,37.85,208.0,0.0,208.0,331.4,4.34,190.0,88827.0,True,10,9,275
2005-10-02 10:00:00,21.8,35.4,139.0,0.0,139.0,338.4,5.24,201.0,88810.0,True,10,10,275
2005-10-02 11:00:00,22.72,34.6,147.0,0.0,147.0,350.0,5.79,205.0,88696.0,True,10,11,275
2005-10-02 12:00:00,23.01,34.6,103.0,0.0,103.0,353.0,6.21,210.0,88696.0,True,10,12,275
2005-10-02 13:00:00,22.29,38.55,122.0,0.0,122.0,350.8,5.86,208.0,88705.0,True,10,13,275
2005-10-02 14:00:00,21.14,43.1,26.0,0.0,26.0,349.4,5.66,205.0,88679.0,True,10,14,275
2005-10-02 15:00:00,19.88,48.3,39.0,16.55,38.0,341.4,4.83,202.0,88644.0,True,10,15,275
2005-10-02 16:00:00,18.42,54.65,0.0,-0.0,0.0,335.2,4.69,199.0,88661.0,True,10,16,275
2005-10-02 17:00:00,17.38,60.25,0.0,-0.0,0.0,327.0,4.14,197.0,88696.0,True,10,17,275
2005-10-02 18:00:00,16.58,64.65,0.0,-0.0,0.0,320.0,3.59,197.0,88731.0,True,10,18,275
2005-10-02 19:00:00,16.56,64.8,0.0,-0.0,0.0,323.6,3.59,195.0,88766.0,True,10,19,275
2005-10-02 20:00:00,15.85,68.9,0.0,-0.0,0.0,316.2,2.83,203.0,88792.0,True,10,20,275
2005-10-02 21:00:00,15.07,74.25,0.0,-0.0,0.0,330.2,1.79,210.0,88810.0,True,10,21,275
2005-10-02 22:00:00,15.09,74.4,0.0,-0.0,0.0,330.4,0.69,241.0,88766.0,True,10,22,275
2005-10-02 23:00:00,14.52,79.45,0.0,-0.0,0.0,338.4,0.62,335.0,88784.0,True,10,23,275
2005-10-03 00:00:00,13.49,88.6,0.0,-0.0,0.0,347.0,0.83,337.0,88836.0,True,10,0,276
2005-10-03 01:00:00,13.04,93.3,0.0,-0.0,0.0,347.45,1.52,332.0,88862.0,True,10,1,276
2005-10-03 02:00:00,13.09,90.85,0.0,-0.0,0.0,356.2,2.28,342.0,88880.0,True,10,2,276
2005-10-03 03:00:00,12.82,91.15,0.0,-0.0,0.0,348.6,2.48,0.0,88924.0,True,10,3,276
2005-10-03 04:00:00,12.27,91.4,0.0,0.0,0.0,329.4,2.34,7.0,88976.0,True,10,4,276
2005-10-03 05:00:00,12.42,89.35,131.0,173.88,85.0,315.2,2.0,358.0,88993.0,True,10,5,276
2005-10-03 06:00:00,13.62,78.45,346.0,498.34,126.0,319.8,2.55,345.0,89046.0,True,10,6,276
2005-10-03 07:00:00,14.89,67.85,431.0,309.15,250.0,301.4,3.52,339.0,89072.0,True,10,7,276
2005-10-03 08:00:00,16.09,59.2,680.0,774.68,148.0,310.8,3.59,342.0,89046.0,True,10,8,276
2005-10-03 09:00:00,17.24,51.8,772.0,853.24,142.0,317.2,3.52,343.0,89046.0,True,10,9,276
2005-10-03 10:00:00,18.12,46.2,828.0,1032.8,67.0,326.0,3.86,345.0,89020.0,True,10,10,276
2005-10-03 11:00:00,18.71,41.4,781.0,1042.14,70.0,317.2,3.79,347.0,89011.0,True,10,11,276
2005-10-03 12:00:00,19.08,38.2,587.0,658.79,206.0,301.2,3.52,350.0,88958.0,True,10,12,276
2005-10-03 13:00:00,19.22,36.65,388.0,397.99,216.0,299.2,3.38,353.0,88958.0,True,10,13,276
2005-10-03 14:00:00,18.94,36.7,238.0,405.96,135.0,298.8,3.59,354.0,88958.0,True,10,14,276
2005-10-03 15:00:00,18.09,39.45,86.0,816.13,41.0,294.4,2.9,352.0,88976.0,True,10,15,276
2005-10-03 16:00:00,16.53,45.65,0.0,-0.0,0.0,291.6,2.14,333.0,88985.0,True,10,16,276
2005-10-03 17:00:00,15.11,53.95,0.0,-0.0,0.0,295.4,1.93,312.0,89037.0,True,10,17,276
2005-10-03 18:00:00,13.77,59.15,0.0,-0.0,0.0,290.4,2.0,300.0,89098.0,True,10,18,276
2005-10-03 19:00:00,12.98,60.3,0.0,-0.0,0.0,295.6,2.48,336.0,89125.0,True,10,19,276
2005-10-03 20:00:00,12.32,64.55,0.0,-0.0,0.0,293.0,2.55,335.0,89160.0,True,10,20,276
2005-10-03 21:00:00,11.64,69.4,0.0,-0.0,0.0,287.4,2.55,333.0,89160.0,True,10,21,276
2005-10-03 22:00:00,11.02,74.55,0.0,-0.0,0.0,284.8,2.55,330.0,89177.0,True,10,22,276
2005-10-03 23:00:00,10.44,79.7,0.0,-0.0,0.0,282.8,2.55,326.0,89168.0,True,10,23,276
2005-10-04 00:00:00,10.08,83.9,0.0,-0.0,0.0,289.2,2.41,321.0,89160.0,True,10,0,277
2005-10-04 01:00:00,9.59,87.8,0.0,-0.0,0.0,282.0,2.41,318.0,89125.0,True,10,1,277
2005-10-04 02:00:00,9.27,90.2,0.0,-0.0,0.0,281.8,2.34,318.0,89125.0,True,10,2,277
2005-10-04 03:00:00,9.06,91.95,0.0,-0.0,0.0,284.2,2.34,316.0,89133.0,True,10,3,277
2005-10-04 04:00:00,9.16,92.75,0.0,0.0,0.0,295.0,2.28,316.0,89116.0,True,10,4,277
2005-10-04 05:00:00,10.5,89.85,162.0,390.46,60.0,298.0,2.07,321.0,89151.0,True,10,5,277
2005-10-04 06:00:00,13.11,78.55,350.0,534.34,116.0,316.6,2.83,336.0,89168.0,True,10,6,277
2005-10-04 07:00:00,14.73,71.5,500.0,543.27,184.0,328.6,3.59,358.0,89168.0,True,10,7,277
2005-10-04 08:00:00,16.11,63.6,603.0,521.51,247.0,337.6,3.72,6.0,89133.0,True,10,8,277
2005-10-04 09:00:00,17.13,57.45,644.0,463.24,304.0,364.4,3.66,10.0,89107.0,True,10,9,277
2005-10-04 10:00:00,17.89,53.35,565.0,263.6,372.0,372.8,3.59,15.0,89063.0,True,10,10,277
2005-10-04 11:00:00,18.37,50.75,496.0,200.79,360.0,377.0,3.66,18.0,89046.0,True,10,11,277
2005-10-04 12:00:00,18.91,47.7,304.0,40.12,281.0,374.8,4.0,23.0,89011.0,True,10,12,277
2005-10-04 13:00:00,19.11,46.05,265.0,86.66,228.0,374.8,4.0,29.0,88993.0,True,10,13,277
2005-10-04 14:00:00,18.75,46.45,131.0,28.18,124.0,368.0,3.66,35.0,88976.0,True,10,14,277
2005-10-04 15:00:00,18.16,48.25,78.0,741.62,41.0,351.2,2.69,39.0,88985.0,True,10,15,277
2005-10-04 16:00:00,16.75,56.15,0.0,-0.0,0.0,320.4,1.59,28.0,88985.0,True,10,16,277
2005-10-04 17:00:00,15.37,60.65,0.0,-0.0,0.0,306.6,1.24,341.0,89011.0,True,10,17,277
2005-10-04 18:00:00,14.19,63.2,0.0,-0.0,0.0,291.4,1.52,309.0,89020.0,True,10,18,277
2005-10-04 19:00:00,12.99,66.4,0.0,-0.0,0.0,288.4,1.79,320.0,89055.0,True,10,19,277
2005-10-04 20:00:00,12.35,67.3,0.0,-0.0,0.0,286.2,1.93,327.0,89028.0,True,10,20,277
2005-10-04 21:00:00,11.49,69.7,0.0,-0.0,0.0,284.8,2.14,338.0,89028.0,True,10,21,277
2005-10-04 22:00:00,10.67,72.3,0.0,-0.0,0.0,281.4,2.21,342.0,89063.0,True,10,22,277
2005-10-04 23:00:00,10.02,74.7,0.0,-0.0,0.0,280.4,2.28,345.0,89081.0,True,10,23,277
2005-10-05 00:00:00,9.5,77.1,0.0,-0.0,0.0,280.2,2.28,352.0,89090.0,True,10,0,278
2005-10-05 01:00:00,8.97,80.35,0.0,-0.0,0.0,277.8,2.34,4.0,89090.0,True,10,1,278
2005-10-05 02:00:00,8.56,83.75,0.0,-0.0,0.0,276.6,2.21,7.0,89107.0,True,10,2,278
2005-10-05 03:00:00,8.16,87.6,0.0,-0.0,0.0,275.8,2.14,2.0,89133.0,True,10,3,278
2005-10-05 04:00:00,7.7,91.3,0.0,0.0,0.0,273.0,2.14,356.0,89142.0,True,10,4,278
2005-10-05 05:00:00,8.82,91.4,158.0,380.01,60.0,272.4,1.93,358.0,89186.0,True,10,5,278
2005-10-05 06:00:00,11.98,76.8,344.0,520.31,118.0,283.0,3.17,26.0,89230.0,True,10,6,278
2005-10-05 07:00:00,13.47,64.95,533.0,695.72,131.0,288.6,4.0,34.0,89230.0,True,10,7,278
2005-10-05 08:00:00,14.88,54.35,679.0,801.76,135.0,281.4,4.21,36.0,89212.0,True,10,8,278
2005-10-05 09:00:00,16.14,45.1,709.0,664.79,224.0,282.6,4.21,36.0,89168.0,True,10,9,278
2005-10-05 10:00:00,17.13,38.65,790.0,912.75,126.0,283.2,4.21,34.0,89151.0,True,10,10,278
2005-10-05 11:00:00,17.9,34.45,747.0,938.4,116.0,283.2,4.28,32.0,89081.0,True,10,11,278
2005-10-05 12:00:00,18.22,32.35,557.0,579.08,228.0,282.4,4.34,31.0,89028.0,True,10,12,278
2005-10-05 13:00:00,18.14,32.15,446.0,711.34,146.0,281.2,4.41,31.0,88985.0,True,10,13,278
2005-10-05 14:00:00,17.62,33.05,268.0,711.36,95.0,278.8,4.34,31.0,88976.0,True,10,14,278
2005-10-05 15:00:00,16.46,36.3,37.0,0.0,37.0,276.4,3.38,29.0,88993.0,True,10,15,278
2005-10-05 16:00:00,14.79,41.3,0.0,-0.0,0.0,272.2,2.69,18.0,89028.0,True,10,16,278
2005-10-05 17:00:00,13.38,47.5,0.0,-0.0,0.0,269.4,2.48,6.0,89081.0,True,10,17,278
2005-10-05 18:00:00,12.05,52.65,0.0,-0.0,0.0,269.0,2.41,1.0,89107.0,True,10,18,278
2005-10-05 19:00:00,10.94,54.0,0.0,-0.0,0.0,265.6,2.69,11.0,89142.0,True,10,19,278
2005-10-05 20:00:00,9.95,59.0,0.0,-0.0,0.0,264.0,2.62,12.0,89186.0,True,10,20,278
2005-10-05 21:00:00,9.09,63.6,0.0,-0.0,0.0,262.4,2.62,11.0,89186.0,True,10,21,278
2005-10-05 22:00:00,8.34,67.95,0.0,-0.0,0.0,260.8,2.62,8.0,89203.0,True,10,22,278
2005-10-05 23:00:00,7.6,72.35,0.0,-0.0,0.0,258.6,2.48,1.0,89256.0,True,10,23,278
2005-10-06 00:00:00,6.88,76.5,0.0,-0.0,0.0,256.4,2.41,351.0,89247.0,True,10,0,279
2005-10-06 01:00:00,6.12,79.0,0.0,-0.0,0.0,254.0,2.41,343.0,89238.0,True,10,1,279
2005-10-06 02:00:00,5.55,82.25,0.0,-0.0,0.0,252.2,2.34,338.0,89273.0,True,10,2,279
2005-10-06 03:00:00,5.01,85.2,0.0,-0.0,0.0,250.0,2.34,332.0,89291.0,True,10,3,279
2005-10-06 04:00:00,4.5,87.55,0.0,0.0,0.0,248.0,2.21,325.0,89299.0,True,10,4,279
2005-10-06 05:00:00,5.67,84.65,153.0,361.47,61.0,248.4,1.79,323.0,89308.0,True,10,5,279
2005-10-06 06:00:00,9.13,66.95,355.0,594.31,99.0,251.6,2.14,346.0,89317.0,True,10,6,279
2005-10-06 07:00:00,10.92,61.85,529.0,695.19,130.0,258.6,2.62,9.0,89273.0,True,10,7,279
2005-10-06 08:00:00,12.69,54.6,670.0,785.95,140.0,264.4,2.69,13.0,89212.0,True,10,8,279
2005-10-06 09:00:00,14.41,47.8,749.0,819.19,155.0,269.8,2.9,16.0,89160.0,True,10,9,279
2005-10-06 10:00:00,15.9,41.85,763.0,828.76,164.0,274.8,3.17,19.0,89098.0,True,10,10,279
2005-10-06 11:00:00,16.95,37.4,705.0,788.03,179.0,278.4,3.31,22.0,89055.0,True,10,11,279
2005-10-06 12:00:00,17.56,34.45,545.0,554.13,233.0,280.0,3.38,24.0,89037.0,True,10,12,279
2005-10-06 13:00:00,17.65,33.3,438.0,696.21,148.0,280.6,3.24,27.0,89037.0,True,10,13,279
2005-10-06 14:00:00,17.26,33.4,260.0,680.76,98.0,279.2,3.03,28.0,89046.0,True,10,14,279
2005-10-06 15:00:00,16.15,36.7,37.0,0.0,37.0,276.0,2.28,21.0,89072.0,True,10,15,279
2005-10-06 16:00:00,14.63,41.75,0.0,-0.0,0.0,271.2,2.0,0.0,89107.0,True,10,16,279
2005-10-06 17:00:00,12.71,53.4,0.0,-0.0,0.0,268.4,1.72,332.0,89133.0,True,10,17,279
2005-10-06 18:00:00,11.2,56.65,0.0,-0.0,0.0,266.8,1.93,304.0,89186.0,True,10,18,279
2005-10-06 19:00:00,10.22,57.25,0.0,-0.0,0.0,266.0,2.07,305.0,89186.0,True,10,19,279
2005-10-06 20:00:00,9.25,59.65,0.0,-0.0,0.0,265.0,2.21,306.0,89221.0,True,10,20,279
2005-10-06 21:00:00,8.51,60.75,0.0,-0.0,0.0,263.8,2.21,315.0,89230.0,True,10,21,279
2005-10-06 22:00:00,7.93,60.95,0.0,-0.0,0.0,262.4,2.34,322.0,89291.0,True,10,22,279
2005-10-06 23:00:00,7.45,60.9,0.0,-0.0,0.0,261.0,2.28,322.0,89326.0,True,10,23,279
2005-10-07 00:00:00,7.02,61.25,0.0,-0.0,0.0,260.0,2.21,320.0,89326.0,True,10,0,280
2005-10-07 01:00:00,6.74,62.85,0.0,-0.0,0.0,258.4,2.21,321.0,89291.0,True,10,1,280
2005-10-07 02:00:00,6.29,64.6,0.0,-0.0,0.0,257.0,2.14,319.0,89317.0,True,10,2,280
2005-10-07 03:00:00,5.89,66.65,0.0,-0.0,0.0,256.0,2.14,317.0,89317.0,True,10,3,280
2005-10-07 04:00:00,5.61,69.25,0.0,0.0,0.0,256.4,2.07,312.0,89352.0,True,10,4,280
2005-10-07 05:00:00,7.37,65.85,107.0,103.54,81.0,263.0,1.52,308.0,89387.0,True,10,5,280
2005-10-07 06:00:00,11.11,56.3,366.0,686.0,73.0,264.4,1.66,341.0,89422.0,True,10,6,280
2005-10-07 07:00:00,13.47,48.4,513.0,640.31,148.0,263.2,2.48,10.0,89413.0,True,10,7,280
2005-10-07 08:00:00,15.11,41.65,666.0,784.9,140.0,267.8,2.76,21.0,89387.0,True,10,8,280
2005-10-07 09:00:00,16.61,34.7,744.0,817.34,155.0,273.6,2.97,25.0,89343.0,True,10,9,280
2005-10-07 10:00:00,17.73,30.35,745.0,781.29,184.0,277.0,3.17,26.0,89291.0,True,10,10,280
2005-10-07 11:00:00,18.49,27.55,685.0,733.53,199.0,280.6,3.45,27.0,89247.0,True,10,11,280
2005-10-07 12:00:00,18.77,26.05,547.0,577.12,225.0,285.0,3.86,28.0,89186.0,True,10,12,280
2005-10-07 13:00:00,18.46,26.0,403.0,542.11,180.0,292.0,3.93,29.0,89203.0,True,10,13,280
2005-10-07 14:00:00,17.69,27.35,201.0,292.14,133.0,295.6,3.86,31.0,89177.0,True,10,14,280
2005-10-07 15:00:00,16.53,30.95,39.0,0.0,39.0,302.6,3.1,31.0,89195.0,True,10,15,280
2005-10-07 16:00:00,15.11,35.35,0.0,-0.0,0.0,302.6,2.41,23.0,89221.0,True,10,16,280
2005-10-07 17:00:00,13.97,41.5,0.0,-0.0,0.0,296.4,2.14,5.0,89273.0,True,10,17,280
2005-10-07 18:00:00,12.84,47.0,0.0,-0.0,0.0,297.2,2.28,353.0,89299.0,True,10,18,280
2005-10-07 19:00:00,12.06,48.3,0.0,-0.0,0.0,288.8,2.76,360.0,89326.0,True,10,19,280
2005-10-07 20:00:00,11.36,52.9,0.0,-0.0,0.0,279.0,3.24,12.0,89369.0,True,10,20,280
2005-10-07 21:00:00,10.46,61.95,0.0,-0.0,0.0,272.2,3.24,23.0,89404.0,True,10,21,280
2005-10-07 22:00:00,9.29,71.95,0.0,-0.0,0.0,265.8,2.83,18.0,89474.0,True,10,22,280
2005-10-07 23:00:00,8.3,78.6,0.0,-0.0,0.0,265.0,2.62,7.0,89501.0,True,10,23,280
2005-10-08 00:00:00,7.49,82.9,0.0,-0.0,0.0,261.4,2.69,2.0,89544.0,True,10,0,281
2005-10-08 01:00:00,6.65,85.35,0.0,-0.0,0.0,258.4,2.62,358.0,89553.0,True,10,1,281
2005-10-08 02:00:00,5.95,88.3,0.0,-0.0,0.0,255.2,2.55,352.0,89588.0,True,10,2,281
2005-10-08 03:00:00,5.36,90.8,0.0,-0.0,0.0,255.8,2.41,345.0,89614.0,True,10,3,281
2005-10-08 04:00:00,4.76,92.85,0.0,0.0,0.0,250.4,2.34,339.0,89632.0,True,10,4,281
2005-10-08 05:00:00,5.67,89.55,151.0,391.61,54.0,251.4,2.28,342.0,89702.0,True,10,5,281
2005-10-08 06:00:00,7.74,75.2,345.0,578.58,100.0,251.8,3.17,6.0,89684.0,True,10,6,281
2005-10-08 07:00:00,9.15,65.8,518.0,678.32,134.0,272.4,2.83,17.0,89632.0,True,10,7,281
2005-10-08 08:00:00,10.85,56.15,658.0,768.85,146.0,260.0,2.9,18.0,89562.0,True,10,8,281
2005-10-08 09:00:00,12.59,47.1,735.0,801.52,161.0,262.6,3.1,22.0,89457.0,True,10,9,281
2005-10-08 10:00:00,14.05,40.0,736.0,764.06,191.0,265.8,3.24,26.0,89378.0,True,10,10,281
2005-10-08 11:00:00,15.09,35.25,698.0,801.39,171.0,268.0,3.31,30.0,89308.0,True,10,11,281
2005-10-08 12:00:00,15.68,32.25,538.0,564.34,226.0,269.2,3.45,32.0,89256.0,True,10,12,281
2005-10-08 13:00:00,15.75,31.05,417.0,640.09,157.0,269.2,3.38,33.0,89212.0,True,10,13,281
2005-10-08 14:00:00,15.35,31.15,241.0,606.33,103.0,267.4,3.24,33.0,89168.0,True,10,14,281
2005-10-08 15:00:00,14.31,34.05,33.0,0.0,33.0,265.0,2.48,25.0,89186.0,True,10,15,281
2005-10-08 16:00:00,12.85,38.25,0.0,-0.0,0.0,260.6,2.14,359.0,89177.0,True,10,16,281
2005-10-08 17:00:00,11.44,45.05,0.0,-0.0,0.0,259.2,2.07,335.0,89195.0,True,10,17,281
2005-10-08 18:00:00,9.91,52.7,0.0,-0.0,0.0,258.2,2.07,318.0,89221.0,True,10,18,281
2005-10-08 19:00:00,8.89,55.7,0.0,-0.0,0.0,258.4,2.21,334.0,89230.0,True,10,19,281
2005-10-08 20:00:00,8.01,59.65,0.0,-0.0,0.0,257.4,2.41,345.0,89256.0,True,10,20,281
2005-10-08 21:00:00,7.21,65.25,0.0,-0.0,0.0,256.6,2.41,352.0,89256.0,True,10,21,281
2005-10-08 22:00:00,6.44,71.6,0.0,-0.0,0.0,254.8,2.41,350.0,89273.0,True,10,22,281
2005-10-08 23:00:00,5.73,77.35,0.0,-0.0,0.0,253.4,2.34,342.0,89282.0,True,10,23,281
2005-10-09 00:00:00,5.09,82.15,0.0,-0.0,0.0,251.4,2.34,335.0,89273.0,True,10,0,282
2005-10-09 01:00:00,4.56,85.75,0.0,-0.0,0.0,250.0,2.28,329.0,89265.0,True,10,1,282
2005-10-09 02:00:00,4.1,88.05,0.0,-0.0,0.0,248.4,2.14,323.0,89273.0,True,10,2,282
2005-10-09 03:00:00,3.65,89.9,0.0,-0.0,0.0,247.4,2.07,322.0,89299.0,True,10,3,282
2005-10-09 04:00:00,3.24,91.5,0.0,0.0,0.0,246.8,2.07,325.0,89343.0,True,10,4,282
2005-10-09 05:00:00,4.49,89.65,147.0,380.76,54.0,247.6,1.72,332.0,89361.0,True,10,5,282
2005-10-09 06:00:00,8.05,74.65,341.0,576.53,99.0,251.2,2.07,357.0,89387.0,True,10,6,282
2005-10-09 07:00:00,10.17,66.25,520.0,702.68,125.0,259.8,2.21,22.0,89326.0,True,10,7,282
2005-10-09 08:00:00,12.03,57.15,660.0,796.45,133.0,265.2,2.14,35.0,89230.0,True,10,8,282
2005-10-09 09:00:00,13.81,47.8,738.0,830.5,147.0,271.4,2.0,48.0,89160.0,True,10,9,282
2005-10-09 10:00:00,15.23,40.5,752.0,841.16,156.0,277.2,1.79,57.0,89098.0,True,10,10,282
2005-10-09 11:00:00,16.23,36.25,701.0,831.98,158.0,281.2,1.52,59.0,89028.0,True,10,11,282
2005-10-09 12:00:00,16.85,34.15,598.0,836.11,140.0,283.2,1.31,57.0,88967.0,True,10,12,282
2005-10-09 13:00:00,17.07,33.35,440.0,802.9,118.0,285.2,1.45,52.0,88950.0,True,10,13,282
2005-10-09 14:00:00,16.83,33.35,213.0,418.05,120.0,284.4,2.0,48.0,88906.0,True,10,14,282
2005-10-09 15:00:00,15.78,35.9,34.0,0.0,34.0,283.2,2.14,41.0,88915.0,True,10,15,282
2005-10-09 16:00:00,14.15,39.65,0.0,-0.0,0.0,279.0,2.21,35.0,88941.0,True,10,16,282
2005-10-09 17:00:00,12.84,43.6,0.0,-0.0,0.0,280.2,1.93,30.0,88993.0,True,10,17,282
2005-10-09 18:00:00,11.31,54.85,0.0,-0.0,0.0,278.0,1.38,8.0,89055.0,True,10,18,282
2005-10-09 19:00:00,11.16,50.55,0.0,-0.0,0.0,288.2,1.24,321.0,89046.0,True,10,19,282
2005-10-09 20:00:00,10.55,51.95,0.0,-0.0,0.0,289.6,1.31,307.0,89046.0,True,10,20,282
2005-10-09 21:00:00,10.04,52.65,0.0,-0.0,0.0,283.0,1.38,305.0,89037.0,True,10,21,282
2005-10-09 22:00:00,9.52,53.8,0.0,-0.0,0.0,283.4,1.38,309.0,89055.0,True,10,22,282
2005-10-09 23:00:00,9.11,54.6,0.0,-0.0,0.0,283.2,1.45,316.0,89055.0,True,10,23,282
2005-10-10 00:00:00,8.78,55.45,0.0,-0.0,0.0,287.2,1.45,323.0,89072.0,True,10,0,283
2005-10-10 01:00:00,9.05,54.45,0.0,-0.0,0.0,292.2,1.31,324.0,89055.0,True,10,1,283
2005-10-10 02:00:00,8.82,55.05,0.0,-0.0,0.0,282.6,1.24,317.0,89063.0,True,10,2,283
2005-10-10 03:00:00,8.44,56.45,0.0,-0.0,0.0,274.0,1.24,319.0,89072.0,True,10,3,283
2005-10-10 04:00:00,8.08,58.85,0.0,0.0,0.0,279.2,1.24,326.0,89098.0,True,10,4,283
2005-10-10 05:00:00,8.57,59.45,80.0,37.38,71.0,268.0,0.9,331.0,89142.0,True,10,5,283
2005-10-10 06:00:00,11.0,60.0,321.0,483.14,120.0,272.0,0.83,15.0,89186.0,True,10,6,283
2005-10-10 07:00:00,13.26,50.65,399.0,281.29,242.0,288.8,1.17,31.0,89168.0,True,10,7,283
2005-10-10 08:00:00,15.37,42.95,516.0,339.21,293.0,290.0,1.17,66.0,89116.0,True,10,8,283
2005-10-10 09:00:00,17.24,36.8,289.0,9.9,282.0,292.2,1.52,88.0,89072.0,True,10,9,283
2005-10-10 10:00:00,18.75,32.6,538.0,252.92,360.0,297.0,1.72,104.0,89020.0,True,10,10,283
2005-10-10 11:00:00,19.8,29.65,628.0,583.59,250.0,297.6,1.79,111.0,88950.0,True,10,11,283
2005-10-10 12:00:00,20.27,27.85,458.0,333.51,277.0,300.6,1.79,115.0,88889.0,True,10,12,283
2005-10-10 13:00:00,20.38,26.95,418.0,702.16,140.0,319.0,2.0,106.0,88880.0,True,10,13,283
2005-10-10 14:00:00,20.16,27.2,252.0,814.33,75.0,326.2,2.28,90.0,88845.0,True,10,14,283
2005-10-10 15:00:00,19.2,30.35,26.0,0.0,26.0,325.6,2.14,61.0,88871.0,True,10,15,283
2005-10-10 16:00:00,17.45,35.1,0.0,-0.0,0.0,308.8,2.21,39.0,88889.0,True,10,16,283
2005-10-10 17:00:00,15.75,41.25,0.0,-0.0,0.0,296.8,2.07,19.0,88950.0,True,10,17,283
2005-10-10 18:00:00,14.08,50.1,0.0,-0.0,0.0,296.8,1.86,354.0,88958.0,True,10,18,283
2005-10-10 19:00:00,13.07,55.05,0.0,-0.0,0.0,300.2,1.72,328.0,89002.0,True,10,19,283
2005-10-10 20:00:00,12.11,57.35,0.0,-0.0,0.0,291.4,1.79,315.0,88976.0,True,10,20,283
2005-10-10 21:00:00,11.53,58.9,0.0,-0.0,0.0,296.0,1.79,317.0,89002.0,True,10,21,283
2005-10-10 22:00:00,10.8,61.05,0.0,-0.0,0.0,285.8,1.79,324.0,88958.0,True,10,22,283
2005-10-10 23:00:00,10.03,64.15,0.0,-0.0,0.0,283.2,1.86,331.0,88950.0,True,10,23,283
2005-10-11 00:00:00,9.47,66.65,0.0,-0.0,0.0,281.2,1.79,328.0,88924.0,True,10,0,284
2005-10-11 01:00:00,9.05,68.8,0.0,-0.0,0.0,276.0,1.72,321.0,88915.0,True,10,1,284
2005-10-11 02:00:00,8.77,70.15,0.0,-0.0,0.0,278.8,1.66,317.0,88932.0,True,10,2,284
2005-10-11 03:00:00,8.43,71.7,0.0,-0.0,0.0,275.4,1.59,316.0,88941.0,True,10,3,284
2005-10-11 04:00:00,7.9,74.5,0.0,0.0,0.0,276.2,1.66,318.0,88950.0,True,10,4,284
2005-10-11 05:00:00,8.75,72.6,110.0,155.94,73.0,276.4,1.31,322.0,88967.0,True,10,5,284
2005-10-11 06:00:00,11.73,65.25,315.0,472.98,120.0,288.0,1.24,350.0,88993.0,True,10,6,284
2005-10-11 07:00:00,14.71,54.4,426.0,369.96,221.0,301.0,1.1,14.0,88993.0,True,10,7,284
2005-10-11 08:00:00,16.7,47.15,629.0,707.38,167.0,307.2,0.97,53.0,88915.0,True,10,8,284
2005-10-11 09:00:00,18.2,41.25,724.0,812.77,153.0,320.2,0.76,87.0,88880.0,True,10,9,284
2005-10-11 10:00:00,19.22,36.75,550.0,284.69,351.0,327.2,0.62,119.0,88766.0,True,10,10,284
2005-10-11 11:00:00,19.57,35.75,578.0,444.95,292.0,323.0,0.55,211.0,88696.0,True,10,11,284
2005-10-11 12:00:00,19.17,38.9,248.0,16.74,239.0,332.6,0.28,230.0,88626.0,True,10,12,284
2005-10-11 13:00:00,18.88,39.85,130.0,0.0,130.0,330.2,0.83,28.0,88574.0,True,10,13,284
2005-10-11 14:00:00,18.09,45.3,101.0,14.13,98.0,325.4,1.66,346.0,88556.0,True,10,14,284
2005-10-11 15:00:00,16.89,53.6,26.0,0.0,26.0,336.6,1.86,348.0,88626.0,True,10,15,284
2005-10-11 16:00:00,15.67,59.9,0.0,-0.0,0.0,329.2,1.72,7.0,88687.0,True,10,16,284
2005-10-11 17:00:00,14.46,65.8,0.0,-0.0,0.0,317.0,1.66,4.0,88766.0,True,10,17,284
2005-10-11 18:00:00,13.6,70.7,0.0,-0.0,0.0,325.0,1.45,342.0,88784.0,True,10,18,284
2005-10-11 19:00:00,13.09,71.2,0.0,-0.0,0.0,323.8,1.93,309.0,88819.0,True,10,19,284
2005-10-11 20:00:00,12.17,78.65,0.0,-0.0,0.0,315.6,1.79,323.0,88854.0,True,10,20,284
2005-10-11 21:00:00,11.23,84.2,0.0,-0.0,0.0,305.4,1.72,319.0,88845.0,True,10,21,284
2005-10-11 22:00:00,10.15,88.95,0.0,-0.0,0.0,290.4,1.66,298.0,88836.0,True,10,22,284
2005-10-11 23:00:00,9.78,89.85,0.0,-0.0,0.0,296.8,1.38,283.0,88845.0,True,10,23,284
2005-10-12 00:00:00,9.37,90.35,0.0,-0.0,0.0,287.4,1.31,279.0,88862.0,True,10,0,285
2005-10-12 01:00:00,8.97,90.9,0.0,-0.0,0.0,287.8,1.31,276.0,88880.0,True,10,1,285
2005-10-12 02:00:00,8.9,90.05,0.0,-0.0,0.0,282.6,1.24,273.0,88906.0,True,10,2,285
2005-10-12 03:00:00,9.0,88.85,0.0,-0.0,0.0,283.8,1.17,269.0,88924.0,True,10,3,285
2005-10-12 04:00:00,9.25,87.25,0.0,0.0,0.0,292.0,1.03,266.0,88967.0,True,10,4,285
2005-10-12 05:00:00,10.11,86.0,17.0,0.0,17.0,297.8,0.62,262.0,89002.0,True,10,5,285
2005-10-12 06:00:00,12.33,81.45,168.0,36.72,153.0,302.0,0.34,148.0,89081.0,True,10,6,285
2005-10-12 07:00:00,13.54,69.9,439.0,421.77,207.0,302.4,0.76,53.0,89081.0,True,10,7,285
2005-10-12 08:00:00,15.09,61.65,608.0,644.27,190.0,308.4,0.83,102.0,89072.0,True,10,8,285
2005-10-12 09:00:00,16.65,54.45,607.0,447.01,295.0,320.6,1.45,143.0,89046.0,True,10,9,285
2005-10-12 10:00:00,17.77,48.65,362.0,43.21,332.0,333.6,2.14,174.0,89037.0,True,10,10,285
2005-10-12 11:00:00,18.61,44.45,547.0,374.71,308.0,339.8,2.28,181.0,89002.0,True,10,11,285
2005-10-12 12:00:00,19.2,41.45,310.0,65.71,275.0,338.8,2.07,184.0,88967.0,True,10,12,285
2005-10-12 13:00:00,19.36,39.9,298.0,220.35,213.0,347.0,1.38,187.0,88950.0,True,10,13,285
2005-10-12 14:00:00,19.44,38.9,21.0,0.0,21.0,317.2,0.62,188.0,88967.0,True,10,14,285
2005-10-12 15:00:00,18.69,42.1,22.0,0.0,22.0,318.0,1.17,47.0,88967.0,True,10,15,285
2005-10-12 16:00:00,16.81,51.45,0.0,-0.0,0.0,330.2,1.17,17.0,89028.0,True,10,16,285
2005-10-12 17:00:00,14.92,60.3,0.0,-0.0,0.0,307.8,1.59,335.0,89116.0,True,10,17,285
2005-10-12 18:00:00,13.49,64.75,0.0,-0.0,0.0,311.2,1.93,320.0,89177.0,True,10,18,285
2005-10-12 19:00:00,12.37,71.95,0.0,-0.0,0.0,300.0,1.79,333.0,89203.0,True,10,19,285
2005-10-12 20:00:00,11.8,74.15,0.0,-0.0,0.0,306.6,1.79,318.0,89221.0,True,10,20,285
2005-10-12 21:00:00,11.16,76.25,0.0,-0.0,0.0,299.8,1.86,311.0,89238.0,True,10,21,285
2005-10-12 22:00:00,10.77,77.2,0.0,-0.0,0.0,299.0,1.86,305.0,89238.0,True,10,22,285
2005-10-12 23:00:00,10.59,77.3,0.0,-0.0,0.0,304.0,1.79,305.0,89247.0,True,10,23,285
2005-10-13 00:00:00,10.09,78.55,0.0,-0.0,0.0,287.2,1.79,304.0,89247.0,True,10,0,286
2005-10-13 01:00:00,9.8,79.15,0.0,-0.0,0.0,291.4,1.79,304.0,89212.0,True,10,1,286
2005-10-13 02:00:00,9.87,78.55,0.0,-0.0,0.0,298.6,1.72,306.0,89230.0,True,10,2,286
2005-10-13 03:00:00,10.03,77.05,0.0,-0.0,0.0,293.8,1.66,305.0,89238.0,True,10,3,286
2005-10-13 04:00:00,10.68,73.5,0.0,0.0,0.0,297.4,1.38,300.0,89265.0,True,10,4,286
2005-10-13 05:00:00,11.76,69.4,81.0,52.13,69.0,299.0,1.03,292.0,89273.0,True,10,5,286
2005-10-13 06:00:00,13.68,65.65,223.0,138.38,167.0,306.2,0.28,317.0,89308.0,True,10,6,286
2005-10-13 07:00:00,15.45,56.85,524.0,805.89,84.0,309.4,0.28,9.0,89291.0,True,10,7,286
2005-10-13 08:00:00,17.02,51.1,549.0,459.31,253.0,312.8,0.69,80.0,89256.0,True,10,8,286
2005-10-13 09:00:00,18.03,47.55,537.0,289.88,336.0,337.0,1.03,109.0,89230.0,True,10,9,286
2005-10-13 10:00:00,18.69,45.5,679.0,652.71,229.0,348.0,1.31,127.0,89203.0,True,10,10,286
2005-10-13 11:00:00,19.1,44.1,635.0,657.3,219.0,349.8,1.45,143.0,89125.0,True,10,11,286
2005-10-13 12:00:00,19.36,42.5,322.0,83.4,278.0,348.8,1.31,163.0,89098.0,True,10,12,286
2005-10-13 13:00:00,19.44,41.1,58.0,0.0,58.0,350.2,0.83,171.0,89063.0,True,10,13,286
2005-10-13 14:00:00,19.25,41.05,169.0,242.23,120.0,352.8,0.48,123.0,89072.0,True,10,14,286
2005-10-13 15:00:00,18.66,43.7,10.0,0.0,10.0,347.0,0.9,76.0,89037.0,True,10,15,286
2005-10-13 16:00:00,17.55,50.15,0.0,-0.0,0.0,346.4,0.76,68.0,89072.0,True,10,16,286
2005-10-13 17:00:00,17.31,47.1,0.0,-0.0,0.0,329.4,0.28,45.0,89072.0,True,10,17,286
2005-10-13 18:00:00,16.05,54.75,0.0,-0.0,0.0,315.6,0.83,294.0,89098.0,True,10,18,286
2005-10-13 19:00:00,14.82,60.75,0.0,-0.0,0.0,320.8,1.24,309.0,89107.0,True,10,19,286
2005-10-13 20:00:00,13.29,68.0,0.0,-0.0,0.0,321.0,1.59,291.0,89107.0,True,10,20,286
2005-10-13 21:00:00,12.3,71.85,0.0,-0.0,0.0,313.0,1.72,280.0,89098.0,True,10,21,286
2005-10-13 22:00:00,11.2,75.8,0.0,-0.0,0.0,298.4,1.86,280.0,89081.0,True,10,22,286
2005-10-13 23:00:00,10.39,78.65,0.0,-0.0,0.0,293.8,1.86,282.0,89063.0,True,10,23,286
2005-10-14 00:00:00,10.2,78.75,0.0,-0.0,0.0,303.2,1.72,284.0,89063.0,True,10,0,287
2005-10-14 01:00:00,10.39,77.55,0.0,-0.0,0.0,312.25,1.66,286.0,89020.0,True,10,1,287
2005-10-14 02:00:00,10.71,75.4,0.0,-0.0,0.0,315.6,1.52,291.0,89020.0,True,10,2,287
2005-10-14 03:00:00,10.72,75.35,0.0,-0.0,0.0,318.6,1.59,294.0,89055.0,True,10,3,287
2005-10-14 04:00:00,10.14,78.1,0.0,0.0,0.0,305.4,1.79,298.0,89063.0,True,10,4,287
2005-10-14 05:00:00,10.45,78.05,131.0,361.83,49.0,290.2,1.52,303.0,89081.0,True,10,5,287
2005-10-14 06:00:00,13.71,67.55,314.0,518.89,106.0,288.8,1.31,326.0,89133.0,True,10,6,287
2005-10-14 07:00:00,16.09,57.05,509.0,747.39,104.0,296.6,1.59,335.0,89116.0,True,10,7,287
2005-10-14 08:00:00,17.71,51.55,647.0,834.26,113.0,302.0,1.59,349.0,89090.0,True,10,8,287
2005-10-14 09:00:00,18.95,46.65,732.0,905.95,108.0,306.2,1.38,2.0,89046.0,True,10,9,287
2005-10-14 10:00:00,19.88,42.65,741.0,901.2,124.0,310.4,1.1,0.0,88976.0,True,10,10,287
2005-10-14 11:00:00,20.5,40.35,699.0,942.73,107.0,322.0,1.24,349.0,88941.0,True,10,11,287
2005-10-14 12:00:00,20.69,39.8,582.0,893.62,115.0,338.6,1.59,338.0,88906.0,True,10,12,287
2005-10-14 13:00:00,20.46,40.05,436.0,966.15,73.0,341.8,1.93,331.0,88924.0,True,10,13,287
2005-10-14 14:00:00,19.94,41.25,237.0,881.7,63.0,341.8,2.34,342.0,88941.0,True,10,14,287
2005-10-14 15:00:00,18.78,45.2,0.0,-0.0,0.0,326.0,2.48,345.0,88924.0,True,10,15,287
2005-10-14 16:00:00,17.18,49.85,0.0,-0.0,0.0,312.4,2.9,341.0,88950.0,True,10,16,287
2005-10-14 17:00:00,16.14,52.4,0.0,-0.0,0.0,315.8,3.1,340.0,88993.0,True,10,17,287
2005-10-14 18:00:00,15.26,55.0,0.0,-0.0,0.0,317.4,3.31,341.0,89028.0,True,10,18,287
2005-10-14 19:00:00,14.49,57.3,0.0,-0.0,0.0,308.4,3.31,337.0,89081.0,True,10,19,287
2005-10-14 20:00:00,13.57,62.55,0.0,-0.0,0.0,307.4,2.97,332.0,89098.0,True,10,20,287
2005-10-14 21:00:00,12.83,67.35,0.0,-0.0,0.0,310.6,2.62,325.0,89098.0,True,10,21,287
2005-10-14 22:00:00,12.22,71.1,0.0,-0.0,0.0,311.4,2.55,320.0,89090.0,True,10,22,287
2005-10-14 23:00:00,11.94,73.0,0.0,-0.0,0.0,318.2,2.62,320.0,89063.0,True,10,23,287
2005-10-15 00:00:00,11.47,75.6,0.0,-0.0,0.0,309.8,2.76,321.0,89055.0,True,10,0,288
2005-10-15 01:00:00,11.05,77.35,0.0,-0.0,0.0,312.85,2.83,322.0,89020.0,True,10,1,288
2005-10-15 02:00:00,10.65,79.9,0.0,-0.0,0.0,309.0,2.76,323.0,89028.0,True,10,2,288
2005-10-15 03:00:00,10.19,82.95,0.0,-0.0,0.0,305.6,2.55,323.0,89028.0,True,10,3,288
2005-10-15 04:00:00,9.96,84.8,0.0,0.0,0.0,314.0,2.28,324.0,89028.0,True,10,4,288
2005-10-15 05:00:00,10.53,82.95,86.0,85.19,67.0,321.2,2.0,326.0,89011.0,True,10,5,288
2005-10-15 06:00:00,11.85,75.85,295.0,435.77,122.0,314.8,2.41,332.0,89028.0,True,10,6,288
2005-10-15 07:00:00,12.97,74.9,485.0,652.71,134.0,333.2,2.69,340.0,89028.0,True,10,7,288
2005-10-15 08:00:00,14.27,69.45,632.0,788.1,131.0,313.0,2.55,349.0,88950.0,True,10,8,288
2005-10-15 09:00:00,15.64,63.85,696.0,777.58,164.0,322.0,2.14,359.0,88915.0,True,10,9,288
2005-10-15 10:00:00,16.62,59.5,724.0,850.18,146.0,319.0,1.93,9.0,88784.0,True,10,10,288
2005-10-15 11:00:00,17.26,56.25,679.0,873.13,135.0,334.0,1.45,4.0,88705.0,True,10,11,288
2005-10-15 12:00:00,17.48,54.6,418.0,280.13,273.0,330.0,1.31,3.0,88652.0,True,10,12,288
2005-10-15 13:00:00,17.02,56.15,315.0,315.58,198.0,346.8,1.52,0.0,88652.0,True,10,13,288
2005-10-15 14:00:00,15.68,67.2,228.0,836.55,67.0,338.4,2.21,321.0,88652.0,True,10,14,288
2005-10-15 15:00:00,14.5,77.4,0.0,-0.0,0.0,338.4,2.41,325.0,88652.0,True,10,15,288
2005-10-15 16:00:00,13.53,82.2,0.0,-0.0,0.0,335.0,2.34,335.0,88661.0,True,10,16,288
2005-10-15 17:00:00,12.81,84.95,0.0,-0.0,0.0,331.4,2.28,339.0,88679.0,True,10,17,288
2005-10-15 18:00:00,12.13,87.3,0.0,-0.0,0.0,324.0,2.14,332.0,88661.0,True,10,18,288
2005-10-15 19:00:00,11.7,90.25,0.0,-0.0,0.0,324.0,1.86,332.0,88670.0,True,10,19,288
2005-10-15 20:00:00,11.25,91.85,0.0,-0.0,0.0,323.6,1.79,327.0,88661.0,True,10,20,288
2005-10-15 21:00:00,10.84,92.1,0.0,-0.0,0.0,320.2,1.86,326.0,88635.0,True,10,21,288
2005-10-15 22:00:00,10.73,91.2,0.0,-0.0,0.0,330.8,1.93,326.0,88556.0,True,10,22,288
2005-10-15 23:00:00,10.55,89.7,0.0,-0.0,0.0,332.4,2.0,327.0,88583.0,True,10,23,288
2005-10-16 00:00:00,10.13,87.9,0.0,-0.0,0.0,327.2,2.0,328.0,88530.0,True,10,0,289
2005-10-16 01:00:00,9.83,85.3,0.0,-0.0,0.0,337.25,2.0,331.0,88486.0,True,10,1,289
2005-10-16 02:00:00,9.61,83.95,0.0,-0.0,0.0,346.4,2.0,334.0,88469.0,True,10,2,289
2005-10-16 03:00:00,9.32,83.9,0.0,-0.0,0.0,349.2,2.07,334.0,88443.0,True,10,3,289
2005-10-16 04:00:00,9.02,85.15,0.0,0.0,0.0,347.2,2.0,339.0,88425.0,True,10,4,289
2005-10-16 05:00:00,8.83,85.75,11.0,0.0,11.0,346.2,2.21,340.0,88408.0,True,10,5,289
2005-10-16 06:00:00,8.9,85.7,35.0,0.0,35.0,342.0,2.55,338.0,88416.0,True,10,6,289
2005-10-16 07:00:00,9.11,86.5,58.0,0.0,58.0,348.0,2.76,328.0,88399.0,True,10,7,289
2005-10-16 08:00:00,9.43,84.75,93.0,0.0,93.0,346.6,3.24,332.0,88373.0,True,10,8,289
2005-10-16 09:00:00,9.76,84.55,159.0,0.0,159.0,346.0,3.59,332.0,88320.0,True,10,9,289
2005-10-16 10:00:00,10.28,82.75,97.0,0.0,97.0,342.6,3.45,330.0,88285.0,True,10,10,289
2005-10-16 11:00:00,10.94,78.4,199.0,0.0,199.0,339.6,3.24,320.0,88207.0,True,10,11,289
2005-10-16 12:00:00,11.8,72.55,59.0,0.0,59.0,336.8,3.17,325.0,88128.0,True,10,12,289
2005-10-16 13:00:00,11.87,72.05,50.0,0.0,50.0,341.4,3.24,338.0,88102.0,True,10,13,289
2005-10-16 14:00:00,11.44,74.05,34.0,0.0,34.0,338.0,3.59,343.0,88058.0,True,10,14,289
2005-10-16 15:00:00,10.79,77.2,0.0,-0.0,0.0,342.4,3.38,341.0,88084.0,True,10,15,289
2005-10-16 16:00:00,10.25,81.45,0.0,-0.0,0.0,335.4,3.03,335.0,88110.0,True,10,16,289
2005-10-16 17:00:00,10.02,81.75,0.0,-0.0,0.0,337.4,3.17,330.0,88163.0,True,10,17,289
2005-10-16 18:00:00,9.86,81.2,0.0,-0.0,0.0,337.0,3.59,325.0,88172.0,True,10,18,289
2005-10-16 19:00:00,9.67,78.65,0.0,-0.0,0.0,334.0,3.1,318.0,88198.0,True,10,19,289
2005-10-16 20:00:00,9.77,75.7,0.0,-0.0,0.0,334.2,3.52,315.0,88207.0,True,10,20,289
2005-10-16 21:00:00,9.67,74.6,0.0,-0.0,0.0,325.0,3.45,315.0,88233.0,True,10,21,289
2005-10-16 22:00:00,9.36,74.95,0.0,-0.0,0.0,317.2,3.66,312.0,88224.0,True,10,22,289
2005-10-16 23:00:00,9.01,75.85,0.0,-0.0,0.0,313.4,3.31,308.0,88250.0,True,10,23,289
2005-10-17 00:00:00,7.86,80.75,0.0,-0.0,0.0,266.2,2.76,305.0,88276.0,True,10,0,290
2005-10-17 01:00:00,7.24,83.65,0.0,-0.0,0.0,267.4,2.34,304.0,88355.0,True,10,1,290
2005-10-17 02:00:00,6.17,88.15,0.0,-0.0,0.0,257.0,1.93,303.0,88390.0,True,10,2,290
2005-10-17 03:00:00,5.59,89.7,0.0,-0.0,0.0,261.4,1.45,294.0,88443.0,True,10,3,290
2005-10-17 04:00:00,6.12,85.45,0.0,0.0,0.0,259.2,1.1,284.0,88478.0,True,10,4,290
2005-10-17 05:00:00,6.87,81.85,90.0,120.5,64.0,254.6,0.62,264.0,88530.0,True,10,5,290
2005-10-17 06:00:00,8.62,73.6,321.0,629.47,76.0,259.6,0.48,219.0,88583.0,True,10,6,290
2005-10-17 07:00:00,10.56,63.9,417.0,407.97,201.0,265.8,0.97,189.0,88574.0,True,10,7,290
2005-10-17 08:00:00,12.23,54.5,351.0,82.95,299.0,289.2,1.59,198.0,88521.0,True,10,8,290
2005-10-17 09:00:00,13.58,47.05,589.0,453.38,283.0,311.8,2.41,202.0,88513.0,True,10,9,290
2005-10-17 10:00:00,14.59,42.2,296.0,14.92,286.0,320.8,2.76,213.0,88513.0,True,10,10,290
2005-10-17 11:00:00,15.59,36.5,490.0,283.73,316.0,339.8,2.69,228.0,88451.0,True,10,11,290
2005-10-17 12:00:00,16.4,30.9,49.0,0.0,49.0,328.0,3.03,251.0,88451.0,True,10,12,290
2005-10-17 13:00:00,16.72,29.7,87.0,0.0,87.0,300.8,3.38,268.0,88451.0,True,10,13,290
2005-10-17 14:00:00,15.96,32.75,30.0,0.0,30.0,297.0,3.17,292.0,88451.0,True,10,14,290
2005-10-17 15:00:00,13.99,41.75,0.0,-0.0,0.0,291.8,2.55,329.0,88530.0,True,10,15,290
2005-10-17 16:00:00,11.72,52.65,0.0,-0.0,0.0,274.6,2.41,353.0,88591.0,True,10,16,290
2005-10-17 17:00:00,10.03,61.15,0.0,-0.0,0.0,270.0,2.34,7.0,88687.0,True,10,17,290
2005-10-17 18:00:00,8.53,69.75,0.0,-0.0,0.0,264.4,1.79,11.0,88749.0,True,10,18,290
2005-10-17 19:00:00,8.65,69.35,0.0,-0.0,0.0,273.4,0.14,74.0,88784.0,True,10,19,290
2005-10-17 20:00:00,8.31,70.85,0.0,-0.0,0.0,267.4,0.83,246.0,88792.0,True,10,20,290
2005-10-17 21:00:00,6.58,80.65,0.0,-0.0,0.0,264.2,1.31,272.0,88801.0,True,10,21,290
2005-10-17 22:00:00,5.73,84.65,0.0,-0.0,0.0,262.2,1.45,288.0,88862.0,True,10,22,290
2005-10-17 23:00:00,5.32,85.85,0.0,-0.0,0.0,261.4,1.31,295.0,88836.0,True,10,23,290
2005-10-18 00:00:00,5.04,86.65,0.0,-0.0,0.0,265.2,1.24,301.0,88889.0,True,10,0,291
2005-10-18 01:00:00,4.65,88.4,0.0,-0.0,0.0,272.8,1.24,309.0,88871.0,True,10,1,291
2005-10-18 02:00:00,4.39,88.75,0.0,-0.0,0.0,267.2,1.17,307.0,88889.0,True,10,2,291
2005-10-18 03:00:00,4.87,86.5,0.0,-0.0,0.0,284.4,0.9,295.0,88880.0,True,10,3,291
2005-10-18 04:00:00,5.44,83.35,0.0,0.0,0.0,292.8,0.69,279.0,88889.0,True,10,4,291
2005-10-18 05:00:00,6.3,79.15,66.0,37.72,58.0,300.0,0.34,240.0,88880.0,True,10,5,291
2005-10-18 06:00:00,7.75,72.6,131.0,12.98,126.0,306.6,0.55,155.0,88915.0,True,10,6,291
2005-10-18 07:00:00,8.66,68.45,356.0,234.17,233.0,300.4,0.76,151.0,88897.0,True,10,7,291
2005-10-18 08:00:00,10.49,64.2,404.0,160.65,304.0,305.6,1.59,177.0,88810.0,True,10,8,291
2005-10-18 09:00:00,12.26,58.05,518.0,287.93,325.0,319.4,2.21,202.0,88740.0,True,10,9,291
2005-10-18 10:00:00,13.46,52.85,229.0,1.5,228.0,313.4,2.28,233.0,88679.0,True,10,10,291
2005-10-18 11:00:00,13.19,55.35,461.0,230.12,321.0,318.8,2.41,284.0,88652.0,True,10,11,291
2005-10-18 12:00:00,12.61,61.3,49.0,0.0,49.0,304.2,2.97,310.0,88705.0,True,10,12,291
2005-10-18 13:00:00,12.35,64.5,35.0,0.0,35.0,313.2,2.62,320.0,88635.0,True,10,13,291
2005-10-18 14:00:00,11.47,68.95,18.0,0.0,18.0,291.6,1.86,330.0,88679.0,True,10,14,291
2005-10-18 15:00:00,10.33,75.7,0.0,-0.0,0.0,289.6,1.1,4.0,88687.0,True,10,15,291
2005-10-18 16:00:00,9.34,79.95,0.0,-0.0,0.0,288.2,0.9,54.0,88696.0,True,10,16,291
2005-10-18 17:00:00,8.4,84.15,0.0,-0.0,0.0,280.4,0.55,98.0,88740.0,True,10,17,291
2005-10-18 18:00:00,8.17,83.95,0.0,-0.0,0.0,282.6,0.14,169.0,88766.0,True,10,18,291
2005-10-18 19:00:00,7.88,86.25,0.0,-0.0,0.0,291.8,0.14,343.0,88792.0,True,10,19,291
2005-10-18 20:00:00,6.78,91.0,0.0,-0.0,0.0,284.8,1.03,324.0,88836.0,True,10,20,291
2005-10-18 21:00:00,6.11,92.25,0.0,-0.0,0.0,289.8,1.93,324.0,88915.0,True,10,21,291
2005-10-18 22:00:00,5.91,90.7,0.0,-0.0,0.0,299.4,3.1,326.0,88924.0,True,10,22,291
2005-10-18 23:00:00,5.53,87.5,0.0,-0.0,0.0,323.6,4.07,332.0,89020.0,True,10,23,291
2005-10-19 00:00:00,4.76,86.95,0.0,-0.0,0.0,317.4,3.66,344.0,89046.0,True,10,0,292
2005-10-19 01:00:00,4.27,87.55,0.0,-0.0,0.0,297.6,3.1,350.0,89046.0,True,10,1,292
2005-10-19 02:00:00,3.91,88.5,0.0,-0.0,0.0,284.6,2.76,350.0,89055.0,True,10,2,292
2005-10-19 03:00:00,3.51,87.25,0.0,-0.0,0.0,275.0,2.41,351.0,89063.0,True,10,3,292
2005-10-19 04:00:00,2.93,86.95,0.0,0.0,0.0,262.4,2.34,341.0,89125.0,True,10,4,292
2005-10-19 05:00:00,2.99,83.2,21.0,0.0,21.0,257.4,2.48,334.0,89151.0,True,10,5,292
2005-10-19 06:00:00,3.82,71.9,104.0,2.62,103.0,260.4,3.59,335.0,89186.0,True,10,6,292
2005-10-19 07:00:00,4.69,66.0,215.0,21.11,204.0,281.2,4.34,339.0,89142.0,True,10,7,292
2005-10-19 08:00:00,6.06,56.7,553.0,551.74,212.0,271.8,4.69,341.0,89063.0,True,10,8,292
2005-10-19 09:00:00,7.34,47.75,595.0,495.73,265.0,256.4,4.62,341.0,89011.0,True,10,9,292
2005-10-19 10:00:00,8.18,41.45,310.0,22.7,295.0,263.0,4.83,341.0,88976.0,True,10,10,292
2005-10-19 11:00:00,8.75,37.6,664.0,901.35,120.0,249.0,5.38,340.0,88932.0,True,10,11,292
2005-10-19 12:00:00,9.03,35.0,573.0,1000.02,75.0,252.0,5.59,341.0,88906.0,True,10,12,292
2005-10-19 13:00:00,9.18,32.45,408.0,953.65,73.0,250.4,5.45,342.0,88897.0,True,10,13,292
2005-10-19 14:00:00,8.96,31.75,167.0,392.12,99.0,260.4,5.24,344.0,88897.0,True,10,14,292
2005-10-19 15:00:00,7.86,36.3,0.0,-0.0,0.0,256.6,4.55,342.0,88958.0,True,10,15,292
2005-10-19 16:00:00,6.38,43.75,0.0,-0.0,0.0,237.0,4.48,341.0,89055.0,True,10,16,292
2005-10-19 17:00:00,5.42,50.6,0.0,-0.0,0.0,236.4,4.21,340.0,89098.0,True,10,17,292
2005-10-19 18:00:00,4.62,56.65,0.0,-0.0,0.0,235.0,3.72,338.0,89151.0,True,10,18,292
2005-10-19 19:00:00,3.78,61.4,0.0,-0.0,0.0,232.8,3.24,335.0,89212.0,True,10,19,292
2005-10-19 20:00:00,3.24,65.65,0.0,-0.0,0.0,232.8,3.38,331.0,89256.0,True,10,20,292
2005-10-19 21:00:00,2.73,70.7,0.0,-0.0,0.0,232.2,3.45,327.0,89317.0,True,10,21,292
2005-10-19 22:00:00,2.23,75.8,0.0,-0.0,0.0,231.6,3.31,323.0,89291.0,True,10,22,292
2005-10-19 23:00:00,1.81,79.8,0.0,-0.0,0.0,230.6,3.03,320.0,89308.0,True,10,23,292
2005-10-20 00:00:00,1.4,83.0,0.0,-0.0,0.0,229.2,2.76,317.0,89299.0,True,10,0,293
2005-10-20 01:00:00,1.01,85.7,0.0,-0.0,0.0,228.4,2.55,314.0,89282.0,True,10,1,293
2005-10-20 02:00:00,0.84,87.2,0.0,-0.0,0.0,234.6,2.48,314.0,89343.0,True,10,2,293
2005-10-20 03:00:00,0.74,88.4,0.0,-0.0,0.0,242.4,2.34,315.0,89361.0,True,10,3,293
2005-10-20 04:00:00,0.87,89.05,0.0,0.0,0.0,253.2,2.28,314.0,89413.0,True,10,4,293
2005-10-20 05:00:00,2.02,84.95,90.0,161.18,57.0,276.8,2.34,313.0,89439.0,True,10,5,293
2005-10-20 06:00:00,3.83,74.8,268.0,381.57,124.0,287.2,3.86,325.0,89492.0,True,10,6,293
2005-10-20 07:00:00,5.96,64.65,474.0,694.6,115.0,273.2,4.9,333.0,89457.0,True,10,7,293
2005-10-20 08:00:00,7.1,58.55,503.0,404.17,255.0,261.8,4.55,339.0,89431.0,True,10,8,293
2005-10-20 09:00:00,8.14,53.4,598.0,517.36,256.0,295.8,4.21,345.0,89361.0,True,10,9,293
2005-10-20 10:00:00,9.18,47.95,712.0,908.57,116.0,303.4,4.0,348.0,89317.0,True,10,10,293
2005-10-20 11:00:00,9.75,44.05,655.0,881.89,127.0,322.4,3.79,348.0,89247.0,True,10,11,293
2005-10-20 12:00:00,9.75,42.9,536.0,819.2,132.0,316.6,3.72,348.0,89238.0,True,10,12,293
2005-10-20 13:00:00,9.92,41.95,401.0,937.87,76.0,307.0,3.72,349.0,89177.0,True,10,13,293
2005-10-20 14:00:00,9.78,41.95,186.0,622.05,81.0,314.4,3.45,350.0,89203.0,True,10,14,293
2005-10-20 15:00:00,9.19,45.05,0.0,-0.0,0.0,310.0,2.55,349.0,89221.0,True,10,15,293
2005-10-20 16:00:00,8.12,51.1,0.0,-0.0,0.0,292.6,2.14,343.0,89265.0,True,10,16,293
2005-10-20 17:00:00,7.24,55.85,0.0,-0.0,0.0,287.0,2.21,335.0,89334.0,True,10,17,293
2005-10-20 18:00:00,6.25,59.85,0.0,-0.0,0.0,270.8,2.34,332.0,89352.0,True,10,18,293
2005-10-20 19:00:00,4.86,65.85,0.0,-0.0,0.0,244.4,2.21,327.0,89404.0,True,10,19,293
2005-10-20 20:00:00,3.74,71.1,0.0,-0.0,0.0,243.2,2.14,325.0,89422.0,True,10,20,293
2005-10-20 21:00:00,3.03,74.75,0.0,-0.0,0.0,246.4,2.07,322.0,89457.0,True,10,21,293
2005-10-20 22:00:00,2.54,77.65,0.0,-0.0,0.0,249.0,1.93,315.0,89483.0,True,10,22,293
2005-10-20 23:00:00,2.21,80.05,0.0,-0.0,0.0,253.6,1.79,308.0,89474.0,True,10,23,293
2005-10-21 00:00:00,1.69,82.6,0.0,-0.0,0.0,240.6,1.79,302.0,89492.0,True,10,0,294
2005-10-21 01:00:00,1.28,83.9,0.0,-0.0,0.0,238.8,1.72,295.0,89457.0,True,10,1,294
2005-10-21 02:00:00,1.01,84.5,0.0,-0.0,0.0,236.0,1.59,294.0,89448.0,True,10,2,294
2005-10-21 03:00:00,0.64,85.75,0.0,-0.0,0.0,234.2,1.59,301.0,89466.0,True,10,3,294
2005-10-21 04:00:00,0.31,87.0,0.0,0.0,0.0,233.8,1.66,310.0,89483.0,True,10,4,294
2005-10-21 05:00:00,1.16,86.6,105.0,298.48,45.0,233.8,1.31,316.0,89544.0,True,10,5,294
2005-10-21 06:00:00,4.36,79.15,307.0,637.37,69.0,237.4,1.17,344.0,89606.0,True,10,6,294
2005-10-21 07:00:00,6.59,69.15,484.0,772.51,88.0,242.8,1.59,7.0,89588.0,True,10,7,294
2005-10-21 08:00:00,8.08,60.05,541.0,536.82,214.0,247.6,1.31,32.0,89536.0,True,10,8,294
2005-10-21 09:00:00,9.25,52.2,589.0,504.25,258.0,266.0,1.1,30.0,89483.0,True,10,9,294
2005-10-21 10:00:00,10.24,45.75,540.0,347.04,314.0,282.2,1.45,17.0,89413.0,True,10,10,294
2005-10-21 11:00:00,11.0,41.5,597.0,661.72,204.0,266.8,1.72,16.0,89352.0,True,10,11,294
2005-10-21 12:00:00,11.28,40.5,502.0,675.7,172.0,269.4,1.86,18.0,89334.0,True,10,12,294
2005-10-21 13:00:00,11.29,39.95,381.0,824.98,99.0,258.0,1.86,20.0,89343.0,True,10,13,294
2005-10-21 14:00:00,10.88,40.35,188.0,694.1,74.0,252.6,1.93,24.0,89343.0,True,10,14,294
2005-10-21 15:00:00,9.83,44.8,0.0,-0.0,0.0,249.8,1.66,34.0,89387.0,True,10,15,294
2005-10-21 16:00:00,8.05,56.95,0.0,-0.0,0.0,249.2,1.52,34.0,89439.0,True,10,16,294
2005-10-21 17:00:00,7.32,53.95,0.0,-0.0,0.0,244.0,1.03,35.0,89518.0,True,10,17,294
2005-10-21 18:00:00,7.4,50.4,0.0,-0.0,0.0,242.4,0.48,9.0,89553.0,True,10,18,294
2005-10-21 19:00:00,6.82,51.35,0.0,-0.0,0.0,240.6,0.9,296.0,89597.0,True,10,19,294
2005-10-21 20:00:00,4.95,59.7,0.0,-0.0,0.0,239.0,1.38,281.0,89632.0,True,10,20,294
2005-10-21 21:00:00,3.93,64.45,0.0,-0.0,0.0,238.0,1.45,273.0,89649.0,True,10,21,294
2005-10-21 22:00:00,3.31,66.95,0.0,-0.0,0.0,236.0,1.45,268.0,89702.0,True,10,22,294
2005-10-21 23:00:00,2.85,68.55,0.0,-0.0,0.0,234.6,1.45,264.0,89719.0,True,10,23,294
2005-10-22 00:00:00,2.52,69.35,0.0,-0.0,0.0,233.2,1.45,262.0,89710.0,True,10,0,295
2005-10-22 01:00:00,2.01,69.2,0.0,-0.0,0.0,231.6,1.45,260.0,89719.0,True,10,1,295
2005-10-22 02:00:00,2.32,66.65,0.0,-0.0,0.0,230.2,1.31,260.0,89728.0,True,10,2,295
2005-10-22 03:00:00,2.59,64.65,0.0,-0.0,0.0,228.8,1.24,257.0,89772.0,True,10,3,295
2005-10-22 04:00:00,2.46,64.55,0.0,0.0,0.0,227.6,1.31,251.0,89798.0,True,10,4,295
2005-10-22 05:00:00,2.36,65.9,101.0,283.85,45.0,227.4,1.24,242.0,89850.0,True,10,5,295
2005-10-22 06:00:00,4.93,64.6,295.0,579.29,81.0,230.8,0.69,202.0,89903.0,True,10,6,295
2005-10-22 07:00:00,7.19,50.85,477.0,755.35,93.0,235.0,0.97,153.0,89894.0,True,10,7,295
2005-10-22 08:00:00,8.76,45.05,610.0,836.79,104.0,240.4,1.52,139.0,89842.0,True,10,8,295
2005-10-22 09:00:00,10.02,41.0,700.0,943.54,85.0,244.2,1.52,138.0,89798.0,True,10,9,295
2005-10-22 10:00:00,11.11,37.45,697.0,889.41,122.0,247.6,1.31,132.0,89693.0,True,10,10,295
2005-10-22 11:00:00,11.98,34.6,640.0,862.28,132.0,250.0,1.1,124.0,89640.0,True,10,11,295
2005-10-22 12:00:00,12.53,32.35,528.0,831.21,126.0,251.4,1.03,110.0,89606.0,True,10,12,295
2005-10-22 13:00:00,12.66,31.4,369.0,777.04,107.0,251.2,1.17,96.0,89623.0,True,10,13,295
2005-10-22 14:00:00,12.23,32.55,189.0,776.23,65.0,249.4,1.38,89.0,89606.0,True,10,14,295
2005-10-22 15:00:00,11.03,37.45,0.0,-0.0,0.0,245.4,1.52,92.0,89632.0,True,10,15,295
2005-10-22 16:00:00,8.81,51.65,0.0,-0.0,0.0,241.8,1.17,102.0,89684.0,True,10,16,295
2005-10-22 17:00:00,8.93,40.65,0.0,-0.0,0.0,239.6,0.76,126.0,89737.0,True,10,17,295
2005-10-22 18:00:00,8.28,42.3,0.0,-0.0,0.0,237.6,0.55,186.0,89789.0,True,10,18,295
2005-10-22 19:00:00,7.51,44.6,0.0,-0.0,0.0,237.8,0.9,217.0,89815.0,True,10,19,295
2005-10-22 20:00:00,6.75,46.8,0.0,-0.0,0.0,237.0,1.24,235.0,89833.0,True,10,20,295
2005-10-22 21:00:00,5.11,53.1,0.0,-0.0,0.0,235.6,1.45,242.0,89842.0,True,10,21,295
2005-10-22 22:00:00,4.35,55.35,0.0,-0.0,0.0,234.8,1.52,247.0,89859.0,True,10,22,295
2005-10-22 23:00:00,3.96,56.05,0.0,-0.0,0.0,233.8,1.52,249.0,89824.0,True,10,23,295
2005-10-23 00:00:00,3.77,55.9,0.0,-0.0,0.0,232.8,1.52,246.0,89842.0,True,10,0,296
2005-10-23 01:00:00,3.53,55.9,0.0,-0.0,0.0,231.6,1.52,242.0,89780.0,True,10,1,296
2005-10-23 02:00:00,3.3,55.95,0.0,-0.0,0.0,230.4,1.52,239.0,89780.0,True,10,2,296
2005-10-23 03:00:00,3.45,54.15,0.0,-0.0,0.0,229.8,1.45,239.0,89807.0,True,10,3,296
2005-10-23 04:00:00,3.54,52.75,0.0,0.0,0.0,228.2,1.45,241.0,89833.0,True,10,4,296
2005-10-23 05:00:00,3.65,52.55,96.0,263.51,45.0,228.8,1.38,242.0,89842.0,True,10,5,296
2005-10-23 06:00:00,5.9,56.4,289.0,563.75,83.0,232.0,0.55,223.0,89885.0,True,10,6,296
2005-10-23 07:00:00,9.08,40.05,462.0,700.23,109.0,238.0,0.34,135.0,89885.0,True,10,7,296
2005-10-23 08:00:00,11.07,36.45,596.0,789.7,122.0,244.4,0.9,120.0,89833.0,True,10,8,296
2005-10-23 09:00:00,12.57,32.95,677.0,859.11,121.0,249.4,1.03,113.0,89780.0,True,10,9,296
2005-10-23 10:00:00,13.73,29.5,669.0,791.55,161.0,253.6,1.1,102.0,89702.0,True,10,10,296
2005-10-23 11:00:00,14.5,27.1,621.0,797.41,155.0,257.0,1.1,94.0,89614.0,True,10,11,296
2005-10-23 12:00:00,14.91,25.6,505.0,737.06,152.0,257.8,1.1,86.0,89579.0,True,10,12,296
2005-10-23 13:00:00,14.85,25.05,360.0,745.68,112.0,257.6,1.1,78.0,89553.0,True,10,13,296
2005-10-23 14:00:00,14.33,26.25,181.0,733.98,67.0,255.8,1.03,77.0,89536.0,True,10,14,296
2005-10-23 15:00:00,12.85,35.55,0.0,-0.0,0.0,250.8,0.9,85.0,89571.0,True,10,15,296
2005-10-23 16:00:00,11.84,29.95,0.0,-0.0,0.0,247.2,0.28,85.0,89579.0,True,10,16,296
2005-10-23 17:00:00,11.0,31.4,0.0,-0.0,0.0,244.4,0.48,282.0,89623.0,True,10,17,296
2005-10-23 18:00:00,9.78,34.7,0.0,-0.0,0.0,243.2,1.17,284.0,89632.0,True,10,18,296
2005-10-23 19:00:00,7.96,41.5,0.0,-0.0,0.0,242.2,1.45,280.0,89658.0,True,10,19,296
2005-10-23 20:00:00,6.41,46.85,0.0,-0.0,0.0,240.8,1.59,270.0,89632.0,True,10,20,296
2005-10-23 21:00:00,5.6,48.65,0.0,-0.0,0.0,239.0,1.66,266.0,89623.0,True,10,21,296
2005-10-23 22:00:00,5.14,48.8,0.0,-0.0,0.0,237.4,1.66,262.0,89623.0,True,10,22,296
2005-10-23 23:00:00,4.9,48.0,0.0,-0.0,0.0,235.6,1.66,262.0,89579.0,True,10,23,296
2005-10-24 00:00:00,4.65,47.4,0.0,-0.0,0.0,234.4,1.66,262.0,89562.0,True,10,0,297
2005-10-24 01:00:00,4.86,45.3,0.0,-0.0,0.0,232.8,1.59,263.0,89544.0,True,10,1,297
2005-10-24 02:00:00,5.25,42.45,0.0,-0.0,0.0,231.4,1.52,262.0,89509.0,True,10,2,297
2005-10-24 03:00:00,5.81,39.15,0.0,-0.0,0.0,230.2,1.38,261.0,89544.0,True,10,3,297
2005-10-24 04:00:00,5.84,37.5,0.0,-0.0,0.0,229.2,1.38,262.0,89518.0,True,10,4,297
2005-10-24 05:00:00,5.92,36.6,91.0,242.38,45.0,229.6,1.31,262.0,89536.0,True,10,5,297
2005-10-24 06:00:00,7.7,40.3,284.0,550.66,85.0,233.0,0.55,254.0,89562.0,True,10,6,297
2005-10-24 07:00:00,10.46,31.75,457.0,698.2,108.0,238.2,0.21,184.0,89579.0,True,10,7,297
2005-10-24 08:00:00,12.56,28.25,590.0,787.22,121.0,245.2,0.48,127.0,89501.0,True,10,8,297
2005-10-24 09:00:00,14.13,26.25,668.0,841.93,127.0,251.0,0.55,94.0,89448.0,True,10,9,297
2005-10-24 10:00:00,15.29,23.55,660.0,775.4,166.0,254.8,0.69,56.0,89343.0,True,10,10,297
2005-10-24 11:00:00,16.09,21.35,612.0,781.46,159.0,257.4,1.03,41.0,89265.0,True,10,11,297
2005-10-24 12:00:00,16.48,20.15,495.0,712.67,157.0,258.4,1.17,36.0,89221.0,True,10,12,297
2005-10-24 13:00:00,16.41,20.0,342.0,652.35,128.0,258.0,1.31,34.0,89221.0,True,10,13,297
2005-10-24 14:00:00,15.74,22.75,164.0,569.7,78.0,256.4,1.31,40.0,89177.0,True,10,14,297
2005-10-24 15:00:00,13.76,35.2,0.0,-0.0,0.0,251.8,1.31,44.0,89212.0,True,10,15,297
2005-10-24 16:00:00,12.48,29.9,0.0,-0.0,0.0,249.2,0.9,16.0,89256.0,True,10,16,297
2005-10-24 17:00:00,11.53,32.1,0.0,-0.0,0.0,247.4,0.97,332.0,89282.0,True,10,17,297
2005-10-24 18:00:00,10.1,36.3,0.0,-0.0,0.0,246.2,1.24,300.0,89299.0,True,10,18,297
2005-10-24 19:00:00,9.32,38.3,0.0,-0.0,0.0,244.8,1.38,276.0,89299.0,True,10,19,297
2005-10-24 20:00:00,7.34,44.7,0.0,-0.0,0.0,243.2,1.66,270.0,89308.0,True,10,20,297
2005-10-24 21:00:00,6.5,46.3,0.0,-0.0,0.0,242.0,1.79,271.0,89308.0,True,10,21,297
2005-10-24 22:00:00,6.29,45.25,0.0,-0.0,0.0,241.0,1.72,273.0,89317.0,True,10,22,297
2005-10-24 23:00:00,6.35,43.25,0.0,-0.0,0.0,241.0,1.72,278.0,89282.0,True,10,23,297
2005-10-25 00:00:00,6.36,41.7,0.0,-0.0,0.0,242.2,1.72,285.0,89291.0,True,10,0,298
2005-10-25 01:00:00,6.7,39.8,0.0,-0.0,0.0,243.4,1.66,290.0,89299.0,True,10,1,298
2005-10-25 02:00:00,6.83,37.9,0.0,-0.0,0.0,245.0,1.59,294.0,89299.0,True,10,2,298
2005-10-25 03:00:00,7.23,35.05,0.0,-0.0,0.0,247.4,1.52,294.0,89326.0,True,10,3,298
2005-10-25 04:00:00,6.67,36.05,0.0,-0.0,0.0,249.2,1.66,297.0,89343.0,True,10,4,298
2005-10-25 05:00:00,6.54,38.4,29.0,0.0,29.0,251.2,1.59,301.0,89396.0,True,10,5,298
2005-10-25 06:00:00,9.68,37.1,272.0,495.31,95.0,256.8,0.83,306.0,89474.0,True,10,6,298
2005-10-25 07:00:00,12.23,33.85,419.0,532.7,155.0,264.0,1.1,339.0,89509.0,True,10,7,298
2005-10-25 08:00:00,14.2,30.65,523.0,532.72,208.0,271.0,1.52,3.0,89474.0,True,10,8,298
2005-10-25 09:00:00,15.64,30.45,641.0,747.68,164.0,275.2,1.86,16.0,89448.0,True,10,9,298
2005-10-25 10:00:00,16.71,31.25,663.0,804.85,154.0,279.6,2.28,23.0,89387.0,True,10,10,298
2005-10-25 11:00:00,17.4,32.35,614.0,810.42,148.0,282.0,2.83,20.0,89334.0,True,10,11,298
2005-10-25 12:00:00,17.67,33.3,523.0,889.99,105.0,283.4,3.38,15.0,89317.0,True,10,12,298
2005-10-25 13:00:00,17.46,34.65,354.0,769.55,105.0,283.4,3.59,12.0,89317.0,True,10,13,298
2005-10-25 14:00:00,16.6,38.2,175.0,770.47,62.0,282.6,2.83,8.0,89317.0,True,10,14,298
2005-10-25 15:00:00,14.75,45.15,0.0,-0.0,0.0,279.2,2.28,355.0,89334.0,True,10,15,298
2005-10-25 16:00:00,12.65,55.65,0.0,-0.0,0.0,276.2,2.14,336.0,89404.0,True,10,16,298
2005-10-25 17:00:00,10.69,62.85,0.0,-0.0,0.0,275.0,2.21,321.0,89422.0,True,10,17,298
2005-10-25 18:00:00,9.19,67.5,0.0,-0.0,0.0,273.2,2.28,311.0,89483.0,True,10,18,298
2005-10-25 19:00:00,8.39,68.5,0.0,-0.0,0.0,272.2,2.28,308.0,89492.0,True,10,19,298
2005-10-25 20:00:00,7.63,70.5,0.0,-0.0,0.0,270.8,2.28,307.0,89527.0,True,10,20,298
2005-10-25 21:00:00,7.0,72.4,0.0,-0.0,0.0,268.2,2.21,308.0,89501.0,True,10,21,298
2005-10-25 22:00:00,6.58,73.75,0.0,-0.0,0.0,267.8,2.14,310.0,89501.0,True,10,22,298
2005-10-25 23:00:00,6.08,75.85,0.0,-0.0,0.0,265.6,2.21,316.0,89457.0,True,10,23,298
2005-10-26 00:00:00,5.73,77.0,0.0,-0.0,0.0,264.6,2.28,317.0,89483.0,True,10,0,299
2005-10-26 01:00:00,5.47,77.45,0.0,-0.0,0.0,264.0,2.21,314.0,89483.0,True,10,1,299
2005-10-26 02:00:00,5.25,77.65,0.0,-0.0,0.0,263.6,2.14,311.0,89466.0,True,10,2,299
2005-10-26 03:00:00,5.17,77.45,0.0,-0.0,0.0,263.2,2.0,309.0,89492.0,True,10,3,299
2005-10-26 04:00:00,4.99,78.05,0.0,-0.0,0.0,263.2,1.93,309.0,89501.0,True,10,4,299
2005-10-26 05:00:00,5.67,77.2,82.0,214.02,43.0,263.2,1.66,309.0,89518.0,True,10,5,299
2005-10-26 06:00:00,8.87,71.85,266.0,483.99,95.0,267.0,1.17,327.0,89571.0,True,10,6,299
2005-10-26 07:00:00,12.8,56.85,436.0,628.92,127.0,274.4,1.31,356.0,89579.0,True,10,7,299
2005-10-26 08:00:00,14.52,55.2,577.0,768.51,126.0,281.0,1.66,22.0,89536.0,True,10,8,299
2005-10-26 09:00:00,15.93,52.15,654.0,822.56,133.0,286.6,1.79,36.0,89501.0,True,10,9,299
2005-10-26 10:00:00,17.03,48.5,665.0,834.7,141.0,290.8,1.93,42.0,89387.0,True,10,10,299
2005-10-26 11:00:00,17.71,45.45,625.0,888.89,118.0,293.6,1.93,42.0,89308.0,True,10,11,299
2005-10-26 12:00:00,18.0,44.05,513.0,855.72,115.0,294.4,1.93,38.0,89273.0,True,10,12,299
2005-10-26 13:00:00,17.86,44.25,345.0,739.47,109.0,293.4,2.0,35.0,89256.0,True,10,13,299
2005-10-26 14:00:00,17.19,46.95,168.0,723.1,65.0,291.2,1.86,34.0,89238.0,True,10,14,299
2005-10-26 15:00:00,15.67,53.5,0.0,-0.0,0.0,286.4,1.79,32.0,89273.0,True,10,15,299
2005-10-26 16:00:00,13.34,67.25,0.0,-0.0,0.0,282.0,1.59,29.0,89308.0,True,10,16,299
2005-10-26 17:00:00,12.5,66.8,0.0,-0.0,0.0,279.6,1.17,15.0,89352.0,True,10,17,299
2005-10-26 18:00:00,12.67,64.65,0.0,-0.0,0.0,277.8,0.9,323.0,89369.0,True,10,18,299
2005-10-26 19:00:00,12.03,66.75,0.0,-0.0,0.0,277.4,1.24,276.0,89369.0,True,10,19,299
2005-10-26 20:00:00,9.74,76.15,0.0,-0.0,0.0,276.0,1.66,265.0,89352.0,True,10,20,299
2005-10-26 21:00:00,8.73,79.4,0.0,-0.0,0.0,274.0,1.72,264.0,89343.0,True,10,21,299
2005-10-26 22:00:00,8.1,80.85,0.0,-0.0,0.0,272.2,1.79,263.0,89343.0,True,10,22,299
2005-10-26 23:00:00,7.8,80.8,0.0,-0.0,0.0,270.2,1.79,265.0,89326.0,True,10,23,299
2005-10-27 00:00:00,7.4,81.25,0.0,-0.0,0.0,268.4,1.79,266.0,89291.0,True,10,0,300
2005-10-27 01:00:00,7.22,80.65,0.0,-0.0,0.0,267.4,1.79,267.0,89247.0,True,10,1,300
2005-10-27 02:00:00,7.34,79.1,0.0,-0.0,0.0,265.6,1.66,269.0,89247.0,True,10,2,300
2005-10-27 03:00:00,7.95,75.9,0.0,-0.0,0.0,264.8,1.52,272.0,89238.0,True,10,3,300
2005-10-27 04:00:00,9.05,71.2,0.0,-0.0,0.0,263.6,1.31,274.0,89273.0,True,10,4,300
2005-10-27 05:00:00,9.27,70.0,78.0,196.15,43.0,263.4,1.1,268.0,89256.0,True,10,5,300
2005-10-27 06:00:00,11.09,67.25,260.0,469.56,96.0,267.4,0.41,243.0,89317.0,True,10,6,300
2005-10-27 07:00:00,13.19,61.05,438.0,665.24,114.0,273.0,0.34,202.0,89299.0,True,10,7,300
2005-10-27 08:00:00,15.04,54.0,569.0,752.06,131.0,280.6,0.07,100.0,89265.0,True,10,8,300
2005-10-27 09:00:00,16.44,48.35,645.0,804.68,139.0,286.8,0.83,19.0,89212.0,True,10,9,300
2005-10-27 10:00:00,17.43,44.95,648.0,786.33,158.0,291.0,1.31,16.0,89107.0,True,10,10,300
2005-10-27 11:00:00,18.02,42.4,617.0,871.37,124.0,293.4,1.24,12.0,89028.0,True,10,11,300
2005-10-27 12:00:00,18.3,41.0,515.0,903.17,99.0,293.8,1.24,6.0,88976.0,True,10,12,300
2005-10-27 13:00:00,18.27,40.4,358.0,870.41,84.0,292.6,1.38,2.0,88941.0,True,10,13,300
2005-10-27 14:00:00,17.74,42.4,170.0,824.32,56.0,290.0,1.24,12.0,88915.0,True,10,14,300
2005-10-27 15:00:00,16.35,48.1,0.0,-0.0,0.0,285.2,1.03,24.0,88906.0,True,10,15,300
2005-10-27 16:00:00,14.88,54.95,0.0,-0.0,0.0,281.2,0.83,339.0,88915.0,True,10,16,300
2005-10-27 17:00:00,13.28,60.35,0.0,-0.0,0.0,278.2,1.24,293.0,88932.0,True,10,17,300
2005-10-27 18:00:00,11.28,68.05,0.0,-0.0,0.0,275.4,1.66,294.0,88941.0,True,10,18,300
2005-10-27 19:00:00,10.36,70.2,0.0,-0.0,0.0,274.2,1.72,297.0,88985.0,True,10,19,300
2005-10-27 20:00:00,9.19,74.95,0.0,-0.0,0.0,273.0,1.93,295.0,88993.0,True,10,20,300
2005-10-27 21:00:00,8.5,76.75,0.0,-0.0,0.0,271.4,1.93,290.0,89002.0,True,10,21,300
2005-10-27 22:00:00,7.79,78.75,0.0,-0.0,0.0,269.2,2.0,294.0,89028.0,True,10,22,300
2005-10-27 23:00:00,7.13,80.55,0.0,-0.0,0.0,267.2,2.0,298.0,88993.0,True,10,23,300
2005-10-28 00:00:00,6.44,82.5,0.0,-0.0,0.0,265.4,2.07,299.0,89011.0,True,10,0,301
2005-10-28 01:00:00,5.87,84.25,0.0,-0.0,0.0,263.8,2.07,299.0,88985.0,True,10,1,301
2005-10-28 02:00:00,5.56,84.45,0.0,-0.0,0.0,261.8,2.0,297.0,88958.0,True,10,2,301
2005-10-28 03:00:00,5.38,84.2,0.0,-0.0,0.0,260.2,1.93,293.0,88950.0,True,10,3,301
2005-10-28 04:00:00,5.17,84.2,0.0,-0.0,0.0,259.8,1.93,296.0,88958.0,True,10,4,301
2005-10-28 05:00:00,5.51,83.9,79.0,234.78,38.0,259.8,1.72,294.0,88976.0,True,10,5,301
2005-10-28 06:00:00,10.02,69.1,262.0,504.05,88.0,264.2,0.9,296.0,89011.0,True,10,6,301
2005-10-28 07:00:00,12.92,54.65,424.0,613.13,128.0,271.8,1.1,320.0,89028.0,True,10,7,301
2005-10-28 08:00:00,14.71,46.85,570.0,778.61,120.0,278.2,2.07,342.0,89002.0,True,10,8,301
2005-10-28 09:00:00,15.87,43.25,640.0,804.14,138.0,284.2,2.55,347.0,88950.0,True,10,9,301
2005-10-28 10:00:00,16.66,41.15,651.0,816.41,146.0,287.8,2.9,346.0,88880.0,True,10,10,301
2005-10-28 11:00:00,17.12,40.3,494.0,411.61,263.0,287.8,3.31,343.0,88810.0,True,10,11,301
2005-10-28 12:00:00,17.06,40.55,438.0,530.53,196.0,290.6,3.72,342.0,88775.0,True,10,12,301
2005-10-28 13:00:00,16.8,41.05,221.0,151.37,174.0,311.2,4.07,341.0,88749.0,True,10,13,301
2005-10-28 14:00:00,15.85,44.8,75.0,29.8,71.0,324.0,3.86,349.0,88749.0,True,10,14,301
2005-10-28 15:00:00,14.3,51.55,0.0,-0.0,0.0,316.4,3.79,356.0,88801.0,True,10,15,301
2005-10-28 16:00:00,12.92,58.5,0.0,-0.0,0.0,309.4,3.59,355.0,88836.0,True,10,16,301
2005-10-28 17:00:00,11.8,64.45,0.0,-0.0,0.0,300.8,3.45,349.0,88880.0,True,10,17,301
2005-10-28 18:00:00,11.36,66.8,0.0,-0.0,0.0,321.4,3.72,344.0,88932.0,True,10,18,301
2005-10-28 19:00:00,10.79,66.9,0.0,-0.0,0.0,313.0,4.14,347.0,88985.0,True,10,19,301
2005-10-28 20:00:00,9.91,67.35,0.0,-0.0,0.0,308.8,4.48,349.0,89063.0,True,10,20,301
2005-10-28 21:00:00,9.05,66.8,0.0,-0.0,0.0,316.4,4.48,348.0,89133.0,True,10,21,301
2005-10-28 22:00:00,8.19,66.65,0.0,-0.0,0.0,317.6,4.55,348.0,89168.0,True,10,22,301
2005-10-28 23:00:00,7.45,67.2,0.0,-0.0,0.0,315.8,4.69,350.0,89203.0,True,10,23,301
2005-10-29 00:00:00,6.86,68.3,0.0,-0.0,0.0,321.0,4.41,350.0,89212.0,True,10,0,302
2005-10-29 01:00:00,6.12,71.15,0.0,-0.0,0.0,304.8,4.07,352.0,89238.0,True,10,1,302
2005-10-29 02:00:00,5.42,74.4,0.0,-0.0,0.0,292.4,4.14,353.0,89256.0,True,10,2,302
2005-10-29 03:00:00,4.5,79.0,0.0,-0.0,0.0,269.4,4.0,354.0,89291.0,True,10,3,302
2005-10-29 04:00:00,4.0,80.85,0.0,-0.0,0.0,276.2,4.0,354.0,89361.0,True,10,4,302
2005-10-29 05:00:00,3.79,80.45,19.0,0.0,19.0,277.6,4.21,353.0,89404.0,True,10,5,302
2005-10-29 06:00:00,4.23,74.65,135.0,35.18,123.0,267.2,4.83,354.0,89457.0,True,10,6,302
2005-10-29 07:00:00,5.71,63.45,148.0,2.09,147.0,266.8,4.83,5.0,89448.0,True,10,7,302
2005-10-29 08:00:00,6.88,53.5,294.0,55.8,262.0,269.2,4.69,9.0,89378.0,True,10,8,302
2005-10-29 09:00:00,7.76,46.2,344.0,69.38,301.0,276.8,4.55,12.0,89343.0,True,10,9,302
2005-10-29 10:00:00,8.58,40.55,189.0,0.0,189.0,275.8,4.55,13.0,89299.0,True,10,10,302
2005-10-29 11:00:00,9.15,36.65,423.0,233.52,293.0,291.4,4.55,15.0,89265.0,True,10,11,302
2005-10-29 12:00:00,9.43,34.0,79.0,0.0,79.0,287.4,4.76,17.0,89203.0,True,10,12,302
2005-10-29 13:00:00,9.26,33.45,87.0,0.0,87.0,286.0,5.03,19.0,89195.0,True,10,13,302
2005-10-29 14:00:00,8.44,38.65,56.0,7.68,55.0,295.8,5.31,22.0,89247.0,True,10,14,302
2005-10-29 15:00:00,7.28,45.6,0.0,-0.0,0.0,271.6,4.62,23.0,89299.0,True,10,15,302
2005-10-29 16:00:00,6.57,50.15,0.0,-0.0,0.0,275.4,4.14,20.0,89343.0,True,10,16,302
2005-10-29 17:00:00,5.78,53.65,0.0,-0.0,0.0,257.6,3.66,14.0,89387.0,True,10,17,302
2005-10-29 18:00:00,5.15,55.6,0.0,-0.0,0.0,255.8,3.45,4.0,89387.0,True,10,18,302
2005-10-29 19:00:00,3.89,59.3,0.0,-0.0,0.0,233.2,3.17,1.0,89422.0,True,10,19,302
2005-10-29 20:00:00,3.31,61.75,0.0,-0.0,0.0,236.2,2.97,355.0,89404.0,True,10,20,302
2005-10-29 21:00:00,2.65,64.15,0.0,-0.0,0.0,230.2,2.83,350.0,89404.0,True,10,21,302
2005-10-29 22:00:00,2.23,64.6,0.0,-0.0,0.0,234.6,2.9,345.0,89369.0,True,10,22,302
2005-10-29 23:00:00,1.95,64.25,0.0,-0.0,0.0,240.4,3.03,344.0,89369.0,True,10,23,302
2005-10-30 00:00:00,1.56,65.55,0.0,-0.0,0.0,236.6,3.17,344.0,89334.0,True,10,0,303
2005-10-30 01:00:00,1.32,68.6,0.0,-0.0,0.0,239.8,3.17,344.0,89326.0,True,10,1,303
2005-10-30 02:00:00,1.13,72.05,0.0,-0.0,0.0,249.2,3.03,342.0,89343.0,True,10,2,303
2005-10-30 03:00:00,0.83,76.1,0.0,-0.0,0.0,247.2,2.9,338.0,89352.0,True,10,3,303
2005-10-30 04:00:00,0.32,80.65,0.0,-0.0,0.0,236.0,2.83,333.0,89369.0,True,10,4,303
2005-10-30 05:00:00,0.67,80.9,53.0,65.87,42.0,244.8,2.62,332.0,89396.0,True,10,5,303
2005-10-30 06:00:00,2.21,74.2,123.0,23.73,115.0,246.2,3.66,340.0,89404.0,True,10,6,303
2005-10-30 07:00:00,4.04,67.0,207.0,33.74,191.0,255.4,4.48,354.0,89352.0,True,10,7,303
2005-10-30 08:00:00,5.28,60.25,285.0,49.2,257.0,274.6,5.03,6.0,89291.0,True,10,8,303
2005-10-30 09:00:00,6.42,52.65,401.0,144.66,312.0,276.6,4.97,12.0,89238.0,True,10,9,303
2005-10-30 10:00:00,6.95,50.1,118.0,0.0,118.0,291.2,4.76,13.0,89221.0,True,10,10,303
2005-10-30 11:00:00,7.51,46.2,141.0,0.0,141.0,277.2,4.62,12.0,89116.0,True,10,11,303
2005-10-30 12:00:00,7.75,44.05,110.0,0.0,110.0,282.8,4.62,10.0,89072.0,True,10,12,303
2005-10-30 13:00:00,7.73,43.1,91.0,0.0,91.0,286.6,4.48,8.0,89046.0,True,10,13,303
2005-10-30 14:00:00,7.38,43.65,41.0,0.0,41.0,294.8,3.93,5.0,89046.0,True,10,14,303
2005-10-30 15:00:00,6.39,47.25,0.0,-0.0,0.0,268.0,2.62,353.0,89046.0,True,10,15,303
2005-10-30 16:00:00,5.75,50.55,0.0,-0.0,0.0,277.2,2.28,338.0,89072.0,True,10,16,303
2005-10-30 17:00:00,5.13,53.95,0.0,-0.0,0.0,274.6,2.21,330.0,89133.0,True,10,17,303
2005-10-30 18:00:00,4.15,58.15,0.0,-0.0,0.0,252.8,2.48,331.0,89142.0,True,10,18,303
2005-10-30 19:00:00,3.59,60.15,0.0,-0.0,0.0,257.4,2.9,333.0,89186.0,True,10,19,303
2005-10-30 20:00:00,2.79,66.15,0.0,-0.0,0.0,242.6,3.03,332.0,89221.0,True,10,20,303
2005-10-30 21:00:00,2.13,72.65,0.0,-0.0,0.0,242.0,2.9,329.0,89265.0,True,10,21,303
2005-10-30 22:00:00,1.63,78.3,0.0,-0.0,0.0,246.8,2.69,326.0,89195.0,True,10,22,303
2005-10-30 23:00:00,1.4,82.25,0.0,-0.0,0.0,253.6,2.69,325.0,89212.0,True,10,23,303
2005-10-31 00:00:00,1.24,85.55,0.0,-0.0,0.0,255.4,2.76,324.0,89238.0,False,10,0,304
2005-10-31 01:00:00,1.1,87.45,0.0,-0.0,0.0,261.6,2.76,325.0,89238.0,False,10,1,304
2005-10-31 02:00:00,1.0,89.4,0.0,-0.0,0.0,262.2,2.62,327.0,89282.0,False,10,2,304
2005-10-31 03:00:00,1.22,89.0,0.0,-0.0,0.0,276.6,2.62,328.0,89291.0,False,10,3,304
2005-10-31 04:00:00,1.2,89.85,0.0,-0.0,0.0,273.4,2.41,329.0,89326.0,False,10,4,304
2005-10-31 05:00:00,1.49,88.85,37.0,18.38,34.0,276.4,2.34,329.0,89352.0,False,10,5,304
2005-10-31 06:00:00,2.71,78.4,189.0,180.17,129.0,283.4,3.45,334.0,89369.0,False,10,6,304
2005-10-31 07:00:00,3.77,70.0,381.0,470.25,160.0,299.8,4.0,340.0,89369.0,False,10,7,304
2005-10-31 08:00:00,5.1,60.3,499.0,534.81,197.0,282.0,3.79,346.0,89343.0,False,10,8,304
2005-10-31 09:00:00,5.73,57.4,554.0,527.22,232.0,292.2,3.38,347.0,89334.0,False,10,9,304
2005-10-31 10:00:00,6.36,53.75,420.0,171.9,316.0,285.8,2.97,348.0,89273.0,False,10,10,304
2005-10-31 11:00:00,7.13,49.75,123.0,0.0,123.0,269.8,2.62,350.0,89221.0,False,10,11,304
2005-10-31 12:00:00,7.46,48.0,432.0,561.91,183.0,263.4,2.48,349.0,89203.0,False,10,12,304
2005-10-31 13:00:00,7.55,47.5,187.0,87.23,161.0,251.2,2.21,350.0,89203.0,False,10,13,304
2005-10-31 14:00:00,7.11,48.45,44.0,0.0,44.0,247.8,2.0,354.0,89212.0,False,10,14,304
2005-10-31 15:00:00,6.26,52.6,0.0,-0.0,0.0,246.6,1.45,354.0,89256.0,False,10,15,304
2005-10-31 16:00:00,3.15,72.73,0.0,-0.0,0.0,237.7,1.04,340.0,89291.0,False,10,16,304
2005-10-31 17:00:00,2.89,71.94,0.0,-0.0,0.0,236.42,1.12,322.0,89361.0,False,10,17,304
2005-10-31 18:00:00,2.63,71.16,0.0,-0.0,0.0,235.13,1.2,312.0,89396.0,False,10,18,304
2005-10-31 19:00:00,2.38,70.37,0.0,-0.0,0.0,233.85,1.29,297.0,89413.0,False,10,19,304
2005-10-31 20:00:00,2.12,69.59,0.0,-0.0,0.0,232.56,1.37,290.0,89439.0,False,10,20,304
2005-10-31 21:00:00,1.87,68.81,0.0,-0.0,0.0,231.27,1.45,282.0,89457.0,False,10,21,304
2005-10-31 22:00:00,1.61,68.02,0.0,-0.0,0.0,229.99,1.54,275.0,89518.0,False,10,22,304
2005-10-31 23:00:00,1.35,67.24,0.0,-0.0,0.0,228.71,1.62,280.0,89492.0,False,10,23,304
2017-11-01 00:00:00,1.1,66.45,0.0,-0.0,0.0,227.42,1.71,339.0,89422.0,False,11,0,305
2017-11-01 01:00:00,0.84,65.67,0.0,-0.0,0.0,226.13,1.79,338.0,89422.0,False,11,1,305
2017-11-01 02:00:00,0.59,64.89,0.0,-0.0,0.0,224.85,1.87,340.0,89448.0,False,11,2,305
2017-11-01 03:00:00,0.33,64.1,0.0,-0.0,0.0,223.57,1.96,338.0,89483.0,False,11,3,305
2017-11-01 04:00:00,0.07,63.32,0.0,-0.0,0.0,222.28,2.04,334.0,89509.0,False,11,4,305
2017-11-01 05:00:00,-0.18,62.54,134.0,596.11,39.0,220.99,2.12,329.0,89553.0,False,11,5,305
2017-11-01 06:00:00,-0.44,61.75,317.0,729.59,77.0,219.71,2.21,345.0,89588.0,False,11,6,305
2017-11-01 07:00:00,-0.69,60.97,470.0,779.47,107.0,218.43,2.29,0.0,89562.0,False,11,7,305
2017-11-01 08:00:00,5.15,38.4,574.0,781.73,136.0,229.2,2.76,7.0,89501.0,False,11,8,305
2017-11-01 09:00:00,6.48,35.2,636.0,832.94,131.0,232.4,2.55,12.0,89439.0,False,11,9,305
2017-11-01 10:00:00,7.57,32.75,622.0,799.27,142.0,235.0,2.28,16.0,89317.0,False,11,10,305
2017-11-01 11:00:00,8.42,30.55,543.0,721.31,151.0,237.2,2.28,17.0,89221.0,False,11,11,305
2017-11-01 12:00:00,8.88,28.85,397.0,539.97,160.0,237.4,2.62,13.0,89203.0,False,11,12,305
2017-11-01 13:00:00,8.8,27.85,260.0,561.14,95.0,236.6,3.17,11.0,89203.0,False,11,13,305
2017-11-01 14:00:00,8.11,27.95,86.0,395.9,39.0,234.6,3.38,11.0,89256.0,False,11,14,305
2017-11-01 15:00:00,6.61,31.0,0.0,-0.0,0.0,231.8,2.62,12.0,89308.0,False,11,15,305
2017-11-01 16:00:00,5.31,34.7,0.0,-0.0,0.0,228.8,2.34,6.0,89369.0,False,11,16,305
2017-11-01 17:00:00,4.15,40.1,0.0,-0.0,0.0,226.4,2.07,353.0,89457.0,False,11,17,305
2017-11-01 18:00:00,2.83,48.1,0.0,-0.0,0.0,224.2,1.93,337.0,89483.0,False,11,18,305
2017-11-01 19:00:00,1.61,56.1,0.0,-0.0,0.0,223.0,1.66,335.0,89527.0,False,11,19,305
2017-11-01 20:00:00,0.96,57.45,0.0,-0.0,0.0,221.8,1.66,321.0,89553.0,False,11,20,305
2017-11-01 21:00:00,0.43,58.9,0.0,-0.0,0.0,221.2,1.59,312.0,89571.0,False,11,21,305
2017-11-01 22:00:00,-0.05,60.45,0.0,-0.0,0.0,220.2,1.59,308.0,89536.0,False,11,22,305
2017-11-01 23:00:00,-0.4,61.5,0.0,-0.0,0.0,219.6,1.59,310.0,89527.0,False,11,23,305
2017-11-02 00:00:00,-0.71,62.7,0.0,-0.0,0.0,218.6,1.59,312.0,89544.0,False,11,0,306
2017-11-02 01:00:00,-1.07,63.85,0.0,-0.0,0.0,218.4,1.52,311.0,89518.0,False,11,1,306
2017-11-02 02:00:00,-1.15,64.6,0.0,-0.0,0.0,217.2,1.45,308.0,89501.0,False,11,2,306
2017-11-02 03:00:00,-1.08,64.7,0.0,-0.0,0.0,216.8,1.38,308.0,89509.0,False,11,3,306
2017-11-02 04:00:00,-0.89,64.55,0.0,-0.0,0.0,216.0,1.24,304.0,89509.0,False,11,4,306
2017-11-02 05:00:00,-0.46,63.6,132.0,610.75,37.0,216.6,1.03,296.0,89501.0,False,11,5,306
2017-11-02 06:00:00,1.65,62.0,310.0,711.0,79.0,221.2,0.41,315.0,89544.0,False,11,6,306
2017-11-02 07:00:00,4.22,52.55,465.0,777.98,106.0,224.8,0.69,52.0,89483.0,False,11,7,306
2017-11-02 08:00:00,5.94,45.05,569.0,780.69,135.0,229.4,1.24,76.0,89413.0,False,11,8,306
2017-11-02 09:00:00,7.51,38.75,627.0,815.8,136.0,233.0,1.38,88.0,89299.0,False,11,9,306
2017-11-02 10:00:00,8.85,33.65,621.0,813.57,136.0,236.4,1.45,91.0,89160.0,False,11,10,306
2017-11-02 11:00:00,9.81,30.15,541.0,734.5,145.0,239.8,1.38,88.0,89055.0,False,11,11,306
2017-11-02 12:00:00,10.31,28.4,402.0,584.22,148.0,240.4,1.17,79.0,88985.0,False,11,12,306
2017-11-02 13:00:00,10.39,27.65,259.0,579.09,91.0,240.2,1.1,69.0,88932.0,False,11,13,306
2017-11-02 14:00:00,9.96,28.15,84.0,408.54,37.0,238.4,1.24,67.0,88915.0,False,11,14,306
2017-11-02 15:00:00,8.84,30.95,0.0,-0.0,0.0,235.4,1.45,58.0,88941.0,False,11,15,306
2017-11-02 16:00:00,7.05,37.85,0.0,-0.0,0.0,235.2,1.45,50.0,89002.0,False,11,16,306
2017-11-02 17:00:00,5.86,44.65,0.0,-0.0,0.0,234.0,1.17,34.0,89046.0,False,11,17,306
2017-11-02 18:00:00,6.08,37.5,0.0,-0.0,0.0,232.8,0.83,357.0,89081.0,False,11,18,306
2017-11-02 19:00:00,5.64,37.1,0.0,-0.0,0.0,232.4,0.48,287.0,89098.0,False,11,19,306
2017-11-02 20:00:00,5.05,38.5,0.0,-0.0,0.0,231.4,1.03,260.0,89090.0,False,11,20,306
2017-11-02 21:00:00,3.38,45.05,0.0,-0.0,0.0,230.4,1.38,248.0,89072.0,False,11,21,306
2017-11-02 22:00:00,2.66,47.1,0.0,-0.0,0.0,229.8,1.45,248.0,89116.0,False,11,22,306
2017-11-02 23:00:00,2.72,45.8,0.0,-0.0,0.0,228.4,1.31,250.0,89090.0,False,11,23,306
2017-11-03 00:00:00,3.03,43.6,0.0,-0.0,0.0,228.4,1.24,254.0,89063.0,False,11,0,307
2017-11-03 01:00:00,3.52,42.65,0.0,-0.0,0.0,227.8,1.17,259.0,89020.0,False,11,1,307
2017-11-03 02:00:00,3.39,42.9,0.0,-0.0,0.0,228.2,1.17,256.0,89002.0,False,11,2,307
2017-11-03 03:00:00,3.3,43.1,0.0,-0.0,0.0,227.4,1.24,245.0,89002.0,False,11,3,307
2017-11-03 04:00:00,2.8,45.05,0.0,-0.0,0.0,227.4,1.38,232.0,88985.0,False,11,4,307
2017-11-03 05:00:00,2.1,48.7,120.0,487.72,46.0,227.6,1.52,226.0,88993.0,False,11,5,307
2017-11-03 06:00:00,5.23,40.95,306.0,710.64,78.0,229.8,0.9,201.0,89011.0,False,11,6,307
2017-11-03 07:00:00,7.49,39.9,461.0,776.44,106.0,242.6,0.83,169.0,89002.0,False,11,7,307
2017-11-03 08:00:00,9.99,29.55,567.0,794.1,129.0,241.6,1.66,154.0,88915.0,False,11,8,307
2017-11-03 09:00:00,11.83,26.8,630.0,845.24,125.0,248.2,2.34,154.0,88827.0,False,11,9,307
2017-11-03 10:00:00,13.22,25.2,619.0,828.02,129.0,251.0,2.62,155.0,88722.0,False,11,10,307
2017-11-03 11:00:00,14.2,24.85,551.0,802.04,122.0,255.6,2.62,156.0,88644.0,False,11,11,307
2017-11-03 12:00:00,14.74,24.75,426.0,733.72,110.0,259.6,2.41,157.0,88565.0,False,11,12,307
2017-11-03 13:00:00,14.84,24.75,267.0,670.72,75.0,259.6,2.14,151.0,88548.0,False,11,13,307
2017-11-03 14:00:00,14.23,26.25,82.0,421.69,35.0,259.6,1.86,124.0,88513.0,False,11,14,307
2017-11-03 15:00:00,12.44,29.8,0.0,-0.0,0.0,257.4,2.07,109.0,88530.0,False,11,15,307
2017-11-03 16:00:00,10.46,41.25,0.0,-0.0,0.0,255.2,1.03,106.0,88591.0,False,11,16,307
2017-11-03 17:00:00,10.65,32.55,0.0,-0.0,0.0,253.8,0.14,285.0,88644.0,False,11,17,307
2017-11-03 18:00:00,8.9,41.4,0.0,-0.0,0.0,253.0,1.38,287.0,88661.0,False,11,18,307
2017-11-03 19:00:00,7.27,47.3,0.0,-0.0,0.0,258.8,1.66,287.0,88696.0,False,11,19,307
2017-11-03 20:00:00,5.97,53.95,0.0,-0.0,0.0,263.8,1.72,278.0,88731.0,False,11,20,307
2017-11-03 21:00:00,5.03,60.05,0.0,-0.0,0.0,268.2,1.79,272.0,88714.0,False,11,21,307
2017-11-03 22:00:00,4.24,66.25,0.0,-0.0,0.0,268.4,1.86,266.0,88757.0,False,11,22,307
2017-11-03 23:00:00,3.82,71.6,0.0,-0.0,0.0,276.6,1.93,262.0,88749.0,False,11,23,307
2017-11-04 00:00:00,3.54,76.1,0.0,-0.0,0.0,277.2,1.86,259.0,88731.0,False,11,0,308
2017-11-04 01:00:00,3.59,79.25,0.0,-0.0,0.0,280.0,1.79,257.0,88687.0,False,11,1,308
2017-11-04 02:00:00,3.46,82.1,0.0,-0.0,0.0,276.0,1.79,256.0,88722.0,False,11,2,308
2017-11-04 03:00:00,3.36,83.65,0.0,-0.0,0.0,270.8,1.72,257.0,88731.0,False,11,3,308
2017-11-04 04:00:00,3.4,83.5,0.0,-0.0,0.0,267.2,1.59,257.0,88775.0,False,11,4,308
2017-11-04 05:00:00,3.89,81.95,113.0,439.46,48.0,266.6,1.38,258.0,88792.0,False,11,5,308
2017-11-04 06:00:00,7.35,67.65,250.0,366.17,134.0,273.8,0.48,240.0,88845.0,False,11,6,308
2017-11-04 07:00:00,9.52,61.05,294.0,147.9,227.0,283.6,0.14,152.0,88854.0,False,11,7,308
2017-11-04 08:00:00,11.3,45.85,602.0,1001.39,54.0,298.6,0.83,125.0,88827.0,False,11,8,308
2017-11-04 09:00:00,12.63,43.05,470.0,301.8,291.0,300.0,1.38,137.0,88766.0,False,11,9,308
2017-11-04 10:00:00,13.65,42.4,521.0,464.71,248.0,307.0,1.79,155.0,88687.0,False,11,10,308
2017-11-04 11:00:00,14.23,41.8,452.0,408.9,235.0,316.2,1.93,169.0,88635.0,False,11,11,308
2017-11-04 12:00:00,14.48,39.75,302.0,215.62,210.0,316.6,1.66,172.0,88644.0,False,11,12,308
2017-11-04 13:00:00,14.61,37.8,185.0,184.08,133.0,319.4,1.17,154.0,88591.0,False,11,13,308
2017-11-04 14:00:00,14.18,39.45,44.0,37.05,40.0,311.8,1.24,100.0,88609.0,False,11,14,308
2017-11-04 15:00:00,12.71,46.1,0.0,-0.0,0.0,305.2,1.52,80.0,88679.0,False,11,15,308
2017-11-04 16:00:00,11.21,54.75,0.0,-0.0,0.0,304.8,1.17,69.0,88722.0,False,11,16,308
2017-11-04 17:00:00,10.13,68.3,0.0,-0.0,0.0,311.4,0.69,80.0,88810.0,False,11,17,308
2017-11-04 18:00:00,9.85,70.3,0.0,-0.0,0.0,317.8,0.62,37.0,88836.0,False,11,18,308
2017-11-04 19:00:00,8.21,78.7,0.0,-0.0,0.0,302.6,1.03,34.0,88854.0,False,11,19,308
2017-11-04 20:00:00,8.3,80.05,0.0,-0.0,0.0,317.2,0.69,4.0,88871.0,False,11,20,308
2017-11-04 21:00:00,7.67,83.9,0.0,-0.0,0.0,311.6,0.83,18.0,88880.0,False,11,21,308
2017-11-04 22:00:00,7.83,81.65,0.0,-0.0,0.0,309.2,0.55,32.0,88801.0,False,11,22,308
2017-11-04 23:00:00,6.84,90.6,0.0,-0.0,0.0,317.2,0.97,41.0,88836.0,False,11,23,308
2017-11-05 00:00:00,6.6,94.25,0.0,-0.0,0.0,321.8,1.03,43.0,88827.0,False,11,0,309
2017-11-05 01:00:00,6.45,95.15,0.0,-0.0,0.0,319.65,0.83,38.0,88784.0,False,11,1,309
2017-11-05 02:00:00,6.44,96.0,0.0,-0.0,0.0,321.8,0.76,44.0,88792.0,False,11,2,309
2017-11-05 03:00:00,6.44,96.45,0.0,-0.0,0.0,325.0,0.83,17.0,88775.0,False,11,3,309
2017-11-05 04:00:00,6.76,95.95,0.0,-0.0,0.0,331.8,1.59,27.0,88757.0,False,11,4,309
2017-11-05 05:00:00,7.02,96.1,10.0,0.0,10.0,334.8,1.45,41.0,88766.0,False,11,5,309
2017-11-05 06:00:00,7.27,95.15,78.0,0.0,78.0,338.6,1.72,62.0,88766.0,False,11,6,309
2017-11-05 07:00:00,7.41,92.3,110.0,0.0,110.0,339.8,2.21,64.0,88766.0,False,11,7,309
2017-11-05 08:00:00,7.89,88.35,86.0,0.0,86.0,338.8,2.55,70.0,88714.0,False,11,8,309
2017-11-05 09:00:00,8.55,84.05,265.0,18.68,254.0,339.6,2.97,81.0,88644.0,False,11,9,309
2017-11-05 10:00:00,8.85,83.85,262.0,18.86,251.0,340.4,2.9,84.0,88539.0,False,11,10,309
2017-11-05 11:00:00,9.06,84.7,49.0,0.0,49.0,342.2,2.76,76.0,88469.0,False,11,11,309
2017-11-05 12:00:00,9.28,82.35,243.0,87.53,206.0,342.2,2.76,71.0,88443.0,False,11,12,309
2017-11-05 13:00:00,9.17,86.35,23.0,0.0,23.0,334.6,2.55,64.0,88416.0,False,11,13,309
2017-11-05 14:00:00,8.78,87.5,81.0,506.98,28.0,328.2,2.55,67.0,88434.0,False,11,14,309
2017-11-05 15:00:00,8.17,89.45,0.0,-0.0,0.0,317.8,1.59,54.0,88451.0,False,11,15,309
2017-11-05 16:00:00,8.15,91.45,0.0,-0.0,0.0,341.4,1.17,15.0,88530.0,False,11,16,309
2017-11-05 17:00:00,8.09,92.45,0.0,-0.0,0.0,343.4,1.38,340.0,88591.0,False,11,17,309
2017-11-05 18:00:00,7.84,93.4,0.0,-0.0,0.0,342.4,1.79,323.0,88635.0,False,11,18,309
2017-11-05 19:00:00,6.61,95.1,0.0,-0.0,0.0,337.4,2.9,312.0,88714.0,False,11,19,309
2017-11-05 20:00:00,6.22,94.5,0.0,-0.0,0.0,337.4,2.83,310.0,88731.0,False,11,20,309
2017-11-05 21:00:00,6.09,93.55,0.0,-0.0,0.0,336.4,2.48,307.0,88775.0,False,11,21,309
2017-11-05 22:00:00,6.07,92.5,0.0,-0.0,0.0,332.8,2.21,306.0,88661.0,False,11,22,309
2017-11-05 23:00:00,6.03,92.55,0.0,-0.0,0.0,325.0,1.66,308.0,88722.0,False,11,23,309
2017-11-06 00:00:00,5.98,91.45,0.0,-0.0,0.0,320.6,1.31,310.0,88784.0,False,11,0,310
2017-11-06 01:00:00,5.99,91.85,0.0,-0.0,0.0,318.05,0.76,321.0,88819.0,False,11,1,310
2017-11-06 02:00:00,6.03,91.7,0.0,-0.0,0.0,316.8,0.48,345.0,88862.0,False,11,2,310
2017-11-06 03:00:00,6.11,92.35,0.0,-0.0,0.0,320.6,0.28,12.0,88871.0,False,11,3,310
2017-11-06 04:00:00,6.13,91.75,0.0,-0.0,0.0,319.6,0.34,66.0,88906.0,False,11,4,310
2017-11-06 05:00:00,6.2,92.75,72.0,99.8,58.0,323.2,0.34,92.0,88941.0,False,11,5,310
2017-11-06 06:00:00,6.8,86.45,302.0,780.63,61.0,315.0,0.55,100.0,88993.0,False,11,6,310
2017-11-06 07:00:00,8.29,77.2,454.0,814.21,92.0,299.0,0.34,182.0,89037.0,False,11,7,310
2017-11-06 08:00:00,9.27,72.5,505.0,575.5,195.0,319.8,0.69,171.0,89020.0,False,11,8,310
2017-11-06 09:00:00,10.39,66.75,393.0,155.69,302.0,314.8,1.17,171.0,88967.0,False,11,9,310
2017-11-06 10:00:00,11.38,60.55,279.0,29.36,262.0,320.0,1.24,185.0,88958.0,False,11,10,310
2017-11-06 11:00:00,12.04,54.9,473.0,512.94,205.0,329.4,1.1,208.0,88915.0,False,11,11,310
2017-11-06 12:00:00,12.27,52.65,181.0,16.71,174.0,336.6,0.34,181.0,88932.0,False,11,12,310
2017-11-06 13:00:00,12.42,51.1,86.0,0.0,86.0,328.0,0.34,44.0,88950.0,False,11,13,310
2017-11-06 14:00:00,12.19,53.1,39.0,29.64,36.0,323.2,1.59,45.0,88985.0,False,11,14,310
2017-11-06 15:00:00,10.69,61.0,0.0,-0.0,0.0,298.8,2.0,38.0,89037.0,False,11,15,310
2017-11-06 16:00:00,9.25,68.55,0.0,-0.0,0.0,286.4,1.93,16.0,89133.0,False,11,16,310
2017-11-06 17:00:00,7.9,74.95,0.0,-0.0,0.0,279.0,1.86,355.0,89212.0,False,11,17,310
2017-11-06 18:00:00,6.48,80.15,0.0,-0.0,0.0,262.8,1.72,336.0,89256.0,False,11,18,310
2017-11-06 19:00:00,7.09,70.2,0.0,-0.0,0.0,261.4,0.9,336.0,89326.0,False,11,19,310
2017-11-06 20:00:00,6.89,70.5,0.0,-0.0,0.0,253.8,0.83,303.0,89343.0,False,11,20,310
2017-11-06 21:00:00,6.22,73.15,0.0,-0.0,0.0,256.4,0.97,283.0,89361.0,False,11,21,310
2017-11-06 22:00:00,5.28,77.0,0.0,-0.0,0.0,252.2,1.17,278.0,89422.0,False,11,22,310
2017-11-06 23:00:00,4.54,79.7,0.0,-0.0,0.0,248.4,1.24,278.0,89404.0,False,11,23,310
2017-11-07 00:00:00,4.28,80.55,0.0,-0.0,0.0,253.8,1.24,274.0,89404.0,False,11,0,311
2017-11-07 01:00:00,4.04,81.2,0.0,-0.0,0.0,258.4,1.24,274.0,89387.0,False,11,1,311
2017-11-07 02:00:00,4.12,80.5,0.0,-0.0,0.0,255.0,1.17,276.0,89413.0,False,11,2,311
2017-11-07 03:00:00,4.2,79.7,0.0,-0.0,0.0,254.0,1.1,283.0,89431.0,False,11,3,311
2017-11-07 04:00:00,4.58,77.85,0.0,-0.0,0.0,255.0,1.03,283.0,89466.0,False,11,4,311
2017-11-07 05:00:00,4.6,77.7,103.0,432.27,44.0,245.8,0.97,283.0,89501.0,False,11,5,311
2017-11-07 06:00:00,6.36,73.15,277.0,607.14,92.0,250.2,0.34,278.0,89544.0,False,11,6,311
2017-11-07 07:00:00,8.26,68.25,0.0,0.0,0.0,254.0,0.69,74.0,89562.0,False,11,7,311
2017-11-07 08:00:00,9.73,62.85,0.0,0.0,0.0,258.8,1.24,94.0,89518.0,False,11,8,311
2017-11-07 09:00:00,10.91,57.35,633.0,956.49,78.0,262.8,1.59,100.0,89466.0,False,11,9,311
2017-11-07 10:00:00,11.95,52.85,584.0,749.81,153.0,271.4,1.31,98.0,89413.0,False,11,10,311
2017-11-07 11:00:00,12.65,48.75,423.0,351.03,241.0,273.8,1.03,76.0,89343.0,False,11,11,311
2017-11-07 12:00:00,13.01,46.4,417.0,783.01,92.0,281.0,1.24,60.0,89334.0,False,11,12,311
2017-11-07 13:00:00,12.87,46.15,263.0,773.07,53.0,269.0,1.59,52.0,89334.0,False,11,13,311
2017-11-07 14:00:00,12.23,48.65,73.0,459.27,28.0,264.6,1.66,52.0,89343.0,False,11,14,311
2017-11-07 15:00:00,10.68,55.7,0.0,-0.0,0.0,259.6,1.86,49.0,89387.0,False,11,15,311
2017-11-07 16:00:00,8.65,67.2,0.0,-0.0,0.0,256.6,1.79,43.0,89474.0,False,11,16,311
2017-11-07 17:00:00,7.19,72.5,0.0,-0.0,0.0,253.2,1.45,30.0,89527.0,False,11,17,311
2017-11-07 18:00:00,7.26,69.05,0.0,-0.0,0.0,250.4,1.1,355.0,89579.0,False,11,18,311
2017-11-07 19:00:00,6.44,72.7,0.0,-0.0,0.0,251.6,1.17,305.0,89614.0,False,11,19,311
2017-11-07 20:00:00,4.55,81.55,0.0,-0.0,0.0,249.0,1.59,287.0,89632.0,False,11,20,311
2017-11-07 21:00:00,3.7,84.45,0.0,-0.0,0.0,246.2,1.66,284.0,89632.0,False,11,21,311
2017-11-07 22:00:00,3.05,86.35,0.0,-0.0,0.0,246.0,1.72,282.0,89658.0,False,11,22,311
2017-11-07 23:00:00,2.55,87.0,0.0,-0.0,0.0,240.6,1.79,282.0,89667.0,False,11,23,311
2017-11-08 00:00:00,2.4,86.2,0.0,-0.0,0.0,239.0,1.72,283.0,89649.0,False,11,0,312
2017-11-08 01:00:00,2.19,85.05,0.0,-0.0,0.0,237.6,1.59,282.0,89632.0,False,11,1,312
2017-11-08 02:00:00,2.07,84.25,0.0,-0.0,0.0,236.8,1.66,284.0,89640.0,False,11,2,312
2017-11-08 03:00:00,1.84,83.8,0.0,-0.0,0.0,236.2,1.72,289.0,89649.0,False,11,3,312
2017-11-08 04:00:00,1.7,83.0,0.0,-0.0,0.0,235.6,1.72,291.0,89719.0,False,11,4,312
2017-11-08 05:00:00,1.95,81.75,105.0,512.44,37.0,236.2,1.59,290.0,89719.0,False,11,5,312
2017-11-08 06:00:00,5.44,71.65,290.0,748.23,65.0,241.0,0.76,289.0,89745.0,False,11,6,312
2017-11-08 07:00:00,7.4,66.45,0.0,0.0,0.0,245.2,0.41,324.0,89719.0,False,11,7,312
2017-11-08 08:00:00,9.06,60.7,555.0,848.73,105.0,253.8,0.83,38.0,89649.0,False,11,8,312
2017-11-08 09:00:00,10.28,54.85,622.0,921.8,91.0,255.4,1.31,44.0,89571.0,False,11,9,312
2017-11-08 10:00:00,11.21,49.95,618.0,935.69,84.0,262.4,1.59,32.0,89501.0,False,11,10,312
2017-11-08 11:00:00,11.91,46.35,543.0,872.65,94.0,263.2,1.93,20.0,89431.0,False,11,11,312
2017-11-08 12:00:00,12.27,44.1,397.0,680.69,117.0,263.4,2.28,18.0,89387.0,False,11,12,312
2017-11-08 13:00:00,12.12,44.0,241.0,604.03,79.0,260.8,2.34,25.0,89352.0,False,11,13,312
2017-11-08 14:00:00,11.37,47.2,63.0,316.33,33.0,258.2,1.79,31.0,89352.0,False,11,14,312
2017-11-08 15:00:00,9.98,54.7,0.0,-0.0,0.0,253.8,1.45,25.0,89369.0,False,11,15,312
2017-11-08 16:00:00,8.06,64.35,0.0,-0.0,0.0,251.8,1.24,3.0,89439.0,False,11,16,312
2017-11-08 17:00:00,7.42,62.95,0.0,-0.0,0.0,250.4,1.17,328.0,89474.0,False,11,17,312
2017-11-08 18:00:00,6.45,66.5,0.0,-0.0,0.0,249.2,1.38,299.0,89518.0,False,11,18,312
2017-11-08 19:00:00,5.3,74.6,0.0,-0.0,0.0,248.2,1.31,275.0,89518.0,False,11,19,312
2017-11-08 20:00:00,4.23,78.6,0.0,-0.0,0.0,246.8,1.52,264.0,89527.0,False,11,20,312
2017-11-08 21:00:00,3.55,80.5,0.0,-0.0,0.0,246.0,1.59,259.0,89518.0,False,11,21,312
2017-11-08 22:00:00,2.92,81.95,0.0,-0.0,0.0,244.4,1.72,257.0,89527.0,False,11,22,312
2017-11-08 23:00:00,2.6,81.85,0.0,-0.0,0.0,243.4,1.66,256.0,89501.0,False,11,23,312
2017-11-09 00:00:00,2.42,81.0,0.0,-0.0,0.0,242.4,1.66,254.0,89492.0,False,11,0,313
2017-11-09 01:00:00,2.31,79.4,0.0,-0.0,0.0,241.4,1.59,253.0,89474.0,False,11,1,313
2017-11-09 02:00:00,2.27,77.65,0.0,-0.0,0.0,240.4,1.59,252.0,89457.0,False,11,2,313
2017-11-09 03:00:00,2.58,74.45,0.0,-0.0,0.0,239.8,1.52,249.0,89431.0,False,11,3,313
2017-11-09 04:00:00,3.25,70.0,0.0,-0.0,0.0,239.6,1.38,242.0,89466.0,False,11,4,313
2017-11-09 05:00:00,3.42,68.45,101.0,504.18,36.0,238.8,1.31,223.0,89466.0,False,11,5,313
2017-11-09 06:00:00,5.29,65.95,287.0,758.27,62.0,242.2,0.9,196.0,89501.0,False,11,6,313
2017-11-09 07:00:00,7.94,59.0,444.0,837.62,82.0,246.4,1.24,170.0,89509.0,False,11,7,313
2017-11-09 08:00:00,10.02,53.7,553.0,863.07,99.0,253.4,1.72,160.0,89422.0,False,11,8,313
2017-11-09 09:00:00,11.57,48.65,620.0,935.48,85.0,258.8,1.72,151.0,89352.0,False,11,9,313
2017-11-09 10:00:00,12.73,44.2,620.0,968.85,71.0,263.2,1.66,144.0,89247.0,False,11,10,313
2017-11-09 11:00:00,13.53,41.05,544.0,904.73,82.0,266.2,1.66,140.0,89177.0,False,11,11,313
2017-11-09 12:00:00,13.91,39.5,400.0,721.11,106.0,267.4,1.72,140.0,89133.0,False,11,12,313
2017-11-09 13:00:00,13.81,39.4,242.0,638.12,73.0,267.2,1.86,138.0,89098.0,False,11,13,313
2017-11-09 14:00:00,12.77,44.0,62.0,348.63,30.0,264.8,1.93,128.0,89098.0,False,11,14,313
2017-11-09 15:00:00,10.88,51.6,0.0,-0.0,0.0,260.0,2.07,137.0,89098.0,False,11,15,313
2017-11-09 16:00:00,8.78,62.0,0.0,-0.0,0.0,256.4,1.93,152.0,89133.0,False,11,16,313
2017-11-09 17:00:00,6.96,68.4,0.0,-0.0,0.0,254.6,1.93,172.0,89142.0,False,11,17,313
2017-11-09 18:00:00,5.68,72.15,0.0,-0.0,0.0,252.6,2.14,193.0,89160.0,False,11,18,313
2017-11-09 19:00:00,5.26,72.8,0.0,-0.0,0.0,253.0,2.07,200.0,89125.0,False,11,19,313
2017-11-09 20:00:00,4.67,74.5,0.0,-0.0,0.0,254.6,2.0,209.0,89125.0,False,11,20,313
2017-11-09 21:00:00,4.33,74.75,0.0,-0.0,0.0,252.2,1.93,214.0,89107.0,False,11,21,313
2017-11-09 22:00:00,4.11,74.6,0.0,-0.0,0.0,255.8,1.86,220.0,89107.0,False,11,22,313
2017-11-09 23:00:00,4.05,73.05,0.0,-0.0,0.0,250.6,1.79,222.0,89098.0,False,11,23,313
2017-11-10 00:00:00,4.09,71.35,0.0,-0.0,0.0,253.6,1.72,227.0,89072.0,False,11,0,314
2017-11-10 01:00:00,4.42,69.55,0.0,-0.0,0.0,253.6,1.72,236.0,89063.0,False,11,1,314
2017-11-10 02:00:00,4.8,66.8,0.0,-0.0,0.0,254.6,1.59,248.0,89046.0,False,11,2,314
2017-11-10 03:00:00,6.01,60.8,0.0,-0.0,0.0,258.8,1.31,260.0,89081.0,False,11,3,314
2017-11-10 04:00:00,6.52,58.15,0.0,-0.0,0.0,254.0,1.1,270.0,89098.0,False,11,4,314
2017-11-10 05:00:00,6.53,58.15,78.0,223.71,50.0,253.4,1.17,276.0,89098.0,False,11,5,314
2017-11-10 06:00:00,7.5,58.45,247.0,474.78,108.0,255.2,0.76,288.0,89133.0,False,11,6,314
2017-11-10 07:00:00,9.55,59.15,384.0,523.26,160.0,257.8,0.83,326.0,89160.0,False,11,7,314
2017-11-10 08:00:00,11.66,48.9,496.0,609.32,178.0,263.4,1.1,354.0,89116.0,False,11,8,314
2017-11-10 09:00:00,12.88,46.55,599.0,850.66,116.0,270.4,1.45,8.0,89072.0,False,11,9,314
2017-11-10 10:00:00,13.77,44.55,602.0,899.3,96.0,274.8,1.52,17.0,88993.0,False,11,10,314
2017-11-10 11:00:00,14.37,42.95,528.0,838.52,103.0,274.0,1.59,25.0,88932.0,False,11,11,314
2017-11-10 12:00:00,14.54,42.35,405.0,776.94,91.0,274.0,1.59,33.0,88871.0,False,11,12,314
2017-11-10 13:00:00,14.31,42.9,243.0,684.32,64.0,274.4,1.66,38.0,88897.0,False,11,13,314
2017-11-10 14:00:00,13.44,46.85,30.0,22.51,28.0,270.6,1.59,42.0,88880.0,False,11,14,314
2017-11-10 15:00:00,11.65,56.6,0.0,-0.0,0.0,265.2,1.59,28.0,88915.0,False,11,15,314
2017-11-10 16:00:00,9.15,67.8,0.0,-0.0,0.0,262.0,1.79,353.0,88967.0,False,11,16,314
2017-11-10 17:00:00,7.42,72.95,0.0,-0.0,0.0,260.4,2.21,331.0,88993.0,False,11,17,314
2017-11-10 18:00:00,6.02,78.35,0.0,-0.0,0.0,258.4,2.21,317.0,89037.0,False,11,18,314
2017-11-10 19:00:00,5.72,79.0,0.0,-0.0,0.0,256.0,1.79,306.0,89055.0,False,11,19,314
2017-11-10 20:00:00,5.25,79.05,0.0,-0.0,0.0,253.6,1.72,298.0,89090.0,False,11,20,314
2017-11-10 21:00:00,4.94,78.95,0.0,-0.0,0.0,254.0,1.66,292.0,89081.0,False,11,21,314
2017-11-10 22:00:00,4.65,78.95,0.0,-0.0,0.0,252.4,1.59,288.0,89107.0,False,11,22,314
2017-11-10 23:00:00,4.42,78.8,0.0,-0.0,0.0,251.2,1.59,284.0,89098.0,False,11,23,314
2017-11-11 00:00:00,4.53,77.3,0.0,-0.0,0.0,250.2,1.45,285.0,89098.0,False,11,0,315
2017-11-11 01:00:00,5.22,73.95,0.0,-0.0,0.0,249.2,1.24,282.0,89090.0,False,11,1,315
2017-11-11 02:00:00,5.31,73.15,0.0,-0.0,0.0,247.8,1.24,275.0,89090.0,False,11,2,315
2017-11-11 03:00:00,5.35,72.65,0.0,-0.0,0.0,246.4,1.24,265.0,89125.0,False,11,3,315
2017-11-11 04:00:00,5.38,72.3,0.0,-0.0,0.0,245.8,1.24,255.0,89142.0,False,11,4,315
2017-11-11 05:00:00,4.81,74.25,84.0,329.45,44.0,244.6,1.31,243.0,89177.0,False,11,5,315
2017-11-11 06:00:00,6.5,71.5,263.0,619.75,84.0,247.0,0.83,219.0,89195.0,False,11,6,315
2017-11-11 07:00:00,9.04,64.4,405.0,653.26,128.0,251.4,1.31,183.0,89212.0,False,11,7,315
2017-11-11 08:00:00,11.14,56.55,523.0,751.27,134.0,256.8,2.21,168.0,89116.0,False,11,8,315
2017-11-11 09:00:00,12.74,50.15,601.0,883.39,103.0,261.8,2.97,168.0,89046.0,False,11,9,315
2017-11-11 10:00:00,13.91,43.7,601.0,914.57,90.0,265.0,3.1,173.0,88950.0,False,11,10,315
2017-11-11 11:00:00,14.82,39.0,535.0,900.4,82.0,267.8,2.9,183.0,88897.0,False,11,11,315
2017-11-11 12:00:00,15.37,35.85,412.0,848.57,72.0,269.2,2.28,190.0,88862.0,False,11,12,315
2017-11-11 13:00:00,15.48,34.35,240.0,681.13,64.0,271.2,1.45,184.0,88862.0,False,11,13,315
2017-11-11 14:00:00,14.61,38.35,49.0,186.11,33.0,270.4,1.31,119.0,88862.0,False,11,14,315
2017-11-11 15:00:00,12.57,43.9,0.0,-0.0,0.0,266.6,1.03,109.0,88924.0,False,11,15,315
2017-11-11 16:00:00,11.65,45.95,0.0,-0.0,0.0,263.6,0.14,274.0,89002.0,False,11,16,315
2017-11-11 17:00:00,10.01,54.0,0.0,-0.0,0.0,263.8,1.24,270.0,89037.0,False,11,17,315
2017-11-11 18:00:00,7.53,64.15,0.0,-0.0,0.0,258.8,1.72,268.0,89081.0,False,11,18,315
2017-11-11 19:00:00,6.03,71.55,0.0,-0.0,0.0,257.0,2.0,278.0,89116.0,False,11,19,315
2017-11-11 20:00:00,5.23,74.35,0.0,-0.0,0.0,253.6,2.0,268.0,89160.0,False,11,20,315
2017-11-11 21:00:00,4.42,77.2,0.0,-0.0,0.0,249.2,2.14,256.0,89186.0,False,11,21,315
2017-11-11 22:00:00,4.0,77.8,0.0,-0.0,0.0,247.2,2.14,253.0,89221.0,False,11,22,315
2017-11-11 23:00:00,3.43,79.45,0.0,-0.0,0.0,245.8,2.21,247.0,89221.0,False,11,23,315
2017-11-12 00:00:00,2.77,81.7,0.0,-0.0,0.0,245.2,2.28,242.0,89177.0,False,11,0,316
2017-11-12 01:00:00,2.26,83.0,0.0,-0.0,0.0,244.6,2.28,242.0,89168.0,False,11,1,316
2017-11-12 02:00:00,1.99,83.6,0.0,-0.0,0.0,245.8,2.21,245.0,89212.0,False,11,2,316
2017-11-12 03:00:00,1.76,83.9,0.0,-0.0,0.0,246.0,2.14,243.0,89238.0,False,11,3,316
2017-11-12 04:00:00,1.48,84.35,0.0,-0.0,0.0,245.6,2.14,237.0,89265.0,False,11,4,316
2017-11-12 05:00:00,1.33,85.0,87.0,433.37,36.0,245.2,2.14,229.0,89265.0,False,11,5,316
2017-11-12 06:00:00,4.98,76.1,271.0,719.52,66.0,250.0,1.52,210.0,89291.0,False,11,6,316
2017-11-12 07:00:00,9.66,57.85,426.0,802.38,89.0,256.8,1.79,201.0,89343.0,False,11,7,316
2017-11-12 08:00:00,12.34,46.8,533.0,825.32,109.0,265.8,1.93,186.0,89291.0,False,11,8,316
2017-11-12 09:00:00,14.18,43.45,593.0,864.69,109.0,270.8,2.07,174.0,89238.0,False,11,9,316
2017-11-12 10:00:00,15.56,40.15,593.0,895.71,96.0,276.4,2.14,174.0,89151.0,False,11,10,316
2017-11-12 11:00:00,16.51,37.25,525.0,866.94,92.0,280.2,2.0,176.0,89081.0,False,11,11,316
2017-11-12 12:00:00,17.01,35.5,388.0,714.86,104.0,282.4,1.79,172.0,89020.0,False,11,12,316
2017-11-12 13:00:00,16.95,35.25,227.0,591.45,76.0,283.0,1.79,157.0,88985.0,False,11,13,316
2017-11-12 14:00:00,15.77,40.1,52.0,264.41,30.0,281.0,1.93,130.0,88967.0,False,11,14,316
2017-11-12 15:00:00,13.34,51.75,0.0,-0.0,0.0,276.6,2.0,136.0,89011.0,False,11,15,316
2017-11-12 16:00:00,11.16,57.9,0.0,-0.0,0.0,272.8,1.72,158.0,89055.0,False,11,16,316
2017-11-12 17:00:00,9.55,61.7,0.0,-0.0,0.0,270.2,1.86,185.0,89072.0,False,11,17,316
2017-11-12 18:00:00,8.02,66.5,0.0,-0.0,0.0,267.4,2.28,207.0,89090.0,False,11,18,316
2017-11-12 19:00:00,7.44,67.25,0.0,-0.0,0.0,266.0,2.41,215.0,89072.0,False,11,19,316
2017-11-12 20:00:00,7.01,67.25,0.0,-0.0,0.0,266.2,2.28,220.0,89072.0,False,11,20,316
2017-11-12 21:00:00,6.83,66.5,0.0,-0.0,0.0,272.2,2.14,222.0,89046.0,False,11,21,316
2017-11-12 22:00:00,6.43,66.4,0.0,-0.0,0.0,263.8,2.14,221.0,89037.0,False,11,22,316
2017-11-12 23:00:00,6.18,65.6,0.0,-0.0,0.0,260.8,2.14,210.0,89011.0,False,11,23,316
2017-11-13 00:00:00,6.36,64.1,0.0,-0.0,0.0,276.6,2.0,197.0,88967.0,False,11,0,317
2017-11-13 01:00:00,6.21,64.55,0.0,-0.0,0.0,288.8,2.0,200.0,88958.0,False,11,1,317
2017-11-13 02:00:00,6.55,63.55,0.0,-0.0,0.0,302.0,1.79,182.0,88950.0,False,11,2,317
2017-11-13 03:00:00,6.26,65.45,0.0,-0.0,0.0,298.6,1.79,186.0,88897.0,False,11,3,317
2017-11-13 04:00:00,5.55,67.75,0.0,-0.0,0.0,269.2,1.86,189.0,88889.0,False,11,4,317
2017-11-13 05:00:00,5.31,69.7,53.0,78.96,44.0,275.2,1.86,190.0,88906.0,False,11,5,317
2017-11-13 06:00:00,6.61,70.25,212.0,320.26,122.0,272.4,1.66,184.0,88932.0,False,11,6,317
2017-11-13 07:00:00,10.32,56.45,309.0,262.01,200.0,267.2,1.38,166.0,88906.0,False,11,7,317
2017-11-13 08:00:00,13.1,43.15,308.0,102.02,256.0,272.0,2.41,152.0,88854.0,False,11,8,317
2017-11-13 09:00:00,14.56,37.3,167.0,0.0,167.0,283.4,3.38,151.0,88766.0,False,11,9,317
2017-11-13 10:00:00,15.54,32.35,206.0,3.63,204.0,303.2,3.79,154.0,88670.0,False,11,10,317
2017-11-13 11:00:00,15.93,30.65,457.0,552.56,183.0,308.4,3.52,158.0,88617.0,False,11,11,317
2017-11-13 12:00:00,15.69,32.05,61.0,0.0,61.0,308.2,3.24,150.0,88513.0,False,11,12,317
2017-11-13 13:00:00,15.38,35.9,43.0,0.0,43.0,304.2,2.83,135.0,88486.0,False,11,13,317
2017-11-13 14:00:00,14.57,39.7,46.0,211.09,29.0,302.8,2.76,126.0,88451.0,False,11,14,317
2017-11-13 15:00:00,12.77,46.4,0.0,-0.0,0.0,291.6,2.83,129.0,88469.0,False,11,15,317
2017-11-13 16:00:00,11.45,51.6,0.0,-0.0,0.0,287.2,3.03,140.0,88486.0,False,11,16,317
2017-11-13 17:00:00,10.44,55.6,0.0,-0.0,0.0,285.0,3.1,151.0,88495.0,False,11,17,317
2017-11-13 18:00:00,9.56,58.55,0.0,-0.0,0.0,279.4,3.1,159.0,88486.0,False,11,18,317
2017-11-13 19:00:00,9.34,54.8,0.0,-0.0,0.0,279.4,3.31,168.0,88478.0,False,11,19,317
2017-11-13 20:00:00,8.99,56.55,0.0,-0.0,0.0,290.2,3.17,172.0,88495.0,False,11,20,317
2017-11-13 21:00:00,8.8,57.9,0.0,-0.0,0.0,296.2,3.1,174.0,88478.0,False,11,21,317
2017-11-13 22:00:00,8.62,59.25,0.0,-0.0,0.0,296.2,3.1,174.0,88460.0,False,11,22,317
2017-11-13 23:00:00,8.57,60.2,0.0,-0.0,0.0,300.4,3.1,173.0,88469.0,False,11,23,317
2017-11-14 00:00:00,8.25,62.15,0.0,-0.0,0.0,291.2,3.17,178.0,88443.0,False,11,0,318
2017-11-14 01:00:00,8.13,64.75,0.0,-0.0,0.0,295.2,2.97,189.0,88451.0,False,11,1,318
2017-11-14 02:00:00,7.71,67.4,0.0,-0.0,0.0,289.4,2.9,192.0,88469.0,False,11,2,318
2017-11-14 03:00:00,7.5,69.95,0.0,-0.0,0.0,295.6,2.69,191.0,88504.0,False,11,3,318
2017-11-14 04:00:00,7.08,73.5,0.0,-0.0,0.0,290.2,2.62,192.0,88565.0,False,11,4,318
2017-11-14 05:00:00,6.65,77.35,63.0,172.28,44.0,280.6,2.55,192.0,88626.0,False,11,5,318
2017-11-14 06:00:00,8.46,74.45,244.0,559.23,89.0,280.8,2.21,189.0,88696.0,False,11,6,318
2017-11-14 07:00:00,12.82,59.35,417.0,796.01,89.0,285.4,2.62,183.0,88749.0,False,11,7,318
2017-11-14 08:00:00,14.95,50.05,521.0,806.7,113.0,302.0,4.48,186.0,88749.0,False,11,8,318
2017-11-14 09:00:00,15.89,47.35,584.0,860.65,109.0,298.2,4.21,196.0,88740.0,False,11,9,318
2017-11-14 10:00:00,16.52,44.35,513.0,570.03,201.0,310.0,3.72,208.0,88679.0,False,11,10,318
2017-11-14 11:00:00,17.01,41.8,445.0,515.87,191.0,330.8,3.24,217.0,88670.0,False,11,11,318
2017-11-14 12:00:00,16.83,41.65,354.0,552.78,138.0,337.6,2.69,222.0,88670.0,False,11,12,318
2017-11-14 13:00:00,16.57,42.75,140.0,104.25,114.0,342.2,1.93,229.0,88714.0,False,11,13,318
2017-11-14 14:00:00,15.9,48.05,31.0,51.31,27.0,334.4,1.17,238.0,88722.0,False,11,14,318
2017-11-14 15:00:00,14.21,57.95,0.0,-0.0,0.0,320.0,1.03,263.0,88819.0,False,11,15,318
2017-11-14 16:00:00,11.99,64.65,0.0,-0.0,0.0,298.4,1.59,276.0,88889.0,False,11,16,318
2017-11-14 17:00:00,9.98,72.2,0.0,-0.0,0.0,285.0,1.86,276.0,88967.0,False,11,17,318
2017-11-14 18:00:00,8.75,78.45,0.0,-0.0,0.0,293.6,1.93,275.0,89011.0,False,11,18,318
2017-11-14 19:00:00,8.02,81.1,0.0,-0.0,0.0,290.6,1.86,273.0,89046.0,False,11,19,318
2017-11-14 20:00:00,6.92,86.0,0.0,-0.0,0.0,273.4,2.0,274.0,89090.0,False,11,20,318
2017-11-14 21:00:00,6.15,88.4,0.0,-0.0,0.0,271.6,2.0,272.0,89107.0,False,11,21,318
2017-11-14 22:00:00,5.45,90.2,0.0,-0.0,0.0,268.0,2.07,268.0,89125.0,False,11,22,318
2017-11-14 23:00:00,4.92,91.2,0.0,-0.0,0.0,267.2,2.07,265.0,89142.0,False,11,23,318
2017-11-15 00:00:00,4.49,92.05,0.0,-0.0,0.0,268.8,2.07,264.0,89142.0,False,11,0,319
2017-11-15 01:00:00,4.21,91.85,0.0,-0.0,0.0,271.6,1.93,265.0,89151.0,False,11,1,319
2017-11-15 02:00:00,4.17,90.45,0.0,-0.0,0.0,268.2,1.93,267.0,89186.0,False,11,2,319
2017-11-15 03:00:00,4.5,87.5,0.0,-0.0,0.0,269.4,1.79,268.0,89212.0,False,11,3,319
2017-11-15 04:00:00,5.49,81.75,0.0,-0.0,0.0,272.0,1.59,269.0,89238.0,False,11,4,319
2017-11-15 05:00:00,7.27,72.85,75.0,375.15,35.0,270.6,1.31,268.0,89273.0,False,11,5,319
2017-11-15 06:00:00,8.9,67.7,239.0,545.12,90.0,271.6,0.76,261.0,89299.0,False,11,6,319
2017-11-15 07:00:00,11.19,68.85,401.0,722.79,106.0,278.8,0.07,281.0,89343.0,False,11,7,319
2017-11-15 08:00:00,13.01,60.7,522.0,836.9,102.0,284.2,0.41,97.0,89343.0,False,11,8,319
2017-11-15 09:00:00,14.41,55.75,573.0,828.34,119.0,289.2,0.9,104.0,89299.0,False,11,9,319
2017-11-15 10:00:00,15.35,51.6,571.0,842.4,113.0,291.6,1.17,105.0,89247.0,False,11,10,319
2017-11-15 11:00:00,16.01,48.65,507.0,828.3,102.0,291.8,1.38,103.0,89195.0,False,11,11,319
2017-11-15 12:00:00,16.29,47.05,371.0,668.17,112.0,289.2,1.38,99.0,89160.0,False,11,12,319
2017-11-15 13:00:00,16.16,46.7,215.0,555.55,78.0,287.0,1.38,88.0,89168.0,False,11,13,319
2017-11-15 14:00:00,15.46,49.65,44.0,225.2,27.0,284.6,1.45,78.0,89160.0,False,11,14,319
2017-11-15 15:00:00,13.55,61.75,0.0,-0.0,0.0,279.0,1.31,72.0,89203.0,False,11,15,319
2017-11-15 16:00:00,12.91,58.6,0.0,-0.0,0.0,276.0,0.97,56.0,89230.0,False,11,16,319
2017-11-15 17:00:00,12.29,59.3,0.0,-0.0,0.0,273.0,0.76,16.0,89256.0,False,11,17,319
2017-11-15 18:00:00,11.52,62.35,0.0,-0.0,0.0,270.4,0.83,329.0,89291.0,False,11,18,319
2017-11-15 19:00:00,10.75,66.7,0.0,-0.0,0.0,269.6,0.97,290.0,89282.0,False,11,19,319
2017-11-15 20:00:00,9.46,71.5,0.0,-0.0,0.0,267.8,1.31,274.0,89317.0,False,11,20,319
2017-11-15 21:00:00,8.51,74.85,0.0,-0.0,0.0,266.0,1.38,274.0,89299.0,False,11,21,319
2017-11-15 22:00:00,8.13,75.65,0.0,-0.0,0.0,264.6,1.38,276.0,89317.0,False,11,22,319
2017-11-15 23:00:00,7.84,76.25,0.0,-0.0,0.0,262.6,1.38,281.0,89317.0,False,11,23,319
2017-11-16 00:00:00,7.65,76.5,0.0,-0.0,0.0,261.4,1.38,284.0,89308.0,False,11,0,320
2017-11-16 01:00:00,7.41,76.65,0.0,-0.0,0.0,260.0,1.31,291.0,89299.0,False,11,1,320
2017-11-16 02:00:00,7.42,76.2,0.0,-0.0,0.0,262.8,1.17,301.0,89291.0,False,11,2,320
2017-11-16 03:00:00,7.34,76.35,0.0,-0.0,0.0,265.4,1.1,306.0,89317.0,False,11,3,320
2017-11-16 04:00:00,7.21,76.7,0.0,-0.0,0.0,264.2,1.03,305.0,89326.0,False,11,4,320
2017-11-16 05:00:00,7.25,76.55,67.0,291.3,37.0,265.4,1.03,298.0,89343.0,False,11,5,320
2017-11-16 06:00:00,8.06,75.0,243.0,604.73,80.0,258.8,0.55,279.0,89387.0,False,11,6,320
2017-11-16 07:00:00,10.22,73.25,403.0,761.87,95.0,269.0,0.21,311.0,89396.0,False,11,7,320
2017-11-16 08:00:00,12.44,61.05,509.0,787.16,117.0,281.0,0.48,87.0,89378.0,False,11,8,320
2017-11-16 09:00:00,14.02,52.8,578.0,874.48,102.0,277.4,1.1,100.0,89299.0,False,11,9,320
2017-11-16 10:00:00,15.11,46.8,573.0,872.06,102.0,285.4,1.59,103.0,89221.0,False,11,10,320
2017-11-16 11:00:00,15.71,43.4,495.0,782.51,115.0,287.8,1.72,106.0,89142.0,False,11,11,320
2017-11-16 12:00:00,15.97,41.75,358.0,608.45,124.0,283.2,1.72,106.0,89098.0,False,11,12,320
2017-11-16 13:00:00,15.77,41.8,206.0,500.23,84.0,280.6,1.66,104.0,89081.0,False,11,13,320
2017-11-16 14:00:00,15.0,45.2,42.0,232.51,25.0,276.6,1.31,103.0,89063.0,False,11,14,320
2017-11-16 15:00:00,13.19,58.7,0.0,-0.0,0.0,272.0,0.83,111.0,89090.0,False,11,15,320
2017-11-16 16:00:00,12.77,51.2,0.0,-0.0,0.0,268.0,0.41,130.0,89107.0,False,11,16,320
2017-11-16 17:00:00,12.0,53.75,0.0,-0.0,0.0,266.0,0.34,209.0,89125.0,False,11,17,320
2017-11-16 18:00:00,11.17,56.75,0.0,-0.0,0.0,264.8,0.83,237.0,89133.0,False,11,18,320
2017-11-16 19:00:00,10.05,62.15,0.0,-0.0,0.0,264.8,1.24,237.0,89133.0,False,11,19,320
2017-11-16 20:00:00,8.55,68.65,0.0,-0.0,0.0,264.2,1.45,240.0,89133.0,False,11,20,320
2017-11-16 21:00:00,7.73,71.95,0.0,-0.0,0.0,262.8,1.52,240.0,89107.0,False,11,21,320
2017-11-16 22:00:00,7.07,74.45,0.0,-0.0,0.0,261.6,1.59,241.0,89125.0,False,11,22,320
2017-11-16 23:00:00,6.73,75.6,0.0,-0.0,0.0,260.6,1.59,246.0,89107.0,False,11,23,320
2017-11-17 00:00:00,6.36,76.65,0.0,-0.0,0.0,259.6,1.66,251.0,89090.0,False,11,0,321
2017-11-17 01:00:00,6.52,75.8,0.0,-0.0,0.0,258.4,1.59,253.0,89081.0,False,11,1,321
2017-11-17 02:00:00,6.43,75.55,0.0,-0.0,0.0,257.2,1.59,251.0,89063.0,False,11,2,321
2017-11-17 03:00:00,6.49,74.8,0.0,-0.0,0.0,255.8,1.52,245.0,89055.0,False,11,3,321
2017-11-17 04:00:00,6.81,73.2,0.0,-0.0,0.0,254.8,1.45,239.0,89090.0,False,11,4,321
2017-11-17 05:00:00,6.92,72.55,60.0,221.38,38.0,253.4,1.38,231.0,89098.0,False,11,5,321
2017-11-17 06:00:00,8.05,70.9,220.0,459.03,98.0,255.2,0.97,221.0,89133.0,False,11,6,321
2017-11-17 07:00:00,10.09,71.45,345.0,459.49,161.0,259.4,0.9,184.0,89133.0,False,11,7,321
2017-11-17 08:00:00,12.77,57.5,483.0,675.86,149.0,265.4,1.38,162.0,89090.0,False,11,8,321
2017-11-17 09:00:00,14.52,51.35,564.0,824.97,118.0,270.4,1.79,158.0,89020.0,False,11,9,321
2017-11-17 10:00:00,15.84,45.7,562.0,838.62,112.0,275.0,1.93,164.0,88932.0,False,11,10,321
2017-11-17 11:00:00,16.73,41.3,499.0,825.1,101.0,278.2,1.72,166.0,88862.0,False,11,11,321
2017-11-17 12:00:00,17.16,38.4,375.0,733.68,95.0,280.0,1.45,161.0,88819.0,False,11,12,321
2017-11-17 13:00:00,17.11,37.45,219.0,638.27,65.0,280.2,1.38,138.0,88801.0,False,11,13,321
2017-11-17 14:00:00,16.03,42.3,39.0,197.62,25.0,278.4,1.86,105.0,88792.0,False,11,14,321
2017-11-17 15:00:00,13.59,56.4,0.0,-0.0,0.0,273.6,1.72,100.0,88819.0,False,11,15,321
2017-11-17 16:00:00,12.88,50.7,0.0,-0.0,0.0,270.2,0.69,88.0,88836.0,False,11,16,321
2017-11-17 17:00:00,12.27,52.2,0.0,-0.0,0.0,267.8,0.55,312.0,88880.0,False,11,17,321
2017-11-17 18:00:00,11.28,54.8,0.0,-0.0,0.0,265.8,1.17,295.0,88897.0,False,11,18,321
2017-11-17 19:00:00,8.57,65.9,0.0,-0.0,0.0,263.0,1.52,298.0,88906.0,False,11,19,321
2017-11-17 20:00:00,7.8,67.1,0.0,-0.0,0.0,261.6,1.52,287.0,88958.0,False,11,20,321
2017-11-17 21:00:00,7.34,67.0,0.0,-0.0,0.0,260.4,1.52,277.0,88941.0,False,11,21,321
2017-11-17 22:00:00,7.35,64.9,0.0,-0.0,0.0,259.8,1.52,267.0,88967.0,False,11,22,321
2017-11-17 23:00:00,7.52,62.2,0.0,-0.0,0.0,258.2,1.52,258.0,88958.0,False,11,23,321
2017-11-18 00:00:00,7.66,59.9,0.0,-0.0,0.0,259.6,1.52,246.0,88950.0,False,11,0,322
2017-11-18 01:00:00,7.3,59.5,0.0,-0.0,0.0,257.8,1.59,239.0,88924.0,False,11,1,322
2017-11-18 02:00:00,7.02,58.5,0.0,-0.0,0.0,259.4,1.66,229.0,88889.0,False,11,2,322
2017-11-18 03:00:00,6.48,58.8,0.0,-0.0,0.0,257.4,1.72,219.0,88897.0,False,11,3,322
2017-11-18 04:00:00,5.91,59.4,0.0,-0.0,0.0,260.0,1.86,213.0,88906.0,False,11,4,322
2017-11-18 05:00:00,5.78,59.0,48.0,104.38,38.0,264.6,1.79,209.0,88915.0,False,11,5,322
2017-11-18 06:00:00,6.82,58.6,126.0,49.61,113.0,265.4,1.52,203.0,88932.0,False,11,6,322
2017-11-18 07:00:00,9.36,55.9,228.0,88.24,193.0,279.2,0.97,194.0,88915.0,False,11,7,322
2017-11-18 08:00:00,12.09,42.55,373.0,271.19,240.0,284.4,1.31,172.0,88915.0,False,11,8,322
2017-11-18 09:00:00,13.9,38.85,472.0,454.38,228.0,287.4,1.72,164.0,88854.0,False,11,9,322
2017-11-18 10:00:00,15.1,36.65,564.0,870.28,100.0,294.0,1.93,159.0,88766.0,False,11,10,322
2017-11-18 11:00:00,15.8,34.55,445.0,569.7,172.0,288.8,2.21,156.0,88679.0,False,11,11,322
2017-11-18 12:00:00,16.0,33.65,356.0,630.96,117.0,295.8,2.28,155.0,88635.0,False,11,12,322
2017-11-18 13:00:00,15.83,34.7,226.0,745.52,48.0,292.4,2.21,151.0,88591.0,False,11,13,322
2017-11-18 14:00:00,14.51,41.5,46.0,378.62,20.0,291.4,2.0,143.0,88600.0,False,11,14,322
2017-11-18 15:00:00,12.54,53.05,0.0,-0.0,0.0,290.2,1.86,154.0,88583.0,False,11,15,322
2017-11-18 16:00:00,10.82,58.5,0.0,-0.0,0.0,283.8,1.52,179.0,88600.0,False,11,16,322
2017-11-18 17:00:00,9.76,59.4,0.0,-0.0,0.0,267.6,1.66,208.0,88609.0,False,11,17,322
2017-11-18 18:00:00,8.7,61.0,0.0,-0.0,0.0,260.4,1.79,227.0,88591.0,False,11,18,322
2017-11-18 19:00:00,8.43,59.35,0.0,-0.0,0.0,259.6,1.93,226.0,88609.0,False,11,19,322
2017-11-18 20:00:00,7.88,58.95,0.0,-0.0,0.0,258.0,2.0,232.0,88583.0,False,11,20,322
2017-11-18 21:00:00,7.38,58.55,0.0,-0.0,0.0,257.0,2.0,229.0,88583.0,False,11,21,322
2017-11-18 22:00:00,6.89,58.4,0.0,-0.0,0.0,255.8,2.0,226.0,88600.0,False,11,22,322
2017-11-18 23:00:00,6.65,57.4,0.0,-0.0,0.0,255.2,1.93,221.0,88539.0,False,11,23,322
2017-11-19 00:00:00,5.92,58.95,0.0,-0.0,0.0,253.0,2.07,216.0,88504.0,False,11,0,323
2017-11-19 01:00:00,4.91,62.35,0.0,-0.0,0.0,252.0,2.21,214.0,88478.0,False,11,1,323
2017-11-19 02:00:00,4.27,63.8,0.0,-0.0,0.0,251.2,2.28,218.0,88460.0,False,11,2,323
2017-11-19 03:00:00,3.89,64.1,0.0,-0.0,0.0,251.8,2.28,223.0,88443.0,False,11,3,323
2017-11-19 04:00:00,3.54,64.25,0.0,-0.0,0.0,251.2,2.21,228.0,88443.0,False,11,4,323
2017-11-19 05:00:00,3.45,64.55,6.0,0.0,6.0,252.0,2.14,231.0,88443.0,False,11,5,323
2017-11-19 06:00:00,6.44,57.15,43.0,0.0,43.0,259.8,1.31,224.0,88469.0,False,11,6,323
2017-11-19 07:00:00,9.95,52.45,64.0,0.0,64.0,263.8,0.97,218.0,88486.0,False,11,7,323
2017-11-19 08:00:00,13.0,38.6,279.0,80.12,240.0,270.4,1.24,184.0,88478.0,False,11,8,323
2017-11-19 09:00:00,14.8,35.6,463.0,431.17,233.0,272.6,2.07,170.0,88399.0,False,11,9,323
2017-11-19 10:00:00,15.9,32.6,551.0,821.05,116.0,277.0,3.17,177.0,88311.0,False,11,10,323
2017-11-19 11:00:00,16.35,31.55,437.0,546.08,177.0,283.8,3.86,190.0,88241.0,False,11,11,323
2017-11-19 12:00:00,16.46,31.8,267.0,226.05,182.0,285.8,4.0,194.0,88250.0,False,11,12,323
2017-11-19 13:00:00,16.07,32.45,167.0,270.79,103.0,282.2,3.86,197.0,88233.0,False,11,13,323
2017-11-19 14:00:00,14.82,36.4,4.0,0.0,4.0,284.8,2.69,201.0,88241.0,False,11,14,323
2017-11-19 15:00:00,12.51,44.2,0.0,-0.0,0.0,278.4,2.62,207.0,88303.0,False,11,15,323
2017-11-19 16:00:00,10.46,52.5,0.0,-0.0,0.0,273.4,2.62,216.0,88338.0,False,11,16,323
2017-11-19 17:00:00,8.84,61.05,0.0,-0.0,0.0,272.4,2.34,218.0,88381.0,False,11,17,323
2017-11-19 18:00:00,7.29,69.15,0.0,-0.0,0.0,264.8,2.21,210.0,88399.0,False,11,18,323
2017-11-19 19:00:00,6.64,76.45,0.0,-0.0,0.0,269.0,2.28,206.0,88425.0,False,11,19,323
2017-11-19 20:00:00,6.07,80.0,0.0,-0.0,0.0,275.0,2.28,200.0,88425.0,False,11,20,323
2017-11-19 21:00:00,5.71,82.35,0.0,-0.0,0.0,276.4,2.41,199.0,88443.0,False,11,21,323
2017-11-19 22:00:00,5.4,84.3,0.0,-0.0,0.0,274.2,2.48,199.0,88399.0,False,11,22,323
2017-11-19 23:00:00,4.93,86.5,0.0,-0.0,0.0,267.0,2.48,195.0,88425.0,False,11,23,323
2017-11-20 00:00:00,4.9,87.75,0.0,-0.0,0.0,280.2,2.48,188.0,88408.0,False,11,0,324
2017-11-20 01:00:00,4.93,88.8,0.0,-0.0,0.0,283.8,2.55,180.0,88399.0,False,11,1,324
2017-11-20 02:00:00,4.84,90.55,0.0,-0.0,0.0,280.0,2.62,179.0,88390.0,False,11,2,324
2017-11-20 03:00:00,4.81,92.3,0.0,-0.0,0.0,281.2,2.69,177.0,88381.0,False,11,3,324
2017-11-20 04:00:00,5.08,92.95,0.0,-0.0,0.0,291.2,2.76,176.0,88408.0,False,11,4,324
2017-11-20 05:00:00,5.05,93.65,19.0,0.0,19.0,280.2,2.83,179.0,88425.0,False,11,5,324
2017-11-20 06:00:00,6.36,89.2,162.0,172.73,118.0,271.2,2.62,179.0,88451.0,False,11,6,324
2017-11-20 07:00:00,8.77,70.05,72.0,0.0,72.0,274.0,3.66,181.0,88425.0,False,11,7,324
2017-11-20 08:00:00,11.0,58.8,275.0,76.59,238.0,273.4,4.76,182.0,88338.0,False,11,8,324
2017-11-20 09:00:00,12.55,50.9,564.0,884.99,95.0,281.2,5.52,186.0,88233.0,False,11,9,324
2017-11-20 10:00:00,13.57,46.4,491.0,564.06,194.0,286.0,5.79,191.0,88145.0,False,11,10,324
2017-11-20 11:00:00,14.16,43.35,141.0,0.0,141.0,288.2,5.86,191.0,88014.0,False,11,11,324
2017-11-20 12:00:00,14.43,39.15,87.0,0.0,87.0,298.8,5.93,195.0,87935.0,False,11,12,324
2017-11-20 13:00:00,14.09,39.25,149.0,179.46,107.0,298.4,5.38,194.0,87909.0,False,11,13,324
2017-11-20 14:00:00,13.07,42.85,33.0,154.73,23.0,290.8,4.9,195.0,87909.0,False,11,14,324
2017-11-20 15:00:00,11.56,48.05,0.0,-0.0,0.0,298.6,4.69,196.0,87892.0,False,11,15,324
2017-11-20 16:00:00,10.19,53.2,0.0,-0.0,0.0,277.4,4.48,192.0,87900.0,False,11,16,324
2017-11-20 17:00:00,9.3,57.4,0.0,-0.0,0.0,278.4,4.41,188.0,87883.0,False,11,17,324
2017-11-20 18:00:00,8.59,61.25,0.0,-0.0,0.0,274.4,4.34,183.0,87857.0,False,11,18,324
2017-11-20 19:00:00,8.0,68.1,0.0,-0.0,0.0,276.0,4.76,169.0,87804.0,False,11,19,324
2017-11-20 20:00:00,7.73,73.35,0.0,-0.0,0.0,279.8,5.03,168.0,87734.0,False,11,20,324
2017-11-20 21:00:00,7.5,77.5,0.0,-0.0,0.0,275.4,5.24,167.0,87656.0,False,11,21,324
2017-11-20 22:00:00,7.38,79.05,0.0,-0.0,0.0,275.8,5.31,169.0,87586.0,False,11,22,324
2017-11-20 23:00:00,7.21,80.35,0.0,-0.0,0.0,289.2,4.0,186.0,87586.0,False,11,23,324
2017-11-21 00:00:00,5.73,90.05,0.0,-0.0,0.0,307.8,2.9,267.0,87682.0,False,11,0,325
2017-11-21 01:00:00,2.96,97.15,0.0,-0.0,0.0,317.85,4.21,320.0,87804.0,False,11,1,325
2017-11-21 02:00:00,1.87,97.55,0.0,-0.0,0.0,312.0,3.52,313.0,87909.0,False,11,2,325
2017-11-21 03:00:00,1.95,95.75,0.0,-0.0,0.0,316.8,4.34,315.0,88023.0,False,11,3,325
2017-11-21 04:00:00,1.86,92.4,0.0,-0.0,0.0,309.0,4.28,316.0,88207.0,False,11,4,325
2017-11-21 05:00:00,1.27,84.7,5.0,0.0,5.0,287.2,5.52,316.0,88311.0,False,11,5,325
2017-11-21 06:00:00,1.36,80.8,20.0,0.0,20.0,265.6,5.38,314.0,88434.0,False,11,6,325
2017-11-21 07:00:00,2.08,72.95,132.0,2.59,131.0,271.0,8.0,315.0,88486.0,False,11,7,325
2017-11-21 08:00:00,3.73,61.15,202.0,12.51,196.0,274.0,8.48,320.0,88548.0,False,11,8,325
2017-11-21 09:00:00,4.7,54.4,350.0,151.94,270.0,273.8,8.55,321.0,88556.0,False,11,9,325
2017-11-21 10:00:00,5.28,51.05,515.0,676.4,161.0,277.2,8.07,322.0,88565.0,False,11,10,325
2017-11-21 11:00:00,5.5,50.65,449.0,627.34,154.0,264.0,7.86,324.0,88609.0,False,11,11,325
2017-11-21 12:00:00,5.29,50.25,345.0,612.19,118.0,267.6,7.59,328.0,88626.0,False,11,12,325
2017-11-21 13:00:00,4.86,52.0,206.0,603.93,66.0,274.8,7.03,332.0,88679.0,False,11,13,325
2017-11-21 14:00:00,3.88,57.0,39.0,334.6,18.0,260.0,5.59,335.0,88731.0,False,11,14,325
2017-11-21 15:00:00,2.85,61.85,0.0,-0.0,0.0,253.6,4.76,337.0,88854.0,False,11,15,325
2017-11-21 16:00:00,2.14,65.35,0.0,-0.0,0.0,254.6,4.62,335.0,88950.0,False,11,16,325
2017-11-21 17:00:00,1.53,68.3,0.0,-0.0,0.0,254.6,4.48,333.0,89037.0,False,11,17,325
2017-11-21 18:00:00,0.96,70.65,0.0,-0.0,0.0,252.8,4.21,332.0,89116.0,False,11,18,325
2017-11-21 19:00:00,-0.09,73.45,0.0,-0.0,0.0,217.4,4.0,328.0,89177.0,False,11,19,325
2017-11-21 20:00:00,-0.53,74.3,0.0,-0.0,0.0,222.4,3.59,325.0,89221.0,False,11,20,325
2017-11-21 21:00:00,-1.01,75.1,0.0,-0.0,0.0,217.0,3.17,323.0,89247.0,False,11,21,325
2017-11-21 22:00:00,-1.36,75.45,0.0,-0.0,0.0,219.4,3.03,321.0,89256.0,False,11,22,325
2017-11-21 23:00:00,-1.8,76.3,0.0,-0.0,0.0,213.6,2.97,322.0,89273.0,False,11,23,325
2017-11-22 00:00:00,-2.2,77.45,0.0,-0.0,0.0,211.6,2.83,323.0,89326.0,False,11,0,326
2017-11-22 01:00:00,-2.61,79.65,0.0,-0.0,0.0,206.6,2.62,324.0,89334.0,False,11,1,326
2017-11-22 02:00:00,-2.89,81.15,0.0,-0.0,0.0,210.4,2.55,327.0,89352.0,False,11,2,326
2017-11-22 03:00:00,-3.31,83.75,0.0,-0.0,0.0,208.0,2.28,326.0,89396.0,False,11,3,326
2017-11-22 04:00:00,-3.71,86.05,0.0,-0.0,0.0,207.8,2.07,324.0,89422.0,False,11,4,326
2017-11-22 05:00:00,-4.1,87.75,52.0,305.52,27.0,206.2,1.72,324.0,89448.0,False,11,5,326
2017-11-22 06:00:00,-2.38,79.6,156.0,165.6,115.0,206.6,1.66,326.0,89492.0,False,11,6,326
2017-11-22 07:00:00,-0.29,66.45,378.0,748.58,92.0,220.6,2.41,333.0,89492.0,False,11,7,326
2017-11-22 08:00:00,1.08,58.15,495.0,840.23,95.0,214.8,2.21,338.0,89457.0,False,11,8,326
2017-11-22 09:00:00,2.25,51.4,562.0,915.52,83.0,221.0,2.14,342.0,89387.0,False,11,9,326
2017-11-22 10:00:00,3.19,46.2,564.0,947.61,71.0,227.2,2.28,344.0,89334.0,False,11,10,326
2017-11-22 11:00:00,3.93,42.55,495.0,898.52,75.0,223.8,2.28,344.0,89247.0,False,11,11,326
2017-11-22 12:00:00,4.32,40.35,360.0,724.89,93.0,223.4,2.07,342.0,89195.0,False,11,12,326
2017-11-22 13:00:00,4.38,39.4,214.0,709.61,51.0,222.4,1.79,339.0,89221.0,False,11,13,326
2017-11-22 14:00:00,3.97,40.45,18.0,16.39,17.0,222.8,1.17,332.0,89230.0,False,11,14,326
2017-11-22 15:00:00,3.24,43.85,0.0,-0.0,0.0,226.4,0.28,286.0,89282.0,False,11,15,326
2017-11-22 16:00:00,2.3,50.9,0.0,-0.0,0.0,228.8,0.62,224.0,89291.0,False,11,16,326
2017-11-22 17:00:00,1.13,59.45,0.0,-0.0,0.0,238.2,1.1,230.0,89317.0,False,11,17,326
2017-11-22 18:00:00,-0.17,63.15,0.0,-0.0,0.0,235.6,1.79,227.0,89343.0,False,11,18,326
2017-11-22 19:00:00,-0.12,67.7,0.0,-0.0,0.0,248.4,1.59,234.0,89326.0,False,11,19,326
2017-11-22 20:00:00,-0.94,69.85,0.0,-0.0,0.0,231.2,2.0,226.0,89291.0,False,11,20,326
2017-11-22 21:00:00,-1.61,71.95,0.0,-0.0,0.0,223.0,2.07,226.0,89291.0,False,11,21,326
2017-11-22 22:00:00,-1.61,71.9,0.0,-0.0,0.0,237.4,2.07,227.0,89299.0,False,11,22,326
2017-11-22 23:00:00,-1.41,71.7,0.0,-0.0,0.0,247.4,2.07,224.0,89238.0,False,11,23,326
2017-11-23 00:00:00,-1.39,73.35,0.0,-0.0,0.0,249.4,1.86,232.0,89247.0,False,11,0,327
2017-11-23 01:00:00,-1.44,75.8,0.0,-0.0,0.0,248.0,1.72,233.0,89238.0,False,11,1,327
2017-11-23 02:00:00,-1.03,76.65,0.0,-0.0,0.0,263.6,1.52,234.0,89212.0,False,11,2,327
2017-11-23 03:00:00,-0.35,77.1,0.0,-0.0,0.0,281.6,1.24,233.0,89256.0,False,11,3,327
2017-11-23 04:00:00,0.11,78.75,0.0,-0.0,0.0,290.8,1.1,225.0,89282.0,False,11,4,327
2017-11-23 05:00:00,0.37,82.0,15.0,0.0,15.0,292.0,1.17,212.0,89299.0,False,11,5,327
2017-11-23 06:00:00,1.7,75.35,24.0,0.0,24.0,302.8,1.17,208.0,89326.0,False,11,6,327
2017-11-23 07:00:00,4.3,70.95,218.0,92.46,183.0,263.8,1.45,242.0,89326.0,False,11,7,327
2017-11-23 08:00:00,6.39,64.15,389.0,368.15,215.0,260.6,2.28,290.0,89273.0,False,11,8,327
2017-11-23 09:00:00,7.78,58.65,161.0,0.0,161.0,269.8,3.52,313.0,89212.0,False,11,9,327
2017-11-23 10:00:00,8.67,54.3,312.0,98.6,261.0,283.6,4.0,319.0,89177.0,False,11,10,327
2017-11-23 11:00:00,8.9,52.55,433.0,576.68,165.0,301.4,4.28,320.0,89133.0,False,11,11,327
2017-11-23 12:00:00,8.94,51.5,196.0,65.58,172.0,315.2,4.41,320.0,89133.0,False,11,12,327
2017-11-23 13:00:00,8.67,52.85,111.0,57.09,98.0,322.2,4.34,323.0,89160.0,False,11,13,327
2017-11-23 14:00:00,7.96,57.7,17.0,16.85,16.0,314.6,3.38,331.0,89186.0,False,11,14,327
2017-11-23 15:00:00,7.03,63.35,0.0,-0.0,0.0,311.2,2.9,335.0,89230.0,False,11,15,327
2017-11-23 16:00:00,6.08,69.3,0.0,-0.0,0.0,294.4,2.41,331.0,89273.0,False,11,16,327
2017-11-23 17:00:00,5.01,75.95,0.0,-0.0,0.0,276.6,2.07,323.0,89299.0,False,11,17,327
2017-11-23 18:00:00,3.57,83.9,0.0,-0.0,0.0,255.6,1.72,305.0,89299.0,False,11,18,327
2017-11-23 19:00:00,2.78,83.55,0.0,-0.0,0.0,241.6,1.59,278.0,89291.0,False,11,19,327
2017-11-23 20:00:00,1.7,86.5,0.0,-0.0,0.0,242.6,1.79,275.0,89291.0,False,11,20,327
2017-11-23 21:00:00,0.89,88.5,0.0,-0.0,0.0,242.8,1.86,275.0,89308.0,False,11,21,327
2017-11-23 22:00:00,0.4,89.4,0.0,-0.0,0.0,244.4,1.86,276.0,89317.0,False,11,22,327
2017-11-23 23:00:00,-0.03,89.65,0.0,-0.0,0.0,239.0,1.86,277.0,89326.0,False,11,23,327
2017-11-24 00:00:00,-0.21,89.6,0.0,-0.0,0.0,244.6,1.79,281.0,89326.0,False,11,0,328
2017-11-24 01:00:00,-0.42,89.45,0.0,-0.0,0.0,241.0,1.72,281.0,89334.0,False,11,1,328
2017-11-24 02:00:00,-0.38,89.55,0.0,-0.0,0.0,251.4,1.66,282.0,89317.0,False,11,2,328
2017-11-24 03:00:00,-0.59,89.55,0.0,-0.0,0.0,243.4,1.66,281.0,89334.0,False,11,3,328
2017-11-24 04:00:00,-0.73,89.7,0.0,-0.0,0.0,246.4,1.66,276.0,89361.0,False,11,4,328
2017-11-24 05:00:00,-0.93,89.6,45.0,266.4,25.0,240.2,1.66,272.0,89387.0,False,11,5,328
2017-11-24 06:00:00,2.12,81.6,218.0,639.95,64.0,251.0,0.76,268.0,89431.0,False,11,6,328
2017-11-24 07:00:00,5.16,72.15,370.0,743.81,91.0,242.0,0.76,296.0,89483.0,False,11,7,328
2017-11-24 08:00:00,7.02,61.5,435.0,566.83,169.0,251.2,1.52,326.0,89457.0,False,11,8,328
2017-11-24 09:00:00,8.28,54.75,519.0,729.54,142.0,270.8,1.72,330.0,89369.0,False,11,9,328
2017-11-24 10:00:00,9.26,50.4,516.0,727.17,142.0,288.8,1.59,326.0,89317.0,False,11,10,328
2017-11-24 11:00:00,9.77,47.55,430.0,575.62,164.0,299.4,1.52,332.0,89247.0,False,11,11,328
2017-11-24 12:00:00,10.11,45.75,362.0,778.11,79.0,288.6,1.52,344.0,89203.0,False,11,12,328
2017-11-24 13:00:00,10.05,45.65,185.0,465.03,80.0,285.6,1.45,358.0,89230.0,False,11,13,328
2017-11-24 14:00:00,9.5,48.2,28.0,155.76,19.0,279.0,1.03,20.0,89256.0,False,11,14,328
2017-11-24 15:00:00,8.04,57.3,0.0,-0.0,0.0,263.6,0.69,32.0,89317.0,False,11,15,328
2017-11-24 16:00:00,7.41,55.0,0.0,-0.0,0.0,257.4,0.55,322.0,89378.0,False,11,16,328
2017-11-24 17:00:00,6.32,60.2,0.0,-0.0,0.0,251.4,0.97,291.0,89439.0,False,11,17,328
2017-11-24 18:00:00,5.59,62.95,0.0,-0.0,0.0,249.6,1.1,294.0,89509.0,False,11,18,328
2017-11-24 19:00:00,2.93,76.55,0.0,-0.0,0.0,241.0,1.45,342.0,89536.0,False,11,19,328
2017-11-24 20:00:00,3.46,73.3,0.0,-0.0,0.0,239.4,1.1,335.0,89579.0,False,11,20,328
2017-11-24 21:00:00,3.54,73.3,0.0,-0.0,0.0,238.8,0.9,299.0,89597.0,False,11,21,328
2017-11-24 22:00:00,3.19,74.55,0.0,-0.0,0.0,239.0,1.03,273.0,89649.0,False,11,22,328
2017-11-24 23:00:00,2.61,76.4,0.0,-0.0,0.0,236.8,1.17,257.0,89667.0,False,11,23,328
2017-11-25 00:00:00,1.6,79.4,0.0,-0.0,0.0,238.6,1.31,248.0,89632.0,False,11,0,329
2017-11-25 01:00:00,0.61,81.1,0.0,-0.0,0.0,234.4,1.45,241.0,89667.0,False,11,1,329
2017-11-25 02:00:00,0.23,81.6,0.0,-0.0,0.0,233.4,1.52,236.0,89614.0,False,11,2,329
2017-11-25 03:00:00,0.06,81.3,0.0,-0.0,0.0,233.4,1.52,233.0,89623.0,False,11,3,329
2017-11-25 04:00:00,0.11,80.35,0.0,-0.0,0.0,231.8,1.45,229.0,89606.0,False,11,4,329
2017-11-25 05:00:00,-0.01,80.3,36.0,139.34,26.0,232.6,1.38,223.0,89579.0,False,11,5,329
2017-11-25 06:00:00,1.67,77.05,186.0,383.56,95.0,232.6,0.97,209.0,89623.0,False,11,6,329
2017-11-25 07:00:00,4.56,70.35,337.0,556.88,130.0,234.2,1.03,178.0,89632.0,False,11,7,329
2017-11-25 08:00:00,6.79,57.65,481.0,817.61,100.0,240.8,1.72,155.0,89579.0,False,11,8,329
2017-11-25 09:00:00,8.17,52.5,524.0,767.03,130.0,247.2,2.14,146.0,89509.0,False,11,9,329
2017-11-25 10:00:00,9.13,49.3,527.0,797.67,119.0,250.6,2.28,145.0,89413.0,False,11,10,329
2017-11-25 11:00:00,9.84,46.95,485.0,894.26,74.0,256.0,2.07,143.0,89326.0,False,11,11,329
2017-11-25 12:00:00,10.07,46.1,372.0,876.8,55.0,261.6,1.86,132.0,89247.0,False,11,12,329
2017-11-25 13:00:00,9.87,46.55,172.0,366.08,90.0,264.8,2.07,124.0,89265.0,False,11,13,329
2017-11-25 14:00:00,8.82,51.7,28.0,159.77,19.0,261.8,2.07,124.0,89282.0,False,11,14,329
2017-11-25 15:00:00,7.18,59.75,0.0,-0.0,0.0,263.0,2.0,136.0,89334.0,False,11,15,329
2017-11-25 16:00:00,5.5,70.0,0.0,-0.0,0.0,263.4,1.59,154.0,89352.0,False,11,16,329
2017-11-25 17:00:00,4.96,69.25,0.0,-0.0,0.0,263.0,1.38,188.0,89361.0,False,11,17,329
2017-11-25 18:00:00,3.96,73.6,0.0,-0.0,0.0,263.6,1.66,213.0,89378.0,False,11,18,329
2017-11-25 19:00:00,4.15,70.85,0.0,-0.0,0.0,253.0,1.45,223.0,89343.0,False,11,19,329
2017-11-25 20:00:00,3.3,74.85,0.0,-0.0,0.0,258.0,1.66,225.0,89369.0,False,11,20,329
2017-11-25 21:00:00,2.55,78.0,0.0,-0.0,0.0,254.8,1.79,227.0,89361.0,False,11,21,329
2017-11-25 22:00:00,2.05,79.55,0.0,-0.0,0.0,252.2,1.86,233.0,89404.0,False,11,22,329
2017-11-25 23:00:00,1.67,80.95,0.0,-0.0,0.0,252.6,1.86,239.0,89378.0,False,11,23,329
2017-11-26 00:00:00,1.28,81.7,0.0,-0.0,0.0,245.2,1.86,242.0,89404.0,False,11,0,330
2017-11-26 01:00:00,1.27,82.2,0.0,-0.0,0.0,246.0,1.79,242.0,89413.0,False,11,1,330
2017-11-26 02:00:00,1.01,82.8,0.0,-0.0,0.0,242.8,1.79,243.0,89378.0,False,11,2,330
2017-11-26 03:00:00,0.75,83.45,0.0,-0.0,0.0,241.4,1.86,243.0,89387.0,False,11,3,330
2017-11-26 04:00:00,0.53,84.2,0.0,-0.0,0.0,241.0,1.86,240.0,89387.0,False,11,4,330
2017-11-26 05:00:00,0.14,85.7,35.0,145.98,25.0,238.6,1.93,235.0,89413.0,False,11,5,330
2017-11-26 06:00:00,2.21,83.6,206.0,585.7,69.0,240.2,1.24,226.0,89431.0,False,11,6,330
2017-11-26 07:00:00,5.61,78.15,362.0,741.06,89.0,252.6,1.03,200.0,89448.0,False,11,7,330
2017-11-26 08:00:00,8.5,62.0,472.0,786.54,108.0,260.6,1.45,178.0,89413.0,False,11,8,330
2017-11-26 09:00:00,10.31,56.6,538.0,859.67,99.0,269.0,1.72,178.0,89352.0,False,11,9,330
2017-11-26 10:00:00,11.64,52.85,536.0,858.97,99.0,268.4,1.93,184.0,89221.0,False,11,10,330
2017-11-26 11:00:00,12.36,50.55,470.0,813.68,98.0,285.4,1.72,178.0,89133.0,False,11,11,330
2017-11-26 12:00:00,12.63,49.5,370.0,876.26,55.0,293.2,1.52,165.0,89090.0,False,11,12,330
2017-11-26 13:00:00,12.55,49.75,99.0,35.99,91.0,306.0,1.38,152.0,89133.0,False,11,13,330
2017-11-26 14:00:00,11.74,55.0,14.0,0.0,14.0,322.6,1.24,125.0,89142.0,False,11,14,330
2017-11-26 15:00:00,10.11,66.45,0.0,-0.0,0.0,309.8,1.24,122.0,89168.0,False,11,15,330
2017-11-26 16:00:00,9.19,65.85,0.0,-0.0,0.0,298.4,0.83,146.0,89168.0,False,11,16,330
2017-11-26 17:00:00,8.77,67.55,0.0,-0.0,0.0,284.8,0.9,191.0,89221.0,False,11,17,330
2017-11-26 18:00:00,6.64,79.4,0.0,-0.0,0.0,289.4,1.52,220.0,89230.0,False,11,18,330
2017-11-26 19:00:00,5.27,85.95,0.0,-0.0,0.0,278.4,2.07,207.0,89203.0,False,11,19,330
2017-11-26 20:00:00,4.38,88.0,0.0,-0.0,0.0,269.2,2.14,214.0,89212.0,False,11,20,330
2017-11-26 21:00:00,3.48,89.65,0.0,-0.0,0.0,260.0,2.21,220.0,89221.0,False,11,21,330
2017-11-26 22:00:00,2.81,91.05,0.0,-0.0,0.0,260.4,2.21,225.0,89238.0,False,11,22,330
2017-11-26 23:00:00,2.42,91.95,0.0,-0.0,0.0,263.0,2.14,229.0,89203.0,False,11,23,330
2017-11-27 00:00:00,2.17,92.8,0.0,-0.0,0.0,266.2,2.07,232.0,89195.0,False,11,0,331
2017-11-27 01:00:00,1.92,93.9,0.0,-0.0,0.0,268.0,2.07,232.0,89230.0,False,11,1,331
2017-11-27 02:00:00,1.57,94.95,0.0,-0.0,0.0,264.0,2.07,228.0,89203.0,False,11,2,331
2017-11-27 03:00:00,1.91,95.6,0.0,-0.0,0.0,283.4,2.0,222.0,89221.0,False,11,3,331
2017-11-27 04:00:00,1.54,96.1,0.0,-0.0,0.0,265.8,2.07,221.0,89265.0,False,11,4,331
2017-11-27 05:00:00,1.44,96.55,10.0,0.0,10.0,271.4,2.0,216.0,89291.0,False,11,5,331
2017-11-27 06:00:00,3.23,94.2,178.0,372.89,92.0,281.2,1.86,204.0,89352.0,False,11,6,331
2017-11-27 07:00:00,5.69,85.5,332.0,564.17,126.0,279.8,2.07,196.0,89378.0,False,11,7,331
2017-11-27 08:00:00,7.67,76.6,407.0,485.15,184.0,278.6,2.41,183.0,89317.0,False,11,8,331
2017-11-27 09:00:00,9.71,67.1,461.0,512.08,201.0,271.2,3.1,179.0,89195.0,False,11,9,331
2017-11-27 10:00:00,11.11,59.65,246.0,31.61,230.0,274.8,3.86,179.0,89081.0,False,11,10,331
2017-11-27 11:00:00,12.09,54.5,452.0,723.28,123.0,290.0,4.34,182.0,88950.0,False,11,11,331
2017-11-27 12:00:00,12.44,51.5,368.0,872.66,56.0,297.0,4.28,177.0,88854.0,False,11,12,331
2017-11-27 13:00:00,12.62,48.85,119.0,90.62,99.0,311.8,4.0,172.0,88819.0,False,11,13,331
2017-11-27 14:00:00,11.99,50.5,32.0,316.34,15.0,318.8,3.03,159.0,88784.0,False,11,14,331
2017-11-27 15:00:00,10.41,56.05,0.0,-0.0,0.0,308.4,2.83,156.0,88784.0,False,11,15,331
2017-11-27 16:00:00,9.19,60.25,0.0,-0.0,0.0,300.4,3.03,164.0,88801.0,False,11,16,331
2017-11-27 17:00:00,8.4,65.55,0.0,-0.0,0.0,309.8,3.59,170.0,88836.0,False,11,17,331
2017-11-27 18:00:00,7.5,74.05,0.0,-0.0,0.0,297.4,3.79,170.0,88880.0,False,11,18,331
2017-11-27 19:00:00,6.87,79.0,0.0,-0.0,0.0,276.2,4.21,165.0,88862.0,False,11,19,331
2017-11-27 20:00:00,6.58,82.8,0.0,-0.0,0.0,288.0,4.28,165.0,88880.0,False,11,20,331
2017-11-27 21:00:00,6.46,84.6,0.0,-0.0,0.0,291.0,4.48,168.0,88854.0,False,11,21,331
2017-11-27 22:00:00,6.66,85.65,0.0,-0.0,0.0,312.0,4.62,170.0,88757.0,False,11,22,331
2017-11-27 23:00:00,6.53,88.0,0.0,-0.0,0.0,304.2,4.69,171.0,88731.0,False,11,23,331
2017-11-28 00:00:00,6.67,89.15,0.0,-0.0,0.0,316.6,4.69,170.0,88687.0,False,11,0,332
2017-11-28 01:00:00,6.68,89.9,0.0,-0.0,0.0,308.0,4.62,169.0,88679.0,False,11,1,332
2017-11-28 02:00:00,6.7,90.35,0.0,-0.0,0.0,309.0,4.41,167.0,88635.0,False,11,2,332
2017-11-28 03:00:00,6.49,91.55,0.0,-0.0,0.0,300.0,4.34,164.0,88652.0,False,11,3,332
2017-11-28 04:00:00,6.31,92.7,0.0,-0.0,0.0,295.4,4.28,164.0,88652.0,False,11,4,332
2017-11-28 05:00:00,6.19,93.15,21.0,32.19,19.0,289.0,4.14,168.0,88652.0,False,11,5,332
2017-11-28 06:00:00,6.9,92.4,140.0,153.91,105.0,279.6,3.93,168.0,88670.0,False,11,6,332
2017-11-28 07:00:00,8.8,86.65,0.0,0.0,0.0,291.8,4.34,169.0,88705.0,False,11,7,332
2017-11-28 08:00:00,9.99,77.2,95.0,0.0,95.0,289.8,5.66,176.0,88644.0,False,11,8,332
2017-11-28 09:00:00,10.73,69.7,83.0,0.0,83.0,299.2,5.72,179.0,88583.0,False,11,9,332
2017-11-28 10:00:00,11.41,63.65,129.0,0.0,129.0,306.8,5.72,181.0,88548.0,False,11,10,332
2017-11-28 11:00:00,11.5,60.8,390.0,439.63,191.0,309.0,5.93,189.0,88460.0,False,11,11,332
2017-11-28 12:00:00,11.59,57.45,323.0,570.74,120.0,315.0,5.45,193.0,88408.0,False,11,12,332
2017-11-28 13:00:00,11.61,54.55,109.0,63.86,95.0,280.4,5.38,192.0,88451.0,False,11,13,332
2017-11-28 14:00:00,10.74,57.7,16.0,0.0,16.0,285.4,4.21,184.0,88434.0,False,11,14,332
2017-11-28 15:00:00,9.18,63.5,0.0,-0.0,0.0,275.2,3.79,183.0,88460.0,False,11,15,332
2017-11-28 16:00:00,7.98,68.45,0.0,-0.0,0.0,269.0,3.52,184.0,88495.0,False,11,16,332
2017-11-28 17:00:00,6.88,73.55,0.0,-0.0,0.0,262.2,3.24,178.0,88530.0,False,11,17,332
2017-11-28 18:00:00,5.98,78.4,0.0,-0.0,0.0,260.2,3.03,178.0,88574.0,False,11,18,332
2017-11-28 19:00:00,5.77,83.55,0.0,-0.0,0.0,267.4,2.83,180.0,88600.0,False,11,19,332
2017-11-28 20:00:00,5.27,86.2,0.0,-0.0,0.0,275.0,2.62,175.0,88644.0,False,11,20,332
2017-11-28 21:00:00,4.84,88.25,0.0,-0.0,0.0,273.0,2.62,174.0,88661.0,False,11,21,332
2017-11-28 22:00:00,4.5,89.75,0.0,-0.0,0.0,270.6,2.62,178.0,88652.0,False,11,22,332
2017-11-28 23:00:00,4.52,90.15,0.0,-0.0,0.0,283.2,2.55,180.0,88652.0,False,11,23,332
2017-11-29 00:00:00,3.95,91.7,0.0,-0.0,0.0,265.6,2.41,183.0,88670.0,False,11,0,333
2017-11-29 01:00:00,3.33,93.15,0.0,-0.0,0.0,261.8,2.14,188.0,88687.0,False,11,1,333
2017-11-29 02:00:00,2.45,94.1,0.0,-0.0,0.0,247.4,2.0,196.0,88714.0,False,11,2,333
2017-11-29 03:00:00,2.17,93.8,0.0,-0.0,0.0,247.6,1.72,208.0,88731.0,False,11,3,333
2017-11-29 04:00:00,2.06,93.4,0.0,-0.0,0.0,248.0,1.59,220.0,88775.0,False,11,4,333
2017-11-29 05:00:00,1.74,93.3,16.0,16.94,15.0,237.4,1.59,238.0,88819.0,False,11,5,333
2017-11-29 06:00:00,3.46,90.25,199.0,606.47,63.0,243.2,0.97,253.0,88889.0,False,11,6,333
2017-11-29 07:00:00,6.28,85.75,0.0,0.0,0.0,258.4,0.9,206.0,88958.0,False,11,7,333
2017-11-29 08:00:00,8.44,68.3,466.0,811.23,98.0,263.2,1.79,226.0,88958.0,False,11,8,333
2017-11-29 09:00:00,9.31,60.9,480.0,617.34,170.0,268.6,2.34,250.0,88941.0,False,11,9,333
2017-11-29 10:00:00,10.27,51.95,417.0,375.17,229.0,279.0,2.55,258.0,88862.0,False,11,10,333
2017-11-29 11:00:00,10.98,45.4,462.0,810.12,97.0,295.0,2.48,255.0,88845.0,False,11,11,333
2017-11-29 12:00:00,11.29,41.5,334.0,649.83,104.0,280.4,2.48,258.0,88810.0,False,11,12,333
2017-11-29 13:00:00,11.16,39.55,193.0,610.5,60.0,276.0,2.34,268.0,88880.0,False,11,13,333
2017-11-29 14:00:00,10.39,41.95,17.0,0.0,17.0,276.0,1.72,295.0,88932.0,False,11,14,333
2017-11-29 15:00:00,8.24,53.1,0.0,-0.0,0.0,254.0,1.86,322.0,89011.0,False,11,15,333
2017-11-29 16:00:00,5.85,63.35,0.0,-0.0,0.0,250.6,1.79,329.0,89098.0,False,11,16,333
2017-11-29 17:00:00,4.56,65.8,0.0,-0.0,0.0,246.2,1.59,327.0,89160.0,False,11,17,333
2017-11-29 18:00:00,3.8,67.1,0.0,-0.0,0.0,242.2,1.52,321.0,89221.0,False,11,18,333
2017-11-29 19:00:00,4.99,59.5,0.0,-0.0,0.0,239.8,1.1,314.0,89265.0,False,11,19,333
2017-11-29 20:00:00,4.66,60.85,0.0,-0.0,0.0,238.2,1.1,294.0,89317.0,False,11,20,333
2017-11-29 21:00:00,4.11,63.15,0.0,-0.0,0.0,236.2,1.17,266.0,89352.0,False,11,21,333
2017-11-29 22:00:00,3.49,65.8,0.0,-0.0,0.0,234.4,1.31,250.0,89422.0,False,11,22,333
2017-11-29 23:00:00,2.44,70.2,0.0,-0.0,0.0,233.4,1.52,245.0,89422.0,False,11,23,333
2017-11-30 00:00:00,1.74,73.05,0.0,-0.0,0.0,232.2,1.52,256.0,89404.0,False,11,0,334
2017-11-30 01:00:00,0.74,76.1,0.0,-0.0,0.0,232.0,1.59,260.0,89431.0,False,11,1,334
2017-11-30 02:00:00,0.62,76.6,0.0,-0.0,0.0,234.6,1.52,245.0,89404.0,False,11,2,334
2017-11-30 03:00:00,-0.1,79.35,0.0,-0.0,0.0,230.6,1.66,226.0,89404.0,False,11,3,334
2017-11-30 04:00:00,-0.94,82.65,0.0,-0.0,0.0,229.6,1.93,223.0,89422.0,False,11,4,334
2017-11-30 05:00:00,-1.62,85.45,25.0,107.22,19.0,228.8,2.0,227.0,89457.0,False,11,5,334
2017-11-30 06:00:00,0.69,82.0,186.0,501.91,75.0,234.6,1.31,222.0,89527.0,False,11,6,334
2017-11-30 07:00:00,4.27,72.55,356.0,789.75,75.0,237.0,0.97,208.0,89553.0,False,11,7,334
2017-11-30 08:00:00,7.29,56.05,463.0,809.76,98.0,241.8,1.59,172.0,89527.0,False,11,8,334
2017-11-30 09:00:00,9.2,50.4,536.0,920.91,76.0,243.4,2.41,167.0,89439.0,False,11,9,334
2017-11-30 10:00:00,10.61,45.75,538.0,936.34,71.0,248.8,2.76,171.0,89343.0,False,11,10,334
2017-11-30 11:00:00,11.62,41.95,477.0,920.75,64.0,252.6,2.76,176.0,89273.0,False,11,11,334
2017-11-30 12:00:00,12.19,39.55,349.0,769.22,78.0,256.4,2.55,177.0,89238.0,False,11,12,334
2017-11-30 13:00:00,12.27,38.75,191.0,595.61,62.0,258.6,2.41,172.0,89247.0,False,11,13,334
2017-11-30 14:00:00,11.04,44.5,16.0,0.0,16.0,258.8,2.14,146.0,89247.0,False,11,14,334
2017-11-30 15:00:00,8.69,56.35,0.0,-0.0,0.0,257.4,2.0,148.0,89282.0,False,11,15,334
2017-11-30 16:00:00,3.24,73.98,0.0,-0.0,0.0,248.82,2.21,166.0,89317.0,False,11,16,334
2017-11-30 17:00:00,3.21,75.35,0.0,-0.0,0.0,248.97,2.19,195.0,89343.0,False,11,17,334
2017-11-30 18:00:00,3.17,76.73,0.0,-0.0,0.0,249.11,2.18,225.0,89404.0,False,11,18,334
2017-11-30 19:00:00,3.14,78.11,0.0,-0.0,0.0,249.26,2.16,240.0,89448.0,False,11,19,334
2017-11-30 20:00:00,3.11,79.48,0.0,-0.0,0.0,249.4,2.14,241.0,89483.0,False,11,20,334
2017-11-30 21:00:00,3.08,80.86,0.0,-0.0,0.0,249.55,2.13,240.0,89509.0,False,11,21,334
2017-11-30 22:00:00,3.04,82.24,0.0,-0.0,0.0,249.69,2.11,240.0,89571.0,False,11,22,334
2017-11-30 23:00:00,3.01,83.61,0.0,-0.0,0.0,249.84,2.09,234.0,89553.0,False,11,23,334
2012-12-01 00:00:00,2.98,84.99,0.0,-0.0,0.0,249.99,2.08,206.0,89125.0,False,12,0,336
2012-12-01 01:00:00,2.95,86.36,0.0,-0.0,0.0,250.13,2.06,205.0,89116.0,False,12,1,336
2012-12-01 02:00:00,2.91,87.74,0.0,-0.0,0.0,250.28,2.05,207.0,89116.0,False,12,2,336
2012-12-01 03:00:00,2.88,89.12,0.0,-0.0,0.0,250.42,2.03,212.0,89151.0,False,12,3,336
2012-12-01 04:00:00,2.85,90.49,0.0,-0.0,0.0,250.57,2.01,220.0,89133.0,False,12,4,336
2012-12-01 05:00:00,2.82,91.87,7.0,0.0,7.0,250.71,2.0,231.0,89203.0,False,12,5,336
2012-12-01 06:00:00,2.79,93.25,119.0,102.25,97.0,250.86,1.98,233.0,89212.0,False,12,6,336
2012-12-01 07:00:00,2.75,94.62,234.0,182.87,170.0,251.0,1.96,195.0,89230.0,False,12,7,336
2012-12-01 08:00:00,10.62,60.75,433.0,678.29,131.0,257.8,2.34,178.0,89230.0,False,12,8,336
2012-12-01 09:00:00,12.88,50.75,407.0,361.99,228.0,266.8,2.83,176.0,89133.0,False,12,9,336
2012-12-01 10:00:00,14.55,43.5,462.0,572.46,179.0,272.4,3.03,184.0,88985.0,False,12,10,336
2012-12-01 11:00:00,15.56,39.25,320.0,224.79,220.0,282.8,3.31,198.0,88932.0,False,12,11,336
2012-12-01 12:00:00,15.7,37.5,226.0,160.29,170.0,296.2,3.24,209.0,88950.0,False,12,12,336
2012-12-01 13:00:00,14.77,42.85,141.0,214.58,95.0,299.0,2.21,205.0,88950.0,False,12,13,336
2012-12-01 14:00:00,13.42,50.6,14.0,0.0,14.0,307.6,2.0,170.0,88924.0,False,12,14,336
2012-12-01 15:00:00,11.21,59.35,0.0,-0.0,0.0,296.4,2.34,166.0,88958.0,False,12,15,336
2012-12-01 16:00:00,9.5,64.95,0.0,-0.0,0.0,283.0,2.48,184.0,88976.0,False,12,16,336
2012-12-01 17:00:00,8.28,69.2,0.0,-0.0,0.0,287.4,2.48,201.0,89020.0,False,12,17,336
2012-12-01 18:00:00,7.37,72.35,0.0,-0.0,0.0,288.0,2.41,212.0,89037.0,False,12,18,336
2012-12-01 19:00:00,6.4,72.0,0.0,-0.0,0.0,280.8,2.34,233.0,89055.0,False,12,19,336
2012-12-01 20:00:00,5.86,74.8,0.0,-0.0,0.0,284.2,2.34,234.0,89072.0,False,12,20,336
2012-12-01 21:00:00,5.76,75.5,0.0,-0.0,0.0,295.2,2.28,231.0,89116.0,False,12,21,336
2012-12-01 22:00:00,5.46,76.6,0.0,-0.0,0.0,290.8,2.28,228.0,89107.0,False,12,22,336
2012-12-01 23:00:00,4.92,78.7,0.0,-0.0,0.0,281.8,2.28,228.0,89133.0,False,12,23,336
2012-12-02 00:00:00,4.09,82.45,0.0,-0.0,0.0,267.8,2.21,229.0,89142.0,False,12,0,337
2012-12-02 01:00:00,3.55,85.5,0.0,-0.0,0.0,267.0,2.07,225.0,89151.0,False,12,1,337
2012-12-02 02:00:00,3.13,86.85,0.0,-0.0,0.0,268.8,2.07,225.0,89142.0,False,12,2,337
2012-12-02 03:00:00,2.57,87.7,0.0,-0.0,0.0,257.6,2.07,233.0,89168.0,False,12,3,337
2012-12-02 04:00:00,2.17,87.95,0.0,-0.0,0.0,255.6,2.0,234.0,89177.0,False,12,4,337
2012-12-02 05:00:00,1.86,87.9,21.0,106.06,16.0,256.6,2.0,234.0,89203.0,False,12,5,337
2012-12-02 06:00:00,3.92,81.95,188.0,607.7,59.0,254.8,1.38,226.0,89256.0,False,12,6,337
2012-12-02 07:00:00,8.47,73.15,332.0,682.67,95.0,257.2,1.24,221.0,89282.0,False,12,7,337
2012-12-02 08:00:00,12.52,51.1,442.0,743.31,113.0,265.6,1.31,189.0,89273.0,False,12,8,337
2012-12-02 09:00:00,14.57,44.5,512.0,829.06,104.0,273.6,1.66,173.0,89203.0,False,12,9,337
2012-12-02 10:00:00,15.92,40.95,497.0,753.59,126.0,279.8,1.86,169.0,89081.0,False,12,10,337
2012-12-02 11:00:00,16.74,38.4,442.0,742.38,113.0,283.6,2.07,166.0,89020.0,False,12,11,337
2012-12-02 12:00:00,17.04,37.05,314.0,563.13,118.0,291.8,2.28,161.0,88985.0,False,12,12,337
2012-12-02 13:00:00,16.74,38.15,177.0,491.96,72.0,287.6,2.21,156.0,88976.0,False,12,13,337
2012-12-02 14:00:00,15.02,45.4,15.0,0.0,15.0,283.2,2.34,141.0,88950.0,False,12,14,337
2012-12-02 15:00:00,12.48,54.8,0.0,-0.0,0.0,278.2,2.28,146.0,88906.0,False,12,15,337
2012-12-02 16:00:00,10.29,62.2,0.0,-0.0,0.0,273.0,2.28,173.0,88915.0,False,12,16,337
2012-12-02 17:00:00,8.67,66.75,0.0,-0.0,0.0,269.4,2.69,196.0,88932.0,False,12,17,337
2012-12-02 18:00:00,7.5,70.9,0.0,-0.0,0.0,267.0,2.76,202.0,88915.0,False,12,18,337
2012-12-02 19:00:00,7.42,71.1,0.0,-0.0,0.0,271.4,2.97,199.0,88906.0,False,12,19,337
2012-12-02 20:00:00,7.24,71.5,0.0,-0.0,0.0,275.2,3.1,196.0,88862.0,False,12,20,337
2012-12-02 21:00:00,7.23,71.35,0.0,-0.0,0.0,277.0,3.31,192.0,88792.0,False,12,21,337
2012-12-02 22:00:00,7.18,71.45,0.0,-0.0,0.0,271.6,3.45,191.0,88775.0,False,12,22,337
2012-12-02 23:00:00,7.09,71.8,0.0,-0.0,0.0,267.8,3.66,192.0,88731.0,False,12,23,337
2012-12-03 00:00:00,7.13,71.45,0.0,-0.0,0.0,269.8,3.66,192.0,88644.0,False,12,0,338
2012-12-03 01:00:00,7.13,70.95,0.0,-0.0,0.0,270.0,3.79,194.0,88600.0,False,12,1,338
2012-12-03 02:00:00,7.73,67.5,0.0,-0.0,0.0,289.8,3.93,190.0,88521.0,False,12,2,338
2012-12-03 03:00:00,7.69,66.65,0.0,-0.0,0.0,275.6,4.21,187.0,88460.0,False,12,3,338
2012-12-03 04:00:00,7.97,64.8,0.0,-0.0,0.0,281.4,4.55,185.0,88443.0,False,12,4,338
2012-12-03 05:00:00,8.5,62.55,25.0,293.28,12.0,298.0,4.76,188.0,88399.0,False,12,5,338
2012-12-03 06:00:00,9.58,59.35,167.0,424.9,78.0,295.2,5.38,183.0,88381.0,False,12,6,338
2012-12-03 07:00:00,11.63,50.3,280.0,389.03,146.0,283.2,5.45,178.0,88329.0,False,12,7,338
2012-12-03 08:00:00,13.75,44.65,374.0,422.65,188.0,285.2,7.03,177.0,88233.0,False,12,8,338
2012-12-03 09:00:00,15.19,44.2,308.0,120.44,249.0,281.0,8.34,187.0,88093.0,False,12,9,338
2012-12-03 10:00:00,16.16,44.9,72.0,0.0,72.0,282.6,8.76,190.0,87927.0,False,12,10,338
2012-12-03 11:00:00,16.35,46.6,44.0,0.0,44.0,286.8,8.76,191.0,87874.0,False,12,11,338
2012-12-03 12:00:00,15.87,49.75,57.0,0.0,57.0,297.8,8.28,192.0,87769.0,False,12,12,338
2012-12-03 13:00:00,15.19,53.8,61.0,0.0,61.0,306.6,6.97,189.0,87778.0,False,12,13,338
2012-12-03 14:00:00,13.96,59.7,11.0,0.0,11.0,326.2,6.21,195.0,87778.0,False,12,14,338
2012-12-03 15:00:00,12.17,71.25,0.0,-0.0,0.0,327.6,4.28,204.0,87813.0,False,12,15,338
2012-12-03 16:00:00,10.74,80.15,0.0,-0.0,0.0,327.0,3.17,222.0,87822.0,False,12,16,338
2012-12-03 17:00:00,9.84,84.7,0.0,-0.0,0.0,322.2,2.0,233.0,87866.0,False,12,17,338
2012-12-03 18:00:00,8.95,85.15,0.0,-0.0,0.0,301.4,1.17,200.0,87866.0,False,12,18,338
2012-12-03 19:00:00,8.73,79.15,0.0,-0.0,0.0,320.4,1.66,224.0,87874.0,False,12,19,338
2012-12-03 20:00:00,9.05,73.15,0.0,-0.0,0.0,292.4,1.17,215.0,87866.0,False,12,20,338
2012-12-03 21:00:00,6.76,84.6,0.0,-0.0,0.0,295.6,2.07,184.0,87822.0,False,12,21,338
2012-12-03 22:00:00,6.21,82.85,0.0,-0.0,0.0,279.8,2.83,185.0,87734.0,False,12,22,338
2012-12-03 23:00:00,5.59,81.95,0.0,-0.0,0.0,265.0,3.1,185.0,87656.0,False,12,23,338
2012-12-04 00:00:00,5.77,80.9,0.0,-0.0,0.0,282.8,3.24,181.0,87577.0,False,12,0,339
2012-12-04 01:00:00,5.88,79.7,0.0,-0.0,0.0,286.0,3.59,173.0,87533.0,False,12,1,339
2012-12-04 02:00:00,6.11,77.45,0.0,-0.0,0.0,283.2,4.07,170.0,87428.0,False,12,2,339
2012-12-04 03:00:00,6.72,73.8,0.0,-0.0,0.0,303.8,4.41,170.0,87306.0,False,12,3,339
2012-12-04 04:00:00,6.78,73.55,0.0,-0.0,0.0,296.6,4.41,167.0,87253.0,False,12,4,339
2012-12-04 05:00:00,6.68,76.25,8.0,0.0,8.0,306.4,4.0,164.0,87253.0,False,12,5,339
2012-12-04 06:00:00,6.73,81.35,18.0,0.0,18.0,298.0,3.52,171.0,87210.0,False,12,6,339
2012-12-04 07:00:00,7.2,82.95,32.0,0.0,32.0,298.8,3.31,189.0,87253.0,False,12,7,339
2012-12-04 08:00:00,7.17,83.5,113.0,0.0,113.0,304.0,3.24,225.0,87297.0,False,12,8,339
2012-12-04 09:00:00,6.7,73.15,88.0,0.0,88.0,286.4,5.24,271.0,87323.0,False,12,9,339
2012-12-04 10:00:00,7.5,57.95,131.0,0.0,131.0,280.6,5.66,290.0,87367.0,False,12,10,339
2012-12-04 11:00:00,8.07,48.75,451.0,815.66,92.0,258.0,6.34,292.0,87428.0,False,12,11,339
2012-12-04 12:00:00,7.5,44.5,133.0,8.68,130.0,265.0,6.55,295.0,87490.0,False,12,12,339
2012-12-04 13:00:00,6.81,50.85,16.0,0.0,16.0,257.8,5.59,296.0,87577.0,False,12,13,339
2012-12-04 14:00:00,5.87,57.25,2.0,0.0,2.0,246.2,4.69,304.0,87682.0,False,12,14,339
2012-12-04 15:00:00,4.35,66.7,0.0,-0.0,0.0,256.2,5.03,316.0,87831.0,False,12,15,339
2012-12-04 16:00:00,3.03,73.15,0.0,-0.0,0.0,243.0,5.1,319.0,87962.0,False,12,16,339
2012-12-04 17:00:00,2.25,74.4,0.0,-0.0,0.0,261.0,5.45,317.0,88067.0,False,12,17,339
2012-12-04 18:00:00,1.69,74.75,0.0,-0.0,0.0,269.8,5.1,316.0,88163.0,False,12,18,339
2012-12-04 19:00:00,1.38,72.55,0.0,-0.0,0.0,246.4,4.9,312.0,88259.0,False,12,19,339
2012-12-04 20:00:00,0.82,73.15,0.0,-0.0,0.0,234.8,4.55,312.0,88329.0,False,12,20,339
2012-12-04 21:00:00,0.29,74.5,0.0,-0.0,0.0,225.8,3.86,311.0,88408.0,False,12,21,339
2012-12-04 22:00:00,-0.15,76.0,0.0,-0.0,0.0,226.2,2.9,311.0,88408.0,False,12,22,339
2012-12-04 23:00:00,-0.88,80.5,0.0,-0.0,0.0,224.2,1.79,310.0,88469.0,False,12,23,339
2012-12-05 00:00:00,-0.63,78.1,0.0,-0.0,0.0,228.8,0.97,285.0,88486.0,False,12,0,340
2012-12-05 01:00:00,-0.94,77.55,0.0,-0.0,0.0,232.6,0.83,250.0,88495.0,False,12,1,340
2012-12-05 02:00:00,-1.29,78.7,0.0,-0.0,0.0,223.4,0.83,235.0,88495.0,False,12,2,340
2012-12-05 03:00:00,-1.57,79.55,0.0,-0.0,0.0,217.8,0.76,221.0,88521.0,False,12,3,340
2012-12-05 04:00:00,-1.72,80.05,0.0,-0.0,0.0,216.8,0.55,197.0,88556.0,False,12,4,340
2012-12-05 05:00:00,-2.27,82.7,12.0,0.0,12.0,214.8,0.9,183.0,88574.0,False,12,5,340
2012-12-05 06:00:00,-2.21,86.95,175.0,553.79,62.0,218.4,1.17,173.0,88574.0,False,12,6,340
2012-12-05 07:00:00,1.17,69.15,323.0,677.95,93.0,219.2,2.28,172.0,88583.0,False,12,7,340
2012-12-05 08:00:00,2.82,61.8,444.0,797.15,97.0,222.8,3.03,177.0,88530.0,False,12,8,340
2012-12-05 09:00:00,4.36,56.0,510.0,858.68,93.0,225.2,3.03,181.0,88390.0,False,12,9,340
2012-12-05 10:00:00,5.77,51.3,500.0,797.02,112.0,230.2,2.83,178.0,88311.0,False,12,10,340
2012-12-05 11:00:00,6.87,47.75,445.0,783.99,101.0,235.6,2.55,174.0,88189.0,False,12,11,340
2012-12-05 12:00:00,7.64,44.95,338.0,748.27,80.0,239.2,2.48,169.0,88128.0,False,12,12,340
2012-12-05 13:00:00,7.81,43.85,195.0,719.48,43.0,236.8,2.55,158.0,88093.0,False,12,13,340
2012-12-05 14:00:00,6.69,49.25,15.0,0.0,15.0,236.0,2.55,131.0,88110.0,False,12,14,340
2012-12-05 15:00:00,4.59,58.15,0.0,-0.0,0.0,233.8,2.62,132.0,88145.0,False,12,15,340
2012-12-05 16:00:00,2.98,67.2,0.0,-0.0,0.0,232.0,2.28,143.0,88189.0,False,12,16,340
2012-12-05 17:00:00,1.66,73.95,0.0,-0.0,0.0,232.0,2.07,157.0,88198.0,False,12,17,340
2012-12-05 18:00:00,0.54,78.65,0.0,-0.0,0.0,227.4,2.0,178.0,88189.0,False,12,18,340
2012-12-05 19:00:00,-0.36,81.2,0.0,-0.0,0.0,226.2,2.14,194.0,88154.0,False,12,19,340
2012-12-05 20:00:00,-0.9,82.45,0.0,-0.0,0.0,228.2,2.14,197.0,88128.0,False,12,20,340
2012-12-05 21:00:00,-1.21,82.85,0.0,-0.0,0.0,230.6,2.28,194.0,88084.0,False,12,21,340
2012-12-05 22:00:00,-1.26,82.6,0.0,-0.0,0.0,234.2,2.41,191.0,88075.0,False,12,22,340
2012-12-05 23:00:00,-1.03,81.85,0.0,-0.0,0.0,242.4,2.48,190.0,88093.0,False,12,23,340
2012-12-06 00:00:00,-0.72,80.85,0.0,-0.0,0.0,247.2,2.69,182.0,88058.0,False,12,0,341
2012-12-06 01:00:00,0.45,77.85,0.0,-0.0,0.0,274.2,2.83,174.0,88084.0,False,12,1,341
2012-12-06 02:00:00,1.31,75.6,0.0,-0.0,0.0,287.4,2.9,173.0,88040.0,False,12,2,341
2012-12-06 03:00:00,1.92,78.4,0.0,-0.0,0.0,297.6,3.03,178.0,88084.0,False,12,3,341
2012-12-06 04:00:00,1.93,82.55,0.0,-0.0,0.0,284.8,2.76,189.0,88137.0,False,12,4,341
2012-12-06 05:00:00,1.44,86.45,0.0,0.0,0.0,264.2,2.48,195.0,88163.0,False,12,5,341
2012-12-06 06:00:00,1.8,88.35,181.0,655.21,49.0,249.6,2.14,195.0,88224.0,False,12,6,341
2012-12-06 07:00:00,5.16,72.85,320.0,676.97,92.0,248.2,2.69,186.0,88294.0,False,12,7,341
2012-12-06 08:00:00,7.6,64.15,439.0,782.81,100.0,242.4,3.52,195.0,88259.0,False,12,8,341
2012-12-06 09:00:00,9.15,56.5,464.0,632.66,158.0,255.4,3.86,214.0,88198.0,False,12,9,341
2012-12-06 10:00:00,10.0,49.25,433.0,490.52,195.0,257.0,3.66,227.0,88102.0,False,12,10,341
2012-12-06 11:00:00,10.55,44.35,427.0,687.94,126.0,248.8,3.45,224.0,88058.0,False,12,11,341
2012-12-06 12:00:00,10.88,40.55,224.0,162.82,168.0,250.2,3.45,218.0,88032.0,False,12,12,341
2012-12-06 13:00:00,10.72,39.75,159.0,355.86,84.0,269.4,3.45,208.0,88040.0,False,12,13,341
2012-12-06 14:00:00,9.63,45.0,15.0,0.0,15.0,273.6,2.76,192.0,88005.0,False,12,14,341
2012-12-06 15:00:00,8.11,51.15,0.0,-0.0,0.0,284.6,2.97,188.0,88032.0,False,12,15,341
2012-12-06 16:00:00,7.23,55.45,0.0,-0.0,0.0,288.2,3.38,190.0,88110.0,False,12,16,341
2012-12-06 17:00:00,6.84,59.4,0.0,-0.0,0.0,295.8,3.72,189.0,88163.0,False,12,17,341
2012-12-06 18:00:00,6.28,64.1,0.0,-0.0,0.0,290.8,3.79,182.0,88163.0,False,12,18,341
2012-12-06 19:00:00,6.42,64.7,0.0,-0.0,0.0,296.8,4.14,181.0,88189.0,False,12,19,341
2012-12-06 20:00:00,5.92,67.95,0.0,-0.0,0.0,279.2,3.86,179.0,88207.0,False,12,20,341
2012-12-06 21:00:00,5.52,72.05,0.0,-0.0,0.0,279.8,3.52,178.0,88233.0,False,12,21,341
2012-12-06 22:00:00,4.66,78.9,0.0,-0.0,0.0,265.0,2.97,174.0,88259.0,False,12,22,341
2012-12-06 23:00:00,3.73,85.9,0.0,-0.0,0.0,260.2,2.48,173.0,88285.0,False,12,23,341
2012-12-07 00:00:00,2.78,91.05,0.0,-0.0,0.0,255.6,2.21,174.0,88294.0,False,12,0,342
2012-12-07 01:00:00,2.15,93.25,0.0,-0.0,0.0,254.2,2.0,178.0,88294.0,False,12,1,342
2012-12-07 02:00:00,1.58,94.55,0.0,-0.0,0.0,251.6,1.86,185.0,88259.0,False,12,2,342
2012-12-07 03:00:00,1.38,95.15,0.0,-0.0,0.0,261.4,1.79,194.0,88285.0,False,12,3,342
2012-12-07 04:00:00,1.17,96.0,0.0,-0.0,0.0,267.0,1.93,196.0,88276.0,False,12,4,342
2012-12-07 05:00:00,0.92,96.25,0.0,0.0,0.0,259.8,2.14,196.0,88268.0,False,12,5,342
2012-12-07 06:00:00,1.86,96.05,148.0,341.79,80.0,251.6,1.93,196.0,88276.0,False,12,6,342
2012-12-07 07:00:00,5.69,84.35,323.0,714.66,84.0,263.6,2.97,175.0,88268.0,False,12,7,342
2012-12-07 08:00:00,7.86,72.05,439.0,796.0,96.0,265.4,4.9,180.0,88180.0,False,12,8,342
2012-12-07 09:00:00,9.24,59.85,470.0,670.38,147.0,275.0,6.14,196.0,88093.0,False,12,9,342
2012-12-07 10:00:00,10.13,56.1,279.0,80.63,240.0,280.6,5.72,202.0,87970.0,False,12,10,342
2012-12-07 11:00:00,10.19,55.2,425.0,687.43,125.0,270.4,6.0,214.0,87935.0,False,12,11,342
2012-12-07 12:00:00,10.38,53.7,325.0,664.37,97.0,266.0,5.24,217.0,87918.0,False,12,12,342
2012-12-07 13:00:00,9.87,55.1,194.0,717.8,43.0,264.6,4.21,217.0,87935.0,False,12,13,342
2012-12-07 14:00:00,8.82,60.6,15.0,0.0,15.0,264.0,2.83,209.0,87970.0,False,12,14,342
2012-12-07 15:00:00,7.1,68.85,0.0,-0.0,0.0,262.6,2.34,204.0,88049.0,False,12,15,342
2012-12-07 16:00:00,5.61,76.6,0.0,-0.0,0.0,263.8,2.14,206.0,88128.0,False,12,16,342
2012-12-07 17:00:00,4.22,83.4,0.0,-0.0,0.0,261.8,1.93,219.0,88198.0,False,12,17,342
2012-12-07 18:00:00,3.69,84.95,0.0,-0.0,0.0,266.4,1.45,255.0,88259.0,False,12,18,342
2012-12-07 19:00:00,3.45,87.75,0.0,-0.0,0.0,293.2,1.38,302.0,88373.0,False,12,19,342
2012-12-07 20:00:00,2.26,91.95,0.0,-0.0,0.0,264.0,1.79,325.0,88451.0,False,12,20,342
2012-12-07 21:00:00,1.73,94.15,0.0,-0.0,0.0,265.4,2.0,331.0,88565.0,False,12,21,342
2012-12-07 22:00:00,1.5,94.8,0.0,-0.0,0.0,268.0,2.07,331.0,88635.0,False,12,22,342
2012-12-07 23:00:00,1.4,94.25,0.0,-0.0,0.0,267.0,2.28,337.0,88705.0,False,12,23,342
2012-12-08 00:00:00,1.27,93.05,0.0,-0.0,0.0,264.6,2.48,341.0,88775.0,False,12,0,343
2012-12-08 01:00:00,0.99,91.5,0.0,-0.0,0.0,271.0,2.69,341.0,88845.0,False,12,1,343
2012-12-08 02:00:00,0.65,90.3,0.0,-0.0,0.0,267.8,2.62,344.0,88897.0,False,12,2,343
2012-12-08 03:00:00,0.34,89.45,0.0,-0.0,0.0,268.0,2.55,344.0,88985.0,False,12,3,343
2012-12-08 04:00:00,-0.03,89.9,0.0,-0.0,0.0,265.2,2.21,349.0,89081.0,False,12,4,343
2012-12-08 05:00:00,-0.37,90.9,0.0,0.0,0.0,264.4,1.86,4.0,89160.0,False,12,5,343
2012-12-08 06:00:00,-0.21,90.0,168.0,554.64,59.0,255.0,1.66,14.0,89256.0,False,12,6,343
2012-12-08 07:00:00,0.6,81.45,246.0,276.99,154.0,252.6,1.31,349.0,89273.0,False,12,7,343
2012-12-08 08:00:00,1.65,72.4,243.0,79.28,209.0,267.2,0.55,42.0,89273.0,False,12,8,343
2012-12-08 09:00:00,2.6,65.6,409.0,414.52,210.0,263.2,1.1,113.0,89221.0,False,12,9,343
2012-12-08 10:00:00,3.48,60.35,428.0,476.88,198.0,261.8,1.72,132.0,89151.0,False,12,10,343
2012-12-08 11:00:00,4.05,56.85,455.0,875.07,74.0,258.2,1.93,139.0,89072.0,False,12,11,343
2012-12-08 12:00:00,4.24,55.75,332.0,718.16,86.0,258.0,1.72,140.0,89063.0,False,12,12,343
2012-12-08 13:00:00,4.23,55.2,178.0,533.13,66.0,248.6,1.66,138.0,89081.0,False,12,13,343
2012-12-08 14:00:00,3.75,57.55,13.0,0.0,13.0,234.4,1.72,134.0,89063.0,False,12,14,343
2012-12-08 15:00:00,2.66,63.35,0.0,-0.0,0.0,230.4,1.86,134.0,89116.0,False,12,15,343
2012-12-08 16:00:00,1.34,71.45,0.0,-0.0,0.0,227.8,1.79,144.0,89142.0,False,12,16,343
2012-12-08 17:00:00,0.06,78.15,0.0,-0.0,0.0,227.0,1.66,159.0,89186.0,False,12,17,343
2012-12-08 18:00:00,-0.57,79.8,0.0,-0.0,0.0,225.4,1.59,182.0,89212.0,False,12,18,343
2012-12-08 19:00:00,0.49,70.0,0.0,-0.0,0.0,238.8,1.1,189.0,89221.0,False,12,19,343
2012-12-08 20:00:00,-0.17,74.35,0.0,-0.0,0.0,247.4,1.24,199.0,89195.0,False,12,20,343
2012-12-08 21:00:00,-0.45,77.05,0.0,-0.0,0.0,256.4,1.24,204.0,89212.0,False,12,21,343
2012-12-08 22:00:00,-0.52,78.7,0.0,-0.0,0.0,263.8,1.24,205.0,89195.0,False,12,22,343
2012-12-08 23:00:00,-0.54,79.8,0.0,-0.0,0.0,266.8,1.24,202.0,89203.0,False,12,23,343
2012-12-09 00:00:00,-0.73,81.9,0.0,-0.0,0.0,268.2,1.38,198.0,89160.0,False,12,0,344
2012-12-09 01:00:00,-1.22,84.0,0.0,-0.0,0.0,249.6,1.72,197.0,89133.0,False,12,1,344
2012-12-09 02:00:00,-1.66,84.8,0.0,-0.0,0.0,239.0,2.0,195.0,89063.0,False,12,2,344
2012-12-09 03:00:00,-2.09,85.15,0.0,-0.0,0.0,230.4,2.14,196.0,89081.0,False,12,3,344
2012-12-09 04:00:00,-2.44,85.6,0.0,-0.0,0.0,225.4,2.21,198.0,89063.0,False,12,4,344
2012-12-09 05:00:00,-2.64,85.9,0.0,0.0,0.0,225.2,2.21,195.0,89072.0,False,12,5,344
2012-12-09 06:00:00,-1.24,84.65,162.0,514.99,62.0,229.2,2.0,184.0,89072.0,False,12,6,344
2012-12-09 07:00:00,2.93,70.05,309.0,645.55,96.0,230.6,2.34,177.0,89107.0,False,12,7,344
2012-12-09 08:00:00,5.55,63.3,436.0,808.14,91.0,237.8,3.38,171.0,89037.0,False,12,8,344
2012-12-09 09:00:00,7.3,60.25,484.0,762.91,119.0,248.2,4.14,173.0,88897.0,False,12,9,344
2012-12-09 10:00:00,8.75,55.45,330.0,178.79,244.0,257.8,4.69,174.0,88845.0,False,12,10,344
2012-12-09 11:00:00,9.75,51.8,286.0,154.2,219.0,266.0,5.03,175.0,88722.0,False,12,11,344
2012-12-09 12:00:00,10.35,49.6,342.0,804.05,67.0,279.2,5.03,175.0,88609.0,False,12,12,344
2012-12-09 13:00:00,10.29,49.25,166.0,424.01,77.0,273.6,4.69,172.0,88574.0,False,12,13,344
2012-12-09 14:00:00,9.22,53.45,13.0,0.0,13.0,274.8,3.79,161.0,88548.0,False,12,14,344
2012-12-09 15:00:00,7.74,59.2,0.0,-0.0,0.0,283.0,3.66,157.0,88565.0,False,12,15,344
2012-12-09 16:00:00,6.64,64.2,0.0,-0.0,0.0,273.2,3.86,159.0,88565.0,False,12,16,344
2012-12-09 17:00:00,6.15,67.45,0.0,-0.0,0.0,283.0,4.07,162.0,88574.0,False,12,17,344
2012-12-09 18:00:00,5.51,71.7,0.0,-0.0,0.0,273.6,4.07,167.0,88600.0,False,12,18,344
2012-12-09 19:00:00,5.64,73.9,0.0,-0.0,0.0,301.8,4.14,171.0,88591.0,False,12,19,344
2012-12-09 20:00:00,5.62,77.75,0.0,-0.0,0.0,311.8,4.34,165.0,88617.0,False,12,20,344
2012-12-09 21:00:00,5.46,80.55,0.0,-0.0,0.0,306.4,4.48,166.0,88583.0,False,12,21,344
2012-12-09 22:00:00,5.4,82.9,0.0,-0.0,0.0,311.4,4.21,170.0,88504.0,False,12,22,344
2012-12-09 23:00:00,5.23,85.45,0.0,-0.0,0.0,308.0,3.93,173.0,88443.0,False,12,23,344
2012-12-10 00:00:00,5.04,87.75,0.0,-0.0,0.0,305.4,3.66,172.0,88425.0,False,12,0,345
2012-12-10 01:00:00,4.96,90.3,0.0,-0.0,0.0,307.8,3.31,175.0,88390.0,False,12,1,345
2012-12-10 02:00:00,4.86,91.15,0.0,-0.0,0.0,305.0,3.17,176.0,88294.0,False,12,2,345
2012-12-10 03:00:00,4.75,91.95,0.0,-0.0,0.0,303.4,3.31,167.0,88268.0,False,12,3,345
2012-12-10 04:00:00,4.88,92.55,0.0,-0.0,0.0,311.6,3.59,164.0,88207.0,False,12,4,345
2012-12-10 05:00:00,4.83,93.25,0.0,0.0,0.0,303.2,3.86,160.0,88172.0,False,12,5,345
2012-12-10 06:00:00,5.06,93.35,70.0,10.42,68.0,296.0,4.21,161.0,88137.0,False,12,6,345
2012-12-10 07:00:00,6.17,90.9,71.0,0.0,71.0,293.0,4.34,158.0,88102.0,False,12,7,345
2012-12-10 08:00:00,6.83,87.35,128.0,0.0,128.0,292.0,4.9,164.0,88005.0,False,12,8,345
2012-12-10 09:00:00,7.89,80.7,176.0,4.19,174.0,296.0,6.14,168.0,87909.0,False,12,9,345
2012-12-10 10:00:00,8.69,75.95,222.0,25.01,210.0,284.0,6.34,170.0,87778.0,False,12,10,345
2012-12-10 11:00:00,9.52,68.75,295.0,177.54,218.0,293.8,6.83,173.0,87664.0,False,12,11,345
2012-12-10 12:00:00,9.39,69.7,97.0,0.0,97.0,296.0,6.28,171.0,87586.0,False,12,12,345
2012-12-10 13:00:00,8.87,74.5,53.0,0.0,53.0,296.2,4.9,163.0,87594.0,False,12,13,345
2012-12-10 14:00:00,8.05,78.95,11.0,0.0,11.0,293.6,4.83,161.0,87516.0,False,12,14,345
2012-12-10 15:00:00,7.22,83.3,0.0,-0.0,0.0,301.8,4.55,163.0,87525.0,False,12,15,345
2012-12-10 16:00:00,6.61,87.2,0.0,-0.0,0.0,303.2,4.41,166.0,87542.0,False,12,16,345
2012-12-10 17:00:00,6.15,88.45,0.0,-0.0,0.0,303.4,4.21,172.0,87577.0,False,12,17,345
2012-12-10 18:00:00,5.67,89.05,0.0,-0.0,0.0,297.6,3.79,171.0,87594.0,False,12,18,345
2012-12-10 19:00:00,5.12,88.25,0.0,-0.0,0.0,295.4,3.38,180.0,87629.0,False,12,19,345
2012-12-10 20:00:00,4.69,90.3,0.0,-0.0,0.0,296.8,2.48,194.0,87664.0,False,12,20,345
2012-12-10 21:00:00,4.15,92.95,0.0,-0.0,0.0,295.4,1.72,218.0,87673.0,False,12,21,345
2012-12-10 22:00:00,3.59,94.7,0.0,-0.0,0.0,293.4,1.59,253.0,87734.0,False,12,22,345
2012-12-10 23:00:00,3.28,95.45,0.0,-0.0,0.0,296.0,1.72,283.0,87839.0,False,12,23,345
2012-12-11 00:00:00,3.36,93.9,0.0,-0.0,0.0,300.2,2.48,298.0,87927.0,False,12,0,346
2012-12-11 01:00:00,3.47,90.7,0.0,-0.0,0.0,308.0,3.24,306.0,88005.0,False,12,1,346
2012-12-11 02:00:00,3.26,88.05,0.0,-0.0,0.0,298.6,4.0,309.0,88049.0,False,12,2,346
2012-12-11 03:00:00,3.25,87.7,0.0,-0.0,0.0,302.2,4.14,309.0,88137.0,False,12,3,346
2012-12-11 04:00:00,3.13,86.6,0.0,-0.0,0.0,292.8,4.21,309.0,88241.0,False,12,4,346
2012-12-11 05:00:00,3.13,85.2,0.0,0.0,0.0,293.6,4.14,310.0,88346.0,False,12,5,346
2012-12-11 06:00:00,3.57,83.3,98.0,79.05,83.0,301.6,3.52,311.0,88469.0,False,12,6,346
2012-12-11 07:00:00,4.46,75.25,209.0,156.51,158.0,275.6,4.48,312.0,88574.0,False,12,7,346
2012-12-11 08:00:00,5.41,66.9,326.0,292.92,202.0,265.8,4.62,315.0,88591.0,False,12,8,346
2012-12-11 09:00:00,6.51,59.7,342.0,214.52,240.0,283.6,3.79,317.0,88591.0,False,12,9,346
2012-12-11 10:00:00,7.27,54.85,459.0,630.75,157.0,302.4,2.62,310.0,88539.0,False,12,10,346
2012-12-11 11:00:00,7.94,49.9,355.0,371.8,194.0,305.8,1.72,293.0,88486.0,False,12,11,346
2012-12-11 12:00:00,8.31,45.65,279.0,395.54,144.0,271.8,1.1,262.0,88486.0,False,12,12,346
2012-12-11 13:00:00,8.54,43.1,182.0,576.52,61.0,269.0,0.97,213.0,88513.0,False,12,13,346
2012-12-11 14:00:00,8.03,46.5,18.0,62.89,15.0,252.4,1.38,154.0,88530.0,False,12,14,346
2012-12-11 15:00:00,6.05,59.0,0.0,-0.0,0.0,246.0,1.93,150.0,88583.0,False,12,15,346
2012-12-11 16:00:00,4.07,68.1,0.0,-0.0,0.0,238.4,2.14,159.0,88600.0,False,12,16,346
2012-12-11 17:00:00,2.57,75.5,0.0,-0.0,0.0,236.4,2.21,170.0,88652.0,False,12,17,346
2012-12-11 18:00:00,1.49,80.8,0.0,-0.0,0.0,232.6,2.34,180.0,88696.0,False,12,18,346
2012-12-11 19:00:00,0.85,81.9,0.0,-0.0,0.0,229.4,2.48,185.0,88731.0,False,12,19,346
2012-12-11 20:00:00,0.26,82.85,0.0,-0.0,0.0,227.2,2.55,191.0,88766.0,False,12,20,346
2012-12-11 21:00:00,-0.12,83.35,0.0,-0.0,0.0,228.6,2.62,195.0,88784.0,False,12,21,346
2012-12-11 22:00:00,-0.63,84.55,0.0,-0.0,0.0,225.6,2.55,198.0,88827.0,False,12,22,346
2012-12-11 23:00:00,-0.91,85.8,0.0,-0.0,0.0,231.6,2.48,200.0,88784.0,False,12,23,346
2012-12-12 00:00:00,-1.16,86.8,0.0,-0.0,0.0,230.4,2.55,204.0,88827.0,False,12,0,347
2012-12-12 01:00:00,-1.09,86.65,0.0,-0.0,0.0,239.8,2.55,205.0,88810.0,False,12,1,347
2012-12-12 02:00:00,-0.82,85.4,0.0,-0.0,0.0,246.2,2.62,201.0,88766.0,False,12,2,347
2012-12-12 03:00:00,-0.48,83.3,0.0,-0.0,0.0,249.8,2.83,197.0,88792.0,False,12,3,347
2012-12-12 04:00:00,-0.08,81.35,0.0,-0.0,0.0,255.4,2.9,194.0,88775.0,False,12,4,347
2012-12-12 05:00:00,0.41,79.95,0.0,0.0,0.0,264.8,2.97,192.0,88775.0,False,12,5,347
2012-12-12 06:00:00,1.53,78.2,67.0,10.66,65.0,271.0,2.83,188.0,88801.0,False,12,6,347
2012-12-12 07:00:00,3.51,71.1,329.0,861.22,50.0,277.2,3.17,177.0,88819.0,False,12,7,347
2012-12-12 08:00:00,5.9,63.15,446.0,915.38,60.0,275.8,4.14,173.0,88801.0,False,12,8,347
2012-12-12 09:00:00,7.56,59.5,464.0,681.19,141.0,276.4,5.03,172.0,88722.0,False,12,9,347
2012-12-12 10:00:00,9.25,59.3,320.0,161.14,243.0,290.2,6.21,180.0,88652.0,False,12,10,347
2012-12-12 11:00:00,9.52,63.85,360.0,390.78,191.0,310.0,5.86,177.0,88583.0,False,12,11,347
2012-12-12 12:00:00,9.44,68.85,178.0,58.63,158.0,297.8,5.59,176.0,88583.0,False,12,12,347
2012-12-12 13:00:00,8.84,75.9,59.0,0.0,59.0,308.6,5.24,173.0,88617.0,False,12,13,347
2012-12-12 14:00:00,8.07,80.85,22.0,145.44,15.0,309.2,5.17,177.0,88670.0,False,12,14,347
2012-12-12 15:00:00,7.1,86.45,0.0,-0.0,0.0,306.8,4.97,177.0,88705.0,False,12,15,347
2012-12-12 16:00:00,6.67,88.25,0.0,-0.0,0.0,313.2,4.9,177.0,88705.0,False,12,16,347
2012-12-12 17:00:00,6.26,89.1,0.0,-0.0,0.0,304.6,4.9,178.0,88740.0,False,12,17,347
2012-12-12 18:00:00,6.0,89.7,0.0,-0.0,0.0,308.0,4.9,180.0,88740.0,False,12,18,347
2012-12-12 19:00:00,5.62,90.7,0.0,-0.0,0.0,296.8,4.55,177.0,88749.0,False,12,19,347
2012-12-12 20:00:00,5.41,91.05,0.0,-0.0,0.0,292.8,4.55,179.0,88749.0,False,12,20,347
2012-12-12 21:00:00,5.28,90.9,0.0,-0.0,0.0,291.6,4.55,181.0,88792.0,False,12,21,347
2012-12-12 22:00:00,5.22,90.6,0.0,-0.0,0.0,297.8,4.07,185.0,88775.0,False,12,22,347
2012-12-12 23:00:00,5.14,90.8,0.0,-0.0,0.0,306.4,2.83,192.0,88775.0,False,12,23,347
2012-12-13 00:00:00,4.74,93.8,0.0,-0.0,0.0,314.6,1.24,205.0,88836.0,False,12,0,348
2012-12-13 01:00:00,3.93,96.45,0.0,-0.0,0.0,304.4,0.97,322.0,88897.0,False,12,1,348
2012-12-13 02:00:00,3.44,96.85,0.0,-0.0,0.0,310.0,2.07,338.0,88932.0,False,12,2,348
2012-12-13 03:00:00,2.44,97.95,0.0,-0.0,0.0,310.4,2.48,353.0,89055.0,False,12,3,348
2012-12-13 04:00:00,1.82,98.5,0.0,-0.0,0.0,312.2,2.41,1.0,89116.0,False,12,4,348
2012-12-13 05:00:00,1.2,98.95,0.0,0.0,0.0,292.0,1.86,348.0,89195.0,False,12,5,348
2012-12-13 06:00:00,1.38,96.8,167.0,684.03,40.0,304.0,1.66,346.0,89247.0,False,12,6,348
2012-12-13 07:00:00,1.69,93.9,279.0,496.66,119.0,306.6,1.59,16.0,89308.0,False,12,7,348
2012-12-13 08:00:00,2.23,86.0,248.0,97.58,207.0,302.8,1.66,17.0,89326.0,False,12,8,348
2012-12-13 09:00:00,3.14,78.55,356.0,257.94,234.0,299.2,1.45,13.0,89308.0,False,12,9,348
2012-12-13 10:00:00,3.98,74.2,127.0,0.0,127.0,294.2,1.52,8.0,89308.0,False,12,10,348
2012-12-13 11:00:00,4.5,70.25,69.0,0.0,69.0,306.8,1.38,9.0,89238.0,False,12,11,348
2012-12-13 12:00:00,4.61,69.2,80.0,0.0,80.0,316.6,1.38,12.0,89256.0,False,12,12,348
2012-12-13 13:00:00,4.77,67.9,96.0,42.8,87.0,307.4,1.72,8.0,89299.0,False,12,13,348
2012-12-13 14:00:00,4.52,69.0,9.0,0.0,9.0,303.0,1.72,21.0,89317.0,False,12,14,348
2012-12-13 15:00:00,3.73,73.55,0.0,-0.0,0.0,289.0,1.31,32.0,89422.0,False,12,15,348
2012-12-13 16:00:00,3.01,78.55,0.0,-0.0,0.0,284.0,1.1,17.0,89466.0,False,12,16,348
2012-12-13 17:00:00,1.78,84.5,0.0,-0.0,0.0,254.2,1.17,347.0,89509.0,False,12,17,348
2012-12-13 18:00:00,1.56,84.7,0.0,-0.0,0.0,283.6,1.24,334.0,89562.0,False,12,18,348
2012-12-13 19:00:00,2.28,80.0,0.0,-0.0,0.0,307.4,1.45,351.0,89614.0,False,12,19,348
2012-12-13 20:00:00,1.95,77.35,0.0,-0.0,0.0,288.8,1.86,353.0,89667.0,False,12,20,348
2012-12-13 21:00:00,1.35,76.85,0.0,-0.0,0.0,277.0,2.0,354.0,89728.0,False,12,21,348
2012-12-13 22:00:00,0.6,77.5,0.0,-0.0,0.0,264.6,2.0,351.0,89763.0,False,12,22,348
2012-12-13 23:00:00,-0.33,79.4,0.0,-0.0,0.0,247.0,2.0,343.0,89798.0,False,12,23,348
2012-12-14 00:00:00,-1.19,82.0,0.0,-0.0,0.0,235.6,2.0,337.0,89842.0,False,12,0,349
2012-12-14 01:00:00,-2.01,84.25,0.0,-0.0,0.0,229.8,1.93,335.0,89877.0,False,12,1,349
2012-12-14 02:00:00,-2.63,86.4,0.0,-0.0,0.0,227.6,1.86,335.0,89877.0,False,12,2,349
2012-12-14 03:00:00,-3.01,88.0,0.0,-0.0,0.0,232.4,1.72,333.0,89920.0,False,12,3,349
2012-12-14 04:00:00,-3.66,89.35,0.0,-0.0,0.0,219.2,1.72,329.0,89947.0,False,12,4,349
2012-12-14 05:00:00,-3.96,90.15,0.0,0.0,0.0,224.2,1.59,322.0,89999.0,False,12,5,349
2012-12-14 06:00:00,-3.46,90.25,131.0,299.3,76.0,209.0,1.24,318.0,90025.0,False,12,6,349
2012-12-14 07:00:00,-0.91,77.85,236.0,274.61,148.0,226.2,1.1,340.0,90060.0,False,12,7,349
2012-12-14 08:00:00,0.47,63.55,397.0,628.1,134.0,219.4,1.1,12.0,90025.0,False,12,8,349
2012-12-14 09:00:00,1.52,54.85,470.0,720.51,130.0,224.4,1.1,35.0,89938.0,False,12,9,349
2012-12-14 10:00:00,2.38,49.85,485.0,776.8,115.0,220.8,1.17,35.0,89903.0,False,12,10,349
2012-12-14 11:00:00,2.95,47.0,427.0,722.72,115.0,217.6,1.52,35.0,89815.0,False,12,11,349
2012-12-14 12:00:00,3.22,45.05,330.0,718.28,85.0,217.8,1.86,38.0,89780.0,False,12,12,349
2012-12-14 13:00:00,3.07,44.2,180.0,555.39,63.0,215.0,2.07,42.0,89798.0,False,12,13,349
2012-12-14 14:00:00,2.34,46.7,25.0,202.86,15.0,213.6,1.72,47.0,89789.0,False,12,14,349
2012-12-14 15:00:00,1.1,52.9,0.0,-0.0,0.0,210.6,1.72,47.0,89850.0,False,12,15,349
2012-12-14 16:00:00,-0.7,66.8,0.0,-0.0,0.0,209.4,1.52,42.0,89877.0,False,12,16,349
2012-12-14 17:00:00,-1.02,62.65,0.0,-0.0,0.0,208.4,1.1,38.0,89920.0,False,12,17,349
2012-12-14 18:00:00,-0.71,58.7,0.0,-0.0,0.0,208.6,0.48,16.0,89938.0,False,12,18,349
2012-12-14 19:00:00,-1.41,61.0,0.0,-0.0,0.0,206.8,0.34,344.0,89947.0,False,12,19,349
2012-12-14 20:00:00,-1.79,62.95,0.0,-0.0,0.0,205.8,0.55,310.0,89981.0,False,12,20,349
2012-12-14 21:00:00,-2.17,64.95,0.0,-0.0,0.0,207.4,0.76,300.0,89973.0,False,12,21,349
2012-12-14 22:00:00,-2.44,66.55,0.0,-0.0,0.0,213.2,0.83,305.0,90016.0,False,12,22,349
2012-12-14 23:00:00,-3.07,70.75,0.0,-0.0,0.0,217.0,0.97,309.0,89999.0,False,12,23,349
2012-12-15 00:00:00,-3.87,75.45,0.0,-0.0,0.0,208.2,1.17,313.0,89981.0,False,12,0,350
2012-12-15 01:00:00,-4.61,77.85,0.0,-0.0,0.0,205.6,1.24,317.0,89973.0,False,12,1,350
2012-12-15 02:00:00,-4.9,78.9,0.0,-0.0,0.0,202.2,1.31,318.0,89938.0,False,12,2,350
2012-12-15 03:00:00,-5.06,79.45,0.0,-0.0,0.0,201.4,1.31,322.0,89955.0,False,12,3,350
2012-12-15 04:00:00,-5.16,79.9,0.0,-0.0,0.0,201.2,1.24,322.0,89981.0,False,12,4,350
2012-12-15 05:00:00,-5.18,80.1,0.0,0.0,0.0,200.8,1.17,320.0,89999.0,False,12,5,350
2012-12-15 06:00:00,-4.07,77.8,150.0,505.64,58.0,201.6,0.83,312.0,90043.0,False,12,6,350
2012-12-15 07:00:00,-1.78,70.5,297.0,636.66,94.0,204.4,0.69,335.0,90051.0,False,12,7,350
2012-12-15 08:00:00,-0.34,64.45,425.0,802.57,90.0,208.2,0.9,37.0,89981.0,False,12,8,350
2012-12-15 09:00:00,0.73,59.95,497.0,883.38,81.0,210.0,1.17,40.0,89912.0,False,12,9,350
2012-12-15 10:00:00,1.61,56.3,495.0,836.63,97.0,212.4,1.59,30.0,89868.0,False,12,10,350
2012-12-15 11:00:00,2.17,54.1,448.0,857.49,78.0,213.8,1.86,26.0,89754.0,False,12,11,350
2012-12-15 12:00:00,2.34,53.1,323.0,665.2,96.0,214.2,1.72,30.0,89728.0,False,12,12,350
2012-12-15 13:00:00,2.07,53.9,173.0,478.36,72.0,213.8,1.52,35.0,89710.0,False,12,13,350
2012-12-15 14:00:00,1.21,58.9,23.0,159.9,15.0,211.8,1.17,47.0,89737.0,False,12,14,350
2012-12-15 15:00:00,-0.13,67.7,0.0,-0.0,0.0,208.4,0.55,64.0,89754.0,False,12,15,350
2012-12-15 16:00:00,-0.77,65.7,0.0,-0.0,0.0,207.4,0.55,339.0,89772.0,False,12,16,350
2012-12-15 17:00:00,-2.44,74.05,0.0,-0.0,0.0,207.0,1.24,317.0,89824.0,False,12,17,350
2012-12-15 18:00:00,-2.35,72.45,0.0,-0.0,0.0,206.8,0.9,277.0,89789.0,False,12,18,350
2012-12-15 19:00:00,-2.81,75.55,0.0,-0.0,0.0,207.6,1.1,229.0,89763.0,False,12,19,350
2012-12-15 20:00:00,-4.22,81.05,0.0,-0.0,0.0,207.0,1.38,244.0,89772.0,False,12,20,350
2012-12-15 21:00:00,-4.6,81.85,0.0,-0.0,0.0,206.8,1.31,233.0,89728.0,False,12,21,350
2012-12-15 22:00:00,-5.02,82.65,0.0,-0.0,0.0,206.4,1.45,223.0,89684.0,False,12,22,350
2012-12-15 23:00:00,-5.07,81.2,0.0,-0.0,0.0,206.2,1.38,224.0,89658.0,False,12,23,350
2012-12-16 00:00:00,-4.91,78.2,0.0,-0.0,0.0,209.0,1.24,225.0,89614.0,False,12,0,351
2012-12-16 01:00:00,-4.23,74.85,0.0,-0.0,0.0,223.8,1.17,219.0,89571.0,False,12,1,351
2012-12-16 02:00:00,-3.97,72.35,0.0,-0.0,0.0,241.2,1.1,212.0,89509.0,False,12,2,351
2012-12-16 03:00:00,-3.92,70.7,0.0,-0.0,0.0,241.6,1.24,212.0,89509.0,False,12,3,351
2012-12-16 04:00:00,-3.71,68.95,0.0,-0.0,0.0,248.6,1.17,205.0,89492.0,False,12,4,351
2012-12-16 05:00:00,-3.57,68.35,0.0,0.0,0.0,254.2,1.24,193.0,89466.0,False,12,5,351
2012-12-16 06:00:00,-2.6,69.0,36.0,0.0,36.0,256.8,1.1,187.0,89448.0,False,12,6,351
2012-12-16 07:00:00,-0.01,54.7,282.0,545.14,109.0,259.0,1.24,177.0,89448.0,False,12,7,351
2012-12-16 08:00:00,2.03,44.0,230.0,69.68,201.0,265.6,1.45,164.0,89413.0,False,12,8,351
2012-12-16 09:00:00,3.38,40.15,294.0,119.13,238.0,268.0,1.38,162.0,89334.0,False,12,9,351
2012-12-16 10:00:00,4.42,37.35,230.0,31.56,215.0,272.4,1.24,158.0,89265.0,False,12,10,351
2012-12-16 11:00:00,5.26,35.9,281.0,150.67,216.0,267.6,1.17,151.0,89160.0,False,12,11,351
2012-12-16 12:00:00,5.56,35.5,206.0,120.05,165.0,267.6,1.1,139.0,89116.0,False,12,12,351
2012-12-16 13:00:00,5.35,37.65,130.0,160.59,96.0,269.8,1.31,125.0,89090.0,False,12,13,351
2012-12-16 14:00:00,4.0,44.1,14.0,19.66,13.0,256.4,1.72,122.0,89090.0,False,12,14,351
2012-12-16 15:00:00,1.89,58.65,0.0,-0.0,0.0,255.8,1.45,147.0,89098.0,False,12,15,351
2012-12-16 16:00:00,0.32,65.75,0.0,-0.0,0.0,253.8,1.52,187.0,89090.0,False,12,16,351
2012-12-16 17:00:00,-0.1,66.0,0.0,-0.0,0.0,274.4,1.86,210.0,89098.0,False,12,17,351
2012-12-16 18:00:00,-0.14,65.8,0.0,-0.0,0.0,281.6,1.79,218.0,89090.0,False,12,18,351
2012-12-16 19:00:00,-0.31,66.8,0.0,-0.0,0.0,277.2,1.66,227.0,89098.0,False,12,19,351
2012-12-16 20:00:00,-0.15,67.4,0.0,-0.0,0.0,288.6,1.66,219.0,89055.0,False,12,20,351
2012-12-16 21:00:00,-0.32,67.2,0.0,-0.0,0.0,278.6,1.86,212.0,89011.0,False,12,21,351
2012-12-16 22:00:00,-0.42,67.65,0.0,-0.0,0.0,280.0,1.86,214.0,88976.0,False,12,22,351
2012-12-16 23:00:00,-0.05,68.1,0.0,-0.0,0.0,296.4,1.66,221.0,88958.0,False,12,23,351
2012-12-17 00:00:00,0.25,70.8,0.0,-0.0,0.0,304.8,1.38,230.0,88993.0,False,12,0,352
2012-12-17 01:00:00,0.54,73.1,0.0,-0.0,0.0,307.6,1.1,230.0,88976.0,False,12,1,352
2012-12-17 02:00:00,0.5,76.85,0.0,-0.0,0.0,310.0,1.03,206.0,88967.0,False,12,2,352
2012-12-17 03:00:00,0.49,77.35,0.0,-0.0,0.0,309.2,1.31,180.0,88932.0,False,12,3,352
2012-12-17 04:00:00,0.15,79.1,0.0,-0.0,0.0,294.6,1.59,181.0,88924.0,False,12,4,352
2012-12-17 05:00:00,0.0,80.45,0.0,0.0,0.0,292.4,1.79,185.0,88897.0,False,12,5,352
2012-12-17 06:00:00,0.48,80.95,41.0,0.0,41.0,291.4,1.79,186.0,88871.0,False,12,6,352
2012-12-17 07:00:00,2.59,73.95,167.0,66.47,146.0,289.4,2.0,187.0,88854.0,False,12,7,352
2012-12-17 08:00:00,4.23,66.85,188.0,24.09,178.0,289.8,2.21,181.0,88827.0,False,12,8,352
2012-12-17 09:00:00,5.67,61.15,229.0,34.09,213.0,298.4,2.48,178.0,88810.0,False,12,9,352
2012-12-17 10:00:00,6.69,58.9,81.0,0.0,81.0,306.0,3.03,176.0,88705.0,False,12,10,352
2012-12-17 11:00:00,6.99,60.5,39.0,0.0,39.0,310.0,3.45,174.0,88617.0,False,12,11,352
2012-12-17 12:00:00,7.22,64.5,138.0,11.7,134.0,307.4,4.0,175.0,88556.0,False,12,12,352
2012-12-17 13:00:00,6.69,71.2,16.0,0.0,16.0,310.4,3.66,171.0,88548.0,False,12,13,352
2012-12-17 14:00:00,5.93,78.0,14.0,19.31,13.0,303.2,3.59,175.0,88521.0,False,12,14,352
2012-12-17 15:00:00,4.91,84.9,0.0,-0.0,0.0,294.0,3.24,180.0,88548.0,False,12,15,352
2012-12-17 16:00:00,4.37,89.15,0.0,-0.0,0.0,304.4,3.03,178.0,88539.0,False,12,16,352
2012-12-17 17:00:00,3.89,91.0,0.0,-0.0,0.0,297.2,2.97,180.0,88539.0,False,12,17,352
2012-12-17 18:00:00,3.28,92.3,0.0,-0.0,0.0,282.8,2.9,183.0,88548.0,False,12,18,352
2012-12-17 19:00:00,2.8,92.9,0.0,-0.0,0.0,275.0,2.83,180.0,88548.0,False,12,19,352
2012-12-17 20:00:00,2.66,93.15,0.0,-0.0,0.0,278.6,2.83,182.0,88530.0,False,12,20,352
2012-12-17 21:00:00,2.89,93.45,0.0,-0.0,0.0,299.6,2.55,183.0,88521.0,False,12,21,352
2012-12-17 22:00:00,2.71,94.15,0.0,-0.0,0.0,293.0,2.21,190.0,88434.0,False,12,22,352
2012-12-17 23:00:00,2.16,95.35,0.0,-0.0,0.0,282.2,2.0,196.0,88469.0,False,12,23,352
2012-12-18 00:00:00,1.76,96.3,0.0,-0.0,0.0,283.8,1.86,194.0,88425.0,False,12,0,353
2012-12-18 01:00:00,1.73,96.85,0.0,-0.0,0.0,291.0,1.86,198.0,88416.0,False,12,1,353
2012-12-18 02:00:00,1.74,97.15,0.0,-0.0,0.0,295.0,1.72,206.0,88373.0,False,12,2,353
2012-12-18 03:00:00,1.75,97.4,0.0,-0.0,0.0,298.2,1.59,209.0,88381.0,False,12,3,353
2012-12-18 04:00:00,1.68,97.6,0.0,-0.0,0.0,296.2,1.59,207.0,88390.0,False,12,4,353
2012-12-18 05:00:00,1.83,97.6,0.0,0.0,0.0,302.4,1.59,200.0,88408.0,False,12,5,353
2012-12-18 06:00:00,2.2,97.45,51.0,0.0,51.0,297.0,1.45,195.0,88399.0,False,12,6,353
2012-12-18 07:00:00,4.11,96.4,49.0,0.0,49.0,309.0,0.97,175.0,88408.0,False,12,7,353
2012-12-18 08:00:00,5.48,92.25,81.0,0.0,81.0,319.8,0.9,152.0,88408.0,False,12,8,353
2012-12-18 09:00:00,6.0,91.8,167.0,2.13,166.0,321.4,0.55,141.0,88381.0,False,12,9,353
2012-12-18 10:00:00,6.32,91.55,145.0,0.0,145.0,323.6,0.76,113.0,88311.0,False,12,10,353
2012-12-18 11:00:00,6.36,91.25,135.0,0.0,135.0,333.6,1.24,102.0,88276.0,False,12,11,353
2012-12-18 12:00:00,6.34,93.3,113.0,2.92,112.0,335.6,1.31,116.0,88250.0,False,12,12,353
2012-12-18 13:00:00,6.55,93.9,80.0,14.07,77.0,336.6,0.76,162.0,88250.0,False,12,13,353
2012-12-18 14:00:00,6.38,95.4,24.0,132.5,17.0,332.8,0.48,188.0,88259.0,False,12,14,353
2012-12-18 15:00:00,6.23,95.8,0.0,-0.0,0.0,336.4,0.55,192.0,88259.0,False,12,15,353
2012-12-18 16:00:00,5.43,97.55,0.0,-0.0,0.0,326.8,1.17,179.0,88250.0,False,12,16,353
2012-12-18 17:00:00,5.05,97.75,0.0,-0.0,0.0,321.8,1.59,173.0,88241.0,False,12,17,353
2012-12-18 18:00:00,4.92,97.25,0.0,-0.0,0.0,316.4,2.07,169.0,88207.0,False,12,18,353
2012-12-18 19:00:00,4.65,98.1,0.0,-0.0,0.0,311.4,2.07,177.0,88172.0,False,12,19,353
2012-12-18 20:00:00,4.45,97.55,0.0,-0.0,0.0,301.2,2.41,172.0,88154.0,False,12,20,353
2012-12-18 21:00:00,3.94,97.15,0.0,-0.0,0.0,283.8,2.48,175.0,88128.0,False,12,21,353
2012-12-18 22:00:00,3.34,96.8,0.0,-0.0,0.0,273.2,2.55,175.0,88032.0,False,12,22,353
2012-12-18 23:00:00,3.16,96.65,0.0,-0.0,0.0,276.6,2.76,174.0,88032.0,False,12,23,353
2012-12-19 00:00:00,3.72,95.7,0.0,-0.0,0.0,296.6,3.03,173.0,88014.0,False,12,0,354
2012-12-19 01:00:00,4.48,94.7,0.0,-0.0,0.0,311.25,3.59,167.0,87997.0,False,12,1,354
2012-12-19 02:00:00,4.84,93.55,0.0,-0.0,0.0,304.0,4.21,164.0,87944.0,False,12,2,354
2012-12-19 03:00:00,4.8,93.3,0.0,-0.0,0.0,283.8,4.48,166.0,87883.0,False,12,3,354
2012-12-19 04:00:00,4.57,93.6,0.0,-0.0,0.0,278.0,4.41,173.0,87935.0,False,12,4,354
2012-12-19 05:00:00,4.2,93.15,0.0,0.0,0.0,268.6,4.34,178.0,87979.0,False,12,5,354
2012-12-19 06:00:00,4.49,91.25,17.0,0.0,17.0,265.0,4.28,175.0,87997.0,False,12,6,354
2012-12-19 07:00:00,6.36,89.9,308.0,765.61,68.0,274.8,4.41,169.0,88023.0,False,12,7,354
2012-12-19 08:00:00,8.14,77.95,83.0,0.0,83.0,272.0,6.07,171.0,88005.0,False,12,8,354
2012-12-19 09:00:00,9.21,64.35,68.0,0.0,68.0,272.4,7.24,182.0,87962.0,False,12,9,354
2012-12-19 10:00:00,9.98,56.6,170.0,2.11,169.0,273.8,7.52,191.0,87857.0,False,12,10,354
2012-12-19 11:00:00,10.4,53.95,82.0,0.0,82.0,281.2,7.24,189.0,87778.0,False,12,11,354
2012-12-19 12:00:00,10.23,53.55,234.0,198.25,166.0,278.2,6.9,186.0,87769.0,False,12,12,354
2012-12-19 13:00:00,9.57,55.95,63.0,0.0,63.0,281.4,5.79,179.0,87804.0,False,12,13,354
2012-12-19 14:00:00,8.58,59.75,25.0,129.73,18.0,277.4,5.17,172.0,87822.0,False,12,14,354
2012-12-19 15:00:00,7.3,67.2,0.0,-0.0,0.0,284.6,4.62,167.0,87874.0,False,12,15,354
2012-12-19 16:00:00,6.57,75.7,0.0,-0.0,0.0,295.4,4.48,165.0,87892.0,False,12,16,354
2012-12-19 17:00:00,6.11,82.8,0.0,-0.0,0.0,303.8,4.21,167.0,87909.0,False,12,17,354
2012-12-19 18:00:00,5.57,88.45,0.0,-0.0,0.0,304.6,3.66,167.0,87918.0,False,12,18,354
2012-12-19 19:00:00,5.47,89.1,0.0,-0.0,0.0,306.8,3.86,161.0,87909.0,False,12,19,354
2012-12-19 20:00:00,5.22,90.1,0.0,-0.0,0.0,313.4,3.59,166.0,87866.0,False,12,20,354
2012-12-19 21:00:00,4.99,91.0,0.0,-0.0,0.0,314.4,3.24,168.0,87831.0,False,12,21,354
2012-12-19 22:00:00,4.64,92.05,0.0,-0.0,0.0,303.8,3.24,168.0,87717.0,False,12,22,354
2012-12-19 23:00:00,4.51,92.2,0.0,-0.0,0.0,299.6,3.38,166.0,87682.0,False,12,23,354
2012-12-20 00:00:00,4.36,92.2,0.0,-0.0,0.0,296.2,3.31,166.0,87673.0,False,12,0,355
2012-12-20 01:00:00,4.15,92.85,0.0,-0.0,0.0,297.4,3.03,167.0,87629.0,False,12,1,355
2012-12-20 02:00:00,3.77,93.55,0.0,-0.0,0.0,288.0,2.62,170.0,87559.0,False,12,2,355
2012-12-20 03:00:00,3.42,94.55,0.0,-0.0,0.0,290.2,2.14,177.0,87551.0,False,12,3,355
2012-12-20 04:00:00,2.91,95.8,0.0,-0.0,0.0,286.8,1.72,191.0,87525.0,False,12,4,355
2012-12-20 05:00:00,2.53,96.4,0.0,0.0,0.0,288.0,1.38,212.0,87533.0,False,12,5,355
2012-12-20 06:00:00,2.74,96.95,76.0,40.16,69.0,289.2,1.24,238.0,87551.0,False,12,6,355
2012-12-20 07:00:00,4.52,90.95,135.0,22.41,128.0,285.8,1.93,191.0,87594.0,False,12,7,355
2012-12-20 08:00:00,5.29,83.65,126.0,0.0,126.0,283.8,2.48,185.0,87568.0,False,12,8,355
2012-12-20 09:00:00,6.16,78.5,221.0,27.79,208.0,300.6,2.21,182.0,87551.0,False,12,9,355
2012-12-20 10:00:00,6.85,75.55,199.0,12.64,193.0,308.8,1.86,177.0,87472.0,False,12,10,355
2012-12-20 11:00:00,7.04,72.85,142.0,0.0,142.0,304.4,1.38,175.0,87420.0,False,12,11,355
2012-12-20 12:00:00,7.14,71.05,108.0,0.0,108.0,305.0,0.83,186.0,87428.0,False,12,12,355
2012-12-20 13:00:00,6.87,70.45,136.0,185.93,96.0,291.2,0.34,235.0,87463.0,False,12,13,355
2012-12-20 14:00:00,6.43,71.0,15.0,18.12,14.0,296.0,0.48,317.0,87455.0,False,12,14,355
2012-12-20 15:00:00,5.25,79.7,0.0,-0.0,0.0,275.2,1.17,323.0,87542.0,False,12,15,355
2012-12-20 16:00:00,3.95,86.1,0.0,-0.0,0.0,282.0,1.52,310.0,87594.0,False,12,16,355
2012-12-20 17:00:00,3.22,90.5,0.0,-0.0,0.0,281.6,1.79,317.0,87691.0,False,12,17,355
2012-12-20 18:00:00,3.06,92.7,0.0,-0.0,0.0,294.0,2.34,329.0,87761.0,False,12,18,355
2012-12-20 19:00:00,2.69,93.75,0.0,-0.0,0.0,289.0,2.62,330.0,87839.0,False,12,19,355
2012-12-20 20:00:00,2.48,93.95,0.0,-0.0,0.0,311.2,3.1,333.0,87918.0,False,12,20,355
2012-12-20 21:00:00,1.88,94.7,0.0,-0.0,0.0,302.8,2.69,333.0,87970.0,False,12,21,355
2012-12-20 22:00:00,1.31,95.3,0.0,-0.0,0.0,295.4,2.55,331.0,88005.0,False,12,22,355
2012-12-20 23:00:00,1.08,94.15,0.0,-0.0,0.0,294.2,2.62,333.0,88067.0,False,12,23,355
2012-12-21 00:00:00,0.87,91.95,0.0,-0.0,0.0,295.6,2.83,332.0,88102.0,False,12,0,356
2012-12-21 01:00:00,0.38,90.3,0.0,-0.0,0.0,297.6,2.55,335.0,88163.0,False,12,1,356
2012-12-21 02:00:00,0.12,89.1,0.0,-0.0,0.0,294.8,2.41,339.0,88233.0,False,12,2,356
2012-12-21 03:00:00,-0.17,88.0,0.0,-0.0,0.0,289.4,2.34,340.0,88276.0,False,12,3,356
2012-12-21 04:00:00,-0.28,85.8,0.0,-0.0,0.0,298.6,2.48,334.0,88364.0,False,12,4,356
2012-12-21 05:00:00,-0.36,84.35,0.0,0.0,0.0,299.4,2.41,325.0,88443.0,False,12,5,356
2012-12-21 06:00:00,-0.22,82.15,149.0,600.88,45.0,293.4,2.34,319.0,88469.0,False,12,6,356
2012-12-21 07:00:00,-0.28,78.1,249.0,375.69,132.0,291.2,3.03,322.0,88513.0,False,12,7,356
2012-12-21 08:00:00,0.61,73.8,234.0,80.13,201.0,298.6,2.9,328.0,88495.0,False,12,8,356
2012-12-21 09:00:00,1.65,69.25,254.0,59.89,226.0,281.0,2.69,333.0,88460.0,False,12,9,356
2012-12-21 10:00:00,2.36,65.9,129.0,0.0,129.0,288.4,2.48,331.0,88504.0,False,12,10,356
2012-12-21 11:00:00,2.93,63.3,94.0,0.0,94.0,288.0,2.28,329.0,88469.0,False,12,11,356
2012-12-21 12:00:00,3.24,62.0,97.0,0.0,97.0,295.8,1.93,334.0,88434.0,False,12,12,356
2012-12-21 13:00:00,3.26,61.2,57.0,0.0,57.0,296.4,1.59,342.0,88478.0,False,12,13,356
2012-12-21 14:00:00,3.13,61.7,12.0,0.0,12.0,302.6,1.31,5.0,88469.0,False,12,14,356
2012-12-21 15:00:00,2.63,65.95,0.0,-0.0,0.0,295.8,1.38,40.0,88504.0,False,12,15,356
2012-12-21 16:00:00,2.01,71.05,0.0,-0.0,0.0,284.2,1.45,53.0,88574.0,False,12,16,356
2012-12-21 17:00:00,1.09,78.25,0.0,-0.0,0.0,261.8,1.31,56.0,88617.0,False,12,17,356
2012-12-21 18:00:00,0.38,81.35,0.0,-0.0,0.0,243.4,0.76,50.0,88670.0,False,12,18,356
2012-12-21 19:00:00,-0.26,79.7,0.0,-0.0,0.0,236.2,0.28,103.0,88705.0,False,12,19,356
2012-12-21 20:00:00,-0.49,81.1,0.0,-0.0,0.0,234.8,0.34,101.0,88722.0,False,12,20,356
2012-12-21 21:00:00,-0.81,82.85,0.0,-0.0,0.0,230.6,0.48,119.0,88714.0,False,12,21,356
2012-12-21 22:00:00,-1.06,84.0,0.0,-0.0,0.0,226.4,0.62,169.0,88757.0,False,12,22,356
2012-12-21 23:00:00,-1.67,86.25,0.0,-0.0,0.0,224.6,0.97,187.0,88749.0,False,12,23,356
2012-12-22 00:00:00,-2.04,87.55,0.0,-0.0,0.0,230.2,1.03,191.0,88749.0,False,12,0,357
2012-12-22 01:00:00,-2.03,88.15,0.0,-0.0,0.0,220.2,1.1,194.0,88740.0,False,12,1,357
2012-12-22 02:00:00,-2.19,88.8,0.0,-0.0,0.0,229.8,1.1,190.0,88722.0,False,12,2,357
2012-12-22 03:00:00,-2.53,89.75,0.0,-0.0,0.0,234.6,1.17,195.0,88696.0,False,12,3,357
2012-12-22 04:00:00,-2.62,90.15,0.0,-0.0,0.0,240.2,1.24,193.0,88749.0,False,12,4,357
2012-12-22 05:00:00,-2.34,90.25,0.0,0.0,0.0,255.2,1.17,183.0,88757.0,False,12,5,357
2012-12-22 06:00:00,-1.45,89.85,89.0,87.24,74.0,262.8,1.1,180.0,88784.0,False,12,6,357
2012-12-22 07:00:00,1.18,79.9,136.0,22.54,129.0,260.6,1.45,172.0,88801.0,False,12,7,357
2012-12-22 08:00:00,2.88,71.95,253.0,119.13,204.0,259.4,2.0,166.0,88801.0,False,12,8,357
2012-12-22 09:00:00,4.33,67.05,328.0,194.72,237.0,258.8,2.41,161.0,88749.0,False,12,9,357
2012-12-22 10:00:00,5.66,63.5,135.0,0.0,135.0,264.6,2.83,163.0,88617.0,False,12,10,357
2012-12-22 11:00:00,6.3,63.05,311.0,221.57,215.0,267.6,2.97,169.0,88556.0,False,12,11,357
2012-12-22 12:00:00,7.02,61.35,322.0,631.0,104.0,287.6,3.17,168.0,88539.0,False,12,12,357
2012-12-22 13:00:00,7.23,60.8,130.0,147.15,98.0,293.8,2.9,168.0,88504.0,False,12,13,357
2012-12-22 14:00:00,6.6,65.75,17.0,17.26,16.0,291.8,1.93,150.0,88539.0,False,12,14,357
2012-12-22 15:00:00,5.2,75.7,0.0,-0.0,0.0,282.8,1.52,142.0,88583.0,False,12,15,357
2012-12-22 16:00:00,3.99,79.8,0.0,-0.0,0.0,275.0,1.24,159.0,88617.0,False,12,16,357
2012-12-22 17:00:00,2.98,82.15,0.0,-0.0,0.0,259.6,1.38,186.0,88652.0,False,12,17,357
2012-12-22 18:00:00,1.78,86.1,0.0,-0.0,0.0,264.4,1.72,203.0,88714.0,False,12,18,357
2012-12-22 19:00:00,1.66,89.2,0.0,-0.0,0.0,282.4,2.0,188.0,88740.0,False,12,19,357
2012-12-22 20:00:00,1.61,90.2,0.0,-0.0,0.0,285.2,2.0,188.0,88784.0,False,12,20,357
2012-12-22 21:00:00,1.64,91.0,0.0,-0.0,0.0,288.4,2.0,188.0,88827.0,False,12,21,357
2012-12-22 22:00:00,1.88,91.7,0.0,-0.0,0.0,298.6,1.72,184.0,88862.0,False,12,22,357
2012-12-22 23:00:00,2.12,92.55,0.0,-0.0,0.0,306.4,1.52,179.0,88871.0,False,12,23,357
2012-12-23 00:00:00,2.33,93.75,0.0,-0.0,0.0,311.8,1.38,175.0,88871.0,False,12,0,358
2012-12-23 01:00:00,2.22,94.65,0.0,-0.0,0.0,307.4,1.52,173.0,88845.0,False,12,1,358
2012-12-23 02:00:00,2.42,94.9,0.0,-0.0,0.0,312.6,1.52,174.0,88845.0,False,12,2,358
2012-12-23 03:00:00,2.34,95.25,0.0,-0.0,0.0,307.0,1.72,174.0,88836.0,False,12,3,358
2012-12-23 04:00:00,2.68,94.65,0.0,-0.0,0.0,310.2,2.21,168.0,88854.0,False,12,4,358
2012-12-23 05:00:00,3.0,94.8,0.0,0.0,0.0,313.2,2.55,172.0,88897.0,False,12,5,358
2012-12-23 06:00:00,3.1,95.4,48.0,0.0,48.0,306.6,2.48,180.0,88941.0,False,12,6,358
2012-12-23 07:00:00,3.75,95.05,55.0,0.0,55.0,301.4,2.62,184.0,88985.0,False,12,7,358
2012-12-23 08:00:00,4.27,94.55,98.0,0.0,98.0,306.2,2.62,179.0,88985.0,False,12,8,358
2012-12-23 09:00:00,4.89,91.05,169.0,4.28,167.0,313.2,3.17,180.0,88967.0,False,12,9,358
2012-12-23 10:00:00,6.15,88.7,217.0,23.15,206.0,298.4,3.45,183.0,88827.0,False,12,10,358
2012-12-23 11:00:00,6.49,85.75,304.0,202.77,216.0,317.0,3.45,180.0,88775.0,False,12,11,358
2012-12-23 12:00:00,7.18,82.05,201.0,98.11,167.0,303.8,3.52,180.0,88740.0,False,12,12,358
2012-12-23 13:00:00,7.42,82.05,65.0,0.0,65.0,303.2,2.83,179.0,88705.0,False,12,13,358
2012-12-23 14:00:00,6.93,85.55,15.0,0.0,15.0,304.8,2.21,170.0,88714.0,False,12,14,358
2012-12-23 15:00:00,5.82,90.0,0.0,-0.0,0.0,296.8,2.14,174.0,88722.0,False,12,15,358
2012-12-23 16:00:00,5.06,93.05,0.0,-0.0,0.0,300.2,1.93,183.0,88749.0,False,12,16,358
2012-12-23 17:00:00,4.47,94.35,0.0,-0.0,0.0,300.4,1.86,195.0,88801.0,False,12,17,358
2012-12-23 18:00:00,3.79,95.7,0.0,-0.0,0.0,302.2,1.72,206.0,88854.0,False,12,18,358
2012-12-23 19:00:00,3.28,96.55,0.0,-0.0,0.0,290.4,1.93,198.0,88854.0,False,12,19,358
2012-12-23 20:00:00,3.16,96.7,0.0,-0.0,0.0,299.4,1.72,201.0,88889.0,False,12,20,358
2012-12-23 21:00:00,3.36,96.8,0.0,-0.0,0.0,312.4,1.45,204.0,88924.0,False,12,21,358
2012-12-23 22:00:00,3.6,96.35,0.0,-0.0,0.0,316.0,1.31,204.0,88897.0,False,12,22,358
2012-12-23 23:00:00,3.46,96.4,0.0,-0.0,0.0,310.2,1.24,207.0,88897.0,False,12,23,358
2012-12-24 00:00:00,3.29,96.6,0.0,-0.0,0.0,310.2,1.31,213.0,88906.0,False,12,0,359
2012-12-24 01:00:00,3.44,96.6,0.0,-0.0,0.0,315.05,1.24,218.0,88906.0,False,12,1,359
2012-12-24 02:00:00,2.89,97.25,0.0,-0.0,0.0,301.4,1.52,227.0,88871.0,False,12,2,359
2012-12-24 03:00:00,2.21,97.85,0.0,-0.0,0.0,287.2,1.59,233.0,88889.0,False,12,3,359
2012-12-24 04:00:00,1.8,97.9,0.0,-0.0,0.0,286.2,1.52,251.0,88950.0,False,12,4,359
2012-12-24 05:00:00,2.27,97.7,0.0,0.0,0.0,310.2,1.17,245.0,88976.0,False,12,5,359
2012-12-24 06:00:00,2.92,98.0,75.0,41.18,68.0,312.4,1.03,239.0,89011.0,False,12,6,359
2012-12-24 07:00:00,4.91,95.3,311.0,844.23,50.0,320.4,0.83,268.0,89063.0,False,12,7,359
2012-12-24 08:00:00,6.47,89.45,332.0,358.02,185.0,320.6,0.69,304.0,89142.0,False,12,8,359
2012-12-24 09:00:00,7.3,85.35,351.0,256.75,231.0,315.6,0.62,328.0,89107.0,False,12,9,359
2012-12-24 10:00:00,8.57,77.4,272.0,77.79,235.0,295.2,1.45,356.0,89011.0,False,12,10,359
2012-12-24 11:00:00,8.94,75.5,138.0,0.0,138.0,330.8,2.21,7.0,88958.0,False,12,11,359
2012-12-24 12:00:00,8.44,78.2,135.0,8.63,132.0,340.8,2.62,14.0,89020.0,False,12,12,359
2012-12-24 13:00:00,7.73,82.35,67.0,0.0,67.0,341.8,2.55,18.0,89081.0,False,12,13,359
2012-12-24 14:00:00,7.1,85.4,19.0,16.38,18.0,340.6,2.55,21.0,89133.0,False,12,14,359
2012-12-24 15:00:00,6.5,88.35,0.0,-0.0,0.0,336.6,2.28,17.0,89186.0,False,12,15,359
2012-12-24 16:00:00,6.13,89.55,0.0,-0.0,0.0,336.4,2.28,10.0,89256.0,False,12,16,359
2012-12-24 17:00:00,5.85,90.0,0.0,-0.0,0.0,335.8,2.21,4.0,89369.0,False,12,17,359
2012-12-24 18:00:00,5.58,90.4,0.0,-0.0,0.0,334.4,1.79,355.0,89396.0,False,12,18,359
2012-12-24 19:00:00,5.23,90.0,0.0,-0.0,0.0,332.8,1.66,10.0,89431.0,False,12,19,359
2012-12-24 20:00:00,4.98,90.65,0.0,-0.0,0.0,326.6,1.52,359.0,89501.0,False,12,20,359
2012-12-24 21:00:00,4.78,91.0,0.0,-0.0,0.0,328.4,1.03,10.0,89509.0,False,12,21,359
2012-12-24 22:00:00,4.47,92.35,0.0,-0.0,0.0,320.2,0.48,71.0,89483.0,False,12,22,359
2012-12-24 23:00:00,3.99,94.2,0.0,-0.0,0.0,283.4,0.34,329.0,89474.0,False,12,23,359
2012-12-25 00:00:00,2.71,98.0,0.0,-0.0,0.0,285.0,1.59,342.0,89544.0,False,12,0,360
2012-12-25 01:00:00,2.54,97.5,0.0,-0.0,0.0,297.0,1.72,357.0,89571.0,False,12,1,360
2012-12-25 02:00:00,2.77,96.55,0.0,-0.0,0.0,313.0,1.45,13.0,89571.0,False,12,2,360
2012-12-25 03:00:00,2.57,96.75,0.0,-0.0,0.0,306.0,0.97,29.0,89588.0,False,12,3,360
2012-12-25 04:00:00,2.46,96.8,0.0,-0.0,0.0,307.6,0.69,40.0,89623.0,False,12,4,360
2012-12-25 05:00:00,2.41,96.75,0.0,0.0,0.0,308.6,0.48,38.0,89702.0,False,12,5,360
2012-12-25 06:00:00,2.61,96.45,61.0,11.82,59.0,309.8,0.14,20.0,89745.0,False,12,6,360
2012-12-25 07:00:00,3.26,86.85,102.0,3.24,101.0,301.6,0.62,49.0,89798.0,False,12,7,360
2012-12-25 08:00:00,3.95,81.0,181.0,19.49,173.0,302.8,1.1,36.0,89815.0,False,12,8,360
2012-12-25 09:00:00,4.61,77.35,269.0,81.27,231.0,323.4,0.97,14.0,89824.0,False,12,9,360
2012-12-25 10:00:00,5.06,74.05,342.0,216.29,239.0,318.8,1.03,2.0,89763.0,False,12,10,360
2012-12-25 11:00:00,5.73,70.0,413.0,621.9,142.0,318.2,1.24,3.0,89658.0,False,12,11,360
2012-12-25 12:00:00,6.23,66.85,341.0,736.47,84.0,311.0,1.45,10.0,89640.0,False,12,12,360
2012-12-25 13:00:00,6.28,65.35,189.0,536.69,70.0,282.8,1.45,17.0,89614.0,False,12,13,360
2012-12-25 14:00:00,5.88,67.55,32.0,175.34,21.0,270.0,1.1,33.0,89632.0,False,12,14,360
2012-12-25 15:00:00,4.87,74.95,0.0,-0.0,0.0,261.6,0.83,61.0,89658.0,False,12,15,360
2012-12-25 16:00:00,4.21,74.65,0.0,-0.0,0.0,248.2,0.14,72.0,89693.0,False,12,16,360
2012-12-25 17:00:00,3.67,77.1,0.0,-0.0,0.0,242.2,0.55,274.0,89737.0,False,12,17,360
2012-12-25 18:00:00,2.76,81.2,0.0,-0.0,0.0,242.6,1.03,282.0,89780.0,False,12,18,360
2012-12-25 19:00:00,1.21,85.85,0.0,-0.0,0.0,240.2,1.45,289.0,89824.0,False,12,19,360
2012-12-25 20:00:00,0.43,87.65,0.0,-0.0,0.0,238.4,1.52,283.0,89842.0,False,12,20,360
2012-12-25 21:00:00,-0.19,88.6,0.0,-0.0,0.0,237.2,1.66,275.0,89850.0,False,12,21,360
2012-12-25 22:00:00,-0.7,88.9,0.0,-0.0,0.0,235.4,1.66,262.0,89894.0,False,12,22,360
2012-12-25 23:00:00,-1.04,88.6,0.0,-0.0,0.0,236.4,1.66,252.0,89868.0,False,12,23,360
2012-12-26 00:00:00,-1.19,87.5,0.0,-0.0,0.0,233.8,1.66,245.0,89842.0,False,12,0,361
2012-12-26 01:00:00,-1.3,86.1,0.0,-0.0,0.0,233.2,1.66,242.0,89815.0,False,12,1,361
2012-12-26 02:00:00,-1.1,83.95,0.0,-0.0,0.0,233.0,1.59,244.0,89824.0,False,12,2,361
2012-12-26 03:00:00,-0.54,80.65,0.0,-0.0,0.0,232.6,1.45,242.0,89833.0,False,12,3,361
2012-12-26 04:00:00,0.12,77.3,0.0,-0.0,0.0,232.2,1.24,237.0,89877.0,False,12,4,361
2012-12-26 05:00:00,-1.47,84.7,0.0,0.0,0.0,240.0,1.38,234.0,89903.0,False,12,5,361
2012-12-26 06:00:00,-1.6,89.2,122.0,332.48,66.0,239.6,1.31,228.0,89938.0,False,12,6,361
2012-12-26 07:00:00,1.64,83.85,254.0,418.56,125.0,243.8,0.83,209.0,89929.0,False,12,7,361
2012-12-26 08:00:00,4.91,68.9,363.0,494.72,160.0,244.0,1.1,180.0,89955.0,False,12,8,361
2012-12-26 09:00:00,6.92,62.6,494.0,880.58,82.0,244.2,1.31,166.0,89877.0,False,12,9,361
2012-12-26 10:00:00,8.44,58.15,512.0,935.18,66.0,249.2,1.45,154.0,89815.0,False,12,10,361
2012-12-26 11:00:00,9.4,55.05,468.0,952.34,52.0,253.0,1.52,146.0,89693.0,False,12,11,361
2012-12-26 12:00:00,9.84,53.8,360.0,882.01,51.0,254.6,1.52,142.0,89649.0,False,12,12,361
2012-12-26 13:00:00,9.71,54.6,201.0,649.2,56.0,255.0,1.59,136.0,89632.0,False,12,13,361
2012-12-26 14:00:00,8.64,61.7,35.0,232.49,20.0,253.6,1.66,127.0,89614.0,False,12,14,361
2012-12-26 15:00:00,6.38,76.1,0.0,-0.0,0.0,248.4,1.38,143.0,89632.0,False,12,15,361
2012-12-26 16:00:00,4.83,77.7,0.0,-0.0,0.0,245.8,1.31,178.0,89667.0,False,12,16,361
2012-12-26 17:00:00,3.37,81.25,0.0,-0.0,0.0,243.6,1.59,201.0,89649.0,False,12,17,361
2012-12-26 18:00:00,2.12,83.65,0.0,-0.0,0.0,242.0,1.86,213.0,89667.0,False,12,18,361
2012-12-26 19:00:00,1.81,82.3,0.0,-0.0,0.0,241.6,1.79,226.0,89658.0,False,12,19,361
2012-12-26 20:00:00,1.46,80.75,0.0,-0.0,0.0,240.4,1.86,227.0,89658.0,False,12,20,361
2012-12-26 21:00:00,1.31,78.0,0.0,-0.0,0.0,239.6,1.86,225.0,89649.0,False,12,21,361
2012-12-26 22:00:00,1.21,75.25,0.0,-0.0,0.0,239.0,1.93,223.0,89649.0,False,12,22,361
2012-12-26 23:00:00,1.44,71.6,0.0,-0.0,0.0,238.4,1.79,220.0,89614.0,False,12,23,361
2012-12-27 00:00:00,1.69,68.25,0.0,-0.0,0.0,237.4,1.72,215.0,89588.0,False,12,0,362
2012-12-27 01:00:00,2.42,64.5,0.0,-0.0,0.0,237.0,1.66,211.0,89544.0,False,12,1,362
2012-12-27 02:00:00,2.55,62.25,0.0,-0.0,0.0,236.2,1.66,208.0,89544.0,False,12,2,362
2012-12-27 03:00:00,2.34,61.75,0.0,-0.0,0.0,236.0,1.66,205.0,89518.0,False,12,3,362
2012-12-27 04:00:00,1.78,63.0,0.0,-0.0,0.0,235.8,1.79,200.0,89509.0,False,12,4,362
2012-12-27 05:00:00,0.99,65.7,0.0,-0.0,0.0,236.0,2.0,200.0,89536.0,False,12,5,362
2012-12-27 06:00:00,0.86,69.65,90.0,101.3,73.0,236.8,2.0,203.0,89536.0,False,12,6,362
2012-12-27 07:00:00,3.61,71.5,245.0,373.52,130.0,241.2,1.31,200.0,89553.0,False,12,7,362
2012-12-27 08:00:00,7.45,58.85,372.0,540.97,150.0,246.2,1.59,172.0,89509.0,False,12,8,362
2012-12-27 09:00:00,9.42,50.45,369.0,311.77,223.0,252.0,1.93,165.0,89457.0,False,12,9,362
2012-12-27 10:00:00,10.66,47.8,455.0,615.42,161.0,255.8,2.07,163.0,89343.0,False,12,10,362
2012-12-27 11:00:00,11.43,46.75,470.0,954.36,52.0,257.8,2.28,162.0,89247.0,False,12,11,362
2012-12-27 12:00:00,11.86,46.4,353.0,810.08,68.0,261.2,2.34,162.0,89195.0,False,12,12,362
2012-12-27 13:00:00,11.6,49.85,202.0,639.79,58.0,262.2,2.0,159.0,89186.0,False,12,13,362
2012-12-27 14:00:00,10.06,57.85,36.0,210.86,22.0,255.4,2.07,154.0,89133.0,False,12,14,362
2012-12-27 15:00:00,7.48,70.05,0.0,-0.0,0.0,251.2,1.93,163.0,89151.0,False,12,15,362
2012-12-27 16:00:00,5.07,77.8,0.0,-0.0,0.0,249.0,1.86,185.0,89142.0,False,12,16,362
2012-12-27 17:00:00,3.31,82.15,0.0,-0.0,0.0,246.4,2.34,212.0,89151.0,False,12,17,362
2012-12-27 18:00:00,2.1,83.05,0.0,-0.0,0.0,244.4,2.55,228.0,89160.0,False,12,18,362
2012-12-27 19:00:00,1.33,83.5,0.0,-0.0,0.0,242.6,2.69,231.0,89168.0,False,12,19,362
2012-12-27 20:00:00,0.62,85.45,0.0,-0.0,0.0,246.4,2.55,235.0,89142.0,False,12,20,362
2012-12-27 21:00:00,0.17,87.05,0.0,-0.0,0.0,251.0,2.48,237.0,89168.0,False,12,21,362
2012-12-27 22:00:00,-0.02,88.55,0.0,-0.0,0.0,258.6,2.34,240.0,89168.0,False,12,22,362
2012-12-27 23:00:00,0.08,89.7,0.0,-0.0,0.0,270.2,2.21,235.0,89160.0,False,12,23,362
2012-12-28 00:00:00,0.22,90.35,0.0,-0.0,0.0,274.6,2.14,229.0,89116.0,False,12,0,363
2012-12-28 01:00:00,0.35,91.05,0.0,-0.0,0.0,277.2,2.07,230.0,89116.0,False,12,1,363
2012-12-28 02:00:00,0.1,91.5,0.0,-0.0,0.0,269.2,2.07,232.0,89098.0,False,12,2,363
2012-12-28 03:00:00,-0.4,91.75,0.0,-0.0,0.0,258.6,2.07,236.0,89107.0,False,12,3,363
2012-12-28 04:00:00,-0.6,92.2,0.0,-0.0,0.0,264.0,2.0,234.0,89125.0,False,12,4,363
2012-12-28 05:00:00,-0.59,92.55,0.0,-0.0,0.0,267.4,2.0,228.0,89151.0,False,12,5,363
2012-12-28 06:00:00,0.26,92.55,103.0,179.32,73.0,274.2,1.72,222.0,89177.0,False,12,6,363
2012-12-28 07:00:00,3.29,86.85,151.0,45.5,137.0,295.0,1.52,221.0,89203.0,False,12,7,363
2012-12-28 08:00:00,6.54,73.9,314.0,289.87,195.0,292.2,1.38,202.0,89195.0,False,12,8,363
2012-12-28 09:00:00,8.37,63.65,416.0,484.17,189.0,284.4,1.52,187.0,89151.0,False,12,9,363
2012-12-28 10:00:00,9.52,60.2,458.0,628.86,157.0,282.8,1.52,179.0,89011.0,False,12,10,363
2012-12-28 11:00:00,10.19,59.35,443.0,769.45,105.0,287.8,1.45,174.0,88941.0,False,12,11,363
2012-12-28 12:00:00,10.56,59.25,364.0,882.84,52.0,288.2,1.24,175.0,88889.0,False,12,12,363
2012-12-28 13:00:00,10.47,60.25,201.0,608.22,63.0,282.4,0.83,176.0,88906.0,False,12,13,363
2012-12-28 14:00:00,9.77,65.75,33.0,131.66,24.0,284.4,0.76,129.0,88897.0,False,12,14,363
2012-12-28 15:00:00,8.09,72.9,0.0,-0.0,0.0,283.6,0.69,129.0,88897.0,False,12,15,363
2012-12-28 16:00:00,7.31,75.25,0.0,-0.0,0.0,274.4,0.41,169.0,88932.0,False,12,16,363
2012-12-28 17:00:00,6.56,78.75,0.0,-0.0,0.0,272.8,0.55,244.0,88941.0,False,12,17,363
2012-12-28 18:00:00,5.67,82.2,0.0,-0.0,0.0,285.4,1.1,261.0,88967.0,False,12,18,363
2012-12-28 19:00:00,5.09,82.65,0.0,-0.0,0.0,288.4,1.24,274.0,88950.0,False,12,19,363
2012-12-28 20:00:00,4.25,85.05,0.0,-0.0,0.0,279.8,1.31,274.0,88958.0,False,12,20,363
2012-12-28 21:00:00,3.83,86.15,0.0,-0.0,0.0,285.8,1.38,270.0,88976.0,False,12,21,363
2012-12-28 22:00:00,3.56,86.8,0.0,-0.0,0.0,286.6,1.38,266.0,88985.0,False,12,22,363
2012-12-28 23:00:00,3.26,87.5,0.0,-0.0,0.0,286.0,1.45,264.0,88976.0,False,12,23,363
2012-12-29 00:00:00,3.07,88.55,0.0,-0.0,0.0,297.0,1.45,267.0,88958.0,False,12,0,364
2012-12-29 01:00:00,2.83,89.7,0.0,-0.0,0.0,292.6,1.52,273.0,88950.0,False,12,1,364
2012-12-29 02:00:00,2.76,90.3,0.0,-0.0,0.0,298.0,1.38,279.0,88915.0,False,12,2,364
2012-12-29 03:00:00,2.63,90.5,0.0,-0.0,0.0,289.4,1.31,282.0,88941.0,False,12,3,364
2012-12-29 04:00:00,2.78,90.75,0.0,-0.0,0.0,304.8,1.24,288.0,88950.0,False,12,4,364
2012-12-29 05:00:00,2.74,91.45,0.0,-0.0,0.0,303.8,1.24,289.0,88976.0,False,12,5,364
2012-12-29 06:00:00,2.96,91.8,118.0,305.59,67.0,296.4,1.1,287.0,89011.0,False,12,6,364
2012-12-29 07:00:00,4.76,88.85,237.0,331.61,135.0,294.2,0.55,284.0,89020.0,False,12,7,364
2012-12-29 08:00:00,6.93,76.2,388.0,623.17,132.0,287.4,0.28,317.0,89055.0,False,12,8,364
2012-12-29 09:00:00,8.03,72.65,482.0,802.98,105.0,298.6,0.21,59.0,88985.0,False,12,9,364
2012-12-29 10:00:00,9.02,69.3,502.0,854.72,92.0,302.0,0.28,90.0,88915.0,False,12,10,364
2012-12-29 11:00:00,9.55,66.0,353.0,338.12,204.0,286.0,0.21,24.0,88862.0,False,12,11,364
2012-12-29 12:00:00,9.74,65.3,217.0,123.91,173.0,305.8,0.83,10.0,88889.0,False,12,12,364
2012-12-29 13:00:00,9.36,66.85,172.0,345.27,93.0,310.2,1.24,23.0,88924.0,False,12,13,364
2012-12-29 14:00:00,8.71,74.75,19.0,14.2,18.0,307.6,1.38,20.0,88932.0,False,12,14,364
2012-12-29 15:00:00,7.41,81.75,0.0,-0.0,0.0,295.0,1.86,18.0,88993.0,False,12,15,364
2012-12-29 16:00:00,5.91,89.45,0.0,-0.0,0.0,277.8,1.79,7.0,89063.0,False,12,16,364
2012-12-29 17:00:00,4.83,94.0,0.0,-0.0,0.0,285.8,1.66,345.0,89107.0,False,12,17,364
2012-12-29 18:00:00,3.9,95.95,0.0,-0.0,0.0,278.2,1.38,321.0,89142.0,False,12,18,364
2012-12-29 19:00:00,3.99,93.35,0.0,-0.0,0.0,273.8,1.24,298.0,89168.0,False,12,19,364
2012-12-29 20:00:00,3.48,94.45,0.0,-0.0,0.0,283.4,1.38,294.0,89203.0,False,12,20,364
2012-12-29 21:00:00,2.85,95.4,0.0,-0.0,0.0,274.0,1.59,296.0,89230.0,False,12,21,364
2012-12-29 22:00:00,2.18,96.45,0.0,-0.0,0.0,262.6,1.66,299.0,89221.0,False,12,22,364
2012-12-29 23:00:00,1.98,97.7,0.0,-0.0,0.0,283.0,1.59,304.0,89256.0,False,12,23,364
2012-12-30 00:00:00,1.12,99.45,0.0,-0.0,0.0,265.2,1.72,314.0,89308.0,False,12,0,365
2012-12-30 01:00:00,0.61,99.6,0.0,-0.0,0.0,270.4,1.66,315.0,89326.0,False,12,1,365
2012-12-30 02:00:00,1.35,99.45,0.0,-0.0,0.0,305.0,1.38,314.0,89352.0,False,12,2,365
2012-12-30 03:00:00,1.81,99.65,0.0,-0.0,0.0,311.6,1.24,314.0,89396.0,False,12,3,365
2012-12-30 04:00:00,2.15,99.5,0.0,-0.0,0.0,315.8,1.17,316.0,89439.0,False,12,4,365
2012-12-30 05:00:00,2.54,99.45,0.0,-0.0,0.0,324.4,1.45,320.0,89501.0,False,12,5,365
2012-12-30 06:00:00,3.01,98.55,118.0,306.14,67.0,324.2,1.31,326.0,89544.0,False,12,6,365
2012-12-30 07:00:00,3.72,97.25,278.0,585.16,98.0,319.0,1.1,339.0,89571.0,False,12,7,365
2012-12-30 08:00:00,4.4,94.6,415.0,783.1,93.0,326.6,0.9,3.0,89579.0,False,12,8,365
2012-12-30 09:00:00,5.79,86.45,504.0,931.37,66.0,315.2,1.1,52.0,89536.0,False,12,9,365
2012-12-30 10:00:00,6.69,80.7,512.0,904.66,77.0,319.4,1.38,72.0,89422.0,False,12,10,365
2012-12-30 11:00:00,7.19,74.75,422.0,637.77,140.0,305.2,1.79,79.0,89361.0,False,12,11,365
2012-12-30 12:00:00,7.56,70.6,342.0,686.49,97.0,300.6,2.07,76.0,89343.0,False,12,12,365
2012-12-30 13:00:00,7.26,70.45,197.0,537.22,73.0,302.4,2.21,71.0,89369.0,False,12,13,365
2012-12-30 14:00:00,6.8,72.65,44.0,303.28,22.0,304.0,2.21,67.0,89378.0,False,12,14,365
2012-12-30 15:00:00,5.96,77.35,0.0,-0.0,0.0,309.2,2.0,60.0,89413.0,False,12,15,365
2012-12-30 16:00:00,5.18,82.05,0.0,-0.0,0.0,302.6,1.86,56.0,89492.0,False,12,16,365
2012-12-30 17:00:00,4.18,88.0,0.0,-0.0,0.0,284.0,1.59,51.0,89527.0,False,12,17,365
2012-12-30 18:00:00,3.31,93.15,0.0,-0.0,0.0,284.2,1.17,39.0,89579.0,False,12,18,365
2012-12-30 19:00:00,3.39,89.75,0.0,-0.0,0.0,263.8,0.76,19.0,89579.0,False,12,19,365
2012-12-30 20:00:00,3.21,90.8,0.0,-0.0,0.0,255.2,0.62,324.0,89597.0,False,12,20,365
2012-12-30 21:00:00,2.83,92.3,0.0,-0.0,0.0,255.2,0.83,286.0,89606.0,False,12,21,365
2012-12-30 22:00:00,2.11,94.05,0.0,-0.0,0.0,259.2,1.03,272.0,89588.0,False,12,22,365
2012-12-30 23:00:00,1.42,95.75,0.0,-0.0,0.0,239.0,1.1,270.0,89588.0,False,12,23,365
2012-12-31 00:00:00,1.43,96.4,0.0,-0.0,0.0,237.2,1.03,277.0,89562.0,False,12,0,366
2012-12-31 01:00:00,1.01,96.65,0.0,-0.0,0.0,236.0,0.9,286.0,89571.0,False,12,1,366
2012-12-31 02:00:00,0.87,96.05,0.0,-0.0,0.0,236.4,0.69,293.0,89553.0,False,12,2,366
2012-12-31 03:00:00,0.67,96.05,0.0,-0.0,0.0,233.0,0.62,293.0,89544.0,False,12,3,366
2012-12-31 04:00:00,0.59,95.25,0.0,-0.0,0.0,231.4,0.62,286.0,89571.0,False,12,4,366
2012-12-31 05:00:00,0.44,95.1,0.0,-0.0,0.0,232.0,0.62,283.0,89571.0,False,12,5,366
2012-12-31 06:00:00,0.48,94.45,88.0,96.16,72.0,232.2,0.69,262.0,89597.0,False,12,6,366
2012-12-31 07:00:00,0.75,93.3,170.0,84.49,144.0,263.4,0.48,269.0,89623.0,False,12,7,366
2012-12-31 08:00:00,3.19,88.45,238.0,87.44,202.0,279.0,0.14,119.0,89649.0,False,12,8,366
2012-12-31 09:00:00,5.55,77.65,351.0,250.44,233.0,255.4,0.83,119.0,89588.0,False,12,9,366
2012-12-31 10:00:00,7.06,70.85,430.0,487.44,195.0,258.8,1.31,126.0,89466.0,False,12,10,366
2012-12-31 11:00:00,8.06,64.95,451.0,786.43,102.0,253.2,1.38,133.0,89343.0,False,12,11,366
2012-12-31 12:00:00,8.54,62.4,359.0,799.92,72.0,268.6,1.52,123.0,89282.0,False,12,12,366
2012-12-31 13:00:00,8.49,62.1,180.0,377.81,92.0,280.2,1.93,112.0,89265.0,False,12,13,366
2012-12-31 14:00:00,7.72,65.9,42.0,227.4,25.0,281.8,1.86,102.0,89265.0,False,12,14,366
2012-12-31 15:00:00,6.19,72.7,0.0,-0.0,0.0,264.8,1.66,97.0,89291.0,False,12,15,366
2012-12-31 16:00:00,3.92,81.5,0.0,-0.0,0.0,251.31,0.09,98.0,89317.0,False,12,16,366
2012-12-31 17:00:00,3.75,82.45,0.0,-0.0,0.0,254.9,0.36,123.0,89352.0,False,12,17,366
2012-12-31 18:00:00,3.59,83.41,0.0,-0.0,0.0,258.5,0.64,257.0,89361.0,False,12,18,366
2012-12-31 19:00:00,3.42,84.37,0.0,-0.0,0.0,262.09,0.92,258.0,89352.0,False,12,19,366
2012-12-31 20:00:00,3.26,85.33,0.0,-0.0,0.0,265.68,1.19,254.0,89361.0,False,12,20,366
2012-12-31 21:00:00,3.09,86.28,0.0,-0.0,0.0,269.28,1.47,246.0,89334.0,False,12,21,366
2012-12-31 22:00:00,2.92,87.24,0.0,-0.0,0.0,272.87,1.75,240.0,89308.0,False,12,22,366
2012-12-31 23:00:00,2.76,88.2,0.0,-0.0,0.0,276.47,2.02,238.0,89299.0,False,12,23,366
