time_UTC,T2m,RH,GHI,DNI,DHI,IR,WS,WD,SP,in_season,month,hour_of_day,day_of_year
2017-01-01 00:00:00,6.46,53.57,0.0,-0.0,0.0,16.31,0.96,329.0,102663.0,False,1,0,1
2017-01-01 01:00:00,5.37,61.62,0.0,-0.0,0.0,17.14,0.91,330.0,102583.0,False,1,1,1
2017-01-01 02:00:00,4.28,69.68,0.0,-0.0,0.0,17.98,0.86,326.0,102533.0,False,1,2,1
2017-01-01 03:00:00,3.19,77.73,0.0,-0.0,0.0,18.81,0.81,324.0,102513.0,False,1,3,1
2017-01-01 04:00:00,2.1,85.78,0.0,-0.0,0.0,19.65,0.75,325.0,102484.0,False,1,4,1
2017-01-01 05:00:00,1.0,93.84,0.0,-0.0,0.0,20.48,0.7,326.0,102434.0,False,1,5,1
2017-01-01 06:00:00,-0.09,100.0,0.0,-0.0,0.0,21.31,0.65,330.0,102404.0,False,1,6,1
2017-01-01 07:00:00,-1.18,100.0,0.0,-0.0,0.0,22.15,0.59,331.0,102404.0,False,1,7,1
2017-01-01 08:00:00,2.5,89.7,69.0,152.4,50.0,-6.2,0.62,330.0,102404.0,False,1,8,1
2017-01-01 09:00:00,4.67,82.0,135.0,50.2,121.0,-4.0,0.55,332.0,102424.0,False,1,9,1
2017-01-01 10:00:00,9.57,56.35,162.0,12.56,157.0,7.4,0.28,147.0,102444.0,False,1,10,1
2017-01-01 11:00:00,9.68,63.15,317.0,170.77,236.0,5.4,0.9,176.0,102394.0,False,1,11,1
2017-01-01 12:00:00,9.98,65.95,333.0,161.29,252.0,4.6,1.31,181.0,102264.0,False,1,12,1
2017-01-01 13:00:00,10.54,65.05,278.0,89.61,235.0,21.6,1.59,189.0,102164.0,False,1,13,1
2017-01-01 14:00:00,11.58,60.85,254.0,134.52,199.0,-1.2,1.66,190.0,102065.0,False,1,14,1
2017-01-01 15:00:00,11.42,61.65,225.0,360.54,119.0,-6.0,1.52,182.0,102025.0,False,1,15,1
2017-01-01 16:00:00,11.24,60.35,85.0,195.59,57.0,-4.2,1.52,170.0,102015.0,False,1,16,1
2017-01-01 17:00:00,8.24,77.95,0.0,-0.0,0.0,-8.2,1.52,165.0,102005.0,False,1,17,1
2017-01-01 18:00:00,7.57,79.6,0.0,-0.0,0.0,0.0,1.1,180.0,102005.0,False,1,18,1
2017-01-01 19:00:00,6.84,85.25,0.0,-0.0,0.0,-5.6,0.55,241.0,102025.0,False,1,19,1
2017-01-01 20:00:00,5.6,89.9,0.0,-0.0,0.0,0.15,0.62,277.0,102005.0,False,1,20,1
2017-01-01 21:00:00,3.98,94.65,0.0,-0.0,0.0,0.0,0.76,292.0,102025.0,False,1,21,1
2017-01-01 22:00:00,3.63,92.55,0.0,-0.0,0.0,11.4,0.76,310.0,102025.0,False,1,22,1
2017-01-01 23:00:00,3.67,92.75,0.0,-0.0,0.0,-5.0,0.69,307.0,101975.0,False,1,23,1
2017-01-02 00:00:00,3.93,91.45,0.0,-0.0,0.0,3.4,0.83,304.0,101935.0,False,1,0,2
2017-01-02 01:00:00,4.0,90.15,0.0,-0.0,0.0,271.0,0.69,306.0,101895.0,False,1,1,2
2017-01-02 02:00:00,3.3,90.75,0.0,-0.0,0.0,-11.2,0.48,310.0,101855.0,False,1,2,2
2017-01-02 03:00:00,2.86,92.2,0.0,-0.0,0.0,-2.6,0.48,316.0,101855.0,False,1,3,2
2017-01-02 04:00:00,2.62,91.95,0.0,-0.0,0.0,8.8,0.48,330.0,101845.0,False,1,4,2
2017-01-02 05:00:00,2.45,91.45,0.0,-0.0,0.0,4.0,0.69,339.0,101796.0,False,1,5,2
2017-01-02 06:00:00,2.4,90.6,0.0,-0.0,0.0,9.8,0.76,344.0,101816.0,False,1,6,2
2017-01-02 07:00:00,2.28,89.9,0.0,-0.0,0.0,-9.2,0.76,341.0,101855.0,False,1,7,2
2017-01-02 08:00:00,3.24,89.15,62.0,96.41,50.0,6.8,0.62,348.0,101905.0,False,1,8,2
2017-01-02 09:00:00,4.77,88.5,230.0,469.48,99.0,12.8,0.9,7.0,101935.0,False,1,9,2
2017-01-02 10:00:00,8.86,64.3,390.0,767.56,84.0,-13.4,0.97,41.0,102015.0,False,1,10,2
2017-01-02 11:00:00,9.37,64.85,471.0,765.97,107.0,-2.2,0.97,84.0,101965.0,False,1,11,2
2017-01-02 12:00:00,10.3,60.0,430.0,442.93,207.0,-3.15,1.03,107.0,101855.0,False,1,12,2
2017-01-02 13:00:00,11.0,58.55,489.0,828.69,90.0,1.35,1.17,124.0,101796.0,False,1,13,2
2017-01-02 14:00:00,11.64,59.15,381.0,635.38,120.0,0.2,1.31,127.0,101756.0,False,1,14,2
2017-01-02 15:00:00,11.68,61.15,262.0,601.02,84.0,2.0,1.45,124.0,101756.0,False,1,15,2
2017-01-02 16:00:00,11.47,57.2,108.0,440.01,44.0,-1.6,1.31,118.0,101776.0,False,1,16,2
2017-01-02 17:00:00,9.13,76.55,0.0,-0.0,0.0,-3.6,1.24,103.0,101816.0,False,1,17,2
2017-01-02 18:00:00,8.58,78.85,0.0,-0.0,0.0,-4.0,0.69,36.0,101855.0,False,1,18,2
2017-01-02 19:00:00,7.77,81.45,0.0,-0.0,0.0,0.75,0.55,350.0,101915.0,False,1,19,2
2017-01-02 20:00:00,6.75,85.25,0.0,-0.0,0.0,-2.6,0.41,326.0,101965.0,False,1,20,2
2017-01-02 21:00:00,5.46,87.35,0.0,-0.0,0.0,6.2,0.28,308.0,101995.0,False,1,21,2
2017-01-02 22:00:00,5.04,85.15,0.0,-0.0,0.0,-8.6,0.55,319.0,102045.0,False,1,22,2
2017-01-02 23:00:00,4.9,84.9,0.0,-0.0,0.0,5.2,0.55,311.0,102045.0,False,1,23,2
2017-01-03 00:00:00,5.07,82.55,0.0,-0.0,0.0,-4.6,0.97,308.0,102055.0,False,1,0,3
2017-01-03 01:00:00,5.23,81.25,0.0,-0.0,0.0,267.6,1.31,302.0,102025.0,False,1,1,3
2017-01-03 02:00:00,5.0,79.2,0.0,-0.0,0.0,-2.8,1.59,297.0,102015.0,False,1,2,3
2017-01-03 03:00:00,5.09,78.45,0.0,-0.0,0.0,4.6,1.66,302.0,102025.0,False,1,3,3
2017-01-03 04:00:00,4.56,77.75,0.0,-0.0,0.0,-2.6,1.59,306.0,101995.0,False,1,4,3
2017-01-03 05:00:00,4.36,76.6,0.0,-0.0,0.0,0.0,1.52,306.0,101985.0,False,1,5,3
2017-01-03 06:00:00,4.14,75.3,0.0,-0.0,0.0,3.35,1.52,308.0,101995.0,False,1,6,3
2017-01-03 07:00:00,3.88,74.55,0.0,-0.0,0.0,-6.2,1.59,312.0,102025.0,False,1,7,3
2017-01-03 08:00:00,4.39,70.0,90.0,418.1,38.0,0.8,1.52,313.0,102085.0,False,1,8,3
2017-01-03 09:00:00,6.67,68.55,249.0,615.91,77.0,0.15,2.0,314.0,102135.0,False,1,9,3
2017-01-03 10:00:00,11.51,47.05,382.0,711.3,98.0,4.0,1.72,312.0,102214.0,False,1,10,3
2017-01-03 11:00:00,13.13,39.4,422.0,514.48,177.0,8.2,1.31,274.0,102244.0,False,1,11,3
2017-01-03 12:00:00,13.85,40.95,494.0,721.01,130.0,1.0,1.45,244.0,102194.0,False,1,12,3
2017-01-03 13:00:00,14.98,42.3,480.0,767.76,109.0,3.0,1.52,231.0,102125.0,False,1,13,3
2017-01-03 14:00:00,15.77,41.55,385.0,649.2,117.0,3.2,1.17,227.0,102085.0,False,1,14,3
2017-01-03 15:00:00,15.87,44.1,240.0,428.93,112.0,-0.4,0.97,220.0,102105.0,False,1,15,3
2017-01-03 16:00:00,15.65,46.4,105.0,378.81,49.0,-0.75,0.55,213.0,102105.0,False,1,16,3
2017-01-03 17:00:00,12.74,61.0,0.0,-0.0,0.0,0.75,0.76,260.0,102145.0,False,1,17,3
2017-01-03 18:00:00,10.6,72.05,0.0,-0.0,0.0,-3.75,1.38,320.0,102174.0,False,1,18,3
2017-01-03 19:00:00,9.4,73.9,0.0,-0.0,0.0,3.15,1.59,324.0,102224.0,False,1,19,3
2017-01-03 20:00:00,8.97,74.05,0.0,-0.0,0.0,4.0,1.79,324.0,102254.0,False,1,20,3
2017-01-03 21:00:00,8.1,73.1,0.0,-0.0,0.0,1.4,1.72,323.0,102264.0,False,1,21,3
2017-01-03 22:00:00,7.23,76.85,0.0,-0.0,0.0,-3.6,1.52,322.0,102254.0,False,1,22,3
2017-01-03 23:00:00,6.68,80.35,0.0,-0.0,0.0,3.0,1.45,321.0,102244.0,False,1,23,3
2017-01-04 00:00:00,6.33,83.15,0.0,-0.0,0.0,-2.8,1.52,322.0,102224.0,False,1,0,4
2017-01-04 01:00:00,5.56,87.2,0.0,-0.0,0.0,280.2,1.45,324.0,102184.0,False,1,1,4
2017-01-04 02:00:00,5.17,90.0,0.0,-0.0,0.0,-1.0,1.45,327.0,102135.0,False,1,2,4
2017-01-04 03:00:00,5.4,92.05,0.0,-0.0,0.0,4.8,1.52,328.0,102135.0,False,1,3,4
2017-01-04 04:00:00,5.29,91.8,0.0,-0.0,0.0,-4.0,1.52,329.0,102135.0,False,1,4,4
2017-01-04 05:00:00,5.32,91.85,0.0,-0.0,0.0,0.35,1.52,330.0,102095.0,False,1,5,4
2017-01-04 06:00:00,5.48,91.45,0.0,-0.0,0.0,4.8,1.45,330.0,102125.0,False,1,6,4
2017-01-04 07:00:00,5.86,90.4,0.0,-0.0,0.0,9.8,1.38,331.0,102135.0,False,1,7,4
2017-01-04 08:00:00,6.57,87.25,69.0,160.8,49.0,-3.8,1.52,330.0,102184.0,False,1,8,4
2017-01-04 09:00:00,8.16,86.95,203.0,296.85,120.0,8.4,1.86,334.0,102234.0,False,1,9,4
2017-01-04 10:00:00,13.22,63.1,394.0,782.53,81.0,2.2,1.24,341.0,102294.0,False,1,10,4
2017-01-04 11:00:00,14.33,54.8,458.0,680.89,133.0,8.4,0.9,315.0,102264.0,False,1,11,4
2017-01-04 12:00:00,15.11,53.35,470.0,598.41,167.0,-3.8,0.69,279.0,102174.0,False,1,12,4
2017-01-04 13:00:00,15.62,54.3,457.0,641.15,146.0,9.0,0.83,254.0,102065.0,False,1,13,4
2017-01-04 14:00:00,16.51,53.55,410.0,790.47,82.0,6.4,0.83,229.0,102005.0,False,1,14,4
2017-01-04 15:00:00,16.71,53.7,257.0,535.31,96.0,-14.0,0.76,225.0,101965.0,False,1,15,4
2017-01-04 16:00:00,16.55,55.5,113.0,459.1,44.0,2.0,0.62,228.0,101975.0,False,1,16,4
2017-01-04 17:00:00,14.57,65.9,0.0,-0.0,0.0,-5.0,0.76,265.0,101985.0,False,1,17,4
2017-01-04 18:00:00,12.57,73.25,0.0,-0.0,0.0,-14.6,1.38,316.0,101985.0,False,1,18,4
2017-01-04 19:00:00,11.31,76.25,0.0,-0.0,0.0,2.8,1.79,325.0,102015.0,False,1,19,4
2017-01-04 20:00:00,10.32,78.25,0.0,-0.0,0.0,-7.0,1.86,326.0,102035.0,False,1,20,4
2017-01-04 21:00:00,9.16,81.9,0.0,-0.0,0.0,3.4,1.52,328.0,102015.0,False,1,21,4
2017-01-04 22:00:00,7.84,85.55,0.0,-0.0,0.0,-1.8,1.72,334.0,102015.0,False,1,22,4
2017-01-04 23:00:00,7.28,86.6,0.0,-0.0,0.0,0.35,1.45,333.0,101985.0,False,1,23,4
2017-01-05 00:00:00,6.71,87.7,0.0,-0.0,0.0,-2.0,1.38,331.0,101975.0,False,1,0,5
2017-01-05 01:00:00,6.39,87.55,0.0,-0.0,0.0,288.4,1.31,331.0,101935.0,False,1,1,5
2017-01-05 02:00:00,6.43,87.1,0.0,-0.0,0.0,-3.35,1.38,334.0,101935.0,False,1,2,5
2017-01-05 03:00:00,6.48,87.65,0.0,-0.0,0.0,3.6,1.45,334.0,101905.0,False,1,3,5
2017-01-05 04:00:00,6.59,87.05,0.0,-0.0,0.0,6.0,1.59,333.0,101885.0,False,1,4,5
2017-01-05 05:00:00,5.92,88.0,0.0,-0.0,0.0,-8.8,1.66,332.0,101836.0,False,1,5,5
2017-01-05 06:00:00,6.01,87.95,0.0,-0.0,0.0,4.6,1.66,330.0,101845.0,False,1,6,5
2017-01-05 07:00:00,6.19,87.3,0.0,-0.0,0.0,-11.6,1.66,330.0,101855.0,False,1,7,5
2017-01-05 08:00:00,7.12,82.6,93.0,457.86,36.0,2.2,1.79,329.0,101885.0,False,1,8,5
2017-01-05 09:00:00,9.13,79.9,259.0,707.01,61.0,-2.6,2.21,329.0,101925.0,False,1,9,5
2017-01-05 10:00:00,12.64,60.0,401.0,830.82,68.0,8.2,1.17,324.0,101935.0,False,1,10,5
2017-01-05 11:00:00,14.27,51.3,486.0,827.52,90.0,1.0,0.55,283.0,101915.0,False,1,11,5
2017-01-05 12:00:00,15.38,46.5,517.0,826.87,97.0,-7.6,0.41,205.0,101875.0,False,1,12,5
2017-01-05 13:00:00,16.12,44.55,501.0,864.46,80.0,0.0,0.48,156.0,101766.0,False,1,13,5
2017-01-05 14:00:00,16.49,46.55,419.0,836.58,70.0,1.6,0.83,133.0,101766.0,False,1,14,5
2017-01-05 15:00:00,16.45,50.15,274.0,643.16,79.0,-0.6,1.1,130.0,101756.0,False,1,15,5
2017-01-05 16:00:00,15.67,53.6,118.0,490.74,43.0,-0.75,1.1,128.0,101816.0,False,1,16,5
2017-01-05 17:00:00,13.28,70.25,0.0,-0.0,0.0,-1.8,1.24,111.0,101875.0,False,1,17,5
2017-01-05 18:00:00,11.46,76.15,0.0,-0.0,0.0,-3.2,1.45,77.0,101955.0,False,1,18,5
2017-01-05 19:00:00,9.9,79.7,0.0,-0.0,0.0,4.6,1.52,56.0,102015.0,False,1,19,5
2017-01-05 20:00:00,8.8,84.4,0.0,-0.0,0.0,0.8,1.31,30.0,102045.0,False,1,20,5
2017-01-05 21:00:00,7.42,89.8,0.0,-0.0,0.0,-4.2,1.45,23.0,102065.0,False,1,21,5
2017-01-05 22:00:00,6.51,92.6,0.0,-0.0,0.0,-1.2,1.59,5.0,102125.0,False,1,22,5
2017-01-05 23:00:00,6.02,92.15,0.0,-0.0,0.0,-5.2,1.59,0.0,102115.0,False,1,23,5
2017-01-06 00:00:00,5.9,91.0,0.0,-0.0,0.0,-2.55,1.59,3.0,102135.0,False,1,0,6
2017-01-06 01:00:00,5.81,89.6,0.0,-0.0,0.0,268.2,1.59,4.0,102155.0,False,1,1,6
2017-01-06 02:00:00,5.34,91.0,0.0,-0.0,0.0,5.6,1.17,358.0,102155.0,False,1,2,6
2017-01-06 03:00:00,4.89,90.5,0.0,-0.0,0.0,7.6,0.9,355.0,102155.0,False,1,3,6
2017-01-06 04:00:00,4.55,91.8,0.0,-0.0,0.0,-2.2,0.9,1.0,102194.0,False,1,4,6
2017-01-06 05:00:00,4.43,92.55,0.0,-0.0,0.0,6.4,0.83,354.0,102244.0,False,1,5,6
2017-01-06 06:00:00,4.27,92.9,0.0,-0.0,0.0,8.8,1.03,350.0,102294.0,False,1,6,6
2017-01-06 07:00:00,4.58,93.05,0.0,-0.0,0.0,17.2,1.17,346.0,102334.0,False,1,7,6
2017-01-06 08:00:00,5.58,91.55,93.0,465.09,35.0,-13.4,1.17,347.0,102404.0,False,1,8,6
2017-01-06 09:00:00,6.51,90.4,258.0,691.35,64.0,-2.6,1.38,14.0,102454.0,False,1,9,6
2017-01-06 10:00:00,8.38,80.2,396.0,784.07,81.0,10.4,1.45,28.0,102503.0,False,1,10,6
2017-01-06 11:00:00,9.73,75.9,436.0,562.65,166.0,14.4,2.0,65.0,102474.0,False,1,11,6
2017-01-06 12:00:00,10.69,73.4,427.0,412.05,217.0,10.4,2.55,84.0,102434.0,False,1,12,6
2017-01-06 13:00:00,11.29,72.35,470.0,684.99,135.0,15.8,2.83,86.0,102374.0,False,1,13,6
2017-01-06 14:00:00,12.01,68.95,165.0,9.54,161.0,-21.0,2.83,86.0,102334.0,False,1,14,6
2017-01-06 15:00:00,12.15,70.4,197.0,179.91,142.0,21.2,2.83,89.0,102314.0,False,1,15,6
2017-01-06 16:00:00,11.85,71.0,84.0,128.66,64.0,-14.2,2.9,94.0,102374.0,False,1,16,6
2017-01-06 17:00:00,10.72,76.6,0.0,-0.0,0.0,-7.0,1.66,96.0,102404.0,False,1,17,6
2017-01-06 18:00:00,9.84,78.75,0.0,-0.0,0.0,-7.4,1.38,92.0,102464.0,False,1,18,6
2017-01-06 19:00:00,9.1,80.65,0.0,-0.0,0.0,-3.15,1.24,82.0,102503.0,False,1,19,6
2017-01-06 20:00:00,7.86,85.25,0.0,-0.0,0.0,-19.0,1.24,70.0,102553.0,False,1,20,6
2017-01-06 21:00:00,6.59,89.45,0.0,-0.0,0.0,26.2,1.24,69.0,102573.0,False,1,21,6
2017-01-06 22:00:00,6.44,90.4,0.0,-0.0,0.0,2.2,1.17,43.0,102593.0,False,1,22,6
2017-01-06 23:00:00,5.76,91.4,0.0,-0.0,0.0,-28.4,1.1,32.0,102593.0,False,1,23,6
2017-01-07 00:00:00,5.78,89.95,0.0,-0.0,0.0,12.0,0.97,24.0,102563.0,False,1,0,7
2017-01-07 01:00:00,5.47,91.2,0.0,-0.0,0.0,285.0,1.38,18.0,102563.0,False,1,1,7
2017-01-07 02:00:00,5.34,91.4,0.0,-0.0,0.0,10.4,1.59,16.0,102553.0,False,1,2,7
2017-01-07 03:00:00,4.9,91.1,0.0,-0.0,0.0,-12.0,1.66,13.0,102543.0,False,1,3,7
2017-01-07 04:00:00,4.13,90.95,0.0,-0.0,0.0,-12.8,1.59,12.0,102533.0,False,1,4,7
2017-01-07 05:00:00,3.87,92.3,0.0,-0.0,0.0,-5.0,1.45,8.0,102533.0,False,1,5,7
2017-01-07 06:00:00,3.97,91.65,0.0,-0.0,0.0,4.4,1.38,4.0,102563.0,False,1,6,7
2017-01-07 07:00:00,3.64,91.15,0.0,-0.0,0.0,5.4,1.1,1.0,102553.0,False,1,7,7
2017-01-07 08:00:00,3.92,88.55,94.0,479.89,34.0,-3.8,1.17,358.0,102643.0,False,1,8,7
2017-01-07 09:00:00,5.77,85.15,260.0,707.49,61.0,-7.4,1.52,8.0,102673.0,False,1,9,7
2017-01-07 10:00:00,9.51,53.9,395.0,769.61,85.0,-6.6,1.24,17.0,102703.0,False,1,10,7
2017-01-07 11:00:00,10.76,50.4,483.0,797.82,99.0,-3.0,1.24,63.0,102683.0,False,1,11,7
2017-01-07 12:00:00,11.41,49.2,527.0,860.27,87.0,1.55,1.52,90.0,102603.0,False,1,12,7
2017-01-07 13:00:00,11.98,49.1,513.0,916.11,63.0,2.8,1.79,101.0,102503.0,False,1,13,7
2017-01-07 14:00:00,12.55,46.9,420.0,808.22,79.0,1.35,1.93,104.0,102464.0,False,1,14,7
2017-01-07 15:00:00,12.57,49.45,284.0,684.37,73.0,0.8,1.93,99.0,102464.0,False,1,15,7
2017-01-07 16:00:00,12.13,51.55,125.0,524.85,42.0,-1.4,2.0,94.0,102474.0,False,1,16,7
2017-01-07 17:00:00,10.08,68.3,0.0,-0.0,0.0,-2.0,1.52,84.0,102503.0,False,1,17,7
2017-01-07 18:00:00,7.63,76.3,0.0,-0.0,0.0,-3.55,1.72,64.0,102533.0,False,1,18,7
2017-01-07 19:00:00,6.42,78.8,0.0,-0.0,0.0,1.55,1.72,42.0,102563.0,False,1,19,7
2017-01-07 20:00:00,4.92,84.2,0.0,-0.0,0.0,-2.4,1.45,17.0,102603.0,False,1,20,7
2017-01-07 21:00:00,4.08,87.45,0.0,-0.0,0.0,-0.15,1.45,6.0,102583.0,False,1,21,7
2017-01-07 22:00:00,3.77,91.05,0.0,-0.0,0.0,-4.8,1.31,349.0,102583.0,False,1,22,7
2017-01-07 23:00:00,3.73,90.75,0.0,-0.0,0.0,-1.15,0.76,339.0,102573.0,False,1,23,7
2017-01-08 00:00:00,3.44,90.05,0.0,-0.0,0.0,-1.6,0.62,331.0,102563.0,False,1,0,8
2017-01-08 01:00:00,2.44,90.8,0.0,-0.0,0.0,244.6,0.55,337.0,102563.0,False,1,1,8
2017-01-08 02:00:00,1.39,93.0,0.0,-0.0,0.0,4.2,0.69,338.0,102533.0,False,1,2,8
2017-01-08 03:00:00,1.16,92.0,0.0,-0.0,0.0,3.4,0.83,341.0,102513.0,False,1,3,8
2017-01-08 04:00:00,0.84,92.1,0.0,-0.0,0.0,-0.55,0.97,341.0,102484.0,False,1,4,8
2017-01-08 05:00:00,0.57,91.8,0.0,-0.0,0.0,-2.6,1.03,340.0,102464.0,False,1,5,8
2017-01-08 06:00:00,0.4,91.3,0.0,-0.0,0.0,-0.8,1.03,339.0,102464.0,False,1,6,8
2017-01-08 07:00:00,0.3,88.15,0.0,-0.0,0.0,-3.0,0.97,338.0,102464.0,False,1,7,8
2017-01-08 08:00:00,1.24,81.85,96.0,510.15,32.0,-2.0,1.03,338.0,102523.0,False,1,8,8
2017-01-08 09:00:00,4.21,75.05,261.0,705.54,62.0,2.8,1.03,344.0,102553.0,False,1,9,8
2017-01-08 10:00:00,9.19,50.0,400.0,799.58,77.0,2.35,1.03,359.0,102583.0,False,1,10,8
2017-01-08 11:00:00,10.16,44.9,490.0,830.46,89.0,4.8,0.48,64.0,102553.0,False,1,11,8
2017-01-08 12:00:00,10.95,45.35,532.0,876.52,82.0,5.0,0.9,122.0,102454.0,False,1,12,8
2017-01-08 13:00:00,11.65,46.65,516.0,915.98,64.0,2.0,1.03,140.0,102354.0,False,1,13,8
2017-01-08 14:00:00,12.66,44.45,428.0,841.13,71.0,-0.4,0.97,143.0,102264.0,False,1,14,8
2017-01-08 15:00:00,12.9,46.45,290.0,713.83,68.0,2.4,0.9,144.0,102224.0,False,1,15,8
2017-01-08 16:00:00,12.76,47.75,128.0,540.7,41.0,0.6,0.9,150.0,102204.0,False,1,16,8
2017-01-08 17:00:00,10.84,64.75,0.0,-0.0,0.0,-1.4,0.83,177.0,102214.0,False,1,17,8
2017-01-08 18:00:00,8.89,69.3,0.0,-0.0,0.0,-2.6,0.9,247.0,102234.0,False,1,18,8
2017-01-08 19:00:00,6.8,75.55,0.0,-0.0,0.0,0.0,1.31,289.0,102234.0,False,1,19,8
2017-01-08 20:00:00,4.54,80.7,0.0,-0.0,0.0,-0.35,1.59,302.0,102234.0,False,1,20,8
2017-01-08 21:00:00,3.78,81.65,0.0,-0.0,0.0,-2.4,1.72,307.0,102224.0,False,1,21,8
2017-01-08 22:00:00,3.59,82.2,0.0,-0.0,0.0,6.8,2.07,311.0,102224.0,False,1,22,8
2017-01-08 23:00:00,3.63,79.95,0.0,-0.0,0.0,-8.4,2.07,313.0,102194.0,False,1,23,8
2017-01-09 00:00:00,3.52,77.5,0.0,-0.0,0.0,-1.4,1.79,315.0,102115.0,False,1,0,9
2017-01-09 01:00:00,2.93,76.65,0.0,-0.0,0.0,252.0,1.59,316.0,102075.0,False,1,1,9
2017-01-09 02:00:00,1.76,76.2,0.0,-0.0,0.0,0.0,1.45,318.0,102025.0,False,1,2,9
2017-01-09 03:00:00,1.44,76.75,0.0,-0.0,0.0,-1.15,1.45,321.0,102035.0,False,1,3,9
2017-01-09 04:00:00,1.47,77.05,0.0,-0.0,0.0,0.0,1.31,325.0,102045.0,False,1,4,9
2017-01-09 05:00:00,1.73,75.3,0.0,-0.0,0.0,15.6,1.17,324.0,102045.0,False,1,5,9
2017-01-09 06:00:00,2.11,74.65,0.0,-0.0,0.0,-0.35,0.97,324.0,102075.0,False,1,6,9
2017-01-09 07:00:00,2.51,74.5,0.0,-0.0,0.0,11.6,0.76,324.0,102135.0,False,1,7,9
2017-01-09 08:00:00,3.33,72.3,97.0,508.0,33.0,-5.8,0.55,327.0,102194.0,False,1,8,9
2017-01-09 09:00:00,5.93,70.7,262.0,706.87,62.0,1.2,0.41,320.0,102254.0,False,1,9,9
2017-01-09 10:00:00,10.18,41.4,404.0,816.82,73.0,4.0,0.28,34.0,102354.0,False,1,10,9
2017-01-09 11:00:00,10.55,48.4,495.0,846.19,85.0,-5.2,0.9,156.0,102334.0,False,1,11,9
2017-01-09 12:00:00,11.36,51.55,537.0,894.41,76.0,-0.35,1.24,169.0,102274.0,False,1,12,9
2017-01-09 13:00:00,11.93,53.35,513.0,883.4,75.0,1.6,1.31,174.0,102194.0,False,1,13,9
2017-01-09 14:00:00,13.06,52.15,428.0,826.64,75.0,1.15,1.31,171.0,102095.0,False,1,14,9
2017-01-09 15:00:00,13.14,53.95,292.0,701.16,72.0,22.2,1.17,166.0,102115.0,False,1,15,9
2017-01-09 16:00:00,12.34,57.85,127.0,494.69,46.0,-14.8,1.38,156.0,102125.0,False,1,16,9
2017-01-09 17:00:00,11.01,70.0,0.0,-0.0,0.0,0.75,0.69,171.0,102135.0,False,1,17,9
2017-01-09 18:00:00,8.04,78.95,0.0,-0.0,0.0,-4.8,1.1,189.0,102155.0,False,1,18,9
2017-01-09 19:00:00,7.19,80.8,0.0,-0.0,0.0,35.4,0.9,216.0,102135.0,False,1,19,9
2017-01-09 20:00:00,6.36,85.5,0.0,-0.0,0.0,9.2,0.97,252.0,102145.0,False,1,20,9
2017-01-09 21:00:00,5.01,87.75,0.0,-0.0,0.0,0.4,1.03,282.0,102164.0,False,1,21,9
2017-01-09 22:00:00,6.12,94.55,0.0,-0.0,0.0,1.6,1.31,282.0,102155.0,False,1,22,9
2017-01-09 23:00:00,5.49,93.35,0.0,-0.0,0.0,-13.0,1.66,267.0,102125.0,False,1,23,9
2017-01-10 00:00:00,5.32,92.2,0.0,-0.0,0.0,-7.6,1.59,268.0,102005.0,False,1,0,10
2017-01-10 01:00:00,5.89,86.0,0.0,-0.0,0.0,322.45,1.59,276.0,101975.0,False,1,1,10
2017-01-10 02:00:00,4.86,84.5,0.0,-0.0,0.0,-25.4,1.79,290.0,101905.0,False,1,2,10
2017-01-10 03:00:00,5.87,77.8,0.0,-0.0,0.0,7.6,1.93,296.0,101855.0,False,1,3,10
2017-01-10 04:00:00,5.86,73.6,0.0,-0.0,0.0,0.15,2.41,300.0,101756.0,False,1,4,10
2017-01-10 05:00:00,5.74,70.8,0.0,-0.0,0.0,-5.4,1.59,300.0,101706.0,False,1,5,10
2017-01-10 06:00:00,5.9,65.7,0.0,-0.0,0.0,-5.0,1.66,297.0,101606.0,False,1,6,10
2017-01-10 07:00:00,5.97,63.9,0.0,-0.0,0.0,1.15,1.72,305.0,101596.0,False,1,7,10
2017-01-10 08:00:00,7.28,58.8,50.0,31.59,46.0,32.4,1.72,305.0,101576.0,False,1,8,10
2017-01-10 09:00:00,8.0,58.05,75.0,0.0,75.0,-1.8,2.0,302.0,101546.0,False,1,9,10
2017-01-10 10:00:00,9.9,45.0,116.0,0.0,116.0,-25.6,1.93,305.0,101536.0,False,1,10,10
2017-01-10 11:00:00,10.9,43.45,180.0,4.11,178.0,15.8,1.52,306.0,101497.0,False,1,11,10
2017-01-10 12:00:00,11.73,42.85,72.0,0.0,72.0,8.6,1.03,302.0,101387.0,False,1,12,10
2017-01-10 13:00:00,12.5,42.45,119.0,0.0,119.0,1.6,1.31,299.0,101247.0,False,1,13,10
2017-01-10 14:00:00,12.71,52.3,132.0,0.0,132.0,5.4,1.52,288.0,101148.0,False,1,14,10
2017-01-10 15:00:00,12.79,55.35,264.0,476.92,113.0,-3.0,1.52,294.0,101098.0,False,1,15,10
2017-01-10 16:00:00,12.92,49.85,121.0,390.05,56.0,-11.8,1.17,298.0,101098.0,False,1,16,10
2017-01-10 17:00:00,12.76,50.9,0.0,-0.0,0.0,7.6,1.79,309.0,101088.0,False,1,17,10
2017-01-10 18:00:00,11.19,59.5,0.0,-0.0,0.0,-19.8,2.21,317.0,101118.0,False,1,18,10
2017-01-10 19:00:00,9.69,59.95,0.0,-0.0,0.0,-5.0,2.34,320.0,101128.0,False,1,19,10
2017-01-10 20:00:00,9.16,61.1,0.0,-0.0,0.0,-5.0,2.55,325.0,101108.0,False,1,20,10
2017-01-10 21:00:00,8.63,62.3,0.0,-0.0,0.0,-10.6,2.62,326.0,101178.0,False,1,21,10
2017-01-10 22:00:00,8.63,60.7,0.0,-0.0,0.0,-4.4,2.41,322.0,101178.0,False,1,22,10
2017-01-10 23:00:00,8.1,63.5,0.0,-0.0,0.0,-3.8,2.62,322.0,101197.0,False,1,23,10
2017-01-11 00:00:00,8.06,64.5,0.0,-0.0,0.0,9.6,2.55,322.0,101217.0,False,1,0,11
2017-01-11 01:00:00,8.56,65.3,0.0,-0.0,0.0,311.25,2.48,322.0,101237.0,False,1,1,11
2017-01-11 02:00:00,8.15,67.05,0.0,-0.0,0.0,-1.4,2.28,322.0,101217.0,False,1,2,11
2017-01-11 03:00:00,8.65,68.1,0.0,-0.0,0.0,1.8,2.34,325.0,101267.0,False,1,3,11
2017-01-11 04:00:00,8.52,69.5,0.0,-0.0,0.0,0.35,2.21,322.0,101267.0,False,1,4,11
2017-01-11 05:00:00,8.43,71.5,0.0,-0.0,0.0,-5.8,2.34,324.0,101257.0,False,1,5,11
2017-01-11 06:00:00,8.4,73.05,0.0,-0.0,0.0,-8.2,2.69,335.0,101337.0,False,1,6,11
2017-01-11 07:00:00,7.71,74.9,0.0,-0.0,0.0,-10.2,2.55,340.0,101447.0,False,1,7,11
2017-01-11 08:00:00,7.94,74.6,98.0,518.21,32.0,14.6,2.28,341.0,101526.0,False,1,8,11
2017-01-11 09:00:00,10.03,68.3,261.0,680.62,67.0,-2.2,2.48,348.0,101636.0,False,1,9,11
2017-01-11 10:00:00,12.85,51.95,402.0,786.57,81.0,-5.4,2.41,355.0,101776.0,False,1,10,11
2017-01-11 11:00:00,13.95,46.15,452.0,604.3,157.0,-1.2,4.41,8.0,101776.0,False,1,11,11
2017-01-11 12:00:00,14.48,44.3,386.0,259.72,251.0,26.6,4.55,16.0,101806.0,False,1,12,11
2017-01-11 13:00:00,14.65,46.5,175.0,2.0,174.0,7.8,4.0,25.0,101806.0,False,1,13,11
2017-01-11 14:00:00,14.77,47.8,422.0,753.76,96.0,-0.6,2.9,50.0,101875.0,False,1,14,11
2017-01-11 15:00:00,14.28,53.65,286.0,616.51,89.0,2.8,2.0,78.0,101935.0,False,1,15,11
2017-01-11 16:00:00,13.68,56.3,135.0,530.6,45.0,-9.6,1.45,86.0,102045.0,False,1,16,11
2017-01-11 17:00:00,12.24,70.1,0.0,-0.0,0.0,-6.2,0.83,81.0,102105.0,False,1,17,11
2017-01-11 18:00:00,11.15,72.75,0.0,-0.0,0.0,-3.6,1.31,54.0,102194.0,False,1,18,11
2017-01-11 19:00:00,9.51,76.6,0.0,-0.0,0.0,-20.0,1.31,27.0,102274.0,False,1,19,11
2017-01-11 20:00:00,7.98,82.65,0.0,-0.0,0.0,2.0,1.1,2.0,102324.0,False,1,20,11
2017-01-11 21:00:00,6.85,85.7,0.0,-0.0,0.0,-2.2,1.03,339.0,102344.0,False,1,21,11
2017-01-11 22:00:00,6.36,86.75,0.0,-0.0,0.0,4.2,1.1,345.0,102404.0,False,1,22,11
2017-01-11 23:00:00,6.19,86.0,0.0,-0.0,0.0,-4.6,0.9,324.0,102434.0,False,1,23,11
2017-01-12 00:00:00,5.9,86.5,0.0,-0.0,0.0,5.6,0.76,311.0,102444.0,False,1,0,12
2017-01-12 01:00:00,5.52,87.5,0.0,-0.0,0.0,295.4,0.9,304.0,102434.0,False,1,1,12
2017-01-12 02:00:00,4.61,87.4,0.0,-0.0,0.0,-10.2,1.17,296.0,102444.0,False,1,2,12
2017-01-12 03:00:00,4.77,87.6,0.0,-0.0,0.0,6.8,1.31,292.0,102434.0,False,1,3,12
2017-01-12 04:00:00,4.9,86.6,0.0,-0.0,0.0,-4.4,1.52,289.0,102404.0,False,1,4,12
2017-01-12 05:00:00,4.51,87.0,0.0,-0.0,0.0,-13.8,1.79,289.0,102404.0,False,1,5,12
2017-01-12 06:00:00,4.56,85.85,0.0,-0.0,0.0,5.4,1.86,292.0,102424.0,False,1,6,12
2017-01-12 07:00:00,4.36,86.55,0.0,-0.0,0.0,15.2,1.93,289.0,102434.0,False,1,7,12
2017-01-12 08:00:00,5.34,84.0,95.0,444.6,38.0,-5.4,1.52,284.0,102474.0,False,1,8,12
2017-01-12 09:00:00,7.72,79.25,262.0,681.24,67.0,6.6,1.72,256.0,102484.0,False,1,9,12
2017-01-12 10:00:00,11.76,61.3,406.0,803.04,77.0,2.2,2.07,239.0,102513.0,False,1,10,12
2017-01-12 11:00:00,12.18,63.2,498.0,832.4,90.0,15.0,2.62,230.0,102464.0,False,1,11,12
2017-01-12 12:00:00,13.55,63.25,545.0,896.34,77.0,0.6,2.83,226.0,102354.0,False,1,12,12
2017-01-12 13:00:00,14.46,63.9,528.0,919.68,65.0,-9.0,2.83,231.0,102234.0,False,1,13,12
2017-01-12 14:00:00,15.62,59.7,442.0,863.65,66.0,-8.8,2.69,234.0,102115.0,False,1,14,12
2017-01-12 15:00:00,15.88,59.85,303.0,722.39,70.0,-3.2,2.48,233.0,102065.0,False,1,15,12
2017-01-12 16:00:00,15.44,62.55,142.0,579.17,42.0,-3.8,2.21,230.0,102025.0,False,1,16,12
2017-01-12 17:00:00,13.78,73.8,0.0,-0.0,0.0,0.0,1.72,238.0,101995.0,False,1,17,12
2017-01-12 18:00:00,11.94,78.6,0.0,-0.0,0.0,-1.8,1.72,262.0,102005.0,False,1,18,12
2017-01-12 19:00:00,11.02,78.25,0.0,-0.0,0.0,-1.2,2.07,279.0,101965.0,False,1,19,12
2017-01-12 20:00:00,10.27,78.85,0.0,-0.0,0.0,-4.0,2.41,290.0,101965.0,False,1,20,12
2017-01-12 21:00:00,8.99,80.8,0.0,-0.0,0.0,-2.6,2.62,294.0,101925.0,False,1,21,12
2017-01-12 22:00:00,8.14,79.4,0.0,-0.0,0.0,-1.2,2.69,288.0,101945.0,False,1,22,12
2017-01-12 23:00:00,8.21,78.5,0.0,-0.0,0.0,-2.6,2.69,288.0,101895.0,False,1,23,12
2017-01-13 00:00:00,7.77,77.4,0.0,-0.0,0.0,-1.6,2.69,292.0,101855.0,False,1,0,13
2017-01-13 01:00:00,7.5,75.3,0.0,-0.0,0.0,272.2,2.69,297.0,101776.0,False,1,1,13
2017-01-13 02:00:00,7.08,74.35,0.0,-0.0,0.0,-2.2,2.55,302.0,101746.0,False,1,2,13
2017-01-13 03:00:00,6.82,75.25,0.0,-0.0,0.0,1.8,2.41,304.0,101666.0,False,1,3,13
2017-01-13 04:00:00,6.85,75.9,0.0,-0.0,0.0,2.6,1.86,307.0,101616.0,False,1,4,13
2017-01-13 05:00:00,6.6,78.35,0.0,-0.0,0.0,5.4,1.93,311.0,101556.0,False,1,5,13
2017-01-13 06:00:00,5.69,80.6,0.0,-0.0,0.0,-11.2,2.0,313.0,101546.0,False,1,6,13
2017-01-13 07:00:00,5.07,80.05,0.0,-0.0,0.0,0.35,2.21,310.0,101526.0,False,1,7,13
2017-01-13 08:00:00,6.57,74.2,97.0,472.3,36.0,0.4,1.72,317.0,101526.0,False,1,8,13
2017-01-13 09:00:00,9.28,66.05,265.0,695.51,65.0,-3.6,2.0,324.0,101526.0,False,1,9,13
2017-01-13 10:00:00,14.6,51.6,411.0,819.16,74.0,4.0,1.17,324.0,101556.0,False,1,10,13
2017-01-13 11:00:00,16.38,45.05,498.0,816.69,96.0,7.6,0.62,275.0,101526.0,False,1,11,13
2017-01-13 12:00:00,17.1,44.65,548.0,897.9,77.0,6.0,0.41,253.0,101417.0,False,1,12,13
2017-01-13 13:00:00,17.2,47.0,528.0,904.85,70.0,1.0,0.28,103.0,101357.0,False,1,13,13
2017-01-13 14:00:00,17.15,54.1,441.0,832.75,76.0,1.0,1.31,102.0,101327.0,False,1,14,13
2017-01-13 15:00:00,16.18,59.35,310.0,752.42,65.0,2.6,1.93,103.0,101377.0,False,1,15,13
2017-01-13 16:00:00,14.77,64.4,146.0,591.7,42.0,26.6,2.07,104.0,101457.0,False,1,16,13
2017-01-13 17:00:00,12.86,70.25,0.0,-0.0,0.0,8.8,1.52,101.0,101546.0,False,1,17,13
2017-01-13 18:00:00,11.57,74.15,0.0,-0.0,0.0,-3.2,1.24,98.0,101616.0,False,1,18,13
2017-01-13 19:00:00,11.62,72.35,0.0,-0.0,0.0,-12.2,1.45,85.0,101686.0,False,1,19,13
2017-01-13 20:00:00,11.07,74.05,0.0,-0.0,0.0,-1.15,1.24,37.0,101746.0,False,1,20,13
2017-01-13 21:00:00,10.13,78.4,0.0,-0.0,0.0,15.6,1.17,26.0,101766.0,False,1,21,13
2017-01-13 22:00:00,8.73,81.5,0.0,-0.0,0.0,13.8,1.1,29.0,101826.0,False,1,22,13
2017-01-13 23:00:00,8.56,82.15,0.0,-0.0,0.0,-2.35,1.03,23.0,101865.0,False,1,23,13
2017-01-14 00:00:00,8.75,80.3,0.0,-0.0,0.0,3.4,0.97,19.0,101885.0,False,1,0,14
2017-01-14 01:00:00,8.49,80.5,0.0,-0.0,0.0,333.45,1.1,15.0,101895.0,False,1,1,14
2017-01-14 02:00:00,8.13,79.45,0.0,-0.0,0.0,-1.4,1.24,13.0,101925.0,False,1,2,14
2017-01-14 03:00:00,8.05,77.65,0.0,-0.0,0.0,-8.2,1.31,11.0,101895.0,False,1,3,14
2017-01-14 04:00:00,6.82,80.7,0.0,-0.0,0.0,-19.6,1.31,5.0,101895.0,False,1,4,14
2017-01-14 05:00:00,6.91,81.3,0.0,-0.0,0.0,6.0,1.45,5.0,101915.0,False,1,5,14
2017-01-14 06:00:00,6.76,82.45,0.0,-0.0,0.0,5.8,1.66,3.0,101935.0,False,1,6,14
2017-01-14 07:00:00,6.42,83.95,0.0,-0.0,0.0,-18.2,1.79,355.0,101995.0,False,1,7,14
2017-01-14 08:00:00,6.58,82.8,46.0,15.36,44.0,-2.6,1.79,350.0,102045.0,False,1,8,14
2017-01-14 09:00:00,7.59,76.95,106.0,6.92,104.0,-4.0,1.86,347.0,102105.0,False,1,9,14
2017-01-14 10:00:00,8.4,53.9,151.0,4.84,149.0,-13.6,2.0,344.0,102105.0,False,1,10,14
2017-01-14 11:00:00,9.38,44.25,118.0,0.0,118.0,-7.4,1.93,336.0,102115.0,False,1,11,14
2017-01-14 12:00:00,10.63,35.85,268.0,43.64,245.0,-8.2,2.21,331.0,102115.0,False,1,12,14
2017-01-14 13:00:00,11.38,32.55,534.0,923.42,64.0,-10.0,2.0,334.0,102035.0,False,1,13,14
2017-01-14 14:00:00,12.16,26.9,442.0,817.97,81.0,-3.4,1.38,340.0,102015.0,False,1,14,14
2017-01-14 15:00:00,12.28,25.3,313.0,754.35,65.0,0.6,0.83,358.0,102025.0,False,1,15,14
2017-01-14 16:00:00,11.98,25.75,148.0,586.82,43.0,0.2,0.62,36.0,102035.0,False,1,16,14
2017-01-14 17:00:00,10.2,40.0,0.0,0.0,0.0,13.0,0.28,140.0,102125.0,False,1,17,14
2017-01-14 18:00:00,8.54,47.6,0.0,-0.0,0.0,-10.8,0.48,177.0,102164.0,False,1,18,14
2017-01-14 19:00:00,8.3,42.8,0.0,-0.0,0.0,-0.6,0.55,282.0,102234.0,False,1,19,14
2017-01-14 20:00:00,6.92,51.0,0.0,-0.0,0.0,2.0,1.24,315.0,102274.0,False,1,20,14
2017-01-14 21:00:00,4.95,66.65,0.0,-0.0,0.0,-7.2,1.66,326.0,102314.0,False,1,21,14
2017-01-14 22:00:00,3.47,71.05,0.0,-0.0,0.0,-1.4,1.86,349.0,102324.0,False,1,22,14
2017-01-14 23:00:00,2.4,74.55,0.0,-0.0,0.0,-2.6,2.07,344.0,102364.0,False,1,23,14
2017-01-15 00:00:00,2.2,74.5,0.0,-0.0,0.0,-4.4,2.21,332.0,102344.0,False,1,0,15
2017-01-15 01:00:00,2.16,71.9,0.0,-0.0,0.0,237.4,2.21,331.0,102344.0,False,1,1,15
2017-01-15 02:00:00,2.25,69.65,0.0,-0.0,0.0,2.4,2.07,331.0,102374.0,False,1,2,15
2017-01-15 03:00:00,2.28,68.95,0.0,-0.0,0.0,-7.6,2.07,326.0,102334.0,False,1,3,15
2017-01-15 04:00:00,1.92,68.25,0.0,-0.0,0.0,-2.4,2.0,324.0,102334.0,False,1,4,15
2017-01-15 05:00:00,1.75,66.5,0.0,-0.0,0.0,0.55,1.86,323.0,102314.0,False,1,5,15
2017-01-15 06:00:00,1.69,65.4,0.0,-0.0,0.0,0.0,1.79,323.0,102354.0,False,1,6,15
2017-01-15 07:00:00,1.38,63.6,0.0,-0.0,0.0,-1.35,1.79,322.0,102374.0,False,1,7,15
2017-01-15 08:00:00,2.83,59.25,103.0,555.68,30.0,1.6,2.14,321.0,102424.0,False,1,8,15
2017-01-15 09:00:00,5.0,52.1,274.0,753.85,55.0,4.4,2.41,322.0,102464.0,False,1,9,15
2017-01-15 10:00:00,8.03,40.5,421.0,867.22,61.0,7.0,2.28,322.0,102464.0,False,1,10,15
2017-01-15 11:00:00,9.58,37.45,511.0,867.71,80.0,6.2,2.14,310.0,102444.0,False,1,11,15
2017-01-15 12:00:00,10.88,34.2,560.0,934.47,65.0,4.4,1.93,299.0,102334.0,False,1,12,15
2017-01-15 13:00:00,11.7,33.6,529.0,873.24,82.0,2.6,2.0,291.0,102244.0,False,1,13,15
2017-01-15 14:00:00,12.04,31.0,448.0,837.0,76.0,2.55,1.72,303.0,102194.0,False,1,14,15
2017-01-15 15:00:00,12.05,30.3,320.0,786.2,59.0,2.0,1.45,323.0,102184.0,False,1,15,15
2017-01-15 16:00:00,11.8,30.65,151.0,592.89,43.0,0.0,1.03,318.0,102224.0,False,1,16,15
2017-01-15 17:00:00,10.18,44.15,0.0,0.0,0.0,-4.0,0.83,255.0,102234.0,False,1,17,15
2017-01-15 18:00:00,8.49,53.15,0.0,-0.0,0.0,-3.4,1.52,296.0,102274.0,False,1,18,15
2017-01-15 19:00:00,6.5,63.6,0.0,-0.0,0.0,0.8,2.14,312.0,102284.0,False,1,19,15
2017-01-15 20:00:00,5.78,66.2,0.0,-0.0,0.0,-2.15,2.34,317.0,102304.0,False,1,20,15
2017-01-15 21:00:00,4.28,69.55,0.0,-0.0,0.0,-0.15,2.21,320.0,102304.0,False,1,21,15
2017-01-15 22:00:00,3.6,67.6,0.0,-0.0,0.0,0.15,2.14,317.0,102314.0,False,1,22,15
2017-01-15 23:00:00,3.18,68.35,0.0,-0.0,0.0,-1.35,1.93,312.0,102274.0,False,1,23,15
2017-01-16 00:00:00,3.03,69.0,0.0,-0.0,0.0,-2.6,1.86,317.0,102194.0,False,1,0,16
2017-01-16 01:00:00,2.97,69.2,0.0,-0.0,0.0,246.8,1.86,321.0,102194.0,False,1,1,16
2017-01-16 02:00:00,2.81,69.55,0.0,-0.0,0.0,0.4,1.93,324.0,102174.0,False,1,2,16
2017-01-16 03:00:00,3.11,68.95,0.0,-0.0,0.0,-0.8,1.93,324.0,102115.0,False,1,3,16
2017-01-16 04:00:00,2.97,69.4,0.0,-0.0,0.0,-0.15,1.93,323.0,102075.0,False,1,4,16
2017-01-16 05:00:00,2.71,70.7,0.0,-0.0,0.0,0.15,1.93,324.0,102015.0,False,1,5,16
2017-01-16 06:00:00,2.75,70.95,0.0,-0.0,0.0,-0.35,2.0,324.0,102035.0,False,1,6,16
2017-01-16 07:00:00,2.73,71.0,0.0,-0.0,0.0,1.75,2.0,322.0,102035.0,False,1,7,16
2017-01-16 08:00:00,4.09,68.15,105.0,565.47,30.0,1.0,2.21,321.0,102065.0,False,1,8,16
2017-01-16 09:00:00,6.28,63.25,277.0,766.74,53.0,0.0,2.69,320.0,102085.0,False,1,9,16
2017-01-16 10:00:00,10.01,47.95,424.0,867.82,62.0,7.4,2.41,315.0,102085.0,False,1,10,16
2017-01-16 11:00:00,11.99,38.7,522.0,917.66,64.0,6.8,2.55,304.0,102055.0,False,1,11,16
2017-01-16 12:00:00,13.0,36.45,563.0,935.33,65.0,9.8,2.83,295.0,101905.0,False,1,12,16
2017-01-16 13:00:00,13.99,35.45,538.0,908.95,70.0,-2.4,2.97,292.0,101786.0,False,1,13,16
2017-01-16 14:00:00,14.89,33.05,459.0,886.9,62.0,3.2,2.48,292.0,101696.0,False,1,14,16
2017-01-16 15:00:00,15.12,33.05,320.0,760.6,65.0,-1.15,2.14,294.0,101636.0,False,1,15,16
2017-01-16 16:00:00,14.65,36.35,156.0,620.14,41.0,-2.4,1.59,290.0,101636.0,False,1,16,16
2017-01-16 17:00:00,11.75,53.2,0.0,0.0,0.0,-2.35,2.07,284.0,101616.0,False,1,17,16
2017-01-16 18:00:00,10.33,53.9,0.0,-0.0,0.0,-0.15,2.48,305.0,101626.0,False,1,18,16
2017-01-16 19:00:00,9.4,58.1,0.0,-0.0,0.0,-4.2,2.55,315.0,101636.0,False,1,19,16
2017-01-16 20:00:00,7.52,62.55,0.0,-0.0,0.0,-1.0,2.55,317.0,101646.0,False,1,20,16
2017-01-16 21:00:00,6.29,67.7,0.0,-0.0,0.0,1.2,2.62,314.0,101636.0,False,1,21,16
2017-01-16 22:00:00,5.67,64.65,0.0,-0.0,0.0,-1.6,2.9,307.0,101606.0,False,1,22,16
2017-01-16 23:00:00,5.38,65.5,0.0,-0.0,0.0,-0.55,2.62,311.0,101556.0,False,1,23,16
2017-01-17 00:00:00,4.95,66.8,0.0,-0.0,0.0,-1.0,2.48,319.0,101467.0,False,1,0,17
2017-01-17 01:00:00,4.64,67.65,0.0,-0.0,0.0,257.2,2.41,328.0,101447.0,False,1,1,17
2017-01-17 02:00:00,4.71,66.15,0.0,-0.0,0.0,-0.55,2.34,328.0,101397.0,False,1,2,17
2017-01-17 03:00:00,5.06,66.55,0.0,-0.0,0.0,1.15,2.28,327.0,101397.0,False,1,3,17
2017-01-17 04:00:00,5.06,67.7,0.0,-0.0,0.0,1.2,2.28,325.0,101307.0,False,1,4,17
2017-01-17 05:00:00,4.76,69.0,0.0,-0.0,0.0,-0.35,2.28,323.0,101297.0,False,1,5,17
2017-01-17 06:00:00,4.71,70.35,0.0,-0.0,0.0,1.6,2.28,319.0,101277.0,False,1,6,17
2017-01-17 07:00:00,4.9,70.75,0.0,-0.0,0.0,4.8,2.28,317.0,101277.0,False,1,7,17
2017-01-17 08:00:00,6.12,67.4,105.0,552.23,31.0,-3.6,2.41,315.0,101257.0,False,1,8,17
2017-01-17 09:00:00,7.87,65.3,278.0,755.4,56.0,2.2,2.97,312.0,101297.0,False,1,9,17
2017-01-17 10:00:00,10.98,55.35,428.0,884.9,57.0,5.4,2.48,308.0,101287.0,False,1,10,17
2017-01-17 11:00:00,12.85,46.35,522.0,903.14,69.0,7.6,2.55,302.0,101227.0,False,1,11,17
2017-01-17 12:00:00,13.61,45.7,566.0,936.02,65.0,7.6,2.69,308.0,101128.0,False,1,12,17
2017-01-17 13:00:00,14.25,42.95,542.0,909.35,71.0,1.0,2.83,323.0,101038.0,False,1,13,17
2017-01-17 14:00:00,14.76,38.8,463.0,887.14,63.0,7.8,3.31,334.0,101008.0,False,1,14,17
2017-01-17 15:00:00,14.59,35.45,310.0,652.67,89.0,-13.2,3.03,333.0,100998.0,False,1,15,17
2017-01-17 16:00:00,14.01,33.9,158.0,598.57,45.0,-7.4,1.79,4.0,101018.0,False,1,16,17
2017-01-17 17:00:00,11.76,42.65,0.0,0.0,0.0,-2.4,1.38,56.0,101118.0,False,1,17,17
2017-01-17 18:00:00,9.52,61.95,0.0,-0.0,0.0,-6.8,1.45,68.0,101178.0,False,1,18,17
2017-01-17 19:00:00,7.71,68.9,0.0,-0.0,0.0,13.8,2.21,55.0,101257.0,False,1,19,17
2017-01-17 20:00:00,6.86,66.9,0.0,-0.0,0.0,-3.4,2.14,61.0,101337.0,False,1,20,17
2017-01-17 21:00:00,5.5,68.25,0.0,-0.0,0.0,8.6,2.28,59.0,101377.0,False,1,21,17
2017-01-17 22:00:00,4.02,72.85,0.0,-0.0,0.0,-27.4,1.72,60.0,101407.0,False,1,22,17
2017-01-17 23:00:00,3.56,72.95,0.0,-0.0,0.0,6.2,1.52,60.0,101437.0,False,1,23,17
2017-01-18 00:00:00,2.96,68.55,0.0,-0.0,0.0,-14.2,1.66,44.0,101407.0,False,1,0,18
2017-01-18 01:00:00,1.97,66.85,0.0,-0.0,0.0,241.4,1.45,43.0,101417.0,False,1,1,18
2017-01-18 02:00:00,1.39,66.45,0.0,-0.0,0.0,7.8,1.38,42.0,101437.0,False,1,2,18
2017-01-18 03:00:00,0.98,64.2,0.0,-0.0,0.0,-3.8,1.31,44.0,101447.0,False,1,3,18
2017-01-18 04:00:00,0.86,59.55,0.0,-0.0,0.0,13.4,1.38,43.0,101427.0,False,1,4,18
2017-01-18 05:00:00,0.26,55.25,0.0,-0.0,0.0,-12.8,1.52,40.0,101397.0,False,1,5,18
2017-01-18 06:00:00,0.11,52.0,0.0,-0.0,0.0,1.15,1.52,40.0,101437.0,False,1,6,18
2017-01-18 07:00:00,-0.87,51.85,0.0,-0.0,0.0,1.15,1.45,41.0,101457.0,False,1,7,18
2017-01-18 08:00:00,-0.05,47.65,89.0,295.26,49.0,3.2,1.52,38.0,101487.0,False,1,8,18
2017-01-18 09:00:00,1.34,35.6,108.0,6.76,106.0,2.4,2.55,46.0,101536.0,False,1,9,18
2017-01-18 10:00:00,1.81,49.0,163.0,9.49,159.0,5.8,3.45,52.0,101507.0,False,1,10,18
2017-01-18 11:00:00,1.42,57.1,129.0,0.0,129.0,-10.0,3.93,53.0,101526.0,False,1,11,18
2017-01-18 12:00:00,1.68,60.25,90.0,0.0,90.0,26.8,4.14,52.0,101427.0,False,1,12,18
2017-01-18 13:00:00,2.22,61.75,91.0,0.0,91.0,2.55,4.07,55.0,101357.0,False,1,13,18
2017-01-18 14:00:00,2.38,69.25,124.0,0.0,124.0,9.0,4.48,59.0,101287.0,False,1,14,18
2017-01-18 15:00:00,2.14,76.15,165.0,46.78,149.0,8.4,4.69,55.0,101257.0,False,1,15,18
2017-01-18 16:00:00,2.27,77.1,43.0,0.0,43.0,-1.15,3.79,39.0,101237.0,False,1,16,18
2017-01-18 17:00:00,2.17,79.15,0.0,0.0,0.0,-6.2,3.52,27.0,101227.0,False,1,17,18
2017-01-18 18:00:00,2.13,80.4,0.0,-0.0,0.0,5.2,3.31,23.0,101267.0,False,1,18,18
2017-01-18 19:00:00,1.8,84.1,0.0,-0.0,0.0,-5.4,3.17,23.0,101277.0,False,1,19,18
2017-01-18 20:00:00,1.81,83.5,0.0,-0.0,0.0,-18.4,3.1,25.0,101327.0,False,1,20,18
2017-01-18 21:00:00,1.29,84.7,0.0,-0.0,0.0,18.8,3.24,27.0,101307.0,False,1,21,18
2017-01-18 22:00:00,0.74,83.55,0.0,-0.0,0.0,2.15,3.38,25.0,101247.0,False,1,22,18
2017-01-18 23:00:00,0.56,84.35,0.0,-0.0,0.0,2.6,3.45,22.0,101217.0,False,1,23,18
2017-01-19 00:00:00,0.41,82.35,0.0,-0.0,0.0,-8.0,3.72,19.0,101118.0,False,1,0,19
2017-01-19 01:00:00,0.35,82.45,0.0,-0.0,0.0,279.4,3.1,13.0,101068.0,False,1,1,19
2017-01-19 02:00:00,0.61,83.3,0.0,-0.0,0.0,-15.8,2.9,9.0,101058.0,False,1,2,19
2017-01-19 03:00:00,1.07,81.15,0.0,-0.0,0.0,2.0,2.97,8.0,101018.0,False,1,3,19
2017-01-19 04:00:00,1.12,81.1,0.0,-0.0,0.0,-13.8,3.17,6.0,100968.0,False,1,4,19
2017-01-19 05:00:00,1.21,80.35,0.0,-0.0,0.0,6.6,3.17,4.0,100918.0,False,1,5,19
2017-01-19 06:00:00,1.61,79.65,0.0,-0.0,0.0,11.4,3.24,3.0,100908.0,False,1,6,19
2017-01-19 07:00:00,1.56,81.7,0.0,-0.0,0.0,-7.2,3.24,2.0,100878.0,False,1,7,19
2017-01-19 08:00:00,1.56,82.2,47.0,14.59,45.0,13.2,3.38,358.0,100868.0,False,1,8,19
2017-01-19 09:00:00,2.34,80.8,100.0,3.36,99.0,-1.0,3.38,352.0,100888.0,False,1,9,19
2017-01-19 10:00:00,4.3,68.6,320.0,297.31,194.0,12.0,3.1,344.0,100898.0,False,1,10,19
2017-01-19 11:00:00,4.75,69.9,74.0,0.0,74.0,7.0,3.66,347.0,100888.0,False,1,11,19
2017-01-19 12:00:00,4.9,73.15,50.0,0.0,50.0,-3.8,3.17,342.0,100839.0,False,1,12,19
2017-01-19 13:00:00,4.23,73.0,126.0,0.0,126.0,14.6,2.55,326.0,100809.0,False,1,13,19
2017-01-19 14:00:00,4.17,73.75,274.0,109.26,224.0,-3.2,2.41,306.0,100769.0,False,1,14,19
2017-01-19 15:00:00,2.98,79.5,303.0,558.61,110.0,6.8,2.14,292.0,100749.0,False,1,15,19
2017-01-19 16:00:00,2.49,88.7,140.0,342.5,73.0,7.8,1.66,287.0,100749.0,False,1,16,19
2017-01-19 17:00:00,2.43,93.5,0.0,0.0,0.0,-11.0,1.31,300.0,100759.0,False,1,17,19
2017-01-19 18:00:00,2.91,92.15,0.0,-0.0,0.0,11.4,1.24,317.0,100779.0,False,1,18,19
2017-01-19 19:00:00,2.92,91.55,0.0,-0.0,0.0,-17.0,1.45,326.0,100799.0,False,1,19,19
2017-01-19 20:00:00,2.73,94.0,0.0,-0.0,0.0,2.8,1.17,334.0,100868.0,False,1,20,19
2017-01-19 21:00:00,2.68,93.75,0.0,-0.0,0.0,5.6,1.1,333.0,100868.0,False,1,21,19
2017-01-19 22:00:00,2.31,89.05,0.0,-0.0,0.0,-15.2,1.45,344.0,100908.0,False,1,22,19
2017-01-19 23:00:00,2.49,89.1,0.0,-0.0,0.0,7.8,0.9,9.0,100908.0,False,1,23,19
2017-01-20 00:00:00,2.75,88.05,0.0,-0.0,0.0,6.0,0.76,12.0,100928.0,False,1,0,20
2017-01-20 01:00:00,2.12,92.0,0.0,-0.0,0.0,283.2,0.83,9.0,100888.0,False,1,1,20
2017-01-20 02:00:00,2.73,88.3,0.0,-0.0,0.0,12.4,0.76,17.0,100918.0,False,1,2,20
2017-01-20 03:00:00,2.69,90.15,0.0,-0.0,0.0,-10.4,1.52,31.0,100928.0,False,1,3,20
2017-01-20 04:00:00,2.29,90.1,0.0,-0.0,0.0,6.4,1.52,31.0,100948.0,False,1,4,20
2017-01-20 05:00:00,2.31,88.1,0.0,-0.0,0.0,-4.2,1.59,22.0,100978.0,False,1,5,20
2017-01-20 06:00:00,2.74,86.35,0.0,-0.0,0.0,15.0,1.66,11.0,100988.0,False,1,6,20
2017-01-20 07:00:00,2.1,87.1,0.0,-0.0,0.0,-13.8,1.59,6.0,100998.0,False,1,7,20
2017-01-20 08:00:00,2.26,86.05,82.0,194.63,55.0,-4.4,1.72,360.0,101038.0,False,1,8,20
2017-01-20 09:00:00,2.88,87.25,131.0,26.69,123.0,17.8,2.0,9.0,101088.0,False,1,9,20
2017-01-20 10:00:00,4.51,80.05,63.0,0.0,63.0,3.6,1.86,29.0,101148.0,False,1,10,20
2017-01-20 11:00:00,4.85,77.8,271.0,58.87,241.0,0.4,2.48,43.0,101148.0,False,1,11,20
2017-01-20 12:00:00,5.57,73.95,120.0,0.0,120.0,7.8,2.62,51.0,101108.0,False,1,12,20
2017-01-20 13:00:00,5.61,75.4,153.0,0.0,153.0,6.0,2.41,57.0,101088.0,False,1,13,20
2017-01-20 14:00:00,5.9,75.8,173.0,6.51,170.0,3.35,2.28,56.0,101058.0,False,1,14,20
2017-01-20 15:00:00,6.77,74.8,112.0,2.87,111.0,0.0,2.41,62.0,101088.0,False,1,15,20
2017-01-20 16:00:00,6.48,77.75,128.0,226.0,83.0,-3.15,2.55,71.0,101118.0,False,1,16,20
2017-01-20 17:00:00,6.25,79.35,0.0,0.0,0.0,-0.35,1.31,61.0,101168.0,False,1,17,20
2017-01-20 18:00:00,5.53,82.65,0.0,-0.0,0.0,-6.6,1.45,40.0,101237.0,False,1,18,20
2017-01-20 19:00:00,4.49,86.85,0.0,-0.0,0.0,-16.2,1.38,12.0,101277.0,False,1,19,20
2017-01-20 20:00:00,4.32,88.1,0.0,-0.0,0.0,-15.2,1.24,340.0,101317.0,False,1,20,20
2017-01-20 21:00:00,2.78,92.55,0.0,-0.0,0.0,-5.0,1.17,318.0,101327.0,False,1,21,20
2017-01-20 22:00:00,2.75,94.3,0.0,-0.0,0.0,-1.4,0.9,320.0,101357.0,False,1,22,20
2017-01-20 23:00:00,1.24,94.7,0.0,-0.0,0.0,-23.8,0.9,318.0,101317.0,False,1,23,20
2017-01-21 00:00:00,0.66,94.25,0.0,-0.0,0.0,-1.15,1.17,314.0,101297.0,False,1,0,21
2017-01-21 01:00:00,0.25,90.95,0.0,-0.0,0.0,250.0,1.52,314.0,101267.0,False,1,1,21
2017-01-21 02:00:00,0.12,89.3,0.0,-0.0,0.0,7.4,1.86,315.0,101237.0,False,1,2,21
2017-01-21 03:00:00,0.19,88.6,0.0,-0.0,0.0,-3.8,1.93,317.0,101168.0,False,1,3,21
2017-01-21 04:00:00,-0.12,86.4,0.0,-0.0,0.0,-4.0,2.07,324.0,101158.0,False,1,4,21
2017-01-21 05:00:00,0.14,84.25,0.0,-0.0,0.0,-2.4,2.21,321.0,101138.0,False,1,5,21
2017-01-21 06:00:00,0.28,83.6,0.0,-0.0,0.0,7.6,2.21,329.0,101098.0,False,1,6,21
2017-01-21 07:00:00,0.2,83.75,0.0,-0.0,0.0,9.2,2.21,335.0,101148.0,False,1,7,21
2017-01-21 08:00:00,1.19,81.85,81.0,177.93,56.0,8.4,2.48,336.0,101197.0,False,1,8,21
2017-01-21 09:00:00,3.22,80.8,138.0,36.44,127.0,24.2,2.41,332.0,101247.0,False,1,9,21
2017-01-21 10:00:00,5.3,71.45,263.0,125.95,209.0,8.8,2.28,338.0,101247.0,False,1,10,21
2017-01-21 11:00:00,6.57,69.9,506.0,749.29,122.0,4.6,1.93,320.0,101257.0,False,1,11,21
2017-01-21 12:00:00,8.25,64.6,531.0,690.56,153.0,-0.6,2.07,305.0,101138.0,False,1,12,21
2017-01-21 13:00:00,9.3,61.25,190.0,3.77,188.0,4.0,2.14,312.0,101038.0,False,1,13,21
2017-01-21 14:00:00,9.83,58.75,73.0,0.0,73.0,-14.6,1.59,305.0,100968.0,False,1,14,21
2017-01-21 15:00:00,9.2,63.85,46.0,0.0,46.0,6.0,1.03,295.0,100988.0,False,1,15,21
2017-01-21 16:00:00,8.33,71.0,57.0,0.0,57.0,7.8,1.03,298.0,100998.0,False,1,16,21
2017-01-21 17:00:00,7.45,74.75,0.0,0.0,0.0,0.35,1.24,291.0,101028.0,False,1,17,21
2017-01-21 18:00:00,7.21,74.05,0.0,-0.0,0.0,5.8,1.79,304.0,101048.0,False,1,18,21
2017-01-21 19:00:00,6.21,76.7,0.0,-0.0,0.0,-5.8,2.0,307.0,101088.0,False,1,19,21
2017-01-21 20:00:00,5.69,77.5,0.0,-0.0,0.0,0.6,1.93,311.0,101108.0,False,1,20,21
2017-01-21 21:00:00,5.21,79.2,0.0,-0.0,0.0,-6.4,2.07,310.0,101088.0,False,1,21,21
2017-01-21 22:00:00,5.33,79.35,0.0,-0.0,0.0,-13.2,1.79,315.0,101118.0,False,1,22,21
2017-01-21 23:00:00,5.28,79.75,0.0,-0.0,0.0,3.15,1.79,314.0,101068.0,False,1,23,21
2017-01-22 00:00:00,4.83,80.8,0.0,-0.0,0.0,-7.4,1.93,315.0,101068.0,False,1,0,22
2017-01-22 01:00:00,4.57,80.3,0.0,-0.0,0.0,292.6,1.93,318.0,101028.0,False,1,1,22
2017-01-22 02:00:00,4.51,79.1,0.0,-0.0,0.0,-5.6,2.07,319.0,101028.0,False,1,2,22
2017-01-22 03:00:00,4.63,78.45,0.0,-0.0,0.0,-9.2,2.14,320.0,101008.0,False,1,3,22
2017-01-22 04:00:00,4.25,78.2,0.0,-0.0,0.0,2.8,2.14,321.0,101018.0,False,1,4,22
2017-01-22 05:00:00,4.7,75.95,0.0,-0.0,0.0,12.2,2.0,326.0,100998.0,False,1,5,22
2017-01-22 06:00:00,4.76,75.55,0.0,-0.0,0.0,1.6,1.86,326.0,101008.0,False,1,6,22
2017-01-22 07:00:00,5.11,75.5,0.0,-0.0,0.0,8.2,1.93,323.0,101088.0,False,1,7,22
2017-01-22 08:00:00,5.51,74.1,42.0,7.02,41.0,-10.4,2.14,320.0,101128.0,False,1,8,22
2017-01-22 09:00:00,6.23,74.95,81.0,0.0,81.0,1.6,2.62,318.0,101188.0,False,1,9,22
2017-01-22 10:00:00,8.23,67.8,133.0,0.0,133.0,-17.6,2.34,305.0,101257.0,False,1,10,22
2017-01-22 11:00:00,10.13,57.25,373.0,234.75,252.0,-1.4,2.21,288.0,101277.0,False,1,11,22
2017-01-22 12:00:00,11.27,49.1,324.0,92.62,273.0,1.4,2.14,274.0,101237.0,False,1,12,22
2017-01-22 13:00:00,11.55,45.65,322.0,106.64,265.0,3.8,2.21,271.0,101128.0,False,1,13,22
2017-01-22 14:00:00,12.3,39.9,345.0,264.83,221.0,-7.4,2.48,284.0,101068.0,False,1,14,22
2017-01-22 15:00:00,12.41,38.15,211.0,117.89,169.0,2.2,2.28,294.0,101068.0,False,1,15,22
2017-01-22 16:00:00,12.19,39.5,49.0,0.0,49.0,14.4,1.66,284.0,101078.0,False,1,16,22
2017-01-22 17:00:00,11.07,58.0,0.0,0.0,0.0,-6.6,1.52,264.0,101108.0,False,1,17,22
2017-01-22 18:00:00,10.7,47.55,0.0,-0.0,0.0,-13.2,1.86,294.0,101118.0,False,1,18,22
2017-01-22 19:00:00,9.23,56.1,0.0,-0.0,0.0,-1.8,2.07,312.0,101158.0,False,1,19,22
2017-01-22 20:00:00,8.13,63.75,0.0,-0.0,0.0,-2.4,2.28,319.0,101188.0,False,1,20,22
2017-01-22 21:00:00,7.36,67.35,0.0,-0.0,0.0,11.0,2.14,323.0,101217.0,False,1,21,22
2017-01-22 22:00:00,5.95,68.55,0.0,-0.0,0.0,5.0,1.45,318.0,101247.0,False,1,22,22
2017-01-22 23:00:00,5.52,69.35,0.0,-0.0,0.0,-2.4,1.59,317.0,101257.0,False,1,23,22
2017-01-23 00:00:00,5.21,70.15,0.0,-0.0,0.0,-16.0,1.66,319.0,101227.0,False,1,0,23
2017-01-23 01:00:00,4.92,70.15,0.0,-0.0,0.0,256.8,1.66,323.0,101197.0,False,1,1,23
2017-01-23 02:00:00,4.05,71.5,0.0,-0.0,0.0,-1.8,1.59,326.0,101207.0,False,1,2,23
2017-01-23 03:00:00,3.85,72.55,0.0,-0.0,0.0,2.0,1.52,328.0,101227.0,False,1,3,23
2017-01-23 04:00:00,3.69,72.45,0.0,-0.0,0.0,5.4,1.52,327.0,101237.0,False,1,4,23
2017-01-23 05:00:00,3.45,75.3,0.0,-0.0,0.0,0.4,1.45,325.0,101237.0,False,1,5,23
2017-01-23 06:00:00,3.2,76.65,0.0,-0.0,0.0,-9.2,1.45,326.0,101257.0,False,1,6,23
2017-01-23 07:00:00,3.07,77.05,0.0,-0.0,0.0,-8.2,1.38,325.0,101347.0,False,1,7,23
2017-01-23 08:00:00,3.7,75.0,114.0,547.23,35.0,0.0,1.45,326.0,101387.0,False,1,8,23
2017-01-23 09:00:00,5.21,71.7,288.0,737.45,62.0,7.8,1.72,326.0,101467.0,False,1,9,23
2017-01-23 10:00:00,8.43,58.6,438.0,845.49,71.0,9.4,0.69,245.0,101556.0,False,1,10,23
2017-01-23 11:00:00,9.67,50.7,436.0,422.39,217.0,3.35,1.24,218.0,101536.0,False,1,11,23
2017-01-23 12:00:00,10.66,50.8,493.0,509.07,211.0,9.4,1.24,226.0,101497.0,False,1,12,23
2017-01-23 13:00:00,11.06,48.25,118.0,0.0,118.0,16.8,0.97,223.0,101427.0,False,1,13,23
2017-01-23 14:00:00,10.95,51.85,276.0,97.48,230.0,9.0,0.76,194.0,101387.0,False,1,14,23
2017-01-23 15:00:00,10.66,55.4,192.0,75.01,165.0,-7.2,0.62,165.0,101427.0,False,1,15,23
2017-01-23 16:00:00,10.48,56.0,154.0,366.87,77.0,-0.2,0.83,152.0,101467.0,False,1,16,23
2017-01-23 17:00:00,9.77,66.05,0.0,0.0,0.0,-5.2,0.62,152.0,101516.0,False,1,17,23
2017-01-23 18:00:00,8.89,72.1,0.0,-0.0,0.0,5.4,0.21,289.0,101576.0,False,1,18,23
2017-01-23 19:00:00,7.78,76.5,0.0,-0.0,0.0,-16.4,1.03,320.0,101596.0,False,1,19,23
2017-01-23 20:00:00,6.59,79.15,0.0,-0.0,0.0,-14.4,1.45,316.0,101636.0,False,1,20,23
2017-01-23 21:00:00,5.37,82.2,0.0,-0.0,0.0,-7.6,1.79,321.0,101686.0,False,1,21,23
2017-01-23 22:00:00,3.89,86.75,0.0,-0.0,0.0,1.8,2.14,321.0,101726.0,False,1,22,23
2017-01-23 23:00:00,3.47,85.65,0.0,-0.0,0.0,-3.8,1.72,317.0,101716.0,False,1,23,23
2017-01-24 00:00:00,3.2,85.1,0.0,-0.0,0.0,0.2,2.14,315.0,101706.0,False,1,0,24
2017-01-24 01:00:00,3.46,80.45,0.0,-0.0,0.0,252.0,2.21,312.0,101676.0,False,1,1,24
2017-01-24 02:00:00,3.17,78.9,0.0,-0.0,0.0,-1.35,2.07,314.0,101656.0,False,1,2,24
2017-01-24 03:00:00,3.6,75.7,0.0,-0.0,0.0,-2.0,2.21,319.0,101646.0,False,1,3,24
2017-01-24 04:00:00,3.15,74.15,0.0,-0.0,0.0,-1.35,2.21,320.0,101686.0,False,1,4,24
2017-01-24 05:00:00,2.77,74.55,0.0,-0.0,0.0,-1.0,2.07,319.0,101666.0,False,1,5,24
2017-01-24 06:00:00,3.03,72.3,0.0,-0.0,0.0,-1.15,2.14,321.0,101696.0,False,1,6,24
2017-01-24 07:00:00,2.65,72.15,0.0,-0.0,0.0,12.2,2.07,321.0,101746.0,False,1,7,24
2017-01-24 08:00:00,4.04,66.6,117.0,559.94,35.0,-3.15,2.07,323.0,101816.0,False,1,8,24
2017-01-24 09:00:00,6.52,63.1,260.0,505.0,104.0,5.0,2.55,320.0,101865.0,False,1,9,24
2017-01-24 10:00:00,9.7,56.75,444.0,862.95,67.0,-0.2,2.28,308.0,101935.0,False,1,10,24
2017-01-24 11:00:00,11.28,44.75,546.0,910.64,71.0,0.6,2.41,300.0,101925.0,False,1,11,24
2017-01-24 12:00:00,12.57,40.8,570.0,827.12,109.0,5.4,2.0,298.0,101865.0,False,1,12,24
2017-01-24 13:00:00,13.2,39.5,545.0,788.3,118.0,2.8,1.66,281.0,101786.0,False,1,13,24
2017-01-24 14:00:00,13.88,37.85,478.0,819.99,88.0,1.35,1.31,256.0,101746.0,False,1,14,24
2017-01-24 15:00:00,13.85,39.15,189.0,63.24,166.0,0.2,1.17,234.0,101736.0,False,1,15,24
2017-01-24 16:00:00,13.28,43.55,188.0,683.66,42.0,-0.75,1.31,230.0,101766.0,False,1,16,24
2017-01-24 17:00:00,11.34,62.95,0.0,0.0,0.0,-2.2,1.45,239.0,101796.0,False,1,17,24
2017-01-24 18:00:00,9.68,62.05,0.0,-0.0,0.0,-4.4,1.86,281.0,101836.0,False,1,18,24
2017-01-24 19:00:00,7.98,67.15,0.0,-0.0,0.0,-1.75,2.14,310.0,101885.0,False,1,19,24
2017-01-24 20:00:00,7.3,65.9,0.0,-0.0,0.0,-1.75,2.34,323.0,101895.0,False,1,20,24
2017-01-24 21:00:00,6.01,66.25,0.0,-0.0,0.0,-2.2,2.14,326.0,101935.0,False,1,21,24
2017-01-24 22:00:00,4.59,68.85,0.0,-0.0,0.0,-1.8,2.07,324.0,101945.0,False,1,22,24
2017-01-24 23:00:00,3.95,69.8,0.0,-0.0,0.0,-2.0,1.59,324.0,101945.0,False,1,23,24
2017-01-25 00:00:00,3.41,71.35,0.0,-0.0,0.0,-1.55,1.59,325.0,101905.0,False,1,0,25
2017-01-25 01:00:00,3.13,72.95,0.0,-0.0,0.0,249.4,1.45,325.0,101895.0,False,1,1,25
2017-01-25 02:00:00,2.35,76.75,0.0,-0.0,0.0,-1.0,1.45,324.0,101865.0,False,1,2,25
2017-01-25 03:00:00,1.74,77.5,0.0,-0.0,0.0,-1.15,1.45,322.0,101875.0,False,1,3,25
2017-01-25 04:00:00,1.78,76.2,0.0,-0.0,0.0,-0.8,1.52,322.0,101845.0,False,1,4,25
2017-01-25 05:00:00,1.7,75.45,0.0,-0.0,0.0,-1.0,1.45,323.0,101826.0,False,1,5,25
2017-01-25 06:00:00,1.7,74.6,0.0,-0.0,0.0,-1.0,1.45,322.0,101836.0,False,1,6,25
2017-01-25 07:00:00,1.39,75.55,0.0,-0.0,0.0,-0.6,1.38,321.0,101836.0,False,1,7,25
2017-01-25 08:00:00,2.95,68.6,117.0,544.99,36.0,-0.8,1.52,321.0,101865.0,False,1,8,25
2017-01-25 09:00:00,6.41,65.6,295.0,754.53,60.0,2.6,1.79,322.0,101875.0,False,1,9,25
2017-01-25 10:00:00,10.5,44.1,447.0,864.09,67.0,6.2,1.03,295.0,101905.0,False,1,10,25
2017-01-25 11:00:00,11.77,43.6,552.0,929.83,64.0,6.0,1.52,228.0,101875.0,False,1,11,25
2017-01-25 12:00:00,12.46,46.65,587.0,895.09,85.0,3.4,2.21,219.0,101786.0,False,1,12,25
2017-01-25 13:00:00,13.01,48.2,571.0,904.02,78.0,2.2,2.48,218.0,101676.0,False,1,13,25
2017-01-25 14:00:00,14.0,45.1,480.0,805.18,94.0,1.4,2.55,219.0,101566.0,False,1,14,25
2017-01-25 15:00:00,14.14,44.45,360.0,810.89,62.0,-0.2,2.41,222.0,101516.0,False,1,15,25
2017-01-25 16:00:00,13.67,45.7,192.0,685.79,43.0,-1.0,2.07,221.0,101487.0,False,1,16,25
2017-01-25 17:00:00,11.87,61.4,0.0,0.0,0.0,-2.4,1.17,232.0,101507.0,False,1,17,25
2017-01-25 18:00:00,10.56,64.6,0.0,-0.0,0.0,-4.0,2.07,249.0,101536.0,False,1,18,25
2017-01-25 19:00:00,8.59,69.4,0.0,-0.0,0.0,0.4,2.14,280.0,101536.0,False,1,19,25
2017-01-25 20:00:00,7.29,70.15,0.0,-0.0,0.0,-1.4,2.14,300.0,101526.0,False,1,20,25
2017-01-25 21:00:00,6.02,69.45,0.0,-0.0,0.0,-1.95,2.14,306.0,101546.0,False,1,21,25
2017-01-25 22:00:00,4.88,69.65,0.0,-0.0,0.0,-2.0,2.0,314.0,101566.0,False,1,22,25
2017-01-25 23:00:00,4.46,68.45,0.0,-0.0,0.0,-2.35,1.72,313.0,101556.0,False,1,23,25
2017-01-26 00:00:00,3.86,67.9,0.0,-0.0,0.0,-2.2,1.45,313.0,101546.0,False,1,0,26
2017-01-26 01:00:00,3.28,69.7,0.0,-0.0,0.0,245.8,1.17,315.0,101516.0,False,1,1,26
2017-01-26 02:00:00,2.7,71.6,0.0,-0.0,0.0,-2.6,1.1,316.0,101467.0,False,1,2,26
2017-01-26 03:00:00,2.15,73.9,0.0,-0.0,0.0,1.8,1.03,317.0,101457.0,False,1,3,26
2017-01-26 04:00:00,1.89,74.4,0.0,-0.0,0.0,6.4,1.1,320.0,101437.0,False,1,4,26
2017-01-26 05:00:00,2.08,73.1,0.0,-0.0,0.0,9.6,1.17,324.0,101427.0,False,1,5,26
2017-01-26 06:00:00,2.22,71.1,0.0,-0.0,0.0,-2.75,1.1,324.0,101437.0,False,1,6,26
2017-01-26 07:00:00,2.12,73.25,0.0,-0.0,0.0,-8.4,0.9,328.0,101437.0,False,1,7,26
2017-01-26 08:00:00,2.82,72.5,119.0,536.76,38.0,-1.4,0.9,326.0,101457.0,False,1,8,26
2017-01-26 09:00:00,5.84,69.8,183.0,117.8,146.0,7.0,0.69,319.0,101497.0,False,1,9,26
2017-01-26 10:00:00,9.53,40.15,285.0,153.58,217.0,5.6,0.34,150.0,101546.0,False,1,10,26
2017-01-26 11:00:00,9.94,49.2,282.0,58.7,251.0,7.8,1.24,180.0,101536.0,False,1,11,26
2017-01-26 12:00:00,10.54,53.8,520.0,574.07,196.0,6.4,1.86,190.0,101447.0,False,1,12,26
2017-01-26 13:00:00,11.13,56.9,434.0,329.64,253.0,0.8,2.28,194.0,101357.0,False,1,13,26
2017-01-26 14:00:00,11.13,59.9,337.0,209.01,236.0,-2.0,2.55,197.0,101307.0,False,1,14,26
2017-01-26 15:00:00,10.84,63.25,235.0,156.19,177.0,14.6,2.62,199.0,101267.0,False,1,15,26
2017-01-26 16:00:00,10.34,65.05,133.0,167.41,96.0,-2.2,2.34,195.0,101267.0,False,1,16,26
2017-01-26 17:00:00,9.63,74.5,0.0,0.0,0.0,3.4,1.66,193.0,101247.0,False,1,17,26
2017-01-26 18:00:00,9.03,80.75,0.0,-0.0,0.0,3.2,1.38,197.0,101237.0,False,1,18,26
2017-01-26 19:00:00,8.79,82.75,0.0,-0.0,0.0,9.4,1.52,218.0,101207.0,False,1,19,26
2017-01-26 20:00:00,9.14,80.0,0.0,-0.0,0.0,-13.8,1.45,251.0,101197.0,False,1,20,26
2017-01-26 21:00:00,7.93,82.0,0.0,-0.0,0.0,-0.6,1.72,252.0,101197.0,False,1,21,26
2017-01-26 22:00:00,7.28,82.1,0.0,-0.0,0.0,-4.4,1.66,237.0,101247.0,False,1,22,26
2017-01-26 23:00:00,7.38,79.65,0.0,-0.0,0.0,18.0,1.59,224.0,101168.0,False,1,23,26
2017-01-27 00:00:00,7.0,82.85,0.0,-0.0,0.0,9.4,1.93,232.0,101148.0,False,1,0,27
2017-01-27 01:00:00,6.28,81.95,0.0,-0.0,0.0,297.0,1.66,217.0,101118.0,False,1,1,27
2017-01-27 02:00:00,6.88,81.5,0.0,-0.0,0.0,20.2,1.66,218.0,101088.0,False,1,2,27
2017-01-27 03:00:00,6.39,85.0,0.0,-0.0,0.0,-14.8,1.66,230.0,101058.0,False,1,3,27
2017-01-27 04:00:00,6.52,86.45,0.0,-0.0,0.0,10.6,1.66,236.0,101008.0,False,1,4,27
2017-01-27 05:00:00,6.89,90.0,0.0,-0.0,0.0,10.2,1.31,248.0,100978.0,False,1,5,27
2017-01-27 06:00:00,6.95,94.3,0.0,-0.0,0.0,-3.0,1.38,255.0,100998.0,False,1,6,27
2017-01-27 07:00:00,6.19,94.7,0.0,-0.0,0.0,-0.35,1.66,247.0,101008.0,False,1,7,27
2017-01-27 08:00:00,7.27,90.4,80.0,110.91,63.0,-27.0,2.28,243.0,101058.0,False,1,8,27
2017-01-27 09:00:00,8.45,88.2,90.0,0.0,90.0,17.2,2.48,231.0,101038.0,False,1,9,27
2017-01-27 10:00:00,9.67,82.75,92.0,0.0,92.0,9.0,2.97,221.0,101108.0,False,1,10,27
2017-01-27 11:00:00,9.52,80.2,58.0,0.0,58.0,2.8,4.0,224.0,101138.0,False,1,11,27
2017-01-27 12:00:00,9.4,83.15,94.0,0.0,94.0,2.6,3.59,226.0,101018.0,False,1,12,27
2017-01-27 13:00:00,10.24,84.4,51.0,0.0,51.0,-14.2,3.45,227.0,100928.0,False,1,13,27
2017-01-27 14:00:00,10.15,86.3,102.0,0.0,102.0,-2.35,3.86,243.0,100868.0,False,1,14,27
2017-01-27 15:00:00,10.83,74.6,371.0,831.52,59.0,4.0,3.24,256.0,100849.0,False,1,15,27
2017-01-27 16:00:00,10.6,64.55,201.0,707.3,42.0,-34.4,3.03,258.0,100888.0,False,1,16,27
2017-01-27 17:00:00,9.64,69.05,14.0,43.37,12.0,-3.0,2.55,262.0,100938.0,False,1,17,27
2017-01-27 18:00:00,8.29,69.6,0.0,-0.0,0.0,-12.2,2.07,267.0,101018.0,False,1,18,27
2017-01-27 19:00:00,7.48,72.2,0.0,-0.0,0.0,-0.4,2.34,274.0,101088.0,False,1,19,27
2017-01-27 20:00:00,7.11,73.4,0.0,-0.0,0.0,3.0,2.55,280.0,101098.0,False,1,20,27
2017-01-27 21:00:00,6.25,74.25,0.0,-0.0,0.0,-5.0,2.69,282.0,101158.0,False,1,21,27
2017-01-27 22:00:00,6.17,72.25,0.0,-0.0,0.0,-1.0,2.34,288.0,101237.0,False,1,22,27
2017-01-27 23:00:00,6.24,72.15,0.0,-0.0,0.0,5.2,2.48,292.0,101267.0,False,1,23,27
2017-01-28 00:00:00,6.19,72.55,0.0,-0.0,0.0,3.0,2.62,294.0,101287.0,False,1,0,28
2017-01-28 01:00:00,5.91,73.65,0.0,-0.0,0.0,265.0,2.76,295.0,101307.0,False,1,1,28
2017-01-28 02:00:00,5.66,72.45,0.0,-0.0,0.0,-0.15,2.97,295.0,101367.0,False,1,2,28
2017-01-28 03:00:00,5.53,71.8,0.0,-0.0,0.0,-5.0,2.97,294.0,101387.0,False,1,3,28
2017-01-28 04:00:00,5.25,72.0,0.0,-0.0,0.0,1.0,3.1,293.0,101457.0,False,1,4,28
2017-01-28 05:00:00,4.98,72.5,0.0,-0.0,0.0,0.4,3.03,294.0,101507.0,False,1,5,28
2017-01-28 06:00:00,4.95,71.4,0.0,-0.0,0.0,-1.8,2.9,292.0,101586.0,False,1,6,28
2017-01-28 07:00:00,4.76,72.2,0.0,-0.0,0.0,-8.4,2.83,291.0,101686.0,False,1,7,28
2017-01-28 08:00:00,5.79,72.15,127.0,597.08,34.0,6.4,2.69,293.0,101776.0,False,1,8,28
2017-01-28 09:00:00,7.74,63.05,302.0,744.56,64.0,4.6,2.48,293.0,101895.0,False,1,9,28
2017-01-28 10:00:00,9.8,50.5,457.0,868.61,67.0,2.4,2.62,287.0,101975.0,False,1,10,28
2017-01-28 11:00:00,10.88,47.45,564.0,932.76,65.0,3.2,2.9,289.0,102025.0,False,1,11,28
2017-01-28 12:00:00,11.94,44.4,596.0,881.55,92.0,3.2,3.03,292.0,102005.0,False,1,12,28
2017-01-28 13:00:00,12.93,41.8,568.0,826.24,108.0,8.6,3.1,294.0,101935.0,False,1,13,28
2017-01-28 14:00:00,13.76,38.55,502.0,859.37,80.0,-4.4,2.9,299.0,101915.0,False,1,14,28
2017-01-28 15:00:00,14.06,37.0,313.0,440.47,146.0,-2.4,2.76,302.0,101905.0,False,1,15,28
2017-01-28 16:00:00,13.78,37.65,139.0,170.59,100.0,1.8,2.34,299.0,101945.0,False,1,16,28
2017-01-28 17:00:00,11.3,60.25,16.0,40.21,14.0,-0.8,1.52,291.0,101995.0,False,1,17,28
2017-01-28 18:00:00,10.67,49.8,0.0,-0.0,0.0,-2.0,1.59,310.0,102055.0,False,1,18,28
2017-01-28 19:00:00,9.36,55.0,0.0,-0.0,0.0,-1.4,1.59,321.0,102105.0,False,1,19,28
2017-01-28 20:00:00,7.23,69.0,0.0,-0.0,0.0,6.0,1.79,322.0,102164.0,False,1,20,28
2017-01-28 21:00:00,6.1,74.3,0.0,-0.0,0.0,-6.2,1.86,326.0,102204.0,False,1,21,28
2017-01-28 22:00:00,5.91,73.6,0.0,-0.0,0.0,-0.75,1.93,322.0,102284.0,False,1,22,28
2017-01-28 23:00:00,5.27,74.1,0.0,-0.0,0.0,-3.6,1.72,319.0,102284.0,False,1,23,28
2017-01-29 00:00:00,4.96,74.6,0.0,-0.0,0.0,8.6,1.52,316.0,102284.0,False,1,0,29
2017-01-29 01:00:00,4.82,75.45,0.0,-0.0,0.0,271.4,1.31,310.0,102284.0,False,1,1,29
2017-01-29 02:00:00,4.28,76.6,0.0,-0.0,0.0,-11.6,1.38,309.0,102244.0,False,1,2,29
2017-01-29 03:00:00,4.09,75.95,0.0,-0.0,0.0,-4.4,1.1,313.0,102234.0,False,1,3,29
2017-01-29 04:00:00,3.75,77.45,0.0,-0.0,0.0,1.35,0.76,317.0,102254.0,False,1,4,29
2017-01-29 05:00:00,3.36,77.9,0.0,-0.0,0.0,3.0,0.62,317.0,102254.0,False,1,5,29
2017-01-29 06:00:00,3.94,75.9,0.0,-0.0,0.0,6.4,0.48,316.0,102264.0,False,1,6,29
2017-01-29 07:00:00,4.2,75.85,0.0,-0.0,0.0,3.8,0.48,322.0,102304.0,False,1,7,29
2017-01-29 08:00:00,5.54,74.05,111.0,347.38,56.0,16.8,0.62,331.0,102344.0,False,1,8,29
2017-01-29 09:00:00,6.82,76.95,307.0,762.63,61.0,-1.6,0.83,338.0,102394.0,False,1,9,29
2017-01-29 10:00:00,10.18,55.7,426.0,663.36,126.0,7.6,0.48,78.0,102414.0,False,1,10,29
2017-01-29 11:00:00,11.21,59.0,519.0,685.23,150.0,5.4,0.76,128.0,102404.0,False,1,11,29
2017-01-29 12:00:00,11.95,61.25,604.0,900.11,86.0,-2.2,1.38,160.0,102374.0,False,1,12,29
2017-01-29 13:00:00,12.52,62.75,553.0,736.63,140.0,2.4,1.52,197.0,102304.0,False,1,13,29
2017-01-29 14:00:00,13.19,59.15,476.0,694.89,132.0,16.0,1.66,196.0,102244.0,False,1,14,29
2017-01-29 15:00:00,12.67,64.05,345.0,600.37,115.0,9.2,1.72,192.0,102214.0,False,1,15,29
2017-01-29 16:00:00,12.56,66.35,168.0,331.24,91.0,-16.4,1.72,199.0,102204.0,False,1,16,29
2017-01-29 17:00:00,11.42,78.1,13.0,18.73,12.0,-10.6,1.24,197.0,102274.0,False,1,17,29
2017-01-29 18:00:00,10.4,80.45,0.0,-0.0,0.0,-13.4,1.31,218.0,102264.0,False,1,18,29
2017-01-29 19:00:00,9.17,83.15,0.0,-0.0,0.0,-2.8,1.38,278.0,102294.0,False,1,19,29
2017-01-29 20:00:00,6.78,89.6,0.0,-0.0,0.0,7.2,1.72,299.0,102294.0,False,1,20,29
2017-01-29 21:00:00,6.25,89.75,0.0,-0.0,0.0,-13.0,2.07,304.0,102324.0,False,1,21,29
2017-01-29 22:00:00,5.75,90.15,0.0,-0.0,0.0,-1.35,2.0,316.0,102354.0,False,1,22,29
2017-01-29 23:00:00,5.94,86.2,0.0,-0.0,0.0,0.2,1.93,311.0,102354.0,False,1,23,29
2017-01-30 00:00:00,5.88,83.2,0.0,-0.0,0.0,0.15,1.79,307.0,102334.0,False,1,0,30
2017-01-30 01:00:00,5.51,83.15,0.0,-0.0,0.0,272.4,1.59,304.0,102274.0,False,1,1,30
2017-01-30 02:00:00,4.89,84.55,0.0,-0.0,0.0,0.35,1.45,305.0,102234.0,False,1,2,30
2017-01-30 03:00:00,5.02,84.1,0.0,-0.0,0.0,6.2,1.31,306.0,102204.0,False,1,3,30
2017-01-30 04:00:00,5.1,84.7,0.0,-0.0,0.0,8.0,1.24,306.0,102204.0,False,1,4,30
2017-01-30 05:00:00,5.15,85.5,0.0,-0.0,0.0,-4.4,1.31,308.0,102174.0,False,1,5,30
2017-01-30 06:00:00,5.4,86.25,0.0,-0.0,0.0,-5.0,1.17,310.0,102145.0,False,1,6,30
2017-01-30 07:00:00,5.54,87.0,0.0,-0.0,0.0,29.0,1.17,308.0,102155.0,False,1,7,30
2017-01-30 08:00:00,6.43,86.9,132.0,602.5,35.0,-8.6,1.17,310.0,102155.0,False,1,8,30
2017-01-30 09:00:00,9.59,82.7,312.0,780.15,58.0,12.4,1.24,303.0,102164.0,False,1,9,30
2017-01-30 10:00:00,13.37,57.9,470.0,904.36,58.0,-12.4,0.9,239.0,102184.0,False,1,10,30
2017-01-30 11:00:00,13.92,60.55,575.0,953.67,58.0,-0.2,1.52,205.0,102184.0,False,1,11,30
2017-01-30 12:00:00,14.51,63.3,608.0,901.06,86.0,1.6,1.86,203.0,102115.0,False,1,12,30
2017-01-30 13:00:00,14.8,66.25,590.0,894.39,85.0,5.2,1.79,206.0,101995.0,False,1,13,30
2017-01-30 14:00:00,15.44,63.6,516.0,895.67,69.0,-8.4,1.86,201.0,101925.0,False,1,14,30
2017-01-30 15:00:00,15.49,66.05,382.0,824.1,63.0,0.8,1.79,194.0,101845.0,False,1,15,30
2017-01-30 16:00:00,14.99,66.85,212.0,710.86,44.0,0.8,1.45,194.0,101806.0,False,1,16,30
2017-01-30 17:00:00,13.73,76.8,20.0,52.57,17.0,-1.6,0.97,184.0,101816.0,False,1,17,30
2017-01-30 18:00:00,12.94,77.85,0.0,-0.0,0.0,-10.2,0.83,208.0,101806.0,False,1,18,30
2017-01-30 19:00:00,11.34,82.3,0.0,-0.0,0.0,-1.35,0.41,292.0,101816.0,False,1,19,30
2017-01-30 20:00:00,9.62,87.95,0.0,-0.0,0.0,3.0,0.55,310.0,101806.0,False,1,20,30
2017-01-30 21:00:00,8.46,91.15,0.0,-0.0,0.0,-9.0,0.55,300.0,101766.0,False,1,21,30
2017-01-30 22:00:00,7.41,94.75,0.0,-0.0,0.0,-1.8,0.9,306.0,101766.0,False,1,22,30
2017-01-30 23:00:00,6.77,94.65,0.0,-0.0,0.0,-1.4,0.83,299.0,101706.0,False,1,23,30
2017-01-31 00:00:00,6.35,94.15,0.0,-0.0,0.0,-0.35,0.69,295.0,101646.0,False,1,0,31
2017-01-31 01:00:00,6.16,94.2,0.0,-0.0,0.0,276.8,0.48,300.0,101616.0,False,1,1,31
2017-01-31 02:00:00,5.5,96.65,0.0,-0.0,0.0,8.2,0.48,304.0,101576.0,False,1,2,31
2017-01-31 03:00:00,5.06,94.8,0.0,-0.0,0.0,-4.4,0.34,304.0,101536.0,False,1,3,31
2017-01-31 04:00:00,5.04,93.15,0.0,-0.0,0.0,-0.6,0.34,312.0,101507.0,False,1,4,31
2017-01-31 05:00:00,4.95,91.7,0.0,-0.0,0.0,1.0,0.34,315.0,101487.0,False,1,5,31
2017-01-31 06:00:00,4.64,92.25,0.0,-0.0,0.0,-1.6,0.41,318.0,101487.0,False,1,6,31
2017-01-31 07:00:00,4.27,92.9,0.0,-0.0,0.0,3.4,0.48,315.0,101487.0,False,1,7,31
2017-01-31 08:00:00,5.69,88.1,124.0,458.0,49.0,-5.2,0.55,322.0,101497.0,False,1,8,31
2017-01-31 09:00:00,8.45,85.65,310.0,739.33,67.0,8.4,0.62,335.0,101526.0,False,1,9,31
2017-01-31 10:00:00,13.03,63.4,451.0,764.73,100.0,-10.0,0.28,16.0,101546.0,False,1,10,31
2017-01-31 11:00:00,13.53,63.85,533.0,716.37,142.0,6.4,0.83,148.0,101507.0,False,1,11,31
2017-01-31 12:00:00,14.03,63.35,592.0,804.17,123.0,-1.0,1.31,155.0,101457.0,False,1,12,31
2017-01-31 13:00:00,14.61,63.3,565.0,754.41,136.0,1.2,1.59,150.0,101347.0,False,1,13,31
2017-01-31 14:00:00,15.21,61.2,510.0,832.77,91.0,1.0,1.66,143.0,101277.0,False,1,14,31
2017-01-31 15:00:00,15.17,60.8,395.0,889.75,47.0,-1.0,1.66,134.0,101277.0,False,1,15,31
2017-01-31 16:00:00,13.31,80.15,211.0,649.38,55.0,9.87,0.86,131.0,101307.0,False,1,16,31
2017-01-31 17:00:00,12.34,80.69,15.0,16.46,14.0,10.56,0.9,125.0,101367.0,False,1,17,31
2017-01-31 18:00:00,11.37,81.24,0.0,-0.0,0.0,11.26,0.95,77.0,101397.0,False,1,18,31
2017-01-31 19:00:00,10.39,81.78,0.0,-0.0,0.0,11.95,0.99,350.0,101427.0,False,1,19,31
2017-01-31 20:00:00,9.42,82.33,0.0,-0.0,0.0,12.65,1.03,332.0,101427.0,False,1,20,31
2017-01-31 21:00:00,8.45,82.87,0.0,-0.0,0.0,13.34,1.08,326.0,101427.0,False,1,21,31
2017-01-31 22:00:00,7.48,83.42,0.0,-0.0,0.0,14.04,1.12,315.0,101437.0,False,1,22,31
2017-01-31 23:00:00,6.51,83.96,0.0,-0.0,0.0,14.73,1.17,309.0,101457.0,False,1,23,31
2011-02-01 00:00:00,5.54,84.51,0.0,-0.0,0.0,15.43,1.21,334.0,101676.0,False,2,0,32
2011-02-01 01:00:00,4.56,85.06,0.0,-0.0,0.0,16.12,1.26,337.0,101696.0,False,2,1,32
2011-02-01 02:00:00,3.59,85.6,0.0,-0.0,0.0,16.81,1.3,337.0,101696.0,False,2,2,32
2011-02-01 03:00:00,2.62,86.15,0.0,-0.0,0.0,17.51,1.35,333.0,101706.0,False,2,3,32
2011-02-01 04:00:00,1.65,86.69,0.0,-0.0,0.0,18.2,1.39,333.0,101706.0,False,2,4,32
2011-02-01 05:00:00,0.68,87.24,0.0,-0.0,0.0,18.9,1.43,335.0,101736.0,False,2,5,32
2011-02-01 06:00:00,-0.3,87.78,0.0,-0.0,0.0,19.59,1.48,333.0,101766.0,False,2,6,32
2011-02-01 07:00:00,-1.27,88.33,0.0,-0.0,0.0,20.29,1.52,330.0,101836.0,False,2,7,32
2011-02-01 08:00:00,2.44,75.15,73.0,54.02,64.0,0.0,1.66,332.0,101895.0,False,2,8,32
2011-02-01 09:00:00,4.18,72.1,204.0,147.65,155.0,3.6,1.72,333.0,101975.0,False,2,9,32
2011-02-01 10:00:00,7.77,55.1,457.0,771.92,100.0,5.2,1.24,355.0,102005.0,False,2,10,32
2011-02-01 11:00:00,8.78,48.35,536.0,702.38,150.0,6.0,1.52,40.0,102015.0,False,2,11,32
2011-02-01 12:00:00,9.03,47.8,602.0,820.89,120.0,21.0,1.93,67.0,102025.0,False,2,12,32
2011-02-01 13:00:00,9.18,47.4,578.0,783.96,129.0,5.8,1.38,78.0,102005.0,False,2,13,32
2011-02-01 14:00:00,9.99,44.6,403.0,345.0,228.0,15.4,0.97,90.0,101995.0,False,2,14,32
2011-02-01 15:00:00,9.89,48.45,332.0,463.08,149.0,9.4,0.97,125.0,102015.0,False,2,15,32
2011-02-01 16:00:00,9.54,51.85,212.0,610.27,63.0,-2.2,0.83,167.0,102025.0,False,2,16,32
2011-02-01 17:00:00,9.02,55.95,27.0,108.58,20.0,-27.4,0.9,196.0,102065.0,False,2,17,32
2011-02-01 18:00:00,7.2,71.75,0.0,-0.0,0.0,-17.4,1.24,232.0,102095.0,False,2,18,32
2011-02-01 19:00:00,7.81,66.55,0.0,-0.0,0.0,-2.0,1.66,272.0,102145.0,False,2,19,32
2011-02-01 20:00:00,6.35,74.4,0.0,-0.0,0.0,-1.2,2.0,292.0,102224.0,False,2,20,32
2011-02-01 21:00:00,4.2,78.35,0.0,-0.0,0.0,-1.0,2.21,303.0,102244.0,False,2,21,32
2011-02-01 22:00:00,2.9,81.1,0.0,-0.0,0.0,0.0,2.41,302.0,102234.0,False,2,22,32
2011-02-01 23:00:00,2.52,80.5,0.0,-0.0,0.0,-3.4,2.34,307.0,102204.0,False,2,23,32
2011-02-02 00:00:00,2.37,78.55,0.0,-0.0,0.0,-0.6,2.0,310.0,102164.0,False,2,0,33
2011-02-02 01:00:00,2.3,77.65,0.0,-0.0,0.0,243.2,2.0,312.0,102145.0,False,2,1,33
2011-02-02 02:00:00,2.44,75.5,0.0,-0.0,0.0,6.4,1.72,317.0,102095.0,False,2,2,33
2011-02-02 03:00:00,1.97,75.25,0.0,-0.0,0.0,-6.8,1.66,322.0,102075.0,False,2,3,33
2011-02-02 04:00:00,2.57,72.25,0.0,-0.0,0.0,17.6,1.72,323.0,102065.0,False,2,4,33
2011-02-02 05:00:00,2.44,72.65,0.0,-0.0,0.0,2.2,1.66,323.0,102035.0,False,2,5,33
2011-02-02 06:00:00,2.43,72.95,0.0,-0.0,0.0,-1.6,1.72,328.0,102055.0,False,2,6,33
2011-02-02 07:00:00,2.35,74.35,0.0,-0.0,0.0,-8.4,1.79,335.0,102095.0,False,2,7,33
2011-02-02 08:00:00,3.8,68.15,132.0,483.63,50.0,-14.8,1.93,340.0,102174.0,False,2,8,33
2011-02-02 09:00:00,4.82,65.05,312.0,695.24,79.0,-1.2,1.79,341.0,102244.0,False,2,9,33
2011-02-02 10:00:00,8.24,47.7,466.0,802.48,92.0,4.2,1.31,334.0,102314.0,False,2,10,33
2011-02-02 11:00:00,9.17,41.55,574.0,869.19,93.0,3.0,0.55,298.0,102334.0,False,2,11,33
2011-02-02 12:00:00,9.97,37.9,620.0,888.06,95.0,3.4,0.41,241.0,102264.0,False,2,12,33
2011-02-02 13:00:00,10.29,39.75,606.0,896.23,89.0,0.0,0.48,206.0,102214.0,False,2,13,33
2011-02-02 14:00:00,11.4,36.7,517.0,813.45,101.0,2.4,0.9,197.0,102164.0,False,2,14,33
2011-02-02 15:00:00,11.65,38.85,385.0,741.36,89.0,1.75,1.38,197.0,102145.0,False,2,15,33
2011-02-02 16:00:00,11.16,42.3,212.0,580.42,68.0,1.6,1.45,206.0,102145.0,False,2,16,33
2011-02-02 17:00:00,9.84,54.7,37.0,249.29,20.0,-0.15,1.03,220.0,102184.0,False,2,17,33
2011-02-02 18:00:00,8.07,61.8,0.0,-0.0,0.0,-2.8,1.59,266.0,102224.0,False,2,18,33
2011-02-02 19:00:00,7.73,63.8,0.0,-0.0,0.0,1.6,2.07,296.0,102284.0,False,2,19,33
2011-02-02 20:00:00,6.88,63.55,0.0,-0.0,0.0,-1.4,2.48,306.0,102284.0,False,2,20,33
2011-02-02 21:00:00,5.48,64.9,0.0,-0.0,0.0,-1.6,2.48,310.0,102284.0,False,2,21,33
2011-02-02 22:00:00,3.48,72.05,0.0,-0.0,0.0,-2.55,2.34,308.0,102304.0,False,2,22,33
2011-02-02 23:00:00,3.1,69.3,0.0,-0.0,0.0,-3.2,2.21,313.0,102244.0,False,2,23,33
2011-02-03 00:00:00,2.87,66.2,0.0,-0.0,0.0,-2.2,2.21,320.0,102264.0,False,2,0,34
2011-02-03 01:00:00,2.52,65.2,0.0,-0.0,0.0,239.2,2.07,326.0,102264.0,False,2,1,34
2011-02-03 02:00:00,1.84,66.3,0.0,-0.0,0.0,-1.15,1.93,329.0,102254.0,False,2,2,34
2011-02-03 03:00:00,1.93,66.2,0.0,-0.0,0.0,-1.6,1.93,327.0,102244.0,False,2,3,34
2011-02-03 04:00:00,1.8,65.95,0.0,-0.0,0.0,-1.0,1.86,331.0,102244.0,False,2,4,34
2011-02-03 05:00:00,1.49,66.2,0.0,-0.0,0.0,-1.0,1.86,334.0,102234.0,False,2,5,34
2011-02-03 06:00:00,1.5,65.85,0.0,-0.0,0.0,-0.15,1.79,334.0,102314.0,False,2,6,34
2011-02-03 07:00:00,1.55,66.9,0.0,-0.0,0.0,0.15,1.66,332.0,102374.0,False,2,7,34
2011-02-03 08:00:00,3.78,61.75,135.0,486.71,51.0,-0.15,1.79,336.0,102434.0,False,2,8,34
2011-02-03 09:00:00,5.5,59.6,316.0,697.21,80.0,10.4,1.79,345.0,102513.0,False,2,9,34
2011-02-03 10:00:00,10.79,38.65,473.0,819.67,88.0,-1.15,1.03,30.0,102583.0,False,2,10,34
2011-02-03 11:00:00,11.85,33.5,579.0,870.3,94.0,5.4,1.38,73.0,102603.0,False,2,11,34
2011-02-03 12:00:00,12.41,33.8,622.0,873.58,102.0,3.6,1.31,90.0,102563.0,False,2,12,34
2011-02-03 13:00:00,12.58,35.9,608.0,882.92,95.0,3.0,1.38,114.0,102553.0,False,2,13,34
2011-02-03 14:00:00,13.26,35.95,522.0,814.61,102.0,2.0,1.59,130.0,102503.0,False,2,14,34
2011-02-03 15:00:00,12.82,40.05,391.0,758.59,85.0,1.4,1.59,140.0,102523.0,False,2,15,34
2011-02-03 16:00:00,12.19,43.3,219.0,610.97,65.0,0.0,1.24,154.0,102563.0,False,2,16,34
2011-02-03 17:00:00,10.57,61.6,39.0,250.23,21.0,-1.2,0.9,169.0,102633.0,False,2,17,34
2011-02-03 18:00:00,10.11,58.6,0.0,-0.0,0.0,-2.4,1.03,190.0,102683.0,False,2,18,34
2011-02-03 19:00:00,9.4,61.65,0.0,-0.0,0.0,-1.0,0.83,260.0,102773.0,False,2,19,34
2011-02-03 20:00:00,6.63,73.3,0.0,-0.0,0.0,-1.0,1.24,302.0,102783.0,False,2,20,34
2011-02-03 21:00:00,3.15,80.45,0.0,-0.0,0.0,-2.15,1.45,311.0,102812.0,False,2,21,34
2011-02-03 22:00:00,2.1,81.05,0.0,-0.0,0.0,-0.6,1.66,317.0,102842.0,False,2,22,34
2011-02-03 23:00:00,2.26,77.65,0.0,-0.0,0.0,-1.4,1.66,315.0,102862.0,False,2,23,34
2011-02-04 00:00:00,2.14,74.85,0.0,-0.0,0.0,-2.2,1.45,314.0,102842.0,False,2,0,35
2011-02-04 01:00:00,1.95,72.95,0.0,-0.0,0.0,245.6,1.31,316.0,102852.0,False,2,1,35
2011-02-04 02:00:00,1.51,74.0,0.0,-0.0,0.0,-1.2,1.24,318.0,102852.0,False,2,2,35
2011-02-04 03:00:00,2.25,72.1,0.0,-0.0,0.0,1.8,1.24,319.0,102832.0,False,2,3,35
2011-02-04 04:00:00,2.11,72.0,0.0,-0.0,0.0,-2.2,1.17,318.0,102822.0,False,2,4,35
2011-02-04 05:00:00,1.93,70.9,0.0,-0.0,0.0,-0.55,1.1,317.0,102832.0,False,2,5,35
2011-02-04 06:00:00,1.78,69.4,0.0,-0.0,0.0,-1.0,1.1,317.0,102872.0,False,2,6,35
2011-02-04 07:00:00,1.47,68.5,0.0,-0.0,0.0,-1.2,1.17,319.0,102892.0,False,2,7,35
2011-02-04 08:00:00,3.51,62.5,141.0,534.96,47.0,-0.6,1.31,325.0,102962.0,False,2,8,35
2011-02-04 09:00:00,6.7,62.55,320.0,698.97,81.0,3.0,1.52,322.0,103012.0,False,2,9,35
2011-02-04 10:00:00,12.75,27.65,480.0,838.57,83.0,6.6,0.69,299.0,103122.0,False,2,10,35
2011-02-04 11:00:00,13.49,29.75,586.0,889.11,87.0,6.4,0.83,198.0,103132.0,False,2,11,35
2011-02-04 12:00:00,13.96,35.45,633.0,907.62,89.0,4.2,1.24,185.0,103072.0,False,2,12,35
2011-02-04 13:00:00,14.04,40.5,612.0,883.4,95.0,3.2,1.52,185.0,103032.0,False,2,13,35
2011-02-04 14:00:00,15.09,39.75,530.0,833.01,97.0,2.6,1.72,189.0,102962.0,False,2,14,35
2011-02-04 15:00:00,15.17,44.0,398.0,775.43,82.0,1.6,1.79,191.0,102962.0,False,2,15,35
2011-02-04 16:00:00,14.46,48.95,223.0,613.19,66.0,0.0,1.66,190.0,102972.0,False,2,16,35
2011-02-04 17:00:00,12.88,63.05,43.0,264.24,23.0,-1.8,1.1,185.0,103012.0,False,2,17,35
2011-02-04 18:00:00,11.96,62.65,0.0,-0.0,0.0,-3.35,1.17,201.0,103062.0,False,2,18,35
2011-02-04 19:00:00,10.94,65.65,0.0,-0.0,0.0,-0.35,0.97,265.0,103112.0,False,2,19,35
2011-02-04 20:00:00,8.1,72.8,0.0,-0.0,0.0,-1.8,0.9,296.0,103112.0,False,2,20,35
2011-02-04 21:00:00,4.56,81.0,0.0,-0.0,0.0,-2.0,0.9,312.0,103132.0,False,2,21,35
2011-02-04 22:00:00,3.65,82.75,0.0,-0.0,0.0,-1.4,0.69,302.0,103191.0,False,2,22,35
2011-02-04 23:00:00,3.54,78.95,0.0,-0.0,0.0,-1.8,0.83,306.0,103191.0,False,2,23,35
2011-02-05 00:00:00,3.87,74.8,0.0,-0.0,0.0,-1.8,1.03,307.0,103161.0,False,2,0,36
2011-02-05 01:00:00,3.65,74.0,0.0,-0.0,0.0,252.2,1.17,310.0,103122.0,False,2,1,36
2011-02-05 02:00:00,2.82,74.25,0.0,-0.0,0.0,-1.55,1.1,315.0,103102.0,False,2,2,36
2011-02-05 03:00:00,3.19,73.1,0.0,-0.0,0.0,-1.8,0.97,314.0,103012.0,False,2,3,36
2011-02-05 04:00:00,3.09,72.2,0.0,-0.0,0.0,-1.55,0.76,316.0,103002.0,False,2,4,36
2011-02-05 05:00:00,2.76,72.95,0.0,-0.0,0.0,-1.0,0.76,319.0,102972.0,False,2,5,36
2011-02-05 06:00:00,2.46,73.4,0.0,-0.0,0.0,-1.0,0.76,322.0,103022.0,False,2,6,36
2011-02-05 07:00:00,2.36,73.5,0.0,-0.0,0.0,-2.0,0.76,323.0,103032.0,False,2,7,36
2011-02-05 08:00:00,4.42,69.2,143.0,525.36,49.0,0.0,0.97,324.0,103082.0,False,2,8,36
2011-02-05 09:00:00,6.96,66.75,325.0,715.0,78.0,4.0,1.03,321.0,103122.0,False,2,9,36
2011-02-05 10:00:00,12.31,35.95,482.0,823.52,89.0,7.6,0.55,258.0,103141.0,False,2,10,36
2011-02-05 11:00:00,12.71,42.85,594.0,907.56,81.0,6.6,0.97,194.0,103122.0,False,2,11,36
2011-02-05 12:00:00,13.24,46.75,628.0,859.92,109.0,4.8,1.45,186.0,103082.0,False,2,12,36
2011-02-05 13:00:00,13.6,49.85,617.0,885.51,95.0,3.0,1.66,186.0,103002.0,False,2,13,36
2011-02-05 14:00:00,14.72,48.45,535.0,835.8,97.0,2.0,1.72,186.0,102912.0,False,2,14,36
2011-02-05 15:00:00,14.67,50.9,405.0,794.31,78.0,0.35,1.59,190.0,102862.0,False,2,15,36
2011-02-05 16:00:00,14.57,52.0,229.0,630.69,65.0,-1.0,1.31,187.0,102852.0,False,2,16,36
2011-02-05 17:00:00,12.75,68.2,47.0,314.65,22.0,-2.0,0.97,180.0,102852.0,False,2,17,36
2011-02-05 18:00:00,12.84,63.15,0.0,-0.0,0.0,-4.2,0.83,228.0,102882.0,False,2,18,36
2011-02-05 19:00:00,9.66,72.4,0.0,-0.0,0.0,0.6,0.97,315.0,102882.0,False,2,19,36
2011-02-05 20:00:00,7.6,81.65,0.0,-0.0,0.0,-1.75,0.97,330.0,102862.0,False,2,20,36
2011-02-05 21:00:00,5.52,84.2,0.0,-0.0,0.0,-1.8,0.76,331.0,102862.0,False,2,21,36
2011-02-05 22:00:00,4.21,82.45,0.0,-0.0,0.0,-1.6,0.76,331.0,102892.0,False,2,22,36
2011-02-05 23:00:00,4.59,78.05,0.0,-0.0,0.0,-1.35,0.83,326.0,102892.0,False,2,23,36
2011-02-06 00:00:00,4.91,72.65,0.0,-0.0,0.0,-1.4,0.83,325.0,102862.0,False,2,0,37
2011-02-06 01:00:00,4.56,69.15,0.0,-0.0,0.0,255.6,0.83,322.0,102842.0,False,2,1,37
2011-02-06 02:00:00,4.11,67.4,0.0,-0.0,0.0,-0.8,0.76,320.0,102803.0,False,2,2,37
2011-02-06 03:00:00,3.66,66.15,0.0,-0.0,0.0,-1.0,0.69,320.0,102723.0,False,2,3,37
2011-02-06 04:00:00,3.18,64.85,0.0,-0.0,0.0,-1.2,0.62,320.0,102703.0,False,2,4,37
2011-02-06 05:00:00,2.83,63.25,0.0,-0.0,0.0,-0.6,0.62,320.0,102673.0,False,2,5,37
2011-02-06 06:00:00,3.05,61.45,0.0,-0.0,0.0,-0.8,0.55,320.0,102693.0,False,2,6,37
2011-02-06 07:00:00,2.87,59.4,0.0,-0.0,0.0,-0.55,0.55,317.0,102683.0,False,2,7,37
2011-02-06 08:00:00,5.52,51.45,147.0,532.31,50.0,0.55,0.62,316.0,102723.0,False,2,8,37
2011-02-06 09:00:00,7.75,55.9,331.0,730.55,76.0,3.8,0.69,320.0,102733.0,False,2,9,37
2011-02-06 10:00:00,13.22,23.4,486.0,825.21,89.0,6.2,0.41,331.0,102743.0,False,2,10,37
2011-02-06 11:00:00,13.72,30.65,593.0,876.46,94.0,6.4,0.55,146.0,102713.0,False,2,11,37
2011-02-06 12:00:00,13.95,34.05,650.0,944.43,76.0,3.8,1.1,149.0,102653.0,False,2,12,37
2011-02-06 13:00:00,14.38,37.6,622.0,887.53,95.0,2.75,1.24,152.0,102563.0,False,2,13,37
2011-02-06 14:00:00,15.57,37.05,537.0,821.46,103.0,1.2,1.45,155.0,102493.0,False,2,14,37
2011-02-06 15:00:00,15.21,41.6,412.0,810.37,75.0,0.4,1.38,159.0,102484.0,False,2,15,37
2011-02-06 16:00:00,14.72,45.4,232.0,621.11,68.0,-1.0,1.17,162.0,102464.0,False,2,16,37
2011-02-06 17:00:00,12.78,64.55,51.0,324.42,24.0,-2.6,0.76,167.0,102464.0,False,2,17,37
2011-02-06 18:00:00,12.22,64.4,0.0,-0.0,0.0,-4.2,0.07,219.0,102464.0,False,2,18,37
2011-02-06 19:00:00,10.23,70.4,0.0,-0.0,0.0,-2.8,0.69,359.0,102484.0,False,2,19,37
2011-02-06 20:00:00,8.2,76.1,0.0,-0.0,0.0,-2.0,0.83,355.0,102474.0,False,2,20,37
2011-02-06 21:00:00,5.82,78.75,0.0,-0.0,0.0,-2.2,0.76,351.0,102503.0,False,2,21,37
2011-02-06 22:00:00,4.46,78.65,0.0,-0.0,0.0,-2.0,0.69,342.0,102493.0,False,2,22,37
2011-02-06 23:00:00,4.69,75.95,0.0,-0.0,0.0,-1.8,0.69,336.0,102493.0,False,2,23,37
2011-02-07 00:00:00,4.82,72.8,0.0,-0.0,0.0,-1.35,0.62,332.0,102484.0,False,2,0,38
2011-02-07 01:00:00,4.57,71.4,0.0,-0.0,0.0,254.8,0.69,325.0,102454.0,False,2,1,38
2011-02-07 02:00:00,4.09,69.8,0.0,-0.0,0.0,-0.55,0.69,327.0,102424.0,False,2,2,38
2011-02-07 03:00:00,4.05,68.4,0.0,-0.0,0.0,-1.0,0.62,337.0,102364.0,False,2,3,38
2011-02-07 04:00:00,3.76,67.2,0.0,-0.0,0.0,0.8,0.62,337.0,102324.0,False,2,4,38
2011-02-07 05:00:00,3.04,66.65,0.0,-0.0,0.0,-1.2,0.62,332.0,102314.0,False,2,5,38
2011-02-07 06:00:00,3.23,64.05,0.0,-0.0,0.0,3.8,0.55,328.0,102324.0,False,2,6,38
2011-02-07 07:00:00,3.41,63.6,0.0,-0.0,0.0,12.6,0.55,324.0,102344.0,False,2,7,38
2011-02-07 08:00:00,5.68,56.9,138.0,398.69,64.0,-3.8,0.41,319.0,102384.0,False,2,8,38
2011-02-07 09:00:00,7.27,61.35,320.0,629.37,98.0,-5.0,0.62,330.0,102404.0,False,2,9,38
2011-02-07 10:00:00,12.16,32.7,488.0,812.33,94.0,3.0,0.14,54.0,102434.0,False,2,10,38
2011-02-07 11:00:00,12.47,36.5,601.0,894.55,88.0,9.0,1.03,145.0,102424.0,False,2,11,38
2011-02-07 12:00:00,12.65,42.45,645.0,895.36,97.0,-3.8,1.31,156.0,102384.0,False,2,12,38
2011-02-07 13:00:00,12.77,46.55,628.0,889.47,96.0,3.4,1.38,162.0,102294.0,False,2,13,38
2011-02-07 14:00:00,13.83,49.1,539.0,807.32,109.0,2.15,1.45,166.0,102204.0,False,2,14,38
2011-02-07 15:00:00,13.83,53.55,395.0,673.72,112.0,2.2,1.52,167.0,102194.0,False,2,15,38
2011-02-07 16:00:00,13.61,55.7,157.0,138.03,120.0,-0.75,1.38,165.0,102174.0,False,2,16,38
2011-02-07 17:00:00,11.62,71.3,33.0,45.97,29.0,-1.8,1.1,168.0,102204.0,False,2,17,38
2011-02-07 18:00:00,12.18,68.75,0.0,-0.0,0.0,-4.0,1.03,174.0,102204.0,False,2,18,38
2011-02-07 19:00:00,11.31,74.55,0.0,-0.0,0.0,10.4,0.62,243.0,102224.0,False,2,19,38
2011-02-07 20:00:00,8.92,85.45,0.0,-0.0,0.0,-11.4,0.62,292.0,102224.0,False,2,20,38
2011-02-07 21:00:00,6.28,89.05,0.0,-0.0,0.0,4.8,0.62,306.0,102234.0,False,2,21,38
2011-02-07 22:00:00,5.22,92.95,0.0,-0.0,0.0,3.8,0.41,316.0,102254.0,False,2,22,38
2011-02-07 23:00:00,5.14,92.2,0.0,-0.0,0.0,0.6,0.41,307.0,102214.0,False,2,23,38
2011-02-08 00:00:00,4.79,91.3,0.0,-0.0,0.0,-11.6,0.55,305.0,102214.0,False,2,0,39
2011-02-08 01:00:00,4.53,90.7,0.0,-0.0,0.0,265.2,0.55,297.0,102194.0,False,2,1,39
2011-02-08 02:00:00,4.51,90.2,0.0,-0.0,0.0,10.6,0.55,294.0,102155.0,False,2,2,39
2011-02-08 03:00:00,4.22,90.15,0.0,-0.0,0.0,8.4,0.48,303.0,102125.0,False,2,3,39
2011-02-08 04:00:00,4.47,89.55,0.0,-0.0,0.0,12.8,0.69,305.0,102065.0,False,2,4,39
2011-02-08 05:00:00,4.95,86.8,0.0,-0.0,0.0,20.4,0.83,305.0,102065.0,False,2,5,39
2011-02-08 06:00:00,5.37,84.8,0.0,-0.0,0.0,2.2,0.83,305.0,102085.0,False,2,6,39
2011-02-08 07:00:00,5.22,85.3,0.0,-0.0,0.0,7.2,0.83,303.0,102105.0,False,2,7,39
2011-02-08 08:00:00,6.61,78.75,150.0,502.44,55.0,-13.0,0.97,300.0,102135.0,False,2,8,39
2011-02-08 09:00:00,7.72,71.4,330.0,670.43,91.0,-1.6,0.9,246.0,102184.0,False,2,9,39
2011-02-08 10:00:00,10.5,64.3,482.0,754.56,113.0,1.0,1.24,234.0,102194.0,False,2,10,39
2011-02-08 11:00:00,11.56,64.1,593.0,830.94,113.0,-10.6,1.45,215.0,102174.0,False,2,11,39
2011-02-08 12:00:00,11.02,67.55,632.0,816.09,129.0,10.0,1.52,199.0,102115.0,False,2,12,39
2011-02-08 13:00:00,11.46,67.85,561.0,585.92,208.0,-13.4,1.66,193.0,102005.0,False,2,13,39
2011-02-08 14:00:00,12.92,60.5,412.0,297.98,252.0,13.4,1.93,193.0,101915.0,False,2,14,39
2011-02-08 15:00:00,12.98,63.1,383.0,586.9,134.0,10.4,1.86,204.0,101895.0,False,2,15,39
2011-02-08 16:00:00,12.83,64.45,217.0,441.03,97.0,-14.6,1.86,203.0,101865.0,False,2,16,39
2011-02-08 17:00:00,11.35,75.3,56.0,319.4,27.0,4.8,1.59,201.0,101865.0,False,2,17,39
2011-02-08 18:00:00,11.02,77.85,0.0,-0.0,0.0,-24.8,0.97,196.0,101855.0,False,2,18,39
2011-02-08 19:00:00,9.75,81.9,0.0,-0.0,0.0,5.8,1.38,218.0,101885.0,False,2,19,39
2011-02-08 20:00:00,7.95,87.15,0.0,-0.0,0.0,13.2,1.31,247.0,101915.0,False,2,20,39
2011-02-08 21:00:00,5.31,92.8,0.0,-0.0,0.0,14.0,1.31,269.0,101925.0,False,2,21,39
2011-02-08 22:00:00,6.07,95.3,0.0,-0.0,0.0,-12.2,1.17,299.0,101955.0,False,2,22,39
2011-02-08 23:00:00,6.2,93.5,0.0,-0.0,0.0,-8.0,1.1,306.0,101925.0,False,2,23,39
2011-02-09 00:00:00,6.18,89.2,0.0,-0.0,0.0,-11.2,1.17,306.0,101925.0,False,2,0,40
2011-02-09 01:00:00,5.89,88.75,0.0,-0.0,0.0,276.8,1.1,307.0,101915.0,False,2,1,40
2011-02-09 02:00:00,5.7,86.45,0.0,-0.0,0.0,7.2,1.03,308.0,101865.0,False,2,2,40
2011-02-09 03:00:00,5.88,83.25,0.0,-0.0,0.0,-0.75,1.1,308.0,101826.0,False,2,3,40
2011-02-09 04:00:00,5.5,83.3,0.0,-0.0,0.0,-11.0,1.03,311.0,101826.0,False,2,4,40
2011-02-09 05:00:00,5.28,83.15,0.0,-0.0,0.0,8.4,1.03,314.0,101845.0,False,2,5,40
2011-02-09 06:00:00,5.25,82.05,0.0,-0.0,0.0,7.8,0.83,322.0,101865.0,False,2,6,40
2011-02-09 07:00:00,5.17,82.4,0.0,0.0,0.0,-7.6,0.69,330.0,101895.0,False,2,7,40
2011-02-09 08:00:00,6.08,80.95,147.0,430.88,64.0,-5.8,0.69,331.0,101935.0,False,2,8,40
2011-02-09 09:00:00,7.79,74.6,325.0,610.58,105.0,14.2,0.41,13.0,101985.0,False,2,9,40
2011-02-09 10:00:00,11.64,59.9,478.0,713.86,126.0,-4.4,0.28,55.0,102005.0,False,2,10,40
2011-02-09 11:00:00,11.89,63.2,588.0,785.35,131.0,2.15,0.9,162.0,102015.0,False,2,11,40
2011-02-09 12:00:00,12.22,64.15,637.0,818.41,129.0,10.2,1.24,166.0,101965.0,False,2,12,40
2011-02-09 13:00:00,12.22,65.65,617.0,795.9,134.0,31.6,1.38,162.0,101885.0,False,2,13,40
2011-02-09 14:00:00,13.09,65.4,533.0,737.12,134.0,-5.4,1.66,158.0,101836.0,False,2,14,40
2011-02-09 15:00:00,13.66,66.35,408.0,704.8,106.0,-14.6,1.79,152.0,101816.0,False,2,15,40
2011-02-09 16:00:00,13.22,69.5,236.0,564.97,80.0,-6.6,1.72,150.0,101845.0,False,2,16,40
2011-02-09 17:00:00,11.79,79.4,57.0,296.03,29.0,11.2,1.66,150.0,101875.0,False,2,17,40
2011-02-09 18:00:00,12.19,85.65,0.0,-0.0,0.0,0.75,1.1,144.0,101915.0,False,2,18,40
2011-02-09 19:00:00,11.74,85.25,0.0,-0.0,0.0,-3.6,0.83,116.0,101945.0,False,2,19,40
2011-02-09 20:00:00,10.25,90.75,0.0,-0.0,0.0,-22.2,0.9,58.0,101985.0,False,2,20,40
2011-02-09 21:00:00,7.84,94.25,0.0,-0.0,0.0,-13.8,0.9,21.0,102015.0,False,2,21,40
2011-02-09 22:00:00,6.38,98.05,0.0,-0.0,0.0,-2.75,1.17,4.0,102065.0,False,2,22,40
2011-02-09 23:00:00,6.5,96.0,0.0,-0.0,0.0,19.0,1.03,3.0,102055.0,False,2,23,40
2011-02-10 00:00:00,5.93,96.0,0.0,-0.0,0.0,-4.4,1.1,0.0,102065.0,False,2,0,41
2011-02-10 01:00:00,5.53,95.3,0.0,-0.0,0.0,299.4,1.66,353.0,102065.0,False,2,1,41
2011-02-10 02:00:00,4.6,97.05,0.0,-0.0,0.0,10.2,1.31,347.0,102065.0,False,2,2,41
2011-02-10 03:00:00,5.48,93.3,0.0,-0.0,0.0,-0.75,1.45,343.0,102045.0,False,2,3,41
2011-02-10 04:00:00,5.46,88.4,0.0,-0.0,0.0,-3.0,1.17,340.0,102085.0,False,2,4,41
2011-02-10 05:00:00,5.38,80.95,0.0,-0.0,0.0,-50.0,0.97,339.0,102095.0,False,2,5,41
2011-02-10 06:00:00,5.57,76.5,0.0,-0.0,0.0,6.4,0.9,338.0,102125.0,False,2,6,41
2011-02-10 07:00:00,5.2,75.95,0.0,0.0,0.0,0.6,1.03,342.0,102145.0,False,2,7,41
2011-02-10 08:00:00,5.83,71.1,155.0,478.96,61.0,-5.8,1.45,343.0,102184.0,False,2,8,41
2011-02-10 09:00:00,8.01,60.35,334.0,647.97,98.0,-2.4,1.17,16.0,102204.0,False,2,9,41
2011-02-10 10:00:00,11.73,41.1,494.0,774.31,109.0,2.4,1.31,44.0,102194.0,False,2,10,41
2011-02-10 11:00:00,12.46,40.95,599.0,818.83,119.0,4.8,1.45,84.0,102194.0,False,2,11,41
2011-02-10 12:00:00,13.05,42.0,646.0,835.06,124.0,1.8,1.86,106.0,102135.0,False,2,12,41
2011-02-10 13:00:00,13.07,45.2,629.0,829.41,122.0,1.75,2.07,116.0,102085.0,False,2,13,41
2011-02-10 14:00:00,14.04,45.35,550.0,799.03,114.0,1.4,2.0,124.0,102025.0,False,2,14,41
2011-02-10 15:00:00,13.99,50.1,418.0,734.88,100.0,0.75,1.93,129.0,102025.0,False,2,15,41
2011-02-10 16:00:00,13.44,52.95,243.0,588.94,78.0,-0.35,1.72,134.0,101995.0,False,2,16,41
2011-02-10 17:00:00,11.44,64.0,61.0,315.11,30.0,-0.8,1.38,135.0,101995.0,False,2,17,41
2011-02-10 18:00:00,10.88,71.1,0.0,-0.0,0.0,-2.35,1.1,124.0,101975.0,False,2,18,41
2011-02-10 19:00:00,10.15,72.35,0.0,-0.0,0.0,-3.6,0.69,60.0,102005.0,False,2,19,41
2011-02-10 20:00:00,7.84,81.45,0.0,-0.0,0.0,-4.2,0.76,10.0,102005.0,False,2,20,41
2011-02-10 21:00:00,5.1,88.45,0.0,-0.0,0.0,-3.6,0.62,356.0,102025.0,False,2,21,41
2011-02-10 22:00:00,3.89,96.3,0.0,-0.0,0.0,0.15,0.55,340.0,102065.0,False,2,22,41
2011-02-10 23:00:00,3.25,95.25,0.0,-0.0,0.0,-1.8,0.69,335.0,102035.0,False,2,23,41
2011-02-11 00:00:00,3.41,92.9,0.0,-0.0,0.0,-0.8,0.48,332.0,102025.0,False,2,0,42
2011-02-11 01:00:00,3.01,93.7,0.0,-0.0,0.0,253.6,0.83,336.0,101975.0,False,2,1,42
2011-02-11 02:00:00,1.81,94.4,0.0,-0.0,0.0,1.8,1.24,333.0,101955.0,False,2,2,42
2011-02-11 03:00:00,2.09,94.55,0.0,-0.0,0.0,20.6,1.24,329.0,101935.0,False,2,3,42
2011-02-11 04:00:00,2.02,94.0,0.0,-0.0,0.0,-8.8,1.03,327.0,101895.0,False,2,4,42
2011-02-11 05:00:00,2.22,87.6,0.0,-0.0,0.0,-11.8,0.97,326.0,101905.0,False,2,5,42
2011-02-11 06:00:00,2.49,83.7,0.0,-0.0,0.0,1.75,0.83,323.0,101905.0,False,2,6,42
2011-02-11 07:00:00,2.48,81.85,0.0,0.0,0.0,0.4,0.62,320.0,101965.0,False,2,7,42
2011-02-11 08:00:00,4.34,76.3,161.0,515.07,58.0,-1.6,0.62,322.0,101995.0,False,2,8,42
2011-02-11 09:00:00,6.58,60.75,348.0,717.03,84.0,-3.6,0.28,309.0,102015.0,False,2,9,42
2011-02-11 10:00:00,10.77,49.55,501.0,789.78,105.0,6.6,0.34,258.0,102035.0,False,2,10,42
2011-02-11 11:00:00,11.53,52.6,608.0,836.51,114.0,22.2,0.9,179.0,101995.0,False,2,11,42
2011-02-11 12:00:00,12.17,55.75,655.0,853.0,118.0,0.0,1.31,177.0,101915.0,False,2,12,42
2011-02-11 13:00:00,12.15,58.45,634.0,831.54,122.0,-4.6,1.45,186.0,101826.0,False,2,13,42
2011-02-11 14:00:00,13.01,58.6,552.0,785.4,120.0,6.8,1.52,189.0,101746.0,False,2,14,42
2011-02-11 15:00:00,13.75,55.45,423.0,736.9,101.0,1.0,1.38,196.0,101706.0,False,2,15,42
2011-02-11 16:00:00,13.21,58.55,238.0,517.23,91.0,16.8,1.31,198.0,101696.0,False,2,16,42
2011-02-11 17:00:00,11.46,68.65,65.0,322.98,32.0,-20.0,1.31,191.0,101666.0,False,2,17,42
2011-02-11 18:00:00,11.01,75.95,0.0,-0.0,0.0,-4.6,1.1,201.0,101676.0,False,2,18,42
2011-02-11 19:00:00,10.42,76.95,0.0,-0.0,0.0,3.15,0.97,240.0,101716.0,False,2,19,42
2011-02-11 20:00:00,8.38,82.15,0.0,-0.0,0.0,-5.2,0.97,283.0,101726.0,False,2,20,42
2011-02-11 21:00:00,6.15,84.45,0.0,-0.0,0.0,-0.15,1.03,292.0,101776.0,False,2,21,42
2011-02-11 22:00:00,5.14,89.3,0.0,-0.0,0.0,-0.2,1.24,295.0,101816.0,False,2,22,42
2011-02-11 23:00:00,5.58,87.75,0.0,-0.0,0.0,4.2,1.24,302.0,101816.0,False,2,23,42
2011-02-12 00:00:00,5.67,86.2,0.0,-0.0,0.0,5.8,1.45,308.0,101776.0,False,2,0,43
2011-02-12 01:00:00,5.1,85.2,0.0,-0.0,0.0,274.6,1.66,314.0,101736.0,False,2,1,43
2011-02-12 02:00:00,4.07,85.4,0.0,-0.0,0.0,-10.8,1.52,318.0,101706.0,False,2,2,43
2011-02-12 03:00:00,4.15,84.15,0.0,-0.0,0.0,-2.4,1.31,318.0,101646.0,False,2,3,43
2011-02-12 04:00:00,3.83,84.1,0.0,-0.0,0.0,-1.15,1.38,320.0,101656.0,False,2,4,43
2011-02-12 05:00:00,3.9,83.65,0.0,-0.0,0.0,4.8,1.45,324.0,101626.0,False,2,5,43
2011-02-12 06:00:00,3.97,83.85,0.0,-0.0,0.0,-3.8,1.38,324.0,101686.0,False,2,6,43
2011-02-12 07:00:00,3.89,82.1,0.0,0.0,0.0,-3.6,1.38,322.0,101706.0,False,2,7,43
2011-02-12 08:00:00,5.67,75.1,162.0,490.78,62.0,0.6,1.38,323.0,101786.0,False,2,8,43
2011-02-12 09:00:00,7.52,65.75,347.0,679.69,94.0,13.4,0.97,322.0,101865.0,False,2,9,43
2011-02-12 10:00:00,12.73,43.8,500.0,763.37,114.0,5.0,0.28,256.0,101895.0,False,2,10,43
2011-02-12 11:00:00,13.14,49.45,609.0,821.93,120.0,2.0,0.97,198.0,101905.0,False,2,11,43
2011-02-12 12:00:00,13.61,54.65,656.0,839.11,124.0,-0.2,1.45,195.0,101855.0,False,2,12,43
2011-02-12 13:00:00,13.66,59.45,636.0,817.49,129.0,8.6,1.79,199.0,101766.0,False,2,13,43
2011-02-12 14:00:00,15.02,53.55,564.0,817.05,111.0,2.2,2.0,206.0,101696.0,False,2,14,43
2011-02-12 15:00:00,14.75,57.55,425.0,725.27,105.0,8.8,2.0,213.0,101676.0,False,2,15,43
2011-02-12 16:00:00,14.33,61.65,251.0,586.3,82.0,-12.4,1.86,211.0,101646.0,False,2,16,43
2011-02-12 17:00:00,12.62,71.65,69.0,349.17,32.0,-6.6,1.59,213.0,101656.0,False,2,17,43
2011-02-12 18:00:00,12.13,79.65,0.0,-0.0,0.0,-4.0,1.03,228.0,101646.0,False,2,18,43
2011-02-12 19:00:00,11.04,79.7,0.0,-0.0,0.0,2.4,1.66,258.0,101666.0,False,2,19,43
2011-02-12 20:00:00,8.9,85.55,0.0,-0.0,0.0,-7.2,1.79,292.0,101656.0,False,2,20,43
2011-02-12 21:00:00,6.31,88.15,0.0,-0.0,0.0,-2.2,1.86,308.0,101696.0,False,2,21,43
2011-02-12 22:00:00,5.25,87.45,0.0,-0.0,0.0,-1.8,2.0,308.0,101726.0,False,2,22,43
2011-02-12 23:00:00,5.14,82.9,0.0,-0.0,0.0,-1.8,2.0,309.0,101726.0,False,2,23,43
2011-02-13 00:00:00,4.97,78.4,0.0,-0.0,0.0,-1.35,1.86,310.0,101716.0,False,2,0,44
2011-02-13 01:00:00,4.67,75.4,0.0,-0.0,0.0,261.8,1.66,311.0,101686.0,False,2,1,44
2011-02-13 02:00:00,4.04,73.6,0.0,-0.0,0.0,-1.15,1.24,311.0,101596.0,False,2,2,44
2011-02-13 03:00:00,4.17,71.5,0.0,-0.0,0.0,6.0,1.24,315.0,101566.0,False,2,3,44
2011-02-13 04:00:00,3.9,70.65,0.0,-0.0,0.0,-4.8,1.31,316.0,101536.0,False,2,4,44
2011-02-13 05:00:00,3.91,69.25,0.0,-0.0,0.0,4.8,1.31,317.0,101526.0,False,2,5,44
2011-02-13 06:00:00,3.88,67.1,0.0,-0.0,0.0,-11.2,1.24,316.0,101507.0,False,2,6,44
2011-02-13 07:00:00,3.78,65.45,0.0,0.0,0.0,6.4,1.03,314.0,101477.0,False,2,7,44
2011-02-13 08:00:00,6.12,60.15,143.0,293.8,82.0,2.2,1.38,315.0,101487.0,False,2,8,44
2011-02-13 09:00:00,7.54,55.55,342.0,619.13,109.0,1.35,1.17,284.0,101477.0,False,2,9,44
2011-02-13 10:00:00,12.56,37.35,505.0,764.78,115.0,15.4,2.07,228.0,101497.0,False,2,10,44
2011-02-13 11:00:00,12.55,46.25,604.0,777.48,138.0,-5.6,2.76,220.0,101437.0,False,2,11,44
2011-02-13 12:00:00,13.32,54.15,603.0,609.24,214.0,28.0,3.24,218.0,101357.0,False,2,12,44
2011-02-13 13:00:00,13.87,57.15,605.0,672.35,185.0,-17.8,4.0,226.0,101227.0,False,2,13,44
2011-02-13 14:00:00,14.78,51.4,559.0,773.03,127.0,0.2,4.41,225.0,101108.0,False,2,14,44
2011-02-13 15:00:00,14.86,44.5,427.0,713.86,109.0,-2.2,4.69,228.0,101028.0,False,2,15,44
2011-02-13 16:00:00,14.96,40.4,232.0,424.23,108.0,-2.0,4.21,227.0,100978.0,False,2,16,44
2011-02-13 17:00:00,13.03,54.25,40.0,36.44,36.0,7.6,3.31,223.0,100938.0,False,2,17,44
2011-02-13 18:00:00,12.34,59.45,0.0,-0.0,0.0,4.6,2.76,229.0,100918.0,False,2,18,44
2011-02-13 19:00:00,11.44,65.7,0.0,-0.0,0.0,6.4,2.69,232.0,100938.0,False,2,19,44
2011-02-13 20:00:00,10.82,73.15,0.0,-0.0,0.0,8.8,2.55,228.0,100948.0,False,2,20,44
2011-02-13 21:00:00,9.53,82.75,0.0,-0.0,0.0,19.4,2.9,224.0,100938.0,False,2,21,44
2011-02-13 22:00:00,9.7,89.95,0.0,-0.0,0.0,8.6,3.24,233.0,100908.0,False,2,22,44
2011-02-13 23:00:00,9.11,95.05,0.0,-0.0,0.0,-7.0,3.45,240.0,100878.0,False,2,23,44
2011-02-14 00:00:00,9.56,92.85,0.0,-0.0,0.0,13.6,2.69,259.0,100789.0,False,2,0,45
2011-02-14 01:00:00,9.53,90.9,0.0,-0.0,0.0,326.25,1.86,290.0,100689.0,False,2,1,45
2011-02-14 02:00:00,7.61,92.95,0.0,-0.0,0.0,-49.8,2.28,313.0,100659.0,False,2,2,45
2011-02-14 03:00:00,5.81,87.95,0.0,-0.0,0.0,-14.8,2.62,319.0,100659.0,False,2,3,45
2011-02-14 04:00:00,5.64,82.7,0.0,-0.0,0.0,-0.8,2.69,311.0,100759.0,False,2,4,45
2011-02-14 05:00:00,5.17,80.2,0.0,-0.0,0.0,-3.2,3.03,306.0,100829.0,False,2,5,45
2011-02-14 06:00:00,5.26,72.15,0.0,-0.0,0.0,-5.6,2.76,304.0,100938.0,False,2,6,45
2011-02-14 07:00:00,5.03,68.95,0.0,0.0,0.0,-3.8,2.62,305.0,100998.0,False,2,7,45
2011-02-14 08:00:00,6.91,60.8,159.0,397.05,75.0,-9.0,2.69,304.0,101128.0,False,2,8,45
2011-02-14 09:00:00,8.23,55.0,364.0,738.5,83.0,5.8,3.45,297.0,101257.0,False,2,9,45
2011-02-14 10:00:00,10.49,39.45,510.0,766.08,116.0,7.0,3.52,288.0,101337.0,False,2,10,45
2011-02-14 11:00:00,11.4,40.4,605.0,763.43,144.0,13.2,3.45,274.0,101347.0,False,2,11,45
2011-02-14 12:00:00,12.57,39.4,582.0,522.52,246.0,0.35,3.59,264.0,101287.0,False,2,12,45
2011-02-14 13:00:00,12.86,40.15,607.0,659.58,192.0,4.4,3.38,262.0,101148.0,False,2,13,45
2011-02-14 14:00:00,13.34,37.9,476.0,424.32,237.0,4.6,3.38,265.0,101108.0,False,2,14,45
2011-02-14 15:00:00,13.74,36.1,391.0,504.76,164.0,4.2,3.24,272.0,101088.0,False,2,15,45
2011-02-14 16:00:00,13.67,34.05,153.0,74.24,131.0,4.4,3.03,275.0,101058.0,False,2,16,45
2011-02-14 17:00:00,11.96,44.5,35.0,8.81,34.0,-5.6,2.28,268.0,101108.0,False,2,17,45
2011-02-14 18:00:00,10.79,57.45,0.0,-0.0,0.0,8.4,1.45,260.0,101128.0,False,2,18,45
2011-02-14 19:00:00,10.56,59.9,0.0,-0.0,0.0,18.2,1.38,263.0,101207.0,False,2,19,45
2011-02-14 20:00:00,10.31,64.15,0.0,-0.0,0.0,-0.8,1.45,247.0,101237.0,False,2,20,45
2011-02-14 21:00:00,9.37,64.55,0.0,-0.0,0.0,-2.6,1.52,234.0,101237.0,False,2,21,45
2011-02-14 22:00:00,8.93,66.8,0.0,-0.0,0.0,6.0,1.52,228.0,101227.0,False,2,22,45
2011-02-14 23:00:00,8.68,68.1,0.0,-0.0,0.0,3.6,1.52,241.0,101217.0,False,2,23,45
2011-02-15 00:00:00,8.94,67.6,0.0,-0.0,0.0,11.8,1.86,241.0,101128.0,False,2,0,46
2011-02-15 01:00:00,8.68,68.6,0.0,-0.0,0.0,314.85,2.0,250.0,101048.0,False,2,1,46
2011-02-15 02:00:00,7.66,73.1,0.0,-0.0,0.0,-19.0,1.79,251.0,100968.0,False,2,2,46
2011-02-15 03:00:00,8.92,70.55,0.0,-0.0,0.0,24.6,2.21,246.0,100868.0,False,2,3,46
2011-02-15 04:00:00,8.86,73.25,0.0,-0.0,0.0,-2.6,2.28,246.0,100799.0,False,2,4,46
2011-02-15 05:00:00,8.69,75.55,0.0,-0.0,0.0,-9.0,2.55,246.0,100739.0,False,2,5,46
2011-02-15 06:00:00,8.97,76.05,0.0,-0.0,0.0,-1.2,2.69,241.0,100709.0,False,2,6,46
2011-02-15 07:00:00,8.67,79.3,0.0,0.0,0.0,12.6,3.03,234.0,100609.0,False,2,7,46
2011-02-15 08:00:00,9.55,77.85,46.0,0.0,46.0,-5.0,3.79,228.0,100619.0,False,2,8,46
2011-02-15 09:00:00,9.8,78.45,70.0,0.0,70.0,11.0,3.93,224.0,100579.0,False,2,9,46
2011-02-15 10:00:00,9.59,82.3,82.0,0.0,82.0,16.8,4.9,229.0,100490.0,False,2,10,46
2011-02-15 11:00:00,9.09,86.75,160.0,0.0,160.0,1.0,4.9,228.0,100420.0,False,2,11,46
2011-02-15 12:00:00,8.97,85.55,95.0,0.0,95.0,2.6,5.03,228.0,100340.0,False,2,12,46
2011-02-15 13:00:00,8.99,85.2,253.0,7.89,248.0,3.4,4.55,234.0,100171.0,False,2,13,46
2011-02-15 14:00:00,10.31,81.7,88.0,0.0,88.0,0.2,3.86,248.0,100061.0,False,2,14,46
2011-02-15 15:00:00,10.49,80.95,118.0,0.0,118.0,-4.2,3.31,270.0,100011.0,False,2,15,46
2011-02-15 16:00:00,10.19,81.3,58.0,0.0,58.0,-4.8,2.34,279.0,99991.0,False,2,16,46
2011-02-15 17:00:00,9.48,87.6,75.0,315.36,38.0,-10.2,1.86,269.0,100041.0,False,2,17,46
2011-02-15 18:00:00,9.43,84.7,0.0,-0.0,0.0,-17.8,2.07,268.0,100101.0,False,2,18,46
2011-02-15 19:00:00,8.53,82.95,0.0,-0.0,0.0,-33.2,2.14,274.0,100191.0,False,2,19,46
2011-02-15 20:00:00,8.25,80.85,0.0,-0.0,0.0,-2.6,2.28,277.0,100230.0,False,2,20,46
2011-02-15 21:00:00,6.77,78.6,0.0,-0.0,0.0,0.35,2.41,284.0,100260.0,False,2,21,46
2011-02-15 22:00:00,6.49,77.05,0.0,-0.0,0.0,-3.4,2.83,276.0,100300.0,False,2,22,46
2011-02-15 23:00:00,6.11,77.6,0.0,-0.0,0.0,-12.4,2.97,279.0,100340.0,False,2,23,46
2011-02-16 00:00:00,5.98,77.4,0.0,-0.0,0.0,-0.2,2.69,283.0,100310.0,False,2,0,47
2011-02-16 01:00:00,5.71,77.9,0.0,-0.0,0.0,262.4,2.97,286.0,100380.0,False,2,1,47
2011-02-16 02:00:00,5.03,77.9,0.0,-0.0,0.0,1.0,3.17,286.0,100350.0,False,2,2,47
2011-02-16 03:00:00,5.21,74.45,0.0,-0.0,0.0,-7.2,3.24,292.0,100330.0,False,2,3,47
2011-02-16 04:00:00,5.24,71.85,0.0,-0.0,0.0,5.2,3.1,302.0,100330.0,False,2,4,47
2011-02-16 05:00:00,4.82,69.35,0.0,-0.0,0.0,-7.0,2.9,305.0,100290.0,False,2,5,47
2011-02-16 06:00:00,4.56,69.5,0.0,-0.0,0.0,-2.0,2.83,306.0,100310.0,False,2,6,47
2011-02-16 07:00:00,3.98,71.4,0.0,0.0,0.0,-1.55,2.55,306.0,100300.0,False,2,7,47
2011-02-16 08:00:00,6.82,60.8,188.0,614.62,53.0,4.8,1.66,297.0,100330.0,False,2,8,47
2011-02-16 09:00:00,8.01,57.7,373.0,745.45,83.0,-4.2,1.93,264.0,100380.0,False,2,9,47
2011-02-16 10:00:00,11.61,46.15,531.0,831.48,96.0,-1.35,3.24,239.0,100370.0,False,2,10,47
2011-02-16 11:00:00,12.21,48.85,626.0,812.51,128.0,18.2,4.9,232.0,100310.0,False,2,11,47
2011-02-16 12:00:00,12.44,49.15,662.0,782.01,152.0,0.35,6.14,236.0,100280.0,False,2,12,47
2011-02-16 13:00:00,11.67,58.95,255.0,7.83,250.0,23.6,5.93,233.0,100171.0,False,2,13,47
2011-02-16 14:00:00,11.09,66.7,274.0,33.21,255.0,-1.6,5.79,230.0,100131.0,False,2,14,47
2011-02-16 15:00:00,9.47,77.3,90.0,0.0,90.0,23.8,4.83,227.0,100071.0,False,2,15,47
2011-02-16 16:00:00,8.56,81.3,44.0,0.0,44.0,4.2,4.34,230.0,99981.0,False,2,16,47
2011-02-16 17:00:00,7.37,83.5,48.0,49.55,42.0,1.4,4.07,237.0,99941.0,False,2,17,47
2011-02-16 18:00:00,7.37,87.05,0.0,-0.0,0.0,-31.0,3.79,247.0,99931.0,False,2,18,47
2011-02-16 19:00:00,7.41,84.15,0.0,-0.0,0.0,-3.4,3.17,247.0,99931.0,False,2,19,47
2011-02-16 20:00:00,7.02,84.15,0.0,-0.0,0.0,-12.6,3.03,248.0,99911.0,False,2,20,47
2011-02-16 21:00:00,5.56,84.85,0.0,-0.0,0.0,-9.4,2.83,255.0,99882.0,False,2,21,47
2011-02-16 22:00:00,5.45,80.3,0.0,-0.0,0.0,-5.2,3.03,243.0,99911.0,False,2,22,47
2011-02-16 23:00:00,5.79,80.8,0.0,-0.0,0.0,8.8,3.1,242.0,99872.0,False,2,23,47
2011-02-17 00:00:00,6.08,80.8,0.0,-0.0,0.0,13.0,3.1,241.0,99842.0,False,2,0,48
2011-02-17 01:00:00,5.99,82.0,0.0,-0.0,0.0,290.0,2.97,245.0,99782.0,False,2,1,48
2011-02-17 02:00:00,5.59,83.5,0.0,-0.0,0.0,-2.0,2.76,257.0,99722.0,False,2,2,48
2011-02-17 03:00:00,5.28,80.2,0.0,-0.0,0.0,-18.2,2.69,269.0,99702.0,False,2,3,48
2011-02-17 04:00:00,5.09,79.1,0.0,-0.0,0.0,-11.6,2.69,272.0,99702.0,False,2,4,48
2011-02-17 05:00:00,5.17,75.05,0.0,-0.0,0.0,1.75,2.62,269.0,99672.0,False,2,5,48
2011-02-17 06:00:00,5.19,72.95,0.0,-0.0,0.0,-3.8,2.69,273.0,99692.0,False,2,6,48
2011-02-17 07:00:00,5.4,70.8,0.0,0.0,0.0,5.8,2.62,279.0,99712.0,False,2,7,48
2011-02-17 08:00:00,6.96,64.5,180.0,491.52,70.0,-3.75,2.97,279.0,99802.0,False,2,8,48
2011-02-17 09:00:00,8.53,59.2,378.0,747.37,84.0,5.8,3.79,278.0,99901.0,False,2,9,48
2011-02-17 10:00:00,10.91,47.25,534.0,818.7,102.0,-1.8,4.41,279.0,99991.0,False,2,10,48
2011-02-17 11:00:00,11.64,44.1,649.0,895.54,96.0,12.2,5.45,287.0,100041.0,False,2,11,48
2011-02-17 12:00:00,12.11,43.55,694.0,895.29,106.0,3.0,6.21,293.0,100081.0,False,2,12,48
2011-02-17 13:00:00,12.29,44.0,658.0,808.97,138.0,-4.8,6.07,294.0,100121.0,False,2,13,48
2011-02-17 14:00:00,12.75,43.0,595.0,858.59,100.0,-1.35,5.52,288.0,100171.0,False,2,14,48
2011-02-17 15:00:00,12.83,44.05,454.0,765.44,100.0,8.6,5.1,279.0,100211.0,False,2,15,48
2011-02-17 16:00:00,11.81,48.55,281.0,674.39,73.0,3.8,4.69,273.0,100290.0,False,2,16,48
2011-02-17 17:00:00,9.93,61.25,90.0,440.47,35.0,-7.0,3.79,270.0,100360.0,False,2,17,48
2011-02-17 18:00:00,9.14,66.35,0.0,-0.0,0.0,-6.8,3.59,273.0,100460.0,False,2,18,48
2011-02-17 19:00:00,8.73,65.7,0.0,-0.0,0.0,7.0,3.59,283.0,100549.0,False,2,19,48
2011-02-17 20:00:00,8.72,67.3,0.0,-0.0,0.0,-4.2,3.38,288.0,100659.0,False,2,20,48
2011-02-17 21:00:00,7.55,68.0,0.0,-0.0,0.0,-5.4,3.03,290.0,100729.0,False,2,21,48
2011-02-17 22:00:00,7.07,72.7,0.0,-0.0,0.0,1.6,2.41,288.0,100789.0,False,2,22,48
2011-02-17 23:00:00,6.77,73.6,0.0,-0.0,0.0,-1.8,2.48,287.0,100868.0,False,2,23,48
2011-02-18 00:00:00,6.62,74.4,0.0,-0.0,0.0,3.4,2.69,286.0,100958.0,False,2,0,49
2011-02-18 01:00:00,6.28,75.35,0.0,-0.0,0.0,274.6,2.69,286.0,100998.0,False,2,1,49
2011-02-18 02:00:00,6.47,74.4,0.0,-0.0,0.0,-1.0,2.62,289.0,101038.0,False,2,2,49
2011-02-18 03:00:00,6.29,75.35,0.0,-0.0,0.0,-1.35,2.62,294.0,101038.0,False,2,3,49
2011-02-18 04:00:00,6.05,75.55,0.0,-0.0,0.0,-3.8,2.55,298.0,101118.0,False,2,4,49
2011-02-18 05:00:00,5.71,77.4,0.0,-0.0,0.0,-0.4,2.69,303.0,101168.0,False,2,5,49
2011-02-18 06:00:00,5.45,77.4,0.0,-0.0,0.0,1.0,2.62,309.0,101217.0,False,2,6,49
2011-02-18 07:00:00,5.23,76.35,0.0,0.0,0.0,-5.4,2.48,314.0,101317.0,False,2,7,49
2011-02-18 08:00:00,7.49,67.1,195.0,609.62,56.0,4.6,1.93,322.0,101387.0,False,2,8,49
2011-02-18 09:00:00,9.21,60.0,381.0,736.58,88.0,-2.0,1.59,318.0,101497.0,False,2,9,49
2011-02-18 10:00:00,13.16,41.95,545.0,851.17,92.0,5.2,1.03,266.0,101556.0,False,2,10,49
2011-02-18 11:00:00,14.18,41.6,654.0,896.93,96.0,-5.8,1.24,204.0,101576.0,False,2,11,49
2011-02-18 12:00:00,14.48,45.65,695.0,881.47,112.0,1.0,1.45,191.0,101556.0,False,2,12,49
2011-02-18 13:00:00,14.48,49.5,663.0,809.45,139.0,5.6,1.66,193.0,101497.0,False,2,13,49
2011-02-18 14:00:00,14.96,49.7,604.0,876.15,95.0,2.6,1.93,199.0,101457.0,False,2,14,49
2011-02-18 15:00:00,15.4,49.6,466.0,812.05,87.0,2.4,2.0,210.0,101437.0,False,2,15,49
2011-02-18 16:00:00,15.03,51.35,281.0,643.32,80.0,0.0,1.86,220.0,101417.0,False,2,16,49
2011-02-18 17:00:00,12.92,64.3,94.0,458.7,35.0,-2.0,1.59,224.0,101427.0,False,2,17,49
2011-02-18 18:00:00,11.72,74.15,0.0,-0.0,0.0,-1.15,1.38,230.0,101447.0,False,2,18,49
2011-02-18 19:00:00,11.78,70.1,0.0,-0.0,0.0,-1.6,1.59,268.0,101477.0,False,2,19,49
2011-02-18 20:00:00,10.0,79.55,0.0,-0.0,0.0,-1.0,1.79,301.0,101487.0,False,2,20,49
2011-02-18 21:00:00,7.85,84.95,0.0,-0.0,0.0,0.6,1.93,315.0,101516.0,False,2,21,49
2011-02-18 22:00:00,6.47,86.3,0.0,-0.0,0.0,-1.2,2.07,320.0,101516.0,False,2,22,49
2011-02-18 23:00:00,6.31,83.45,0.0,-0.0,0.0,-1.2,1.52,322.0,101526.0,False,2,23,49
2011-02-19 00:00:00,6.0,81.5,0.0,-0.0,0.0,3.4,1.03,320.0,101536.0,False,2,0,50
2011-02-19 01:00:00,5.49,81.0,0.0,-0.0,0.0,270.4,0.9,320.0,101497.0,False,2,1,50
2011-02-19 02:00:00,5.13,82.75,0.0,-0.0,0.0,12.6,0.9,319.0,101447.0,False,2,2,50
2011-02-19 03:00:00,5.63,79.65,0.0,-0.0,0.0,11.0,0.9,312.0,101417.0,False,2,3,50
2011-02-19 04:00:00,6.19,77.0,0.0,-0.0,0.0,-0.4,0.83,310.0,101407.0,False,2,4,50
2011-02-19 05:00:00,6.52,72.7,0.0,-0.0,0.0,4.0,0.9,308.0,101397.0,False,2,5,50
2011-02-19 06:00:00,6.65,69.0,0.0,-0.0,0.0,-12.4,0.9,311.0,101397.0,False,2,6,50
2011-02-19 07:00:00,6.34,68.0,0.0,0.0,0.0,-1.4,1.03,312.0,101417.0,False,2,7,50
2011-02-19 08:00:00,8.7,61.0,190.0,520.9,69.0,-13.8,1.52,318.0,101447.0,False,2,8,50
2011-02-19 09:00:00,10.7,57.95,324.0,402.74,162.0,6.4,1.1,310.0,101497.0,False,2,9,50
2011-02-19 10:00:00,13.51,43.15,508.0,650.16,159.0,13.8,0.97,284.0,101487.0,False,2,10,50
2011-02-19 11:00:00,13.59,46.9,635.0,786.58,142.0,18.8,1.31,226.0,101507.0,False,2,11,50
2011-02-19 12:00:00,14.05,49.3,399.0,96.09,335.0,-1.0,1.59,218.0,101457.0,False,2,12,50
2011-02-19 13:00:00,14.76,48.75,623.0,638.12,207.0,-16.4,1.79,221.0,101407.0,False,2,13,50
2011-02-19 14:00:00,15.77,48.1,346.0,97.37,289.0,7.2,2.0,226.0,101347.0,False,2,14,50
2011-02-19 15:00:00,15.17,52.7,298.0,146.51,229.0,19.8,2.0,229.0,101277.0,False,2,15,50
2011-02-19 16:00:00,15.07,54.65,283.0,632.02,83.0,1.0,1.93,234.0,101287.0,False,2,16,50
2011-02-19 17:00:00,13.77,62.9,64.0,105.76,50.0,6.6,1.38,240.0,101277.0,False,2,17,50
2011-02-19 18:00:00,14.1,63.55,0.0,-0.0,0.0,-3.8,1.38,249.0,101337.0,False,2,18,50
2011-02-19 19:00:00,12.74,68.15,0.0,-0.0,0.0,-33.2,1.45,300.0,101357.0,False,2,19,50
2011-02-19 20:00:00,11.58,73.8,0.0,-0.0,0.0,4.8,1.59,318.0,101377.0,False,2,20,50
2011-02-19 21:00:00,9.64,78.15,0.0,-0.0,0.0,-2.4,1.59,317.0,101417.0,False,2,21,50
2011-02-19 22:00:00,9.21,79.3,0.0,-0.0,0.0,5.0,1.59,315.0,101447.0,False,2,22,50
2011-02-19 23:00:00,8.9,79.15,0.0,-0.0,0.0,2.2,1.52,312.0,101447.0,False,2,23,50
2011-02-20 00:00:00,8.73,79.7,0.0,-0.0,0.0,-0.75,1.59,310.0,101407.0,False,2,0,51
2011-02-20 01:00:00,8.48,80.75,0.0,-0.0,0.0,300.0,1.45,303.0,101407.0,False,2,1,51
2011-02-20 02:00:00,9.18,81.35,0.0,-0.0,0.0,15.6,1.66,295.0,101387.0,False,2,2,51
2011-02-20 03:00:00,9.35,81.9,0.0,-0.0,0.0,-5.0,1.93,287.0,101327.0,False,2,3,51
2011-02-20 04:00:00,9.01,82.7,0.0,-0.0,0.0,-1.4,1.86,279.0,101297.0,False,2,4,51
2011-02-20 05:00:00,9.03,82.45,0.0,-0.0,0.0,-3.0,2.0,276.0,101297.0,False,2,5,51
2011-02-20 06:00:00,9.34,81.45,0.0,-0.0,0.0,7.0,2.14,283.0,101317.0,False,2,6,51
2011-02-20 07:00:00,9.54,81.2,0.0,0.0,0.0,-2.75,2.21,291.0,101327.0,False,2,7,51
2011-02-20 08:00:00,10.63,76.9,70.0,4.23,69.0,1.0,1.45,299.0,101377.0,False,2,8,51
2011-02-20 09:00:00,12.2,68.55,139.0,2.46,138.0,0.35,1.31,288.0,101447.0,False,2,9,51
2011-02-20 10:00:00,14.85,58.2,215.0,9.24,210.0,-8.0,1.24,277.0,101487.0,False,2,10,51
2011-02-20 11:00:00,15.55,55.5,658.0,867.86,110.0,-0.55,1.38,264.0,101526.0,False,2,11,51
2011-02-20 12:00:00,16.46,49.7,698.0,851.36,127.0,3.2,1.52,283.0,101526.0,False,2,12,51
2011-02-20 13:00:00,16.82,47.05,696.0,910.91,98.0,3.2,1.59,277.0,101487.0,False,2,13,51
2011-02-20 14:00:00,17.98,38.4,608.0,847.74,108.0,-8.6,1.79,272.0,101417.0,False,2,14,51
2011-02-20 15:00:00,17.94,38.0,476.0,816.53,88.0,-6.6,2.0,270.0,101427.0,False,2,15,51
2011-02-20 16:00:00,17.76,36.9,300.0,739.62,63.0,-0.35,2.0,269.0,101447.0,False,2,16,51
2011-02-20 17:00:00,16.25,41.85,102.0,492.26,35.0,-5.2,1.66,264.0,101497.0,False,2,17,51
2011-02-20 18:00:00,15.95,42.45,0.0,-0.0,0.0,-3.4,1.72,277.0,101516.0,False,2,18,51
2011-02-20 19:00:00,14.74,46.0,0.0,-0.0,0.0,-8.6,2.14,307.0,101596.0,False,2,19,51
2011-02-20 20:00:00,13.16,57.3,0.0,-0.0,0.0,-2.0,2.28,317.0,101656.0,False,2,20,51
2011-02-20 21:00:00,10.76,63.8,0.0,-0.0,0.0,-2.75,2.28,318.0,101716.0,False,2,21,51
2011-02-20 22:00:00,9.75,70.9,0.0,-0.0,0.0,2.0,2.0,320.0,101706.0,False,2,22,51
2011-02-20 23:00:00,9.54,71.2,0.0,-0.0,0.0,-0.4,2.0,315.0,101766.0,False,2,23,51
2011-02-21 00:00:00,8.88,71.0,0.0,-0.0,0.0,-6.0,2.14,313.0,101786.0,False,2,0,52
2011-02-21 01:00:00,8.48,70.95,0.0,-0.0,0.0,268.8,2.34,317.0,101776.0,False,2,1,52
2011-02-21 02:00:00,8.71,71.95,0.0,-0.0,0.0,15.6,2.34,316.0,101796.0,False,2,2,52
2011-02-21 03:00:00,8.93,72.75,0.0,-0.0,0.0,1.2,2.48,316.0,101756.0,False,2,3,52
2011-02-21 04:00:00,8.73,74.3,0.0,-0.0,0.0,-7.2,2.41,319.0,101736.0,False,2,4,52
2011-02-21 05:00:00,8.61,75.2,0.0,-0.0,0.0,5.2,2.28,321.0,101776.0,False,2,5,52
2011-02-21 06:00:00,8.52,75.55,0.0,-0.0,0.0,-2.8,2.21,320.0,101796.0,False,2,6,52
2011-02-21 07:00:00,8.35,75.65,19.0,128.12,13.0,7.6,2.34,327.0,101875.0,False,2,7,52
2011-02-21 08:00:00,10.25,68.95,202.0,560.1,67.0,-5.6,1.86,323.0,101965.0,False,2,8,52
2011-02-21 09:00:00,12.29,60.85,385.0,675.88,107.0,5.6,1.93,313.0,102075.0,False,2,9,52
2011-02-21 10:00:00,14.83,42.7,555.0,825.89,104.0,2.2,2.21,274.0,101995.0,False,2,10,52
2011-02-21 11:00:00,15.69,41.65,660.0,852.02,118.0,-1.35,2.34,268.0,102025.0,False,2,11,52
2011-02-21 12:00:00,16.55,39.95,708.0,869.17,121.0,7.4,1.93,269.0,101985.0,False,2,12,52
2011-02-21 13:00:00,16.98,39.4,682.0,830.49,133.0,0.8,1.86,271.0,101925.0,False,2,13,52
2011-02-21 14:00:00,17.42,37.6,619.0,881.83,95.0,2.35,1.86,270.0,101855.0,False,2,14,52
2011-02-21 15:00:00,17.74,38.55,478.0,803.09,93.0,2.6,1.93,288.0,101826.0,False,2,15,52
2011-02-21 16:00:00,17.32,38.15,303.0,730.55,66.0,-2.2,1.79,292.0,101796.0,False,2,16,52
2011-02-21 17:00:00,15.68,46.0,106.0,507.76,35.0,0.8,1.72,300.0,101796.0,False,2,17,52
2011-02-21 18:00:00,14.83,54.7,0.0,-0.0,0.0,-8.4,1.38,294.0,101786.0,False,2,18,52
2011-02-21 19:00:00,14.54,50.75,0.0,-0.0,0.0,-2.0,1.86,290.0,101806.0,False,2,19,52
2011-02-21 20:00:00,12.96,61.7,0.0,-0.0,0.0,-5.4,2.07,306.0,101816.0,False,2,20,52
2011-02-21 21:00:00,11.82,62.65,0.0,-0.0,0.0,-0.6,2.28,313.0,101845.0,False,2,21,52
2011-02-21 22:00:00,11.37,63.7,0.0,-0.0,0.0,2.2,2.34,316.0,101845.0,False,2,22,52
2011-02-21 23:00:00,11.21,64.1,0.0,-0.0,0.0,-0.4,2.62,315.0,101826.0,False,2,23,52
2011-02-22 00:00:00,11.21,64.7,0.0,-0.0,0.0,7.2,2.62,319.0,101796.0,False,2,0,53
2011-02-22 01:00:00,10.92,65.3,0.0,-0.0,0.0,289.6,2.62,319.0,101736.0,False,2,1,53
2011-02-22 02:00:00,10.66,67.8,0.0,-0.0,0.0,-1.8,2.55,316.0,101686.0,False,2,2,53
2011-02-22 03:00:00,10.48,69.45,0.0,-0.0,0.0,7.6,2.41,317.0,101626.0,False,2,3,53
2011-02-22 04:00:00,10.55,70.15,0.0,-0.0,0.0,10.2,2.28,317.0,101566.0,False,2,4,53
2011-02-22 05:00:00,10.36,71.6,0.0,-0.0,0.0,-1.35,2.21,321.0,101526.0,False,2,5,53
2011-02-22 06:00:00,10.13,71.85,0.0,-0.0,0.0,-7.0,2.14,325.0,101556.0,False,2,6,53
2011-02-22 07:00:00,9.86,72.6,25.0,234.88,13.0,0.8,2.0,323.0,101566.0,False,2,7,53
2011-02-22 08:00:00,11.37,66.45,208.0,574.37,67.0,-5.6,2.69,325.0,101616.0,False,2,8,53
2011-02-22 09:00:00,12.69,62.95,357.0,500.09,149.0,19.0,2.34,320.0,101646.0,False,2,9,53
2011-02-22 10:00:00,17.43,43.1,551.0,782.53,120.0,-12.6,2.0,303.0,101616.0,False,2,10,53
2011-02-22 11:00:00,18.71,41.05,662.0,837.94,125.0,8.2,1.86,292.0,101606.0,False,2,11,53
2011-02-22 12:00:00,19.66,39.5,709.0,854.37,128.0,4.4,1.72,278.0,101536.0,False,2,12,53
2011-02-22 13:00:00,20.27,38.5,684.0,815.77,141.0,6.8,1.93,252.0,101457.0,False,2,13,53
2011-02-22 14:00:00,20.79,36.35,509.0,432.65,250.0,-3.35,2.14,230.0,101347.0,False,2,14,53
2011-02-22 15:00:00,20.79,38.1,388.0,372.21,208.0,-1.6,1.66,225.0,101307.0,False,2,15,53
2011-02-22 16:00:00,20.06,40.15,298.0,654.74,83.0,1.0,0.9,241.0,101277.0,False,2,16,53
2011-02-22 17:00:00,18.33,47.6,103.0,418.0,43.0,0.35,0.34,277.0,101277.0,False,2,17,53
2011-02-22 18:00:00,17.12,57.75,0.0,-0.0,0.0,-8.8,0.97,348.0,101287.0,False,2,18,53
2011-02-22 19:00:00,16.74,56.15,0.0,-0.0,0.0,0.8,1.72,353.0,101337.0,False,2,19,53
2011-02-22 20:00:00,14.95,65.05,0.0,-0.0,0.0,-5.8,1.86,341.0,101387.0,False,2,20,53
2011-02-22 21:00:00,13.51,65.85,0.0,-0.0,0.0,-3.8,2.07,333.0,101417.0,False,2,21,53
2011-02-22 22:00:00,11.7,69.7,0.0,-0.0,0.0,1.2,2.0,332.0,101497.0,False,2,22,53
2011-02-22 23:00:00,11.4,68.8,0.0,-0.0,0.0,1.6,2.07,331.0,101507.0,False,2,23,53
2011-02-23 00:00:00,11.25,68.3,0.0,-0.0,0.0,0.8,1.93,330.0,101526.0,False,2,0,54
2011-02-23 01:00:00,10.51,69.95,0.0,-0.0,0.0,289.8,1.79,330.0,101536.0,False,2,1,54
2011-02-23 02:00:00,9.74,72.35,0.0,-0.0,0.0,-12.8,1.72,329.0,101516.0,False,2,2,54
2011-02-23 03:00:00,9.09,74.4,0.0,-0.0,0.0,-5.0,1.72,330.0,101477.0,False,2,3,54
2011-02-23 04:00:00,8.65,75.6,0.0,-0.0,0.0,-0.8,1.79,331.0,101516.0,False,2,4,54
2011-02-23 05:00:00,8.44,77.1,0.0,-0.0,0.0,0.8,1.79,330.0,101556.0,False,2,5,54
2011-02-23 06:00:00,8.45,77.6,0.0,-0.0,0.0,0.15,1.79,329.0,101606.0,False,2,6,54
2011-02-23 07:00:00,8.36,77.85,28.0,252.63,14.0,7.2,1.72,330.0,101636.0,False,2,7,54
2011-02-23 08:00:00,11.25,67.3,222.0,671.99,54.0,7.4,2.28,331.0,101776.0,False,2,8,54
2011-02-23 09:00:00,13.72,58.55,411.0,779.89,83.0,5.4,1.52,328.0,101875.0,False,2,9,54
2011-02-23 10:00:00,16.45,43.85,575.0,878.49,87.0,10.0,0.69,322.0,101915.0,False,2,10,54
2011-02-23 11:00:00,17.26,44.15,682.0,906.14,97.0,2.0,0.69,162.0,101945.0,False,2,11,54
2011-02-23 12:00:00,17.69,46.8,746.0,993.11,66.0,0.75,1.24,165.0,101915.0,False,2,12,54
2011-02-23 13:00:00,18.25,45.0,737.0,1034.02,44.0,-2.35,1.79,170.0,101905.0,False,2,13,54
2011-02-23 14:00:00,18.29,45.45,639.0,935.28,75.0,36.2,2.0,176.0,101865.0,False,2,14,54
2011-02-23 15:00:00,18.41,48.2,498.0,869.23,74.0,-9.2,1.59,180.0,101855.0,False,2,15,54
2011-02-23 16:00:00,18.35,48.3,315.0,764.32,61.0,-10.4,1.59,174.0,101885.0,False,2,16,54
2011-02-23 17:00:00,16.76,53.4,110.0,468.64,41.0,-10.2,1.38,175.0,101915.0,False,2,17,54
2011-02-23 18:00:00,16.71,57.55,0.0,-0.0,0.0,-8.8,0.83,180.0,101995.0,False,2,18,54
2011-02-23 19:00:00,14.95,63.45,0.0,-0.0,0.0,-0.15,0.83,188.0,102045.0,False,2,19,54
2011-02-23 20:00:00,14.52,64.95,0.0,-0.0,0.0,-8.2,0.21,227.0,102105.0,False,2,20,54
2011-02-23 21:00:00,11.48,76.65,0.0,-0.0,0.0,10.2,0.34,298.0,102135.0,False,2,21,54
2011-02-23 22:00:00,9.94,87.15,0.0,-0.0,0.0,-10.8,0.69,329.0,102155.0,False,2,22,54
2011-02-23 23:00:00,8.92,87.55,0.0,-0.0,0.0,-3.8,0.83,319.0,102174.0,False,2,23,54
2011-02-24 00:00:00,8.76,86.6,0.0,-0.0,0.0,-2.0,0.9,315.0,102174.0,False,2,0,55
2011-02-24 01:00:00,8.48,85.45,0.0,-0.0,0.0,281.0,0.9,315.0,102184.0,False,2,1,55
2011-02-24 02:00:00,7.96,85.2,0.0,-0.0,0.0,-3.0,0.83,316.0,102164.0,False,2,2,55
2011-02-24 03:00:00,8.47,82.35,0.0,-0.0,0.0,-1.2,0.76,317.0,102125.0,False,2,3,55
2011-02-24 04:00:00,8.22,80.35,0.0,-0.0,0.0,-0.75,0.62,321.0,102115.0,False,2,4,55
2011-02-24 05:00:00,7.73,79.3,0.0,-0.0,0.0,-1.2,0.55,324.0,102085.0,False,2,5,55
2011-02-24 06:00:00,7.83,76.8,0.0,-0.0,0.0,-0.35,0.55,327.0,102135.0,False,2,6,55
2011-02-24 07:00:00,7.52,75.75,30.0,217.37,17.0,0.6,0.48,328.0,102164.0,False,2,7,55
2011-02-24 08:00:00,10.51,66.3,225.0,652.08,59.0,1.6,0.76,328.0,102224.0,False,2,8,55
2011-02-24 09:00:00,12.83,62.75,418.0,797.15,79.0,6.0,0.34,281.0,102264.0,False,2,9,55
2011-02-24 10:00:00,16.88,45.6,574.0,847.82,99.0,8.0,0.41,192.0,102274.0,False,2,10,55
2011-02-24 11:00:00,17.19,46.85,687.0,907.2,97.0,5.2,1.1,164.0,102264.0,False,2,11,55
2011-02-24 12:00:00,17.44,49.1,736.0,923.98,99.0,3.6,1.38,165.0,102234.0,False,2,12,55
2011-02-24 13:00:00,17.66,49.85,725.0,952.92,82.0,2.8,1.52,167.0,102194.0,False,2,13,55
2011-02-24 14:00:00,18.25,48.5,638.0,903.83,89.0,2.0,1.52,172.0,102135.0,False,2,14,55
2011-02-24 15:00:00,18.2,49.25,492.0,811.05,93.0,3.2,1.52,175.0,102105.0,False,2,15,55
2011-02-24 16:00:00,17.86,49.65,315.0,725.65,71.0,-2.6,1.1,158.0,102095.0,False,2,16,55
2011-02-24 17:00:00,16.07,56.5,116.0,516.86,38.0,6.8,1.24,149.0,102105.0,False,2,17,55
2011-02-24 18:00:00,16.03,62.0,0.0,-0.0,0.0,-0.35,0.55,153.0,102125.0,False,2,18,55
2011-02-24 19:00:00,15.53,57.6,0.0,-0.0,0.0,-20.8,0.0,261.0,102155.0,False,2,19,55
2011-02-24 20:00:00,13.56,69.55,0.0,-0.0,0.0,-2.0,0.48,330.0,102174.0,False,2,20,55
2011-02-24 21:00:00,10.67,78.6,0.0,-0.0,0.0,-2.15,0.62,332.0,102204.0,False,2,21,55
2011-02-24 22:00:00,9.3,79.55,0.0,-0.0,0.0,-1.2,1.1,339.0,102264.0,False,2,22,55
2011-02-24 23:00:00,8.24,79.55,0.0,-0.0,0.0,-1.2,1.03,329.0,102284.0,False,2,23,55
2011-02-25 00:00:00,8.48,77.2,0.0,-0.0,0.0,-0.75,0.83,316.0,102254.0,False,2,0,56
2011-02-25 01:00:00,8.17,74.7,0.0,-0.0,0.0,282.0,0.83,314.0,102224.0,False,2,1,56
2011-02-25 02:00:00,7.7,74.95,0.0,-0.0,0.0,-1.2,0.9,318.0,102184.0,False,2,2,56
2011-02-25 03:00:00,7.8,73.6,0.0,-0.0,0.0,-1.0,1.03,321.0,102125.0,False,2,3,56
2011-02-25 04:00:00,7.35,72.55,0.0,-0.0,0.0,-1.6,1.1,321.0,102095.0,False,2,4,56
2011-02-25 05:00:00,7.22,70.7,0.0,-0.0,0.0,-1.35,1.1,321.0,102115.0,False,2,5,56
2011-02-25 06:00:00,6.89,70.1,0.0,-0.0,0.0,-1.4,1.1,324.0,102135.0,False,2,6,56
2011-02-25 07:00:00,6.5,70.4,33.0,233.43,18.0,-1.6,1.1,330.0,102164.0,False,2,7,56
2011-02-25 08:00:00,10.1,60.65,229.0,659.76,58.0,1.35,1.66,352.0,102234.0,False,2,8,56
2011-02-25 09:00:00,12.17,53.75,421.0,786.06,83.0,6.2,1.59,65.0,102344.0,False,2,9,56
2011-02-25 10:00:00,14.9,48.55,576.0,833.57,105.0,8.0,1.72,61.0,102344.0,False,2,10,56
2011-02-25 11:00:00,15.61,52.4,682.0,859.38,119.0,7.4,1.79,86.0,102344.0,False,2,11,56
2011-02-25 12:00:00,16.15,51.55,725.0,858.66,129.0,7.4,2.14,101.0,102324.0,False,2,12,56
2011-02-25 13:00:00,17.23,47.05,703.0,836.12,135.0,14.4,2.07,109.0,102264.0,False,2,13,56
2011-02-25 14:00:00,18.28,42.55,622.0,809.1,127.0,11.2,1.86,115.0,102234.0,False,2,14,56
2011-02-25 15:00:00,17.37,47.7,483.0,737.74,117.0,-21.4,1.86,123.0,102204.0,False,2,15,56
2011-02-25 16:00:00,16.71,49.1,309.0,649.69,88.0,-8.4,1.59,128.0,102204.0,False,2,16,56
2011-02-25 17:00:00,15.22,53.7,116.0,472.27,43.0,-4.6,1.31,135.0,102224.0,False,2,17,56
2011-02-25 18:00:00,15.35,54.75,0.0,-0.0,0.0,-3.4,0.97,134.0,102264.0,False,2,18,56
2011-02-25 19:00:00,14.51,63.15,0.0,-0.0,0.0,-6.4,0.55,145.0,102274.0,False,2,19,56
2011-02-25 20:00:00,13.06,64.15,0.0,-0.0,0.0,-2.2,0.55,272.0,102304.0,False,2,20,56
2011-02-25 21:00:00,9.82,76.3,0.0,-0.0,0.0,-2.75,1.24,293.0,102284.0,False,2,21,56
2011-02-25 22:00:00,8.27,79.6,0.0,-0.0,0.0,-1.4,1.45,304.0,102294.0,False,2,22,56
2011-02-25 23:00:00,8.17,80.15,0.0,-0.0,0.0,-1.15,1.86,303.0,102274.0,False,2,23,56
2011-02-26 00:00:00,8.07,77.6,0.0,-0.0,0.0,-1.35,2.0,302.0,102234.0,False,2,0,57
2011-02-26 01:00:00,7.75,76.75,0.0,-0.0,0.0,276.4,2.07,303.0,102164.0,False,2,1,57
2011-02-26 02:00:00,6.77,77.25,0.0,-0.0,0.0,-2.0,2.0,306.0,102095.0,False,2,2,57
2011-02-26 03:00:00,7.12,75.0,0.0,-0.0,0.0,-1.6,1.93,308.0,102045.0,False,2,3,57
2011-02-26 04:00:00,6.91,74.45,0.0,-0.0,0.0,-1.2,1.93,307.0,101985.0,False,2,4,57
2011-02-26 05:00:00,6.6,73.55,0.0,-0.0,0.0,-2.4,2.0,309.0,101965.0,False,2,5,57
2011-02-26 06:00:00,6.67,73.1,0.0,-0.0,0.0,-0.6,2.0,311.0,101965.0,False,2,6,57
2011-02-26 07:00:00,6.42,73.3,39.0,290.83,19.0,2.0,2.07,313.0,101965.0,False,2,7,57
2011-02-26 08:00:00,10.65,54.95,233.0,651.88,61.0,-1.35,2.62,314.0,102005.0,False,2,8,57
2011-02-26 09:00:00,14.11,47.1,427.0,788.93,84.0,7.2,2.07,302.0,102025.0,False,2,9,57
2011-02-26 10:00:00,20.25,24.5,582.0,835.31,106.0,4.2,1.93,287.0,102025.0,False,2,10,57
2011-02-26 11:00:00,21.34,21.85,698.0,910.73,97.0,11.8,1.86,266.0,101985.0,False,2,11,57
2011-02-26 12:00:00,22.17,21.7,739.0,892.96,115.0,7.0,1.79,252.0,101945.0,False,2,12,57
2011-02-26 13:00:00,22.68,22.1,724.0,903.67,106.0,-0.2,1.93,241.0,101836.0,False,2,13,57
2011-02-26 14:00:00,23.86,18.6,645.0,891.01,96.0,2.6,2.14,234.0,101746.0,False,2,14,57
2011-02-26 15:00:00,23.38,19.0,507.0,845.59,84.0,-1.2,2.28,233.0,101696.0,False,2,15,57
2011-02-26 16:00:00,23.04,19.1,327.0,758.61,66.0,3.8,2.14,239.0,101666.0,False,2,16,57
2011-02-26 17:00:00,21.07,20.8,123.0,524.6,40.0,-8.2,1.79,248.0,101636.0,False,2,17,57
2011-02-26 18:00:00,20.64,23.15,0.0,-0.0,0.0,-1.35,1.72,274.0,101646.0,False,2,18,57
2011-02-26 19:00:00,18.59,30.7,0.0,-0.0,0.0,-8.4,2.14,303.0,101626.0,False,2,19,57
2011-02-26 20:00:00,16.55,32.5,0.0,-0.0,0.0,-2.8,2.21,317.0,101616.0,False,2,20,57
2011-02-26 21:00:00,14.19,37.6,0.0,-0.0,0.0,-0.6,1.72,320.0,101626.0,False,2,21,57
2011-02-26 22:00:00,11.72,47.0,0.0,-0.0,0.0,-1.6,2.07,323.0,101646.0,False,2,22,57
2011-02-26 23:00:00,10.65,50.95,0.0,-0.0,0.0,-2.6,1.52,321.0,101606.0,False,2,23,57
2011-02-27 00:00:00,9.88,55.4,0.0,-0.0,0.0,-0.35,1.59,322.0,101546.0,False,2,0,58
2011-02-27 01:00:00,8.64,59.8,0.0,-0.0,0.0,276.6,1.45,323.0,101536.0,False,2,1,58
2011-02-27 02:00:00,7.73,66.6,0.0,-0.0,0.0,-0.4,1.31,324.0,101437.0,False,2,2,58
2011-02-27 03:00:00,7.41,68.25,0.0,-0.0,0.0,-0.8,1.24,325.0,101447.0,False,2,3,58
2011-02-27 04:00:00,7.75,71.55,0.0,-0.0,0.0,-2.0,1.1,321.0,101397.0,False,2,4,58
2011-02-27 05:00:00,7.29,74.0,0.0,-0.0,0.0,-2.0,1.1,318.0,101417.0,False,2,5,58
2011-02-27 06:00:00,7.41,76.05,0.0,-0.0,0.0,-2.0,1.24,323.0,101407.0,False,2,6,58
2011-02-27 07:00:00,7.33,76.45,42.0,299.99,20.0,-0.2,1.38,329.0,101447.0,False,2,7,58
2011-02-27 08:00:00,11.71,61.85,218.0,480.33,89.0,3.4,2.0,341.0,101507.0,False,2,8,58
2011-02-27 09:00:00,14.14,49.8,343.0,350.35,189.0,14.2,1.31,12.0,101556.0,False,2,9,58
2011-02-27 10:00:00,15.75,45.0,427.0,262.75,276.0,9.4,1.72,60.0,101566.0,False,2,10,58
2011-02-27 11:00:00,16.18,48.1,457.0,182.04,336.0,17.0,2.07,73.0,101576.0,False,2,11,58
2011-02-27 12:00:00,16.51,46.5,177.0,0.0,177.0,16.0,2.41,78.0,101626.0,False,2,12,58
2011-02-27 13:00:00,15.33,48.7,335.0,31.96,313.0,2.75,3.17,69.0,101626.0,False,2,13,58
2011-02-27 14:00:00,12.23,64.1,170.0,0.0,170.0,12.8,3.45,58.0,101586.0,False,2,14,58
2011-02-27 15:00:00,11.72,70.45,165.0,1.98,164.0,-4.0,2.76,50.0,101616.0,False,2,15,58
2011-02-27 16:00:00,11.87,64.95,220.0,169.58,161.0,-9.2,2.14,46.0,101616.0,False,2,16,58
2011-02-27 17:00:00,12.33,57.75,118.0,413.99,51.0,-17.2,1.45,58.0,101666.0,False,2,17,58
2011-02-27 18:00:00,12.3,60.3,0.0,-0.0,0.0,-23.0,0.83,70.0,101736.0,False,2,18,58
2011-02-27 19:00:00,11.99,64.1,0.0,-0.0,0.0,-9.4,0.41,52.0,101845.0,False,2,19,58
2011-02-27 20:00:00,11.72,61.9,0.0,-0.0,0.0,5.0,0.21,144.0,101925.0,False,2,20,58
2011-02-27 21:00:00,9.35,69.75,0.0,-0.0,0.0,-12.4,0.62,260.0,101955.0,False,2,21,58
2011-02-27 22:00:00,6.01,83.65,0.0,-0.0,0.0,-2.55,0.97,318.0,101985.0,False,2,22,58
2011-02-27 23:00:00,5.71,82.15,0.0,-0.0,0.0,-10.6,1.52,311.0,101955.0,False,2,23,58
2011-02-28 00:00:00,5.38,80.0,0.0,-0.0,0.0,1.6,1.86,316.0,101945.0,False,2,0,59
2011-02-28 01:00:00,5.15,78.55,0.0,-0.0,0.0,255.4,2.0,321.0,101935.0,False,2,1,59
2011-02-28 02:00:00,4.34,77.55,0.0,-0.0,0.0,-2.2,1.93,320.0,101885.0,False,2,2,59
2011-02-28 03:00:00,3.83,77.35,0.0,-0.0,0.0,-0.55,1.93,318.0,101855.0,False,2,3,59
2011-02-28 04:00:00,3.6,73.35,0.0,-0.0,0.0,-2.0,1.93,315.0,101796.0,False,2,4,59
2011-02-28 05:00:00,3.41,70.25,0.0,-0.0,0.0,9.4,2.0,320.0,101806.0,False,2,5,59
2011-02-28 06:00:00,3.48,66.1,0.0,-0.0,0.0,-8.4,1.93,320.0,101806.0,False,2,6,59
2011-02-28 07:00:00,3.58,64.2,45.0,295.04,22.0,29.2,1.38,320.0,101786.0,False,2,7,59
2011-02-28 08:00:00,6.98,50.3,247.0,698.8,56.0,-27.8,2.14,321.0,101776.0,False,2,8,59
2011-02-28 09:00:00,8.54,40.8,437.0,794.33,84.0,4.0,1.79,323.0,101766.0,False,2,9,59
2011-02-28 10:00:00,11.89,24.45,602.0,888.65,87.0,17.2,1.66,318.0,101706.0,False,2,10,59
2011-02-28 11:00:00,12.25,25.6,713.0,930.54,90.0,16.4,2.07,323.0,101636.0,False,2,11,59
2011-02-28 12:00:00,13.52,24.55,0.0,0.0,0.0,-5.2,3.03,328.0,101516.0,False,2,12,59
2011-02-28 13:00:00,14.34,23.55,0.0,0.0,0.0,15.4,3.86,327.0,101427.0,False,2,13,59
2011-02-28 14:00:00,14.96,21.85,648.0,861.05,110.0,-6.8,4.76,332.0,101317.0,False,2,14,59
2011-02-28 15:00:00,14.09,22.35,427.0,438.59,204.0,2.15,4.28,336.0,101337.0,False,2,15,59
2011-02-28 16:00:00,10.99,30.16,250.0,267.22,156.0,-1.73,3.56,331.0,101377.0,False,2,16,59
2011-02-28 17:00:00,10.65,31.84,128.0,495.63,46.0,0.38,3.35,328.0,101407.0,False,2,17,59
2011-02-28 18:00:00,10.31,33.51,0.0,-0.0,0.0,2.49,3.15,329.0,101457.0,False,2,18,59
2011-02-28 19:00:00,9.97,35.18,0.0,-0.0,0.0,4.6,2.94,330.0,101566.0,False,2,19,59
2011-02-28 20:00:00,9.63,36.85,0.0,-0.0,0.0,6.71,2.73,328.0,101646.0,False,2,20,59
2011-02-28 21:00:00,9.29,38.53,0.0,-0.0,0.0,8.82,2.52,326.0,101706.0,False,2,21,59
2011-02-28 22:00:00,8.95,40.2,0.0,-0.0,0.0,10.93,2.32,322.0,101746.0,False,2,22,59
2011-02-28 23:00:00,8.62,41.87,0.0,-0.0,0.0,13.04,2.11,316.0,101776.0,False,2,23,59
2019-03-01 00:00:00,8.28,43.54,0.0,-0.0,0.0,15.15,1.9,302.0,102184.0,True,3,0,60
2019-03-01 01:00:00,7.94,45.21,0.0,-0.0,0.0,17.26,1.69,308.0,102135.0,True,3,1,60
2019-03-01 02:00:00,7.6,46.89,0.0,-0.0,0.0,19.37,1.49,311.0,102105.0,True,3,2,60
2019-03-01 03:00:00,7.26,48.56,0.0,-0.0,0.0,21.48,1.28,313.0,102055.0,True,3,3,60
2019-03-01 04:00:00,6.92,50.23,0.0,-0.0,0.0,23.59,1.07,312.0,102015.0,True,3,4,60
2019-03-01 05:00:00,6.58,51.9,0.0,-0.0,0.0,25.7,0.86,312.0,102045.0,True,3,5,60
2019-03-01 06:00:00,6.24,53.58,0.0,-0.0,0.0,27.81,0.66,313.0,102025.0,True,3,6,60
2019-03-01 07:00:00,5.9,55.25,25.0,24.2,23.0,29.92,0.45,314.0,102085.0,True,3,7,60
2019-03-01 08:00:00,10.27,46.15,216.0,409.89,102.0,-7.0,1.31,317.0,102105.0,True,3,8,60
2019-03-01 09:00:00,14.41,35.65,332.0,284.91,204.0,4.4,0.97,290.0,102155.0,True,3,9,60
2019-03-01 10:00:00,17.56,31.95,436.0,268.65,279.0,12.0,0.9,239.0,102145.0,True,3,10,60
2019-03-01 11:00:00,18.6,33.5,650.0,656.97,207.0,11.6,1.66,202.0,102115.0,True,3,11,60
2019-03-01 12:00:00,19.4,33.25,718.0,754.69,180.0,10.4,2.14,198.0,102065.0,True,3,12,60
2019-03-01 13:00:00,19.64,34.3,708.0,778.54,165.0,11.4,2.34,200.0,101975.0,True,3,13,60
2019-03-01 14:00:00,19.29,36.25,546.0,462.55,255.0,4.8,2.41,203.0,101885.0,True,3,14,60
2019-03-01 15:00:00,18.9,37.7,375.0,263.41,240.0,-7.0,2.34,207.0,101855.0,True,3,15,60
2019-03-01 16:00:00,18.96,37.65,235.0,205.29,162.0,1.4,2.14,213.0,101806.0,True,3,16,60
2019-03-01 17:00:00,17.82,36.5,64.0,29.58,59.0,-1.8,1.66,220.0,101776.0,True,3,17,60
2019-03-01 18:00:00,17.66,36.25,0.0,-0.0,0.0,-5.6,0.76,230.0,101766.0,True,3,18,60
2019-03-01 19:00:00,16.82,37.6,0.0,-0.0,0.0,1.0,1.45,274.0,101796.0,True,3,19,60
2019-03-01 20:00:00,15.9,38.6,0.0,-0.0,0.0,-13.8,1.66,309.0,101816.0,True,3,20,60
2019-03-01 21:00:00,13.85,42.85,0.0,-0.0,0.0,16.8,1.66,322.0,101845.0,True,3,21,60
2019-03-01 22:00:00,12.71,46.9,0.0,-0.0,0.0,-4.2,1.59,329.0,101885.0,True,3,22,60
2019-03-01 23:00:00,11.71,46.45,0.0,-0.0,0.0,-20.4,1.66,329.0,101855.0,True,3,23,60
2019-03-02 00:00:00,10.47,46.65,0.0,-0.0,0.0,-14.2,1.38,327.0,101855.0,True,3,0,61
2019-03-02 01:00:00,9.68,47.9,0.0,-0.0,0.0,277.0,1.38,326.0,101875.0,True,3,1,61
2019-03-02 02:00:00,9.03,51.6,0.0,-0.0,0.0,-3.2,1.52,326.0,101855.0,True,3,2,61
2019-03-02 03:00:00,8.46,56.85,0.0,-0.0,0.0,-2.0,1.66,327.0,101845.0,True,3,3,61
2019-03-02 04:00:00,7.85,61.45,0.0,-0.0,0.0,-1.6,1.79,328.0,101816.0,True,3,4,61
2019-03-02 05:00:00,7.27,63.5,0.0,-0.0,0.0,-1.2,1.93,330.0,101836.0,True,3,5,61
2019-03-02 06:00:00,7.15,65.75,0.0,-0.0,0.0,-0.35,2.07,331.0,101875.0,True,3,6,61
2019-03-02 07:00:00,7.18,65.6,28.0,22.9,26.0,-0.35,2.07,332.0,101935.0,True,3,7,61
2019-03-02 08:00:00,10.96,52.95,198.0,289.79,116.0,2.35,2.41,338.0,102005.0,True,3,8,61
2019-03-02 09:00:00,14.29,41.3,320.0,244.41,209.0,6.6,1.45,346.0,102045.0,True,3,9,61
2019-03-02 10:00:00,17.42,29.65,485.0,402.19,248.0,9.6,1.31,100.0,102105.0,True,3,10,61
2019-03-02 11:00:00,18.6,28.8,695.0,831.96,130.0,7.6,1.79,119.0,102105.0,True,3,11,61
2019-03-02 12:00:00,19.07,30.85,726.0,786.01,162.0,4.8,1.72,134.0,102105.0,True,3,12,61
2019-03-02 13:00:00,19.47,33.0,676.0,668.13,207.0,4.4,1.72,152.0,102065.0,True,3,13,61
2019-03-02 14:00:00,19.56,33.9,477.0,279.44,300.0,4.2,1.79,166.0,101995.0,True,3,14,61
2019-03-02 15:00:00,19.22,35.8,322.0,141.32,249.0,5.8,1.72,176.0,102015.0,True,3,15,61
2019-03-02 16:00:00,18.83,35.85,242.0,225.38,161.0,-3.0,1.52,187.0,101965.0,True,3,16,61
2019-03-02 17:00:00,17.27,43.05,103.0,208.58,67.0,0.2,1.38,191.0,102005.0,True,3,17,61
2019-03-02 18:00:00,16.7,41.7,0.0,-0.0,0.0,-4.4,0.9,194.0,102005.0,True,3,18,61
2019-03-02 19:00:00,14.99,46.3,0.0,-0.0,0.0,-2.0,0.69,207.0,102065.0,True,3,19,61
2019-03-02 20:00:00,13.95,52.25,0.0,-0.0,0.0,-6.6,0.62,296.0,102085.0,True,3,20,61
2019-03-02 21:00:00,11.84,58.7,0.0,-0.0,0.0,-5.0,0.97,321.0,102135.0,True,3,21,61
2019-03-02 22:00:00,10.03,63.6,0.0,-0.0,0.0,-6.6,1.17,327.0,102155.0,True,3,22,61
2019-03-02 23:00:00,10.13,57.35,0.0,-0.0,0.0,2.0,1.1,322.0,102145.0,True,3,23,61
2019-03-03 00:00:00,9.86,53.05,0.0,-0.0,0.0,-2.8,0.83,319.0,102125.0,True,3,0,62
2019-03-03 01:00:00,9.26,49.25,0.0,-0.0,0.0,277.0,0.76,319.0,102145.0,True,3,1,62
2019-03-03 02:00:00,8.54,47.35,0.0,-0.0,0.0,-3.0,0.76,321.0,102105.0,True,3,2,62
2019-03-03 03:00:00,7.5,47.05,0.0,-0.0,0.0,-1.4,0.69,322.0,102075.0,True,3,3,62
2019-03-03 04:00:00,7.12,46.85,0.0,-0.0,0.0,-1.35,0.76,323.0,102035.0,True,3,4,62
2019-03-03 05:00:00,6.86,48.7,0.0,-0.0,0.0,0.2,0.83,323.0,102045.0,True,3,5,62
2019-03-03 06:00:00,7.07,50.2,0.0,-0.0,0.0,-1.6,0.69,322.0,102075.0,True,3,6,62
2019-03-03 07:00:00,6.73,52.25,53.0,249.66,30.0,0.0,0.48,318.0,102115.0,True,3,7,62
2019-03-03 08:00:00,10.46,44.5,243.0,535.03,89.0,5.8,0.62,322.0,102184.0,True,3,8,62
2019-03-03 09:00:00,14.99,37.3,426.0,638.24,133.0,4.15,0.21,287.0,102194.0,True,3,9,62
2019-03-03 10:00:00,18.06,25.4,561.0,629.45,187.0,8.4,0.28,141.0,102194.0,True,3,10,62
2019-03-03 11:00:00,19.52,23.9,643.0,598.02,234.0,10.0,1.45,152.0,102194.0,True,3,11,62
2019-03-03 12:00:00,20.47,22.75,674.0,571.85,261.0,-2.4,1.86,158.0,102155.0,True,3,12,62
2019-03-03 13:00:00,20.91,23.8,584.0,370.87,322.0,2.0,2.14,162.0,102075.0,True,3,13,62
2019-03-03 14:00:00,20.94,25.0,482.0,271.3,309.0,11.0,2.21,167.0,102005.0,True,3,14,62
2019-03-03 15:00:00,20.75,26.1,387.0,272.77,245.0,-11.4,2.14,171.0,101965.0,True,3,15,62
2019-03-03 16:00:00,20.12,30.4,288.0,396.52,144.0,0.2,1.86,176.0,101915.0,True,3,16,62
2019-03-03 17:00:00,18.87,33.3,120.0,312.25,65.0,-7.2,1.59,182.0,101885.0,True,3,17,62
2019-03-03 18:00:00,18.61,33.5,0.0,-0.0,0.0,-5.8,1.1,193.0,101875.0,True,3,18,62
2019-03-03 19:00:00,16.78,39.95,0.0,-0.0,0.0,-4.8,1.1,240.0,101885.0,True,3,19,62
2019-03-03 20:00:00,14.74,44.9,0.0,-0.0,0.0,-3.35,1.38,281.0,101875.0,True,3,20,62
2019-03-03 21:00:00,12.39,45.75,0.0,-0.0,0.0,-2.2,1.59,288.0,101885.0,True,3,21,62
2019-03-03 22:00:00,11.39,53.4,0.0,-0.0,0.0,-1.75,2.07,291.0,101855.0,True,3,22,62
2019-03-03 23:00:00,10.41,54.2,0.0,-0.0,0.0,-1.4,2.07,298.0,101826.0,True,3,23,62
2019-03-04 00:00:00,9.7,55.0,0.0,-0.0,0.0,-1.55,2.14,300.0,101786.0,True,3,0,63
2019-03-04 01:00:00,9.04,54.6,0.0,-0.0,0.0,268.6,2.28,301.0,101776.0,True,3,1,63
2019-03-04 02:00:00,9.0,52.9,0.0,-0.0,0.0,-0.6,2.34,308.0,101726.0,True,3,2,63
2019-03-04 03:00:00,8.1,54.6,0.0,-0.0,0.0,0.0,2.34,313.0,101696.0,True,3,3,63
2019-03-04 04:00:00,7.37,58.0,0.0,-0.0,0.0,0.4,2.14,318.0,101636.0,True,3,4,63
2019-03-04 05:00:00,6.87,64.3,0.0,-0.0,0.0,-1.0,1.79,319.0,101656.0,True,3,5,63
2019-03-04 06:00:00,7.15,67.45,0.0,-0.0,0.0,2.15,1.52,319.0,101666.0,True,3,6,63
2019-03-04 07:00:00,6.68,70.9,61.0,340.41,28.0,-0.75,1.45,319.0,101696.0,True,3,7,63
2019-03-04 08:00:00,11.15,54.7,246.0,526.06,92.0,2.15,1.79,324.0,101746.0,True,3,8,63
2019-03-04 09:00:00,14.86,44.4,423.0,603.43,143.0,8.4,1.03,286.0,101776.0,True,3,9,63
2019-03-04 10:00:00,17.97,33.5,552.0,580.89,204.0,9.0,1.1,251.0,101796.0,True,3,10,63
2019-03-04 11:00:00,19.1,35.05,702.0,791.31,157.0,6.2,1.59,219.0,101756.0,True,3,11,63
2019-03-04 12:00:00,20.15,36.2,796.0,1001.55,68.0,5.0,2.0,208.0,101726.0,True,3,12,63
2019-03-04 13:00:00,20.68,36.95,757.0,912.93,108.0,4.0,2.34,206.0,101636.0,True,3,13,63
2019-03-04 14:00:00,20.96,37.05,617.0,660.54,193.0,1.35,2.41,210.0,101546.0,True,3,14,63
2019-03-04 15:00:00,20.98,35.7,517.0,756.82,120.0,1.2,2.48,216.0,101507.0,True,3,15,63
2019-03-04 16:00:00,20.44,36.95,338.0,673.2,91.0,-1.0,2.34,221.0,101437.0,True,3,16,63
2019-03-04 17:00:00,19.1,44.45,120.0,289.43,68.0,-1.4,2.0,224.0,101407.0,True,3,17,63
2019-03-04 18:00:00,17.97,49.25,0.0,-0.0,0.0,-4.4,1.17,233.0,101387.0,True,3,18,63
2019-03-04 19:00:00,17.13,51.15,0.0,-0.0,0.0,-5.0,1.24,270.0,101397.0,True,3,19,63
2019-03-04 20:00:00,15.45,58.75,0.0,-0.0,0.0,-3.0,1.59,316.0,101417.0,True,3,20,63
2019-03-04 21:00:00,14.02,64.6,0.0,-0.0,0.0,-0.2,1.86,328.0,101477.0,True,3,21,63
2019-03-04 22:00:00,12.57,59.6,0.0,-0.0,0.0,-0.2,1.79,333.0,101526.0,True,3,22,63
2019-03-04 23:00:00,11.71,59.65,0.0,-0.0,0.0,-0.75,1.79,334.0,101526.0,True,3,23,63
2019-03-05 00:00:00,10.82,61.4,0.0,-0.0,0.0,-2.0,1.66,334.0,101497.0,True,3,0,64
2019-03-05 01:00:00,10.08,64.1,0.0,-0.0,0.0,283.0,1.45,335.0,101487.0,True,3,1,64
2019-03-05 02:00:00,9.2,67.9,0.0,-0.0,0.0,-2.75,1.38,335.0,101467.0,True,3,2,64
2019-03-05 03:00:00,8.13,74.75,0.0,-0.0,0.0,-4.4,1.31,334.0,101457.0,True,3,3,64
2019-03-05 04:00:00,7.87,76.45,0.0,-0.0,0.0,4.6,1.24,332.0,101467.0,True,3,4,64
2019-03-05 05:00:00,7.58,78.95,0.0,-0.0,0.0,0.6,1.03,328.0,101487.0,True,3,5,64
2019-03-05 06:00:00,7.82,78.35,0.0,-0.0,0.0,6.6,0.83,328.0,101536.0,True,3,6,64
2019-03-05 07:00:00,7.87,75.1,37.0,49.12,32.0,7.8,0.62,325.0,101556.0,True,3,7,64
2019-03-05 08:00:00,11.62,60.4,201.0,255.31,125.0,11.6,0.69,323.0,101616.0,True,3,8,64
2019-03-05 09:00:00,14.11,53.8,358.0,339.04,199.0,16.6,0.55,213.0,101616.0,True,3,9,64
2019-03-05 10:00:00,16.85,49.2,515.0,466.9,233.0,2.15,0.55,192.0,101656.0,True,3,10,64
2019-03-05 11:00:00,17.88,47.0,445.0,144.19,345.0,-1.15,1.03,208.0,101626.0,True,3,11,64
2019-03-05 12:00:00,18.86,45.6,715.0,717.69,190.0,7.8,1.59,208.0,101586.0,True,3,12,64
2019-03-05 13:00:00,20.11,42.1,673.0,631.87,221.0,0.0,2.21,204.0,101487.0,True,3,13,64
2019-03-05 14:00:00,20.34,42.5,562.0,490.63,245.0,-0.8,2.62,202.0,101407.0,True,3,14,64
2019-03-05 15:00:00,19.81,45.2,419.0,374.63,221.0,-0.2,2.55,205.0,101347.0,True,3,15,64
2019-03-05 16:00:00,19.21,48.05,233.0,175.38,168.0,-0.75,2.41,206.0,101307.0,True,3,16,64
2019-03-05 17:00:00,18.14,53.6,111.0,212.93,72.0,8.6,2.0,204.0,101267.0,True,3,17,64
2019-03-05 18:00:00,17.58,53.05,0.0,-0.0,0.0,-16.0,1.38,198.0,101247.0,True,3,18,64
2019-03-05 19:00:00,16.87,56.15,0.0,-0.0,0.0,-13.4,0.76,195.0,101277.0,True,3,19,64
2019-03-05 20:00:00,15.66,61.35,0.0,-0.0,0.0,-1.8,0.83,231.0,101277.0,True,3,20,64
2019-03-05 21:00:00,14.15,65.85,0.0,-0.0,0.0,-3.0,0.97,251.0,101267.0,True,3,21,64
2019-03-05 22:00:00,12.62,81.85,0.0,-0.0,0.0,0.0,1.45,241.0,101327.0,True,3,22,64
2019-03-05 23:00:00,12.38,83.8,0.0,-0.0,0.0,5.2,1.52,232.0,101247.0,True,3,23,64
2019-03-06 00:00:00,11.61,85.05,0.0,-0.0,0.0,-8.0,1.59,230.0,101188.0,True,3,0,65
2019-03-06 01:00:00,11.74,84.9,0.0,-0.0,0.0,304.0,1.66,226.0,101158.0,True,3,1,65
2019-03-06 02:00:00,11.63,82.6,0.0,-0.0,0.0,-7.4,1.79,230.0,101108.0,True,3,2,65
2019-03-06 03:00:00,11.77,82.45,0.0,-0.0,0.0,-11.8,1.79,241.0,101028.0,True,3,3,65
2019-03-06 04:00:00,11.63,79.6,0.0,-0.0,0.0,-2.8,1.86,250.0,100988.0,True,3,4,65
2019-03-06 05:00:00,12.14,74.2,0.0,-0.0,0.0,11.8,1.79,246.0,100948.0,True,3,5,65
2019-03-06 06:00:00,11.8,70.45,0.0,-0.0,0.0,9.6,1.93,243.0,100948.0,True,3,6,65
2019-03-06 07:00:00,11.44,70.6,54.0,149.95,38.0,-12.6,2.14,242.0,100928.0,True,3,7,65
2019-03-06 08:00:00,14.23,57.4,144.0,52.87,128.0,0.15,2.83,233.0,100968.0,True,3,8,65
2019-03-06 09:00:00,15.55,50.9,328.0,215.22,226.0,11.0,3.66,226.0,100948.0,True,3,9,65
2019-03-06 10:00:00,17.52,30.5,402.0,160.95,304.0,-5.6,4.69,233.0,100928.0,True,3,10,65
2019-03-06 11:00:00,18.31,28.25,619.0,482.58,282.0,-1.0,6.0,227.0,100908.0,True,3,11,65
2019-03-06 12:00:00,18.38,28.05,634.0,426.55,320.0,-1.0,6.83,233.0,100878.0,True,3,12,65
2019-03-06 13:00:00,18.13,28.7,621.0,433.48,309.0,-1.8,7.03,238.0,100819.0,True,3,13,65
2019-03-06 14:00:00,17.15,40.95,486.0,258.35,318.0,-1.6,7.24,238.0,100769.0,True,3,14,65
2019-03-06 15:00:00,16.58,50.75,412.0,315.52,244.0,11.8,7.31,239.0,100769.0,True,3,15,65
2019-03-06 16:00:00,15.99,55.55,329.0,563.69,118.0,3.8,6.83,240.0,100799.0,True,3,16,65
2019-03-06 17:00:00,14.55,67.4,150.0,535.8,50.0,2.75,5.72,239.0,100859.0,True,3,17,65
2019-03-06 18:00:00,13.62,72.6,0.0,-0.0,0.0,2.0,4.41,239.0,100918.0,True,3,18,65
2019-03-06 19:00:00,13.4,75.65,0.0,-0.0,0.0,-3.4,3.31,245.0,100968.0,True,3,19,65
2019-03-06 20:00:00,13.22,75.8,0.0,-0.0,0.0,-8.0,2.34,257.0,101028.0,True,3,20,65
2019-03-06 21:00:00,11.41,79.1,0.0,-0.0,0.0,-15.8,1.79,268.0,101088.0,True,3,21,65
2019-03-06 22:00:00,9.89,87.75,0.0,-0.0,0.0,-6.8,2.0,281.0,101108.0,True,3,22,65
2019-03-06 23:00:00,9.61,84.55,0.0,-0.0,0.0,0.0,2.34,293.0,101168.0,True,3,23,65
2019-03-07 00:00:00,9.11,83.0,0.0,-0.0,0.0,5.2,2.14,308.0,101168.0,True,3,0,66
2019-03-07 01:00:00,8.22,83.05,0.0,-0.0,0.0,284.0,1.86,313.0,101217.0,True,3,1,66
2019-03-07 02:00:00,8.08,78.95,0.0,-0.0,0.0,12.4,1.79,319.0,101188.0,True,3,2,66
2019-03-07 03:00:00,7.86,77.85,0.0,-0.0,0.0,-1.35,1.72,325.0,101178.0,True,3,3,66
2019-03-07 04:00:00,7.84,75.9,0.0,-0.0,0.0,-3.2,1.79,327.0,101178.0,True,3,4,66
2019-03-07 05:00:00,7.34,76.15,0.0,-0.0,0.0,-7.8,1.79,330.0,101247.0,True,3,5,66
2019-03-07 06:00:00,7.41,73.4,0.0,-0.0,0.0,4.4,1.86,335.0,101277.0,True,3,6,66
2019-03-07 07:00:00,7.19,72.3,57.0,152.28,40.0,-9.6,1.59,335.0,101357.0,True,3,7,66
2019-03-07 08:00:00,9.3,61.0,215.0,273.04,131.0,4.0,1.66,335.0,101397.0,True,3,8,66
2019-03-07 09:00:00,11.63,48.95,433.0,590.9,150.0,-7.0,1.38,328.0,101487.0,True,3,9,66
2019-03-07 10:00:00,13.55,40.2,610.0,764.07,141.0,1.6,0.55,324.0,101507.0,True,3,10,66
2019-03-07 11:00:00,14.78,37.6,736.0,881.78,116.0,4.6,0.83,181.0,101507.0,True,3,11,66
2019-03-07 12:00:00,15.48,38.7,807.0,996.28,69.0,1.6,1.72,183.0,101447.0,True,3,12,66
2019-03-07 13:00:00,14.78,44.55,763.0,892.09,117.0,35.6,2.34,191.0,101427.0,True,3,13,66
2019-03-07 14:00:00,15.16,44.3,633.0,683.04,186.0,-23.6,2.55,200.0,101347.0,True,3,14,66
2019-03-07 15:00:00,15.15,45.45,540.0,825.94,97.0,1.0,2.55,203.0,101277.0,True,3,15,66
2019-03-07 16:00:00,15.24,45.1,360.0,756.65,74.0,-5.0,2.41,203.0,101267.0,True,3,16,66
2019-03-07 17:00:00,14.11,50.5,148.0,489.24,55.0,-13.8,2.14,204.0,101247.0,True,3,17,66
2019-03-07 18:00:00,12.72,55.3,0.0,-0.0,0.0,-4.6,1.52,198.0,101277.0,True,3,18,66
2019-03-07 19:00:00,11.87,61.0,0.0,-0.0,0.0,1.0,0.48,206.0,101317.0,True,3,19,66
2019-03-07 20:00:00,10.86,66.25,0.0,-0.0,0.0,-2.35,0.62,245.0,101357.0,True,3,20,66
2019-03-07 21:00:00,9.33,71.65,0.0,-0.0,0.0,-2.8,1.1,332.0,101377.0,True,3,21,66
2019-03-07 22:00:00,8.13,75.45,0.0,-0.0,0.0,-2.15,1.31,346.0,101417.0,True,3,22,66
2019-03-07 23:00:00,7.43,71.95,0.0,-0.0,0.0,-0.2,1.31,345.0,101457.0,True,3,23,66
2019-03-08 00:00:00,6.96,68.15,0.0,-0.0,0.0,-3.6,1.45,340.0,101447.0,True,3,0,67
2019-03-08 01:00:00,6.48,63.0,0.0,-0.0,0.0,260.4,1.59,335.0,101487.0,True,3,1,67
2019-03-08 02:00:00,5.96,60.4,0.0,-0.0,0.0,-1.0,1.45,332.0,101477.0,True,3,2,67
2019-03-08 03:00:00,4.99,61.7,0.0,-0.0,0.0,-1.4,1.31,329.0,101477.0,True,3,3,67
2019-03-08 04:00:00,4.44,61.8,0.0,-0.0,0.0,0.0,1.24,328.0,101467.0,True,3,4,67
2019-03-08 05:00:00,4.08,63.4,0.0,-0.0,0.0,0.4,1.17,327.0,101516.0,True,3,5,67
2019-03-08 06:00:00,4.01,64.7,0.0,-0.0,0.0,1.8,1.03,331.0,101546.0,True,3,6,67
2019-03-08 07:00:00,3.82,65.85,74.0,317.3,37.0,2.15,1.03,331.0,101606.0,True,3,7,67
2019-03-08 08:00:00,8.91,46.0,271.0,585.3,88.0,0.8,1.45,336.0,101686.0,True,3,8,67
2019-03-08 09:00:00,12.28,36.9,458.0,692.25,123.0,4.8,0.69,43.0,101776.0,True,3,9,67
2019-03-08 10:00:00,14.21,32.15,598.0,693.35,169.0,7.0,2.0,103.0,101836.0,True,3,10,67
2019-03-08 11:00:00,15.4,32.0,713.0,772.71,166.0,2.6,2.28,108.0,101885.0,True,3,11,67
2019-03-08 12:00:00,16.31,32.25,812.0,996.86,69.0,5.2,2.48,116.0,101905.0,True,3,12,67
2019-03-08 13:00:00,16.75,32.05,701.0,654.76,224.0,36.4,2.9,119.0,101875.0,True,3,13,67
2019-03-08 14:00:00,16.4,33.0,619.0,618.02,212.0,8.2,2.83,124.0,101855.0,True,3,14,67
2019-03-08 15:00:00,16.5,33.9,523.0,725.61,131.0,-6.2,2.34,130.0,101865.0,True,3,15,67
2019-03-08 16:00:00,15.72,35.75,363.0,759.92,73.0,-14.0,1.72,136.0,101905.0,True,3,16,67
2019-03-08 17:00:00,14.91,40.5,150.0,475.4,58.0,-10.6,1.38,149.0,101925.0,True,3,17,67
2019-03-08 18:00:00,14.33,39.15,0.0,-0.0,0.0,-13.8,0.97,164.0,102005.0,True,3,18,67
2019-03-08 19:00:00,13.08,44.4,0.0,-0.0,0.0,-5.6,0.69,141.0,102105.0,True,3,19,67
2019-03-08 20:00:00,12.26,44.75,0.0,-0.0,0.0,-1.55,0.62,44.0,102204.0,True,3,20,67
2019-03-08 21:00:00,9.12,57.65,0.0,-0.0,0.0,2.75,0.76,3.0,102274.0,True,3,21,67
2019-03-08 22:00:00,7.54,64.4,0.0,-0.0,0.0,-1.2,0.76,1.0,102374.0,True,3,22,67
2019-03-08 23:00:00,7.22,64.15,0.0,-0.0,0.0,3.4,0.97,351.0,102404.0,True,3,23,67
2019-03-09 00:00:00,7.35,62.7,0.0,-0.0,0.0,7.0,1.31,349.0,102444.0,True,3,0,68
2019-03-09 01:00:00,6.55,64.2,0.0,-0.0,0.0,269.8,1.45,349.0,102484.0,True,3,1,68
2019-03-09 02:00:00,6.51,63.7,0.0,-0.0,0.0,-2.6,1.17,345.0,102474.0,True,3,2,68
2019-03-09 03:00:00,6.21,65.15,0.0,-0.0,0.0,-1.4,0.97,340.0,102444.0,True,3,3,68
2019-03-09 04:00:00,5.67,67.6,0.0,-0.0,0.0,-1.8,1.03,339.0,102484.0,True,3,4,68
2019-03-09 05:00:00,4.99,69.55,0.0,-0.0,0.0,-1.0,0.97,342.0,102503.0,True,3,5,68
2019-03-09 06:00:00,4.67,71.25,0.0,-0.0,0.0,-1.0,0.9,335.0,102573.0,True,3,6,68
2019-03-09 07:00:00,4.56,71.25,81.0,361.81,37.0,-4.0,1.1,338.0,102643.0,True,3,7,68
2019-03-09 08:00:00,9.53,56.75,288.0,673.59,74.0,2.2,1.66,352.0,102723.0,True,3,8,68
2019-03-09 09:00:00,12.71,50.9,481.0,775.15,102.0,7.0,1.79,42.0,102783.0,True,3,9,68
2019-03-09 10:00:00,15.58,35.6,640.0,838.61,117.0,7.0,2.0,63.0,102812.0,True,3,10,68
2019-03-09 11:00:00,16.94,32.2,776.0,993.46,68.0,5.2,2.48,82.0,102822.0,True,3,11,68
2019-03-09 12:00:00,18.38,30.65,824.0,1010.79,66.0,4.2,2.97,97.0,102793.0,True,3,12,68
2019-03-09 13:00:00,18.59,30.0,695.0,609.95,248.0,2.8,3.1,104.0,102763.0,True,3,13,68
2019-03-09 14:00:00,18.74,29.5,658.0,734.94,171.0,1.2,2.9,109.0,102713.0,True,3,14,68
2019-03-09 15:00:00,18.13,31.3,545.0,795.85,112.0,0.0,2.55,113.0,102663.0,True,3,15,68
2019-03-09 16:00:00,17.52,33.3,371.0,776.17,72.0,-1.75,2.21,117.0,102663.0,True,3,16,68
2019-03-09 17:00:00,16.38,38.35,155.0,492.57,58.0,-2.8,1.72,122.0,102633.0,True,3,17,68
2019-03-09 18:00:00,15.76,37.6,0.0,-0.0,0.0,-4.0,1.31,126.0,102693.0,True,3,18,68
2019-03-09 19:00:00,14.07,43.95,0.0,-0.0,0.0,-2.35,0.76,125.0,102753.0,True,3,19,68
2019-03-09 20:00:00,13.02,47.6,0.0,-0.0,0.0,-2.2,0.28,38.0,102812.0,True,3,20,68
2019-03-09 21:00:00,10.43,56.6,0.0,-0.0,0.0,-1.35,0.69,336.0,102822.0,True,3,21,68
2019-03-09 22:00:00,9.34,62.7,0.0,-0.0,0.0,-1.6,0.9,342.0,102862.0,True,3,22,68
2019-03-09 23:00:00,9.26,61.4,0.0,-0.0,0.0,-1.8,0.62,333.0,102862.0,True,3,23,68
2019-03-10 00:00:00,8.78,60.4,0.0,-0.0,0.0,-1.35,0.55,324.0,102812.0,True,3,0,69
2019-03-10 01:00:00,8.61,57.95,0.0,-0.0,0.0,267.2,0.69,318.0,102773.0,True,3,1,69
2019-03-10 02:00:00,7.64,58.0,0.0,-0.0,0.0,-0.8,0.83,322.0,102713.0,True,3,2,69
2019-03-10 03:00:00,7.17,56.5,0.0,-0.0,0.0,-0.15,0.76,327.0,102643.0,True,3,3,69
2019-03-10 04:00:00,6.57,58.15,0.0,-0.0,0.0,0.0,0.69,324.0,102643.0,True,3,4,69
2019-03-10 05:00:00,6.34,58.1,0.0,-0.0,0.0,-0.2,0.83,322.0,102623.0,True,3,5,69
2019-03-10 06:00:00,6.3,56.9,0.0,-0.0,0.0,0.2,0.76,321.0,102653.0,True,3,6,69
2019-03-10 07:00:00,5.89,57.5,84.0,355.32,39.0,-0.6,0.83,320.0,102693.0,True,3,7,69
2019-03-10 08:00:00,11.47,41.85,289.0,656.84,77.0,3.6,1.24,323.0,102703.0,True,3,8,69
2019-03-10 09:00:00,14.96,35.9,482.0,773.35,100.0,9.2,0.62,245.0,102753.0,True,3,9,69
2019-03-10 10:00:00,17.5,28.6,637.0,822.51,120.0,9.4,0.97,197.0,102753.0,True,3,10,69
2019-03-10 11:00:00,18.61,32.35,771.0,975.73,71.0,6.8,1.59,188.0,102703.0,True,3,11,69
2019-03-10 12:00:00,19.47,35.3,819.0,994.1,69.0,5.0,1.86,189.0,102643.0,True,3,12,69
2019-03-10 13:00:00,20.05,37.5,686.0,587.4,253.0,4.0,1.93,190.0,102543.0,True,3,13,69
2019-03-10 14:00:00,20.46,36.95,650.0,707.97,178.0,2.4,1.86,193.0,102454.0,True,3,14,69
2019-03-10 15:00:00,20.62,38.2,541.0,779.37,114.0,0.6,1.93,195.0,102404.0,True,3,15,69
2019-03-10 16:00:00,20.27,39.65,369.0,756.17,75.0,-1.2,1.86,201.0,102364.0,True,3,16,69
2019-03-10 17:00:00,19.07,43.75,154.0,469.28,60.0,-2.6,1.72,211.0,102314.0,True,3,17,69
2019-03-10 18:00:00,18.82,41.9,0.0,-0.0,0.0,-1.2,1.24,225.0,102324.0,True,3,18,69
2019-03-10 19:00:00,16.4,50.4,0.0,-0.0,0.0,-5.8,0.97,260.0,102314.0,True,3,19,69
2019-03-10 20:00:00,14.87,56.75,0.0,-0.0,0.0,-2.0,1.66,290.0,102334.0,True,3,20,69
2019-03-10 21:00:00,12.94,61.35,0.0,-0.0,0.0,-0.75,1.79,300.0,102354.0,True,3,21,69
2019-03-10 22:00:00,11.33,67.8,0.0,-0.0,0.0,-0.8,1.79,301.0,102414.0,True,3,22,69
2019-03-10 23:00:00,10.9,64.65,0.0,-0.0,0.0,-1.2,1.72,308.0,102384.0,True,3,23,69
2019-03-11 00:00:00,10.4,62.15,0.0,-0.0,0.0,-1.35,1.59,311.0,102374.0,True,3,0,70
2019-03-11 01:00:00,10.06,58.05,0.0,-0.0,0.0,288.2,1.45,315.0,102304.0,True,3,1,70
2019-03-11 02:00:00,9.58,56.5,0.0,-0.0,0.0,-1.6,1.38,314.0,102244.0,True,3,2,70
2019-03-11 03:00:00,8.97,53.95,0.0,-0.0,0.0,-1.35,1.24,316.0,102204.0,True,3,3,70
2019-03-11 04:00:00,8.16,56.5,0.0,-0.0,0.0,-1.0,1.31,318.0,102155.0,True,3,4,70
2019-03-11 05:00:00,7.95,58.5,0.0,-0.0,0.0,-0.8,1.24,319.0,102164.0,True,3,5,70
2019-03-11 06:00:00,8.12,61.4,0.0,-0.0,0.0,-0.6,1.31,321.0,102184.0,True,3,6,70
2019-03-11 07:00:00,8.09,63.4,86.0,334.08,42.0,0.0,1.45,324.0,102234.0,True,3,7,70
2019-03-11 08:00:00,13.54,45.95,293.0,661.93,76.0,3.8,1.66,329.0,102284.0,True,3,8,70
2019-03-11 09:00:00,17.43,38.65,478.0,737.52,110.0,9.0,0.48,333.0,102344.0,True,3,9,70
2019-03-11 10:00:00,20.12,29.8,647.0,860.35,102.0,10.0,1.03,129.0,102374.0,True,3,10,70
2019-03-11 11:00:00,21.09,32.3,771.0,966.57,73.0,5.8,1.66,136.0,102414.0,True,3,11,70
2019-03-11 12:00:00,21.4,32.75,818.0,984.23,71.0,4.2,2.14,131.0,102414.0,True,3,12,70
2019-03-11 13:00:00,21.05,36.1,702.0,632.57,233.0,4.4,1.93,125.0,102404.0,True,3,13,70
2019-03-11 14:00:00,20.84,37.55,664.0,757.4,156.0,4.4,2.34,127.0,102344.0,True,3,14,70
2019-03-11 15:00:00,19.96,42.2,540.0,772.23,114.0,-4.0,2.14,117.0,102364.0,True,3,15,70
2019-03-11 16:00:00,19.15,47.5,363.0,700.91,88.0,-1.4,2.41,109.0,102374.0,True,3,16,70
2019-03-11 17:00:00,17.13,58.75,152.0,427.17,65.0,-6.2,2.76,92.0,102414.0,True,3,17,70
2019-03-11 18:00:00,16.47,62.8,0.0,-0.0,0.0,-0.2,2.76,76.0,102484.0,True,3,18,70
2019-03-11 19:00:00,15.53,66.5,0.0,-0.0,0.0,-3.4,2.48,59.0,102533.0,True,3,19,70
2019-03-11 20:00:00,13.82,73.8,0.0,-0.0,0.0,-10.8,1.86,50.0,102613.0,True,3,20,70
2019-03-11 21:00:00,11.36,80.9,0.0,-0.0,0.0,-4.2,1.17,44.0,102663.0,True,3,21,70
2019-03-11 22:00:00,10.02,84.8,0.0,-0.0,0.0,-3.2,1.17,33.0,102703.0,True,3,22,70
2019-03-11 23:00:00,9.98,83.05,0.0,-0.0,0.0,-2.15,1.17,15.0,102723.0,True,3,23,70
2019-03-12 00:00:00,9.99,80.4,0.0,-0.0,0.0,3.35,1.03,359.0,102703.0,True,3,0,71
2019-03-12 01:00:00,9.45,79.6,0.0,-0.0,0.0,282.6,0.83,348.0,102713.0,True,3,1,71
2019-03-12 02:00:00,8.85,82.2,0.0,-0.0,0.0,-3.0,0.76,335.0,102653.0,True,3,2,71
2019-03-12 03:00:00,7.56,84.25,0.0,-0.0,0.0,-1.6,0.83,332.0,102623.0,True,3,3,71
2019-03-12 04:00:00,7.49,82.55,0.0,-0.0,0.0,-1.2,0.62,329.0,102613.0,True,3,4,71
2019-03-12 05:00:00,7.62,79.9,0.0,-0.0,0.0,-0.15,0.62,328.0,102583.0,True,3,5,71
2019-03-12 06:00:00,7.36,76.85,0.0,-0.0,0.0,-1.0,0.62,326.0,102593.0,True,3,6,71
2019-03-12 07:00:00,7.54,74.45,90.0,336.28,44.0,-0.4,0.34,319.0,102573.0,True,3,7,71
2019-03-12 08:00:00,12.92,52.2,293.0,606.76,91.0,3.2,0.21,317.0,102583.0,True,3,8,71
2019-03-12 09:00:00,14.77,44.05,478.0,690.49,130.0,8.2,0.9,175.0,102623.0,True,3,9,71
2019-03-12 10:00:00,17.32,37.8,645.0,803.63,132.0,8.2,1.03,199.0,102603.0,True,3,10,71
2019-03-12 11:00:00,18.63,38.55,788.0,987.82,70.0,6.0,1.72,187.0,102583.0,True,3,11,71
2019-03-12 12:00:00,19.29,39.7,806.0,890.68,126.0,4.0,2.07,191.0,102513.0,True,3,12,71
2019-03-12 13:00:00,19.99,38.45,127.0,0.0,127.0,3.0,2.21,195.0,102404.0,True,3,13,71
2019-03-12 14:00:00,20.89,35.95,633.0,610.64,221.0,2.8,2.34,199.0,102274.0,True,3,14,71
2019-03-12 15:00:00,21.09,34.75,568.0,867.86,86.0,0.0,2.34,207.0,102184.0,True,3,15,71
2019-03-12 16:00:00,20.74,35.65,371.0,709.84,90.0,-1.4,2.28,215.0,102125.0,True,3,16,71
2019-03-12 17:00:00,19.92,39.55,157.0,434.79,67.0,-3.4,2.14,221.0,102075.0,True,3,17,71
2019-03-12 18:00:00,18.99,40.95,0.0,0.0,0.0,-4.8,1.72,221.0,102075.0,True,3,18,71
2019-03-12 19:00:00,17.86,45.75,0.0,-0.0,0.0,-4.2,1.24,245.0,102085.0,True,3,19,71
2019-03-12 20:00:00,16.02,53.65,0.0,-0.0,0.0,-2.0,1.24,278.0,102105.0,True,3,20,71
2019-03-12 21:00:00,14.21,58.6,0.0,-0.0,0.0,-2.4,1.79,293.0,102095.0,True,3,21,71
2019-03-12 22:00:00,13.23,62.55,0.0,-0.0,0.0,-1.4,2.0,299.0,102125.0,True,3,22,71
2019-03-12 23:00:00,12.79,59.1,0.0,-0.0,0.0,-1.35,2.21,306.0,102065.0,True,3,23,71
2019-03-13 00:00:00,12.45,58.15,0.0,-0.0,0.0,-1.4,2.34,308.0,101995.0,True,3,0,72
2019-03-13 01:00:00,11.39,58.9,0.0,-0.0,0.0,286.6,2.34,311.0,101955.0,True,3,1,72
2019-03-13 02:00:00,10.1,65.15,0.0,-0.0,0.0,-2.6,2.07,312.0,101865.0,True,3,2,72
2019-03-13 03:00:00,9.17,70.35,0.0,-0.0,0.0,-1.6,1.86,312.0,101776.0,True,3,3,72
2019-03-13 04:00:00,9.24,68.7,0.0,-0.0,0.0,-0.75,1.72,310.0,101736.0,True,3,4,72
2019-03-13 05:00:00,8.89,70.5,0.0,-0.0,0.0,0.0,1.72,312.0,101666.0,True,3,5,72
2019-03-13 06:00:00,8.55,72.6,0.0,-0.0,0.0,-3.8,1.59,319.0,101676.0,True,3,6,72
2019-03-13 07:00:00,8.42,70.4,90.0,281.89,50.0,2.2,1.38,330.0,101696.0,True,3,7,72
2019-03-13 08:00:00,14.35,47.8,299.0,612.4,92.0,1.6,2.0,336.0,101716.0,True,3,8,72
2019-03-13 09:00:00,18.44,35.75,504.0,793.7,100.0,5.6,1.31,337.0,101756.0,True,3,9,72
2019-03-13 10:00:00,20.57,26.85,666.0,870.6,106.0,7.6,0.62,123.0,101816.0,True,3,10,72
2019-03-13 11:00:00,21.72,26.0,784.0,945.94,92.0,5.2,0.9,140.0,101806.0,True,3,11,72
2019-03-13 12:00:00,22.0,28.6,804.0,862.07,142.0,5.6,1.45,124.0,101806.0,True,3,12,72
2019-03-13 13:00:00,21.58,32.65,692.0,558.76,273.0,6.6,2.0,108.0,101786.0,True,3,13,72
2019-03-13 14:00:00,20.5,37.45,661.0,694.03,190.0,8.4,2.48,109.0,101806.0,True,3,14,72
2019-03-13 15:00:00,19.38,41.6,567.0,840.65,97.0,-4.0,2.14,110.0,101875.0,True,3,15,72
2019-03-13 16:00:00,18.73,44.45,374.0,703.65,93.0,8.8,1.86,106.0,101905.0,True,3,16,72
2019-03-13 17:00:00,16.95,51.75,159.0,423.19,70.0,-17.4,1.79,97.0,101955.0,True,3,17,72
2019-03-13 18:00:00,15.75,56.3,0.0,0.0,0.0,1.0,1.93,89.0,102035.0,True,3,18,72
2019-03-13 19:00:00,15.22,58.8,0.0,-0.0,0.0,-10.2,2.0,83.0,102135.0,True,3,19,72
2019-03-13 20:00:00,14.24,62.45,0.0,-0.0,0.0,-3.4,1.66,66.0,102244.0,True,3,20,72
2019-03-13 21:00:00,12.45,68.5,0.0,-0.0,0.0,-9.8,1.38,58.0,102324.0,True,3,21,72
2019-03-13 22:00:00,10.69,76.3,0.0,-0.0,0.0,-3.8,1.31,59.0,102374.0,True,3,22,72
2019-03-13 23:00:00,9.92,77.9,0.0,-0.0,0.0,-4.4,1.52,52.0,102404.0,True,3,23,72
2019-03-14 00:00:00,8.95,79.8,0.0,-0.0,0.0,-0.35,1.59,44.0,102414.0,True,3,0,73
2019-03-14 01:00:00,8.34,80.75,0.0,-0.0,0.0,273.2,1.52,33.0,102434.0,True,3,1,73
2019-03-14 02:00:00,8.02,82.8,0.0,-0.0,0.0,4.8,1.66,20.0,102424.0,True,3,2,73
2019-03-14 03:00:00,7.32,82.65,0.0,-0.0,0.0,-6.6,1.52,7.0,102404.0,True,3,3,73
2019-03-14 04:00:00,7.2,82.6,0.0,-0.0,0.0,13.2,1.45,356.0,102394.0,True,3,4,73
2019-03-14 05:00:00,6.58,83.4,0.0,-0.0,0.0,-16.0,1.45,353.0,102384.0,True,3,5,73
2019-03-14 06:00:00,6.23,83.5,0.0,-0.0,0.0,-4.6,1.52,354.0,102424.0,True,3,6,73
2019-03-14 07:00:00,6.12,82.55,107.0,442.1,42.0,-5.6,0.83,350.0,102474.0,True,3,7,73
2019-03-14 08:00:00,10.7,64.05,318.0,702.38,77.0,3.2,1.1,17.0,102513.0,True,3,8,73
2019-03-14 09:00:00,12.31,52.05,512.0,793.73,104.0,6.0,1.24,78.0,102563.0,True,3,9,73
2019-03-14 10:00:00,15.2,33.75,695.0,961.27,72.0,6.0,0.9,82.0,102563.0,True,3,10,73
2019-03-14 11:00:00,16.02,33.25,807.0,1006.5,66.0,6.4,1.31,125.0,102543.0,True,3,11,73
2019-03-14 12:00:00,16.77,33.75,821.0,889.49,134.0,4.6,2.0,140.0,102493.0,True,3,12,73
2019-03-14 13:00:00,17.17,35.15,0.0,0.0,0.0,2.35,2.41,145.0,102454.0,True,3,13,73
2019-03-14 14:00:00,17.06,37.1,667.0,690.05,196.0,3.0,2.14,152.0,102364.0,True,3,14,73
2019-03-14 15:00:00,16.7,40.05,568.0,808.52,113.0,-0.35,2.0,160.0,102364.0,True,3,15,73
2019-03-14 16:00:00,16.53,40.9,388.0,757.2,83.0,-1.4,1.79,171.0,102314.0,True,3,16,73
2019-03-14 17:00:00,15.87,43.2,171.0,505.64,63.0,-2.8,1.38,170.0,102274.0,True,3,17,73
2019-03-14 18:00:00,15.4,40.55,0.0,0.0,0.0,-4.0,1.17,146.0,102294.0,True,3,18,73
2019-03-14 19:00:00,14.05,43.4,0.0,-0.0,0.0,-3.4,0.41,110.0,102334.0,True,3,19,73
2019-03-14 20:00:00,12.73,47.4,0.0,-0.0,0.0,-2.6,0.28,52.0,102354.0,True,3,20,73
2019-03-14 21:00:00,10.53,54.75,0.0,-0.0,0.0,-1.8,0.55,324.0,102364.0,True,3,21,73
2019-03-14 22:00:00,9.93,56.6,0.0,-0.0,0.0,-1.75,1.03,322.0,102414.0,True,3,22,73
2019-03-14 23:00:00,9.12,57.2,0.0,-0.0,0.0,-1.4,1.17,318.0,102404.0,True,3,23,73
2019-03-15 00:00:00,8.2,57.5,0.0,-0.0,0.0,-1.8,1.38,323.0,102384.0,True,3,0,74
2019-03-15 01:00:00,8.03,53.2,0.0,-0.0,0.0,267.2,1.52,328.0,102334.0,True,3,1,74
2019-03-15 02:00:00,7.32,50.5,0.0,-0.0,0.0,-1.6,1.45,330.0,102304.0,True,3,2,74
2019-03-15 03:00:00,6.44,47.15,0.0,-0.0,0.0,-1.75,1.24,331.0,102224.0,True,3,3,74
2019-03-15 04:00:00,5.86,45.1,0.0,-0.0,0.0,-1.6,1.03,329.0,102224.0,True,3,4,74
2019-03-15 05:00:00,5.41,41.1,0.0,-0.0,0.0,-1.4,0.97,324.0,102214.0,True,3,5,74
2019-03-15 06:00:00,5.04,41.65,0.0,-0.0,0.0,-0.75,0.76,324.0,102244.0,True,3,6,74
2019-03-15 07:00:00,5.23,38.95,112.0,433.73,46.0,-0.75,0.76,322.0,102274.0,True,3,7,74
2019-03-15 08:00:00,12.72,24.2,323.0,692.08,82.0,4.2,0.97,317.0,102284.0,True,3,8,74
2019-03-15 09:00:00,15.97,26.75,510.0,747.54,122.0,9.4,0.69,216.0,102314.0,True,3,9,74
2019-03-15 10:00:00,18.73,20.75,703.0,961.78,75.0,9.6,0.97,180.0,102304.0,True,3,10,74
2019-03-15 11:00:00,19.71,21.7,790.0,901.66,122.0,6.4,1.59,164.0,102284.0,True,3,11,74
2019-03-15 12:00:00,20.44,22.3,818.0,849.7,158.0,4.6,1.79,159.0,102234.0,True,3,12,74
2019-03-15 13:00:00,21.0,22.8,711.0,572.42,277.0,3.0,1.93,158.0,102184.0,True,3,13,74
2019-03-15 14:00:00,21.43,21.85,691.0,753.17,174.0,1.4,1.93,156.0,102085.0,True,3,14,74
2019-03-15 15:00:00,21.52,21.9,588.0,881.02,89.0,-0.6,1.93,155.0,102065.0,True,3,15,74
2019-03-15 16:00:00,21.17,22.4,388.0,728.67,92.0,-1.6,1.79,154.0,102035.0,True,3,16,74
2019-03-15 17:00:00,20.07,23.95,171.0,470.37,69.0,-3.0,1.59,157.0,102025.0,True,3,17,74
2019-03-15 18:00:00,19.6,22.55,0.0,0.0,0.0,-4.4,1.03,159.0,102055.0,True,3,18,74
2019-03-15 19:00:00,18.03,26.95,0.0,-0.0,0.0,-4.0,0.62,131.0,102065.0,True,3,19,74
2019-03-15 20:00:00,15.52,33.1,0.0,-0.0,0.0,-2.8,0.62,33.0,102095.0,True,3,20,74
2019-03-15 21:00:00,12.66,36.05,0.0,-0.0,0.0,-2.2,0.76,15.0,102125.0,True,3,21,74
2019-03-15 22:00:00,12.2,38.45,0.0,-0.0,0.0,-2.15,1.03,350.0,102155.0,True,3,22,74
2019-03-15 23:00:00,11.28,40.25,0.0,-0.0,0.0,-2.0,0.9,344.0,102155.0,True,3,23,74
2019-03-16 00:00:00,10.82,41.9,0.0,-0.0,0.0,-1.8,0.76,337.0,102135.0,True,3,0,75
2019-03-16 01:00:00,10.23,42.4,0.0,-0.0,0.0,271.4,0.69,329.0,102115.0,True,3,1,75
2019-03-16 02:00:00,8.83,45.5,0.0,-0.0,0.0,-2.2,0.69,327.0,102055.0,True,3,2,75
2019-03-16 03:00:00,8.19,48.85,0.0,-0.0,0.0,-1.6,0.69,329.0,101985.0,True,3,3,75
2019-03-16 04:00:00,7.75,48.9,0.0,-0.0,0.0,-1.8,0.69,332.0,101965.0,True,3,4,75
2019-03-16 05:00:00,7.59,47.55,0.0,-0.0,0.0,-1.6,0.76,332.0,101975.0,True,3,5,75
2019-03-16 06:00:00,7.62,46.25,0.0,-0.0,0.0,-1.0,0.69,332.0,101965.0,True,3,6,75
2019-03-16 07:00:00,8.39,44.05,118.0,464.01,45.0,-3.4,0.55,335.0,101975.0,True,3,7,75
2019-03-16 08:00:00,13.94,28.2,329.0,690.56,85.0,4.0,0.76,344.0,101985.0,True,3,8,75
2019-03-16 09:00:00,16.16,28.65,535.0,845.36,92.0,7.8,0.97,89.0,102005.0,True,3,9,75
2019-03-16 10:00:00,19.21,17.4,714.0,982.08,68.0,8.0,1.31,122.0,101975.0,True,3,10,75
2019-03-16 11:00:00,20.48,16.6,791.0,874.62,139.0,5.0,2.0,141.0,101945.0,True,3,11,75
2019-03-16 12:00:00,21.57,16.35,785.0,718.21,224.0,3.6,2.21,150.0,101895.0,True,3,12,75
2019-03-16 13:00:00,21.83,16.2,736.0,629.69,256.0,2.2,2.28,156.0,101816.0,True,3,13,75
2019-03-16 14:00:00,21.9,16.85,699.0,759.12,175.0,0.75,2.21,161.0,101736.0,True,3,14,75
2019-03-16 15:00:00,21.63,17.1,604.0,933.37,72.0,0.0,2.07,165.0,101656.0,True,3,15,75
2019-03-16 16:00:00,21.23,17.5,396.0,751.94,88.0,-1.0,1.86,169.0,101626.0,True,3,16,75
2019-03-16 17:00:00,20.09,18.45,181.0,527.07,65.0,-2.0,1.59,168.0,101596.0,True,3,17,75
2019-03-16 18:00:00,19.45,18.3,0.0,0.0,0.0,-3.2,1.03,166.0,101576.0,True,3,18,75
2019-03-16 19:00:00,17.18,25.85,0.0,-0.0,0.0,-1.6,0.62,186.0,101596.0,True,3,19,75
2019-03-16 20:00:00,15.62,32.1,0.0,-0.0,0.0,-0.6,0.9,269.0,101636.0,True,3,20,75
2019-03-16 21:00:00,13.49,33.5,0.0,-0.0,0.0,0.0,1.45,289.0,101646.0,True,3,21,75
2019-03-16 22:00:00,11.52,39.7,0.0,-0.0,0.0,0.0,1.45,289.0,101666.0,True,3,22,75
2019-03-16 23:00:00,10.92,40.3,0.0,-0.0,0.0,-0.15,1.66,288.0,101616.0,True,3,23,75
2019-03-17 00:00:00,10.34,41.7,0.0,-0.0,0.0,-1.35,1.86,295.0,101556.0,True,3,0,76
2019-03-17 01:00:00,10.12,41.1,0.0,-0.0,0.0,279.8,1.86,303.0,101497.0,True,3,1,76
2019-03-17 02:00:00,9.65,41.5,0.0,-0.0,0.0,-2.0,1.86,311.0,101437.0,True,3,2,76
2019-03-17 03:00:00,9.05,42.85,0.0,-0.0,0.0,-2.15,1.86,314.0,101337.0,True,3,3,76
2019-03-17 04:00:00,7.77,47.9,0.0,-0.0,0.0,-2.4,1.79,316.0,101347.0,True,3,4,76
2019-03-17 05:00:00,7.14,52.35,0.0,-0.0,0.0,-1.75,1.66,317.0,101327.0,True,3,5,76
2019-03-17 06:00:00,6.86,55.85,0.0,-0.0,0.0,-2.0,1.66,318.0,101377.0,True,3,6,76
2019-03-17 07:00:00,7.88,55.6,125.0,498.49,44.0,-2.4,1.72,320.0,101367.0,True,3,7,76
2019-03-17 08:00:00,13.39,41.15,333.0,697.45,83.0,2.2,2.0,322.0,101427.0,True,3,8,76
2019-03-17 09:00:00,17.05,30.9,540.0,852.51,89.0,7.6,1.45,302.0,101427.0,True,3,9,76
2019-03-17 10:00:00,20.63,19.7,715.0,974.96,69.0,8.0,1.24,249.0,101477.0,True,3,10,76
2019-03-17 11:00:00,22.19,18.25,799.0,901.27,123.0,5.6,1.52,231.0,101427.0,True,3,11,76
2019-03-17 12:00:00,23.32,17.9,770.0,669.69,244.0,4.8,1.59,232.0,101337.0,True,3,12,76
2019-03-17 13:00:00,23.95,16.0,735.0,623.74,257.0,4.2,1.52,239.0,101247.0,True,3,13,76
2019-03-17 14:00:00,24.42,13.6,690.0,726.15,186.0,2.4,1.31,246.0,101138.0,True,3,14,76
2019-03-17 15:00:00,24.35,14.45,601.0,913.63,77.0,-1.0,1.17,253.0,101058.0,True,3,15,76
2019-03-17 16:00:00,23.9,15.25,391.0,704.66,100.0,-1.35,1.03,274.0,101018.0,True,3,16,76
2019-03-17 17:00:00,22.67,17.15,178.0,483.67,70.0,-2.2,1.03,307.0,101018.0,True,3,17,76
2019-03-17 18:00:00,22.16,17.8,0.0,0.0,0.0,-4.0,0.97,338.0,101058.0,True,3,18,76
2019-03-17 19:00:00,20.99,23.6,0.0,-0.0,0.0,-7.6,1.24,350.0,101098.0,True,3,19,76
2019-03-17 20:00:00,17.74,30.45,0.0,-0.0,0.0,-3.0,1.79,346.0,101148.0,True,3,20,76
2019-03-17 21:00:00,15.97,32.45,0.0,-0.0,0.0,-2.8,2.0,341.0,101197.0,True,3,21,76
2019-03-17 22:00:00,13.19,30.7,0.0,-0.0,0.0,-2.15,1.86,343.0,101227.0,True,3,22,76
2019-03-17 23:00:00,12.22,29.0,0.0,-0.0,0.0,-2.0,1.86,336.0,101247.0,True,3,23,76
2019-03-18 00:00:00,11.68,29.95,0.0,-0.0,0.0,-2.0,1.45,335.0,101257.0,True,3,0,77
2019-03-18 01:00:00,10.67,31.9,0.0,-0.0,0.0,274.6,1.1,332.0,101257.0,True,3,1,77
2019-03-18 02:00:00,9.03,36.3,0.0,-0.0,0.0,-1.75,0.76,330.0,101267.0,True,3,2,77
2019-03-18 03:00:00,8.46,43.95,0.0,-0.0,0.0,-3.2,1.59,12.0,101297.0,True,3,3,77
2019-03-18 04:00:00,9.43,46.0,0.0,-0.0,0.0,-0.35,2.41,64.0,101397.0,True,3,4,77
2019-03-18 05:00:00,8.74,55.55,0.0,-0.0,0.0,1.35,2.07,61.0,101477.0,True,3,5,77
2019-03-18 06:00:00,8.98,58.9,0.0,-0.0,0.0,2.8,2.28,45.0,101497.0,True,3,6,77
2019-03-18 07:00:00,9.76,57.95,120.0,417.5,50.0,-1.0,2.62,35.0,101576.0,True,3,7,77
2019-03-18 08:00:00,11.69,62.5,317.0,599.63,99.0,15.4,3.52,41.0,101666.0,True,3,8,77
2019-03-18 09:00:00,12.08,61.75,522.0,784.64,103.0,3.0,4.55,51.0,101746.0,True,3,9,77
2019-03-18 10:00:00,13.77,58.05,686.0,875.06,102.0,21.4,4.76,59.0,101836.0,True,3,10,77
2019-03-18 11:00:00,14.46,55.3,688.0,557.91,267.0,0.2,4.62,62.0,101826.0,True,3,11,77
2019-03-18 12:00:00,14.96,54.3,633.0,341.89,363.0,11.6,4.34,60.0,101806.0,True,3,12,77
2019-03-18 13:00:00,15.11,54.35,701.0,550.39,277.0,14.8,4.14,63.0,101776.0,True,3,13,77
2019-03-18 14:00:00,14.17,59.35,574.0,391.22,301.0,-2.6,3.93,70.0,101726.0,True,3,14,77
2019-03-18 15:00:00,14.58,59.5,427.0,280.73,265.0,-6.8,4.14,81.0,101756.0,True,3,15,77
2019-03-18 16:00:00,14.02,60.1,177.0,24.02,167.0,-11.8,3.93,87.0,101746.0,True,3,16,77
2019-03-18 17:00:00,12.87,64.5,97.0,44.15,87.0,3.0,3.38,87.0,101816.0,True,3,17,77
2019-03-18 18:00:00,12.48,63.75,0.0,0.0,0.0,-1.4,3.03,87.0,101885.0,True,3,18,77
2019-03-18 19:00:00,12.03,67.55,0.0,-0.0,0.0,12.4,2.9,82.0,101965.0,True,3,19,77
2019-03-18 20:00:00,11.42,70.45,0.0,-0.0,0.0,2.4,2.69,75.0,102015.0,True,3,20,77
2019-03-18 21:00:00,10.13,75.75,0.0,-0.0,0.0,-2.2,2.14,71.0,102085.0,True,3,21,77
2019-03-18 22:00:00,9.74,77.05,0.0,-0.0,0.0,-11.6,2.14,72.0,102075.0,True,3,22,77
2019-03-18 23:00:00,9.59,76.1,0.0,-0.0,0.0,4.6,1.72,63.0,102055.0,True,3,23,77
2019-03-19 00:00:00,8.89,78.45,0.0,-0.0,0.0,-17.0,1.17,61.0,102035.0,True,3,0,78
2019-03-19 01:00:00,7.95,79.9,0.0,-0.0,0.0,297.0,1.1,42.0,102025.0,True,3,1,78
2019-03-19 02:00:00,7.31,81.7,0.0,-0.0,0.0,5.0,0.83,22.0,101965.0,True,3,2,78
2019-03-19 03:00:00,6.47,84.85,0.0,-0.0,0.0,-17.4,0.48,9.0,101925.0,True,3,3,78
2019-03-19 04:00:00,6.18,85.25,0.0,-0.0,0.0,9.4,0.28,351.0,101875.0,True,3,4,78
2019-03-19 05:00:00,6.12,84.3,0.0,-0.0,0.0,5.4,0.41,350.0,101875.0,True,3,5,78
2019-03-19 06:00:00,6.69,83.25,0.0,-0.0,0.0,-13.4,0.76,359.0,101855.0,True,3,6,78
2019-03-19 07:00:00,7.45,78.2,75.0,57.86,65.0,19.6,0.41,346.0,101885.0,True,3,7,78
2019-03-19 08:00:00,10.48,63.05,329.0,645.58,91.0,-11.8,0.21,33.0,101895.0,True,3,8,78
2019-03-19 09:00:00,12.65,58.85,297.0,83.49,252.0,24.2,0.21,44.0,101905.0,True,3,9,78
2019-03-19 10:00:00,13.74,51.85,496.0,264.83,318.0,-1.8,0.55,145.0,101885.0,True,3,10,78
2019-03-19 11:00:00,14.4,52.75,561.0,252.92,369.0,10.0,1.17,142.0,101855.0,True,3,11,78
2019-03-19 12:00:00,13.89,56.1,631.0,332.5,367.0,25.8,1.31,127.0,101836.0,True,3,12,78
2019-03-19 13:00:00,12.85,60.35,317.0,10.33,309.0,-21.4,1.1,108.0,101816.0,True,3,13,78
2019-03-19 14:00:00,11.88,65.5,256.0,4.28,253.0,-16.8,1.59,84.0,101756.0,True,3,14,78
2019-03-19 15:00:00,12.29,65.0,356.0,129.19,281.0,5.0,1.17,105.0,101786.0,True,3,15,78
2019-03-19 16:00:00,12.76,64.65,59.0,0.0,59.0,-3.0,1.31,97.0,101806.0,True,3,16,78
2019-03-19 17:00:00,12.48,65.0,180.0,492.07,67.0,-6.2,2.0,75.0,101826.0,True,3,17,78
2019-03-19 18:00:00,11.23,69.0,0.0,0.0,0.0,6.4,2.34,71.0,101955.0,True,3,18,78
2019-03-19 19:00:00,10.28,75.85,0.0,-0.0,0.0,-8.0,2.28,75.0,102065.0,True,3,19,78
2019-03-19 20:00:00,9.88,81.8,0.0,-0.0,0.0,-8.2,1.93,65.0,102135.0,True,3,20,78
2019-03-19 21:00:00,8.35,89.75,0.0,-0.0,0.0,-2.35,1.45,56.0,102194.0,True,3,21,78
2019-03-19 22:00:00,7.4,94.2,0.0,-0.0,0.0,-10.0,1.86,47.0,102214.0,True,3,22,78
2019-03-19 23:00:00,7.57,90.85,0.0,-0.0,0.0,3.4,1.52,37.0,102224.0,True,3,23,78
2019-03-20 00:00:00,6.92,89.15,0.0,-0.0,0.0,-20.6,1.66,28.0,102224.0,True,3,0,79
2019-03-20 01:00:00,6.26,86.55,0.0,-0.0,0.0,265.6,1.72,18.0,102194.0,True,3,1,79
2019-03-20 02:00:00,5.06,85.85,0.0,-0.0,0.0,-10.4,1.72,14.0,102145.0,True,3,2,79
2019-03-20 03:00:00,4.27,87.85,0.0,-0.0,0.0,-0.6,1.45,7.0,102105.0,True,3,3,79
2019-03-20 04:00:00,3.6,88.45,0.0,-0.0,0.0,-2.6,1.31,8.0,102095.0,True,3,4,79
2019-03-20 05:00:00,2.99,88.75,0.0,-0.0,0.0,5.0,1.38,9.0,102095.0,True,3,5,79
2019-03-20 06:00:00,3.22,86.55,0.0,-0.0,0.0,6.2,1.52,7.0,102155.0,True,3,6,79
2019-03-20 07:00:00,3.69,85.05,138.0,499.92,49.0,16.4,2.07,8.0,102224.0,True,3,7,79
2019-03-20 08:00:00,7.47,70.8,353.0,751.83,72.0,-3.0,2.07,31.0,102284.0,True,3,8,79
2019-03-20 09:00:00,9.35,54.25,557.0,886.19,75.0,-2.4,3.45,52.0,102344.0,True,3,9,79
2019-03-20 10:00:00,11.11,50.9,705.0,884.95,106.0,-6.8,3.1,64.0,102374.0,True,3,10,79
2019-03-20 11:00:00,11.76,50.15,761.0,735.98,199.0,16.6,3.86,70.0,102314.0,True,3,11,79
2019-03-20 12:00:00,11.75,52.45,733.0,544.98,298.0,12.0,4.21,77.0,102284.0,True,3,12,79
2019-03-20 13:00:00,11.13,56.35,752.0,656.58,241.0,8.4,4.41,81.0,102254.0,True,3,13,79
2019-03-20 14:00:00,11.18,59.3,658.0,595.56,238.0,-3.8,4.48,78.0,102204.0,True,3,14,79
2019-03-20 15:00:00,10.8,61.75,593.0,837.35,104.0,-12.0,4.69,77.0,102204.0,True,3,15,79
2019-03-20 16:00:00,10.06,67.0,380.0,605.43,124.0,25.8,4.55,76.0,102174.0,True,3,16,79
2019-03-20 17:00:00,9.09,72.1,190.0,532.7,66.0,-31.8,4.07,73.0,102204.0,True,3,17,79
2019-03-20 18:00:00,8.34,74.65,0.0,0.0,0.0,7.6,3.17,70.0,102244.0,True,3,18,79
2019-03-20 19:00:00,7.83,79.85,0.0,-0.0,0.0,-10.6,2.69,63.0,102314.0,True,3,19,79
2019-03-20 20:00:00,7.17,80.95,0.0,-0.0,0.0,2.6,2.62,58.0,102394.0,True,3,20,79
2019-03-20 21:00:00,6.62,80.3,0.0,-0.0,0.0,7.4,2.34,50.0,102444.0,True,3,21,79
2019-03-20 22:00:00,5.88,83.5,0.0,-0.0,0.0,-10.0,1.66,41.0,102454.0,True,3,22,79
2019-03-20 23:00:00,5.62,82.25,0.0,-0.0,0.0,-7.8,1.45,24.0,102394.0,True,3,23,79
2019-03-21 00:00:00,5.23,80.75,0.0,-0.0,0.0,-19.4,1.59,23.0,102364.0,True,3,0,80
2019-03-21 01:00:00,4.38,78.8,0.0,-0.0,0.0,249.6,1.79,21.0,102294.0,True,3,1,80
2019-03-21 02:00:00,3.92,79.9,0.0,-0.0,0.0,-3.2,1.93,20.0,102254.0,True,3,2,80
2019-03-21 03:00:00,3.57,80.0,0.0,-0.0,0.0,2.35,2.0,17.0,102164.0,True,3,3,80
2019-03-21 04:00:00,3.24,79.75,0.0,-0.0,0.0,-4.4,2.0,18.0,102184.0,True,3,4,80
2019-03-21 05:00:00,3.11,78.25,0.0,-0.0,0.0,8.8,1.86,15.0,102174.0,True,3,5,80
2019-03-21 06:00:00,3.05,77.55,0.0,-0.0,0.0,6.0,1.86,12.0,102194.0,True,3,6,80
2019-03-21 07:00:00,3.34,75.45,142.0,496.69,51.0,-13.8,2.28,11.0,102224.0,True,3,7,80
2019-03-21 08:00:00,7.36,62.3,358.0,749.66,74.0,-0.8,2.76,27.0,102274.0,True,3,8,80
2019-03-21 09:00:00,9.4,47.9,564.0,891.0,75.0,5.0,4.14,44.0,102284.0,True,3,9,80
2019-03-21 10:00:00,11.42,41.25,701.0,840.7,128.0,6.4,4.62,56.0,102314.0,True,3,10,80
2019-03-21 11:00:00,12.37,40.85,728.0,614.54,256.0,6.2,4.76,65.0,102274.0,True,3,11,80
2019-03-21 12:00:00,13.37,40.2,715.0,487.31,324.0,12.6,4.83,72.0,102244.0,True,3,12,80
2019-03-21 13:00:00,13.1,43.35,681.0,450.03,329.0,17.4,4.9,78.0,102174.0,True,3,13,80
2019-03-21 14:00:00,13.25,44.25,615.0,457.08,291.0,8.4,4.97,80.0,102135.0,True,3,14,80
2019-03-21 15:00:00,12.77,45.85,604.0,873.36,91.0,5.6,4.76,83.0,102115.0,True,3,15,80
2019-03-21 16:00:00,12.7,46.7,395.0,671.25,109.0,1.6,4.41,86.0,102085.0,True,3,16,80
2019-03-21 17:00:00,11.72,53.5,188.0,491.75,72.0,-16.2,4.07,83.0,102075.0,True,3,17,80
2019-03-21 18:00:00,10.67,59.3,0.0,0.0,0.0,-14.0,3.52,80.0,102105.0,True,3,18,80
2019-03-21 19:00:00,9.88,67.15,0.0,-0.0,0.0,-11.2,2.69,75.0,102184.0,True,3,19,80
2019-03-21 20:00:00,9.22,74.7,0.0,-0.0,0.0,-0.75,2.41,64.0,102224.0,True,3,20,80
2019-03-21 21:00:00,7.99,78.15,0.0,-0.0,0.0,-0.75,2.14,55.0,102284.0,True,3,21,80
2019-03-21 22:00:00,7.55,78.1,0.0,-0.0,0.0,-2.8,2.07,54.0,102334.0,True,3,22,80
2019-03-21 23:00:00,6.92,78.15,0.0,-0.0,0.0,-2.35,1.86,43.0,102304.0,True,3,23,80
2019-03-22 00:00:00,6.02,79.35,0.0,-0.0,0.0,-3.2,1.66,35.0,102264.0,True,3,0,81
2019-03-22 01:00:00,5.76,77.8,0.0,-0.0,0.0,255.0,1.66,28.0,102244.0,True,3,1,81
2019-03-22 02:00:00,5.25,79.1,0.0,-0.0,0.0,-0.75,1.72,22.0,102234.0,True,3,2,81
2019-03-22 03:00:00,4.61,79.4,0.0,-0.0,0.0,8.4,1.59,12.0,102164.0,True,3,3,81
2019-03-22 04:00:00,4.19,78.45,0.0,-0.0,0.0,-10.6,1.45,10.0,102164.0,True,3,4,81
2019-03-22 05:00:00,3.61,78.35,0.0,-0.0,0.0,2.8,1.45,10.0,102155.0,True,3,5,81
2019-03-22 06:00:00,3.45,76.95,0.0,-0.0,0.0,-3.2,1.45,11.0,102174.0,True,3,6,81
2019-03-22 07:00:00,3.8,75.35,141.0,445.88,57.0,3.0,1.86,8.0,102224.0,True,3,7,81
2019-03-22 08:00:00,8.34,56.2,352.0,679.85,91.0,5.8,2.0,30.0,102244.0,True,3,8,81
2019-03-22 09:00:00,10.14,52.05,546.0,781.98,113.0,9.0,3.17,49.0,102314.0,True,3,9,81
2019-03-22 10:00:00,12.13,44.0,629.0,571.22,237.0,4.2,3.1,57.0,102284.0,True,3,10,81
2019-03-22 11:00:00,13.34,40.7,671.0,454.39,320.0,2.8,3.38,72.0,102274.0,True,3,11,81
2019-03-22 12:00:00,14.48,38.15,733.0,530.69,305.0,0.0,3.72,79.0,102214.0,True,3,12,81
2019-03-22 13:00:00,15.08,38.0,729.0,575.05,277.0,0.2,4.0,86.0,102184.0,True,3,13,81
2019-03-22 14:00:00,15.52,39.35,734.0,846.39,131.0,4.6,4.21,89.0,102125.0,True,3,14,81
2019-03-22 15:00:00,15.46,41.05,568.0,704.19,152.0,8.6,4.28,91.0,102105.0,True,3,15,81
2019-03-22 16:00:00,14.5,44.75,369.0,526.48,143.0,8.8,3.93,91.0,102095.0,True,3,16,81
2019-03-22 17:00:00,13.52,53.25,179.0,397.52,84.0,-1.8,3.38,85.0,102075.0,True,3,17,81
2019-03-22 18:00:00,12.49,58.15,0.0,0.0,0.0,-8.6,2.69,75.0,102085.0,True,3,18,81
2019-03-22 19:00:00,12.0,64.15,0.0,-0.0,0.0,-10.6,1.93,61.0,102145.0,True,3,19,81
2019-03-22 20:00:00,11.37,70.8,0.0,-0.0,0.0,-2.8,1.66,42.0,102194.0,True,3,20,81
2019-03-22 21:00:00,10.18,74.55,0.0,-0.0,0.0,4.2,1.72,29.0,102214.0,True,3,21,81
2019-03-22 22:00:00,9.28,73.7,0.0,-0.0,0.0,-6.2,1.86,25.0,102244.0,True,3,22,81
2019-03-22 23:00:00,8.77,75.1,0.0,-0.0,0.0,-1.6,1.86,18.0,102194.0,True,3,23,81
2019-03-23 00:00:00,8.57,75.25,0.0,-0.0,0.0,0.0,1.93,10.0,102164.0,True,3,0,82
2019-03-23 01:00:00,7.86,77.6,0.0,-0.0,0.0,268.4,1.66,2.0,102135.0,True,3,1,82
2019-03-23 02:00:00,7.28,79.0,0.0,-0.0,0.0,0.15,1.59,2.0,102135.0,True,3,2,82
2019-03-23 03:00:00,7.12,76.8,0.0,-0.0,0.0,-1.35,1.86,7.0,102075.0,True,3,3,82
2019-03-23 04:00:00,6.87,77.4,0.0,-0.0,0.0,1.2,2.28,16.0,102045.0,True,3,4,82
2019-03-23 05:00:00,6.55,77.05,0.0,-0.0,0.0,4.6,2.48,32.0,102055.0,True,3,5,82
2019-03-23 06:00:00,6.13,77.75,0.0,-0.0,0.0,-9.0,2.28,38.0,102065.0,True,3,6,82
2019-03-23 07:00:00,6.49,76.45,150.0,506.29,52.0,4.0,2.21,34.0,102095.0,True,3,7,82
2019-03-23 08:00:00,10.16,58.85,366.0,750.71,74.0,4.8,3.17,46.0,102115.0,True,3,8,82
2019-03-23 09:00:00,11.67,60.45,568.0,880.79,76.0,16.4,4.21,59.0,102145.0,True,3,9,82
2019-03-23 10:00:00,13.52,54.1,696.0,800.42,143.0,5.4,4.9,72.0,102135.0,True,3,10,82
2019-03-23 11:00:00,13.7,54.95,269.0,1.29,268.0,7.0,5.03,81.0,102155.0,True,3,11,82
2019-03-23 12:00:00,13.45,59.2,647.0,329.39,380.0,5.4,4.97,86.0,102115.0,True,3,12,82
2019-03-23 13:00:00,13.21,64.2,792.0,762.19,190.0,10.8,5.03,81.0,102035.0,True,3,13,82
2019-03-23 14:00:00,12.53,68.3,754.0,923.21,93.0,15.8,5.1,74.0,101955.0,True,3,14,82
2019-03-23 15:00:00,12.11,75.2,531.0,550.43,204.0,1.0,5.1,67.0,101905.0,True,3,15,82
2019-03-23 16:00:00,12.32,75.9,375.0,545.75,139.0,-0.15,4.97,64.0,101915.0,True,3,16,82
2019-03-23 17:00:00,11.39,80.45,200.0,561.88,64.0,-20.4,4.62,60.0,101865.0,True,3,17,82
2019-03-23 18:00:00,11.53,77.65,0.0,0.0,0.0,-11.6,3.72,54.0,101885.0,True,3,18,82
2019-03-23 19:00:00,11.4,78.9,0.0,-0.0,0.0,25.2,2.97,42.0,101905.0,True,3,19,82
2019-03-23 20:00:00,11.13,84.4,0.0,-0.0,0.0,-2.6,2.9,40.0,101905.0,True,3,20,82
2019-03-23 21:00:00,10.47,87.9,0.0,-0.0,0.0,-11.4,3.03,40.0,101945.0,True,3,21,82
2019-03-23 22:00:00,10.14,85.85,0.0,-0.0,0.0,-11.0,2.97,35.0,101905.0,True,3,22,82
2019-03-23 23:00:00,10.12,85.75,0.0,-0.0,0.0,6.4,2.48,33.0,101875.0,True,3,23,82
2019-03-24 00:00:00,9.76,87.3,0.0,-0.0,0.0,-6.0,2.48,36.0,101875.0,True,3,0,83
2019-03-24 01:00:00,9.53,86.3,0.0,-0.0,0.0,312.25,2.48,33.0,101845.0,True,3,1,83
2019-03-24 02:00:00,9.08,86.6,0.0,-0.0,0.0,1.35,2.41,26.0,101786.0,True,3,2,83
2019-03-24 03:00:00,8.96,86.6,0.0,-0.0,0.0,-6.6,2.48,22.0,101726.0,True,3,3,83
2019-03-24 04:00:00,9.02,84.1,0.0,-0.0,0.0,-4.8,2.48,17.0,101716.0,True,3,4,83
2019-03-24 05:00:00,9.48,80.3,0.0,-0.0,0.0,4.0,2.48,16.0,101696.0,True,3,5,83
2019-03-24 06:00:00,9.19,78.45,0.0,-0.0,0.0,-1.0,2.34,18.0,101736.0,True,3,6,83
2019-03-24 07:00:00,9.42,78.65,43.0,0.0,43.0,2.6,2.69,20.0,101776.0,True,3,7,83
2019-03-24 08:00:00,10.45,73.5,40.0,0.0,40.0,-0.6,2.9,28.0,101816.0,True,3,8,83
2019-03-24 09:00:00,10.69,73.8,170.0,0.0,170.0,7.8,3.52,40.0,101845.0,True,3,9,83
2019-03-24 10:00:00,12.96,64.8,270.0,8.63,264.0,4.2,3.66,45.0,101885.0,True,3,10,83
2019-03-24 11:00:00,14.28,60.65,594.0,285.47,371.0,0.0,4.14,60.0,101895.0,True,3,11,83
2019-03-24 12:00:00,14.99,57.4,299.0,3.68,296.0,3.0,4.41,74.0,101885.0,True,3,12,83
2019-03-24 13:00:00,15.99,52.95,434.0,65.53,382.0,9.6,4.69,77.0,101855.0,True,3,13,83
2019-03-24 14:00:00,16.53,49.95,266.0,5.56,262.0,-7.2,4.83,78.0,101756.0,True,3,14,83
2019-03-24 15:00:00,16.0,50.95,160.0,0.0,160.0,1.75,4.55,76.0,101756.0,True,3,15,83
2019-03-24 16:00:00,15.31,54.9,120.0,0.0,120.0,-4.4,4.28,76.0,101706.0,True,3,16,83
2019-03-24 17:00:00,14.34,61.6,110.0,53.04,97.0,-3.0,3.86,72.0,101706.0,True,3,17,83
2019-03-24 18:00:00,13.69,63.35,0.0,0.0,0.0,-1.2,3.38,61.0,101686.0,True,3,18,83
2019-03-24 19:00:00,13.37,63.0,0.0,-0.0,0.0,-0.75,2.69,49.0,101706.0,True,3,19,83
2019-03-24 20:00:00,11.67,67.4,0.0,-0.0,0.0,-14.0,2.41,37.0,101716.0,True,3,20,83
2019-03-24 21:00:00,10.75,67.0,0.0,-0.0,0.0,0.75,2.07,26.0,101726.0,True,3,21,83
2019-03-24 22:00:00,10.67,67.3,0.0,-0.0,0.0,-4.8,1.66,20.0,101746.0,True,3,22,83
2019-03-24 23:00:00,10.85,64.05,0.0,-0.0,0.0,16.2,1.52,23.0,101716.0,True,3,23,83
2019-03-25 00:00:00,10.48,64.4,0.0,-0.0,0.0,-9.6,1.66,18.0,101686.0,True,3,0,84
2019-03-25 01:00:00,10.52,64.35,0.0,-0.0,0.0,314.45,1.66,14.0,101646.0,True,3,1,84
2019-03-25 02:00:00,9.09,70.25,0.0,-0.0,0.0,-22.2,1.52,11.0,101586.0,True,3,2,84
2019-03-25 03:00:00,8.43,70.75,0.0,-0.0,0.0,-1.2,1.59,9.0,101536.0,True,3,3,84
2019-03-25 04:00:00,8.09,72.65,0.0,-0.0,0.0,0.0,1.52,9.0,101516.0,True,3,4,84
2019-03-25 05:00:00,7.78,73.45,0.0,-0.0,0.0,-0.55,1.38,8.0,101516.0,True,3,5,84
2019-03-25 06:00:00,7.95,73.65,0.0,-0.0,0.0,-2.2,1.38,9.0,101546.0,True,3,6,84
2019-03-25 07:00:00,8.54,71.95,157.0,485.56,58.0,-9.0,1.86,10.0,101586.0,True,3,7,84
2019-03-25 08:00:00,12.69,54.95,370.0,716.77,84.0,8.8,2.07,31.0,101606.0,True,3,8,84
2019-03-25 09:00:00,13.41,52.8,563.0,807.74,104.0,5.0,3.24,54.0,101606.0,True,3,9,84
2019-03-25 10:00:00,15.61,47.3,665.0,657.09,205.0,3.15,3.59,51.0,101586.0,True,3,10,84
2019-03-25 11:00:00,16.62,45.8,700.0,507.99,301.0,3.2,4.07,64.0,101566.0,True,3,11,84
2019-03-25 12:00:00,17.27,45.15,749.0,550.92,298.0,1.0,3.93,74.0,101487.0,True,3,12,84
2019-03-25 13:00:00,17.5,44.95,726.0,545.59,291.0,10.4,4.14,80.0,101417.0,True,3,13,84
2019-03-25 14:00:00,17.77,45.2,747.0,871.43,117.0,-1.2,4.48,85.0,101317.0,True,3,14,84
2019-03-25 15:00:00,17.65,46.8,577.0,710.93,150.0,3.2,4.48,86.0,101287.0,True,3,15,84
2019-03-25 16:00:00,17.54,48.1,377.0,533.44,143.0,-4.2,4.41,81.0,101247.0,True,3,16,84
2019-03-25 17:00:00,16.31,53.35,196.0,483.66,76.0,-8.0,3.79,68.0,101207.0,True,3,17,84
2019-03-25 18:00:00,15.43,54.45,0.0,0.0,0.0,-1.8,3.24,56.0,101207.0,True,3,18,84
2019-03-25 19:00:00,14.75,58.3,0.0,-0.0,0.0,-13.2,2.34,40.0,101217.0,True,3,19,84
2019-03-25 20:00:00,13.78,62.75,0.0,-0.0,0.0,-3.0,2.0,28.0,101237.0,True,3,20,84
2019-03-25 21:00:00,11.86,67.2,0.0,-0.0,0.0,-2.8,1.86,22.0,101267.0,True,3,21,84
2019-03-25 22:00:00,10.72,63.15,0.0,-0.0,0.0,-3.35,1.59,18.0,101287.0,True,3,22,84
2019-03-25 23:00:00,10.24,61.8,0.0,-0.0,0.0,-1.6,1.52,15.0,101277.0,True,3,23,84
2019-03-26 00:00:00,10.22,57.1,0.0,-0.0,0.0,-0.2,1.45,17.0,101257.0,True,3,0,85
2019-03-26 01:00:00,10.36,53.15,0.0,-0.0,0.0,278.0,1.59,19.0,101227.0,True,3,1,85
2019-03-26 02:00:00,10.11,52.25,0.0,-0.0,0.0,-1.8,1.59,19.0,101178.0,True,3,2,85
2019-03-26 03:00:00,9.54,52.35,0.0,-0.0,0.0,3.6,1.66,20.0,101098.0,True,3,3,85
2019-03-26 04:00:00,9.13,51.55,0.0,-0.0,0.0,5.4,1.86,22.0,101058.0,True,3,4,85
2019-03-26 05:00:00,8.94,50.0,0.0,-0.0,0.0,-0.6,2.07,25.0,101068.0,True,3,5,85
2019-03-26 06:00:00,9.51,46.7,0.0,0.0,0.0,-1.4,2.34,29.0,101058.0,True,3,6,85
2019-03-26 07:00:00,10.54,45.15,144.0,330.1,75.0,4.0,2.83,30.0,101148.0,True,3,7,85
2019-03-26 08:00:00,13.15,35.85,368.0,675.73,95.0,-0.8,4.34,42.0,101168.0,True,3,8,85
2019-03-26 09:00:00,13.42,40.35,538.0,678.85,149.0,2.6,5.79,52.0,101247.0,True,3,9,85
2019-03-26 10:00:00,14.8,41.3,662.0,641.52,210.0,4.4,6.07,51.0,101227.0,True,3,10,85
2019-03-26 11:00:00,14.94,44.65,718.0,552.11,282.0,0.35,6.83,56.0,101247.0,True,3,11,85
2019-03-26 12:00:00,15.07,48.6,818.0,747.66,203.0,4.8,7.17,59.0,101227.0,True,3,12,85
2019-03-26 13:00:00,15.59,50.25,708.0,495.65,311.0,3.6,7.52,64.0,101247.0,True,3,13,85
2019-03-26 14:00:00,15.19,55.45,711.0,729.66,181.0,1.15,7.24,64.0,101207.0,True,3,14,85
2019-03-26 15:00:00,14.76,57.3,513.0,467.02,231.0,3.2,6.9,60.0,101188.0,True,3,15,85
2019-03-26 16:00:00,13.93,54.85,319.0,282.98,194.0,1.0,6.69,57.0,101168.0,True,3,16,85
2019-03-26 17:00:00,12.99,50.7,106.0,39.82,96.0,-9.0,6.28,54.0,101227.0,True,3,17,85
2019-03-26 18:00:00,12.28,48.0,6.0,0.0,6.0,-4.8,5.66,50.0,101257.0,True,3,18,85
2019-03-26 19:00:00,11.78,46.6,0.0,-0.0,0.0,-1.8,5.1,47.0,101347.0,True,3,19,85
2019-03-26 20:00:00,10.88,48.5,0.0,-0.0,0.0,4.0,5.1,46.0,101427.0,True,3,20,85
2019-03-26 21:00:00,9.63,54.0,0.0,-0.0,0.0,-11.0,5.17,47.0,101536.0,True,3,21,85
2019-03-26 22:00:00,9.8,51.7,0.0,-0.0,0.0,-8.0,4.0,37.0,101596.0,True,3,22,85
2019-03-26 23:00:00,9.6,53.15,0.0,-0.0,0.0,-4.8,4.21,42.0,101636.0,True,3,23,85
2019-03-27 00:00:00,9.09,55.6,0.0,-0.0,0.0,-15.4,4.55,43.0,101666.0,True,3,0,86
2019-03-27 01:00:00,8.74,58.55,0.0,-0.0,0.0,258.4,4.62,41.0,101686.0,True,3,1,86
2019-03-27 02:00:00,7.67,58.3,0.0,-0.0,0.0,-5.2,4.21,41.0,101706.0,True,3,2,86
2019-03-27 03:00:00,6.55,60.7,0.0,-0.0,0.0,-4.0,4.21,39.0,101686.0,True,3,3,86
2019-03-27 04:00:00,6.31,60.2,0.0,-0.0,0.0,-1.8,4.28,37.0,101656.0,True,3,4,86
2019-03-27 05:00:00,6.15,60.45,0.0,-0.0,0.0,-1.15,4.0,34.0,101656.0,True,3,5,86
2019-03-27 06:00:00,6.44,60.3,0.0,0.0,0.0,4.4,3.66,29.0,101686.0,True,3,6,86
2019-03-27 07:00:00,7.17,55.15,178.0,583.7,53.0,10.6,3.72,29.0,101746.0,True,3,7,86
2019-03-27 08:00:00,9.5,45.0,399.0,802.01,71.0,-10.0,4.62,35.0,101786.0,True,3,8,86
2019-03-27 09:00:00,11.29,36.2,605.0,922.5,72.0,2.15,5.38,48.0,101816.0,True,3,9,86
2019-03-27 10:00:00,13.52,31.85,720.0,785.54,163.0,1.8,5.86,59.0,101845.0,True,3,10,86
2019-03-27 11:00:00,14.21,29.35,777.0,670.12,245.0,4.4,6.21,64.0,101845.0,True,3,11,86
2019-03-27 12:00:00,14.7,30.25,877.0,876.01,153.0,5.6,6.21,64.0,101826.0,True,3,12,86
2019-03-27 13:00:00,14.78,31.9,780.0,645.05,261.0,3.8,6.21,64.0,101806.0,True,3,13,86
2019-03-27 14:00:00,15.15,34.35,798.0,1004.48,65.0,4.8,6.14,65.0,101786.0,True,3,14,86
2019-03-27 15:00:00,14.65,37.8,624.0,850.08,108.0,-2.0,6.07,64.0,101776.0,True,3,15,86
2019-03-27 16:00:00,14.23,42.15,414.0,658.77,121.0,-0.35,5.86,65.0,101786.0,True,3,16,86
2019-03-27 17:00:00,12.82,51.45,214.0,566.76,70.0,-2.2,5.52,65.0,101816.0,True,3,17,86
2019-03-27 18:00:00,11.77,57.2,11.0,0.0,11.0,-2.8,4.83,65.0,101905.0,True,3,18,86
2019-03-27 19:00:00,11.25,66.0,0.0,-0.0,0.0,-3.15,3.86,59.0,101985.0,True,3,19,86
2019-03-27 20:00:00,10.07,72.55,0.0,-0.0,0.0,-2.6,3.17,50.0,102095.0,True,3,20,86
2019-03-27 21:00:00,8.56,75.9,0.0,-0.0,0.0,-1.35,2.69,41.0,102135.0,True,3,21,86
2019-03-27 22:00:00,7.09,78.6,0.0,-0.0,0.0,-0.4,1.93,31.0,102224.0,True,3,22,86
2019-03-27 23:00:00,6.89,75.9,0.0,-0.0,0.0,-6.0,1.79,23.0,102224.0,True,3,23,86
2019-03-28 00:00:00,6.3,73.5,0.0,-0.0,0.0,-2.15,1.79,21.0,102234.0,True,3,0,87
2019-03-28 01:00:00,5.75,72.3,0.0,-0.0,0.0,256.6,1.79,19.0,102204.0,True,3,1,87
2019-03-28 02:00:00,5.31,73.4,0.0,-0.0,0.0,-2.0,1.79,18.0,102204.0,True,3,2,87
2019-03-28 03:00:00,3.94,78.5,0.0,-0.0,0.0,-8.6,1.66,16.0,102184.0,True,3,3,87
2019-03-28 04:00:00,3.72,76.15,0.0,-0.0,0.0,-3.0,1.66,14.0,102194.0,True,3,4,87
2019-03-28 05:00:00,3.62,72.45,0.0,-0.0,0.0,-2.6,1.59,12.0,102194.0,True,3,5,87
2019-03-28 06:00:00,3.56,67.3,0.0,0.0,0.0,-2.8,1.66,11.0,102234.0,True,3,6,87
2019-03-28 07:00:00,4.91,58.65,179.0,538.18,61.0,-1.0,1.86,8.0,102284.0,True,3,7,87
2019-03-28 08:00:00,10.05,30.45,399.0,761.04,84.0,6.4,2.69,41.0,102334.0,True,3,8,87
2019-03-28 09:00:00,11.96,27.95,590.0,810.32,118.0,6.4,4.41,69.0,102354.0,True,3,9,87
2019-03-28 10:00:00,13.49,26.9,696.0,676.94,213.0,6.2,4.76,76.0,102394.0,True,3,10,87
2019-03-28 11:00:00,14.02,27.2,761.0,606.49,277.0,4.8,4.97,83.0,102364.0,True,3,11,87
2019-03-28 12:00:00,14.42,30.25,772.0,550.39,315.0,3.6,4.9,85.0,102344.0,True,3,12,87
2019-03-28 13:00:00,14.63,30.05,796.0,676.85,249.0,3.8,4.76,82.0,102254.0,True,3,13,87
2019-03-28 14:00:00,14.89,30.25,774.0,879.88,129.0,1.35,4.83,81.0,102204.0,True,3,14,87
2019-03-28 15:00:00,14.93,32.2,589.0,680.18,174.0,0.75,4.9,78.0,102125.0,True,3,15,87
2019-03-28 16:00:00,14.5,34.2,410.0,616.38,134.0,-1.15,5.03,74.0,102075.0,True,3,16,87
2019-03-28 17:00:00,13.09,41.5,219.0,575.81,71.0,-2.4,4.9,71.0,102095.0,True,3,17,87
2019-03-28 18:00:00,11.83,46.75,12.0,0.0,12.0,-4.0,4.28,67.0,102135.0,True,3,18,87
2019-03-28 19:00:00,11.27,54.15,0.0,-0.0,0.0,-6.8,3.24,60.0,102184.0,True,3,19,87
2019-03-28 20:00:00,10.33,61.05,0.0,-0.0,0.0,-3.8,2.69,49.0,102234.0,True,3,20,87
2019-03-28 21:00:00,8.95,64.95,0.0,-0.0,0.0,-2.8,2.41,38.0,102244.0,True,3,21,87
2019-03-28 22:00:00,7.83,58.3,0.0,-0.0,0.0,-1.8,2.0,28.0,102244.0,True,3,22,87
2019-03-28 23:00:00,7.84,60.4,0.0,-0.0,0.0,-0.8,1.79,25.0,102204.0,True,3,23,87
2019-03-29 00:00:00,7.39,62.0,0.0,-0.0,0.0,0.0,1.86,25.0,102194.0,True,3,0,88
2019-03-29 01:00:00,6.69,63.75,0.0,-0.0,0.0,247.2,1.79,23.0,102184.0,True,3,1,88
2019-03-29 02:00:00,6.34,64.4,0.0,-0.0,0.0,1.8,1.86,25.0,102135.0,True,3,2,88
2019-03-29 03:00:00,6.12,66.9,0.0,-0.0,0.0,1.8,2.07,29.0,102085.0,True,3,3,88
2019-03-29 04:00:00,5.89,70.0,0.0,-0.0,0.0,4.8,2.14,32.0,102105.0,True,3,4,88
2019-03-29 05:00:00,5.73,73.4,0.0,-0.0,0.0,-0.8,2.14,32.0,102085.0,True,3,5,88
2019-03-29 06:00:00,5.62,77.25,0.0,0.0,0.0,0.6,2.07,31.0,102125.0,True,3,6,88
2019-03-29 07:00:00,6.51,77.8,154.0,312.02,84.0,5.4,2.48,26.0,102135.0,True,3,7,88
2019-03-29 08:00:00,9.28,67.1,371.0,606.47,117.0,17.4,3.52,44.0,102164.0,True,3,8,88
2019-03-29 09:00:00,10.22,59.95,593.0,861.78,87.0,13.6,4.62,58.0,102145.0,True,3,9,88
2019-03-29 10:00:00,12.7,52.0,706.0,743.83,172.0,3.0,5.17,59.0,102125.0,True,3,10,88
2019-03-29 11:00:00,13.92,48.75,810.0,789.14,177.0,10.4,5.24,62.0,102075.0,True,3,11,88
2019-03-29 12:00:00,14.44,48.95,594.0,211.0,418.0,3.6,5.03,65.0,102025.0,True,3,12,88
2019-03-29 13:00:00,14.83,47.55,831.0,824.21,162.0,-3.8,4.83,70.0,101975.0,True,3,13,88
2019-03-29 14:00:00,15.32,46.65,448.0,112.72,365.0,2.8,4.83,71.0,101895.0,True,3,14,88
2019-03-29 15:00:00,15.15,47.3,472.0,319.62,276.0,-2.2,4.97,71.0,101855.0,True,3,15,88
2019-03-29 16:00:00,14.5,49.75,255.0,104.27,208.0,-8.4,4.9,69.0,101816.0,True,3,16,88
2019-03-29 17:00:00,13.07,58.0,186.0,334.67,99.0,-5.0,4.69,66.0,101806.0,True,3,17,88
2019-03-29 18:00:00,11.8,63.0,10.0,0.0,10.0,-5.8,4.14,64.0,101836.0,True,3,18,88
2019-03-29 19:00:00,11.4,66.65,0.0,-0.0,0.0,-7.4,3.31,57.0,101875.0,True,3,19,88
2019-03-29 20:00:00,10.82,72.2,0.0,-0.0,0.0,-3.2,2.9,48.0,101955.0,True,3,20,88
2019-03-29 21:00:00,9.73,75.45,0.0,-0.0,0.0,-2.8,2.48,39.0,101995.0,True,3,21,88
2019-03-29 22:00:00,9.05,75.05,0.0,-0.0,0.0,-1.4,1.79,37.0,102025.0,True,3,22,88
2019-03-29 23:00:00,8.71,73.6,0.0,-0.0,0.0,-0.8,1.86,37.0,102025.0,True,3,23,88
2019-03-30 00:00:00,8.19,72.2,0.0,-0.0,0.0,-2.0,2.0,34.0,101965.0,True,3,0,89
2019-03-30 01:00:00,7.59,70.7,0.0,-0.0,0.0,267.6,2.07,28.0,101915.0,True,3,1,89
2019-03-30 02:00:00,7.07,72.05,0.0,-0.0,0.0,2.2,1.79,23.0,101855.0,True,3,2,89
2019-03-30 03:00:00,7.09,69.1,0.0,-0.0,0.0,10.4,1.66,17.0,101816.0,True,3,3,89
2019-03-30 04:00:00,6.99,68.5,0.0,-0.0,0.0,-12.0,1.52,15.0,101766.0,True,3,4,89
2019-03-30 05:00:00,6.87,67.9,0.0,-0.0,0.0,3.4,1.45,18.0,101756.0,True,3,5,89
2019-03-30 06:00:00,6.79,69.4,0.0,0.0,0.0,5.0,1.38,21.0,101756.0,True,3,6,89
2019-03-30 07:00:00,7.9,62.8,172.0,427.2,74.0,13.2,2.0,25.0,101786.0,True,3,7,89
2019-03-30 08:00:00,10.9,49.05,347.0,464.97,150.0,5.0,2.62,48.0,101756.0,True,3,8,89
2019-03-30 09:00:00,12.12,50.35,343.0,103.08,282.0,5.4,3.24,60.0,101766.0,True,3,9,89
2019-03-30 10:00:00,14.1,48.75,625.0,476.29,281.0,0.8,3.59,69.0,101746.0,True,3,10,89
2019-03-30 11:00:00,14.84,50.1,775.0,671.06,234.0,1.2,4.07,72.0,101636.0,True,3,11,89
2019-03-30 12:00:00,15.42,51.1,848.0,796.06,181.0,-0.6,4.55,75.0,101526.0,True,3,12,89
2019-03-30 13:00:00,16.13,50.6,867.0,951.96,91.0,1.0,4.76,81.0,101477.0,True,3,13,89
2019-03-30 14:00:00,16.57,49.65,784.0,964.07,71.0,0.15,4.9,90.0,101447.0,True,3,14,89
2019-03-30 15:00:00,16.27,49.7,590.0,710.71,152.0,0.8,4.97,82.0,101357.0,True,3,15,89
2019-03-30 16:00:00,16.27,48.7,376.0,471.69,162.0,-1.8,4.69,68.0,101257.0,True,3,16,89
2019-03-30 17:00:00,14.5,54.7,126.0,68.48,108.0,10.4,4.21,58.0,101227.0,True,3,17,89
2019-03-30 18:00:00,12.97,59.45,6.0,0.0,6.0,6.8,3.52,59.0,101247.0,True,3,18,89
2019-03-30 19:00:00,11.99,66.75,0.0,-0.0,0.0,2.8,3.03,71.0,101317.0,True,3,19,89
2019-03-30 20:00:00,11.55,71.65,0.0,-0.0,0.0,11.0,2.83,57.0,101397.0,True,3,20,89
2019-03-30 21:00:00,11.65,71.65,0.0,-0.0,0.0,3.35,2.62,46.0,101407.0,True,3,21,89
2019-03-30 22:00:00,11.2,76.9,0.0,-0.0,0.0,-0.6,2.34,46.0,101397.0,True,3,22,89
2019-03-30 23:00:00,10.57,82.45,0.0,-0.0,0.0,-5.6,2.21,38.0,101357.0,True,3,23,89
2019-03-31 00:00:00,9.95,85.5,0.0,-0.0,0.0,0.6,2.28,30.0,101247.0,True,3,0,90
2019-03-31 01:00:00,9.8,86.2,0.0,-0.0,0.0,330.45,2.07,23.0,101168.0,True,3,1,90
2019-03-31 02:00:00,9.87,88.45,0.0,-0.0,0.0,2.6,2.0,18.0,101048.0,True,3,2,90
2019-03-31 03:00:00,9.67,91.5,0.0,-0.0,0.0,14.8,2.0,15.0,100988.0,True,3,3,90
2019-03-31 04:00:00,9.76,92.9,0.0,-0.0,0.0,6.2,2.0,20.0,100908.0,True,3,4,90
2019-03-31 05:00:00,9.68,95.15,0.0,-0.0,0.0,-0.6,2.14,24.0,100878.0,True,3,5,90
2019-03-31 06:00:00,9.76,94.55,0.0,0.0,0.0,1.4,2.14,28.0,100859.0,True,3,6,90
2019-03-31 07:00:00,9.5,94.6,53.0,0.0,53.0,-1.2,2.21,27.0,100878.0,True,3,7,90
2019-03-31 08:00:00,9.41,95.35,112.0,0.0,112.0,1.8,2.07,25.0,100868.0,True,3,8,90
2019-03-31 09:00:00,9.29,95.95,143.0,0.0,143.0,-11.2,2.07,19.0,100888.0,True,3,9,90
2019-03-31 10:00:00,10.56,88.55,95.0,0.0,95.0,12.8,2.83,29.0,100888.0,True,3,10,90
2019-03-31 11:00:00,11.17,87.6,167.0,0.0,167.0,-3.8,2.41,26.0,100849.0,True,3,11,90
2019-03-31 12:00:00,11.2,88.75,125.0,0.0,125.0,8.0,2.28,26.0,100789.0,True,3,12,90
2019-03-31 13:00:00,11.47,87.75,113.0,0.0,113.0,0.6,2.14,34.0,100739.0,True,3,13,90
2019-03-31 14:00:00,12.38,84.6,146.0,0.0,146.0,-0.2,1.86,35.0,100689.0,True,3,14,90
2019-03-31 15:00:00,12.07,84.35,80.0,0.0,80.0,-1.0,1.31,39.0,100689.0,True,3,15,90
2019-03-31 16:00:00,12.07,89.74,81.0,0.0,81.0,8.12,0.34,54.0,100699.0,True,3,16,90
2019-03-31 17:00:00,11.9,89.3,145.0,124.17,112.0,9.35,0.44,61.0,100739.0,True,3,17,90
2019-03-31 18:00:00,11.73,88.86,6.0,0.0,6.0,10.58,0.53,40.0,100759.0,True,3,18,90
2019-03-31 19:00:00,11.55,88.42,0.0,-0.0,0.0,11.81,0.63,239.0,100809.0,True,3,19,90
2019-03-31 20:00:00,11.38,87.98,0.0,-0.0,0.0,13.04,0.73,234.0,100888.0,True,3,20,90
2019-03-31 21:00:00,11.21,87.54,0.0,-0.0,0.0,14.27,0.83,217.0,100938.0,True,3,21,90
2019-03-31 22:00:00,11.04,87.1,0.0,-0.0,0.0,15.5,0.93,258.0,100968.0,True,3,22,90
2019-03-31 23:00:00,10.87,86.65,0.0,-0.0,0.0,16.73,1.03,256.0,100978.0,True,3,23,90
2020-04-01 00:00:00,10.7,86.21,0.0,-0.0,0.0,17.97,1.13,245.0,100829.0,True,4,0,92
2020-04-01 01:00:00,10.52,85.77,0.0,-0.0,0.0,19.2,1.23,250.0,100849.0,True,4,1,92
2020-04-01 02:00:00,10.35,85.33,0.0,-0.0,0.0,20.43,1.33,246.0,100829.0,True,4,2,92
2020-04-01 03:00:00,10.18,84.89,0.0,-0.0,0.0,21.66,1.43,247.0,100779.0,True,4,3,92
2020-04-01 04:00:00,10.01,84.45,0.0,-0.0,0.0,22.89,1.53,252.0,100779.0,True,4,4,92
2020-04-01 05:00:00,9.84,84.01,0.0,-0.0,0.0,24.12,1.63,259.0,100769.0,True,4,5,92
2020-04-01 06:00:00,9.67,83.57,0.0,0.0,0.0,25.35,1.73,268.0,100789.0,True,4,6,92
2020-04-01 07:00:00,9.49,83.12,195.0,515.52,69.0,26.58,1.83,261.0,100849.0,True,4,7,92
2020-04-01 08:00:00,12.12,72.65,422.0,796.65,73.0,-9.4,2.34,236.0,100918.0,True,4,8,92
2020-04-01 09:00:00,13.51,65.5,604.0,820.92,107.0,9.6,3.1,229.0,100938.0,True,4,9,92
2020-04-01 10:00:00,14.79,55.5,728.0,757.81,171.0,7.2,3.45,227.0,100938.0,True,4,10,92
2020-04-01 11:00:00,14.8,56.0,862.0,915.61,113.0,15.8,3.86,225.0,100928.0,True,4,11,92
2020-04-01 12:00:00,15.69,51.65,896.0,909.5,124.0,-3.6,4.21,221.0,100888.0,True,4,12,92
2020-04-01 13:00:00,16.04,47.2,872.0,918.48,114.0,-6.8,4.0,232.0,100839.0,True,4,13,92
2020-04-01 14:00:00,16.24,46.65,707.0,638.17,229.0,0.15,3.93,234.0,100779.0,True,4,14,92
2020-04-01 15:00:00,16.1,49.45,500.0,371.07,268.0,-0.35,4.14,232.0,100749.0,True,4,15,92
2020-04-01 16:00:00,14.74,54.25,419.0,633.73,126.0,-8.0,4.14,230.0,100739.0,True,4,16,92
2020-04-01 17:00:00,14.43,55.2,222.0,526.76,79.0,-0.8,3.31,246.0,100729.0,True,4,17,92
2020-04-01 18:00:00,13.47,57.7,19.0,0.0,19.0,-2.6,2.28,243.0,100739.0,True,4,18,92
2020-04-01 19:00:00,12.46,64.6,0.0,-0.0,0.0,-11.2,1.52,245.0,100789.0,True,4,19,92
2020-04-01 20:00:00,11.45,70.95,0.0,-0.0,0.0,-0.75,1.52,251.0,100849.0,True,4,20,92
2020-04-01 21:00:00,10.46,75.6,0.0,-0.0,0.0,-4.4,1.66,262.0,100908.0,True,4,21,92
2020-04-01 22:00:00,9.18,75.9,0.0,-0.0,0.0,-5.4,2.34,236.0,100968.0,True,4,22,92
2020-04-01 23:00:00,8.92,76.5,0.0,-0.0,0.0,1.75,1.66,258.0,100918.0,True,4,23,92
2020-04-02 00:00:00,8.36,77.55,0.0,-0.0,0.0,1.4,1.72,270.0,100878.0,True,4,0,93
2020-04-02 01:00:00,7.88,79.05,0.0,-0.0,0.0,271.2,1.86,282.0,100839.0,True,4,1,93
2020-04-02 02:00:00,6.71,82.2,0.0,-0.0,0.0,-5.6,1.72,320.0,100809.0,True,4,2,93
2020-04-02 03:00:00,6.42,83.7,0.0,-0.0,0.0,8.6,1.31,338.0,100759.0,True,4,3,93
2020-04-02 04:00:00,5.98,85.25,0.0,-0.0,0.0,-10.0,0.9,334.0,100749.0,True,4,4,93
2020-04-02 05:00:00,5.76,86.65,0.0,-0.0,0.0,4.8,0.55,337.0,100799.0,True,4,5,93
2020-04-02 06:00:00,5.5,86.85,0.0,0.0,0.0,5.0,0.14,352.0,100809.0,True,4,6,93
2020-04-02 07:00:00,6.79,82.7,163.0,248.64,101.0,1.8,0.21,311.0,100829.0,True,4,7,93
2020-04-02 08:00:00,9.88,67.15,130.0,0.0,130.0,17.2,1.59,200.0,100849.0,True,4,8,93
2020-04-02 09:00:00,10.55,69.95,100.0,0.0,100.0,19.4,2.28,207.0,100908.0,True,4,9,93
2020-04-02 10:00:00,10.08,71.25,84.0,0.0,84.0,1.75,2.69,213.0,100968.0,True,4,10,93
2020-04-02 11:00:00,9.67,72.1,122.0,0.0,122.0,15.6,3.03,218.0,100938.0,True,4,11,93
2020-04-02 12:00:00,10.25,71.75,499.0,87.99,424.0,1.75,3.52,224.0,100928.0,True,4,12,93
2020-04-02 13:00:00,11.25,67.5,497.0,100.17,414.0,-15.0,3.52,223.0,100868.0,True,4,13,93
2020-04-02 14:00:00,11.8,63.6,353.0,27.92,332.0,-6.8,3.38,220.0,100799.0,True,4,14,93
2020-04-02 15:00:00,11.46,64.7,369.0,103.48,304.0,1.6,3.17,213.0,100749.0,True,4,15,93
2020-04-02 16:00:00,11.23,61.2,394.0,498.74,162.0,-3.4,3.03,209.0,100769.0,True,4,16,93
2020-04-02 17:00:00,9.8,69.75,235.0,616.12,66.0,-9.6,2.28,222.0,100779.0,True,4,17,93
2020-04-02 18:00:00,9.4,70.55,20.0,0.0,20.0,-3.4,1.38,264.0,100779.0,True,4,18,93
2020-04-02 19:00:00,9.1,71.25,0.0,-0.0,0.0,-6.6,0.83,285.0,100839.0,True,4,19,93
2020-04-02 20:00:00,8.14,80.8,0.0,-0.0,0.0,6.0,1.38,314.0,100908.0,True,4,20,93
2020-04-02 21:00:00,7.49,83.65,0.0,-0.0,0.0,3.2,1.72,329.0,100998.0,True,4,21,93
2020-04-02 22:00:00,7.54,83.05,0.0,-0.0,0.0,-10.0,1.79,336.0,101038.0,True,4,22,93
2020-04-02 23:00:00,7.4,83.65,0.0,-0.0,0.0,-13.8,1.59,327.0,101068.0,True,4,23,93
2020-04-03 00:00:00,7.05,83.25,0.0,-0.0,0.0,-9.2,1.86,325.0,101058.0,True,4,0,94
2020-04-03 01:00:00,6.85,83.1,0.0,-0.0,0.0,267.2,1.93,322.0,101098.0,True,4,1,94
2020-04-03 02:00:00,6.15,83.65,0.0,-0.0,0.0,-2.8,1.93,322.0,101118.0,True,4,2,94
2020-04-03 03:00:00,6.13,83.65,0.0,-0.0,0.0,-0.75,1.52,324.0,101118.0,True,4,3,94
2020-04-03 04:00:00,6.21,83.0,0.0,-0.0,0.0,7.0,1.31,325.0,101148.0,True,4,4,94
2020-04-03 05:00:00,6.04,82.6,0.0,-0.0,0.0,-9.0,1.24,328.0,101168.0,True,4,5,94
2020-04-03 06:00:00,6.02,81.5,12.0,20.94,11.0,0.15,1.24,331.0,101217.0,True,4,6,94
2020-04-03 07:00:00,7.45,78.3,213.0,597.83,61.0,13.0,1.79,332.0,101267.0,True,4,7,94
2020-04-03 08:00:00,10.96,66.65,426.0,764.29,84.0,1.2,0.83,334.0,101357.0,True,4,8,94
2020-04-03 09:00:00,12.72,60.0,604.0,778.17,126.0,2.35,0.34,148.0,101387.0,True,4,9,94
2020-04-03 10:00:00,14.46,50.55,720.0,702.32,198.0,10.4,1.24,154.0,101457.0,True,4,10,94
2020-04-03 11:00:00,15.47,49.05,740.0,518.38,312.0,8.4,2.07,158.0,101477.0,True,4,11,94
2020-04-03 12:00:00,15.24,52.05,873.0,812.06,178.0,14.4,2.28,168.0,101467.0,True,4,12,94
2020-04-03 13:00:00,14.78,55.9,869.0,884.85,133.0,31.0,2.41,172.0,101457.0,True,4,13,94
2020-04-03 14:00:00,15.16,55.75,750.0,762.83,174.0,-8.4,2.28,170.0,101377.0,True,4,14,94
2020-04-03 15:00:00,14.6,59.15,607.0,714.75,156.0,9.0,2.07,164.0,101367.0,True,4,15,94
2020-04-03 16:00:00,14.81,59.55,446.0,752.19,94.0,-12.2,2.07,159.0,101367.0,True,4,16,94
2020-04-03 17:00:00,13.76,64.35,231.0,562.96,75.0,6.4,1.86,158.0,101367.0,True,4,17,94
2020-04-03 18:00:00,13.07,64.7,21.0,0.0,21.0,-8.0,1.45,150.0,101387.0,True,4,18,94
2020-04-03 19:00:00,12.54,70.8,0.0,-0.0,0.0,-41.4,1.1,121.0,101377.0,True,4,19,94
2020-04-03 20:00:00,10.65,83.25,0.0,-0.0,0.0,-10.6,1.1,76.0,101447.0,True,4,20,94
2020-04-03 21:00:00,9.13,86.2,0.0,-0.0,0.0,0.0,1.1,47.0,101497.0,True,4,21,94
2020-04-03 22:00:00,8.68,87.2,0.0,-0.0,0.0,-0.35,0.9,20.0,101516.0,True,4,22,94
2020-04-03 23:00:00,7.9,89.35,0.0,-0.0,0.0,-0.2,0.9,28.0,101546.0,True,4,23,94
2020-04-04 00:00:00,7.91,88.85,0.0,-0.0,0.0,4.2,1.45,33.0,101507.0,True,4,0,95
2020-04-04 01:00:00,7.95,87.55,0.0,-0.0,0.0,287.4,0.97,37.0,101467.0,True,4,1,95
2020-04-04 02:00:00,7.56,85.45,0.0,-0.0,0.0,-5.8,1.17,24.0,101407.0,True,4,2,95
2020-04-04 03:00:00,7.52,83.95,0.0,-0.0,0.0,8.0,1.17,19.0,101387.0,True,4,3,95
2020-04-04 04:00:00,7.21,82.85,0.0,-0.0,0.0,-7.8,1.17,19.0,101377.0,True,4,4,95
2020-04-04 05:00:00,7.26,82.0,0.0,-0.0,0.0,-0.35,1.24,24.0,101357.0,True,4,5,95
2020-04-04 06:00:00,7.17,81.8,15.0,37.88,13.0,-4.6,1.38,32.0,101377.0,True,4,6,95
2020-04-04 07:00:00,8.59,78.9,221.0,617.48,61.0,11.6,2.14,35.0,101417.0,True,4,7,95
2020-04-04 08:00:00,11.28,70.25,442.0,818.4,72.0,-5.8,3.03,55.0,101427.0,True,4,8,95
2020-04-04 09:00:00,12.34,65.75,615.0,792.1,125.0,-0.6,4.28,72.0,101437.0,True,4,9,95
2020-04-04 10:00:00,14.53,56.55,751.0,784.16,165.0,15.2,4.76,72.0,101407.0,True,4,10,95
2020-04-04 11:00:00,14.98,54.9,783.0,612.5,275.0,2.6,4.76,75.0,101377.0,True,4,11,95
2020-04-04 12:00:00,15.44,52.95,816.0,620.29,283.0,13.8,4.55,80.0,101357.0,True,4,12,95
2020-04-04 13:00:00,15.57,53.55,799.0,640.76,264.0,10.4,4.34,86.0,101387.0,True,4,13,95
2020-04-04 14:00:00,15.11,55.95,649.0,443.24,313.0,7.2,4.21,86.0,101367.0,True,4,14,95
2020-04-04 15:00:00,14.79,54.8,429.0,189.33,309.0,-1.2,3.93,80.0,101337.0,True,4,15,95
2020-04-04 16:00:00,13.94,55.7,282.0,127.46,222.0,3.8,3.38,74.0,101337.0,True,4,16,95
2020-04-04 17:00:00,12.84,59.7,109.0,21.44,103.0,1.75,2.55,74.0,101437.0,True,4,17,95
2020-04-04 18:00:00,12.17,61.7,16.0,0.0,16.0,1.4,2.83,69.0,101407.0,True,4,18,95
2020-04-04 19:00:00,11.94,64.8,0.0,-0.0,0.0,-0.2,2.83,54.0,101387.0,True,4,19,95
2020-04-04 20:00:00,11.35,67.1,0.0,-0.0,0.0,-3.0,2.48,42.0,101477.0,True,4,20,95
2020-04-04 21:00:00,10.79,69.15,0.0,-0.0,0.0,-18.0,1.79,40.0,101526.0,True,4,21,95
2020-04-04 22:00:00,10.55,74.65,0.0,-0.0,0.0,-3.2,1.59,25.0,101566.0,True,4,22,95
2020-04-04 23:00:00,10.17,76.2,0.0,-0.0,0.0,-14.6,1.38,22.0,101526.0,True,4,23,95
2020-04-05 00:00:00,9.69,78.0,0.0,-0.0,0.0,-6.4,1.52,30.0,101556.0,True,4,0,96
2020-04-05 01:00:00,8.82,79.45,0.0,-0.0,0.0,287.0,1.72,25.0,101507.0,True,4,1,96
2020-04-05 02:00:00,7.97,82.3,0.0,-0.0,0.0,6.2,1.52,14.0,101477.0,True,4,2,96
2020-04-05 03:00:00,7.37,85.85,0.0,-0.0,0.0,-12.8,1.17,3.0,101427.0,True,4,3,96
2020-04-05 04:00:00,7.11,86.3,0.0,-0.0,0.0,3.2,1.03,354.0,101437.0,True,4,4,96
2020-04-05 05:00:00,6.89,86.4,0.0,-0.0,0.0,1.6,0.97,351.0,101467.0,True,4,5,96
2020-04-05 06:00:00,7.09,84.1,14.0,17.3,13.0,5.6,0.83,350.0,101526.0,True,4,6,96
2020-04-05 07:00:00,8.7,76.95,161.0,189.44,111.0,5.6,1.38,3.0,101566.0,True,4,7,96
2020-04-05 08:00:00,12.3,59.35,359.0,391.96,180.0,0.75,1.59,44.0,101606.0,True,4,8,96
2020-04-05 09:00:00,13.77,57.15,568.0,603.62,192.0,1.4,1.72,76.0,101636.0,True,4,9,96
2020-04-05 10:00:00,15.77,49.25,742.0,757.38,173.0,1.75,1.86,72.0,101656.0,True,4,10,96
2020-04-05 11:00:00,16.91,48.0,810.0,698.64,228.0,-0.35,2.34,101.0,101656.0,True,4,11,96
2020-04-05 12:00:00,17.26,49.0,913.0,925.05,115.0,3.0,2.48,111.0,101626.0,True,4,12,96
2020-04-05 13:00:00,17.41,50.65,863.0,849.57,151.0,6.6,2.69,114.0,101576.0,True,4,13,96
2020-04-05 14:00:00,17.44,52.2,763.0,791.09,161.0,-0.6,2.69,116.0,101556.0,True,4,14,96
2020-04-05 15:00:00,17.44,53.35,625.0,771.27,134.0,4.8,2.48,112.0,101526.0,True,4,15,96
2020-04-05 16:00:00,16.71,56.15,450.0,751.89,94.0,-1.0,2.48,108.0,101487.0,True,4,16,96
2020-04-05 17:00:00,15.23,63.35,225.0,484.67,88.0,-1.0,2.14,104.0,101497.0,True,4,17,96
2020-04-05 18:00:00,14.1,67.3,23.0,0.0,23.0,-9.4,1.86,110.0,101586.0,True,4,18,96
2020-04-05 19:00:00,13.32,74.25,0.0,-0.0,0.0,-0.35,1.17,111.0,101616.0,True,4,19,96
2020-04-05 20:00:00,12.47,79.75,0.0,-0.0,0.0,-1.6,0.9,83.0,101696.0,True,4,20,96
2020-04-05 21:00:00,11.37,84.0,0.0,-0.0,0.0,-3.8,0.69,57.0,101746.0,True,4,21,96
2020-04-05 22:00:00,11.31,85.55,0.0,-0.0,0.0,3.6,0.14,329.0,101786.0,True,4,22,96
2020-04-05 23:00:00,11.02,86.9,0.0,-0.0,0.0,-0.75,0.28,237.0,101786.0,True,4,23,96
2020-04-06 00:00:00,10.54,88.45,0.0,-0.0,0.0,-0.35,0.48,277.0,101816.0,True,4,0,97
2020-04-06 01:00:00,10.37,88.85,0.0,-0.0,0.0,295.4,0.34,336.0,101796.0,True,4,1,97
2020-04-06 02:00:00,10.17,89.6,0.0,-0.0,0.0,1.75,0.55,340.0,101766.0,True,4,2,97
2020-04-06 03:00:00,10.01,89.85,0.0,-0.0,0.0,-2.15,0.83,336.0,101756.0,True,4,3,97
2020-04-06 04:00:00,10.21,89.35,0.0,-0.0,0.0,16.6,0.83,341.0,101756.0,True,4,4,97
2020-04-06 05:00:00,10.25,88.1,0.0,-0.0,0.0,-1.4,0.83,336.0,101786.0,True,4,5,97
2020-04-06 06:00:00,10.15,87.1,12.0,0.0,12.0,-8.4,0.76,340.0,101836.0,True,4,6,97
2020-04-06 07:00:00,11.09,81.9,106.0,26.05,99.0,8.2,0.83,349.0,101895.0,True,4,7,97
2020-04-06 08:00:00,13.23,70.15,157.0,4.34,155.0,2.4,0.62,100.0,101965.0,True,4,8,97
2020-04-06 09:00:00,13.68,69.85,335.0,70.16,291.0,-3.0,1.03,125.0,102005.0,True,4,9,97
2020-04-06 10:00:00,15.74,61.15,607.0,368.11,329.0,8.2,0.9,121.0,102035.0,True,4,10,97
2020-04-06 11:00:00,16.9,56.9,708.0,432.67,346.0,14.6,1.52,147.0,102035.0,True,4,11,97
2020-04-06 12:00:00,17.43,55.75,897.0,878.78,136.0,12.8,1.93,152.0,102035.0,True,4,12,97
2020-04-06 13:00:00,17.79,55.0,857.0,838.15,152.0,-5.0,1.93,151.0,102005.0,True,4,13,97
2020-04-06 14:00:00,18.2,55.05,757.0,780.26,161.0,3.8,2.0,154.0,101965.0,True,4,14,97
2020-04-06 15:00:00,18.18,56.15,576.0,588.08,200.0,0.8,1.66,158.0,101935.0,True,4,15,97
2020-04-06 16:00:00,17.34,59.1,442.0,709.81,104.0,-14.0,1.38,159.0,101915.0,True,4,16,97
2020-04-06 17:00:00,16.1,65.25,223.0,462.48,91.0,-0.6,1.52,142.0,101915.0,True,4,17,97
2020-04-06 18:00:00,15.13,67.8,24.0,0.0,24.0,-4.0,1.52,131.0,101935.0,True,4,18,97
2020-04-06 19:00:00,14.27,73.15,0.0,-0.0,0.0,-6.6,1.1,120.0,101985.0,True,4,19,97
2020-04-06 20:00:00,13.36,80.15,0.0,-0.0,0.0,9.6,0.9,97.0,102055.0,True,4,20,97
2020-04-06 21:00:00,12.79,84.45,0.0,-0.0,0.0,-14.8,0.83,79.0,102135.0,True,4,21,97
2020-04-06 22:00:00,12.03,88.4,0.0,-0.0,0.0,-0.75,0.69,67.0,102135.0,True,4,22,97
2020-04-06 23:00:00,11.98,88.7,0.0,-0.0,0.0,11.6,0.62,85.0,102135.0,True,4,23,97
2020-04-07 00:00:00,11.7,89.65,0.0,-0.0,0.0,-8.2,0.76,56.0,102125.0,True,4,0,98
2020-04-07 01:00:00,11.15,90.4,0.0,-0.0,0.0,312.65,0.76,27.0,102125.0,True,4,1,98
2020-04-07 02:00:00,11.29,90.35,0.0,-0.0,0.0,6.6,0.83,22.0,102065.0,True,4,2,98
2020-04-07 03:00:00,11.09,90.35,0.0,-0.0,0.0,-19.0,0.76,19.0,102065.0,True,4,3,98
2020-04-07 04:00:00,11.0,90.85,0.0,-0.0,0.0,16.8,0.83,14.0,102065.0,True,4,4,98
2020-04-07 05:00:00,10.67,91.7,0.0,-0.0,0.0,11.8,1.03,19.0,102085.0,True,4,5,98
2020-04-07 06:00:00,10.75,91.1,17.0,14.77,16.0,-9.0,0.83,15.0,102095.0,True,4,6,98
2020-04-07 07:00:00,11.63,85.5,195.0,347.41,100.0,8.8,1.1,31.0,102135.0,True,4,7,98
2020-04-07 08:00:00,14.05,70.6,305.0,199.7,212.0,-11.2,1.66,73.0,102164.0,True,4,8,98
2020-04-07 09:00:00,15.29,65.2,321.0,53.85,287.0,-7.4,2.07,90.0,102194.0,True,4,9,98
2020-04-07 10:00:00,16.39,63.1,330.0,18.44,316.0,19.8,2.55,92.0,102244.0,True,4,10,98
2020-04-07 11:00:00,16.52,61.3,595.0,215.42,414.0,0.55,2.69,104.0,102214.0,True,4,11,98
2020-04-07 12:00:00,16.51,60.4,828.0,656.89,257.0,4.4,2.69,110.0,102184.0,True,4,12,98
2020-04-07 13:00:00,17.21,57.95,809.0,677.6,237.0,-13.8,2.9,113.0,102115.0,True,4,13,98
2020-04-07 14:00:00,17.94,53.55,702.0,590.86,249.0,20.4,2.62,110.0,102075.0,True,4,14,98
2020-04-07 15:00:00,18.39,50.6,531.0,432.96,253.0,-18.4,2.62,102.0,101985.0,True,4,15,98
2020-04-07 16:00:00,18.28,50.0,412.0,542.95,152.0,-1.6,2.62,98.0,101955.0,True,4,16,98
2020-04-07 17:00:00,16.98,55.0,200.0,305.4,112.0,-3.6,2.69,96.0,101995.0,True,4,17,98
2020-04-07 18:00:00,15.69,58.7,27.0,0.0,27.0,-4.4,2.62,90.0,102015.0,True,4,18,98
2020-04-07 19:00:00,14.77,64.0,0.0,-0.0,0.0,-2.2,2.34,71.0,102055.0,True,4,19,98
2020-04-07 20:00:00,13.9,71.25,0.0,-0.0,0.0,-5.2,2.21,54.0,102135.0,True,4,20,98
2020-04-07 21:00:00,12.84,78.9,0.0,-0.0,0.0,-2.8,1.72,43.0,102184.0,True,4,21,98
2020-04-07 22:00:00,12.42,81.75,0.0,-0.0,0.0,11.0,1.31,37.0,102194.0,True,4,22,98
2020-04-07 23:00:00,12.16,82.35,0.0,-0.0,0.0,3.0,1.31,33.0,102184.0,True,4,23,98
2020-04-08 00:00:00,11.71,82.55,0.0,-0.0,0.0,-16.8,1.31,27.0,102184.0,True,4,0,99
2020-04-08 01:00:00,11.23,81.4,0.0,-0.0,0.0,303.2,1.24,17.0,102135.0,True,4,1,99
2020-04-08 02:00:00,10.72,81.65,0.0,-0.0,0.0,-12.6,1.38,8.0,102085.0,True,4,2,99
2020-04-08 03:00:00,10.4,80.6,0.0,-0.0,0.0,-2.0,1.38,5.0,102055.0,True,4,3,99
2020-04-08 04:00:00,10.07,80.5,0.0,-0.0,0.0,2.8,1.31,8.0,102015.0,True,4,4,99
2020-04-08 05:00:00,9.89,79.5,0.0,-0.0,0.0,0.35,1.03,11.0,102005.0,True,4,5,99
2020-04-08 06:00:00,10.07,74.45,23.0,41.32,20.0,-3.6,1.17,15.0,102005.0,True,4,6,99
2020-04-08 07:00:00,11.09,65.85,228.0,550.09,75.0,14.6,1.86,23.0,102015.0,True,4,7,99
2020-04-08 08:00:00,14.38,43.7,424.0,638.14,124.0,0.0,2.28,50.0,102025.0,True,4,8,99
2020-04-08 09:00:00,15.53,42.9,589.0,642.06,181.0,-3.8,2.76,67.0,102025.0,True,4,9,99
2020-04-08 10:00:00,16.98,37.9,778.0,849.41,130.0,8.2,2.69,73.0,102045.0,True,4,10,99
2020-04-08 11:00:00,17.62,37.25,875.0,879.44,133.0,9.0,3.03,84.0,101985.0,True,4,11,99
2020-04-08 12:00:00,18.57,36.15,925.0,939.88,105.0,0.35,3.31,86.0,101915.0,True,4,12,99
2020-04-08 13:00:00,19.23,35.85,879.0,880.62,133.0,-3.0,3.31,92.0,101875.0,True,4,13,99
2020-04-08 14:00:00,19.61,34.75,671.0,488.65,295.0,0.6,3.38,95.0,101836.0,True,4,14,99
2020-04-08 15:00:00,19.64,34.0,562.0,513.36,231.0,1.4,3.38,91.0,101786.0,True,4,15,99
2020-04-08 16:00:00,18.69,35.0,452.0,722.7,104.0,8.6,3.31,82.0,101706.0,True,4,16,99
2020-04-08 17:00:00,17.39,40.2,245.0,587.9,74.0,4.4,3.1,76.0,101726.0,True,4,17,99
2020-04-08 18:00:00,16.19,44.1,28.0,0.0,28.0,-5.6,2.62,70.0,101746.0,True,4,18,99
2020-04-08 19:00:00,15.24,51.9,0.0,-0.0,0.0,5.6,1.86,66.0,101786.0,True,4,19,99
2020-04-08 20:00:00,14.83,58.1,0.0,-0.0,0.0,-3.4,1.86,51.0,101806.0,True,4,20,99
2020-04-08 21:00:00,14.14,63.2,0.0,-0.0,0.0,8.6,1.66,42.0,101855.0,True,4,21,99
2020-04-08 22:00:00,13.8,64.1,0.0,-0.0,0.0,-3.0,1.24,16.0,101895.0,True,4,22,99
2020-04-08 23:00:00,13.52,63.75,0.0,-0.0,0.0,3.4,1.24,23.0,101895.0,True,4,23,99
2020-04-09 00:00:00,13.48,60.25,0.0,-0.0,0.0,5.2,1.38,20.0,101796.0,True,4,0,100
2020-04-09 01:00:00,13.26,58.45,0.0,-0.0,0.0,338.65,1.17,10.0,101766.0,True,4,1,100
2020-04-09 02:00:00,13.17,55.95,0.0,-0.0,0.0,-4.0,1.1,12.0,101676.0,True,4,2,100
2020-04-09 03:00:00,13.32,52.65,0.0,-0.0,0.0,7.6,1.1,18.0,101636.0,True,4,3,100
2020-04-09 04:00:00,13.46,51.0,0.0,-0.0,0.0,3.6,1.24,24.0,101586.0,True,4,4,100
2020-04-09 05:00:00,13.33,49.85,0.0,-0.0,0.0,-3.6,1.38,34.0,101606.0,True,4,5,100
2020-04-09 06:00:00,13.45,48.7,15.0,0.0,15.0,2.0,1.38,31.0,101626.0,True,4,6,100
2020-04-09 07:00:00,13.41,45.85,132.0,60.12,115.0,-1.75,1.86,33.0,101656.0,True,4,7,100
2020-04-09 08:00:00,14.07,40.45,249.0,77.98,212.0,-13.6,2.21,44.0,101676.0,True,4,8,100
2020-04-09 09:00:00,14.74,39.75,370.0,103.2,304.0,17.0,2.48,54.0,101726.0,True,4,9,100
2020-04-09 10:00:00,15.34,39.95,542.0,226.97,368.0,-1.2,2.41,53.0,101756.0,True,4,10,100
2020-04-09 11:00:00,16.85,38.3,749.0,518.21,310.0,-4.8,2.83,75.0,101746.0,True,4,11,100
2020-04-09 12:00:00,16.77,42.3,368.0,13.7,356.0,6.2,3.17,78.0,101736.0,True,4,12,100
2020-04-09 13:00:00,17.19,42.4,435.0,48.23,394.0,9.2,3.1,89.0,101716.0,True,4,13,100
2020-04-09 14:00:00,16.74,44.55,426.0,75.11,368.0,1.6,3.24,90.0,101676.0,True,4,14,100
2020-04-09 15:00:00,15.73,49.05,298.0,30.89,278.0,3.0,3.1,97.0,101636.0,True,4,15,100
2020-04-09 16:00:00,15.68,48.9,132.0,0.0,132.0,-3.4,2.83,93.0,101606.0,True,4,16,100
2020-04-09 17:00:00,15.3,51.65,126.0,40.88,114.0,-22.8,2.69,86.0,101636.0,True,4,17,100
2020-04-09 18:00:00,14.6,55.2,22.0,0.0,22.0,-5.4,2.28,79.0,101666.0,True,4,18,100
2020-04-09 19:00:00,13.9,62.35,0.0,-0.0,0.0,12.4,1.52,65.0,101706.0,True,4,19,100
2020-04-09 20:00:00,13.43,66.5,0.0,-0.0,0.0,2.6,1.24,56.0,101776.0,True,4,20,100
2020-04-09 21:00:00,13.02,68.7,0.0,-0.0,0.0,-4.6,1.45,45.0,101836.0,True,4,21,100
2020-04-09 22:00:00,12.3,68.0,0.0,-0.0,0.0,4.6,1.17,26.0,101826.0,True,4,22,100
2020-04-09 23:00:00,11.8,68.85,0.0,-0.0,0.0,-6.0,1.38,32.0,101845.0,True,4,23,100
2020-04-10 00:00:00,11.34,70.85,0.0,-0.0,0.0,3.0,1.52,32.0,101816.0,True,4,0,101
2020-04-10 01:00:00,10.88,74.8,0.0,-0.0,0.0,336.45,1.38,24.0,101786.0,True,4,1,101
2020-04-10 02:00:00,10.67,75.9,0.0,-0.0,0.0,-0.6,1.1,16.0,101746.0,True,4,2,101
2020-04-10 03:00:00,10.71,76.9,0.0,-0.0,0.0,6.4,1.03,20.0,101736.0,True,4,3,101
2020-04-10 04:00:00,10.75,77.6,0.0,-0.0,0.0,6.4,1.1,20.0,101716.0,True,4,4,101
2020-04-10 05:00:00,10.88,78.35,0.0,-0.0,0.0,1.0,1.24,20.0,101746.0,True,4,5,101
2020-04-10 06:00:00,10.79,79.6,4.0,0.0,4.0,0.75,1.03,18.0,101796.0,True,4,6,101
2020-04-10 07:00:00,11.14,79.8,83.0,3.48,82.0,-7.4,0.69,26.0,101826.0,True,4,7,101
2020-04-10 08:00:00,11.57,80.25,155.0,2.09,154.0,0.15,0.97,50.0,101885.0,True,4,8,101
2020-04-10 09:00:00,12.44,77.55,322.0,49.73,290.0,8.0,1.59,71.0,101915.0,True,4,9,101
2020-04-10 10:00:00,14.49,63.35,340.0,20.77,324.0,2.15,1.72,63.0,101935.0,True,4,10,101
2020-04-10 11:00:00,15.59,57.4,452.0,57.61,403.0,-0.55,2.0,80.0,101915.0,True,4,11,101
2020-04-10 12:00:00,16.01,54.25,612.0,198.02,438.0,4.4,2.34,106.0,101895.0,True,4,12,101
2020-04-10 13:00:00,16.44,51.3,615.0,230.97,418.0,-10.4,2.48,114.0,101855.0,True,4,13,101
2020-04-10 14:00:00,16.71,49.15,575.0,268.42,367.0,12.4,2.55,110.0,101816.0,True,4,14,101
2020-04-10 15:00:00,16.92,47.8,560.0,498.44,236.0,-16.2,2.48,108.0,101816.0,True,4,15,101
2020-04-10 16:00:00,17.22,46.9,247.0,63.69,216.0,-8.8,2.34,111.0,101816.0,True,4,16,101
2020-04-10 17:00:00,16.16,49.45,148.0,81.01,124.0,1.75,2.28,107.0,101796.0,True,4,17,101
2020-04-10 18:00:00,15.44,50.05,30.0,32.8,27.0,-13.4,2.14,102.0,101806.0,True,4,18,101
2020-04-10 19:00:00,14.6,57.25,0.0,-0.0,0.0,-11.4,1.45,102.0,101836.0,True,4,19,101
2020-04-10 20:00:00,13.47,67.15,0.0,-0.0,0.0,-10.4,1.03,80.0,101895.0,True,4,20,101
2020-04-10 21:00:00,12.2,72.0,0.0,-0.0,0.0,-7.8,1.31,49.0,101955.0,True,4,21,101
2020-04-10 22:00:00,11.4,74.15,0.0,-0.0,0.0,4.4,1.45,27.0,101955.0,True,4,22,101
2020-04-10 23:00:00,10.87,75.6,0.0,-0.0,0.0,-9.0,1.45,23.0,101955.0,True,4,23,101
2020-04-11 00:00:00,10.47,73.35,0.0,-0.0,0.0,2.2,1.52,21.0,101895.0,True,4,0,102
2020-04-11 01:00:00,9.97,71.0,0.0,-0.0,0.0,286.6,1.59,17.0,101865.0,True,4,1,102
2020-04-11 02:00:00,9.39,67.9,0.0,-0.0,0.0,-5.2,1.52,13.0,101826.0,True,4,2,102
2020-04-11 03:00:00,9.07,64.3,0.0,-0.0,0.0,-3.6,0.97,6.0,101806.0,True,4,3,102
2020-04-11 04:00:00,8.31,63.95,0.0,-0.0,0.0,-4.4,0.76,5.0,101806.0,True,4,4,102
2020-04-11 05:00:00,8.02,61.7,0.0,-0.0,0.0,-3.6,0.9,6.0,101806.0,True,4,5,102
2020-04-11 06:00:00,7.92,57.75,24.0,11.49,23.0,-0.8,1.03,8.0,101806.0,True,4,6,102
2020-04-11 07:00:00,10.06,50.0,249.0,606.41,72.0,13.4,1.72,19.0,101826.0,True,4,7,102
2020-04-11 08:00:00,13.21,33.05,229.0,43.47,208.0,0.0,2.41,54.0,101816.0,True,4,8,102
2020-04-11 09:00:00,14.86,31.6,647.0,812.4,121.0,-1.6,2.97,67.0,101816.0,True,4,9,102
2020-04-11 10:00:00,17.13,28.2,773.0,771.38,176.0,7.0,2.9,71.0,101836.0,True,4,10,102
2020-04-11 11:00:00,17.74,30.3,887.0,861.99,151.0,14.6,3.38,85.0,101766.0,True,4,11,102
2020-04-11 12:00:00,18.26,32.9,936.0,920.91,124.0,-4.0,3.86,92.0,101736.0,True,4,12,102
2020-04-11 13:00:00,18.36,34.95,782.0,550.41,311.0,0.35,4.28,91.0,101666.0,True,4,13,102
2020-04-11 14:00:00,18.47,36.4,677.0,475.84,307.0,3.4,4.48,87.0,101606.0,True,4,14,102
2020-04-11 15:00:00,18.17,37.1,640.0,755.43,147.0,3.35,4.48,79.0,101546.0,True,4,15,102
2020-04-11 16:00:00,17.77,37.55,233.0,42.91,212.0,-3.2,4.41,73.0,101526.0,True,4,16,102
2020-04-11 17:00:00,16.49,42.65,93.0,3.35,92.0,16.4,4.14,68.0,101526.0,True,4,17,102
2020-04-11 18:00:00,15.13,47.95,42.0,106.07,32.0,0.8,3.86,60.0,101487.0,True,4,18,102
2020-04-11 19:00:00,14.48,53.65,0.0,-0.0,0.0,8.4,3.17,55.0,101526.0,True,4,19,102
2020-04-11 20:00:00,13.73,60.95,0.0,-0.0,0.0,-13.6,2.69,48.0,101576.0,True,4,20,102
2020-04-11 21:00:00,12.84,63.8,0.0,-0.0,0.0,-15.0,2.48,41.0,101606.0,True,4,21,102
2020-04-11 22:00:00,12.57,62.75,0.0,-0.0,0.0,6.4,2.14,30.0,101556.0,True,4,22,102
2020-04-11 23:00:00,11.95,66.9,0.0,-0.0,0.0,-9.8,1.72,32.0,101586.0,True,4,23,102
2020-04-12 00:00:00,11.36,68.45,0.0,-0.0,0.0,-3.0,1.72,31.0,101596.0,True,4,0,103
2020-04-12 01:00:00,10.68,70.95,0.0,-0.0,0.0,291.2,2.0,31.0,101536.0,True,4,1,103
2020-04-12 02:00:00,10.65,70.7,0.0,-0.0,0.0,8.8,2.14,27.0,101427.0,True,4,2,103
2020-04-12 03:00:00,10.62,70.2,0.0,-0.0,0.0,-10.4,2.0,21.0,101397.0,True,4,3,103
2020-04-12 04:00:00,10.78,69.5,0.0,-0.0,0.0,0.2,1.79,11.0,101367.0,True,4,4,103
2020-04-12 05:00:00,11.14,67.5,0.0,-0.0,0.0,16.0,1.79,9.0,101347.0,True,4,5,103
2020-04-12 06:00:00,11.13,67.55,16.0,0.0,16.0,0.4,1.79,11.0,101357.0,True,4,6,103
2020-04-12 07:00:00,11.79,63.6,77.0,0.0,77.0,14.8,2.28,19.0,101367.0,True,4,7,103
2020-04-12 08:00:00,12.7,56.85,84.0,0.0,84.0,3.0,2.83,40.0,101357.0,True,4,8,103
2020-04-12 09:00:00,13.88,53.5,244.0,7.68,239.0,14.6,3.72,53.0,101367.0,True,4,9,103
2020-04-12 10:00:00,16.02,43.1,161.0,0.0,161.0,-2.8,3.72,47.0,101297.0,True,4,10,103
2020-04-12 11:00:00,16.8,44.2,110.0,0.0,110.0,-4.8,3.45,54.0,101247.0,True,4,11,103
2020-04-12 12:00:00,17.16,45.95,113.0,0.0,113.0,6.2,3.52,58.0,101237.0,True,4,12,103
2020-04-12 13:00:00,17.04,48.9,93.0,0.0,93.0,7.4,3.45,56.0,101158.0,True,4,13,103
2020-04-12 14:00:00,16.29,53.8,158.0,0.0,158.0,-3.2,3.59,53.0,101078.0,True,4,14,103
2020-04-12 15:00:00,15.25,58.45,75.0,0.0,75.0,14.8,3.72,60.0,100988.0,True,4,15,103
2020-04-12 16:00:00,14.51,64.15,102.0,0.0,102.0,1.35,3.45,64.0,100958.0,True,4,16,103
2020-04-12 17:00:00,13.45,72.3,41.0,0.0,41.0,-8.4,3.03,64.0,100948.0,True,4,17,103
2020-04-12 18:00:00,12.92,77.6,21.0,0.0,21.0,-3.6,2.69,50.0,100888.0,True,4,18,103
2020-04-12 19:00:00,12.67,81.9,0.0,-0.0,0.0,-2.6,2.14,25.0,100829.0,True,4,19,103
2020-04-12 20:00:00,12.25,86.55,0.0,-0.0,0.0,-3.6,1.17,13.0,100859.0,True,4,20,103
2020-04-12 21:00:00,11.84,89.35,0.0,-0.0,0.0,0.15,0.34,39.0,100918.0,True,4,21,103
2020-04-12 22:00:00,11.56,89.6,0.0,-0.0,0.0,-3.2,0.34,105.0,100908.0,True,4,22,103
2020-04-12 23:00:00,11.57,90.85,0.0,-0.0,0.0,1.8,0.34,246.0,100898.0,True,4,23,103
2020-04-13 00:00:00,11.71,93.05,0.0,-0.0,0.0,11.0,0.48,342.0,100859.0,True,4,0,104
2020-04-13 01:00:00,11.59,93.95,0.0,-0.0,0.0,352.05,0.07,200.0,100809.0,True,4,1,104
2020-04-13 02:00:00,11.48,94.7,0.0,-0.0,0.0,1.8,0.62,198.0,100779.0,True,4,2,104
2020-04-13 03:00:00,11.53,95.85,0.0,-0.0,0.0,-5.2,0.62,201.0,100739.0,True,4,3,104
2020-04-13 04:00:00,11.69,95.35,0.0,-0.0,0.0,10.0,0.48,215.0,100679.0,True,4,4,104
2020-04-13 05:00:00,11.45,97.1,0.0,-0.0,0.0,-11.6,0.76,198.0,100659.0,True,4,5,104
2020-04-13 06:00:00,11.57,96.7,21.0,0.0,21.0,-8.8,0.9,192.0,100659.0,True,4,6,104
2020-04-13 07:00:00,12.1,94.0,95.0,6.65,93.0,12.4,0.76,200.0,100659.0,True,4,7,104
2020-04-13 08:00:00,13.32,87.3,141.0,0.0,141.0,8.2,0.69,215.0,100649.0,True,4,8,104
2020-04-13 09:00:00,13.65,85.05,173.0,0.0,173.0,7.0,0.83,202.0,100609.0,True,4,9,104
2020-04-13 10:00:00,15.34,75.8,109.0,0.0,109.0,4.4,0.97,203.0,100599.0,True,4,10,104
2020-04-13 11:00:00,16.16,72.0,295.0,2.32,293.0,-4.6,1.72,184.0,100549.0,True,4,11,104
2020-04-13 12:00:00,16.45,70.45,428.0,33.8,398.0,-18.8,2.41,185.0,100530.0,True,4,12,104
2020-04-13 13:00:00,16.72,68.85,272.0,0.0,272.0,2.4,2.28,182.0,100500.0,True,4,13,104
2020-04-13 14:00:00,16.91,69.2,123.0,0.0,123.0,-7.8,2.41,186.0,100490.0,True,4,14,104
2020-04-13 15:00:00,16.55,68.3,160.0,0.0,160.0,-4.2,2.34,184.0,100490.0,True,4,15,104
2020-04-13 16:00:00,15.66,71.7,58.0,0.0,58.0,-6.8,2.21,186.0,100480.0,True,4,16,104
2020-04-13 17:00:00,14.16,80.05,86.0,3.29,85.0,14.6,2.34,198.0,100510.0,True,4,17,104
2020-04-13 18:00:00,14.0,77.95,30.0,20.02,28.0,-30.4,1.59,207.0,100549.0,True,4,18,104
2020-04-13 19:00:00,13.85,81.55,0.0,-0.0,0.0,7.6,0.83,196.0,100569.0,True,4,19,104
2020-04-13 20:00:00,13.33,87.25,0.0,-0.0,0.0,2.4,0.69,182.0,100649.0,True,4,20,104
2020-04-13 21:00:00,12.5,90.1,0.0,-0.0,0.0,2.6,1.03,191.0,100769.0,True,4,21,104
2020-04-13 22:00:00,12.77,95.3,0.0,-0.0,0.0,16.2,1.1,202.0,100769.0,True,4,22,104
2020-04-13 23:00:00,12.63,95.65,0.0,-0.0,0.0,3.2,0.76,236.0,100769.0,True,4,23,104
2020-04-14 00:00:00,12.51,95.55,0.0,-0.0,0.0,-15.2,0.83,261.0,100789.0,True,4,0,105
2020-04-14 01:00:00,12.76,94.05,0.0,-0.0,0.0,349.25,0.97,270.0,100779.0,True,4,1,105
2020-04-14 02:00:00,12.3,94.8,0.0,-0.0,0.0,-4.8,0.76,296.0,100709.0,True,4,2,105
2020-04-14 03:00:00,12.16,94.05,0.0,-0.0,0.0,4.4,0.34,319.0,100719.0,True,4,3,105
2020-04-14 04:00:00,12.14,93.25,0.0,-0.0,0.0,6.2,0.21,320.0,100709.0,True,4,4,105
2020-04-14 05:00:00,11.89,93.05,0.0,-0.0,0.0,-12.4,0.41,345.0,100719.0,True,4,5,105
2020-04-14 06:00:00,12.17,91.4,56.0,237.69,32.0,18.0,0.55,353.0,100779.0,True,4,6,105
2020-04-14 07:00:00,12.49,89.35,195.0,222.86,127.0,-42.2,0.62,22.0,100839.0,True,4,7,105
2020-04-14 08:00:00,13.5,80.4,309.0,161.48,229.0,11.8,1.03,112.0,100878.0,True,4,8,105
2020-04-14 09:00:00,14.57,71.9,498.0,311.12,293.0,10.0,1.38,136.0,100898.0,True,4,9,105
2020-04-14 10:00:00,15.87,69.25,574.0,258.79,371.0,-15.8,1.72,148.0,100938.0,True,4,10,105
2020-04-14 11:00:00,16.61,61.1,876.0,837.37,153.0,0.8,2.21,154.0,100938.0,True,4,11,105
2020-04-14 12:00:00,16.63,62.45,918.0,878.14,136.0,20.2,2.28,152.0,100928.0,True,4,12,105
2020-04-14 13:00:00,16.55,63.55,628.0,244.25,417.0,-9.8,2.41,148.0,100868.0,True,4,13,105
2020-04-14 14:00:00,17.09,62.2,762.0,734.76,185.0,1.6,2.62,148.0,100859.0,True,4,14,105
2020-04-14 15:00:00,17.61,60.8,627.0,716.53,154.0,1.6,2.48,146.0,100799.0,True,4,15,105
2020-04-14 16:00:00,17.16,62.5,295.0,132.82,229.0,2.2,2.21,138.0,100809.0,True,4,16,105
2020-04-14 17:00:00,16.1,68.8,205.0,260.75,125.0,-1.2,2.28,127.0,100789.0,True,4,17,105
2020-04-14 18:00:00,15.39,72.05,50.0,155.78,34.0,-1.75,2.21,106.0,100819.0,True,4,18,105
2020-04-14 19:00:00,14.81,77.8,0.0,-0.0,0.0,-29.0,2.07,82.0,100819.0,True,4,19,105
2020-04-14 20:00:00,14.19,83.35,0.0,-0.0,0.0,8.6,2.14,64.0,100888.0,True,4,20,105
2020-04-14 21:00:00,13.55,84.9,0.0,-0.0,0.0,-2.75,1.72,48.0,100928.0,True,4,21,105
2020-04-14 22:00:00,13.11,85.8,0.0,-0.0,0.0,19.0,1.52,50.0,100888.0,True,4,22,105
2020-04-14 23:00:00,13.0,85.25,0.0,-0.0,0.0,3.2,1.59,54.0,100898.0,True,4,23,105
2020-04-15 00:00:00,12.45,84.65,0.0,-0.0,0.0,-16.2,2.14,48.0,100878.0,True,4,0,106
2020-04-15 01:00:00,12.24,84.55,0.0,-0.0,0.0,315.65,2.41,48.0,100868.0,True,4,1,106
2020-04-15 02:00:00,11.78,85.75,0.0,-0.0,0.0,-2.0,1.45,36.0,100829.0,True,4,2,106
2020-04-15 03:00:00,11.85,84.7,0.0,-0.0,0.0,10.4,1.17,41.0,100898.0,True,4,3,106
2020-04-15 04:00:00,11.44,85.5,0.0,-0.0,0.0,-1.0,0.48,48.0,100928.0,True,4,4,106
2020-04-15 05:00:00,11.23,86.6,0.0,-0.0,0.0,-2.8,0.97,41.0,100968.0,True,4,5,106
2020-04-15 06:00:00,11.46,86.1,38.0,47.38,33.0,-0.35,1.93,52.0,100968.0,True,4,6,106
2020-04-15 07:00:00,12.09,84.15,240.0,449.23,101.0,31.2,1.79,56.0,101038.0,True,4,7,106
2020-04-15 08:00:00,13.67,76.45,384.0,366.42,201.0,-29.2,2.07,74.0,101128.0,True,4,8,106
2020-04-15 09:00:00,14.1,78.9,522.0,365.24,280.0,2.4,2.07,96.0,101158.0,True,4,9,106
2020-04-15 10:00:00,15.9,70.65,414.0,58.39,368.0,7.0,1.66,124.0,101247.0,True,4,10,106
2020-04-15 11:00:00,16.03,69.4,568.0,158.11,431.0,10.4,2.28,145.0,101277.0,True,4,11,106
2020-04-15 12:00:00,16.26,70.0,609.0,184.7,444.0,-8.4,2.76,159.0,101287.0,True,4,12,106
2020-04-15 13:00:00,16.02,70.85,808.0,622.06,269.0,5.2,2.69,167.0,101297.0,True,4,13,106
2020-04-15 14:00:00,16.64,66.55,581.0,266.57,371.0,0.75,2.76,174.0,101327.0,True,4,14,106
2020-04-15 15:00:00,16.98,62.6,484.0,273.18,303.0,-3.4,2.55,178.0,101287.0,True,4,15,106
2020-04-15 16:00:00,16.59,61.45,404.0,442.52,183.0,4.2,2.34,172.0,101287.0,True,4,16,106
2020-04-15 17:00:00,15.57,67.85,230.0,387.85,110.0,-21.2,1.93,161.0,101307.0,True,4,17,106
2020-04-15 18:00:00,15.24,68.85,28.0,9.48,27.0,-9.0,1.52,148.0,101327.0,True,4,18,106
2020-04-15 19:00:00,13.99,79.9,0.0,-0.0,0.0,1.4,1.17,125.0,101377.0,True,4,19,106
2020-04-15 20:00:00,13.91,81.35,0.0,-0.0,0.0,-2.4,0.83,83.0,101447.0,True,4,20,106
2020-04-15 21:00:00,12.89,87.8,0.0,-0.0,0.0,-4.2,0.9,54.0,101516.0,True,4,21,106
2020-04-15 22:00:00,12.76,89.25,0.0,-0.0,0.0,21.4,0.9,43.0,101556.0,True,4,22,106
2020-04-15 23:00:00,12.5,90.05,0.0,-0.0,0.0,-9.8,0.76,17.0,101576.0,True,4,23,106
2020-04-16 00:00:00,12.03,90.4,0.0,-0.0,0.0,-1.35,0.76,23.0,101596.0,True,4,0,107
2020-04-16 01:00:00,11.65,91.0,0.0,-0.0,0.0,314.05,0.97,16.0,101566.0,True,4,1,107
2020-04-16 02:00:00,11.49,90.95,0.0,-0.0,0.0,2.0,0.83,31.0,101507.0,True,4,2,107
2020-04-16 03:00:00,11.14,91.45,0.0,-0.0,0.0,2.0,1.17,30.0,101457.0,True,4,3,107
2020-04-16 04:00:00,10.84,90.35,0.0,-0.0,0.0,1.2,1.31,21.0,101437.0,True,4,4,107
2020-04-16 05:00:00,10.82,89.8,0.0,-0.0,0.0,1.8,1.31,20.0,101417.0,True,4,5,107
2020-04-16 06:00:00,11.05,87.25,53.0,136.35,38.0,7.0,1.52,20.0,101427.0,True,4,6,107
2020-04-16 07:00:00,12.41,80.55,263.0,573.88,83.0,-13.8,1.72,29.0,101467.0,True,4,7,107
2020-04-16 08:00:00,14.67,66.25,453.0,627.78,137.0,13.2,2.14,57.0,101457.0,True,4,8,107
2020-04-16 09:00:00,15.95,63.3,652.0,773.04,137.0,0.2,2.55,78.0,101427.0,True,4,9,107
2020-04-16 10:00:00,17.02,61.0,798.0,822.92,147.0,0.8,2.48,84.0,101427.0,True,4,10,107
2020-04-16 11:00:00,17.99,58.9,867.0,771.72,196.0,-6.6,2.62,97.0,101417.0,True,4,11,107
2020-04-16 12:00:00,18.38,56.15,893.0,763.33,209.0,2.0,2.28,106.0,101357.0,True,4,12,107
2020-04-16 13:00:00,19.09,52.4,847.0,713.43,227.0,2.8,2.28,113.0,101307.0,True,4,13,107
2020-04-16 14:00:00,18.97,51.55,745.0,650.45,231.0,-2.35,2.28,117.0,101267.0,True,4,14,107
2020-04-16 15:00:00,19.46,47.9,629.0,688.74,171.0,2.0,2.21,123.0,101267.0,True,4,15,107
2020-04-16 16:00:00,19.37,48.15,462.0,677.47,122.0,-3.8,2.07,124.0,101227.0,True,4,16,107
2020-04-16 17:00:00,17.9,55.05,219.0,307.71,123.0,-1.6,1.79,121.0,101257.0,True,4,17,107
2020-04-16 18:00:00,16.52,62.5,65.0,295.52,33.0,5.2,1.38,113.0,101257.0,True,4,18,107
2020-04-16 19:00:00,15.88,69.65,0.0,-0.0,0.0,-4.4,0.97,95.0,101277.0,True,4,19,107
2020-04-16 20:00:00,14.85,72.7,0.0,-0.0,0.0,3.6,0.62,68.0,101357.0,True,4,20,107
2020-04-16 21:00:00,14.05,77.95,0.0,-0.0,0.0,-8.6,0.41,66.0,101427.0,True,4,21,107
2020-04-16 22:00:00,13.26,86.35,0.0,-0.0,0.0,0.0,1.24,168.0,101497.0,True,4,22,107
2020-04-16 23:00:00,12.91,87.75,0.0,-0.0,0.0,-5.8,1.24,158.0,101516.0,True,4,23,107
2020-04-17 00:00:00,12.37,90.9,0.0,-0.0,0.0,-0.6,0.62,59.0,101497.0,True,4,0,108
2020-04-17 01:00:00,12.38,91.4,0.0,-0.0,0.0,318.85,0.69,351.0,101427.0,True,4,1,108
2020-04-17 02:00:00,12.72,89.75,0.0,-0.0,0.0,9.2,0.76,330.0,101327.0,True,4,2,108
2020-04-17 03:00:00,13.05,87.55,0.0,-0.0,0.0,8.8,1.03,328.0,101257.0,True,4,3,108
2020-04-17 04:00:00,13.27,85.75,0.0,-0.0,0.0,-1.0,1.1,340.0,101217.0,True,4,4,108
2020-04-17 05:00:00,13.11,85.25,0.0,-0.0,0.0,-9.8,1.17,341.0,101178.0,True,4,5,108
2020-04-17 06:00:00,13.05,84.25,40.0,34.95,36.0,1.8,1.03,343.0,101217.0,True,4,6,108
2020-04-17 07:00:00,13.93,79.65,149.0,59.78,130.0,3.15,0.9,355.0,101277.0,True,4,7,108
2020-04-17 08:00:00,15.12,69.4,148.0,0.0,148.0,12.4,0.55,97.0,101337.0,True,4,8,108
2020-04-17 09:00:00,15.75,69.35,118.0,0.0,118.0,-5.4,1.17,115.0,101377.0,True,4,9,108
2020-04-17 10:00:00,16.83,65.25,536.0,187.58,387.0,-2.0,2.0,82.0,101387.0,True,4,10,108
2020-04-17 11:00:00,18.2,59.95,502.0,89.41,424.0,6.2,2.14,90.0,101397.0,True,4,11,108
2020-04-17 12:00:00,18.47,58.5,220.0,0.0,220.0,-0.55,2.55,101.0,101337.0,True,4,12,108
2020-04-17 13:00:00,19.26,57.45,597.0,193.91,428.0,-5.4,2.41,112.0,101297.0,True,4,13,108
2020-04-17 14:00:00,19.5,57.45,684.0,490.78,295.0,5.2,2.14,111.0,101197.0,True,4,14,108
2020-04-17 15:00:00,19.52,57.05,488.0,278.71,302.0,0.2,1.72,118.0,101128.0,True,4,15,108
2020-04-17 16:00:00,19.21,58.05,455.0,660.32,122.0,3.55,1.66,139.0,101118.0,True,4,16,108
2020-04-17 17:00:00,18.03,64.25,208.0,254.33,128.0,9.8,1.79,145.0,101188.0,True,4,17,108
2020-04-17 18:00:00,16.58,70.45,47.0,81.04,38.0,-14.6,1.24,138.0,101158.0,True,4,18,108
2020-04-17 19:00:00,15.67,76.5,0.0,-0.0,0.0,-13.2,1.03,121.0,101188.0,True,4,19,108
2020-04-17 20:00:00,14.92,82.45,0.0,-0.0,0.0,2.2,1.1,86.0,101227.0,True,4,20,108
2020-04-17 21:00:00,14.27,87.0,0.0,-0.0,0.0,-5.2,0.69,75.0,101337.0,True,4,21,108
2020-04-17 22:00:00,14.03,89.7,0.0,-0.0,0.0,-11.6,0.69,106.0,101357.0,True,4,22,108
2020-04-17 23:00:00,14.13,89.2,0.0,-0.0,0.0,14.4,1.1,12.0,101307.0,True,4,23,108
2020-04-18 00:00:00,14.06,87.95,0.0,-0.0,0.0,-4.8,0.9,360.0,101207.0,True,4,0,109
2020-04-18 01:00:00,13.68,88.4,0.0,-0.0,0.0,314.05,1.03,7.0,101158.0,True,4,1,109
2020-04-18 02:00:00,12.7,89.75,0.0,-0.0,0.0,-10.0,1.17,347.0,101128.0,True,4,2,109
2020-04-18 03:00:00,12.52,91.85,0.0,-0.0,0.0,1.0,0.83,332.0,101138.0,True,4,3,109
2020-04-18 04:00:00,12.21,92.45,0.0,-0.0,0.0,3.4,0.9,341.0,101128.0,True,4,4,109
2020-04-18 05:00:00,12.27,91.45,0.0,-0.0,0.0,3.8,0.76,352.0,101078.0,True,4,5,109
2020-04-18 06:00:00,12.52,88.95,54.0,101.0,42.0,4.2,0.9,5.0,101108.0,True,4,6,109
2020-04-18 07:00:00,14.03,80.7,177.0,121.15,138.0,8.6,1.1,36.0,101118.0,True,4,7,109
2020-04-18 08:00:00,15.66,68.95,240.0,43.05,218.0,12.6,1.59,63.0,101128.0,True,4,8,109
2020-04-18 09:00:00,16.38,66.65,279.0,16.34,268.0,-10.2,2.0,74.0,101098.0,True,4,9,109
2020-04-18 10:00:00,17.61,60.8,255.0,1.25,254.0,-3.0,1.38,76.0,101128.0,True,4,10,109
2020-04-18 11:00:00,18.71,56.85,361.0,12.57,350.0,9.6,1.59,95.0,101098.0,True,4,11,109
2020-04-18 12:00:00,19.55,54.5,135.0,0.0,135.0,4.8,1.59,121.0,101038.0,True,4,12,109
2020-04-18 13:00:00,19.63,56.35,161.0,0.0,161.0,27.4,2.41,137.0,101008.0,True,4,13,109
2020-04-18 14:00:00,19.41,58.65,149.0,0.0,149.0,-6.6,2.48,138.0,100998.0,True,4,14,109
2020-04-18 15:00:00,19.09,61.0,312.0,34.34,289.0,8.2,2.14,131.0,100928.0,True,4,15,109
2020-04-18 16:00:00,18.82,62.85,168.0,3.95,166.0,12.0,1.86,133.0,100868.0,True,4,16,109
2020-04-18 17:00:00,17.55,70.45,61.0,0.0,61.0,-2.6,1.38,121.0,100849.0,True,4,17,109
2020-04-18 18:00:00,16.21,78.05,7.0,0.0,7.0,-15.4,1.38,122.0,100829.0,True,4,18,109
2020-04-18 19:00:00,15.71,80.55,0.0,-0.0,0.0,-2.75,1.38,138.0,100859.0,True,4,19,109
2020-04-18 20:00:00,15.41,84.2,0.0,-0.0,0.0,10.4,1.03,123.0,100908.0,True,4,20,109
2020-04-18 21:00:00,15.19,86.1,0.0,-0.0,0.0,6.8,0.97,128.0,100928.0,True,4,21,109
2020-04-18 22:00:00,14.9,89.65,0.0,-0.0,0.0,-2.4,0.9,170.0,100888.0,True,4,22,109
2020-04-18 23:00:00,14.9,88.85,0.0,-0.0,0.0,1.35,0.41,172.0,100849.0,True,4,23,109
2020-04-19 00:00:00,15.11,86.75,0.0,-0.0,0.0,0.8,0.34,113.0,100799.0,True,4,0,110
2020-04-19 01:00:00,15.0,87.2,0.0,-0.0,0.0,370.05,0.76,312.0,100739.0,True,4,1,110
2020-04-19 02:00:00,14.65,89.6,0.0,-0.0,0.0,-18.2,1.52,280.0,100699.0,True,4,2,110
2020-04-19 03:00:00,14.79,89.3,0.0,-0.0,0.0,12.4,1.31,293.0,100619.0,True,4,3,110
2020-04-19 04:00:00,14.62,90.4,0.0,-0.0,0.0,-3.4,0.97,309.0,100609.0,True,4,4,110
2020-04-19 05:00:00,14.35,90.5,0.0,-0.0,0.0,-7.8,0.69,293.0,100609.0,True,4,5,110
2020-04-19 06:00:00,14.08,91.9,45.0,40.61,40.0,7.2,0.76,296.0,100629.0,True,4,6,110
2020-04-19 07:00:00,13.97,93.25,162.0,76.7,137.0,-10.6,0.69,254.0,100649.0,True,4,7,110
2020-04-19 08:00:00,14.5,91.1,224.0,29.14,209.0,9.8,0.62,277.0,100619.0,True,4,8,110
2020-04-19 09:00:00,15.02,85.2,283.0,17.73,271.0,-0.2,0.28,271.0,100599.0,True,4,9,110
2020-04-19 10:00:00,17.0,70.9,444.0,78.69,381.0,4.4,0.62,244.0,100579.0,True,4,10,110
2020-04-19 11:00:00,17.86,65.95,404.0,26.19,381.0,-5.8,0.83,184.0,100549.0,True,4,11,110
2020-04-19 12:00:00,16.97,69.7,572.0,136.06,449.0,1.0,1.52,183.0,100460.0,True,4,12,110
2020-04-19 13:00:00,17.96,64.55,585.0,174.57,432.0,3.2,1.17,196.0,100430.0,True,4,13,110
2020-04-19 14:00:00,17.22,63.75,425.0,63.97,374.0,-1.0,1.24,226.0,100380.0,True,4,14,110
2020-04-19 15:00:00,17.48,59.65,375.0,87.8,316.0,-14.2,1.59,276.0,100320.0,True,4,15,110
2020-04-19 16:00:00,17.19,59.5,154.0,1.96,153.0,8.2,1.38,282.0,100290.0,True,4,16,110
2020-04-19 17:00:00,17.25,60.9,147.0,53.18,130.0,-0.15,1.45,292.0,100310.0,True,4,17,110
2020-04-19 18:00:00,16.57,63.95,71.0,308.79,35.0,-17.2,0.76,276.0,100310.0,True,4,18,110
2020-04-19 19:00:00,15.63,72.0,0.0,-0.0,0.0,9.8,1.59,288.0,100360.0,True,4,19,110
2020-04-19 20:00:00,14.52,73.2,0.0,-0.0,0.0,-16.0,1.79,310.0,100440.0,True,4,20,110
2020-04-19 21:00:00,13.77,73.9,0.0,-0.0,0.0,-5.8,2.0,310.0,100520.0,True,4,21,110
2020-04-19 22:00:00,13.1,83.1,0.0,-0.0,0.0,-9.4,2.14,291.0,100549.0,True,4,22,110
2020-04-19 23:00:00,12.75,82.1,0.0,-0.0,0.0,0.35,1.93,309.0,100559.0,True,4,23,110
2020-04-20 00:00:00,12.16,82.5,0.0,-0.0,0.0,-11.8,2.07,323.0,100559.0,True,4,0,111
2020-04-20 01:00:00,11.66,80.75,0.0,-0.0,0.0,303.6,2.07,324.0,100540.0,True,4,1,111
2020-04-20 02:00:00,11.12,79.15,0.0,-0.0,0.0,-5.2,2.21,322.0,100490.0,True,4,2,111
2020-04-20 03:00:00,11.28,77.55,0.0,-0.0,0.0,-2.2,2.28,321.0,100480.0,True,4,3,111
2020-04-20 04:00:00,10.9,78.1,0.0,-0.0,0.0,3.0,2.34,321.0,100520.0,True,4,4,111
2020-04-20 05:00:00,10.58,78.05,0.0,-0.0,0.0,-3.0,2.41,319.0,100540.0,True,4,5,111
2020-04-20 06:00:00,11.06,74.05,80.0,314.08,40.0,-7.6,2.14,319.0,100589.0,True,4,6,111
2020-04-20 07:00:00,13.1,68.7,287.0,642.58,75.0,-1.0,2.28,310.0,100659.0,True,4,7,111
2020-04-20 08:00:00,15.51,58.6,481.0,696.36,120.0,11.4,2.21,291.0,100699.0,True,4,8,111
2020-04-20 09:00:00,16.8,52.2,658.0,747.09,150.0,6.0,2.34,280.0,100709.0,True,4,9,111
2020-04-20 10:00:00,18.05,45.25,846.0,955.7,78.0,7.0,2.9,249.0,100739.0,True,4,10,111
2020-04-20 11:00:00,18.7,44.25,946.0,1003.55,62.0,3.8,2.83,247.0,100709.0,True,4,11,111
2020-04-20 12:00:00,19.3,41.6,953.0,925.52,114.0,-10.0,2.83,250.0,100649.0,True,4,12,111
2020-04-20 13:00:00,19.37,41.35,905.0,865.96,144.0,21.8,2.62,246.0,100609.0,True,4,13,111
2020-04-20 14:00:00,19.38,42.95,788.0,761.64,179.0,2.8,2.83,243.0,100549.0,True,4,14,111
2020-04-20 15:00:00,19.57,41.0,543.0,390.04,280.0,-10.0,3.17,247.0,100490.0,True,4,15,111
2020-04-20 16:00:00,19.6,39.1,476.0,705.83,115.0,-7.4,2.97,247.0,100460.0,True,4,16,111
2020-04-20 17:00:00,18.88,40.55,268.0,558.71,88.0,-8.8,3.17,239.0,100460.0,True,4,17,111
2020-04-20 18:00:00,17.56,43.7,76.0,351.96,34.0,-5.8,2.9,242.0,100490.0,True,4,18,111
2020-04-20 19:00:00,16.12,50.6,0.0,-0.0,0.0,-2.0,2.0,241.0,100530.0,True,4,19,111
2020-04-20 20:00:00,14.44,57.3,0.0,-0.0,0.0,-3.2,1.93,244.0,100599.0,True,4,20,111
2020-04-20 21:00:00,12.67,64.0,0.0,-0.0,0.0,1.8,2.21,244.0,100679.0,True,4,21,111
2020-04-20 22:00:00,12.44,67.55,0.0,-0.0,0.0,6.2,2.62,237.0,100679.0,True,4,22,111
2020-04-20 23:00:00,12.02,71.45,0.0,-0.0,0.0,-3.0,2.69,249.0,100649.0,True,4,23,111
2020-04-21 00:00:00,11.69,75.15,0.0,-0.0,0.0,11.4,2.28,267.0,100629.0,True,4,0,112
2020-04-21 01:00:00,11.06,77.75,0.0,-0.0,0.0,307.8,2.07,249.0,100569.0,True,4,1,112
2020-04-21 02:00:00,10.61,78.75,0.0,-0.0,0.0,-11.0,2.14,250.0,100530.0,True,4,2,112
2020-04-21 03:00:00,9.66,80.65,0.0,-0.0,0.0,-20.8,1.79,259.0,100490.0,True,4,3,112
2020-04-21 04:00:00,9.32,81.35,0.0,-0.0,0.0,-5.0,1.59,262.0,100480.0,True,4,4,112
2020-04-21 05:00:00,8.82,83.2,0.0,-0.0,0.0,0.4,1.52,258.0,100480.0,True,4,5,112
2020-04-21 06:00:00,9.23,81.15,58.0,83.63,47.0,3.15,1.59,261.0,100520.0,True,4,6,112
2020-04-21 07:00:00,10.48,72.6,283.0,578.16,90.0,10.6,1.86,254.0,100540.0,True,4,7,112
2020-04-21 08:00:00,12.68,60.55,361.0,233.72,239.0,18.2,2.21,253.0,100540.0,True,4,8,112
2020-04-21 09:00:00,14.06,54.05,659.0,728.88,161.0,2.2,2.76,255.0,100589.0,True,4,9,112
2020-04-21 10:00:00,14.89,54.0,797.0,757.54,186.0,9.0,3.1,231.0,100609.0,True,4,10,112
2020-04-21 11:00:00,15.51,55.0,932.0,926.93,113.0,12.6,3.66,249.0,100659.0,True,4,11,112
2020-04-21 12:00:00,16.03,51.4,927.0,818.49,183.0,-0.8,3.86,238.0,100669.0,True,4,12,112
2020-04-21 13:00:00,13.66,59.95,839.0,651.45,265.0,-1.6,5.1,236.0,100679.0,True,4,13,112
2020-04-21 14:00:00,13.76,59.45,578.0,235.71,389.0,-10.8,5.86,233.0,100679.0,True,4,14,112
2020-04-21 15:00:00,13.94,57.75,670.0,799.65,129.0,-5.6,5.52,239.0,100599.0,True,4,15,112
2020-04-21 16:00:00,14.3,58.85,312.0,138.19,241.0,-5.8,4.83,244.0,100549.0,True,4,16,112
2020-04-21 17:00:00,13.48,63.0,148.0,49.28,132.0,-7.8,4.07,250.0,100549.0,True,4,17,112
2020-04-21 18:00:00,13.23,62.1,60.0,131.07,44.0,-3.8,2.76,257.0,100549.0,True,4,18,112
2020-04-21 19:00:00,13.31,63.45,0.0,-0.0,0.0,6.6,1.86,265.0,100559.0,True,4,19,112
2020-04-21 20:00:00,12.79,68.6,0.0,-0.0,0.0,-7.8,1.79,279.0,100649.0,True,4,20,112
2020-04-21 21:00:00,11.81,72.4,0.0,-0.0,0.0,-4.2,1.86,284.0,100719.0,True,4,21,112
2020-04-21 22:00:00,11.6,67.7,0.0,-0.0,0.0,1.6,1.93,276.0,100769.0,True,4,22,112
2020-04-21 23:00:00,11.31,67.9,0.0,-0.0,0.0,2.8,1.86,289.0,100759.0,True,4,23,112
2020-04-22 00:00:00,11.33,67.8,0.0,-0.0,0.0,4.0,2.21,296.0,100759.0,True,4,0,113
2020-04-22 01:00:00,11.2,68.4,0.0,-0.0,0.0,296.6,2.41,298.0,100739.0,True,4,1,113
2020-04-22 02:00:00,11.12,69.9,0.0,-0.0,0.0,1.0,2.34,298.0,100719.0,True,4,2,113
2020-04-22 03:00:00,11.61,69.8,0.0,-0.0,0.0,15.6,2.48,302.0,100719.0,True,4,3,113
2020-04-22 04:00:00,11.86,71.1,0.0,-0.0,0.0,13.6,2.55,306.0,100719.0,True,4,4,113
2020-04-22 05:00:00,11.48,73.9,0.0,-0.0,0.0,-23.4,2.34,317.0,100709.0,True,4,5,113
2020-04-22 06:00:00,12.02,72.55,85.0,302.27,44.0,0.8,2.14,321.0,100809.0,True,4,6,113
2020-04-22 07:00:00,13.52,65.1,291.0,630.85,78.0,9.0,2.14,316.0,100878.0,True,4,7,113
2020-04-22 08:00:00,15.76,55.05,491.0,721.21,112.0,-8.8,1.59,308.0,100948.0,True,4,8,113
2020-04-22 09:00:00,16.88,51.15,701.0,910.51,76.0,6.8,0.97,306.0,101008.0,True,4,9,113
2020-04-22 10:00:00,19.11,42.95,855.0,978.44,63.0,6.0,0.76,213.0,101048.0,True,4,10,113
2020-04-22 11:00:00,19.11,44.65,950.0,1008.82,56.0,43.2,0.9,185.0,101048.0,True,4,11,113
2020-04-22 12:00:00,18.2,50.2,958.0,935.92,105.0,14.6,1.45,178.0,101028.0,True,4,12,113
2020-04-22 13:00:00,18.84,49.2,840.0,666.76,251.0,-8.2,1.38,166.0,101088.0,True,4,13,113
2020-04-22 14:00:00,19.24,47.85,778.0,727.58,193.0,2.8,1.38,153.0,101068.0,True,4,14,113
2020-04-22 15:00:00,19.07,46.55,537.0,368.31,287.0,-3.6,1.59,145.0,101098.0,True,4,15,113
2020-04-22 16:00:00,18.44,49.15,332.0,182.13,238.0,-6.6,1.86,140.0,101118.0,True,4,16,113
2020-04-22 17:00:00,17.21,54.55,185.0,134.49,141.0,-12.4,1.86,137.0,101178.0,True,4,17,113
2020-04-22 18:00:00,16.55,54.75,80.0,352.56,36.0,-7.2,1.66,127.0,101217.0,True,4,18,113
2020-04-22 19:00:00,15.68,64.0,0.0,-0.0,0.0,21.0,1.45,110.0,101307.0,True,4,19,113
2020-04-22 20:00:00,14.3,71.75,0.0,-0.0,0.0,-13.8,1.45,95.0,101387.0,True,4,20,113
2020-04-22 21:00:00,12.98,76.05,0.0,-0.0,0.0,6.8,1.86,87.0,101536.0,True,4,21,113
2020-04-22 22:00:00,13.22,73.7,0.0,-0.0,0.0,2.4,1.93,84.0,101546.0,True,4,22,113
2020-04-22 23:00:00,12.56,76.45,0.0,-0.0,0.0,-9.8,1.52,83.0,101566.0,True,4,23,113
2020-04-23 00:00:00,12.36,78.0,0.0,-0.0,0.0,-4.0,1.24,80.0,101566.0,True,4,0,114
2020-04-23 01:00:00,12.09,81.1,0.0,-0.0,0.0,327.65,0.83,79.0,101576.0,True,4,1,114
2020-04-23 02:00:00,11.5,83.6,0.0,-0.0,0.0,-6.6,0.97,64.0,101516.0,True,4,2,114
2020-04-23 03:00:00,11.18,83.8,0.0,-0.0,0.0,-12.8,1.17,63.0,101516.0,True,4,3,114
2020-04-23 04:00:00,10.78,84.2,0.0,-0.0,0.0,-4.4,1.17,48.0,101497.0,True,4,4,114
2020-04-23 05:00:00,10.53,84.95,0.0,-0.0,0.0,-1.0,0.76,36.0,101507.0,True,4,5,114
2020-04-23 06:00:00,10.91,82.35,91.0,343.65,43.0,-2.0,1.17,26.0,101546.0,True,4,6,114
2020-04-23 07:00:00,12.53,76.5,296.0,629.78,81.0,17.6,1.38,49.0,101586.0,True,4,7,114
2020-04-23 08:00:00,14.82,64.5,468.0,589.86,156.0,-4.6,2.48,75.0,101616.0,True,4,8,114
2020-04-23 09:00:00,16.11,59.45,661.0,722.21,163.0,-4.8,3.66,86.0,101636.0,True,4,9,114
2020-04-23 10:00:00,17.6,53.1,806.0,780.52,172.0,19.2,3.66,89.0,101656.0,True,4,10,114
2020-04-23 11:00:00,18.07,51.65,871.0,730.24,222.0,-1.0,4.07,90.0,101606.0,True,4,11,114
2020-04-23 12:00:00,18.38,50.4,914.0,780.29,201.0,9.8,4.34,93.0,101546.0,True,4,12,114
2020-04-23 13:00:00,18.86,49.85,862.0,714.77,229.0,1.35,4.34,93.0,101516.0,True,4,13,114
2020-04-23 14:00:00,18.71,50.55,785.0,733.07,194.0,-0.6,4.34,89.0,101447.0,True,4,14,114
2020-04-23 15:00:00,18.58,50.5,495.0,262.86,316.0,-7.0,4.21,83.0,101347.0,True,4,15,114
2020-04-23 16:00:00,18.5,50.05,383.0,310.56,222.0,0.55,4.14,78.0,101297.0,True,4,16,114
2020-04-23 17:00:00,17.61,52.7,268.0,512.67,99.0,-7.6,4.0,75.0,101267.0,True,4,17,114
2020-04-23 18:00:00,16.48,55.3,64.0,141.15,46.0,-10.8,3.66,72.0,101267.0,True,4,18,114
2020-04-23 19:00:00,15.66,61.55,0.0,-0.0,0.0,-7.2,2.97,66.0,101277.0,True,4,19,114
2020-04-23 20:00:00,14.56,69.5,0.0,-0.0,0.0,0.2,2.55,54.0,101357.0,True,4,20,114
2020-04-23 21:00:00,13.77,73.2,0.0,-0.0,0.0,1.6,2.48,41.0,101387.0,True,4,21,114
2020-04-23 22:00:00,13.08,77.75,0.0,-0.0,0.0,2.8,2.0,35.0,101347.0,True,4,22,114
2020-04-23 23:00:00,12.73,78.35,0.0,-0.0,0.0,-1.8,1.79,26.0,101307.0,True,4,23,114
2020-04-24 00:00:00,12.23,77.75,0.0,-0.0,0.0,1.35,1.38,24.0,101327.0,True,4,0,115
2020-04-24 01:00:00,11.77,77.8,0.0,-0.0,0.0,312.65,1.31,23.0,101287.0,True,4,1,115
2020-04-24 02:00:00,11.61,76.35,0.0,-0.0,0.0,3.2,1.31,23.0,101227.0,True,4,2,115
2020-04-24 03:00:00,11.44,75.75,0.0,-0.0,0.0,-9.6,1.31,25.0,101207.0,True,4,3,115
2020-04-24 04:00:00,11.27,75.75,0.0,-0.0,0.0,-4.6,1.52,24.0,101148.0,True,4,4,115
2020-04-24 05:00:00,10.74,76.75,0.0,-0.0,0.0,-7.6,1.59,22.0,101118.0,True,4,5,115
2020-04-24 06:00:00,10.9,75.95,59.0,62.66,50.0,-4.0,2.0,14.0,101138.0,True,4,6,115
2020-04-24 07:00:00,12.55,68.3,275.0,478.17,110.0,10.2,1.86,18.0,101178.0,True,4,7,115
2020-04-24 08:00:00,15.16,54.6,481.0,644.37,138.0,4.0,2.41,49.0,101188.0,True,4,8,115
2020-04-24 09:00:00,16.19,51.9,685.0,817.21,119.0,-1.8,3.03,71.0,101188.0,True,4,9,115
2020-04-24 10:00:00,17.96,44.9,736.0,570.53,271.0,7.6,3.1,73.0,101178.0,True,4,10,115
2020-04-24 11:00:00,18.45,44.5,566.0,136.89,444.0,6.4,3.45,82.0,101078.0,True,4,11,115
2020-04-24 12:00:00,18.92,45.55,865.0,646.25,273.0,4.6,4.0,82.0,101028.0,True,4,12,115
2020-04-24 13:00:00,19.3,45.75,873.0,750.19,207.0,1.6,4.28,83.0,100948.0,True,4,13,115
2020-04-24 14:00:00,18.96,48.15,773.0,700.21,207.0,-0.8,4.34,82.0,100898.0,True,4,14,115
2020-04-24 15:00:00,18.95,48.05,591.0,512.36,241.0,2.0,4.34,76.0,100779.0,True,4,15,115
2020-04-24 16:00:00,18.63,48.4,484.0,716.35,111.0,0.0,4.21,63.0,100709.0,True,4,16,115
2020-04-24 17:00:00,17.36,53.45,214.0,222.82,140.0,-0.15,4.0,64.0,100719.0,True,4,17,115
2020-04-24 18:00:00,16.31,54.15,62.0,115.18,47.0,-4.4,3.79,60.0,100689.0,True,4,18,115
2020-04-24 19:00:00,15.46,58.65,0.0,-0.0,0.0,-6.6,2.9,55.0,100739.0,True,4,19,115
2020-04-24 20:00:00,14.93,62.8,0.0,-0.0,0.0,-2.4,2.0,58.0,100839.0,True,4,20,115
2020-04-24 21:00:00,14.4,65.7,0.0,-0.0,0.0,6.0,1.66,64.0,100918.0,True,4,21,115
2020-04-24 22:00:00,13.53,71.25,0.0,-0.0,0.0,-3.8,1.79,61.0,100948.0,True,4,22,115
2020-04-24 23:00:00,13.24,69.05,0.0,-0.0,0.0,4.4,2.41,32.0,100769.0,True,4,23,115
2020-04-25 00:00:00,13.14,66.35,0.0,-0.0,0.0,9.8,2.0,25.0,100699.0,True,4,0,116
2020-04-25 01:00:00,12.87,68.8,0.0,-0.0,0.0,323.25,1.52,29.0,100729.0,True,4,1,116
2020-04-25 02:00:00,12.77,67.95,0.0,-0.0,0.0,-3.55,0.55,12.0,100729.0,True,4,2,116
2020-04-25 03:00:00,12.6,72.35,0.0,-0.0,0.0,14.8,0.69,16.0,100679.0,True,4,3,116
2020-04-25 04:00:00,12.35,74.15,0.0,-0.0,0.0,-8.2,0.97,357.0,100639.0,True,4,4,116
2020-04-25 05:00:00,12.37,74.05,0.0,-0.0,0.0,15.6,0.9,1.0,100599.0,True,4,5,116
2020-04-25 06:00:00,11.99,76.25,29.0,0.0,29.0,8.0,0.83,8.0,100639.0,True,4,6,116
2020-04-25 07:00:00,11.35,82.05,66.0,0.0,66.0,3.35,0.55,1.0,100679.0,True,4,7,116
2020-04-25 08:00:00,11.54,83.6,80.0,0.0,80.0,4.4,0.41,341.0,100729.0,True,4,8,116
2020-04-25 09:00:00,11.87,85.3,169.0,0.0,169.0,2.2,0.28,300.0,100749.0,True,4,9,116
2020-04-25 10:00:00,11.82,84.3,153.0,0.0,153.0,0.0,0.07,228.0,100789.0,True,4,10,116
2020-04-25 11:00:00,12.02,85.05,155.0,0.0,155.0,0.75,0.28,172.0,100799.0,True,4,11,116
2020-04-25 12:00:00,12.4,83.35,224.0,0.0,224.0,0.4,0.83,194.0,100799.0,True,4,12,116
2020-04-25 13:00:00,13.08,81.25,313.0,2.25,311.0,3.4,1.17,208.0,100799.0,True,4,13,116
2020-04-25 14:00:00,12.77,83.85,173.0,0.0,173.0,-1.8,1.59,213.0,100779.0,True,4,14,116
2020-04-25 15:00:00,13.2,82.8,83.0,0.0,83.0,0.8,1.86,222.0,100739.0,True,4,15,116
2020-04-25 16:00:00,13.35,80.9,179.0,5.74,176.0,-5.0,2.34,228.0,100709.0,True,4,16,116
2020-04-25 17:00:00,13.48,81.05,66.0,0.0,66.0,8.4,2.34,232.0,100689.0,True,4,17,116
2020-04-25 18:00:00,13.65,81.8,24.0,0.0,24.0,-4.4,2.0,238.0,100679.0,True,4,18,116
2020-04-25 19:00:00,13.82,83.1,0.0,-0.0,0.0,-5.8,1.45,241.0,100679.0,True,4,19,116
2020-04-25 20:00:00,13.44,87.5,0.0,-0.0,0.0,-20.8,1.45,271.0,100739.0,True,4,20,116
2020-04-25 21:00:00,12.77,91.6,0.0,-0.0,0.0,-4.2,1.38,292.0,100799.0,True,4,21,116
2020-04-25 22:00:00,12.9,89.3,0.0,-0.0,0.0,-4.4,1.38,306.0,100809.0,True,4,22,116
2020-04-25 23:00:00,12.94,87.05,0.0,-0.0,0.0,5.2,1.45,312.0,100809.0,True,4,23,116
2020-04-26 00:00:00,12.75,86.0,0.0,-0.0,0.0,-1.0,1.79,311.0,100799.0,True,4,0,117
2020-04-26 01:00:00,12.55,85.65,0.0,-0.0,0.0,334.05,1.79,308.0,100779.0,True,4,1,117
2020-04-26 02:00:00,11.88,87.0,0.0,-0.0,0.0,-13.4,1.79,317.0,100719.0,True,4,2,117
2020-04-26 03:00:00,11.77,87.05,0.0,-0.0,0.0,0.0,1.72,322.0,100719.0,True,4,3,117
2020-04-26 04:00:00,11.8,86.7,0.0,-0.0,0.0,3.4,1.66,323.0,100709.0,True,4,4,117
2020-04-26 05:00:00,11.9,85.85,0.0,-0.0,0.0,-2.2,1.59,323.0,100689.0,True,4,5,117
2020-04-26 06:00:00,12.49,83.8,83.0,178.39,56.0,2.6,1.52,328.0,100749.0,True,4,6,117
2020-04-26 07:00:00,13.94,78.8,286.0,511.09,106.0,-2.0,1.59,324.0,100799.0,True,4,7,117
2020-04-26 08:00:00,16.06,68.1,482.0,621.75,147.0,4.2,0.97,298.0,100849.0,True,4,8,117
2020-04-26 09:00:00,17.46,63.55,661.0,702.96,170.0,6.2,0.76,226.0,100888.0,True,4,9,117
2020-04-26 10:00:00,18.75,55.9,795.0,730.19,196.0,-4.8,1.45,209.0,100958.0,True,4,10,117
2020-04-26 11:00:00,18.62,56.35,891.0,782.32,190.0,13.2,1.72,193.0,100938.0,True,4,11,117
2020-04-26 12:00:00,18.75,56.7,925.0,805.0,184.0,5.4,2.28,194.0,100928.0,True,4,12,117
2020-04-26 13:00:00,18.6,59.1,808.0,562.79,306.0,-1.6,2.83,199.0,100918.0,True,4,13,117
2020-04-26 14:00:00,18.55,61.1,773.0,686.8,215.0,12.8,2.34,207.0,100898.0,True,4,14,117
2020-04-26 15:00:00,18.9,60.25,652.0,712.88,162.0,-18.8,2.9,204.0,100888.0,True,4,15,117
2020-04-26 16:00:00,18.5,62.95,483.0,691.19,120.0,-0.2,3.17,211.0,100878.0,True,4,16,117
2020-04-26 17:00:00,17.78,63.7,291.0,637.99,76.0,-11.6,3.17,221.0,100849.0,True,4,17,117
2020-04-26 18:00:00,16.92,65.8,85.0,302.31,44.0,-4.2,2.83,228.0,100829.0,True,4,18,117
2020-04-26 19:00:00,16.37,68.4,0.0,-0.0,0.0,-4.8,1.79,237.0,100829.0,True,4,19,117
2020-04-26 20:00:00,15.09,76.9,0.0,-0.0,0.0,-8.4,1.52,256.0,100918.0,True,4,20,117
2020-04-26 21:00:00,13.97,82.65,0.0,-0.0,0.0,3.6,1.31,278.0,100948.0,True,4,21,117
2020-04-26 22:00:00,13.32,83.15,0.0,-0.0,0.0,-4.0,1.52,285.0,100948.0,True,4,22,117
2020-04-26 23:00:00,13.35,83.2,0.0,-0.0,0.0,13.2,1.79,282.0,100988.0,True,4,23,117
2020-04-27 00:00:00,13.21,83.55,0.0,-0.0,0.0,-1.6,1.66,292.0,100968.0,True,4,0,118
2020-04-27 01:00:00,12.58,84.25,0.0,-0.0,0.0,308.2,1.93,293.0,100948.0,True,4,1,118
2020-04-27 02:00:00,12.59,83.6,0.0,-0.0,0.0,9.0,1.93,295.0,100908.0,True,4,2,118
2020-04-27 03:00:00,12.06,85.1,0.0,-0.0,0.0,-6.8,1.86,296.0,100938.0,True,4,3,118
2020-04-27 04:00:00,12.01,83.65,0.0,-0.0,0.0,8.8,1.86,301.0,100928.0,True,4,4,118
2020-04-27 05:00:00,11.59,84.85,0.0,-0.0,0.0,-6.2,1.79,307.0,100938.0,True,4,5,118
2020-04-27 06:00:00,11.96,81.25,104.0,348.16,50.0,2.6,1.17,310.0,100978.0,True,4,6,118
2020-04-27 07:00:00,13.36,71.85,311.0,638.29,84.0,-20.6,1.31,291.0,101008.0,True,4,7,118
2020-04-27 08:00:00,15.55,62.05,520.0,769.46,103.0,11.2,1.45,250.0,101038.0,True,4,8,118
2020-04-27 09:00:00,17.31,55.0,725.0,931.12,72.0,-3.0,2.07,224.0,101038.0,True,4,9,118
2020-04-27 10:00:00,18.48,48.0,871.0,967.34,75.0,7.4,2.83,218.0,101068.0,True,4,10,118
2020-04-27 11:00:00,18.36,48.65,965.0,995.14,71.0,13.4,3.79,217.0,101038.0,True,4,11,118
2020-04-27 12:00:00,19.17,44.3,943.0,833.48,174.0,14.8,4.55,226.0,101038.0,True,4,12,118
2020-04-27 13:00:00,19.27,43.55,914.0,841.14,162.0,-13.2,5.1,238.0,100988.0,True,4,13,118
2020-04-27 14:00:00,19.09,41.25,868.0,992.05,60.0,4.8,5.45,242.0,100958.0,True,4,14,118
2020-04-27 15:00:00,19.1,42.15,713.0,935.56,68.0,-2.55,5.24,240.0,100888.0,True,4,15,118
2020-04-27 16:00:00,19.3,39.5,487.0,678.81,129.0,3.75,4.76,241.0,100888.0,True,4,16,118
2020-04-27 17:00:00,18.17,43.85,296.0,645.23,77.0,-13.0,4.41,237.0,100908.0,True,4,17,118
2020-04-27 18:00:00,16.92,49.4,90.0,332.61,44.0,-11.0,3.59,237.0,100918.0,True,4,18,118
2020-04-27 19:00:00,15.91,54.05,0.0,-0.0,0.0,-9.6,2.41,241.0,100938.0,True,4,19,118
2020-04-27 20:00:00,14.36,63.1,0.0,-0.0,0.0,-8.8,1.52,254.0,101018.0,True,4,20,118
2020-04-27 21:00:00,13.35,69.6,0.0,-0.0,0.0,2.0,1.59,276.0,101098.0,True,4,21,118
2020-04-27 22:00:00,12.44,74.5,0.0,-0.0,0.0,-2.6,2.07,286.0,101128.0,True,4,22,118
2020-04-27 23:00:00,12.11,74.85,0.0,-0.0,0.0,-1.2,2.07,297.0,101118.0,True,4,23,118
2020-04-28 00:00:00,11.95,73.75,0.0,-0.0,0.0,0.8,2.0,307.0,101138.0,True,4,0,119
2020-04-28 01:00:00,11.34,74.75,0.0,-0.0,0.0,285.4,1.86,319.0,101098.0,True,4,1,119
2020-04-28 02:00:00,10.81,75.7,0.0,-0.0,0.0,-0.55,1.38,327.0,101088.0,True,4,2,119
2020-04-28 03:00:00,11.15,73.6,0.0,-0.0,0.0,17.8,1.17,334.0,101088.0,True,4,3,119
2020-04-28 04:00:00,10.99,73.75,0.0,-0.0,0.0,-2.2,1.17,335.0,101128.0,True,4,4,119
2020-04-28 05:00:00,10.75,74.65,0.0,-0.0,0.0,0.0,0.97,336.0,101138.0,True,4,5,119
2020-04-28 06:00:00,11.23,71.85,53.0,18.9,50.0,10.2,0.97,335.0,101197.0,True,4,6,119
2020-04-28 07:00:00,12.53,65.6,136.0,16.71,130.0,10.4,0.76,337.0,101247.0,True,4,7,119
2020-04-28 08:00:00,15.07,53.55,259.0,42.2,236.0,3.0,0.62,206.0,101307.0,True,4,8,119
2020-04-28 09:00:00,16.35,52.95,501.0,241.46,331.0,9.0,1.38,209.0,101327.0,True,4,9,119
2020-04-28 10:00:00,16.49,54.4,767.0,626.4,250.0,10.2,2.07,206.0,101357.0,True,4,10,119
2020-04-28 11:00:00,18.2,48.05,900.0,787.24,191.0,-15.4,3.03,220.0,101337.0,True,4,11,119
2020-04-28 12:00:00,19.26,42.3,980.0,959.21,93.0,10.8,3.45,227.0,101287.0,True,4,12,119
2020-04-28 13:00:00,20.17,38.95,904.0,816.95,172.0,11.8,3.66,231.0,101247.0,True,4,13,119
2020-04-28 14:00:00,20.63,36.3,852.0,936.98,87.0,-19.4,3.86,231.0,101197.0,True,4,14,119
2020-04-28 15:00:00,20.54,36.4,707.0,915.43,74.0,-7.8,3.86,233.0,101178.0,True,4,15,119
2020-04-28 16:00:00,20.89,35.3,504.0,766.64,98.0,2.2,3.66,239.0,101148.0,True,4,16,119
2020-04-28 17:00:00,20.11,37.6,293.0,614.37,83.0,0.35,3.17,240.0,101188.0,True,4,17,119
2020-04-28 18:00:00,19.32,39.05,91.0,333.41,44.0,-6.4,2.41,245.0,101168.0,True,4,18,119
2020-04-28 19:00:00,18.2,49.15,0.0,-0.0,0.0,-5.0,1.17,262.0,101217.0,True,4,19,119
2020-04-28 20:00:00,16.55,59.7,0.0,-0.0,0.0,0.0,1.31,289.0,101297.0,True,4,20,119
2020-04-28 21:00:00,15.34,63.8,0.0,-0.0,0.0,-6.8,1.72,308.0,101377.0,True,4,21,119
2020-04-28 22:00:00,14.06,69.0,0.0,-0.0,0.0,10.4,1.38,329.0,101407.0,True,4,22,119
2020-04-28 23:00:00,13.12,70.7,0.0,-0.0,0.0,-15.6,1.24,334.0,101447.0,True,4,23,119
2020-04-29 00:00:00,12.87,70.3,0.0,-0.0,0.0,8.6,1.24,335.0,101427.0,True,4,0,120
2020-04-29 01:00:00,12.12,72.25,0.0,-0.0,0.0,303.8,1.17,336.0,101417.0,True,4,1,120
2020-04-29 02:00:00,12.0,72.65,0.0,-0.0,0.0,12.0,1.1,337.0,101387.0,True,4,2,120
2020-04-29 03:00:00,10.96,76.75,0.0,-0.0,0.0,-13.6,0.97,334.0,101397.0,True,4,3,120
2020-04-29 04:00:00,10.62,77.3,0.0,-0.0,0.0,-3.0,1.1,333.0,101437.0,True,4,4,120
2020-04-29 05:00:00,10.24,78.0,0.0,-0.0,0.0,-6.6,1.03,332.0,101467.0,True,4,5,120
2020-04-29 06:00:00,11.17,74.0,109.0,344.91,53.0,4.6,1.17,334.0,101526.0,True,4,6,120
2020-04-29 07:00:00,13.56,60.35,303.0,543.74,106.0,-2.35,1.03,342.0,101596.0,True,4,7,120
2020-04-29 08:00:00,16.31,47.3,491.0,604.03,160.0,19.6,0.34,37.0,101636.0,True,4,8,120
2020-04-29 09:00:00,18.18,45.05,691.0,762.65,152.0,-5.0,0.97,140.0,101676.0,True,4,9,120
2020-04-29 10:00:00,19.67,40.6,823.0,775.58,181.0,21.6,2.07,142.0,101716.0,True,4,10,120
2020-04-29 11:00:00,19.86,41.75,941.0,894.99,133.0,9.8,2.55,162.0,101716.0,True,4,11,120
2020-04-29 12:00:00,20.6,41.25,949.0,836.26,174.0,-12.2,2.62,180.0,101676.0,True,4,12,120
2020-04-29 13:00:00,20.82,41.6,859.0,665.96,261.0,18.2,2.83,197.0,101636.0,True,4,13,120
2020-04-29 14:00:00,21.81,38.15,830.0,834.56,147.0,-29.4,3.17,214.0,101596.0,True,4,14,120
2020-04-29 15:00:00,21.93,36.35,687.0,801.74,131.0,4.0,3.45,216.0,101546.0,True,4,15,120
2020-04-29 16:00:00,21.9,36.25,503.0,737.18,111.0,-5.0,3.38,222.0,101477.0,True,4,16,120
2020-04-29 17:00:00,21.01,38.2,297.0,618.82,84.0,-2.8,3.1,226.0,101477.0,True,4,17,120
2020-04-29 18:00:00,20.16,40.1,96.0,362.07,44.0,-6.0,2.41,232.0,101467.0,True,4,18,120
2020-04-29 19:00:00,19.22,47.95,0.0,-0.0,0.0,4.6,1.38,244.0,101457.0,True,4,19,120
2020-04-29 20:00:00,18.03,52.4,0.0,-0.0,0.0,-8.6,1.24,279.0,101516.0,True,4,20,120
2020-04-29 21:00:00,16.29,64.25,0.0,-0.0,0.0,0.75,1.59,303.0,101566.0,True,4,21,120
2020-04-29 22:00:00,14.94,64.4,0.0,-0.0,0.0,0.2,1.59,322.0,101586.0,True,4,22,120
2020-04-29 23:00:00,14.23,64.6,0.0,-0.0,0.0,-3.6,1.52,321.0,101596.0,True,4,23,120
2020-04-30 00:00:00,13.49,65.1,0.0,-0.0,0.0,-6.0,1.38,321.0,101556.0,True,4,0,121
2020-04-30 01:00:00,12.88,65.2,0.0,-0.0,0.0,291.4,1.24,320.0,101516.0,True,4,1,121
2020-04-30 02:00:00,12.19,65.3,0.0,-0.0,0.0,-1.8,1.24,319.0,101477.0,True,4,2,121
2020-04-30 03:00:00,11.67,66.4,0.0,-0.0,0.0,-0.6,1.31,319.0,101457.0,True,4,3,121
2020-04-30 04:00:00,11.17,68.2,0.0,-0.0,0.0,4.6,1.38,319.0,101427.0,True,4,4,121
2020-04-30 05:00:00,11.05,68.5,0.0,-0.0,0.0,-0.55,1.52,324.0,101407.0,True,4,5,121
2020-04-30 06:00:00,11.84,67.6,112.0,343.64,55.0,-1.2,1.38,328.0,101467.0,True,4,6,121
2020-04-30 07:00:00,13.79,59.15,318.0,618.31,92.0,9.8,1.45,319.0,101497.0,True,4,7,121
2020-04-30 08:00:00,17.27,43.3,393.0,259.58,250.0,2.2,1.17,289.0,101526.0,True,4,8,121
2020-04-30 09:00:00,19.44,37.0,684.0,723.2,171.0,7.0,1.24,252.0,101546.0,True,4,9,121
2020-04-30 10:00:00,21.65,28.1,869.0,922.77,103.0,6.4,0.55,259.0,101566.0,True,4,10,121
2020-04-30 11:00:00,22.76,27.3,971.0,984.6,80.0,-4.4,1.45,211.0,101576.0,True,4,11,121
2020-04-30 12:00:00,23.84,27.3,932.0,775.26,212.0,4.4,2.28,205.0,101526.0,True,4,12,121
2020-04-30 13:00:00,24.7,27.1,935.0,879.03,144.0,3.8,2.76,208.0,101507.0,True,4,13,121
2020-04-30 14:00:00,25.01,27.0,871.0,970.37,75.0,5.8,2.97,215.0,101457.0,True,4,14,121
2020-04-30 15:00:00,24.73,28.45,710.0,884.28,95.0,0.4,2.9,222.0,101397.0,True,4,15,121
2020-04-30 16:00:00,23.2,33.82,523.0,827.87,81.0,6.26,1.82,228.0,101337.0,True,4,16,121
2020-04-30 17:00:00,22.45,36.44,306.0,657.87,78.0,7.81,1.77,230.0,101337.0,True,4,17,121
2020-04-30 18:00:00,21.71,39.07,99.0,382.87,43.0,9.36,1.72,237.0,101347.0,True,4,18,121
2020-04-30 19:00:00,20.96,41.69,0.0,-0.0,0.0,10.91,1.67,255.0,101397.0,True,4,19,121
2020-04-30 20:00:00,20.21,44.32,0.0,-0.0,0.0,12.46,1.62,295.0,101467.0,True,4,20,121
2020-04-30 21:00:00,19.47,46.94,0.0,-0.0,0.0,14.01,1.57,320.0,101536.0,True,4,21,121
2020-04-30 22:00:00,18.72,49.56,0.0,-0.0,0.0,15.56,1.52,336.0,101546.0,True,4,22,121
2020-04-30 23:00:00,17.98,52.19,0.0,-0.0,0.0,17.11,1.47,327.0,101596.0,True,4,23,121
2020-05-01 00:00:00,17.23,54.81,0.0,-0.0,0.0,18.66,1.42,327.0,101576.0,True,5,0,122
2020-05-01 01:00:00,16.48,57.44,0.0,-0.0,0.0,20.21,1.37,330.0,101546.0,True,5,1,122
2020-05-01 02:00:00,15.74,60.06,0.0,-0.0,0.0,21.75,1.32,333.0,101556.0,True,5,2,122
2020-05-01 03:00:00,14.99,62.68,0.0,-0.0,0.0,23.3,1.28,334.0,101576.0,True,5,3,122
2020-05-01 04:00:00,14.24,65.31,0.0,-0.0,0.0,24.85,1.23,333.0,101576.0,True,5,4,122
2020-05-01 05:00:00,13.5,67.93,0.0,-0.0,0.0,26.4,1.18,333.0,101596.0,True,5,5,122
2020-05-01 06:00:00,12.75,70.56,118.0,395.74,51.0,27.95,1.13,334.0,101656.0,True,5,6,122
2020-05-01 07:00:00,12.01,73.18,320.0,626.61,89.0,29.5,1.08,338.0,101716.0,True,5,7,122
2020-05-01 08:00:00,19.84,40.9,514.0,698.92,127.0,9.6,0.55,314.0,101756.0,True,5,8,122
2020-05-01 09:00:00,21.56,38.6,699.0,792.27,135.0,8.0,0.76,209.0,101766.0,True,5,9,122
2020-05-01 10:00:00,23.72,32.85,829.0,796.51,166.0,5.0,0.83,163.0,101766.0,True,5,10,122
2020-05-01 11:00:00,24.68,31.95,897.0,760.75,207.0,5.8,1.1,188.0,101756.0,True,5,11,122
2020-05-01 12:00:00,25.39,31.4,956.0,860.69,155.0,4.6,1.59,197.0,101716.0,True,5,12,122
2020-05-01 13:00:00,25.96,31.6,885.0,744.14,214.0,3.55,2.0,203.0,101696.0,True,5,13,122
2020-05-01 14:00:00,26.45,29.9,789.0,704.23,210.0,2.2,2.34,208.0,101646.0,True,5,14,122
2020-05-01 15:00:00,26.39,30.5,660.0,701.13,171.0,0.6,2.34,213.0,101596.0,True,5,15,122
2020-05-01 16:00:00,26.03,31.2,483.0,638.02,141.0,-1.35,2.21,219.0,101566.0,True,5,16,122
2020-05-01 17:00:00,25.24,34.45,282.0,501.53,107.0,-3.6,2.0,227.0,101586.0,True,5,17,122
2020-05-01 18:00:00,24.25,34.8,99.0,355.97,46.0,-3.2,1.59,235.0,101566.0,True,5,18,122
2020-05-01 19:00:00,23.5,37.6,0.0,-0.0,0.0,-2.35,1.1,253.0,101606.0,True,5,19,122
2020-05-01 20:00:00,21.69,46.8,0.0,-0.0,0.0,-2.8,1.17,297.0,101636.0,True,5,20,122
2020-05-01 21:00:00,20.27,50.9,0.0,-0.0,0.0,-4.0,1.79,314.0,101706.0,True,5,21,122
2020-05-01 22:00:00,19.65,49.6,0.0,-0.0,0.0,-1.0,1.59,319.0,101716.0,True,5,22,122
2020-05-01 23:00:00,19.38,50.35,0.0,-0.0,0.0,-2.0,1.45,317.0,101726.0,True,5,23,122
2020-05-02 00:00:00,18.71,53.05,0.0,-0.0,0.0,-1.6,1.24,316.0,101716.0,True,5,0,123
2020-05-02 01:00:00,17.78,56.25,0.0,-0.0,0.0,318.05,1.24,319.0,101676.0,True,5,1,123
2020-05-02 02:00:00,16.93,60.15,0.0,-0.0,0.0,-2.4,1.1,320.0,101646.0,True,5,2,123
2020-05-02 03:00:00,16.61,61.65,0.0,-0.0,0.0,-1.6,1.03,319.0,101596.0,True,5,3,123
2020-05-02 04:00:00,16.42,62.65,0.0,-0.0,0.0,-0.35,0.97,316.0,101586.0,True,5,4,123
2020-05-02 05:00:00,16.13,63.75,0.0,-0.0,0.0,-2.15,0.9,313.0,101586.0,True,5,5,123
2020-05-02 06:00:00,16.58,60.65,114.0,318.55,59.0,-2.0,1.03,319.0,101636.0,True,5,6,123
2020-05-02 07:00:00,19.94,51.0,308.0,527.31,112.0,5.4,1.1,319.0,101686.0,True,5,7,123
2020-05-02 08:00:00,23.19,42.3,512.0,668.51,140.0,9.8,0.41,232.0,101706.0,True,5,8,123
2020-05-02 09:00:00,24.25,41.45,714.0,830.14,121.0,8.6,1.03,176.0,101736.0,True,5,9,123
2020-05-02 10:00:00,26.15,34.1,849.0,849.52,140.0,5.4,1.59,139.0,101726.0,True,5,10,123
2020-05-02 11:00:00,26.93,31.7,954.0,926.29,112.0,4.8,2.0,148.0,101716.0,True,5,11,123
2020-05-02 12:00:00,27.49,30.35,994.0,968.35,91.0,3.8,2.14,160.0,101696.0,True,5,12,123
2020-05-02 13:00:00,27.77,30.2,912.0,810.16,180.0,2.4,2.21,166.0,101666.0,True,5,13,123
2020-05-02 14:00:00,28.05,29.1,859.0,925.96,96.0,0.6,2.14,172.0,101596.0,True,5,14,123
2020-05-02 15:00:00,27.95,28.35,703.0,853.61,106.0,-1.4,1.93,177.0,101556.0,True,5,15,123
2020-05-02 16:00:00,27.68,27.55,520.0,800.91,89.0,-2.0,1.72,179.0,101497.0,True,5,16,123
2020-05-02 17:00:00,26.88,28.85,303.0,614.91,87.0,-3.2,1.45,180.0,101477.0,True,5,17,123
2020-05-02 18:00:00,26.23,25.4,101.0,356.43,47.0,-3.8,1.03,183.0,101477.0,True,5,18,123
2020-05-02 19:00:00,25.3,25.6,0.0,-0.0,0.0,16.0,0.48,197.0,101497.0,True,5,19,123
2020-05-02 20:00:00,22.56,35.9,0.0,-0.0,0.0,-24.2,0.69,318.0,101516.0,True,5,20,123
2020-05-02 21:00:00,20.65,41.35,0.0,-0.0,0.0,8.0,0.69,324.0,101556.0,True,5,21,123
2020-05-02 22:00:00,18.32,51.2,0.0,-0.0,0.0,-10.2,0.48,321.0,101556.0,True,5,22,123
2020-05-02 23:00:00,17.93,51.45,0.0,-0.0,0.0,-5.4,0.48,319.0,101556.0,True,5,23,123
2020-05-03 00:00:00,17.73,50.65,0.0,-0.0,0.0,-2.4,0.55,325.0,101516.0,True,5,0,124
2020-05-03 01:00:00,17.78,48.5,0.0,-0.0,0.0,317.85,0.55,329.0,101487.0,True,5,1,124
2020-05-03 02:00:00,17.38,48.0,0.0,-0.0,0.0,-3.6,0.41,325.0,101437.0,True,5,2,124
2020-05-03 03:00:00,17.13,47.15,0.0,-0.0,0.0,-3.6,0.48,321.0,101397.0,True,5,3,124
2020-05-03 04:00:00,17.0,46.15,0.0,-0.0,0.0,-3.0,0.62,323.0,101387.0,True,5,4,124
2020-05-03 05:00:00,16.69,48.1,0.0,-0.0,0.0,-2.6,0.69,325.0,101377.0,True,5,5,124
2020-05-03 06:00:00,17.08,50.75,126.0,403.58,55.0,-2.0,0.48,322.0,101397.0,True,5,6,124
2020-05-03 07:00:00,20.15,41.8,321.0,560.49,111.0,2.2,0.62,333.0,101447.0,True,5,7,124
2020-05-03 08:00:00,24.05,31.2,532.0,711.83,134.0,8.0,0.41,109.0,101437.0,True,5,8,124
2020-05-03 09:00:00,25.18,24.75,743.0,894.35,102.0,8.8,1.24,141.0,101447.0,True,5,9,124
2020-05-03 10:00:00,27.49,19.45,891.0,945.36,100.0,6.8,1.52,159.0,101437.0,True,5,10,124
2020-05-03 11:00:00,28.6,19.9,979.0,956.15,108.0,6.2,2.0,157.0,101427.0,True,5,11,124
2020-05-03 12:00:00,29.04,19.7,1014.0,982.52,96.0,4.0,2.21,156.0,101387.0,True,5,12,124
2020-05-03 13:00:00,29.29,20.5,952.0,885.9,150.0,2.2,2.28,150.0,101357.0,True,5,13,124
2020-05-03 14:00:00,29.24,21.4,855.0,858.55,146.0,2.6,2.21,144.0,101317.0,True,5,14,124
2020-05-03 15:00:00,29.32,20.45,712.0,838.45,124.0,-0.15,2.07,137.0,101237.0,True,5,15,124
2020-05-03 16:00:00,29.15,20.95,529.0,797.81,98.0,-1.2,2.0,129.0,101217.0,True,5,16,124
2020-05-03 17:00:00,27.84,21.8,307.0,596.74,96.0,-2.8,1.93,124.0,101178.0,True,5,17,124
2020-05-03 18:00:00,27.05,19.85,106.0,382.86,47.0,-3.8,1.66,113.0,101158.0,True,5,18,124
2020-05-03 19:00:00,24.93,25.0,0.0,-0.0,0.0,-8.2,1.38,90.0,101168.0,True,5,19,124
2020-05-03 20:00:00,22.29,33.0,0.0,-0.0,0.0,-4.2,1.03,52.0,101207.0,True,5,20,124
2020-05-03 21:00:00,21.07,37.15,0.0,-0.0,0.0,-2.6,1.03,24.0,101237.0,True,5,21,124
2020-05-03 22:00:00,19.75,44.0,0.0,-0.0,0.0,-2.2,1.1,6.0,101237.0,True,5,22,124
2020-05-03 23:00:00,18.8,45.1,0.0,-0.0,0.0,-1.35,0.83,1.0,101197.0,True,5,23,124
2020-05-04 00:00:00,18.5,46.9,0.0,-0.0,0.0,-1.15,0.9,3.0,101138.0,True,5,0,125
2020-05-04 01:00:00,18.67,43.25,0.0,-0.0,0.0,315.45,1.31,7.0,101098.0,True,5,1,125
2020-05-04 02:00:00,18.48,39.85,0.0,-0.0,0.0,-1.2,1.66,10.0,101038.0,True,5,2,125
2020-05-04 03:00:00,18.29,36.5,0.0,-0.0,0.0,0.0,1.79,12.0,101038.0,True,5,3,125
2020-05-04 04:00:00,18.19,35.9,0.0,-0.0,0.0,1.0,1.86,13.0,100988.0,True,5,4,125
2020-05-04 05:00:00,17.91,36.05,0.0,-0.0,0.0,-0.6,1.86,13.0,100948.0,True,5,5,125
2020-05-04 06:00:00,19.0,35.9,114.0,273.57,65.0,-1.0,1.59,14.0,100968.0,True,5,6,125
2020-05-04 07:00:00,21.82,31.1,288.0,394.64,139.0,8.8,2.0,19.0,100988.0,True,5,7,125
2020-05-04 08:00:00,25.28,21.65,416.0,304.42,245.0,6.2,2.21,55.0,100998.0,True,5,8,125
2020-05-04 09:00:00,26.68,21.95,655.0,600.81,223.0,7.2,2.76,78.0,100998.0,True,5,9,125
2020-05-04 10:00:00,28.8,16.8,791.0,649.74,246.0,7.6,3.24,105.0,101008.0,True,5,10,125
2020-05-04 11:00:00,29.77,17.1,898.0,738.36,224.0,4.0,3.52,110.0,101018.0,True,5,11,125
2020-05-04 12:00:00,30.12,17.4,921.0,732.82,235.0,4.0,3.31,112.0,101018.0,True,5,12,125
2020-05-04 13:00:00,30.44,17.0,852.0,628.43,282.0,2.8,3.03,114.0,100988.0,True,5,13,125
2020-05-04 14:00:00,30.9,16.25,787.0,673.05,230.0,2.75,2.9,119.0,100958.0,True,5,14,125
2020-05-04 15:00:00,30.91,17.75,652.0,644.22,199.0,-0.55,2.28,129.0,100918.0,True,5,15,125
2020-05-04 16:00:00,29.91,18.6,491.0,636.19,146.0,-2.0,1.66,144.0,100908.0,True,5,16,125
2020-05-04 17:00:00,28.69,23.8,292.0,517.01,108.0,-5.8,1.38,145.0,100898.0,True,5,17,125
2020-05-04 18:00:00,26.68,25.3,99.0,293.58,53.0,-6.8,1.1,148.0,100928.0,True,5,18,125
2020-05-04 19:00:00,25.23,26.75,0.0,-0.0,0.0,-5.6,1.03,178.0,101008.0,True,5,19,125
2020-05-04 20:00:00,23.69,33.0,0.0,-0.0,0.0,-7.0,0.55,179.0,101038.0,True,5,20,125
2020-05-04 21:00:00,22.14,37.2,0.0,-0.0,0.0,-4.0,0.55,208.0,101128.0,True,5,21,125
2020-05-04 22:00:00,20.41,44.9,0.0,-0.0,0.0,-1.2,0.69,246.0,101148.0,True,5,22,125
2020-05-04 23:00:00,19.84,45.6,0.0,-0.0,0.0,0.35,1.1,264.0,101188.0,True,5,23,125
2020-05-05 00:00:00,18.89,50.65,0.0,-0.0,0.0,-3.4,1.03,275.0,101188.0,True,5,0,126
2020-05-05 01:00:00,17.96,54.2,0.0,-0.0,0.0,321.05,1.17,308.0,101098.0,True,5,1,126
2020-05-05 02:00:00,17.6,53.1,0.0,-0.0,0.0,6.0,0.9,314.0,101028.0,True,5,2,126
2020-05-05 03:00:00,17.46,52.2,0.0,-0.0,0.0,0.0,0.62,314.0,100988.0,True,5,3,126
2020-05-05 04:00:00,17.23,50.25,0.0,-0.0,0.0,-8.8,0.76,309.0,100978.0,True,5,4,126
2020-05-05 05:00:00,16.86,50.95,0.0,-0.0,0.0,-3.35,0.76,312.0,101008.0,True,5,5,126
2020-05-05 06:00:00,17.23,49.8,108.0,219.51,68.0,2.6,0.69,316.0,101038.0,True,5,6,126
2020-05-05 07:00:00,19.87,44.6,288.0,389.1,140.0,2.8,0.55,346.0,101098.0,True,5,7,126
2020-05-05 08:00:00,23.34,35.75,511.0,639.82,150.0,9.8,0.83,139.0,101088.0,True,5,8,126
2020-05-05 09:00:00,24.65,33.4,713.0,811.07,128.0,8.4,1.45,157.0,101148.0,True,5,9,126
2020-05-05 10:00:00,25.92,31.5,851.0,844.44,141.0,7.4,1.79,161.0,101148.0,True,5,10,126
2020-05-05 11:00:00,27.0,31.35,945.0,886.67,134.0,6.8,2.41,177.0,101148.0,True,5,11,126
2020-05-05 12:00:00,27.78,30.05,958.0,846.64,164.0,7.0,2.62,186.0,101078.0,True,5,12,126
2020-05-05 13:00:00,28.26,29.2,902.0,774.72,198.0,5.0,2.97,192.0,101068.0,True,5,13,126
2020-05-05 14:00:00,28.65,26.7,842.0,854.93,133.0,2.4,2.83,198.0,100998.0,True,5,14,126
2020-05-05 15:00:00,29.23,26.25,679.0,744.65,154.0,0.2,2.69,207.0,100958.0,True,5,15,126
2020-05-05 16:00:00,28.87,27.2,508.0,718.3,117.0,-3.2,2.76,211.0,100928.0,True,5,16,126
2020-05-05 17:00:00,28.03,29.05,243.0,265.23,148.0,-4.6,2.62,218.0,100918.0,True,5,17,126
2020-05-05 18:00:00,27.53,28.9,89.0,188.38,59.0,-0.6,2.0,220.0,100908.0,True,5,18,126
2020-05-05 19:00:00,26.25,32.6,0.0,-0.0,0.0,-12.8,1.03,223.0,100928.0,True,5,19,126
2020-05-05 20:00:00,23.89,38.4,0.0,-0.0,0.0,-8.8,0.69,250.0,100998.0,True,5,20,126
2020-05-05 21:00:00,22.98,41.25,0.0,-0.0,0.0,-5.0,0.62,329.0,101078.0,True,5,21,126
2020-05-05 22:00:00,21.74,40.9,0.0,-0.0,0.0,-1.4,1.31,358.0,101108.0,True,5,22,126
2020-05-05 23:00:00,20.85,44.2,0.0,-0.0,0.0,-4.2,1.03,350.0,101178.0,True,5,23,126
2020-05-06 00:00:00,19.71,49.4,0.0,-0.0,0.0,-2.6,0.76,357.0,101168.0,True,5,0,127
2020-05-06 01:00:00,17.95,55.85,0.0,-0.0,0.0,321.65,0.48,348.0,101178.0,True,5,1,127
2020-05-06 02:00:00,16.94,59.4,0.0,-0.0,0.0,-2.8,0.83,341.0,101138.0,True,5,2,127
2020-05-06 03:00:00,16.78,60.5,0.0,-0.0,0.0,-3.35,0.97,332.0,101158.0,True,5,3,127
2020-05-06 04:00:00,15.99,63.85,0.0,-0.0,0.0,-3.0,0.83,323.0,101118.0,True,5,4,127
2020-05-06 05:00:00,15.49,65.35,0.0,-0.0,0.0,-2.0,0.83,319.0,101118.0,True,5,5,127
2020-05-06 06:00:00,16.27,63.25,122.0,307.7,65.0,-0.6,0.97,328.0,101118.0,True,5,6,127
2020-05-06 07:00:00,19.02,54.6,318.0,527.29,116.0,5.8,1.31,337.0,101148.0,True,5,7,127
2020-05-06 08:00:00,23.07,37.0,535.0,727.07,123.0,5.4,0.69,40.0,101188.0,True,5,8,127
2020-05-06 09:00:00,24.82,31.25,717.0,804.5,135.0,8.4,1.31,120.0,101207.0,True,5,9,127
2020-05-06 10:00:00,26.02,32.65,855.0,837.75,149.0,6.2,2.0,119.0,101247.0,True,5,10,127
2020-05-06 11:00:00,26.74,33.3,943.0,863.14,152.0,5.8,2.41,130.0,101287.0,True,5,11,127
2020-05-06 12:00:00,26.81,34.35,966.0,853.65,164.0,5.8,2.41,134.0,101257.0,True,5,12,127
2020-05-06 13:00:00,26.83,34.35,926.0,828.24,172.0,8.0,2.48,133.0,101227.0,True,5,13,127
2020-05-06 14:00:00,26.79,35.4,786.0,660.64,237.0,1.2,2.55,135.0,101188.0,True,5,14,127
2020-05-06 15:00:00,26.31,36.6,678.0,724.33,166.0,4.8,2.41,133.0,101158.0,True,5,15,127
2020-05-06 16:00:00,25.77,38.4,475.0,556.41,171.0,-12.8,2.34,127.0,101128.0,True,5,16,127
2020-05-06 17:00:00,24.5,43.25,300.0,540.98,105.0,-5.2,2.21,116.0,101138.0,True,5,17,127
2020-05-06 18:00:00,23.95,42.95,106.0,321.37,54.0,-4.8,2.14,100.0,101108.0,True,5,18,127
2020-05-06 19:00:00,22.72,46.35,0.0,-0.0,0.0,-0.8,1.93,75.0,101168.0,True,5,19,127
2020-05-06 20:00:00,20.65,54.8,0.0,-0.0,0.0,0.2,1.86,55.0,101188.0,True,5,20,127
2020-05-06 21:00:00,19.27,60.1,0.0,-0.0,0.0,-2.4,1.66,47.0,101257.0,True,5,21,127
2020-05-06 22:00:00,18.76,64.6,0.0,-0.0,0.0,-7.0,1.66,45.0,101267.0,True,5,22,127
2020-05-06 23:00:00,18.57,62.3,0.0,-0.0,0.0,2.0,1.79,38.0,101227.0,True,5,23,127
2020-05-07 00:00:00,18.19,60.75,0.0,-0.0,0.0,-0.75,1.79,35.0,101217.0,True,5,0,128
2020-05-07 01:00:00,18.21,57.3,0.0,-0.0,0.0,337.45,1.72,37.0,101168.0,True,5,1,128
2020-05-07 02:00:00,17.31,58.35,0.0,-0.0,0.0,-6.4,1.79,36.0,101148.0,True,5,2,128
2020-05-07 03:00:00,17.07,57.1,0.0,-0.0,0.0,-2.35,1.72,34.0,101128.0,True,5,3,128
2020-05-07 04:00:00,17.13,54.35,0.0,-0.0,0.0,3.2,1.66,29.0,101078.0,True,5,4,128
2020-05-07 05:00:00,17.44,53.35,0.0,-0.0,0.0,4.4,1.72,30.0,101088.0,True,5,5,128
2020-05-07 06:00:00,17.9,50.0,115.0,239.13,70.0,-8.6,2.21,27.0,101098.0,True,5,6,128
2020-05-07 07:00:00,19.79,43.45,252.0,222.95,166.0,-1.8,2.83,37.0,101098.0,True,5,7,128
2020-05-07 08:00:00,21.52,36.8,409.0,277.68,251.0,4.8,3.66,46.0,101068.0,True,5,8,128
2020-05-07 09:00:00,22.8,35.0,555.0,325.28,319.0,9.2,4.34,55.0,101078.0,True,5,9,128
2020-05-07 10:00:00,23.79,32.0,615.0,254.56,400.0,4.6,5.17,63.0,101098.0,True,5,10,128
2020-05-07 11:00:00,24.26,32.8,659.0,231.99,446.0,1.4,5.66,64.0,101108.0,True,5,11,128
2020-05-07 12:00:00,24.55,33.35,616.0,156.2,469.0,1.4,6.28,63.0,101078.0,True,5,12,128
2020-05-07 13:00:00,24.79,31.35,773.0,444.1,368.0,0.0,6.34,64.0,101008.0,True,5,13,128
2020-05-07 14:00:00,24.28,30.5,708.0,461.16,324.0,1.0,6.0,68.0,101058.0,True,5,14,128
2020-05-07 15:00:00,24.24,29.6,636.0,587.02,220.0,-0.4,5.66,71.0,101058.0,True,5,15,128
2020-05-07 16:00:00,23.55,30.15,352.0,182.36,252.0,-1.55,5.45,67.0,101078.0,True,5,16,128
2020-05-07 17:00:00,22.52,32.5,156.0,35.84,143.0,-9.4,5.24,61.0,101098.0,True,5,17,128
2020-05-07 18:00:00,21.73,33.65,42.0,6.08,41.0,5.2,4.9,51.0,101058.0,True,5,18,128
2020-05-07 19:00:00,21.02,33.95,0.0,-0.0,0.0,-23.8,3.72,43.0,101078.0,True,5,19,128
2020-05-07 20:00:00,20.25,36.65,0.0,-0.0,0.0,-2.75,3.17,41.0,101148.0,True,5,20,128
2020-05-07 21:00:00,19.39,39.5,0.0,-0.0,0.0,-3.4,2.55,37.0,101217.0,True,5,21,128
2020-05-07 22:00:00,18.84,37.1,0.0,-0.0,0.0,8.0,2.14,33.0,101227.0,True,5,22,128
2020-05-07 23:00:00,18.59,37.85,0.0,-0.0,0.0,13.0,1.86,25.0,101227.0,True,5,23,128
2020-05-08 00:00:00,18.33,38.15,0.0,-0.0,0.0,6.2,1.38,19.0,101227.0,True,5,0,129
2020-05-08 01:00:00,17.95,41.05,0.0,-0.0,0.0,344.25,1.31,16.0,101217.0,True,5,1,129
2020-05-08 02:00:00,17.4,42.3,0.0,-0.0,0.0,-1.15,1.31,23.0,101138.0,True,5,2,129
2020-05-08 03:00:00,16.41,45.9,0.0,-0.0,0.0,-32.2,1.52,17.0,101088.0,True,5,3,129
2020-05-08 04:00:00,16.3,46.1,0.0,-0.0,0.0,-0.35,1.52,19.0,101068.0,True,5,4,129
2020-05-08 05:00:00,15.58,48.3,0.0,-0.0,0.0,-5.6,1.45,22.0,101098.0,True,5,5,129
2020-05-08 06:00:00,16.2,46.85,129.0,345.49,63.0,1.0,0.97,27.0,101158.0,True,5,6,129
2020-05-08 07:00:00,18.24,43.15,306.0,448.12,132.0,11.0,1.79,49.0,101168.0,True,5,7,129
2020-05-08 08:00:00,20.4,37.65,483.0,511.13,191.0,7.8,2.28,60.0,101158.0,True,5,8,129
2020-05-08 09:00:00,21.74,38.2,635.0,531.93,248.0,6.6,2.48,88.0,101168.0,True,5,9,129
2020-05-08 10:00:00,23.16,37.95,847.0,823.48,150.0,11.0,2.07,98.0,101178.0,True,5,10,129
2020-05-08 11:00:00,23.78,38.55,934.0,848.02,154.0,8.8,2.28,113.0,101178.0,True,5,11,129
2020-05-08 12:00:00,23.99,41.0,951.0,824.24,174.0,-2.2,2.76,121.0,101178.0,True,5,12,129
2020-05-08 13:00:00,24.39,40.45,901.0,769.54,198.0,3.8,2.28,125.0,101158.0,True,5,13,129
2020-05-08 14:00:00,24.41,41.6,828.0,803.05,158.0,3.6,2.21,125.0,101098.0,True,5,14,129
2020-05-08 15:00:00,24.29,42.85,687.0,767.13,142.0,0.75,2.07,148.0,101058.0,True,5,15,129
2020-05-08 16:00:00,24.31,43.1,499.0,661.4,135.0,-4.8,1.86,145.0,101028.0,True,5,16,129
2020-05-08 17:00:00,22.75,49.35,245.0,257.58,151.0,-1.6,2.07,161.0,101088.0,True,5,17,129
2020-05-08 18:00:00,20.86,56.75,10.0,0.0,10.0,1.35,2.21,172.0,101168.0,True,5,18,129
2020-05-08 19:00:00,19.36,63.4,0.0,-0.0,0.0,-5.4,1.45,174.0,101168.0,True,5,19,129
2020-05-08 20:00:00,18.47,69.95,0.0,-0.0,0.0,-3.0,0.69,180.0,101158.0,True,5,20,129
2020-05-08 21:00:00,17.6,74.65,0.0,-0.0,0.0,-0.2,0.83,196.0,101207.0,True,5,21,129
2020-05-08 22:00:00,17.2,81.05,0.0,-0.0,0.0,-2.35,2.14,202.0,101387.0,True,5,22,129
2020-05-08 23:00:00,16.83,83.55,0.0,-0.0,0.0,-1.2,1.45,237.0,101307.0,True,5,23,129
2020-05-09 00:00:00,16.92,83.55,0.0,-0.0,0.0,3.2,1.03,317.0,101138.0,True,5,0,130
2020-05-09 01:00:00,17.18,81.6,0.0,-0.0,0.0,346.85,0.76,300.0,101058.0,True,5,1,130
2020-05-09 02:00:00,16.89,82.6,0.0,-0.0,0.0,-3.0,1.1,213.0,101078.0,True,5,2,130
2020-05-09 03:00:00,16.8,84.85,0.0,-0.0,0.0,-9.2,1.24,225.0,101068.0,True,5,3,130
2020-05-09 04:00:00,16.44,85.5,0.0,-0.0,0.0,-4.8,1.17,270.0,100948.0,True,5,4,130
2020-05-09 05:00:00,16.25,86.2,0.0,-0.0,0.0,-16.2,1.17,271.0,100928.0,True,5,5,130
2020-05-09 06:00:00,16.26,85.15,136.0,376.67,63.0,-5.8,2.0,250.0,100948.0,True,5,6,130
2020-05-09 07:00:00,18.22,72.2,325.0,522.05,121.0,17.0,1.79,258.0,100908.0,True,5,7,130
2020-05-09 08:00:00,20.54,54.6,534.0,692.27,137.0,3.6,1.86,223.0,100938.0,True,5,8,130
2020-05-09 09:00:00,21.86,44.4,693.0,693.65,187.0,1.6,2.41,194.0,100918.0,True,5,9,130
2020-05-09 10:00:00,22.98,39.9,810.0,679.13,234.0,3.6,2.9,190.0,100998.0,True,5,10,130
2020-05-09 11:00:00,23.38,35.7,923.0,785.78,199.0,4.4,3.52,198.0,100968.0,True,5,11,130
2020-05-09 12:00:00,24.22,30.75,792.0,413.05,402.0,-1.4,4.48,207.0,100898.0,True,5,12,130
2020-05-09 13:00:00,24.77,26.65,870.0,656.79,269.0,-6.6,4.76,212.0,100839.0,True,5,13,130
2020-05-09 14:00:00,25.07,24.4,786.0,648.39,244.0,-4.8,4.9,214.0,100749.0,True,5,14,130
2020-05-09 15:00:00,24.44,24.9,669.0,672.57,190.0,-5.8,4.9,218.0,100669.0,True,5,15,130
2020-05-09 16:00:00,24.24,24.15,515.0,706.13,125.0,-5.8,4.83,222.0,100599.0,True,5,16,130
2020-05-09 17:00:00,23.28,25.75,197.0,100.78,160.0,-5.0,4.48,226.0,100549.0,True,5,17,130
2020-05-09 18:00:00,22.09,30.6,90.0,153.52,64.0,-4.4,3.79,230.0,100520.0,True,5,18,130
2020-05-09 19:00:00,20.76,37.15,0.0,-0.0,0.0,-6.0,2.9,236.0,100520.0,True,5,19,130
2020-05-09 20:00:00,19.38,43.6,0.0,-0.0,0.0,-2.2,2.21,247.0,100530.0,True,5,20,130
2020-05-09 21:00:00,18.4,46.55,0.0,-0.0,0.0,1.8,1.66,257.0,100559.0,True,5,21,130
2020-05-09 22:00:00,17.51,46.15,0.0,-0.0,0.0,10.0,1.38,249.0,100579.0,True,5,22,130
2020-05-09 23:00:00,17.33,47.6,0.0,-0.0,0.0,14.8,1.52,243.0,100549.0,True,5,23,130
2020-05-10 00:00:00,16.86,51.6,0.0,-0.0,0.0,5.0,1.52,254.0,100520.0,True,5,0,131
2020-05-10 01:00:00,16.57,55.35,0.0,-0.0,0.0,332.25,1.59,253.0,100480.0,True,5,1,131
2020-05-10 02:00:00,16.32,58.85,0.0,-0.0,0.0,-3.6,2.0,253.0,100500.0,True,5,2,131
2020-05-10 03:00:00,15.81,64.1,0.0,-0.0,0.0,-13.8,2.14,260.0,100490.0,True,5,3,131
2020-05-10 04:00:00,15.56,66.25,0.0,-0.0,0.0,5.2,1.93,254.0,100480.0,True,5,4,131
2020-05-10 05:00:00,14.83,71.3,0.0,-0.0,0.0,-5.4,2.21,249.0,100510.0,True,5,5,131
2020-05-10 06:00:00,14.66,70.3,142.0,412.25,61.0,-9.4,2.55,254.0,100520.0,True,5,6,131
2020-05-10 07:00:00,15.53,60.85,339.0,590.09,107.0,-8.4,3.03,262.0,100579.0,True,5,7,131
2020-05-10 08:00:00,17.24,46.7,555.0,776.59,108.0,4.4,3.38,258.0,100609.0,True,5,8,131
2020-05-10 09:00:00,18.51,39.85,751.0,903.81,90.0,16.4,3.72,248.0,100629.0,True,5,9,131
2020-05-10 10:00:00,19.94,33.25,869.0,856.66,141.0,-5.8,4.76,244.0,100649.0,True,5,10,131
2020-05-10 11:00:00,20.0,34.1,957.0,883.07,142.0,8.8,4.55,248.0,100639.0,True,5,11,131
2020-05-10 12:00:00,20.54,32.65,916.0,692.62,261.0,7.8,4.76,246.0,100609.0,True,5,12,131
2020-05-10 13:00:00,20.48,33.65,923.0,800.84,189.0,-4.6,4.9,244.0,100609.0,True,5,13,131
2020-05-10 14:00:00,20.25,36.65,830.0,774.93,181.0,-4.0,5.31,247.0,100579.0,True,5,14,131
2020-05-10 15:00:00,20.27,39.25,725.0,878.25,98.0,8.2,5.38,255.0,100579.0,True,5,15,131
2020-05-10 16:00:00,19.03,43.4,437.0,387.92,222.0,3.0,5.1,250.0,100579.0,True,5,16,131
2020-05-10 17:00:00,18.09,48.8,265.0,319.48,147.0,-4.8,4.76,248.0,100609.0,True,5,17,131
2020-05-10 18:00:00,17.81,46.3,77.0,75.65,64.0,-11.0,4.28,247.0,100609.0,True,5,18,131
2020-05-10 19:00:00,17.3,45.7,0.0,-0.0,0.0,11.2,3.17,249.0,100689.0,True,5,19,131
2020-05-10 20:00:00,16.29,52.05,0.0,-0.0,0.0,-15.4,2.48,249.0,100719.0,True,5,20,131
2020-05-10 21:00:00,15.38,56.6,0.0,-0.0,0.0,5.2,2.0,254.0,100779.0,True,5,21,131
2020-05-10 22:00:00,14.61,63.05,0.0,-0.0,0.0,-12.4,1.72,255.0,100789.0,True,5,22,131
2020-05-10 23:00:00,14.08,65.65,0.0,-0.0,0.0,0.6,1.52,256.0,100779.0,True,5,23,131
2020-05-11 00:00:00,13.92,67.2,0.0,-0.0,0.0,5.2,1.52,257.0,100749.0,True,5,0,132
2020-05-11 01:00:00,13.67,67.75,0.0,-0.0,0.0,313.45,1.45,262.0,100739.0,True,5,1,132
2020-05-11 02:00:00,13.07,69.4,0.0,-0.0,0.0,-3.6,1.45,270.0,100699.0,True,5,2,132
2020-05-11 03:00:00,12.57,70.65,0.0,-0.0,0.0,-8.6,1.72,277.0,100709.0,True,5,3,132
2020-05-11 04:00:00,12.33,70.5,0.0,-0.0,0.0,5.0,2.0,277.0,100719.0,True,5,4,132
2020-05-11 05:00:00,11.79,71.9,0.0,0.0,0.0,-8.0,1.79,277.0,100739.0,True,5,5,132
2020-05-11 06:00:00,13.07,64.25,151.0,477.2,56.0,-4.0,1.38,278.0,100789.0,True,5,6,132
2020-05-11 07:00:00,15.2,55.35,348.0,624.58,101.0,-5.8,1.66,253.0,100829.0,True,5,7,132
2020-05-11 08:00:00,17.94,44.3,556.0,758.27,118.0,6.2,2.28,235.0,100849.0,True,5,8,132
2020-05-11 09:00:00,19.46,42.4,743.0,851.12,119.0,5.8,2.9,227.0,100888.0,True,5,9,132
2020-05-11 10:00:00,20.89,38.25,862.0,818.63,165.0,8.8,3.45,222.0,100898.0,True,5,10,132
2020-05-11 11:00:00,21.69,36.45,976.0,924.92,121.0,11.8,4.76,224.0,100928.0,True,5,11,132
2020-05-11 12:00:00,21.88,36.7,998.0,915.42,131.0,19.4,5.38,224.0,100908.0,True,5,12,132
2020-05-11 13:00:00,21.8,39.05,936.0,824.63,179.0,1.4,5.52,229.0,100868.0,True,5,13,132
2020-05-11 14:00:00,22.25,37.55,857.0,845.02,148.0,-9.4,5.52,232.0,100839.0,True,5,14,132
2020-05-11 15:00:00,22.77,37.95,713.0,811.88,132.0,-0.6,5.38,236.0,100769.0,True,5,15,132
2020-05-11 16:00:00,23.19,37.35,546.0,825.3,87.0,-3.0,4.97,239.0,100719.0,True,5,16,132
2020-05-11 17:00:00,22.69,36.25,315.0,559.86,107.0,0.55,4.07,242.0,100679.0,True,5,17,132
2020-05-11 18:00:00,21.74,36.9,116.0,327.04,59.0,-3.2,3.03,243.0,100629.0,True,5,18,132
2020-05-11 19:00:00,21.15,35.95,0.0,-0.0,0.0,-4.2,2.07,240.0,100679.0,True,5,19,132
2020-05-11 20:00:00,19.24,43.9,0.0,-0.0,0.0,-7.8,1.24,245.0,100729.0,True,5,20,132
2020-05-11 21:00:00,17.58,48.95,0.0,-0.0,0.0,-6.8,1.1,274.0,100809.0,True,5,21,132
2020-05-11 22:00:00,15.99,58.4,0.0,-0.0,0.0,-1.6,1.17,284.0,100779.0,True,5,22,132
2020-05-11 23:00:00,15.38,58.85,0.0,-0.0,0.0,4.8,1.17,306.0,100759.0,True,5,23,132
2020-05-12 00:00:00,14.54,60.35,0.0,-0.0,0.0,-3.0,0.97,327.0,100709.0,True,5,0,133
2020-05-12 01:00:00,14.78,59.1,0.0,-0.0,0.0,318.25,0.62,354.0,100669.0,True,5,1,133
2020-05-12 02:00:00,14.87,60.0,0.0,-0.0,0.0,16.4,0.69,294.0,100689.0,True,5,2,133
2020-05-12 03:00:00,15.61,60.95,0.0,-0.0,0.0,15.4,0.9,339.0,100629.0,True,5,3,133
2020-05-12 04:00:00,14.62,65.4,0.0,-0.0,0.0,-19.6,0.97,357.0,100540.0,True,5,4,133
2020-05-12 05:00:00,14.31,68.9,0.0,0.0,0.0,-1.55,1.31,23.0,100460.0,True,5,5,133
2020-05-12 06:00:00,15.18,66.75,48.0,0.0,48.0,9.6,0.97,47.0,100480.0,True,5,6,133
2020-05-12 07:00:00,16.38,62.55,209.0,90.52,173.0,-14.2,1.17,68.0,100520.0,True,5,7,133
2020-05-12 08:00:00,17.17,60.45,134.0,0.0,134.0,9.6,2.0,82.0,100500.0,True,5,8,133
2020-05-12 09:00:00,16.68,64.15,119.0,0.0,119.0,12.4,1.45,110.0,100540.0,True,5,9,133
2020-05-12 10:00:00,16.74,63.85,112.0,0.0,112.0,4.2,1.72,212.0,100579.0,True,5,10,133
2020-05-12 11:00:00,16.59,62.3,130.0,0.0,130.0,0.2,2.48,253.0,100559.0,True,5,11,133
2020-05-12 12:00:00,16.19,60.05,153.0,0.0,153.0,9.0,3.03,276.0,100530.0,True,5,12,133
2020-05-12 13:00:00,16.05,57.55,451.0,39.16,415.0,6.0,2.62,247.0,100490.0,True,5,13,133
2020-05-12 14:00:00,17.46,48.2,671.0,368.81,361.0,-10.6,2.76,216.0,100480.0,True,5,14,133
2020-05-12 15:00:00,17.69,47.75,664.0,659.42,191.0,-19.4,3.86,211.0,100480.0,True,5,15,133
2020-05-12 16:00:00,17.88,45.0,504.0,652.26,140.0,-24.2,4.62,218.0,100480.0,True,5,16,133
2020-05-12 17:00:00,17.32,43.95,324.0,639.59,85.0,-9.6,4.69,224.0,100450.0,True,5,17,133
2020-05-12 18:00:00,16.16,46.85,123.0,396.1,53.0,-3.0,4.21,228.0,100450.0,True,5,18,133
2020-05-12 19:00:00,14.96,53.1,0.0,-0.0,0.0,-2.2,3.24,228.0,100480.0,True,5,19,133
2020-05-12 20:00:00,13.63,61.45,0.0,-0.0,0.0,-5.2,2.62,235.0,100540.0,True,5,20,133
2020-05-12 21:00:00,12.77,66.3,0.0,-0.0,0.0,-7.0,2.07,242.0,100579.0,True,5,21,133
2020-05-12 22:00:00,11.84,72.55,0.0,-0.0,0.0,-3.0,1.45,255.0,100579.0,True,5,22,133
2020-05-12 23:00:00,11.51,74.5,0.0,-0.0,0.0,2.35,1.52,259.0,100569.0,True,5,23,133
2020-05-13 00:00:00,10.96,75.25,0.0,-0.0,0.0,1.0,1.52,273.0,100540.0,True,5,0,134
2020-05-13 01:00:00,10.54,77.15,0.0,-0.0,0.0,284.0,1.66,264.0,100520.0,True,5,1,134
2020-05-13 02:00:00,10.21,78.8,0.0,-0.0,0.0,-1.2,1.66,259.0,100500.0,True,5,2,134
2020-05-13 03:00:00,9.94,79.3,0.0,-0.0,0.0,-2.75,1.66,261.0,100510.0,True,5,3,134
2020-05-13 04:00:00,9.86,78.75,0.0,-0.0,0.0,2.2,1.66,267.0,100500.0,True,5,4,134
2020-05-13 05:00:00,9.63,78.5,0.0,0.0,0.0,-2.6,1.86,273.0,100520.0,True,5,5,134
2020-05-13 06:00:00,11.03,70.35,159.0,509.78,55.0,4.2,1.38,277.0,100530.0,True,5,6,134
2020-05-13 07:00:00,12.61,61.25,367.0,697.78,88.0,1.4,1.52,251.0,100559.0,True,5,7,134
2020-05-13 08:00:00,15.38,51.0,586.0,863.33,84.0,3.4,2.14,228.0,100569.0,True,5,8,134
2020-05-13 09:00:00,16.97,45.85,769.0,917.81,93.0,1.2,2.62,213.0,100549.0,True,5,9,134
2020-05-13 10:00:00,18.34,42.2,916.0,967.87,89.0,2.75,3.17,205.0,100579.0,True,5,10,134
2020-05-13 11:00:00,19.28,37.4,1013.0,1012.72,74.0,4.0,3.93,213.0,100540.0,True,5,11,134
2020-05-13 12:00:00,19.76,34.35,1025.0,967.55,106.0,2.6,4.14,216.0,100480.0,True,5,12,134
2020-05-13 13:00:00,20.72,30.45,999.0,992.65,85.0,4.8,4.28,213.0,100390.0,True,5,13,134
2020-05-13 14:00:00,21.25,26.9,895.0,945.35,99.0,0.75,4.34,211.0,100320.0,True,5,14,134
2020-05-13 15:00:00,21.53,24.9,728.0,830.38,131.0,-1.35,4.48,210.0,100260.0,True,5,15,134
2020-05-13 16:00:00,21.54,24.45,554.0,823.32,93.0,-4.8,4.07,214.0,100201.0,True,5,16,134
2020-05-13 17:00:00,20.82,26.3,337.0,662.57,88.0,22.8,3.52,217.0,100141.0,True,5,17,134
2020-05-13 18:00:00,19.67,29.45,133.0,463.34,50.0,-9.6,2.9,222.0,100091.0,True,5,18,134
2020-05-13 19:00:00,18.48,32.8,0.0,-0.0,0.0,-1.0,2.14,224.0,100091.0,True,5,19,134
2020-05-13 20:00:00,17.35,37.5,0.0,-0.0,0.0,8.0,1.86,236.0,100101.0,True,5,20,134
2020-05-13 21:00:00,15.94,43.8,0.0,-0.0,0.0,-8.6,1.93,226.0,100181.0,True,5,21,134
2020-05-13 22:00:00,15.07,49.05,0.0,-0.0,0.0,33.4,2.41,234.0,100240.0,True,5,22,134
2020-05-13 23:00:00,13.29,64.6,0.0,-0.0,0.0,6.0,3.17,222.0,100340.0,True,5,23,134
2020-05-14 00:00:00,12.13,78.2,0.0,-0.0,0.0,-1.2,2.76,228.0,100360.0,True,5,0,135
2020-05-14 01:00:00,12.02,84.6,0.0,-0.0,0.0,341.65,2.34,236.0,100260.0,True,5,1,135
2020-05-14 02:00:00,11.63,87.0,0.0,-0.0,0.0,0.35,2.34,229.0,100260.0,True,5,2,135
2020-05-14 03:00:00,11.68,88.0,0.0,-0.0,0.0,-5.4,2.48,245.0,100260.0,True,5,3,135
2020-05-14 04:00:00,11.73,87.85,0.0,-0.0,0.0,-4.2,2.34,250.0,100250.0,True,5,4,135
2020-05-14 05:00:00,11.51,87.2,0.0,0.0,0.0,-1.6,2.14,249.0,100290.0,True,5,5,135
2020-05-14 06:00:00,11.67,86.5,158.0,489.47,57.0,-13.6,2.55,243.0,100360.0,True,5,6,135
2020-05-14 07:00:00,12.01,80.4,355.0,629.52,102.0,-8.2,3.1,240.0,100410.0,True,5,7,135
2020-05-14 08:00:00,14.36,64.7,555.0,732.07,128.0,-10.6,3.72,241.0,100410.0,True,5,8,135
2020-05-14 09:00:00,15.29,56.65,736.0,804.75,142.0,6.6,4.62,236.0,100490.0,True,5,9,135
2020-05-14 10:00:00,16.55,51.25,904.0,948.73,92.0,8.6,5.45,241.0,100510.0,True,5,10,135
2020-05-14 11:00:00,16.79,47.15,979.0,925.12,120.0,5.6,5.38,234.0,100599.0,True,5,11,135
2020-05-14 12:00:00,17.28,44.95,996.0,898.94,141.0,3.8,5.72,233.0,100579.0,True,5,12,135
2020-05-14 13:00:00,17.52,43.7,929.0,792.75,198.0,-17.8,5.72,240.0,100540.0,True,5,13,135
2020-05-14 14:00:00,18.27,41.7,832.0,754.03,196.0,0.8,5.31,242.0,100470.0,True,5,14,135
2020-05-14 15:00:00,18.53,41.1,695.0,724.43,173.0,-4.8,5.24,238.0,100480.0,True,5,15,135
2020-05-14 16:00:00,18.11,41.35,518.0,667.52,143.0,-3.15,4.9,230.0,100480.0,True,5,16,135
2020-05-14 17:00:00,17.42,42.8,305.0,473.65,126.0,5.8,4.48,221.0,100520.0,True,5,17,135
2020-05-14 18:00:00,16.98,42.05,115.0,269.94,66.0,-6.6,3.79,216.0,100569.0,True,5,18,135
2020-05-14 19:00:00,16.19,45.35,0.0,-0.0,0.0,-9.2,2.69,218.0,100629.0,True,5,19,135
2020-05-14 20:00:00,15.13,52.2,0.0,-0.0,0.0,4.0,2.0,226.0,100669.0,True,5,20,135
2020-05-14 21:00:00,13.73,59.7,0.0,-0.0,0.0,4.4,1.66,242.0,100729.0,True,5,21,135
2020-05-14 22:00:00,12.36,66.35,0.0,-0.0,0.0,-7.2,1.38,227.0,100769.0,True,5,22,135
2020-05-14 23:00:00,12.21,66.6,0.0,-0.0,0.0,1.6,1.45,228.0,100789.0,True,5,23,135
2020-05-15 00:00:00,11.9,69.05,0.0,-0.0,0.0,6.6,1.38,251.0,100759.0,True,5,0,136
2020-05-15 01:00:00,11.99,68.9,0.0,-0.0,0.0,324.05,1.38,295.0,100689.0,True,5,1,136
2020-05-15 02:00:00,11.45,70.35,0.0,-0.0,0.0,-2.8,1.45,291.0,100689.0,True,5,2,136
2020-05-15 03:00:00,11.42,72.7,0.0,-0.0,0.0,5.8,1.1,293.0,100719.0,True,5,3,136
2020-05-15 04:00:00,10.87,77.3,0.0,-0.0,0.0,-2.35,0.76,291.0,100769.0,True,5,4,136
2020-05-15 05:00:00,10.91,78.95,0.0,0.0,0.0,2.0,0.69,275.0,100789.0,True,5,5,136
2020-05-15 06:00:00,10.75,81.35,23.0,0.0,23.0,3.2,0.9,255.0,100859.0,True,5,6,136
2020-05-15 07:00:00,11.32,80.8,155.0,17.33,148.0,6.0,0.97,224.0,100928.0,True,5,7,136
2020-05-15 08:00:00,13.07,65.85,396.0,218.8,268.0,-14.6,0.83,232.0,100958.0,True,5,8,136
2020-05-15 09:00:00,14.14,62.0,188.0,0.0,188.0,11.8,0.69,204.0,100968.0,True,5,9,136
2020-05-15 10:00:00,14.67,60.15,117.0,0.0,117.0,1.4,0.62,148.0,100928.0,True,5,10,136
2020-05-15 11:00:00,15.28,58.25,135.0,0.0,135.0,-5.8,1.45,117.0,100948.0,True,5,11,136
2020-05-15 12:00:00,14.62,61.2,410.0,15.75,395.0,15.2,1.66,133.0,100958.0,True,5,12,136
2020-05-15 13:00:00,14.65,64.7,134.0,0.0,134.0,6.0,2.14,127.0,100948.0,True,5,13,136
2020-05-15 14:00:00,15.02,62.45,669.0,353.89,370.0,-2.8,1.66,135.0,100928.0,True,5,14,136
2020-05-15 15:00:00,15.77,58.6,677.0,679.9,186.0,-15.6,1.24,134.0,100888.0,True,5,15,136
2020-05-15 16:00:00,16.09,55.9,409.0,292.76,244.0,-0.75,1.03,154.0,100898.0,True,5,16,136
2020-05-15 17:00:00,15.53,55.35,299.0,447.36,129.0,14.2,0.9,154.0,100859.0,True,5,17,136
2020-05-15 18:00:00,14.99,57.6,131.0,418.73,54.0,2.8,1.1,157.0,100878.0,True,5,18,136
2020-05-15 19:00:00,14.67,60.0,0.0,-0.0,0.0,-36.8,1.03,164.0,100918.0,True,5,19,136
2020-05-15 20:00:00,13.35,72.45,0.0,-0.0,0.0,-4.2,0.34,172.0,100998.0,True,5,20,136
2020-05-15 21:00:00,13.11,65.55,0.0,-0.0,0.0,8.0,0.69,79.0,101068.0,True,5,21,136
2020-05-15 22:00:00,12.27,81.45,0.0,-0.0,0.0,12.0,1.38,155.0,101128.0,True,5,22,136
2020-05-15 23:00:00,11.63,87.3,0.0,-0.0,0.0,-12.0,0.14,310.0,101128.0,True,5,23,136
2020-05-16 00:00:00,12.03,84.15,0.0,-0.0,0.0,25.2,0.28,9.0,101128.0,True,5,0,137
2020-05-16 01:00:00,12.44,82.15,0.0,-0.0,0.0,353.85,0.62,358.0,101068.0,True,5,1,137
2020-05-16 02:00:00,12.23,83.65,0.0,-0.0,0.0,-3.6,0.76,351.0,101028.0,True,5,2,137
2020-05-16 03:00:00,12.21,84.15,0.0,-0.0,0.0,-13.4,0.76,337.0,101008.0,True,5,3,137
2020-05-16 04:00:00,11.85,85.3,0.0,-0.0,0.0,-9.4,0.97,353.0,101018.0,True,5,4,137
2020-05-16 05:00:00,12.38,82.1,0.0,0.0,0.0,26.2,1.1,6.0,101058.0,True,5,5,137
2020-05-16 06:00:00,12.43,79.25,114.0,142.35,84.0,-21.8,0.9,3.0,101138.0,True,5,6,137
2020-05-16 07:00:00,12.92,75.45,293.0,320.38,163.0,-5.2,0.62,1.0,101207.0,True,5,7,137
2020-05-16 08:00:00,14.65,67.6,421.0,274.44,260.0,7.0,0.69,49.0,101227.0,True,5,8,137
2020-05-16 09:00:00,16.17,60.55,554.0,295.51,335.0,-7.4,1.1,78.0,101267.0,True,5,9,137
2020-05-16 10:00:00,17.64,53.95,664.0,320.31,389.0,0.35,1.31,126.0,101317.0,True,5,10,137
2020-05-16 11:00:00,16.94,56.45,607.0,155.74,462.0,15.6,1.66,151.0,101377.0,True,5,11,137
2020-05-16 12:00:00,17.09,59.25,935.0,740.38,229.0,-0.75,1.59,156.0,101347.0,True,5,12,137
2020-05-16 13:00:00,16.17,63.95,750.0,375.27,403.0,8.8,1.59,144.0,101337.0,True,5,13,137
2020-05-16 14:00:00,16.61,61.1,270.0,1.18,269.0,3.6,1.24,156.0,101327.0,True,5,14,137
2020-05-16 15:00:00,16.54,59.8,682.0,693.62,180.0,-19.8,1.66,180.0,101337.0,True,5,15,137
2020-05-16 16:00:00,16.19,61.8,524.0,702.15,127.0,14.2,1.79,192.0,101347.0,True,5,16,137
2020-05-16 17:00:00,15.97,65.15,327.0,599.36,98.0,-8.4,1.86,185.0,101347.0,True,5,17,137
2020-05-16 18:00:00,15.32,67.1,47.0,0.0,47.0,-11.0,1.31,174.0,101397.0,True,5,18,137
2020-05-16 19:00:00,15.22,67.25,0.0,-0.0,0.0,6.8,0.83,172.0,101467.0,True,5,19,137
2020-05-16 20:00:00,14.32,79.45,0.0,-0.0,0.0,-5.6,0.55,137.0,101536.0,True,5,20,137
2020-05-16 21:00:00,13.65,84.85,0.0,-0.0,0.0,-15.4,0.34,175.0,101576.0,True,5,21,137
2020-05-16 22:00:00,12.67,82.35,0.0,-0.0,0.0,-6.2,0.07,28.0,101676.0,True,5,22,137
2020-05-16 23:00:00,12.82,84.6,0.0,-0.0,0.0,16.2,0.07,322.0,101676.0,True,5,23,137
2020-05-17 00:00:00,12.99,85.55,0.0,-0.0,0.0,3.0,0.21,328.0,101686.0,True,5,0,138
2020-05-17 01:00:00,12.98,86.0,0.0,-0.0,0.0,328.25,0.34,313.0,101606.0,True,5,1,138
2020-05-17 02:00:00,12.73,86.25,0.0,-0.0,0.0,-12.4,0.34,323.0,101566.0,True,5,2,138
2020-05-17 03:00:00,12.22,89.35,0.0,-0.0,0.0,-8.4,0.41,323.0,101596.0,True,5,3,138
2020-05-17 04:00:00,11.59,91.7,0.0,-0.0,0.0,-6.0,0.48,315.0,101596.0,True,5,4,138
2020-05-17 05:00:00,11.51,91.3,0.0,0.0,0.0,0.6,0.69,320.0,101606.0,True,5,5,138
2020-05-17 06:00:00,12.01,89.9,142.0,310.11,76.0,15.2,0.97,327.0,101676.0,True,5,6,138
2020-05-17 07:00:00,13.44,83.55,313.0,407.29,147.0,-5.2,0.76,329.0,101736.0,True,5,7,138
2020-05-17 08:00:00,15.1,74.2,271.0,37.4,249.0,18.2,0.21,319.0,101816.0,True,5,8,138
2020-05-17 09:00:00,16.35,68.1,494.0,187.21,355.0,9.8,0.83,128.0,101806.0,True,5,9,138
2020-05-17 10:00:00,17.44,59.7,759.0,530.37,303.0,-3.2,1.45,167.0,101875.0,True,5,10,138
2020-05-17 11:00:00,16.97,62.5,692.0,269.26,441.0,7.4,2.14,173.0,101875.0,True,5,11,138
2020-05-17 12:00:00,17.74,60.05,880.0,601.22,306.0,-4.2,2.0,164.0,101845.0,True,5,12,138
2020-05-17 13:00:00,17.61,59.9,843.0,582.14,304.0,11.0,1.45,169.0,101885.0,True,5,13,138
2020-05-17 14:00:00,17.79,59.35,778.0,612.29,259.0,-16.8,1.45,171.0,101855.0,True,5,14,138
2020-05-17 15:00:00,17.52,60.45,658.0,613.55,213.0,-2.6,1.38,180.0,101855.0,True,5,15,138
2020-05-17 16:00:00,17.85,59.5,503.0,608.26,158.0,-3.6,1.86,203.0,101786.0,True,5,16,138
2020-05-17 17:00:00,17.48,58.7,309.0,492.04,120.0,12.6,1.59,204.0,101806.0,True,5,17,138
2020-05-17 18:00:00,17.13,58.8,95.0,116.69,73.0,-7.8,1.52,199.0,101826.0,True,5,18,138
2020-05-17 19:00:00,16.72,60.6,0.0,-0.0,0.0,-10.2,0.76,177.0,101845.0,True,5,19,138
2020-05-17 20:00:00,15.08,76.4,0.0,-0.0,0.0,-1.0,0.55,262.0,101905.0,True,5,20,138
2020-05-17 21:00:00,14.24,70.2,0.0,-0.0,0.0,1.0,0.62,291.0,101975.0,True,5,21,138
2020-05-17 22:00:00,13.95,80.85,0.0,-0.0,0.0,17.0,1.17,308.0,101995.0,True,5,22,138
2020-05-17 23:00:00,13.06,84.2,0.0,-0.0,0.0,-16.8,1.31,310.0,101975.0,True,5,23,138
2020-05-18 00:00:00,12.41,85.45,0.0,-0.0,0.0,-10.8,1.45,307.0,101995.0,True,5,0,139
2020-05-18 01:00:00,12.16,85.65,0.0,-0.0,0.0,301.4,1.45,304.0,101915.0,True,5,1,139
2020-05-18 02:00:00,11.71,86.6,0.0,-0.0,0.0,-1.6,1.31,303.0,101895.0,True,5,2,139
2020-05-18 03:00:00,11.39,87.15,0.0,-0.0,0.0,-1.35,1.45,305.0,101865.0,True,5,3,139
2020-05-18 04:00:00,11.5,87.3,0.0,-0.0,0.0,-1.8,1.59,308.0,101855.0,True,5,4,139
2020-05-18 05:00:00,11.5,85.35,0.0,0.0,0.0,-1.35,1.52,315.0,101855.0,True,5,5,139
2020-05-18 06:00:00,13.08,79.3,157.0,414.31,68.0,0.0,1.86,316.0,101895.0,True,5,6,139
2020-05-18 07:00:00,15.19,68.05,355.0,605.91,107.0,7.8,1.45,310.0,101935.0,True,5,7,139
2020-05-18 08:00:00,18.19,52.05,557.0,734.24,124.0,6.8,0.9,275.0,101955.0,True,5,8,139
2020-05-18 09:00:00,19.43,50.85,732.0,791.91,143.0,8.2,0.9,215.0,101945.0,True,5,9,139
2020-05-18 10:00:00,21.34,46.05,903.0,951.26,84.0,4.8,1.17,185.0,101945.0,True,5,10,139
2020-05-18 11:00:00,21.87,46.7,972.0,910.75,122.0,11.6,1.79,192.0,101955.0,True,5,11,139
2020-05-18 12:00:00,22.36,46.65,968.0,820.21,184.0,1.15,2.0,199.0,101905.0,True,5,12,139
2020-05-18 13:00:00,22.25,47.0,974.0,941.66,101.0,7.2,2.14,204.0,101885.0,True,5,13,139
2020-05-18 14:00:00,22.89,46.15,888.0,945.86,85.0,5.4,2.28,208.0,101806.0,True,5,14,139
2020-05-18 15:00:00,23.06,44.75,731.0,859.92,106.0,-10.8,2.48,218.0,101756.0,True,5,15,139
2020-05-18 16:00:00,22.84,44.55,552.0,813.79,89.0,2.0,2.48,224.0,101706.0,True,5,16,139
2020-05-18 17:00:00,22.12,44.7,343.0,675.94,82.0,-0.8,2.34,227.0,101696.0,True,5,17,139
2020-05-18 18:00:00,21.67,42.2,137.0,419.24,57.0,-9.2,2.0,226.0,101656.0,True,5,18,139
2020-05-18 19:00:00,20.65,47.15,0.0,-0.0,0.0,-1.35,1.59,234.0,101696.0,True,5,19,139
2020-05-18 20:00:00,17.9,62.45,0.0,-0.0,0.0,-10.2,1.72,265.0,101706.0,True,5,20,139
2020-05-18 21:00:00,16.81,64.5,0.0,-0.0,0.0,-2.6,1.72,283.0,101756.0,True,5,21,139
2020-05-18 22:00:00,16.06,67.3,0.0,-0.0,0.0,-0.8,2.14,286.0,101766.0,True,5,22,139
2020-05-18 23:00:00,15.77,66.9,0.0,-0.0,0.0,-1.0,2.14,296.0,101756.0,True,5,23,139
2020-05-19 00:00:00,15.69,66.05,0.0,-0.0,0.0,-1.0,2.0,300.0,101706.0,True,5,0,140
2020-05-19 01:00:00,15.37,65.45,0.0,-0.0,0.0,311.65,1.93,303.0,101656.0,True,5,1,140
2020-05-19 02:00:00,14.84,65.8,0.0,-0.0,0.0,0.35,1.72,306.0,101586.0,True,5,2,140
2020-05-19 03:00:00,14.92,64.2,0.0,-0.0,0.0,-2.0,1.52,309.0,101536.0,True,5,3,140
2020-05-19 04:00:00,14.58,64.8,0.0,-0.0,0.0,-1.6,1.31,313.0,101516.0,True,5,4,140
2020-05-19 05:00:00,14.32,66.05,0.0,0.0,0.0,-1.15,1.24,317.0,101497.0,True,5,5,140
2020-05-19 06:00:00,14.84,66.3,159.0,429.14,66.0,-0.35,1.45,321.0,101507.0,True,5,6,140
2020-05-19 07:00:00,18.51,58.1,359.0,620.51,104.0,3.0,1.45,314.0,101536.0,True,5,7,140
2020-05-19 08:00:00,21.97,37.85,568.0,776.46,109.0,8.2,0.76,245.0,101556.0,True,5,8,140
2020-05-19 09:00:00,22.73,40.0,742.0,824.14,128.0,7.8,1.24,194.0,101576.0,True,5,9,140
2020-05-19 10:00:00,24.92,35.9,900.0,936.1,93.0,6.0,1.86,197.0,101606.0,True,5,10,140
2020-05-19 11:00:00,25.48,35.7,916.0,738.47,226.0,4.8,2.21,194.0,101606.0,True,5,11,140
2020-05-19 12:00:00,26.02,34.9,964.0,805.7,193.0,4.6,2.34,195.0,101546.0,True,5,12,140
2020-05-19 13:00:00,26.0,34.45,956.0,875.85,143.0,6.6,2.55,197.0,101507.0,True,5,13,140
2020-05-19 14:00:00,26.06,33.0,857.0,833.86,148.0,-0.35,2.55,203.0,101467.0,True,5,14,140
2020-05-19 15:00:00,26.28,31.4,740.0,892.48,90.0,0.35,2.62,209.0,101397.0,True,5,15,140
2020-05-19 16:00:00,26.2,31.0,550.0,792.05,98.0,3.0,2.55,215.0,101367.0,True,5,16,140
2020-05-19 17:00:00,25.75,31.7,342.0,657.02,87.0,-1.4,2.28,216.0,101317.0,True,5,17,140
2020-05-19 18:00:00,25.14,30.4,140.0,435.07,56.0,-2.6,1.72,217.0,101307.0,True,5,18,140
2020-05-19 19:00:00,24.17,38.3,0.0,-0.0,0.0,-11.8,1.1,232.0,101297.0,True,5,19,140
2020-05-19 20:00:00,21.64,44.65,0.0,-0.0,0.0,-4.0,1.45,276.0,101317.0,True,5,20,140
2020-05-19 21:00:00,19.75,53.9,0.0,-0.0,0.0,-1.35,1.79,304.0,101347.0,True,5,21,140
2020-05-19 22:00:00,18.73,54.95,0.0,-0.0,0.0,0.0,1.66,312.0,101407.0,True,5,22,140
2020-05-19 23:00:00,18.95,51.95,0.0,-0.0,0.0,0.35,1.45,310.0,101397.0,True,5,23,140
2020-05-20 00:00:00,18.75,51.9,0.0,-0.0,0.0,-1.15,1.45,305.0,101347.0,True,5,0,141
2020-05-20 01:00:00,18.29,52.75,0.0,-0.0,0.0,327.45,1.52,303.0,101297.0,True,5,1,141
2020-05-20 02:00:00,17.25,55.6,0.0,-0.0,0.0,0.4,1.38,304.0,101247.0,True,5,2,141
2020-05-20 03:00:00,17.13,55.8,0.0,-0.0,0.0,-1.2,1.24,306.0,101197.0,True,5,3,141
2020-05-20 04:00:00,16.71,56.55,0.0,-0.0,0.0,0.35,1.17,308.0,101197.0,True,5,4,141
2020-05-20 05:00:00,16.72,56.45,0.0,0.0,0.0,-2.6,1.17,309.0,101178.0,True,5,5,141
2020-05-20 06:00:00,17.72,56.9,159.0,411.85,69.0,1.2,1.38,313.0,101227.0,True,5,6,141
2020-05-20 07:00:00,20.34,48.6,351.0,564.83,118.0,4.2,1.38,308.0,101227.0,True,5,7,141
2020-05-20 08:00:00,24.01,35.55,545.0,670.05,148.0,11.2,1.03,254.0,101247.0,True,5,8,141
2020-05-20 09:00:00,25.32,37.3,675.0,592.34,233.0,4.8,1.24,212.0,101237.0,True,5,9,141
2020-05-20 10:00:00,27.4,30.7,788.0,586.23,282.0,9.2,1.31,190.0,101257.0,True,5,10,141
2020-05-20 11:00:00,28.09,28.6,835.0,529.2,340.0,0.6,1.72,177.0,101247.0,True,5,11,141
2020-05-20 12:00:00,28.68,26.45,874.0,571.0,327.0,1.6,2.21,179.0,101207.0,True,5,12,141
2020-05-20 13:00:00,28.77,23.9,890.0,682.19,256.0,0.35,2.34,186.0,101227.0,True,5,13,141
2020-05-20 14:00:00,27.98,23.15,793.0,634.15,253.0,15.8,2.0,194.0,101207.0,True,5,14,141
2020-05-20 15:00:00,27.92,23.75,695.0,713.92,174.0,-5.2,1.86,191.0,101168.0,True,5,15,141
2020-05-20 16:00:00,27.52,24.6,546.0,765.23,108.0,-8.2,1.72,196.0,101168.0,True,5,16,141
2020-05-20 17:00:00,27.02,25.3,341.0,635.76,93.0,3.4,1.79,206.0,101138.0,True,5,17,141
2020-05-20 18:00:00,26.51,22.7,140.0,409.63,60.0,-12.8,1.38,201.0,101168.0,True,5,18,141
2020-05-20 19:00:00,25.31,30.3,0.0,0.0,0.0,-5.8,0.9,218.0,101207.0,True,5,19,141
2020-05-20 20:00:00,23.25,33.1,0.0,-0.0,0.0,-8.0,0.83,257.0,101257.0,True,5,20,141
2020-05-20 21:00:00,21.91,37.85,0.0,-0.0,0.0,-4.0,1.31,295.0,101327.0,True,5,21,141
2020-05-20 22:00:00,20.35,48.85,0.0,-0.0,0.0,-1.4,1.52,309.0,101377.0,True,5,22,141
2020-05-20 23:00:00,20.17,49.1,0.0,-0.0,0.0,-1.0,1.31,308.0,101377.0,True,5,23,141
2020-05-21 00:00:00,19.32,49.65,0.0,-0.0,0.0,0.2,1.1,308.0,101337.0,True,5,0,142
2020-05-21 01:00:00,18.86,48.75,0.0,-0.0,0.0,330.25,1.03,308.0,101297.0,True,5,1,142
2020-05-21 02:00:00,18.27,48.5,0.0,-0.0,0.0,-1.8,1.03,308.0,101287.0,True,5,2,142
2020-05-21 03:00:00,18.47,47.6,0.0,-0.0,0.0,-0.8,1.03,311.0,101287.0,True,5,3,142
2020-05-21 04:00:00,18.05,47.3,0.0,-0.0,0.0,-1.0,1.03,316.0,101287.0,True,5,4,142
2020-05-21 05:00:00,18.02,46.3,0.0,0.0,0.0,0.35,0.9,322.0,101347.0,True,5,5,142
2020-05-21 06:00:00,19.03,45.05,158.0,390.47,72.0,-2.0,0.97,333.0,101397.0,True,5,6,142
2020-05-21 07:00:00,21.81,40.9,374.0,700.48,84.0,7.2,1.03,5.0,101477.0,True,5,7,142
2020-05-21 08:00:00,24.28,34.55,570.0,776.4,109.0,7.2,1.31,88.0,101536.0,True,5,8,142
2020-05-21 09:00:00,25.33,36.55,723.0,748.02,164.0,6.0,1.86,118.0,101586.0,True,5,9,142
2020-05-21 10:00:00,27.05,31.9,834.0,716.31,215.0,4.8,1.79,129.0,101626.0,True,5,10,142
2020-05-21 11:00:00,27.36,33.45,901.0,696.32,249.0,4.4,2.34,144.0,101656.0,True,5,11,142
2020-05-21 12:00:00,27.66,34.45,937.0,729.96,237.0,8.8,2.21,145.0,101646.0,True,5,12,142
2020-05-21 13:00:00,27.96,34.6,946.0,842.6,162.0,-0.2,2.0,144.0,101636.0,True,5,13,142
2020-05-21 14:00:00,28.22,35.4,839.0,770.42,182.0,3.2,1.79,156.0,101616.0,True,5,14,142
2020-05-21 15:00:00,28.63,32.85,711.0,769.95,148.0,5.2,1.93,166.0,101606.0,True,5,15,142
2020-05-21 16:00:00,28.41,30.95,546.0,762.98,108.0,3.6,1.93,176.0,101566.0,True,5,16,142
2020-05-21 17:00:00,27.99,31.25,338.0,612.22,98.0,-2.6,1.72,173.0,101556.0,True,5,17,142
2020-05-21 18:00:00,26.45,32.25,138.0,374.7,64.0,-12.8,1.45,172.0,101546.0,True,5,18,142
2020-05-21 19:00:00,25.56,34.75,0.0,0.0,0.0,-11.8,1.03,150.0,101606.0,True,5,19,142
2020-05-21 20:00:00,22.99,46.2,0.0,-0.0,0.0,-5.6,0.69,115.0,101696.0,True,5,20,142
2020-05-21 21:00:00,21.49,50.55,0.0,-0.0,0.0,-3.0,0.55,77.0,101776.0,True,5,21,142
2020-05-21 22:00:00,21.81,49.2,0.0,-0.0,0.0,7.2,0.41,333.0,101826.0,True,5,22,142
2020-05-21 23:00:00,20.85,53.65,0.0,-0.0,0.0,-0.35,0.62,275.0,101845.0,True,5,23,142
2020-05-22 00:00:00,19.99,55.15,0.0,-0.0,0.0,-13.8,1.03,281.0,101806.0,True,5,0,143
2020-05-22 01:00:00,19.22,58.85,0.0,-0.0,0.0,329.05,1.1,291.0,101776.0,True,5,1,143
2020-05-22 02:00:00,17.88,64.35,0.0,-0.0,0.0,-1.6,1.03,301.0,101746.0,True,5,2,143
2020-05-22 03:00:00,17.74,64.2,0.0,-0.0,0.0,-1.35,1.03,308.0,101756.0,True,5,3,143
2020-05-22 04:00:00,17.79,62.15,0.0,-0.0,0.0,-0.6,0.97,316.0,101756.0,True,5,4,143
2020-05-22 05:00:00,17.69,61.05,0.0,0.0,0.0,-0.6,0.83,317.0,101766.0,True,5,5,143
2020-05-22 06:00:00,18.67,56.7,163.0,432.65,67.0,0.8,0.69,320.0,101806.0,True,5,6,143
2020-05-22 07:00:00,21.42,47.4,366.0,649.97,96.0,9.2,0.55,322.0,101845.0,True,5,7,143
2020-05-22 08:00:00,24.89,37.6,538.0,637.01,159.0,12.4,0.34,172.0,101865.0,True,5,8,143
2020-05-22 09:00:00,26.26,36.7,677.0,598.64,229.0,7.8,1.24,155.0,101895.0,True,5,9,143
2020-05-22 10:00:00,28.07,30.75,780.0,569.87,287.0,7.0,1.45,150.0,101935.0,True,5,10,143
2020-05-22 11:00:00,29.2,30.35,852.0,574.01,314.0,0.8,1.93,157.0,101955.0,True,5,11,143
2020-05-22 12:00:00,29.48,30.25,871.0,565.67,328.0,5.8,2.21,156.0,101995.0,True,5,12,143
2020-05-22 13:00:00,29.69,28.95,876.0,649.48,271.0,6.4,2.14,159.0,101995.0,True,5,13,143
2020-05-22 14:00:00,29.62,28.45,795.0,641.69,247.0,1.4,2.07,164.0,101935.0,True,5,14,143
2020-05-22 15:00:00,29.67,27.9,663.0,606.03,219.0,-4.0,1.79,165.0,101905.0,True,5,15,143
2020-05-22 16:00:00,29.42,27.85,525.0,665.26,142.0,-1.0,1.86,159.0,101855.0,True,5,16,143
2020-05-22 17:00:00,28.73,29.0,335.0,583.87,105.0,1.2,1.79,149.0,101836.0,True,5,17,143
2020-05-22 18:00:00,27.97,27.9,138.0,370.64,64.0,-6.0,1.59,142.0,101855.0,True,5,18,143
2020-05-22 19:00:00,27.01,28.65,0.0,0.0,0.0,-13.6,1.17,118.0,101875.0,True,5,19,143
2020-05-22 20:00:00,24.2,40.3,0.0,-0.0,0.0,0.35,0.97,76.0,101905.0,True,5,20,143
2020-05-22 21:00:00,22.86,43.95,0.0,-0.0,0.0,-3.15,0.97,52.0,101985.0,True,5,21,143
2020-05-22 22:00:00,21.24,47.3,0.0,-0.0,0.0,-12.2,0.97,67.0,102035.0,True,5,22,143
2020-05-22 23:00:00,20.08,51.25,0.0,-0.0,0.0,0.35,0.97,38.0,102045.0,True,5,23,143
2020-05-23 00:00:00,19.2,53.85,0.0,-0.0,0.0,-5.4,1.1,19.0,102035.0,True,5,0,144
2020-05-23 01:00:00,18.88,54.6,0.0,-0.0,0.0,329.45,1.1,9.0,101985.0,True,5,1,144
2020-05-23 02:00:00,18.12,56.55,0.0,-0.0,0.0,5.2,1.17,4.0,101995.0,True,5,2,144
2020-05-23 03:00:00,17.67,58.25,0.0,-0.0,0.0,-7.0,1.1,354.0,101995.0,True,5,3,144
2020-05-23 04:00:00,17.38,58.8,0.0,-0.0,0.0,-2.35,1.1,347.0,101965.0,True,5,4,144
2020-05-23 05:00:00,17.56,55.95,0.0,0.0,0.0,0.35,1.1,346.0,102015.0,True,5,5,144
2020-05-23 06:00:00,19.05,49.9,166.0,438.6,68.0,-2.8,0.83,349.0,102025.0,True,5,6,144
2020-05-23 07:00:00,21.39,41.4,373.0,679.11,90.0,6.4,1.1,40.0,102055.0,True,5,7,144
2020-05-23 08:00:00,24.83,30.6,578.0,803.56,99.0,9.0,1.72,75.0,102085.0,True,5,8,144
2020-05-23 09:00:00,26.3,27.6,732.0,776.68,150.0,7.0,2.0,93.0,102095.0,True,5,9,144
2020-05-23 10:00:00,28.15,24.5,821.0,675.52,236.0,6.2,1.86,94.0,102135.0,True,5,10,144
2020-05-23 11:00:00,29.13,24.1,876.0,627.84,287.0,5.4,2.34,109.0,102105.0,True,5,11,144
2020-05-23 12:00:00,29.68,24.3,948.0,757.68,220.0,3.8,2.76,117.0,102075.0,True,5,12,144
2020-05-23 13:00:00,29.68,23.85,901.0,707.75,241.0,5.0,2.83,121.0,102025.0,True,5,13,144
2020-05-23 14:00:00,29.34,24.7,841.0,770.6,182.0,0.55,2.76,124.0,101975.0,True,5,14,144
2020-05-23 15:00:00,29.26,24.85,737.0,859.64,106.0,-0.15,2.55,126.0,101945.0,True,5,15,144
2020-05-23 16:00:00,28.77,25.45,555.0,791.55,98.0,-1.6,2.34,126.0,101895.0,True,5,16,144
2020-05-23 17:00:00,27.44,27.05,346.0,636.67,94.0,-3.0,1.93,120.0,101875.0,True,5,17,144
2020-05-23 18:00:00,27.0,25.75,135.0,322.13,70.0,-3.0,1.72,110.0,101855.0,True,5,18,144
2020-05-23 19:00:00,26.73,22.0,0.0,0.0,0.0,-3.2,1.45,90.0,101875.0,True,5,19,144
2020-05-23 20:00:00,24.24,29.05,0.0,-0.0,0.0,-6.2,1.17,68.0,101905.0,True,5,20,144
2020-05-23 21:00:00,23.25,30.1,0.0,-0.0,0.0,-5.8,0.9,45.0,101995.0,True,5,21,144
2020-05-23 22:00:00,21.63,35.75,0.0,-0.0,0.0,-3.6,1.03,17.0,102025.0,True,5,22,144
2020-05-23 23:00:00,21.0,36.85,0.0,-0.0,0.0,-4.8,1.03,18.0,102035.0,True,5,23,144
2020-05-24 00:00:00,20.44,38.6,0.0,-0.0,0.0,1.35,1.31,34.0,102025.0,True,5,0,145
2020-05-24 01:00:00,19.41,42.2,0.0,-0.0,0.0,332.25,1.45,47.0,102015.0,True,5,1,145
2020-05-24 02:00:00,18.54,47.45,0.0,-0.0,0.0,-6.2,1.52,53.0,101995.0,True,5,2,145
2020-05-24 03:00:00,18.11,49.4,0.0,-0.0,0.0,-4.6,1.86,45.0,102005.0,True,5,3,145
2020-05-24 04:00:00,17.99,46.9,0.0,-0.0,0.0,-5.0,2.07,37.0,102005.0,True,5,4,145
2020-05-24 05:00:00,17.53,44.3,0.0,0.0,0.0,-1.2,2.0,32.0,102025.0,True,5,5,145
2020-05-24 06:00:00,18.61,39.65,175.0,506.88,61.0,-9.2,2.41,30.0,102055.0,True,5,6,145
2020-05-24 07:00:00,20.86,29.5,383.0,712.98,85.0,8.8,3.1,40.0,102125.0,True,5,7,145
2020-05-24 08:00:00,23.07,23.6,563.0,710.03,139.0,2.35,3.66,50.0,102105.0,True,5,8,145
2020-05-24 09:00:00,24.56,22.6,734.0,762.4,162.0,9.6,4.21,60.0,102135.0,True,5,9,145
2020-05-24 10:00:00,25.68,23.4,875.0,819.06,165.0,-2.15,4.28,60.0,102145.0,True,5,10,145
2020-05-24 11:00:00,26.17,24.4,929.0,748.69,226.0,7.6,4.41,70.0,102145.0,True,5,11,145
2020-05-24 12:00:00,26.57,25.7,983.0,831.85,183.0,1.75,4.62,74.0,102125.0,True,5,12,145
2020-05-24 13:00:00,26.63,26.7,970.0,888.03,141.0,3.0,4.62,76.0,102065.0,True,5,13,145
2020-05-24 14:00:00,26.8,27.75,862.0,813.94,165.0,2.55,4.55,76.0,102035.0,True,5,14,145
2020-05-24 15:00:00,26.93,28.8,728.0,799.57,140.0,-1.55,4.48,76.0,101985.0,True,5,15,145
2020-05-24 16:00:00,26.27,29.5,565.0,810.09,96.0,-2.2,4.34,75.0,101995.0,True,5,16,145
2020-05-24 17:00:00,24.84,33.8,355.0,668.92,89.0,-2.35,4.28,75.0,101995.0,True,5,17,145
2020-05-24 18:00:00,23.23,38.05,150.0,441.44,60.0,-4.6,4.07,72.0,102015.0,True,5,18,145
2020-05-24 19:00:00,21.33,44.9,0.0,0.0,0.0,-4.8,3.59,63.0,102055.0,True,5,19,145
2020-05-24 20:00:00,20.08,52.4,0.0,-0.0,0.0,-5.2,3.1,51.0,102115.0,True,5,20,145
2020-05-24 21:00:00,19.24,58.25,0.0,-0.0,0.0,-3.2,2.48,41.0,102145.0,True,5,21,145
2020-05-24 22:00:00,18.49,55.2,0.0,-0.0,0.0,-2.8,1.72,30.0,102145.0,True,5,22,145
2020-05-24 23:00:00,17.89,55.1,0.0,-0.0,0.0,-1.35,1.52,33.0,102155.0,True,5,23,145
2020-05-25 00:00:00,17.25,55.8,0.0,-0.0,0.0,-2.4,1.45,26.0,102145.0,True,5,0,146
2020-05-25 01:00:00,16.91,53.95,0.0,-0.0,0.0,306.2,1.45,20.0,102095.0,True,5,1,146
2020-05-25 02:00:00,16.55,51.8,0.0,-0.0,0.0,-0.8,1.24,14.0,102055.0,True,5,2,146
2020-05-25 03:00:00,16.3,49.65,0.0,-0.0,0.0,-1.0,1.1,8.0,102055.0,True,5,3,146
2020-05-25 04:00:00,15.73,47.85,0.0,-0.0,0.0,-1.75,1.1,8.0,102055.0,True,5,4,146
2020-05-25 05:00:00,15.39,46.05,0.0,0.0,0.0,1.75,1.17,12.0,102065.0,True,5,5,146
2020-05-25 06:00:00,16.26,42.45,111.0,88.38,91.0,-1.35,1.52,18.0,102105.0,True,5,6,146
2020-05-25 07:00:00,20.1,30.9,361.0,579.77,118.0,8.6,1.93,49.0,102105.0,True,5,7,146
2020-05-25 08:00:00,22.42,24.35,529.0,571.77,187.0,9.4,2.69,67.0,102135.0,True,5,8,146
2020-05-25 09:00:00,23.35,24.9,677.0,575.14,245.0,8.0,3.24,76.0,102105.0,True,5,9,146
2020-05-25 10:00:00,24.36,23.1,803.0,606.25,277.0,6.8,3.17,78.0,102115.0,True,5,10,146
2020-05-25 11:00:00,24.98,25.15,850.0,548.02,335.0,3.8,3.79,80.0,102075.0,True,5,11,146
2020-05-25 12:00:00,25.2,26.1,901.0,616.07,308.0,4.4,4.21,77.0,102045.0,True,5,12,146
2020-05-25 13:00:00,25.96,25.15,891.0,662.4,272.0,-2.35,4.34,78.0,102005.0,True,5,13,146
2020-05-25 14:00:00,25.98,27.7,820.0,683.41,234.0,2.15,4.69,81.0,101955.0,True,5,14,146
2020-05-25 15:00:00,25.77,29.35,713.0,739.75,168.0,-1.15,4.9,77.0,101925.0,True,5,15,146
2020-05-25 16:00:00,24.8,31.55,548.0,725.21,127.0,-2.8,4.83,73.0,101895.0,True,5,16,146
2020-05-25 17:00:00,23.46,35.6,347.0,608.3,104.0,-3.0,4.55,72.0,101885.0,True,5,17,146
2020-05-25 18:00:00,22.08,37.6,148.0,403.04,65.0,-4.2,4.07,69.0,101895.0,True,5,18,146
2020-05-25 19:00:00,20.27,41.45,0.0,0.0,0.0,-4.6,3.38,66.0,101945.0,True,5,19,146
2020-05-25 20:00:00,19.3,44.3,0.0,-0.0,0.0,-1.8,2.76,57.0,101945.0,True,5,20,146
2020-05-25 21:00:00,18.63,44.95,0.0,-0.0,0.0,-8.8,2.28,42.0,102005.0,True,5,21,146
2020-05-25 22:00:00,18.31,48.55,0.0,-0.0,0.0,-4.4,1.45,24.0,102005.0,True,5,22,146
2020-05-25 23:00:00,17.87,49.0,0.0,-0.0,0.0,-1.55,1.45,34.0,102035.0,True,5,23,146
2020-05-26 00:00:00,17.27,50.35,0.0,-0.0,0.0,-3.4,1.66,37.0,102035.0,True,5,0,147
2020-05-26 01:00:00,17.03,50.1,0.0,-0.0,0.0,306.0,1.86,35.0,101965.0,True,5,1,147
2020-05-26 02:00:00,16.63,48.55,0.0,-0.0,0.0,2.8,1.79,30.0,101915.0,True,5,2,147
2020-05-26 03:00:00,16.3,48.05,0.0,-0.0,0.0,-6.8,1.66,24.0,101925.0,True,5,3,147
2020-05-26 04:00:00,15.92,47.95,0.0,-0.0,0.0,-1.2,1.66,24.0,101925.0,True,5,4,147
2020-05-26 05:00:00,15.88,48.1,0.0,0.0,0.0,3.2,1.79,24.0,101925.0,True,5,5,147
2020-05-26 06:00:00,17.06,44.2,117.0,114.25,91.0,-2.4,2.41,24.0,101975.0,True,5,6,147
2020-05-26 07:00:00,19.17,41.35,320.0,392.66,155.0,7.0,2.97,39.0,101975.0,True,5,7,147
2020-05-26 08:00:00,21.35,39.0,515.0,540.85,191.0,7.2,3.72,52.0,101985.0,True,5,8,147
2020-05-26 09:00:00,22.84,38.35,703.0,682.26,190.0,8.8,4.41,62.0,101985.0,True,5,9,147
2020-05-26 10:00:00,23.88,34.35,867.0,825.68,150.0,7.8,4.21,58.0,101935.0,True,5,10,147
2020-05-26 11:00:00,24.6,35.35,948.0,833.61,164.0,6.4,4.76,68.0,101925.0,True,5,11,147
2020-05-26 12:00:00,25.05,36.15,980.0,856.38,155.0,4.8,4.76,74.0,101905.0,True,5,12,147
2020-05-26 13:00:00,25.32,36.55,962.0,895.86,124.0,3.0,4.9,78.0,101855.0,True,5,13,147
2020-05-26 14:00:00,25.57,37.05,865.0,852.59,133.0,2.75,5.03,80.0,101826.0,True,5,14,147
2020-05-26 15:00:00,25.08,40.0,730.0,833.28,115.0,0.4,5.03,77.0,101796.0,True,5,15,147
2020-05-26 16:00:00,24.29,43.45,543.0,726.72,120.0,-0.8,5.03,72.0,101756.0,True,5,16,147
2020-05-26 17:00:00,23.12,47.95,342.0,595.61,103.0,-3.6,4.76,68.0,101736.0,True,5,17,147
2020-05-26 18:00:00,22.11,51.1,145.0,375.07,67.0,-6.4,4.34,62.0,101736.0,True,5,18,147
2020-05-26 19:00:00,20.73,54.95,0.0,0.0,0.0,-5.2,3.86,56.0,101786.0,True,5,19,147
2020-05-26 20:00:00,19.57,60.15,0.0,-0.0,0.0,-7.2,3.45,50.0,101826.0,True,5,20,147
2020-05-26 21:00:00,18.67,64.7,0.0,-0.0,0.0,-3.8,3.24,40.0,101905.0,True,5,21,147
2020-05-26 22:00:00,18.54,63.25,0.0,-0.0,0.0,-2.15,2.62,26.0,101895.0,True,5,22,147
2020-05-26 23:00:00,18.28,62.2,0.0,-0.0,0.0,-3.4,2.41,20.0,101836.0,True,5,23,147
2020-05-27 00:00:00,18.08,60.5,0.0,-0.0,0.0,-3.2,2.28,19.0,101806.0,True,5,0,148
2020-05-27 01:00:00,17.9,58.5,0.0,-0.0,0.0,311.65,2.14,23.0,101786.0,True,5,1,148
2020-05-27 02:00:00,17.21,58.55,0.0,-0.0,0.0,-1.8,2.0,31.0,101796.0,True,5,2,148
2020-05-27 03:00:00,17.0,57.0,0.0,-0.0,0.0,-0.4,2.34,35.0,101806.0,True,5,3,148
2020-05-27 04:00:00,16.9,54.85,0.0,-0.0,0.0,-1.0,2.76,29.0,101786.0,True,5,4,148
2020-05-27 05:00:00,16.82,53.65,0.0,0.0,0.0,0.0,2.69,24.0,101746.0,True,5,5,148
2020-05-27 06:00:00,17.82,51.2,160.0,358.42,78.0,1.4,3.17,27.0,101766.0,True,5,6,148
2020-05-27 07:00:00,19.59,47.0,296.0,292.01,173.0,7.8,3.86,37.0,101816.0,True,5,7,148
2020-05-27 08:00:00,21.3,41.75,570.0,765.12,111.0,6.6,4.9,48.0,101826.0,True,5,8,148
2020-05-27 09:00:00,22.34,41.25,307.0,14.62,296.0,7.2,5.38,59.0,101855.0,True,5,9,148
2020-05-27 10:00:00,23.61,35.5,173.0,0.0,173.0,6.8,5.59,64.0,101885.0,True,5,10,148
2020-05-27 11:00:00,24.15,35.45,892.0,673.62,258.0,4.8,6.07,65.0,101855.0,True,5,11,148
2020-05-27 12:00:00,24.16,35.55,901.0,638.92,285.0,2.6,5.93,64.0,101826.0,True,5,12,148
2020-05-27 13:00:00,24.42,36.35,881.0,658.97,264.0,2.6,5.66,65.0,101776.0,True,5,13,148
2020-05-27 14:00:00,24.42,36.15,797.0,638.64,248.0,-0.4,5.52,66.0,101726.0,True,5,14,148
2020-05-27 15:00:00,24.22,37.1,670.0,614.07,216.0,0.6,5.45,67.0,101676.0,True,5,15,148
2020-05-27 16:00:00,23.83,38.75,515.0,601.45,164.0,-1.6,5.38,67.0,101666.0,True,5,16,148
2020-05-27 17:00:00,22.95,42.6,329.0,511.14,123.0,-4.2,5.17,68.0,101666.0,True,5,17,148
2020-05-27 18:00:00,21.84,46.75,140.0,323.9,72.0,-5.8,4.97,69.0,101716.0,True,5,18,148
2020-05-27 19:00:00,20.71,50.4,0.0,0.0,0.0,-4.0,4.28,63.0,101776.0,True,5,19,148
2020-05-27 20:00:00,19.64,55.75,0.0,-0.0,0.0,-4.8,3.86,55.0,101845.0,True,5,20,148
2020-05-27 21:00:00,18.77,58.45,0.0,-0.0,0.0,-6.2,3.38,44.0,101895.0,True,5,21,148
2020-05-27 22:00:00,17.55,65.6,0.0,-0.0,0.0,-5.0,2.9,32.0,101905.0,True,5,22,148
2020-05-27 23:00:00,17.42,63.6,0.0,-0.0,0.0,-3.2,2.83,28.0,101845.0,True,5,23,148
2020-05-28 00:00:00,17.13,62.5,0.0,-0.0,0.0,-3.4,2.9,28.0,101796.0,True,5,0,149
2020-05-28 01:00:00,16.92,60.7,0.0,-0.0,0.0,306.4,2.9,25.0,101756.0,True,5,1,149
2020-05-28 02:00:00,16.49,59.7,0.0,-0.0,0.0,-2.2,2.76,23.0,101716.0,True,5,2,149
2020-05-28 03:00:00,16.54,55.4,0.0,-0.0,0.0,-1.2,2.48,24.0,101726.0,True,5,3,149
2020-05-28 04:00:00,16.38,53.3,0.0,-0.0,0.0,0.2,2.83,26.0,101686.0,True,5,4,149
2020-05-28 05:00:00,16.17,52.95,0.0,0.0,0.0,1.0,3.17,27.0,101666.0,True,5,5,149
2020-05-28 06:00:00,16.96,51.0,158.0,339.27,80.0,2.2,3.66,29.0,101686.0,True,5,6,149
2020-05-28 07:00:00,18.62,48.75,351.0,535.35,125.0,14.6,4.41,35.0,101696.0,True,5,7,149
2020-05-28 08:00:00,20.83,41.5,525.0,574.35,180.0,5.0,5.31,44.0,101716.0,True,5,8,149
2020-05-28 09:00:00,22.09,38.5,704.0,682.31,190.0,6.2,5.72,51.0,101716.0,True,5,9,149
2020-05-28 10:00:00,22.56,37.7,471.0,70.14,410.0,5.8,4.48,55.0,101736.0,True,5,10,149
2020-05-28 11:00:00,22.96,36.2,871.0,620.06,287.0,3.8,5.31,64.0,101666.0,True,5,11,149
2020-05-28 12:00:00,23.58,35.05,917.0,678.86,262.0,4.0,5.59,67.0,101636.0,True,5,12,149
2020-05-28 13:00:00,24.27,33.85,932.0,800.28,182.0,1.8,5.52,69.0,101586.0,True,5,13,149
2020-05-28 14:00:00,24.33,33.45,857.0,820.28,151.0,0.35,5.38,69.0,101556.0,True,5,14,149
2020-05-28 15:00:00,24.29,33.85,716.0,773.71,143.0,-1.0,5.31,67.0,101457.0,True,5,15,149
2020-05-28 16:00:00,23.97,34.4,525.0,635.82,153.0,-1.8,5.31,64.0,101447.0,True,5,16,149
2020-05-28 17:00:00,23.22,34.95,304.0,382.96,149.0,-3.15,5.38,61.0,101417.0,True,5,17,149
2020-05-28 18:00:00,21.92,36.85,67.0,9.44,65.0,-6.0,5.03,58.0,101427.0,True,5,18,149
2020-05-28 19:00:00,20.46,39.0,0.0,0.0,0.0,-7.0,4.0,54.0,101467.0,True,5,19,149
2020-05-28 20:00:00,19.26,41.15,0.0,-0.0,0.0,-5.6,3.45,48.0,101516.0,True,5,20,149
2020-05-28 21:00:00,18.5,41.3,0.0,-0.0,0.0,-3.6,3.31,35.0,101497.0,True,5,21,149
2020-05-28 22:00:00,18.55,37.15,0.0,-0.0,0.0,-2.4,2.62,27.0,101546.0,True,5,22,149
2020-05-28 23:00:00,18.13,38.45,0.0,-0.0,0.0,-1.0,2.28,26.0,101507.0,True,5,23,149
2020-05-29 00:00:00,17.6,39.75,0.0,-0.0,0.0,-1.2,2.14,26.0,101477.0,True,5,0,150
2020-05-29 01:00:00,16.95,40.6,0.0,-0.0,0.0,315.85,2.07,23.0,101417.0,True,5,1,150
2020-05-29 02:00:00,16.6,39.65,0.0,-0.0,0.0,-3.2,2.07,17.0,101337.0,True,5,2,150
2020-05-29 03:00:00,16.47,38.7,0.0,-0.0,0.0,-0.75,2.07,15.0,101267.0,True,5,3,150
2020-05-29 04:00:00,16.13,37.95,0.0,-0.0,0.0,-0.8,2.07,15.0,101267.0,True,5,4,150
2020-05-29 05:00:00,15.69,38.15,0.0,0.0,0.0,-0.35,2.0,16.0,101257.0,True,5,5,150
2020-05-29 06:00:00,16.57,37.35,162.0,355.06,80.0,1.2,2.48,20.0,101297.0,True,5,6,150
2020-05-29 07:00:00,18.88,35.25,369.0,617.02,108.0,2.6,2.83,39.0,101317.0,True,5,7,150
2020-05-29 08:00:00,21.13,30.45,566.0,724.99,130.0,5.0,3.38,53.0,101337.0,True,5,8,150
2020-05-29 09:00:00,22.53,29.95,742.0,794.49,143.0,5.6,3.79,64.0,101287.0,True,5,9,150
2020-05-29 10:00:00,24.22,26.2,869.0,806.65,167.0,6.0,3.59,55.0,101267.0,True,5,10,150
2020-05-29 11:00:00,25.1,27.2,933.0,768.21,209.0,4.8,3.86,70.0,101197.0,True,5,11,150
2020-05-29 12:00:00,25.65,26.85,965.0,789.19,203.0,3.8,4.0,76.0,101148.0,True,5,12,150
2020-05-29 13:00:00,26.07,26.9,959.0,860.33,152.0,2.8,4.07,80.0,101078.0,True,5,13,150
2020-05-29 14:00:00,26.23,27.85,858.0,803.07,166.0,1.35,4.07,87.0,101038.0,True,5,14,150
2020-05-29 15:00:00,26.4,28.0,734.0,818.26,127.0,3.6,4.0,90.0,101028.0,True,5,15,150
2020-05-29 16:00:00,25.97,29.0,554.0,743.35,118.0,-4.0,3.72,89.0,100978.0,True,5,16,150
2020-05-29 17:00:00,24.63,31.8,348.0,590.5,108.0,5.8,3.24,88.0,100978.0,True,5,17,150
2020-05-29 18:00:00,23.61,33.35,154.0,402.26,68.0,-10.8,2.76,86.0,100958.0,True,5,18,150
2020-05-29 19:00:00,22.12,34.85,0.0,0.0,0.0,-12.8,2.07,86.0,100988.0,True,5,19,150
2020-05-29 20:00:00,20.43,38.9,0.0,-0.0,0.0,-5.2,1.38,82.0,101078.0,True,5,20,150
2020-05-29 21:00:00,19.05,42.35,0.0,-0.0,0.0,-3.6,0.97,70.0,101148.0,True,5,21,150
2020-05-29 22:00:00,18.12,45.65,0.0,-0.0,0.0,-3.2,1.1,58.0,101237.0,True,5,22,150
2020-05-29 23:00:00,17.4,47.85,0.0,-0.0,0.0,-2.6,1.52,44.0,101237.0,True,5,23,150
2020-05-30 00:00:00,16.87,47.35,0.0,-0.0,0.0,-3.4,1.52,28.0,101227.0,True,5,0,151
2020-05-30 01:00:00,16.55,45.95,0.0,-0.0,0.0,306.0,1.59,15.0,101178.0,True,5,1,151
2020-05-30 02:00:00,15.93,45.75,0.0,-0.0,0.0,-2.4,1.59,7.0,101158.0,True,5,2,151
2020-05-30 03:00:00,15.39,43.7,0.0,-0.0,0.0,-1.8,1.66,6.0,101118.0,True,5,3,151
2020-05-30 04:00:00,15.13,41.85,0.0,-0.0,0.0,-2.8,1.72,9.0,101128.0,True,5,4,151
2020-05-30 05:00:00,14.87,40.65,0.0,0.0,0.0,-1.6,1.79,13.0,101148.0,True,5,5,151
2020-05-30 06:00:00,16.28,38.05,174.0,439.84,72.0,-1.2,1.66,18.0,101168.0,True,5,6,151
2020-05-30 07:00:00,19.07,32.2,363.0,563.97,124.0,1.8,1.79,51.0,101227.0,True,5,7,151
2020-05-30 08:00:00,21.36,23.25,549.0,634.52,167.0,6.6,2.69,72.0,101227.0,True,5,8,151
2020-05-30 09:00:00,22.79,20.1,711.0,666.67,208.0,6.2,3.1,83.0,101227.0,True,5,9,151
2020-05-30 10:00:00,24.46,17.35,832.0,675.24,244.0,5.6,2.9,86.0,101237.0,True,5,10,151
2020-05-30 11:00:00,25.08,20.4,876.0,600.2,310.0,5.2,3.38,94.0,101188.0,True,5,11,151
2020-05-30 12:00:00,25.45,23.15,917.0,644.79,294.0,4.0,3.72,98.0,101168.0,True,5,12,151
2020-05-30 13:00:00,25.77,25.1,871.0,598.63,309.0,2.6,3.86,100.0,101128.0,True,5,13,151
2020-05-30 14:00:00,25.86,26.95,803.0,619.0,269.0,1.75,3.93,100.0,101078.0,True,5,14,151
2020-05-30 15:00:00,25.7,25.5,721.0,744.26,168.0,-1.0,3.86,95.0,101008.0,True,5,15,151
2020-05-30 16:00:00,25.35,25.8,554.0,717.73,132.0,0.8,3.79,87.0,100938.0,True,5,16,151
2020-05-30 17:00:00,24.58,27.9,356.0,607.71,108.0,-4.6,3.72,79.0,100908.0,True,5,17,151
2020-05-30 18:00:00,23.63,26.4,159.0,426.6,67.0,-6.8,3.31,75.0,100898.0,True,5,18,151
2020-05-30 19:00:00,22.25,25.85,0.0,0.0,0.0,-3.0,2.69,72.0,100918.0,True,5,19,151
2020-05-30 20:00:00,20.53,29.95,0.0,-0.0,0.0,-5.4,1.86,63.0,100958.0,True,5,20,151
2020-05-30 21:00:00,19.44,32.9,0.0,-0.0,0.0,-3.35,1.59,40.0,101008.0,True,5,21,151
2020-05-30 22:00:00,18.83,40.8,0.0,-0.0,0.0,-1.2,1.45,34.0,101048.0,True,5,22,151
2020-05-30 23:00:00,18.1,39.55,0.0,-0.0,0.0,-3.15,1.59,26.0,101018.0,True,5,23,151
2020-05-31 00:00:00,17.16,37.0,0.0,-0.0,0.0,-1.8,1.52,27.0,100998.0,True,5,0,152
2020-05-31 01:00:00,16.61,35.55,0.0,-0.0,0.0,301.0,1.52,23.0,100958.0,True,5,1,152
2020-05-31 02:00:00,16.05,32.25,0.0,-0.0,0.0,-2.6,1.52,19.0,100868.0,True,5,2,152
2020-05-31 03:00:00,15.85,29.4,0.0,-0.0,0.0,-0.35,1.52,16.0,100809.0,True,5,3,152
2020-05-31 04:00:00,15.72,28.85,0.0,-0.0,0.0,2.0,1.66,10.0,100769.0,True,5,4,152
2020-05-31 05:00:00,15.47,29.15,0.0,0.0,0.0,4.0,1.66,5.0,100739.0,True,5,5,152
2020-05-31 06:00:00,16.71,28.2,151.0,270.65,88.0,11.2,1.59,3.0,100769.0,True,5,6,152
2020-05-31 07:00:00,19.99,25.9,265.0,181.4,188.0,17.8,2.0,18.0,100829.0,True,5,7,152
2020-05-31 08:00:00,21.69,25.1,330.0,87.95,277.0,2.4,2.69,53.0,100829.0,True,5,8,152
2020-05-31 09:00:00,22.98,25.5,468.0,139.07,363.0,4.0,3.24,64.0,100849.0,True,5,9,152
2020-05-31 10:00:00,25.2,22.95,437.0,45.91,397.0,16.4,3.52,70.0,100809.0,True,5,10,152
2020-05-31 11:00:00,26.18,20.6,630.0,173.81,466.0,8.4,3.45,69.0,100789.0,True,5,11,152
2020-05-31 12:00:00,26.9,20.45,680.0,214.1,473.0,1.8,3.45,67.0,100769.0,True,5,12,152
2020-05-31 13:00:00,26.88,21.45,837.0,537.47,332.0,-4.2,2.76,77.0,100789.0,True,5,13,152
2020-05-31 14:00:00,26.29,24.6,669.0,327.68,386.0,0.35,1.17,114.0,100918.0,True,5,14,152
2020-05-31 15:00:00,25.39,28.85,378.0,53.75,338.0,-0.35,1.52,150.0,100918.0,True,5,15,152
2020-05-31 16:00:00,21.99,37.69,475.0,427.58,223.0,5.65,0.72,192.0,100928.0,True,5,16,152
2020-05-31 17:00:00,21.45,39.93,238.0,139.12,181.0,7.25,0.71,26.0,100888.0,True,5,17,152
2020-05-31 18:00:00,20.92,42.17,61.0,4.6,60.0,8.85,0.7,82.0,100938.0,True,5,18,152
2020-05-31 19:00:00,20.39,44.41,0.0,0.0,0.0,10.45,0.7,137.0,100898.0,True,5,19,152
2020-05-31 20:00:00,19.86,46.65,0.0,-0.0,0.0,12.05,0.69,35.0,100928.0,True,5,20,152
2020-05-31 21:00:00,19.32,48.89,0.0,-0.0,0.0,13.65,0.68,13.0,101008.0,True,5,21,152
2020-05-31 22:00:00,18.79,51.13,0.0,-0.0,0.0,15.26,0.67,342.0,101058.0,True,5,22,152
2020-05-31 23:00:00,18.26,53.37,0.0,-0.0,0.0,16.86,0.66,5.0,101068.0,True,5,23,152
2020-06-01 00:00:00,17.73,55.6,0.0,-0.0,0.0,18.46,0.65,344.0,101068.0,True,6,0,153
2020-06-01 01:00:00,17.2,57.84,0.0,-0.0,0.0,20.06,0.64,346.0,101058.0,True,6,1,153
2020-06-01 02:00:00,16.66,60.08,0.0,-0.0,0.0,21.66,0.63,354.0,101038.0,True,6,2,153
2020-06-01 03:00:00,16.13,62.32,0.0,-0.0,0.0,23.26,0.62,344.0,101058.0,True,6,3,153
2020-06-01 04:00:00,15.6,64.56,0.0,-0.0,0.0,24.86,0.61,319.0,101068.0,True,6,4,153
2020-06-01 05:00:00,15.07,66.8,8.0,0.0,8.0,26.46,0.6,322.0,101108.0,True,6,5,153
2020-06-01 06:00:00,14.53,69.04,180.0,475.25,69.0,28.06,0.59,322.0,101128.0,True,6,6,153
2020-06-01 07:00:00,14.0,71.28,382.0,658.66,102.0,29.66,0.58,49.0,101158.0,True,6,7,153
2020-06-01 08:00:00,20.7,45.4,586.0,782.61,114.0,6.8,1.03,132.0,101188.0,True,6,8,153
2020-06-01 09:00:00,22.65,40.35,758.0,824.68,135.0,6.0,1.72,144.0,101207.0,True,6,9,153
2020-06-01 10:00:00,24.39,33.1,892.0,852.33,149.0,5.8,1.59,142.0,101227.0,True,6,10,153
2020-06-01 11:00:00,25.31,32.5,974.0,860.14,162.0,4.8,2.28,147.0,101237.0,True,6,11,153
2020-06-01 12:00:00,25.58,34.25,997.0,850.71,174.0,3.0,2.55,145.0,101227.0,True,6,12,153
2020-06-01 13:00:00,25.83,34.35,922.0,722.09,243.0,3.0,2.69,144.0,101227.0,True,6,13,153
2020-06-01 14:00:00,25.85,35.15,849.0,742.56,207.0,2.8,2.55,144.0,101207.0,True,6,14,153
2020-06-01 15:00:00,25.84,36.35,721.0,731.22,176.0,-0.15,2.34,145.0,101188.0,True,6,15,153
2020-06-01 16:00:00,25.47,38.1,565.0,746.54,124.0,-0.6,2.07,145.0,101158.0,True,6,16,153
2020-06-01 17:00:00,24.18,42.45,322.0,418.19,150.0,-0.35,2.0,140.0,101128.0,True,6,17,153
2020-06-01 18:00:00,23.36,44.15,142.0,269.09,83.0,-4.0,1.86,131.0,101138.0,True,6,18,153
2020-06-01 19:00:00,22.36,46.3,0.0,0.0,0.0,-5.6,1.52,119.0,101168.0,True,6,19,153
2020-06-01 20:00:00,20.94,52.75,0.0,-0.0,0.0,-5.4,1.03,108.0,101227.0,True,6,20,153
2020-06-01 21:00:00,19.34,58.7,0.0,-0.0,0.0,-6.6,0.48,84.0,101277.0,True,6,21,153
2020-06-01 22:00:00,18.3,62.25,0.0,-0.0,0.0,-3.6,0.55,352.0,101297.0,True,6,22,153
2020-06-01 23:00:00,17.25,66.15,0.0,-0.0,0.0,-2.6,0.97,343.0,101267.0,True,6,23,153
2020-06-02 00:00:00,16.63,66.1,0.0,-0.0,0.0,-2.75,0.76,328.0,101237.0,True,6,0,154
2020-06-02 01:00:00,16.19,65.3,0.0,-0.0,0.0,309.0,0.55,313.0,101227.0,True,6,1,154
2020-06-02 02:00:00,15.3,65.5,0.0,-0.0,0.0,-2.35,0.48,317.0,101168.0,True,6,2,154
2020-06-02 03:00:00,15.25,66.1,0.0,-0.0,0.0,-1.8,0.48,330.0,101168.0,True,6,3,154
2020-06-02 04:00:00,14.98,64.55,0.0,-0.0,0.0,-2.0,0.48,333.0,101168.0,True,6,4,154
2020-06-02 05:00:00,15.2,61.8,7.0,0.0,7.0,3.2,0.55,327.0,101188.0,True,6,5,154
2020-06-02 06:00:00,16.25,55.8,173.0,431.13,72.0,-5.0,0.48,329.0,101227.0,True,6,6,154
2020-06-02 07:00:00,19.3,45.85,357.0,547.38,124.0,6.8,0.48,44.0,101247.0,True,6,7,154
2020-06-02 08:00:00,22.0,39.95,534.0,598.12,173.0,11.8,0.83,109.0,101267.0,True,6,8,154
2020-06-02 09:00:00,23.44,39.35,692.0,631.09,215.0,9.4,1.17,140.0,101267.0,True,6,9,154
2020-06-02 10:00:00,25.59,31.4,763.0,518.28,311.0,7.0,1.52,156.0,101297.0,True,6,10,154
2020-06-02 11:00:00,26.19,32.4,843.0,545.27,328.0,7.8,2.21,166.0,101287.0,True,6,11,154
2020-06-02 12:00:00,26.41,34.65,862.0,537.2,342.0,10.4,2.55,171.0,101267.0,True,6,12,154
2020-06-02 13:00:00,26.17,37.45,824.0,509.01,345.0,1.75,2.48,172.0,101227.0,True,6,13,154
2020-06-02 14:00:00,25.96,39.9,691.0,369.74,371.0,5.8,2.21,172.0,101168.0,True,6,14,154
2020-06-02 15:00:00,25.84,40.2,482.0,168.8,356.0,-0.35,2.07,182.0,101108.0,True,6,15,154
2020-06-02 16:00:00,24.96,44.1,418.0,263.49,262.0,2.4,2.0,181.0,101028.0,True,6,16,154
2020-06-02 17:00:00,24.2,49.7,346.0,557.12,116.0,6.6,2.14,183.0,100978.0,True,6,17,154
2020-06-02 18:00:00,23.54,52.7,154.0,366.53,73.0,-19.4,1.93,186.0,100978.0,True,6,18,154
2020-06-02 19:00:00,22.54,58.25,0.0,0.0,0.0,-14.2,1.72,192.0,100998.0,True,6,19,154
2020-06-02 20:00:00,21.15,63.3,0.0,-0.0,0.0,-3.4,1.24,201.0,101028.0,True,6,20,154
2020-06-02 21:00:00,19.4,71.0,0.0,-0.0,0.0,-7.4,0.9,217.0,101058.0,True,6,21,154
2020-06-02 22:00:00,18.33,73.4,0.0,-0.0,0.0,-2.2,1.17,230.0,101108.0,True,6,22,154
2020-06-02 23:00:00,17.98,75.55,0.0,-0.0,0.0,-1.6,1.24,270.0,101068.0,True,6,23,154
2020-06-03 00:00:00,17.46,77.2,0.0,-0.0,0.0,-1.75,1.31,285.0,101038.0,True,6,0,155
2020-06-03 01:00:00,17.25,77.35,0.0,-0.0,0.0,317.85,1.45,284.0,100968.0,True,6,1,155
2020-06-03 02:00:00,16.36,77.45,0.0,-0.0,0.0,-2.75,1.52,278.0,100898.0,True,6,2,155
2020-06-03 03:00:00,16.17,76.6,0.0,-0.0,0.0,-3.0,1.72,268.0,100888.0,True,6,3,155
2020-06-03 04:00:00,15.87,76.15,0.0,-0.0,0.0,-1.55,1.86,269.0,100859.0,True,6,4,155
2020-06-03 05:00:00,15.7,73.95,12.0,46.26,10.0,-3.4,1.79,274.0,100868.0,True,6,5,155
2020-06-03 06:00:00,17.9,64.1,176.0,442.75,72.0,-0.6,1.52,278.0,100878.0,True,6,6,155
2020-06-03 07:00:00,20.09,58.2,353.0,511.57,135.0,7.4,1.59,250.0,100859.0,True,6,7,155
2020-06-03 08:00:00,23.2,42.5,437.0,279.83,268.0,7.0,2.21,234.0,100849.0,True,6,8,155
2020-06-03 09:00:00,24.7,35.15,697.0,630.81,220.0,7.0,2.69,224.0,100819.0,True,6,9,155
2020-06-03 10:00:00,26.18,31.05,830.0,678.54,238.0,6.2,2.62,220.0,100789.0,True,6,10,155
2020-06-03 11:00:00,27.03,30.4,953.0,814.91,183.0,5.0,3.1,214.0,100769.0,True,6,11,155
2020-06-03 12:00:00,27.69,29.6,997.0,870.41,154.0,4.4,3.59,214.0,100699.0,True,6,12,155
2020-06-03 13:00:00,28.12,29.55,986.0,928.08,112.0,3.6,3.93,219.0,100629.0,True,6,13,155
2020-06-03 14:00:00,28.52,28.8,893.0,900.32,113.0,1.75,4.07,225.0,100520.0,True,6,14,155
2020-06-03 15:00:00,28.81,30.55,647.0,508.34,267.0,2.4,4.14,235.0,100440.0,True,6,15,155
2020-06-03 16:00:00,28.74,31.5,497.0,482.0,211.0,1.15,4.0,238.0,100340.0,True,6,16,155
2020-06-03 17:00:00,28.58,30.3,356.0,586.47,113.0,-0.75,3.72,241.0,100260.0,True,6,17,155
2020-06-03 18:00:00,27.94,30.35,162.0,408.66,71.0,-3.6,3.24,245.0,100250.0,True,6,18,155
2020-06-03 19:00:00,26.92,30.75,0.0,0.0,0.0,-2.6,2.48,249.0,100270.0,True,6,19,155
2020-06-03 20:00:00,24.81,37.25,0.0,-0.0,0.0,-5.4,1.72,261.0,100270.0,True,6,20,155
2020-06-03 21:00:00,23.03,40.65,0.0,-0.0,0.0,-3.0,1.59,274.0,100340.0,True,6,21,155
2020-06-03 22:00:00,21.77,47.2,0.0,-0.0,0.0,-2.4,2.0,281.0,100320.0,True,6,22,155
2020-06-03 23:00:00,20.83,49.35,0.0,-0.0,0.0,-3.4,2.14,302.0,100310.0,True,6,23,155
2020-06-04 00:00:00,20.42,49.5,0.0,-0.0,0.0,-2.6,1.93,317.0,100290.0,True,6,0,156
2020-06-04 01:00:00,19.77,51.15,0.0,-0.0,0.0,326.25,1.72,315.0,100250.0,True,6,1,156
2020-06-04 02:00:00,18.7,53.6,0.0,-0.0,0.0,-2.6,1.93,305.0,100201.0,True,6,2,156
2020-06-04 03:00:00,18.18,55.8,0.0,-0.0,0.0,-2.8,2.07,305.0,100191.0,True,6,3,156
2020-06-04 04:00:00,17.79,56.55,0.0,-0.0,0.0,-1.0,2.21,306.0,100191.0,True,6,4,156
2020-06-04 05:00:00,17.56,57.0,13.0,45.51,11.0,-2.8,2.28,304.0,100220.0,True,6,5,156
2020-06-04 06:00:00,19.54,49.75,171.0,411.99,74.0,0.35,1.93,304.0,100270.0,True,6,6,156
2020-06-04 07:00:00,21.57,43.8,367.0,611.88,106.0,8.8,1.93,281.0,100310.0,True,6,7,156
2020-06-04 08:00:00,23.88,37.9,553.0,686.79,138.0,9.4,2.55,257.0,100340.0,True,6,8,156
2020-06-04 09:00:00,24.75,37.6,729.0,770.7,146.0,6.6,3.38,246.0,100350.0,True,6,9,156
2020-06-04 10:00:00,25.63,36.8,775.0,558.0,288.0,3.2,4.69,245.0,100360.0,True,6,10,156
2020-06-04 11:00:00,26.44,35.05,841.0,550.11,321.0,12.8,4.83,250.0,100370.0,True,6,11,156
2020-06-04 12:00:00,26.51,35.55,830.0,474.71,370.0,-1.2,4.83,255.0,100360.0,True,6,12,156
2020-06-04 13:00:00,27.45,33.05,914.0,745.98,211.0,4.8,4.83,260.0,100360.0,True,6,13,156
2020-06-04 14:00:00,26.97,33.4,612.0,235.24,408.0,14.4,4.83,257.0,100350.0,True,6,14,156
2020-06-04 15:00:00,27.61,29.75,738.0,840.25,109.0,-16.4,5.24,249.0,100330.0,True,6,15,156
2020-06-04 16:00:00,26.88,31.5,533.0,642.42,151.0,-6.8,5.17,247.0,100330.0,True,6,16,156
2020-06-04 17:00:00,24.5,38.4,349.0,569.97,112.0,3.4,5.03,251.0,100360.0,True,6,17,156
2020-06-04 18:00:00,23.46,41.85,140.0,249.65,84.0,4.2,3.66,260.0,100430.0,True,6,18,156
2020-06-04 19:00:00,22.97,41.2,0.0,0.0,0.0,7.2,2.83,261.0,100510.0,True,6,19,156
2020-06-04 20:00:00,21.44,48.65,0.0,-0.0,0.0,-5.0,2.0,266.0,100599.0,True,6,20,156
2020-06-04 21:00:00,20.19,55.1,0.0,-0.0,0.0,-17.0,1.52,274.0,100699.0,True,6,21,156
2020-06-04 22:00:00,19.6,56.0,0.0,-0.0,0.0,-3.8,1.38,265.0,100739.0,True,6,22,156
2020-06-04 23:00:00,19.52,55.45,0.0,-0.0,0.0,2.35,1.1,279.0,100799.0,True,6,23,156
2020-06-05 00:00:00,19.21,58.75,0.0,-0.0,0.0,2.6,1.24,282.0,100749.0,True,6,0,157
2020-06-05 01:00:00,18.15,62.6,0.0,-0.0,0.0,334.25,1.38,300.0,100759.0,True,6,1,157
2020-06-05 02:00:00,16.98,65.45,0.0,-0.0,0.0,0.0,1.52,309.0,100729.0,True,6,2,157
2020-06-05 03:00:00,16.56,67.9,0.0,-0.0,0.0,-8.4,1.38,317.0,100749.0,True,6,3,157
2020-06-05 04:00:00,16.25,68.55,0.0,-0.0,0.0,3.4,1.38,317.0,100759.0,True,6,4,157
2020-06-05 05:00:00,16.0,69.45,14.0,44.86,12.0,-4.2,1.38,319.0,100799.0,True,6,5,157
2020-06-05 06:00:00,17.71,62.8,170.0,389.99,78.0,1.6,1.24,320.0,100849.0,True,6,6,157
2020-06-05 07:00:00,19.71,55.85,373.0,630.14,104.0,4.6,0.69,292.0,100908.0,True,6,7,157
2020-06-05 08:00:00,22.29,46.7,577.0,769.21,112.0,2.8,0.69,220.0,100948.0,True,6,8,157
2020-06-05 09:00:00,23.33,45.6,769.0,901.3,87.0,0.6,1.31,188.0,100978.0,True,6,9,157
2020-06-05 10:00:00,25.06,39.0,888.0,875.12,124.0,5.0,1.59,178.0,100968.0,True,6,10,157
2020-06-05 11:00:00,25.94,36.35,981.0,916.88,114.0,7.4,1.79,194.0,100988.0,True,6,11,157
2020-06-05 12:00:00,25.92,37.0,999.0,892.24,134.0,30.4,2.55,189.0,100938.0,True,6,12,157
2020-06-05 13:00:00,26.54,37.25,997.0,978.78,74.0,-26.6,2.9,195.0,100898.0,True,6,13,157
2020-06-05 14:00:00,27.24,35.95,904.0,949.29,80.0,1.15,3.31,202.0,100898.0,True,6,14,157
2020-06-05 15:00:00,27.01,38.15,757.0,887.12,92.0,7.0,3.66,211.0,100868.0,True,6,15,157
2020-06-05 16:00:00,27.09,38.7,563.0,750.18,116.0,-5.8,3.59,219.0,100819.0,True,6,16,157
2020-06-05 17:00:00,26.61,39.9,364.0,632.74,100.0,-1.6,3.17,221.0,100759.0,True,6,17,157
2020-06-05 18:00:00,25.9,40.4,168.0,447.08,67.0,-3.0,2.69,224.0,100769.0,True,6,18,157
2020-06-05 19:00:00,25.3,40.0,0.0,0.0,0.0,-3.2,1.86,229.0,100769.0,True,6,19,157
2020-06-05 20:00:00,23.37,47.8,0.0,-0.0,0.0,-5.2,1.31,237.0,100819.0,True,6,20,157
2020-06-05 21:00:00,22.14,51.2,0.0,-0.0,0.0,-4.2,1.17,258.0,100888.0,True,6,21,157
2020-06-05 22:00:00,21.32,50.5,0.0,-0.0,0.0,-3.35,1.24,283.0,100908.0,True,6,22,157
2020-06-05 23:00:00,20.57,52.3,0.0,-0.0,0.0,-4.0,1.38,299.0,100918.0,True,6,23,157
2020-06-06 00:00:00,19.87,54.35,0.0,-0.0,0.0,-3.0,1.38,314.0,100908.0,True,6,0,158
2020-06-06 01:00:00,19.12,55.55,0.0,-0.0,0.0,324.65,1.17,316.0,100868.0,True,6,1,158
2020-06-06 02:00:00,18.5,56.4,0.0,-0.0,0.0,-1.6,1.24,308.0,100849.0,True,6,2,158
2020-06-06 03:00:00,18.13,55.6,0.0,-0.0,0.0,-0.2,1.38,303.0,100839.0,True,6,3,158
2020-06-06 04:00:00,17.94,55.25,0.0,-0.0,0.0,0.8,1.45,306.0,100809.0,True,6,4,158
2020-06-06 05:00:00,17.49,56.75,7.0,0.0,7.0,-5.0,1.38,311.0,100809.0,True,6,5,158
2020-06-06 06:00:00,18.51,54.5,173.0,406.28,77.0,-2.15,1.31,311.0,100809.0,True,6,6,158
2020-06-06 07:00:00,20.47,50.2,267.0,180.26,190.0,12.2,0.83,276.0,100809.0,True,6,7,158
2020-06-06 08:00:00,23.1,43.7,410.0,216.63,279.0,7.0,1.72,220.0,100839.0,True,6,8,158
2020-06-06 09:00:00,24.6,38.05,629.0,436.01,299.0,1.6,2.48,217.0,100839.0,True,6,9,158
2020-06-06 10:00:00,25.97,37.25,711.0,388.21,372.0,6.2,2.83,225.0,100819.0,True,6,10,158
2020-06-06 11:00:00,27.02,33.4,854.0,553.97,330.0,8.2,3.45,219.0,100769.0,True,6,11,158
2020-06-06 12:00:00,27.64,30.7,917.0,648.52,288.0,2.8,4.34,214.0,100749.0,True,6,12,158
2020-06-06 13:00:00,27.99,27.3,935.0,768.33,210.0,2.0,4.9,217.0,100669.0,True,6,13,158
2020-06-06 14:00:00,28.16,26.7,664.0,305.01,399.0,-5.8,5.1,221.0,100609.0,True,6,14,158
2020-06-06 15:00:00,28.25,26.0,606.0,394.35,310.0,-4.8,5.52,227.0,100540.0,True,6,15,158
2020-06-06 16:00:00,28.37,24.6,418.0,249.56,269.0,-1.4,5.59,232.0,100460.0,True,6,16,158
2020-06-06 17:00:00,27.58,25.7,358.0,578.09,116.0,9.2,5.31,231.0,100430.0,True,6,17,158
2020-06-06 18:00:00,26.23,28.1,173.0,474.83,65.0,8.2,4.34,229.0,100400.0,True,6,18,158
2020-06-06 19:00:00,24.93,30.25,0.0,0.0,0.0,-15.6,3.59,233.0,100420.0,True,6,19,158
2020-06-06 20:00:00,23.37,34.9,0.0,-0.0,0.0,-6.4,2.9,242.0,100420.0,True,6,20,158
2020-06-06 21:00:00,22.52,37.3,0.0,-0.0,0.0,-10.4,2.48,246.0,100480.0,True,6,21,158
2020-06-06 22:00:00,22.06,34.75,0.0,-0.0,0.0,-5.8,2.55,253.0,100500.0,True,6,22,158
2020-06-06 23:00:00,21.11,39.0,0.0,-0.0,0.0,3.6,3.38,231.0,100619.0,True,6,23,158
2020-06-07 00:00:00,20.4,44.05,0.0,-0.0,0.0,2.8,3.38,239.0,100619.0,True,6,0,159
2020-06-07 01:00:00,19.65,48.3,0.0,-0.0,0.0,324.65,2.83,250.0,100549.0,True,6,1,159
2020-06-07 02:00:00,19.12,53.15,0.0,-0.0,0.0,0.75,2.41,256.0,100530.0,True,6,2,159
2020-06-07 03:00:00,18.79,53.9,0.0,-0.0,0.0,-2.0,1.93,256.0,100520.0,True,6,3,159
2020-06-07 04:00:00,18.73,54.1,0.0,-0.0,0.0,-4.2,1.79,256.0,100540.0,True,6,4,159
2020-06-07 05:00:00,18.53,55.8,12.0,21.94,11.0,-2.0,1.72,262.0,100569.0,True,6,5,159
2020-06-07 06:00:00,19.44,52.45,161.0,333.9,82.0,1.35,2.34,266.0,100609.0,True,6,6,159
2020-06-07 07:00:00,20.99,47.45,301.0,301.86,172.0,5.4,2.55,262.0,100659.0,True,6,7,159
2020-06-07 08:00:00,22.95,40.9,523.0,565.43,181.0,4.6,3.1,254.0,100689.0,True,6,8,159
2020-06-07 09:00:00,23.92,38.5,752.0,858.67,102.0,10.0,3.66,250.0,100709.0,True,6,9,159
2020-06-07 10:00:00,24.56,38.5,882.0,875.89,117.0,7.6,3.66,230.0,100709.0,True,6,10,159
2020-06-07 11:00:00,25.32,37.75,943.0,822.27,165.0,8.0,4.0,233.0,100739.0,True,6,11,159
2020-06-07 12:00:00,25.04,37.45,961.0,798.73,186.0,6.0,4.41,233.0,100719.0,True,6,12,159
2020-06-07 13:00:00,25.85,36.3,985.0,961.69,77.0,-0.35,4.76,233.0,100689.0,True,6,13,159
2020-06-07 14:00:00,27.03,32.5,872.0,857.89,126.0,-0.75,5.03,236.0,100679.0,True,6,14,159
2020-06-07 15:00:00,26.47,36.05,725.0,779.7,139.0,-3.2,4.76,254.0,100689.0,True,6,15,159
2020-06-07 16:00:00,25.86,37.65,504.0,518.21,194.0,15.4,3.66,261.0,100649.0,True,6,16,159
2020-06-07 17:00:00,25.06,38.65,359.0,604.82,105.0,-18.0,3.79,243.0,100619.0,True,6,17,159
2020-06-07 18:00:00,24.69,37.1,167.0,428.06,69.0,22.0,3.45,249.0,100629.0,True,6,18,159
2020-06-07 19:00:00,23.63,38.55,0.0,0.0,0.0,-27.2,2.69,250.0,100639.0,True,6,19,159
2020-06-07 20:00:00,22.02,44.25,0.0,-0.0,0.0,-10.8,2.14,251.0,100689.0,True,6,20,159
2020-06-07 21:00:00,20.9,48.1,0.0,-0.0,0.0,-8.2,1.59,262.0,100789.0,True,6,21,159
2020-06-07 22:00:00,19.55,53.4,0.0,-0.0,0.0,-2.8,1.45,283.0,100789.0,True,6,22,159
2020-06-07 23:00:00,18.73,55.05,0.0,-0.0,0.0,-1.4,1.72,291.0,100769.0,True,6,23,159
2020-06-08 00:00:00,18.09,55.35,0.0,-0.0,0.0,0.6,1.86,299.0,100719.0,True,6,0,160
2020-06-08 01:00:00,17.23,56.65,0.0,-0.0,0.0,318.25,1.86,303.0,100709.0,True,6,1,160
2020-06-08 02:00:00,16.64,58.2,0.0,-0.0,0.0,-0.15,1.72,308.0,100699.0,True,6,2,160
2020-06-08 03:00:00,16.54,58.95,0.0,-0.0,0.0,-0.8,1.59,314.0,100719.0,True,6,3,160
2020-06-08 04:00:00,16.14,60.95,0.0,-0.0,0.0,-1.0,1.38,326.0,100759.0,True,6,4,160
2020-06-08 05:00:00,15.77,62.9,15.0,65.28,12.0,-3.2,1.38,334.0,100809.0,True,6,5,160
2020-06-08 06:00:00,17.33,59.2,173.0,409.58,76.0,4.2,1.31,338.0,100859.0,True,6,6,160
2020-06-08 07:00:00,19.1,52.55,370.0,615.23,107.0,0.35,0.55,332.0,100898.0,True,6,7,160
2020-06-08 08:00:00,21.45,42.65,550.0,657.93,152.0,11.8,0.48,177.0,100958.0,True,6,8,160
2020-06-08 09:00:00,22.65,41.6,716.0,709.32,179.0,16.0,1.38,175.0,100968.0,True,6,9,160
2020-06-08 10:00:00,22.81,44.65,852.0,763.57,185.0,-1.6,1.66,191.0,100958.0,True,6,10,160
2020-06-08 11:00:00,23.14,44.75,947.0,816.79,174.0,14.8,1.93,201.0,100968.0,True,6,11,160
2020-06-08 12:00:00,23.89,44.5,975.0,824.18,175.0,-14.4,1.86,193.0,100958.0,True,6,12,160
2020-06-08 13:00:00,24.3,41.8,913.0,726.15,227.0,4.0,1.79,204.0,100938.0,True,6,13,160
2020-06-08 14:00:00,24.98,37.65,759.0,515.91,310.0,6.2,1.86,197.0,100938.0,True,6,14,160
2020-06-08 15:00:00,25.46,34.15,734.0,792.02,138.0,-10.0,1.31,190.0,100918.0,True,6,15,160
2020-06-08 16:00:00,25.27,30.7,525.0,582.31,176.0,-9.8,1.24,172.0,100908.0,True,6,16,160
2020-06-08 17:00:00,24.7,29.4,355.0,562.6,118.0,1.6,1.24,167.0,100888.0,True,6,17,160
2020-06-08 18:00:00,23.79,28.9,160.0,355.93,78.0,-10.4,1.1,142.0,100898.0,True,6,18,160
2020-06-08 19:00:00,22.29,33.2,0.0,0.0,0.0,-2.8,1.93,90.0,100938.0,True,6,19,160
2020-06-08 20:00:00,19.41,50.05,0.0,-0.0,0.0,-3.0,2.41,85.0,101048.0,True,6,20,160
2020-06-08 21:00:00,17.95,61.75,0.0,-0.0,0.0,7.4,2.21,86.0,101188.0,True,6,21,160
2020-06-08 22:00:00,16.97,78.3,0.0,-0.0,0.0,3.4,1.79,75.0,101247.0,True,6,22,160
2020-06-08 23:00:00,16.78,79.75,0.0,-0.0,0.0,-2.4,1.17,86.0,101287.0,True,6,23,160
2020-06-09 00:00:00,16.14,82.65,0.0,-0.0,0.0,18.8,1.31,84.0,101267.0,True,6,0,161
2020-06-09 01:00:00,15.72,85.65,0.0,-0.0,0.0,335.85,0.9,106.0,101277.0,True,6,1,161
2020-06-09 02:00:00,14.93,85.6,0.0,-0.0,0.0,8.0,0.48,120.0,101247.0,True,6,2,161
2020-06-09 03:00:00,15.13,82.25,0.0,-0.0,0.0,-0.6,0.21,12.0,101247.0,True,6,3,161
2020-06-09 04:00:00,15.11,81.3,0.0,-0.0,0.0,1.8,0.76,330.0,101247.0,True,6,4,161
2020-06-09 05:00:00,14.87,82.85,13.0,43.25,11.0,-1.8,0.83,339.0,101247.0,True,6,5,161
2020-06-09 06:00:00,15.73,76.65,150.0,248.96,91.0,-3.0,0.48,8.0,101307.0,True,6,6,161
2020-06-09 07:00:00,16.65,75.85,334.0,425.69,152.0,-1.0,0.55,119.0,101347.0,True,6,7,161
2020-06-09 08:00:00,18.3,67.1,550.0,649.65,157.0,0.35,1.24,137.0,101387.0,True,6,8,161
2020-06-09 09:00:00,18.92,62.7,727.0,740.99,166.0,-0.75,1.52,141.0,101427.0,True,6,9,161
2020-06-09 10:00:00,21.03,53.6,828.0,683.37,231.0,9.4,1.59,165.0,101437.0,True,6,10,161
2020-06-09 11:00:00,21.21,51.25,899.0,676.12,259.0,31.2,1.59,189.0,101447.0,True,6,11,161
2020-06-09 12:00:00,20.26,55.5,952.0,751.8,222.0,-16.2,1.86,199.0,101407.0,True,6,12,161
2020-06-09 13:00:00,20.39,58.25,835.0,522.63,341.0,-4.4,2.21,200.0,101377.0,True,6,13,161
2020-06-09 14:00:00,20.32,59.2,871.0,826.63,151.0,12.4,2.0,192.0,101357.0,True,6,14,161
2020-06-09 15:00:00,21.29,55.6,750.0,842.84,115.0,-1.8,1.86,191.0,101307.0,True,6,15,161
2020-06-09 16:00:00,21.09,54.55,562.0,726.15,126.0,-11.0,1.66,192.0,101297.0,True,6,16,161
2020-06-09 17:00:00,21.11,51.65,360.0,579.87,115.0,-12.0,1.38,204.0,101227.0,True,6,17,161
2020-06-09 18:00:00,20.49,51.5,169.0,414.21,73.0,-13.6,0.97,204.0,101247.0,True,6,18,161
2020-06-09 19:00:00,20.13,51.35,0.0,0.0,0.0,-3.0,0.69,200.0,101247.0,True,6,19,161
2020-06-09 20:00:00,18.65,60.15,0.0,-0.0,0.0,-5.4,0.41,218.0,101277.0,True,6,20,161
2020-06-09 21:00:00,17.41,64.8,0.0,-0.0,0.0,-5.4,0.41,253.0,101357.0,True,6,21,161
2020-06-09 22:00:00,16.85,69.85,0.0,-0.0,0.0,1.4,0.83,236.0,101417.0,True,6,22,161
2020-06-09 23:00:00,16.06,71.75,0.0,-0.0,0.0,-4.4,1.03,244.0,101397.0,True,6,23,161
2020-06-10 00:00:00,15.73,72.3,0.0,-0.0,0.0,-1.6,1.24,253.0,101387.0,True,6,0,162
2020-06-10 01:00:00,15.37,72.05,0.0,-0.0,0.0,313.65,1.38,255.0,101347.0,True,6,1,162
2020-06-10 02:00:00,14.58,75.15,0.0,-0.0,0.0,-1.6,1.31,275.0,101317.0,True,6,2,162
2020-06-10 03:00:00,14.59,73.5,0.0,-0.0,0.0,0.4,1.31,300.0,101247.0,True,6,3,162
2020-06-10 04:00:00,14.67,70.75,0.0,-0.0,0.0,2.0,1.24,317.0,101267.0,True,6,4,162
2020-06-10 05:00:00,14.57,70.6,17.0,86.13,13.0,2.2,1.1,321.0,101247.0,True,6,5,162
2020-06-10 06:00:00,15.99,62.4,166.0,354.34,82.0,-3.0,0.97,319.0,101277.0,True,6,6,162
2020-06-10 07:00:00,17.96,54.5,376.0,636.2,104.0,7.2,0.62,291.0,101297.0,True,6,7,162
2020-06-10 08:00:00,20.94,46.3,561.0,692.67,142.0,4.0,0.69,205.0,101317.0,True,6,8,162
2020-06-10 09:00:00,22.09,45.25,738.0,774.04,152.0,6.6,1.45,183.0,101327.0,True,6,9,162
2020-06-10 10:00:00,22.68,44.3,864.0,786.35,177.0,3.6,2.0,178.0,101377.0,True,6,10,162
2020-06-10 11:00:00,23.53,41.5,902.0,679.18,259.0,3.8,2.34,185.0,101357.0,True,6,11,162
2020-06-10 12:00:00,23.88,39.7,914.0,644.49,288.0,16.2,2.62,193.0,101297.0,True,6,12,162
2020-06-10 13:00:00,24.5,36.3,750.0,347.89,421.0,-2.4,2.97,197.0,101247.0,True,6,13,162
2020-06-10 14:00:00,24.53,36.4,856.0,769.78,185.0,-1.75,3.17,204.0,101188.0,True,6,14,162
2020-06-10 15:00:00,24.74,34.4,749.0,831.27,122.0,-0.2,3.24,211.0,101138.0,True,6,15,162
2020-06-10 16:00:00,24.88,31.75,553.0,676.67,146.0,1.0,3.03,212.0,101088.0,True,6,16,162
2020-06-10 17:00:00,24.37,33.1,359.0,564.06,120.0,-9.8,2.69,213.0,101008.0,True,6,17,162
2020-06-10 18:00:00,24.07,33.6,171.0,424.71,72.0,-5.6,2.28,220.0,100968.0,True,6,18,162
2020-06-10 19:00:00,22.83,36.7,7.0,0.0,7.0,-9.6,1.66,225.0,100968.0,True,6,19,162
2020-06-10 20:00:00,21.0,45.65,0.0,-0.0,0.0,-4.4,1.03,241.0,100978.0,True,6,20,162
2020-06-10 21:00:00,20.0,48.3,0.0,-0.0,0.0,-1.75,1.59,259.0,101028.0,True,6,21,162
2020-06-10 22:00:00,19.05,49.1,0.0,-0.0,0.0,1.35,1.59,262.0,101078.0,True,6,22,162
2020-06-10 23:00:00,18.77,48.65,0.0,-0.0,0.0,2.6,1.72,277.0,101028.0,True,6,23,162
2020-06-11 00:00:00,18.26,49.55,0.0,-0.0,0.0,0.2,1.86,290.0,101008.0,True,6,0,163
2020-06-11 01:00:00,17.75,49.2,0.0,-0.0,0.0,324.85,1.93,300.0,100928.0,True,6,1,163
2020-06-11 02:00:00,17.07,51.95,0.0,-0.0,0.0,-2.2,2.07,300.0,100859.0,True,6,2,163
2020-06-11 03:00:00,16.73,53.8,0.0,-0.0,0.0,-4.6,2.07,306.0,100829.0,True,6,3,163
2020-06-11 04:00:00,15.87,56.5,0.0,-0.0,0.0,-5.0,2.14,306.0,100789.0,True,6,4,163
2020-06-11 05:00:00,15.61,56.9,19.0,128.87,13.0,-3.8,2.14,307.0,100789.0,True,6,5,163
2020-06-11 06:00:00,18.1,50.8,175.0,400.74,80.0,-2.6,1.52,310.0,100789.0,True,6,6,163
2020-06-11 07:00:00,20.23,44.45,365.0,545.07,132.0,4.6,1.24,276.0,100779.0,True,6,7,163
2020-06-11 08:00:00,22.68,39.45,539.0,572.08,193.0,5.0,2.0,234.0,100799.0,True,6,8,163
2020-06-11 09:00:00,23.77,36.15,703.0,623.51,231.0,3.6,2.97,226.0,100759.0,True,6,9,163
2020-06-11 10:00:00,25.3,32.75,822.0,629.53,272.0,2.8,3.52,222.0,100709.0,True,6,10,163
2020-06-11 11:00:00,25.98,28.7,909.0,660.08,284.0,1.4,4.21,225.0,100679.0,True,6,11,163
2020-06-11 12:00:00,26.5,25.75,953.0,708.12,265.0,-1.0,4.76,227.0,100609.0,True,6,12,163
2020-06-11 13:00:00,26.57,26.1,929.0,716.58,251.0,-1.6,5.1,230.0,100540.0,True,6,13,163
2020-06-11 14:00:00,26.79,26.25,820.0,628.21,272.0,-0.35,5.38,233.0,100470.0,True,6,14,163
2020-06-11 15:00:00,26.82,26.05,746.0,772.08,163.0,0.6,5.45,236.0,100400.0,True,6,15,163
2020-06-11 16:00:00,26.66,26.1,555.0,642.34,168.0,0.35,5.31,238.0,100340.0,True,6,16,163
2020-06-11 17:00:00,25.84,27.9,374.0,607.23,116.0,-0.6,4.97,241.0,100330.0,True,6,17,163
2020-06-11 18:00:00,24.53,29.55,180.0,465.07,71.0,-2.0,4.41,244.0,100320.0,True,6,18,163
2020-06-11 19:00:00,22.94,33.2,9.0,0.0,9.0,-4.2,3.52,246.0,100360.0,True,6,19,163
2020-06-11 20:00:00,21.09,40.9,0.0,-0.0,0.0,-3.2,2.76,249.0,100390.0,True,6,20,163
2020-06-11 21:00:00,19.91,44.45,0.0,-0.0,0.0,-1.55,2.28,251.0,100450.0,True,6,21,163
2020-06-11 22:00:00,18.62,48.0,0.0,-0.0,0.0,-0.4,2.07,258.0,100460.0,True,6,22,163
2020-06-11 23:00:00,17.93,51.55,0.0,-0.0,0.0,3.8,2.0,261.0,100460.0,True,6,23,163
2020-06-12 00:00:00,17.57,53.45,0.0,-0.0,0.0,7.6,1.93,263.0,100440.0,True,6,0,164
2020-06-12 01:00:00,16.99,56.5,0.0,-0.0,0.0,318.45,2.0,258.0,100440.0,True,6,1,164
2020-06-12 02:00:00,16.37,59.15,0.0,-0.0,0.0,2.6,2.0,254.0,100430.0,True,6,2,164
2020-06-12 03:00:00,15.91,62.4,0.0,-0.0,0.0,-6.8,1.79,253.0,100440.0,True,6,3,164
2020-06-12 04:00:00,15.55,66.25,0.0,-0.0,0.0,1.0,1.79,255.0,100450.0,True,6,4,164
2020-06-12 05:00:00,15.45,66.9,8.0,0.0,8.0,-0.6,1.66,254.0,100470.0,True,6,5,164
2020-06-12 06:00:00,16.31,64.65,140.0,194.1,94.0,2.8,2.41,247.0,100520.0,True,6,6,164
2020-06-12 07:00:00,17.31,63.6,313.0,334.63,170.0,3.4,3.03,244.0,100549.0,True,6,7,164
2020-06-12 08:00:00,19.74,54.35,566.0,719.41,131.0,7.8,3.59,242.0,100579.0,True,6,8,164
2020-06-12 09:00:00,21.02,47.85,712.0,688.35,191.0,4.2,4.21,241.0,100599.0,True,6,9,164
2020-06-12 10:00:00,23.03,39.5,882.0,847.04,142.0,1.6,4.48,236.0,100579.0,True,6,10,164
2020-06-12 11:00:00,23.16,40.15,948.0,807.86,183.0,1.35,5.24,234.0,100569.0,True,6,11,164
2020-06-12 12:00:00,23.19,41.05,1031.0,980.63,78.0,7.2,5.66,229.0,100540.0,True,6,12,164
2020-06-12 13:00:00,23.5,39.8,963.0,854.65,154.0,-4.2,5.66,232.0,100510.0,True,6,13,164
2020-06-12 14:00:00,22.82,41.85,881.0,846.57,142.0,3.8,5.79,232.0,100510.0,True,6,14,164
2020-06-12 15:00:00,23.14,40.3,751.0,832.12,122.0,7.6,5.66,234.0,100500.0,True,6,15,164
2020-06-12 16:00:00,23.61,37.15,558.0,691.02,141.0,-12.2,5.52,237.0,100520.0,True,6,16,164
2020-06-12 17:00:00,22.83,38.4,375.0,643.21,101.0,-1.0,5.17,240.0,100549.0,True,6,17,164
2020-06-12 18:00:00,22.04,40.35,179.0,475.39,67.0,-3.4,4.55,241.0,100599.0,True,6,18,164
2020-06-12 19:00:00,20.74,42.8,9.0,0.0,9.0,-4.2,3.66,242.0,100669.0,True,6,19,164
2020-06-12 20:00:00,19.33,50.15,0.0,-0.0,0.0,1.8,2.97,245.0,100699.0,True,6,20,164
2020-06-12 21:00:00,18.44,53.4,0.0,-0.0,0.0,-11.8,2.41,242.0,100799.0,True,6,21,164
2020-06-12 22:00:00,17.95,53.5,0.0,-0.0,0.0,-6.6,1.86,247.0,100849.0,True,6,22,164
2020-06-12 23:00:00,17.63,56.35,0.0,-0.0,0.0,-1.6,1.59,249.0,100868.0,True,6,23,164
2020-06-13 00:00:00,17.0,59.6,0.0,-0.0,0.0,-3.2,1.45,271.0,100888.0,True,6,0,165
2020-06-13 01:00:00,15.96,63.15,0.0,-0.0,0.0,304.2,1.86,282.0,100878.0,True,6,1,165
2020-06-13 02:00:00,14.82,67.15,0.0,-0.0,0.0,-5.6,2.07,295.0,100878.0,True,6,2,165
2020-06-13 03:00:00,14.44,66.95,0.0,-0.0,0.0,-3.6,1.93,310.0,100928.0,True,6,3,165
2020-06-13 04:00:00,14.01,66.25,0.0,-0.0,0.0,-2.4,1.72,318.0,100988.0,True,6,4,165
2020-06-13 05:00:00,13.63,66.7,18.0,128.91,12.0,-4.6,1.38,326.0,101038.0,True,6,5,165
2020-06-13 06:00:00,14.77,62.15,174.0,401.11,79.0,0.8,1.03,335.0,101108.0,True,6,6,165
2020-06-13 07:00:00,16.82,51.1,362.0,540.81,131.0,6.8,0.34,339.0,101197.0,True,6,7,165
2020-06-13 08:00:00,19.54,39.55,535.0,572.41,189.0,6.8,0.55,185.0,101237.0,True,6,8,165
2020-06-13 09:00:00,20.97,36.05,695.0,613.17,231.0,7.8,1.17,180.0,101307.0,True,6,9,165
2020-06-13 10:00:00,22.17,33.05,794.0,568.93,297.0,9.6,1.93,187.0,101357.0,True,6,10,165
2020-06-13 11:00:00,23.21,32.0,851.0,535.37,344.0,0.0,2.28,190.0,101377.0,True,6,11,165
2020-06-13 12:00:00,23.93,31.5,948.0,711.9,256.0,2.0,2.69,195.0,101367.0,True,6,12,165
2020-06-13 13:00:00,24.13,32.25,845.0,523.77,349.0,3.0,3.1,197.0,101347.0,True,6,13,165
2020-06-13 14:00:00,24.2,32.1,803.0,594.15,284.0,1.2,3.38,199.0,101337.0,True,6,14,165
2020-06-13 15:00:00,24.01,32.25,731.0,730.84,178.0,-0.35,3.45,204.0,101297.0,True,6,15,165
2020-06-13 16:00:00,23.97,32.2,537.0,584.06,184.0,-1.2,3.17,210.0,101297.0,True,6,16,165
2020-06-13 17:00:00,23.6,33.4,377.0,629.9,108.0,-2.0,2.76,213.0,101257.0,True,6,17,165
2020-06-13 18:00:00,23.0,33.65,176.0,426.6,75.0,-2.2,2.28,214.0,101257.0,True,6,18,165
2020-06-13 19:00:00,22.08,33.5,7.0,0.0,7.0,-3.0,1.59,210.0,101267.0,True,6,19,165
2020-06-13 20:00:00,20.67,36.0,0.0,-0.0,0.0,-4.4,0.83,212.0,101287.0,True,6,20,165
2020-06-13 21:00:00,19.28,40.3,0.0,-0.0,0.0,-2.8,0.55,247.0,101357.0,True,6,21,165
2020-06-13 22:00:00,18.64,41.7,0.0,-0.0,0.0,-1.6,0.28,342.0,101437.0,True,6,22,165
2020-06-13 23:00:00,18.13,42.5,0.0,-0.0,0.0,4.6,0.69,315.0,101437.0,True,6,23,165
2020-06-14 00:00:00,17.48,44.5,0.0,-0.0,0.0,16.0,0.97,306.0,101407.0,True,6,0,166
2020-06-14 01:00:00,17.0,44.1,0.0,-0.0,0.0,322.85,1.17,302.0,101397.0,True,6,1,166
2020-06-14 02:00:00,15.86,47.6,0.0,-0.0,0.0,-16.8,1.45,298.0,101377.0,True,6,2,166
2020-06-14 03:00:00,15.71,46.05,0.0,-0.0,0.0,-0.6,1.59,302.0,101367.0,True,6,3,166
2020-06-14 04:00:00,15.28,45.6,0.0,-0.0,0.0,-7.4,1.59,310.0,101357.0,True,6,4,166
2020-06-14 05:00:00,15.23,42.95,8.0,0.0,8.0,3.35,1.59,308.0,101367.0,True,6,5,166
2020-06-14 06:00:00,16.87,38.2,138.0,177.5,96.0,-0.6,1.31,306.0,101437.0,True,6,6,166
2020-06-14 07:00:00,19.05,36.85,355.0,515.37,135.0,17.6,1.17,276.0,101477.0,True,6,7,166
2020-06-14 08:00:00,21.79,35.65,591.0,815.95,98.0,-8.6,1.31,236.0,101536.0,True,6,8,166
2020-06-14 09:00:00,23.21,32.7,772.0,892.24,97.0,7.4,1.59,215.0,101556.0,True,6,9,166
2020-06-14 10:00:00,24.59,32.15,891.0,858.66,141.0,5.6,2.21,202.0,101636.0,True,6,10,166
2020-06-14 11:00:00,25.86,29.2,979.0,882.76,143.0,5.4,2.62,208.0,101636.0,True,6,11,166
2020-06-14 12:00:00,26.52,28.65,1042.0,993.59,76.0,4.8,2.76,209.0,101596.0,True,6,12,166
2020-06-14 13:00:00,26.91,29.0,995.0,933.13,111.0,3.2,2.83,207.0,101536.0,True,6,13,166
2020-06-14 14:00:00,27.01,28.9,910.0,923.26,103.0,2.0,2.9,207.0,101497.0,True,6,14,166
2020-06-14 15:00:00,26.84,30.9,744.0,784.26,150.0,1.0,3.03,211.0,101457.0,True,6,15,166
2020-06-14 16:00:00,26.62,32.4,570.0,717.03,136.0,-0.35,2.97,215.0,101467.0,True,6,16,166
2020-06-14 17:00:00,25.83,33.2,380.0,649.43,102.0,-2.4,2.62,218.0,101407.0,True,6,17,166
2020-06-14 18:00:00,25.31,33.7,182.0,470.86,70.0,-3.8,2.07,219.0,101437.0,True,6,18,166
2020-06-14 19:00:00,24.27,35.0,10.0,0.0,10.0,-4.6,1.52,225.0,101447.0,True,6,19,166
2020-06-14 20:00:00,22.57,39.15,0.0,-0.0,0.0,-5.8,0.9,251.0,101487.0,True,6,20,166
2020-06-14 21:00:00,21.58,40.05,0.0,-0.0,0.0,-3.6,1.1,291.0,101516.0,True,6,21,166
2020-06-14 22:00:00,20.57,40.6,0.0,-0.0,0.0,-2.35,1.66,322.0,101606.0,True,6,22,166
2020-06-14 23:00:00,19.2,42.25,0.0,-0.0,0.0,-1.6,1.72,324.0,101606.0,True,6,23,166
2020-06-15 00:00:00,18.59,42.55,0.0,-0.0,0.0,-1.15,1.72,318.0,101616.0,True,6,0,167
2020-06-15 01:00:00,17.96,41.95,0.0,-0.0,0.0,312.05,1.72,313.0,101596.0,True,6,1,167
2020-06-15 02:00:00,16.86,43.8,0.0,-0.0,0.0,-2.0,1.72,312.0,101596.0,True,6,2,167
2020-06-15 03:00:00,16.32,44.8,0.0,-0.0,0.0,-2.6,1.72,314.0,101586.0,True,6,3,167
2020-06-15 04:00:00,15.86,45.25,0.0,-0.0,0.0,-2.6,1.66,319.0,101606.0,True,6,4,167
2020-06-15 05:00:00,15.59,45.95,19.0,129.86,13.0,-2.35,1.52,323.0,101616.0,True,6,5,167
2020-06-15 06:00:00,17.67,43.15,185.0,495.06,68.0,-0.35,1.52,327.0,101686.0,True,6,6,167
2020-06-15 07:00:00,20.47,37.1,376.0,616.57,113.0,5.8,0.97,324.0,101726.0,True,6,7,167
2020-06-15 08:00:00,23.61,31.8,553.0,637.53,168.0,8.8,0.41,217.0,101746.0,True,6,8,167
2020-06-15 09:00:00,24.81,31.4,715.0,670.39,208.0,7.8,1.24,181.0,101776.0,True,6,9,167
2020-06-15 10:00:00,26.17,29.1,808.0,598.87,285.0,6.2,1.93,178.0,101826.0,True,6,10,167
2020-06-15 11:00:00,27.01,28.65,866.0,564.93,331.0,5.6,2.34,189.0,101816.0,True,6,11,167
2020-06-15 12:00:00,27.36,28.75,981.0,790.83,212.0,4.6,2.76,195.0,101756.0,True,6,12,167
2020-06-15 13:00:00,28.03,27.95,915.0,682.71,268.0,2.8,2.97,200.0,101716.0,True,6,13,167
2020-06-15 14:00:00,28.37,27.9,857.0,732.91,216.0,1.55,3.03,206.0,101636.0,True,6,14,167
2020-06-15 15:00:00,28.12,28.45,688.0,580.4,248.0,0.0,3.03,211.0,101596.0,True,6,15,167
2020-06-15 16:00:00,28.26,29.15,540.0,579.09,189.0,-1.15,3.03,218.0,101536.0,True,6,16,167
2020-06-15 17:00:00,27.73,30.65,372.0,582.7,122.0,-2.35,2.9,223.0,101467.0,True,6,17,167
2020-06-15 18:00:00,27.08,31.95,178.0,418.58,78.0,-4.0,2.41,227.0,101447.0,True,6,18,167
2020-06-15 19:00:00,26.09,31.35,10.0,0.0,10.0,-3.0,1.79,235.0,101437.0,True,6,19,167
2020-06-15 20:00:00,23.79,36.85,0.0,-0.0,0.0,-5.6,1.24,259.0,101457.0,True,6,20,167
2020-06-15 21:00:00,22.48,37.45,0.0,-0.0,0.0,-3.4,1.52,282.0,101477.0,True,6,21,167
2020-06-15 22:00:00,21.68,36.85,0.0,-0.0,0.0,2.8,1.45,325.0,101487.0,True,6,22,167
2020-06-15 23:00:00,20.67,38.35,0.0,-0.0,0.0,-3.0,1.59,331.0,101467.0,True,6,23,167
2020-06-16 00:00:00,19.28,40.55,0.0,-0.0,0.0,0.8,1.24,331.0,101427.0,True,6,0,168
2020-06-16 01:00:00,18.51,41.75,0.0,-0.0,0.0,322.45,1.38,322.0,101377.0,True,6,1,168
2020-06-16 02:00:00,18.07,42.35,0.0,-0.0,0.0,-1.35,1.38,320.0,101357.0,True,6,2,168
2020-06-16 03:00:00,18.42,42.05,0.0,-0.0,0.0,10.0,1.38,321.0,101337.0,True,6,3,168
2020-06-16 04:00:00,17.97,43.45,0.0,-0.0,0.0,-2.15,1.45,321.0,101347.0,True,6,4,168
2020-06-16 05:00:00,18.6,41.7,7.0,0.0,7.0,28.6,1.24,325.0,101327.0,True,6,5,168
2020-06-16 06:00:00,18.84,43.5,64.0,4.24,63.0,9.0,1.17,323.0,101367.0,True,6,6,168
2020-06-16 07:00:00,20.42,41.7,286.0,244.04,182.0,-13.6,1.38,307.0,101417.0,True,6,7,168
2020-06-16 08:00:00,23.65,32.15,570.0,750.58,117.0,-20.6,0.9,301.0,101447.0,True,6,8,168
2020-06-16 09:00:00,25.64,28.6,731.0,765.89,152.0,2.35,0.34,211.0,101417.0,True,6,9,168
2020-06-16 10:00:00,27.62,26.5,796.0,601.29,271.0,5.6,0.97,165.0,101437.0,True,6,10,168
2020-06-16 11:00:00,27.84,27.25,927.0,756.08,211.0,7.6,1.66,176.0,101407.0,True,6,11,168
2020-06-16 12:00:00,28.15,26.6,1015.0,938.79,102.0,2.8,2.34,188.0,101407.0,True,6,12,168
2020-06-16 13:00:00,28.35,27.95,959.0,848.1,155.0,1.35,2.97,204.0,101367.0,True,6,13,168
2020-06-16 14:00:00,28.39,28.75,892.0,887.91,115.0,-0.6,2.97,212.0,101327.0,True,6,14,168
2020-06-16 15:00:00,28.34,29.5,745.0,810.54,130.0,-0.55,2.83,222.0,101247.0,True,6,15,168
2020-06-16 16:00:00,28.48,29.9,555.0,672.25,147.0,-2.2,2.55,229.0,101168.0,True,6,16,168
2020-06-16 17:00:00,28.11,29.8,373.0,616.36,108.0,-1.8,2.34,236.0,101098.0,True,6,17,168
2020-06-16 18:00:00,27.88,28.45,178.0,437.71,73.0,-0.15,2.0,249.0,101068.0,True,6,18,168
2020-06-16 19:00:00,26.79,28.75,10.0,0.0,10.0,-3.4,1.52,269.0,101078.0,True,6,19,168
2020-06-16 20:00:00,24.53,36.05,0.0,-0.0,0.0,-6.4,1.38,283.0,101108.0,True,6,20,168
2020-06-16 21:00:00,23.92,36.25,0.0,-0.0,0.0,-2.2,1.79,316.0,101217.0,True,6,21,168
2020-06-16 22:00:00,23.06,37.0,0.0,-0.0,0.0,-2.15,1.38,342.0,101257.0,True,6,22,168
2020-06-16 23:00:00,22.48,38.2,0.0,-0.0,0.0,-1.0,1.66,337.0,101247.0,True,6,23,168
2020-06-17 00:00:00,21.87,38.7,0.0,-0.0,0.0,2.4,1.45,329.0,101188.0,True,6,0,169
2020-06-17 01:00:00,21.34,38.7,0.0,-0.0,0.0,330.25,1.31,326.0,101178.0,True,6,1,169
2020-06-17 02:00:00,19.93,44.7,0.0,-0.0,0.0,3.4,1.03,336.0,101138.0,True,6,2,169
2020-06-17 03:00:00,19.5,47.3,0.0,-0.0,0.0,-8.8,1.17,356.0,101148.0,True,6,3,169
2020-06-17 04:00:00,18.59,50.25,0.0,-0.0,0.0,-2.2,1.24,8.0,101158.0,True,6,4,169
2020-06-17 05:00:00,18.12,53.55,16.0,87.82,12.0,-1.6,1.31,10.0,101168.0,True,6,5,169
2020-06-17 06:00:00,19.44,52.55,176.0,450.02,70.0,-0.2,1.03,9.0,101207.0,True,6,6,169
2020-06-17 07:00:00,21.46,47.95,370.0,622.47,105.0,10.6,0.62,54.0,101257.0,True,6,7,169
2020-06-17 08:00:00,23.84,40.8,559.0,707.98,132.0,5.2,1.03,133.0,101267.0,True,6,8,169
2020-06-17 09:00:00,24.9,39.45,737.0,792.69,138.0,8.2,1.59,154.0,101287.0,True,6,9,169
2020-06-17 10:00:00,25.72,38.35,850.0,761.82,185.0,3.0,2.07,166.0,101257.0,True,6,10,169
2020-06-17 11:00:00,26.01,36.95,977.0,911.38,114.0,12.8,1.86,182.0,101277.0,True,6,11,169
2020-06-17 12:00:00,26.18,36.5,1003.0,903.74,124.0,2.8,1.93,189.0,101237.0,True,6,12,169
2020-06-17 13:00:00,26.59,35.5,916.0,725.52,228.0,0.0,2.28,193.0,101168.0,True,6,13,169
2020-06-17 14:00:00,27.06,35.95,881.0,853.18,134.0,1.2,2.62,200.0,101118.0,True,6,14,169
2020-06-17 15:00:00,26.94,36.8,669.0,557.04,246.0,-2.4,2.9,211.0,101078.0,True,6,15,169
2020-06-17 16:00:00,26.19,38.25,521.0,539.76,193.0,13.0,2.9,212.0,101008.0,True,6,16,169
2020-06-17 17:00:00,25.87,38.55,307.0,308.72,174.0,-12.0,2.69,212.0,100948.0,True,6,17,169
2020-06-17 18:00:00,25.49,38.75,170.0,369.59,81.0,-5.8,2.34,212.0,100938.0,True,6,18,169
2020-06-17 19:00:00,24.38,40.2,14.0,0.0,14.0,-8.4,1.86,213.0,100928.0,True,6,19,169
2020-06-17 20:00:00,22.65,44.75,0.0,-0.0,0.0,-10.0,1.03,224.0,100958.0,True,6,20,169
2020-06-17 21:00:00,21.45,47.7,0.0,-0.0,0.0,-4.6,0.55,265.0,101008.0,True,6,21,169
2020-06-17 22:00:00,21.24,49.15,0.0,-0.0,0.0,-2.6,1.1,335.0,101038.0,True,6,22,169
2020-06-17 23:00:00,20.45,50.0,0.0,-0.0,0.0,-2.6,0.69,10.0,100998.0,True,6,23,169
2020-06-18 00:00:00,19.45,51.95,0.0,-0.0,0.0,-2.2,0.97,37.0,100978.0,True,6,0,170
2020-06-18 01:00:00,18.47,54.55,0.0,-0.0,0.0,323.85,0.97,30.0,100988.0,True,6,1,170
2020-06-18 02:00:00,17.39,58.5,0.0,-0.0,0.0,-2.4,1.03,30.0,100928.0,True,6,2,170
2020-06-18 03:00:00,17.11,57.85,0.0,-0.0,0.0,-2.6,1.03,23.0,100928.0,True,6,3,170
2020-06-18 04:00:00,16.66,59.75,0.0,-0.0,0.0,-3.35,0.97,22.0,100938.0,True,6,4,170
2020-06-18 05:00:00,16.08,61.45,15.0,66.52,12.0,2.75,0.76,40.0,100968.0,True,6,5,170
2020-06-18 06:00:00,17.56,60.05,167.0,378.65,78.0,-4.2,0.83,57.0,100998.0,True,6,6,170
2020-06-18 07:00:00,19.0,63.8,340.0,467.99,141.0,26.0,1.17,79.0,101018.0,True,6,7,170
2020-06-18 08:00:00,21.45,54.1,541.0,632.19,160.0,-7.6,1.38,96.0,101038.0,True,6,8,170
2020-06-18 09:00:00,22.77,48.6,701.0,667.31,197.0,3.0,1.59,120.0,101018.0,True,6,9,170
2020-06-18 10:00:00,24.42,45.15,804.0,625.67,258.0,8.4,1.86,140.0,101038.0,True,6,10,170
2020-06-18 11:00:00,25.36,41.75,874.0,618.91,288.0,5.8,2.21,152.0,101038.0,True,6,11,170
2020-06-18 12:00:00,26.3,40.45,977.0,823.48,176.0,7.6,2.34,159.0,100998.0,True,6,12,170
2020-06-18 13:00:00,26.15,41.1,721.0,300.46,436.0,15.8,2.34,170.0,101008.0,True,6,13,170
2020-06-18 14:00:00,26.07,42.1,859.0,777.42,178.0,-7.0,2.34,169.0,100978.0,True,6,14,170
2020-06-18 15:00:00,25.92,43.95,714.0,694.78,186.0,8.6,2.34,169.0,100978.0,True,6,15,170
2020-06-18 16:00:00,25.17,45.75,355.0,119.99,282.0,-6.6,2.14,174.0,100948.0,True,6,16,170
2020-06-18 17:00:00,23.81,50.75,234.0,101.94,190.0,16.8,1.66,167.0,100948.0,True,6,17,170
2020-06-18 18:00:00,22.85,51.55,102.0,45.52,91.0,-5.8,1.45,162.0,100988.0,True,6,18,170
2020-06-18 19:00:00,21.69,55.45,2.0,0.0,2.0,-25.0,1.24,166.0,101058.0,True,6,19,170
2020-06-18 20:00:00,20.71,62.45,0.0,-0.0,0.0,5.2,0.9,181.0,101128.0,True,6,20,170
2020-06-18 21:00:00,20.14,63.6,0.0,-0.0,0.0,2.2,0.34,149.0,101197.0,True,6,21,170
2020-06-18 22:00:00,20.12,66.4,0.0,-0.0,0.0,4.2,1.03,138.0,101267.0,True,6,22,170
2020-06-18 23:00:00,19.41,71.0,0.0,-0.0,0.0,8.0,1.03,144.0,101347.0,True,6,23,170
2020-06-19 00:00:00,18.71,75.05,0.0,-0.0,0.0,-1.35,0.97,88.0,101327.0,True,6,0,171
2020-06-19 01:00:00,18.28,79.75,0.0,-0.0,0.0,365.45,0.83,135.0,101307.0,True,6,1,171
2020-06-19 02:00:00,17.37,85.6,0.0,-0.0,0.0,-8.2,1.1,187.0,101317.0,True,6,2,171
2020-06-19 03:00:00,17.21,86.1,0.0,-0.0,0.0,-4.2,0.28,192.0,101327.0,True,6,3,171
2020-06-19 04:00:00,16.89,87.55,0.0,-0.0,0.0,-5.6,0.76,32.0,101327.0,True,6,4,171
2020-06-19 05:00:00,16.78,87.6,13.0,44.87,11.0,9.0,0.48,49.0,101347.0,True,6,5,171
2020-06-19 06:00:00,17.34,86.6,158.0,319.85,83.0,-13.2,0.21,354.0,101377.0,True,6,6,171
2020-06-19 07:00:00,18.36,83.45,309.0,339.09,165.0,-1.15,0.14,156.0,101417.0,True,6,7,171
2020-06-19 08:00:00,20.91,69.45,550.0,685.87,137.0,-0.35,0.76,149.0,101467.0,True,6,8,171
2020-06-19 09:00:00,22.56,60.0,726.0,768.35,146.0,5.6,1.17,142.0,101497.0,True,6,9,171
2020-06-19 10:00:00,24.17,53.45,852.0,782.92,169.0,9.6,1.66,153.0,101556.0,True,6,10,171
2020-06-19 11:00:00,23.93,53.3,923.0,761.6,202.0,9.4,1.93,159.0,101576.0,True,6,11,171
2020-06-19 12:00:00,24.23,52.1,1001.0,910.83,115.0,5.4,2.0,168.0,101576.0,True,6,12,171
2020-06-19 13:00:00,24.69,50.5,946.0,822.13,166.0,18.6,2.21,170.0,101556.0,True,6,13,171
2020-06-19 14:00:00,25.53,47.05,885.0,876.35,117.0,-18.0,2.21,165.0,101526.0,True,6,14,171
2020-06-19 15:00:00,25.53,46.25,724.0,741.62,160.0,-4.6,2.14,169.0,101546.0,True,6,15,171
2020-06-19 16:00:00,25.03,47.95,554.0,674.81,143.0,-4.6,2.14,171.0,101507.0,True,6,16,171
2020-06-19 17:00:00,24.41,50.7,373.0,617.54,106.0,-4.6,1.93,169.0,101516.0,True,6,17,171
2020-06-19 18:00:00,23.52,53.1,178.0,428.94,74.0,8.0,1.66,167.0,101536.0,True,6,18,171
2020-06-19 19:00:00,22.37,56.85,15.0,0.0,15.0,-18.4,1.31,158.0,101576.0,True,6,19,171
2020-06-19 20:00:00,21.32,61.4,0.0,-0.0,0.0,-3.2,0.76,148.0,101636.0,True,6,20,171
2020-06-19 21:00:00,20.46,62.75,0.0,-0.0,0.0,-6.6,0.21,105.0,101696.0,True,6,21,171
2020-06-19 22:00:00,19.73,63.35,0.0,-0.0,0.0,-2.4,0.28,58.0,101756.0,True,6,22,171
2020-06-19 23:00:00,19.48,63.65,0.0,-0.0,0.0,-1.6,0.55,3.0,101766.0,True,6,23,171
2020-06-20 00:00:00,18.95,66.6,0.0,-0.0,0.0,-2.0,0.69,358.0,101766.0,True,6,0,172
2020-06-20 01:00:00,18.71,68.25,0.0,-0.0,0.0,330.25,0.62,357.0,101726.0,True,6,1,172
2020-06-20 02:00:00,18.07,71.6,0.0,-0.0,0.0,-2.2,0.34,318.0,101716.0,True,6,2,172
2020-06-20 03:00:00,17.08,75.5,0.0,-0.0,0.0,-1.6,0.62,302.0,101706.0,True,6,3,172
2020-06-20 04:00:00,16.48,79.3,0.0,-0.0,0.0,-1.6,0.9,305.0,101706.0,True,6,4,172
2020-06-20 05:00:00,16.25,79.15,14.0,68.22,11.0,-1.0,0.9,320.0,101706.0,True,6,5,172
2020-06-20 06:00:00,17.93,69.7,167.0,380.58,78.0,0.4,0.69,331.0,101736.0,True,6,6,172
2020-06-20 07:00:00,20.54,56.95,340.0,469.29,141.0,5.6,0.21,59.0,101776.0,True,6,7,172
2020-06-20 08:00:00,23.42,48.9,526.0,575.13,180.0,9.0,0.97,137.0,101816.0,True,6,8,172
2020-06-20 09:00:00,24.85,44.45,678.0,595.17,229.0,7.6,1.59,146.0,101845.0,True,6,9,172
2020-06-20 10:00:00,26.2,40.4,791.0,590.56,276.0,6.6,1.86,147.0,101875.0,True,6,10,172
2020-06-20 11:00:00,26.92,38.55,860.0,582.12,309.0,6.0,2.34,151.0,101885.0,True,6,11,172
2020-06-20 12:00:00,27.68,36.45,963.0,780.25,204.0,4.0,2.34,154.0,101845.0,True,6,12,172
2020-06-20 13:00:00,28.08,35.3,868.0,595.4,303.0,2.6,2.28,156.0,101816.0,True,6,13,172
2020-06-20 14:00:00,28.28,35.15,838.0,708.32,217.0,9.4,2.34,164.0,101796.0,True,6,14,172
2020-06-20 15:00:00,28.27,35.55,693.0,621.55,220.0,-6.8,2.21,165.0,101726.0,True,6,15,172
2020-06-20 16:00:00,27.97,35.65,541.0,601.96,174.0,-3.4,1.93,170.0,101706.0,True,6,16,172
2020-06-20 17:00:00,27.62,34.7,375.0,609.62,111.0,-2.0,1.72,172.0,101656.0,True,6,17,172
2020-06-20 18:00:00,26.86,37.3,180.0,427.66,76.0,-0.4,1.52,173.0,101666.0,True,6,18,172
2020-06-20 19:00:00,25.8,38.2,15.0,0.0,15.0,-8.0,1.1,173.0,101676.0,True,6,19,172
2020-06-20 20:00:00,23.85,45.3,0.0,-0.0,0.0,-2.8,0.69,194.0,101716.0,True,6,20,172
2020-06-20 21:00:00,22.83,47.9,0.0,-0.0,0.0,-5.8,0.48,235.0,101776.0,True,6,21,172
2020-06-20 22:00:00,22.18,50.0,0.0,-0.0,0.0,-2.6,0.48,289.0,101816.0,True,6,22,172
2020-06-20 23:00:00,21.21,53.9,0.0,-0.0,0.0,-1.75,1.03,295.0,101816.0,True,6,23,172
2020-06-21 00:00:00,20.02,57.25,0.0,-0.0,0.0,-1.4,1.24,291.0,101806.0,True,6,0,173
2020-06-21 01:00:00,19.3,58.35,0.0,-0.0,0.0,338.65,1.45,287.0,101766.0,True,6,1,173
2020-06-21 02:00:00,18.81,59.2,0.0,-0.0,0.0,-1.55,1.52,296.0,101726.0,True,6,2,173
2020-06-21 03:00:00,18.98,56.15,0.0,-0.0,0.0,-1.2,1.52,305.0,101706.0,True,6,3,173
2020-06-21 04:00:00,18.65,55.3,0.0,-0.0,0.0,-1.0,1.45,311.0,101686.0,True,6,4,173
2020-06-21 05:00:00,18.62,54.15,14.0,46.19,12.0,-1.6,1.31,315.0,101706.0,True,6,5,173
2020-06-21 06:00:00,20.23,47.7,173.0,428.9,73.0,0.2,1.45,311.0,101736.0,True,6,6,173
2020-06-21 07:00:00,22.8,44.1,368.0,618.84,106.0,8.0,0.97,289.0,101786.0,True,6,7,173
2020-06-21 08:00:00,25.76,38.85,570.0,755.41,116.0,9.4,0.83,227.0,101796.0,True,6,8,173
2020-06-21 09:00:00,27.17,36.1,747.0,829.01,122.0,8.6,1.24,188.0,101806.0,True,6,9,173
2020-06-21 10:00:00,29.48,31.15,877.0,843.18,142.0,7.2,1.72,175.0,101855.0,True,6,10,173
2020-06-21 11:00:00,30.33,29.35,955.0,836.9,163.0,5.8,2.14,170.0,101865.0,True,6,11,173
2020-06-21 12:00:00,30.51,29.65,1008.0,909.79,123.0,3.6,2.34,169.0,101816.0,True,6,12,173
2020-06-21 13:00:00,30.47,29.95,943.0,790.21,193.0,1.4,2.41,173.0,101796.0,True,6,13,173
2020-06-21 14:00:00,30.73,28.65,897.0,892.77,114.0,-0.4,2.48,173.0,101766.0,True,6,14,173
2020-06-21 15:00:00,30.73,29.2,743.0,786.64,144.0,0.6,2.34,177.0,101696.0,True,6,15,173
2020-06-21 16:00:00,30.33,29.4,580.0,758.7,117.0,3.2,2.07,179.0,101646.0,True,6,16,173
2020-06-21 17:00:00,29.66,31.65,379.0,624.86,108.0,-8.4,1.93,179.0,101596.0,True,6,17,173
2020-06-21 18:00:00,29.28,30.45,184.0,459.31,72.0,-5.6,1.59,183.0,101566.0,True,6,18,173
2020-06-21 19:00:00,28.92,27.1,16.0,0.0,16.0,-6.0,1.24,184.0,101566.0,True,6,19,173
2020-06-21 20:00:00,26.34,34.65,0.0,-0.0,0.0,-6.4,0.55,196.0,101596.0,True,6,20,173
2020-06-21 21:00:00,25.07,36.25,0.0,-0.0,0.0,-4.2,0.48,241.0,101646.0,True,6,21,173
2020-06-21 22:00:00,24.64,36.5,0.0,-0.0,0.0,-3.2,0.41,323.0,101656.0,True,6,22,173
2020-06-21 23:00:00,23.83,38.2,0.0,-0.0,0.0,-2.6,0.55,344.0,101676.0,True,6,23,173
2020-06-22 00:00:00,23.43,38.05,0.0,-0.0,0.0,-2.0,0.55,12.0,101656.0,True,6,0,174
2020-06-22 01:00:00,22.82,38.75,0.0,-0.0,0.0,340.05,0.9,30.0,101656.0,True,6,1,174
2020-06-22 02:00:00,21.24,45.65,0.0,-0.0,0.0,-2.2,1.03,20.0,101626.0,True,6,2,174
2020-06-22 03:00:00,19.93,49.8,0.0,-0.0,0.0,-1.2,1.03,9.0,101616.0,True,6,3,174
2020-06-22 04:00:00,19.93,49.75,0.0,-0.0,0.0,-1.2,1.1,12.0,101606.0,True,6,4,174
2020-06-22 05:00:00,20.04,49.1,13.0,47.0,11.0,-2.0,1.31,28.0,101626.0,True,6,5,174
2020-06-22 06:00:00,21.09,51.2,169.0,400.18,76.0,-1.2,1.1,38.0,101676.0,True,6,6,174
2020-06-22 07:00:00,22.55,46.2,348.0,506.33,134.0,6.0,1.72,60.0,101706.0,True,6,7,174
2020-06-22 08:00:00,25.34,36.4,539.0,617.98,168.0,7.6,2.28,78.0,101716.0,True,6,8,174
2020-06-22 09:00:00,26.58,31.55,687.0,614.56,224.0,7.8,2.76,90.0,101696.0,True,6,9,174
2020-06-22 10:00:00,28.33,28.6,796.0,596.8,276.0,6.4,2.41,99.0,101676.0,True,6,10,174
2020-06-22 11:00:00,30.09,25.25,867.0,588.72,310.0,4.6,3.17,109.0,101686.0,True,6,11,174
2020-06-22 12:00:00,30.43,24.2,944.0,715.53,248.0,2.8,3.45,106.0,101636.0,True,6,12,174
2020-06-22 13:00:00,30.81,23.85,833.0,504.61,354.0,1.2,3.59,103.0,101596.0,True,6,13,174
2020-06-22 14:00:00,30.92,24.4,831.0,675.91,238.0,0.75,3.66,98.0,101516.0,True,6,14,174
2020-06-22 15:00:00,30.56,26.6,696.0,616.88,226.0,-1.15,3.79,94.0,101427.0,True,6,15,174
2020-06-22 16:00:00,29.66,27.05,541.0,587.78,182.0,-2.0,3.86,88.0,101357.0,True,6,16,174
2020-06-22 17:00:00,28.94,28.75,372.0,575.67,122.0,-4.6,3.79,76.0,101317.0,True,6,17,174
2020-06-22 18:00:00,27.86,30.95,183.0,433.65,77.0,-4.2,3.66,67.0,101287.0,True,6,18,174
2020-06-22 19:00:00,26.38,35.0,16.0,0.0,16.0,-4.2,3.38,62.0,101277.0,True,6,19,174
2020-06-22 20:00:00,24.46,40.3,0.0,-0.0,0.0,-6.8,2.76,52.0,101327.0,True,6,20,174
2020-06-22 21:00:00,23.63,42.0,0.0,-0.0,0.0,-3.2,2.48,40.0,101387.0,True,6,21,174
2020-06-22 22:00:00,22.8,42.45,0.0,-0.0,0.0,-5.2,1.93,29.0,101397.0,True,6,22,174
2020-06-22 23:00:00,22.28,42.65,0.0,-0.0,0.0,-2.8,1.93,30.0,101387.0,True,6,23,174
2020-06-23 00:00:00,21.79,42.65,0.0,-0.0,0.0,-3.0,1.93,33.0,101357.0,True,6,0,175
2020-06-23 01:00:00,21.38,42.65,0.0,-0.0,0.0,330.05,1.93,30.0,101327.0,True,6,1,175
2020-06-23 02:00:00,20.92,42.8,0.0,-0.0,0.0,-1.75,1.86,28.0,101307.0,True,6,2,175
2020-06-23 03:00:00,20.58,42.8,0.0,-0.0,0.0,-1.4,1.86,26.0,101277.0,True,6,3,175
2020-06-23 04:00:00,20.55,43.35,0.0,-0.0,0.0,-0.55,1.79,25.0,101297.0,True,6,4,175
2020-06-23 05:00:00,20.56,42.75,12.0,47.93,10.0,-0.4,1.79,26.0,101277.0,True,6,5,175
2020-06-23 06:00:00,22.02,41.55,168.0,405.92,74.0,1.2,2.41,23.0,101267.0,True,6,6,175
2020-06-23 07:00:00,23.5,40.45,362.0,597.34,110.0,6.0,3.1,35.0,101267.0,True,6,7,175
2020-06-23 08:00:00,25.58,35.95,558.0,720.41,126.0,8.0,3.72,46.0,101237.0,True,6,8,175
2020-06-23 09:00:00,26.59,34.4,721.0,747.86,158.0,8.4,4.34,56.0,101207.0,True,6,9,175
2020-06-23 10:00:00,28.74,29.0,857.0,789.98,169.0,7.0,4.28,60.0,101178.0,True,6,10,175
2020-06-23 11:00:00,29.93,27.4,949.0,829.91,164.0,6.0,4.83,71.0,101168.0,True,6,11,175
2020-06-23 12:00:00,30.35,29.05,992.0,869.8,146.0,4.8,4.9,76.0,101188.0,True,6,12,175
2020-06-23 13:00:00,30.35,29.9,943.0,799.5,184.0,3.15,5.03,76.0,101138.0,True,6,13,175
2020-06-23 14:00:00,30.53,31.4,888.0,869.42,125.0,1.0,5.03,70.0,101068.0,True,6,14,175
2020-06-23 15:00:00,29.97,31.8,719.0,708.4,179.0,0.6,4.76,63.0,101058.0,True,6,15,175
2020-06-23 16:00:00,29.21,33.05,562.0,685.48,143.0,-1.0,4.48,66.0,101028.0,True,6,16,175
2020-06-23 17:00:00,28.81,34.8,363.0,540.47,128.0,-1.75,4.76,68.0,100968.0,True,6,17,175
2020-06-23 18:00:00,27.27,36.3,173.0,367.4,83.0,-5.2,4.62,60.0,100948.0,True,6,18,175
2020-06-23 19:00:00,25.65,40.0,16.0,0.0,16.0,-10.2,3.79,52.0,101018.0,True,6,19,175
2020-06-23 20:00:00,24.24,46.45,0.0,-0.0,0.0,-6.8,2.9,44.0,101108.0,True,6,20,175
2020-06-23 21:00:00,23.59,47.75,0.0,-0.0,0.0,-3.0,2.34,39.0,101207.0,True,6,21,175
2020-06-23 22:00:00,22.6,52.15,0.0,-0.0,0.0,-4.2,1.86,33.0,101197.0,True,6,22,175
2020-06-23 23:00:00,22.29,50.1,0.0,-0.0,0.0,-4.0,2.21,21.0,101128.0,True,6,23,175
2020-06-24 00:00:00,22.04,48.1,0.0,-0.0,0.0,-3.0,2.14,21.0,101088.0,True,6,0,176
2020-06-24 01:00:00,21.58,47.25,0.0,-0.0,0.0,331.85,1.86,15.0,101008.0,True,6,1,176
2020-06-24 02:00:00,21.38,46.35,0.0,-0.0,0.0,4.0,1.59,9.0,101018.0,True,6,2,176
2020-06-24 03:00:00,20.91,46.15,0.0,-0.0,0.0,-6.8,1.17,358.0,101078.0,True,6,3,176
2020-06-24 04:00:00,20.32,45.3,0.0,-0.0,0.0,-0.75,1.1,356.0,101118.0,True,6,4,176
2020-06-24 05:00:00,19.36,47.0,11.0,24.49,10.0,-1.6,1.24,9.0,101168.0,True,6,5,176
2020-06-24 06:00:00,21.43,40.25,48.0,0.0,48.0,-0.8,1.45,16.0,101178.0,True,6,6,176
2020-06-24 07:00:00,24.21,34.3,345.0,513.02,129.0,20.6,2.14,36.0,101178.0,True,6,7,176
2020-06-24 08:00:00,26.11,29.7,516.0,549.32,187.0,3.4,3.03,54.0,101128.0,True,6,8,176
2020-06-24 09:00:00,27.27,28.5,662.0,555.7,244.0,7.4,3.59,66.0,101188.0,True,6,9,176
2020-06-24 10:00:00,28.74,26.25,759.0,515.82,310.0,0.35,2.14,68.0,101148.0,True,6,10,176
2020-06-24 11:00:00,28.92,27.75,909.0,712.77,235.0,5.2,2.55,105.0,101207.0,True,6,11,176
2020-06-24 12:00:00,29.13,29.1,859.0,525.43,348.0,1.2,3.52,124.0,101287.0,True,6,12,176
2020-06-24 13:00:00,29.46,28.15,840.0,531.9,335.0,1.75,3.45,102.0,101247.0,True,6,13,176
2020-06-24 14:00:00,30.22,26.25,818.0,652.75,245.0,0.35,3.66,75.0,101168.0,True,6,14,176
2020-06-24 15:00:00,30.44,24.8,669.0,546.8,252.0,-1.55,4.0,69.0,101078.0,True,6,15,176
2020-06-24 16:00:00,30.34,23.5,535.0,577.1,182.0,0.75,4.07,70.0,101018.0,True,6,16,176
2020-06-24 17:00:00,29.56,24.8,343.0,443.41,150.0,-3.0,3.93,71.0,100988.0,True,6,17,176
2020-06-24 18:00:00,28.76,24.9,165.0,305.6,90.0,-6.4,3.31,73.0,101018.0,True,6,18,176
2020-06-24 19:00:00,26.67,29.7,16.0,0.0,16.0,-11.8,2.41,88.0,101088.0,True,6,19,176
2020-06-24 20:00:00,24.78,38.45,0.0,-0.0,0.0,-7.6,1.38,70.0,101148.0,True,6,20,176
2020-06-24 21:00:00,23.65,39.7,0.0,-0.0,0.0,-6.4,1.24,30.0,101217.0,True,6,21,176
2020-06-24 22:00:00,23.28,34.5,0.0,-0.0,0.0,-2.0,1.93,34.0,101227.0,True,6,22,176
2020-06-24 23:00:00,22.48,33.7,0.0,-0.0,0.0,-2.2,1.86,24.0,101207.0,True,6,23,176
2020-06-25 00:00:00,21.55,35.7,0.0,-0.0,0.0,-1.0,1.45,12.0,101197.0,True,6,0,177
2020-06-25 01:00:00,20.97,34.25,0.0,-0.0,0.0,325.05,1.38,6.0,101178.0,True,6,1,177
2020-06-25 02:00:00,20.26,34.6,0.0,-0.0,0.0,-0.2,1.52,13.0,101128.0,True,6,2,177
2020-06-25 03:00:00,19.87,35.45,0.0,-0.0,0.0,-0.55,1.66,8.0,101058.0,True,6,3,177
2020-06-25 04:00:00,19.58,35.05,0.0,-0.0,0.0,-1.2,1.59,356.0,101048.0,True,6,4,177
2020-06-25 05:00:00,19.46,35.0,10.0,0.0,10.0,-1.6,0.97,351.0,101068.0,True,6,5,177
2020-06-25 06:00:00,21.19,31.8,163.0,378.69,76.0,-0.2,0.62,349.0,101108.0,True,6,6,177
2020-06-25 07:00:00,23.6,31.7,353.0,561.7,117.0,3.4,0.62,36.0,101128.0,True,6,7,177
2020-06-25 08:00:00,26.0,29.25,535.0,626.94,160.0,9.2,1.79,84.0,101138.0,True,6,8,177
2020-06-25 09:00:00,26.84,29.6,699.0,675.92,191.0,7.2,2.14,107.0,101207.0,True,6,9,177
2020-06-25 10:00:00,28.24,27.5,840.0,743.7,193.0,7.0,2.28,111.0,101207.0,True,6,10,177
2020-06-25 11:00:00,28.51,30.1,963.0,875.91,135.0,6.2,2.41,136.0,101257.0,True,6,11,177
2020-06-25 12:00:00,29.02,31.35,984.0,852.52,155.0,5.4,2.48,137.0,101247.0,True,6,12,177
2020-06-25 13:00:00,29.29,32.85,915.0,723.57,228.0,3.6,2.41,128.0,101158.0,True,6,13,177
2020-06-25 14:00:00,29.21,34.9,878.0,837.12,143.0,2.4,2.34,133.0,101108.0,True,6,14,177
2020-06-25 15:00:00,28.99,36.35,727.0,735.33,166.0,0.0,2.34,149.0,101088.0,True,6,15,177
2020-06-25 16:00:00,28.5,38.7,571.0,723.8,128.0,-0.4,2.34,158.0,101088.0,True,6,16,177
2020-06-25 17:00:00,27.5,42.1,371.0,583.01,117.0,-2.6,2.07,159.0,101048.0,True,6,17,177
2020-06-25 18:00:00,26.54,45.4,181.0,427.17,76.0,-5.6,1.72,159.0,101048.0,True,6,18,177
2020-06-25 19:00:00,25.28,47.9,17.0,0.0,17.0,-6.2,1.52,163.0,101078.0,True,6,19,177
2020-06-25 20:00:00,23.93,51.9,0.0,-0.0,0.0,-8.0,0.83,153.0,101088.0,True,6,20,177
2020-06-25 21:00:00,22.8,55.85,0.0,-0.0,0.0,-5.0,0.55,127.0,101207.0,True,6,21,177
2020-06-25 22:00:00,21.06,65.35,0.0,-0.0,0.0,-3.0,0.28,9.0,101227.0,True,6,22,177
2020-06-25 23:00:00,20.32,66.35,0.0,-0.0,0.0,-3.2,0.55,296.0,101257.0,True,6,23,177
2020-06-26 00:00:00,20.34,64.8,0.0,-0.0,0.0,-3.75,0.69,314.0,101217.0,True,6,0,178
2020-06-26 01:00:00,19.53,67.75,0.0,-0.0,0.0,325.05,0.69,329.0,101148.0,True,6,1,178
2020-06-26 02:00:00,18.54,71.2,0.0,-0.0,0.0,-1.35,0.69,317.0,101108.0,True,6,2,178
2020-06-26 03:00:00,17.94,74.9,0.0,-0.0,0.0,-1.4,1.03,293.0,101098.0,True,6,3,178
2020-06-26 04:00:00,17.57,75.6,0.0,-0.0,0.0,-2.35,0.9,305.0,101078.0,True,6,4,178
2020-06-26 05:00:00,17.29,77.0,0.0,0.0,0.0,-2.0,0.28,327.0,101118.0,True,6,5,178
2020-06-26 06:00:00,19.33,67.3,169.0,432.81,70.0,0.0,0.21,18.0,101158.0,True,6,6,178
2020-06-26 07:00:00,21.49,57.35,369.0,644.05,99.0,14.8,0.9,144.0,101207.0,True,6,7,178
2020-06-26 08:00:00,24.18,44.35,559.0,716.54,131.0,8.4,1.24,163.0,101227.0,True,6,8,178
2020-06-26 09:00:00,25.68,39.05,734.0,787.07,143.0,6.6,1.72,172.0,101217.0,True,6,9,178
2020-06-26 10:00:00,26.68,39.45,844.0,740.68,200.0,5.8,1.86,152.0,101207.0,True,6,10,178
2020-06-26 11:00:00,27.15,39.1,983.0,921.72,112.0,3.8,2.48,163.0,101217.0,True,6,11,178
2020-06-26 12:00:00,27.67,36.95,925.0,671.63,272.0,1.2,2.76,174.0,101217.0,True,6,12,178
2020-06-26 13:00:00,28.19,34.65,899.0,665.63,267.0,0.6,2.97,184.0,101188.0,True,6,13,178
2020-06-26 14:00:00,28.66,33.05,863.0,773.21,184.0,-0.6,3.1,194.0,101118.0,True,6,14,178
2020-06-26 15:00:00,28.8,31.35,695.0,614.54,226.0,1.6,3.1,203.0,101058.0,True,6,15,178
2020-06-26 16:00:00,28.77,31.9,563.0,671.16,152.0,-5.4,3.1,211.0,100978.0,True,6,16,178
2020-06-26 17:00:00,28.32,32.2,360.0,511.46,137.0,-1.4,2.9,218.0,100888.0,True,6,17,178
2020-06-26 18:00:00,27.54,33.7,182.0,418.5,79.0,-3.0,2.55,221.0,100898.0,True,6,18,178
2020-06-26 19:00:00,26.15,37.6,16.0,0.0,16.0,-4.0,1.79,223.0,100908.0,True,6,19,178
2020-06-26 20:00:00,24.57,42.8,0.0,-0.0,0.0,-3.4,1.03,242.0,100938.0,True,6,20,178
2020-06-26 21:00:00,23.99,43.05,0.0,-0.0,0.0,-1.15,1.17,274.0,100988.0,True,6,21,178
2020-06-26 22:00:00,23.74,45.1,0.0,-0.0,0.0,-0.2,0.83,312.0,101068.0,True,6,22,178
2020-06-26 23:00:00,22.71,46.75,0.0,-0.0,0.0,-1.0,1.31,315.0,101098.0,True,6,23,178
2020-06-27 00:00:00,21.6,47.4,0.0,-0.0,0.0,-1.8,1.52,320.0,101078.0,True,6,0,179
2020-06-27 01:00:00,20.98,47.55,0.0,-0.0,0.0,338.05,1.45,320.0,101048.0,True,6,1,179
2020-06-27 02:00:00,20.13,49.0,0.0,-0.0,0.0,1.55,1.38,326.0,101048.0,True,6,2,179
2020-06-27 03:00:00,19.97,49.25,0.0,-0.0,0.0,2.2,1.52,337.0,101028.0,True,6,3,179
2020-06-27 04:00:00,19.29,50.55,0.0,-0.0,0.0,-8.6,1.45,336.0,101098.0,True,6,4,179
2020-06-27 05:00:00,18.73,49.9,0.0,0.0,0.0,-3.8,1.24,332.0,101128.0,True,6,5,179
2020-06-27 06:00:00,20.17,46.15,161.0,360.17,79.0,0.0,1.1,332.0,101168.0,True,6,6,179
2020-06-27 07:00:00,22.88,41.45,355.0,559.49,121.0,10.2,0.69,344.0,101207.0,True,6,7,179
2020-06-27 08:00:00,25.59,34.4,528.0,585.12,179.0,7.6,0.34,131.0,101227.0,True,6,8,179
2020-06-27 09:00:00,27.04,34.05,681.0,603.86,228.0,7.0,1.24,159.0,101267.0,True,6,9,179
2020-06-27 10:00:00,28.37,34.85,796.0,598.44,276.0,5.0,1.38,158.0,101277.0,True,6,10,179
2020-06-27 11:00:00,29.21,33.5,940.0,783.39,200.0,4.8,1.86,160.0,101267.0,True,6,11,179
2020-06-27 12:00:00,29.76,32.5,951.0,732.45,239.0,3.6,2.28,170.0,101247.0,True,6,12,179
2020-06-27 13:00:00,30.14,31.8,915.0,698.3,252.0,1.75,2.48,175.0,101207.0,True,6,13,179
2020-06-27 14:00:00,29.98,31.4,893.0,856.23,141.0,1.0,2.48,178.0,101188.0,True,6,14,179
2020-06-27 15:00:00,30.11,30.8,749.0,783.35,151.0,-0.35,2.28,180.0,101158.0,True,6,15,179
2020-06-27 16:00:00,29.83,29.95,388.0,164.86,287.0,-1.0,2.07,182.0,101128.0,True,6,16,179
2020-06-27 17:00:00,29.1,31.4,334.0,385.07,166.0,-3.6,1.86,184.0,101098.0,True,6,17,179
2020-06-27 18:00:00,28.42,32.45,191.0,487.1,71.0,-3.8,1.45,185.0,101068.0,True,6,18,179
2020-06-27 19:00:00,27.57,30.95,16.0,0.0,16.0,-2.75,1.1,184.0,101078.0,True,6,19,179
2020-06-27 20:00:00,25.72,37.9,0.0,-0.0,0.0,-5.0,0.69,200.0,101138.0,True,6,20,179
2020-06-27 21:00:00,24.7,38.6,0.0,-0.0,0.0,-2.6,0.28,228.0,101227.0,True,6,21,179
2020-06-27 22:00:00,23.09,41.45,0.0,-0.0,0.0,-2.0,0.41,307.0,101317.0,True,6,22,179
2020-06-27 23:00:00,22.68,44.25,0.0,-0.0,0.0,-2.2,0.55,307.0,101307.0,True,6,23,179
2020-06-28 00:00:00,21.69,47.1,0.0,-0.0,0.0,-2.0,0.83,305.0,101287.0,True,6,0,180
2020-06-28 01:00:00,21.32,46.75,0.0,-0.0,0.0,343.05,0.76,318.0,101237.0,True,6,1,180
2020-06-28 02:00:00,20.42,47.45,0.0,-0.0,0.0,-2.6,0.55,320.0,101207.0,True,6,2,180
2020-06-28 03:00:00,20.08,48.7,0.0,-0.0,0.0,-1.8,0.62,324.0,101207.0,True,6,3,180
2020-06-28 04:00:00,19.24,49.6,0.0,-0.0,0.0,-2.2,0.55,321.0,101217.0,True,6,4,180
2020-06-28 05:00:00,19.82,44.85,0.0,0.0,0.0,-1.6,0.48,316.0,101237.0,True,6,5,180
2020-06-28 06:00:00,20.76,44.85,170.0,445.81,69.0,-0.8,0.28,305.0,101307.0,True,6,6,180
2020-06-28 07:00:00,22.53,45.5,325.0,417.06,151.0,5.6,0.21,46.0,101347.0,True,6,7,180
2020-06-28 08:00:00,25.24,41.45,561.0,732.09,125.0,8.0,0.76,114.0,101397.0,True,6,8,180
2020-06-28 09:00:00,26.88,39.05,737.0,803.27,135.0,7.4,1.52,127.0,101387.0,True,6,9,180
2020-06-28 10:00:00,28.42,35.7,854.0,771.57,184.0,7.0,1.66,126.0,101437.0,True,6,10,180
2020-06-28 11:00:00,29.09,35.55,989.0,940.45,101.0,6.6,2.21,136.0,101417.0,True,6,11,180
2020-06-28 12:00:00,29.63,36.2,969.0,787.14,204.0,4.6,2.55,143.0,101407.0,True,6,12,180
2020-06-28 13:00:00,29.74,37.45,964.0,842.64,164.0,3.2,2.55,146.0,101377.0,True,6,13,180
2020-06-28 14:00:00,29.71,38.45,884.0,835.66,150.0,1.15,2.41,148.0,101367.0,True,6,14,180
2020-06-28 15:00:00,29.55,39.9,738.0,749.13,166.0,0.35,2.21,151.0,101317.0,True,6,15,180
2020-06-28 16:00:00,29.42,39.85,593.0,796.28,105.0,-1.75,2.0,143.0,101287.0,True,6,16,180
2020-06-28 17:00:00,28.71,41.35,387.0,646.05,105.0,-4.0,1.86,145.0,101227.0,True,6,17,180
2020-06-28 18:00:00,28.1,41.1,189.0,470.54,73.0,0.75,1.59,153.0,101207.0,True,6,18,180
2020-06-28 19:00:00,27.21,40.65,16.0,0.0,16.0,-4.4,1.31,143.0,101227.0,True,6,19,180
2020-06-28 20:00:00,26.12,43.8,0.0,-0.0,0.0,-9.4,1.03,132.0,101277.0,True,6,20,180
2020-06-28 21:00:00,24.32,48.7,0.0,-0.0,0.0,-2.8,0.55,125.0,101327.0,True,6,21,180
2020-06-28 22:00:00,23.51,54.6,0.0,-0.0,0.0,-3.6,0.41,194.0,101417.0,True,6,22,180
2020-06-28 23:00:00,22.38,58.15,0.0,-0.0,0.0,-2.2,0.41,190.0,101397.0,True,6,23,180
2020-06-29 00:00:00,22.31,57.5,0.0,-0.0,0.0,-1.8,0.55,296.0,101367.0,True,6,0,181
2020-06-29 01:00:00,21.55,60.15,0.0,-0.0,0.0,350.25,0.9,315.0,101317.0,True,6,1,181
2020-06-29 02:00:00,20.73,61.65,0.0,-0.0,0.0,-7.6,0.69,322.0,101237.0,True,6,2,181
2020-06-29 03:00:00,20.45,62.45,0.0,-0.0,0.0,-2.6,0.69,338.0,101178.0,True,6,3,181
2020-06-29 04:00:00,20.19,62.95,0.0,-0.0,0.0,-1.8,0.76,339.0,101178.0,True,6,4,181
2020-06-29 05:00:00,20.18,62.25,0.0,0.0,0.0,-1.35,0.83,338.0,101178.0,True,6,5,181
2020-06-29 06:00:00,21.26,58.95,149.0,301.72,81.0,-0.2,0.55,324.0,101237.0,True,6,6,181
2020-06-29 07:00:00,23.68,46.85,320.0,413.33,148.0,4.6,0.28,140.0,101287.0,True,6,7,181
2020-06-29 08:00:00,26.88,35.6,460.0,375.03,237.0,8.8,0.9,146.0,101327.0,True,6,8,181
2020-06-29 09:00:00,28.34,34.95,653.0,540.97,248.0,7.6,1.52,137.0,101347.0,True,6,9,181
2020-06-29 10:00:00,28.98,38.05,759.0,525.49,303.0,7.2,1.79,133.0,101367.0,True,6,10,181
2020-06-29 11:00:00,29.59,36.8,899.0,696.11,242.0,6.8,2.28,135.0,101337.0,True,6,11,181
2020-06-29 12:00:00,30.1,35.5,856.0,522.83,348.0,5.0,2.41,136.0,101307.0,True,6,12,181
2020-06-29 13:00:00,30.22,34.55,849.0,554.09,323.0,3.8,2.41,136.0,101247.0,True,6,13,181
2020-06-29 14:00:00,30.69,34.55,812.0,638.68,251.0,1.75,2.28,136.0,101178.0,True,6,14,181
2020-06-29 15:00:00,30.89,33.5,672.0,556.52,247.0,0.2,2.0,128.0,101098.0,True,6,15,181
2020-06-29 16:00:00,31.18,30.7,538.0,587.27,178.0,-0.8,2.41,115.0,101068.0,True,6,16,181
2020-06-29 17:00:00,30.48,32.8,346.0,451.16,149.0,3.4,2.28,123.0,101018.0,True,6,17,181
2020-06-29 18:00:00,29.82,33.9,164.0,291.95,92.0,-9.8,1.86,137.0,101018.0,True,6,18,181
2020-06-29 19:00:00,28.27,36.15,16.0,0.0,16.0,-9.8,1.45,129.0,101048.0,True,6,19,181
2020-06-29 20:00:00,26.75,38.5,0.0,-0.0,0.0,-6.4,1.17,90.0,101038.0,True,6,20,181
2020-06-29 21:00:00,25.28,42.65,0.0,-0.0,0.0,-5.8,0.97,59.0,101118.0,True,6,21,181
2020-06-29 22:00:00,24.52,45.35,0.0,-0.0,0.0,-4.6,0.83,7.0,101128.0,True,6,22,181
2020-06-29 23:00:00,23.57,47.05,0.0,-0.0,0.0,-4.2,1.03,2.0,101068.0,True,6,23,181
2020-06-30 00:00:00,22.79,47.45,0.0,-0.0,0.0,-2.2,1.17,8.0,101008.0,True,6,0,182
2020-06-30 01:00:00,22.34,46.15,0.0,-0.0,0.0,338.65,1.17,13.0,100988.0,True,6,1,182
2020-06-30 02:00:00,21.82,45.65,0.0,-0.0,0.0,-2.8,1.24,6.0,100898.0,True,6,2,182
2020-06-30 03:00:00,21.74,43.8,0.0,-0.0,0.0,-2.0,1.45,356.0,100849.0,True,6,3,182
2020-06-30 04:00:00,21.63,40.55,0.0,-0.0,0.0,-0.6,1.45,348.0,100839.0,True,6,4,182
2020-06-30 05:00:00,21.11,41.05,0.0,0.0,0.0,0.6,1.1,346.0,100868.0,True,6,5,182
2020-06-30 06:00:00,21.97,37.6,138.0,236.45,85.0,1.15,0.34,13.0,100938.0,True,6,6,182
2020-06-30 07:00:00,24.46,35.45,323.0,436.13,142.0,7.4,1.31,65.0,100978.0,True,6,7,182
2020-06-30 08:00:00,26.56,33.95,509.0,550.84,182.0,7.4,2.14,74.0,100988.0,True,6,8,182
2020-06-30 09:00:00,27.93,32.9,637.0,502.78,261.0,8.2,2.34,86.0,100988.0,True,6,9,182
2020-06-30 10:00:00,29.54,31.45,809.0,670.02,228.0,7.0,2.07,96.0,100988.0,True,6,10,182
2020-06-30 11:00:00,30.2,32.15,919.0,761.1,201.0,7.2,2.48,111.0,100998.0,True,6,11,182
2020-06-30 12:00:00,30.82,33.0,925.0,697.99,247.0,6.6,2.55,121.0,100988.0,True,6,12,182
2020-06-30 13:00:00,31.41,33.85,900.0,692.17,243.0,4.2,2.28,136.0,100958.0,True,6,13,182
2020-06-30 14:00:00,31.57,34.9,817.0,659.17,238.0,3.2,2.14,152.0,100898.0,True,6,14,182
2020-06-30 15:00:00,31.3,36.2,684.0,599.67,226.0,6.4,2.0,161.0,100868.0,True,6,15,182
2020-06-30 16:00:00,28.2,49.75,535.0,582.27,178.0,6.93,1.75,167.0,100839.0,True,6,16,182
2020-06-30 17:00:00,27.62,50.88,336.0,409.86,157.0,8.28,1.74,177.0,100819.0,True,6,17,182
2020-06-30 18:00:00,27.04,52.0,157.0,255.44,94.0,9.62,1.74,177.0,100829.0,True,6,18,182
2020-06-30 19:00:00,26.46,53.13,14.0,0.0,14.0,10.97,1.73,191.0,100878.0,True,6,19,182
2020-06-30 20:00:00,25.88,54.26,0.0,-0.0,0.0,12.32,1.72,206.0,100928.0,True,6,20,182
2020-06-30 21:00:00,25.3,55.39,0.0,-0.0,0.0,13.66,1.71,235.0,100958.0,True,6,21,182
2020-06-30 22:00:00,24.72,56.52,0.0,-0.0,0.0,15.01,1.71,275.0,100988.0,True,6,22,182
2020-06-30 23:00:00,24.14,57.65,0.0,-0.0,0.0,16.35,1.7,252.0,100968.0,True,6,23,182
2020-07-01 00:00:00,23.56,58.77,0.0,-0.0,0.0,17.7,1.69,241.0,100968.0,False,7,0,183
2020-07-01 01:00:00,22.97,59.9,0.0,-0.0,0.0,19.04,1.68,264.0,100918.0,False,7,1,183
2020-07-01 02:00:00,22.39,61.03,0.0,-0.0,0.0,20.39,1.67,289.0,100839.0,False,7,2,183
2020-07-01 03:00:00,21.81,62.16,0.0,-0.0,0.0,21.73,1.67,293.0,100849.0,False,7,3,183
2020-07-01 04:00:00,21.23,63.29,0.0,-0.0,0.0,23.08,1.66,300.0,100868.0,False,7,4,183
2020-07-01 05:00:00,20.65,64.41,0.0,0.0,0.0,24.43,1.65,308.0,100868.0,False,7,5,183
2020-07-01 06:00:00,20.07,65.54,141.0,237.82,88.0,25.77,1.64,314.0,100918.0,False,7,6,183
2020-07-01 07:00:00,19.49,66.67,234.0,118.4,185.0,27.12,1.64,309.0,100958.0,False,7,7,183
2020-07-01 08:00:00,28.24,34.2,512.0,523.1,202.0,9.4,0.83,253.0,100988.0,False,7,8,183
2020-07-01 09:00:00,29.79,29.75,674.0,574.29,245.0,9.4,1.59,214.0,100988.0,False,7,9,183
2020-07-01 10:00:00,31.48,26.3,788.0,567.82,296.0,6.8,1.52,207.0,101018.0,False,7,10,183
2020-07-01 11:00:00,32.69,24.1,938.0,762.54,219.0,6.0,2.28,205.0,101008.0,False,7,11,183
2020-07-01 12:00:00,33.68,23.55,884.0,553.01,347.0,5.8,2.62,207.0,100958.0,False,7,12,183
2020-07-01 13:00:00,34.33,21.5,844.0,513.15,357.0,3.2,3.03,212.0,100938.0,False,7,13,183
2020-07-01 14:00:00,35.16,20.25,815.0,609.11,280.0,1.2,3.24,218.0,100878.0,False,7,14,183
2020-07-01 15:00:00,35.35,19.7,688.0,566.92,255.0,-1.0,3.38,221.0,100819.0,False,7,15,183
2020-07-01 16:00:00,35.22,19.9,568.0,662.14,162.0,-2.2,3.45,224.0,100799.0,False,7,16,183
2020-07-01 17:00:00,34.28,20.35,360.0,487.69,147.0,-3.6,3.38,229.0,100749.0,False,7,17,183
2020-07-01 18:00:00,33.43,21.05,177.0,360.94,88.0,-4.8,2.97,235.0,100719.0,False,7,18,183
2020-07-01 19:00:00,31.55,21.35,16.0,0.0,16.0,-3.0,2.21,241.0,100729.0,False,7,19,183
2020-07-01 20:00:00,28.44,28.3,0.0,-0.0,0.0,-6.4,1.86,265.0,100779.0,False,7,20,183
2020-07-01 21:00:00,26.65,31.4,0.0,-0.0,0.0,-3.6,2.0,283.0,100849.0,False,7,21,183
2020-07-01 22:00:00,25.89,30.45,0.0,-0.0,0.0,-1.8,2.21,303.0,100888.0,False,7,22,183
2020-07-01 23:00:00,25.41,28.9,0.0,-0.0,0.0,-1.8,1.86,302.0,100888.0,False,7,23,183
2020-07-02 00:00:00,24.54,28.8,0.0,-0.0,0.0,-1.4,1.93,283.0,100928.0,False,7,0,184
2020-07-02 01:00:00,24.34,26.9,0.0,-0.0,0.0,333.45,1.86,288.0,100878.0,False,7,1,184
2020-07-02 02:00:00,23.52,22.95,0.0,-0.0,0.0,-1.6,1.66,303.0,100839.0,False,7,2,184
2020-07-02 03:00:00,23.21,21.75,0.0,-0.0,0.0,-2.2,1.52,306.0,100799.0,False,7,3,184
2020-07-02 04:00:00,23.04,21.45,0.0,-0.0,0.0,-2.0,1.79,304.0,100809.0,False,7,4,184
2020-07-02 05:00:00,22.66,23.55,0.0,0.0,0.0,-2.6,1.93,307.0,100849.0,False,7,5,184
2020-07-02 06:00:00,23.25,24.85,146.0,284.4,83.0,-1.0,1.66,312.0,100898.0,False,7,6,184
2020-07-02 07:00:00,26.4,21.3,344.0,525.89,127.0,4.8,1.66,313.0,100938.0,False,7,7,184
2020-07-02 08:00:00,30.47,15.3,542.0,655.89,154.0,8.8,1.17,272.0,100938.0,False,7,8,184
2020-07-02 09:00:00,32.32,14.6,719.0,734.46,171.0,9.4,1.72,223.0,100988.0,False,7,9,184
2020-07-02 10:00:00,34.8,11.65,843.0,732.28,209.0,6.6,1.45,209.0,100978.0,False,7,10,184
2020-07-02 11:00:00,36.06,10.55,978.0,895.59,134.0,5.0,2.07,198.0,101008.0,False,7,11,184
2020-07-02 12:00:00,36.56,10.05,969.0,776.74,215.0,4.8,2.48,198.0,100988.0,False,7,12,184
2020-07-02 13:00:00,36.93,11.15,965.0,832.59,175.0,3.6,2.83,202.0,100948.0,False,7,13,184
2020-07-02 14:00:00,36.93,12.45,862.0,750.35,203.0,2.35,2.69,206.0,100888.0,False,7,14,184
2020-07-02 15:00:00,36.89,13.8,711.0,646.81,217.0,1.2,2.69,207.0,100849.0,False,7,15,184
2020-07-02 16:00:00,36.98,14.6,570.0,680.1,153.0,-1.2,2.62,210.0,100829.0,False,7,16,184
2020-07-02 17:00:00,35.75,16.5,346.0,432.79,157.0,-2.6,2.34,214.0,100799.0,False,7,17,184
2020-07-02 18:00:00,34.63,18.35,167.0,296.21,94.0,-5.0,1.93,217.0,100789.0,False,7,18,184
2020-07-02 19:00:00,32.93,20.6,16.0,0.0,16.0,-3.6,1.45,224.0,100829.0,False,7,19,184
2020-07-02 20:00:00,30.49,25.4,0.0,-0.0,0.0,-7.2,1.1,255.0,100859.0,False,7,20,184
2020-07-02 21:00:00,28.51,27.85,0.0,-0.0,0.0,-4.6,1.79,288.0,100908.0,False,7,21,184
2020-07-02 22:00:00,27.67,25.5,0.0,-0.0,0.0,-3.6,1.38,329.0,101018.0,False,7,22,184
2020-07-02 23:00:00,26.22,27.65,0.0,-0.0,0.0,-4.2,1.31,340.0,101048.0,False,7,23,184
2020-07-03 00:00:00,25.23,27.95,0.0,-0.0,0.0,-3.8,1.38,341.0,101038.0,False,7,0,185
2020-07-03 01:00:00,24.23,27.7,0.0,-0.0,0.0,333.45,1.38,350.0,101028.0,False,7,1,185
2020-07-03 02:00:00,22.33,31.35,0.0,-0.0,0.0,-3.8,1.52,357.0,101018.0,False,7,2,185
2020-07-03 03:00:00,21.39,34.25,0.0,-0.0,0.0,-1.6,1.52,355.0,101038.0,False,7,3,185
2020-07-03 04:00:00,20.4,39.1,0.0,-0.0,0.0,-2.8,1.66,3.0,101058.0,False,7,4,185
2020-07-03 05:00:00,19.51,43.55,0.0,0.0,0.0,-2.0,1.79,16.0,101138.0,False,7,5,185
2020-07-03 06:00:00,21.53,39.7,157.0,395.21,70.0,1.4,1.31,23.0,101207.0,False,7,6,185
2020-07-03 07:00:00,23.82,41.7,340.0,532.36,121.0,22.4,1.72,54.0,101307.0,False,7,7,185
2020-07-03 08:00:00,26.37,38.75,526.0,621.53,159.0,11.2,1.93,75.0,101347.0,False,7,8,185
2020-07-03 09:00:00,27.1,40.55,661.0,572.98,234.0,0.6,2.14,103.0,101387.0,False,7,9,185
2020-07-03 10:00:00,27.82,42.75,779.0,582.6,275.0,9.2,2.14,128.0,101427.0,False,7,10,185
2020-07-03 11:00:00,28.19,43.55,922.0,763.37,203.0,5.6,2.28,137.0,101457.0,False,7,11,185
2020-07-03 12:00:00,28.78,42.9,881.0,582.25,316.0,8.2,2.21,143.0,101467.0,False,7,12,185
2020-07-03 13:00:00,29.16,39.6,905.0,695.74,245.0,4.6,2.76,145.0,101447.0,False,7,13,185
2020-07-03 14:00:00,29.09,41.85,774.0,537.51,302.0,18.2,2.28,154.0,101437.0,False,7,14,185
2020-07-03 15:00:00,29.08,45.8,664.0,531.64,258.0,-16.2,2.34,161.0,101417.0,False,7,15,185
2020-07-03 16:00:00,28.7,48.2,560.0,668.76,150.0,-2.2,2.0,157.0,101387.0,False,7,16,185
2020-07-03 17:00:00,27.47,53.95,348.0,460.39,147.0,-0.35,2.14,146.0,101387.0,False,7,17,185
2020-07-03 18:00:00,26.27,59.45,177.0,385.82,82.0,-1.8,2.14,131.0,101417.0,False,7,18,185
2020-07-03 19:00:00,25.04,65.4,17.0,0.0,17.0,2.2,1.86,120.0,101437.0,False,7,19,185
2020-07-03 20:00:00,23.81,72.9,0.0,-0.0,0.0,-5.6,1.79,107.0,101497.0,False,7,20,185
2020-07-03 21:00:00,22.64,78.9,0.0,-0.0,0.0,0.2,1.79,92.0,101596.0,False,7,21,185
2020-07-03 22:00:00,22.16,77.85,0.0,-0.0,0.0,10.8,1.45,80.0,101666.0,False,7,22,185
2020-07-03 23:00:00,21.82,76.95,0.0,-0.0,0.0,-19.6,1.24,69.0,101676.0,False,7,23,185
2020-07-04 00:00:00,21.25,75.35,0.0,-0.0,0.0,-8.0,0.83,67.0,101656.0,False,7,0,186
2020-07-04 01:00:00,20.92,75.25,0.0,-0.0,0.0,355.25,0.48,54.0,101626.0,False,7,1,186
2020-07-04 02:00:00,20.54,78.0,0.0,-0.0,0.0,-3.4,0.69,38.0,101596.0,False,7,2,186
2020-07-04 03:00:00,20.28,78.1,0.0,-0.0,0.0,-4.0,0.9,41.0,101586.0,False,7,3,186
2020-07-04 04:00:00,19.69,80.35,0.0,-0.0,0.0,2.0,1.1,42.0,101576.0,False,7,4,186
2020-07-04 05:00:00,19.13,83.05,0.0,0.0,0.0,-3.4,1.1,43.0,101626.0,False,7,5,186
2020-07-04 06:00:00,20.15,76.45,152.0,361.23,73.0,5.8,1.31,55.0,101676.0,False,7,6,186
2020-07-04 07:00:00,21.78,66.3,342.0,543.8,119.0,3.2,1.59,79.0,101716.0,False,7,7,186
2020-07-04 08:00:00,24.85,53.6,529.0,636.29,154.0,3.2,2.07,90.0,101746.0,False,7,8,186
2020-07-04 09:00:00,26.36,49.4,704.0,714.77,172.0,5.2,2.34,98.0,101766.0,False,7,9,186
2020-07-04 10:00:00,27.7,45.95,826.0,713.84,209.0,6.0,2.0,98.0,101786.0,False,7,10,186
2020-07-04 11:00:00,28.53,43.95,976.0,924.23,106.0,4.2,2.76,115.0,101756.0,False,7,11,186
2020-07-04 12:00:00,28.87,43.55,974.0,820.63,178.0,5.4,2.9,121.0,101706.0,False,7,12,186
2020-07-04 13:00:00,29.08,42.75,969.0,877.29,137.0,4.6,3.03,121.0,101696.0,False,7,13,186
2020-07-04 14:00:00,29.14,44.15,885.0,853.11,136.0,9.8,2.83,128.0,101656.0,False,7,14,186
2020-07-04 15:00:00,29.31,43.95,734.0,750.43,161.0,-6.6,2.69,125.0,101616.0,False,7,15,186
2020-07-04 16:00:00,28.88,43.7,589.0,794.52,102.0,-5.6,2.41,117.0,101566.0,False,7,16,186
2020-07-04 17:00:00,28.02,46.45,372.0,572.87,122.0,-3.8,2.41,113.0,101516.0,False,7,17,186
2020-07-04 18:00:00,27.54,46.5,182.0,422.87,78.0,-5.6,2.21,113.0,101516.0,False,7,18,186
2020-07-04 19:00:00,26.7,47.35,17.0,0.0,17.0,-4.6,1.86,101.0,101507.0,False,7,19,186
2020-07-04 20:00:00,25.49,50.9,0.0,-0.0,0.0,-8.0,1.79,86.0,101576.0,False,7,20,186
2020-07-04 21:00:00,24.21,55.75,0.0,-0.0,0.0,-4.8,1.66,67.0,101636.0,False,7,21,186
2020-07-04 22:00:00,22.96,64.4,0.0,-0.0,0.0,-4.8,1.17,61.0,101656.0,False,7,22,186
2020-07-04 23:00:00,22.44,65.6,0.0,-0.0,0.0,-4.2,1.24,40.0,101646.0,False,7,23,186
2020-07-05 00:00:00,22.2,64.1,0.0,-0.0,0.0,-3.4,0.9,27.0,101646.0,False,7,0,187
2020-07-05 01:00:00,21.77,63.25,0.0,-0.0,0.0,339.65,0.9,17.0,101606.0,False,7,1,187
2020-07-05 02:00:00,21.11,63.95,0.0,-0.0,0.0,-2.15,1.17,18.0,101556.0,False,7,2,187
2020-07-05 03:00:00,20.77,62.0,0.0,-0.0,0.0,-1.6,1.31,26.0,101546.0,False,7,3,187
2020-07-05 04:00:00,20.68,59.25,0.0,-0.0,0.0,-1.35,1.52,28.0,101536.0,False,7,4,187
2020-07-05 05:00:00,20.51,58.05,0.0,0.0,0.0,-1.4,1.52,27.0,101546.0,False,7,5,187
2020-07-05 06:00:00,21.49,51.55,156.0,391.33,71.0,0.0,1.72,24.0,101566.0,False,7,6,187
2020-07-05 07:00:00,23.57,46.55,353.0,606.74,105.0,6.0,2.14,45.0,101606.0,False,7,7,187
2020-07-05 08:00:00,26.31,37.55,548.0,707.25,132.0,8.0,2.62,66.0,101616.0,False,7,8,187
2020-07-05 09:00:00,27.5,35.25,713.0,737.22,165.0,8.2,2.83,83.0,101616.0,False,7,9,187
2020-07-05 10:00:00,29.55,30.6,870.0,840.69,144.0,7.2,2.9,86.0,101616.0,False,7,10,187
2020-07-05 11:00:00,30.11,28.55,982.0,933.31,104.0,5.6,3.17,99.0,101596.0,False,7,11,187
2020-07-05 12:00:00,30.55,28.1,958.0,767.36,214.0,3.8,3.31,108.0,101576.0,False,7,12,187
2020-07-05 13:00:00,30.91,28.15,950.0,806.89,185.0,1.55,3.24,112.0,101536.0,False,7,13,187
2020-07-05 14:00:00,31.19,28.85,815.0,632.29,260.0,0.4,3.17,114.0,101487.0,False,7,14,187
2020-07-05 15:00:00,31.23,28.7,687.0,588.17,238.0,-0.8,2.97,111.0,101447.0,False,7,15,187
2020-07-05 16:00:00,30.59,30.3,569.0,695.22,143.0,-0.15,2.83,99.0,101367.0,False,7,16,187
2020-07-05 17:00:00,29.31,33.75,356.0,488.37,143.0,-3.6,2.83,100.0,101307.0,False,7,17,187
2020-07-05 18:00:00,28.32,36.8,180.0,399.07,82.0,1.15,2.48,88.0,101317.0,False,7,18,187
2020-07-05 19:00:00,27.21,36.95,16.0,0.0,16.0,-3.35,2.28,93.0,101357.0,False,7,19,187
2020-07-05 20:00:00,25.43,45.1,0.0,-0.0,0.0,-9.4,1.59,86.0,101397.0,False,7,20,187
2020-07-05 21:00:00,24.36,48.15,0.0,-0.0,0.0,-7.4,1.17,62.0,101467.0,False,7,21,187
2020-07-05 22:00:00,22.92,54.15,0.0,-0.0,0.0,-3.8,0.48,43.0,101487.0,False,7,22,187
2020-07-05 23:00:00,22.83,53.4,0.0,-0.0,0.0,-3.0,0.62,334.0,101487.0,False,7,23,187
2020-07-06 00:00:00,22.3,53.8,0.0,-0.0,0.0,-2.2,0.69,302.0,101467.0,False,7,0,188
2020-07-06 01:00:00,21.52,54.05,0.0,-0.0,0.0,339.85,0.9,294.0,101417.0,False,7,1,188
2020-07-06 02:00:00,20.49,55.35,0.0,-0.0,0.0,-1.0,1.03,292.0,101367.0,False,7,2,188
2020-07-06 03:00:00,20.5,54.3,0.0,-0.0,0.0,-0.6,0.69,309.0,101317.0,False,7,3,188
2020-07-06 04:00:00,20.53,52.05,0.0,-0.0,0.0,-0.6,0.62,317.0,101307.0,False,7,4,188
2020-07-06 05:00:00,20.19,52.2,0.0,0.0,0.0,-0.75,0.69,325.0,101277.0,False,7,5,188
2020-07-06 06:00:00,21.43,49.45,148.0,343.11,74.0,0.6,0.41,329.0,101327.0,False,7,6,188
2020-07-06 07:00:00,23.77,47.0,330.0,495.87,128.0,5.8,0.0,20.0,101337.0,False,7,7,188
2020-07-06 08:00:00,26.47,42.2,507.0,560.47,178.0,8.8,0.62,157.0,101347.0,False,7,8,188
2020-07-06 09:00:00,27.8,38.7,664.0,595.42,222.0,8.6,1.1,154.0,101367.0,False,7,9,188
2020-07-06 10:00:00,29.23,35.9,767.0,556.34,287.0,7.8,1.1,152.0,101367.0,False,7,10,188
2020-07-06 11:00:00,30.1,35.35,935.0,807.34,176.0,6.8,1.79,148.0,101377.0,False,7,11,188
2020-07-06 12:00:00,30.55,35.55,942.0,740.88,224.0,5.2,2.0,151.0,101357.0,False,7,12,188
2020-07-06 13:00:00,30.7,36.1,928.0,763.91,204.0,5.8,2.21,153.0,101327.0,False,7,13,188
2020-07-06 14:00:00,30.94,35.25,834.0,700.85,219.0,7.2,2.14,152.0,101297.0,False,7,14,188
2020-07-06 15:00:00,31.15,34.55,695.0,627.65,216.0,-3.6,2.14,150.0,101277.0,False,7,15,188
2020-07-06 16:00:00,30.17,35.7,580.0,760.81,114.0,-2.6,1.86,154.0,101237.0,False,7,16,188
2020-07-06 17:00:00,28.96,41.6,365.0,546.11,127.0,-4.0,1.86,160.0,101178.0,False,7,17,188
2020-07-06 18:00:00,28.23,44.1,181.0,424.28,77.0,-8.8,1.72,163.0,101178.0,False,7,18,188
2020-07-06 19:00:00,27.19,46.95,16.0,0.0,16.0,-4.2,1.38,160.0,101138.0,False,7,19,188
2020-07-06 20:00:00,25.88,51.7,0.0,-0.0,0.0,-7.0,0.83,162.0,101178.0,False,7,20,188
2020-07-06 21:00:00,24.69,59.5,0.0,-0.0,0.0,-3.0,0.55,172.0,101247.0,False,7,21,188
2020-07-06 22:00:00,23.24,65.7,0.0,-0.0,0.0,-1.35,0.48,190.0,101267.0,False,7,22,188
2020-07-06 23:00:00,22.68,66.8,0.0,-0.0,0.0,-0.35,0.55,242.0,101257.0,False,7,23,188
2020-07-07 00:00:00,22.4,66.7,0.0,-0.0,0.0,-0.2,0.83,252.0,101247.0,False,7,0,189
2020-07-07 01:00:00,22.32,66.5,0.0,-0.0,0.0,358.05,1.03,258.0,101237.0,False,7,1,189
2020-07-07 02:00:00,21.95,65.15,0.0,-0.0,0.0,-0.15,1.03,265.0,101207.0,False,7,2,189
2020-07-07 03:00:00,22.04,64.6,0.0,-0.0,0.0,-0.6,0.83,274.0,101197.0,False,7,3,189
2020-07-07 04:00:00,21.93,64.85,0.0,-0.0,0.0,-1.0,0.76,290.0,101188.0,False,7,4,189
2020-07-07 05:00:00,21.65,67.1,0.0,0.0,0.0,-1.6,0.9,302.0,101178.0,False,7,5,189
2020-07-07 06:00:00,21.98,66.1,152.0,383.01,70.0,-0.35,0.76,299.0,101197.0,False,7,6,189
2020-07-07 07:00:00,23.49,58.55,358.0,660.17,90.0,-1.8,0.69,241.0,101207.0,False,7,7,189
2020-07-07 08:00:00,26.83,50.4,549.0,730.65,121.0,7.4,0.9,205.0,101217.0,False,7,8,189
2020-07-07 09:00:00,28.12,47.3,712.0,747.32,158.0,8.2,1.17,194.0,101207.0,False,7,9,189
2020-07-07 10:00:00,30.78,37.25,861.0,821.38,153.0,7.2,1.24,191.0,101227.0,False,7,10,189
2020-07-07 11:00:00,32.48,34.4,942.0,816.4,175.0,5.4,1.72,173.0,101227.0,False,7,11,189
2020-07-07 12:00:00,32.65,32.9,966.0,793.9,197.0,4.6,1.79,173.0,101207.0,False,7,12,189
2020-07-07 13:00:00,32.86,32.75,983.0,916.2,115.0,3.4,1.93,176.0,101178.0,False,7,13,189
2020-07-07 14:00:00,33.09,31.55,860.0,767.21,187.0,1.2,1.93,179.0,101158.0,False,7,14,189
2020-07-07 15:00:00,32.99,31.55,725.0,713.09,181.0,8.8,1.86,184.0,101118.0,False,7,15,189
2020-07-07 16:00:00,32.01,32.3,558.0,651.76,159.0,-1.6,1.66,190.0,101078.0,False,7,16,189
2020-07-07 17:00:00,31.81,32.45,348.0,457.04,149.0,-7.0,1.38,190.0,101028.0,False,7,17,189
2020-07-07 18:00:00,31.23,32.0,167.0,318.9,89.0,-4.8,1.03,190.0,101018.0,False,7,18,189
2020-07-07 19:00:00,30.27,30.5,15.0,0.0,15.0,-5.4,0.76,182.0,100998.0,False,7,19,189
2020-07-07 20:00:00,28.11,37.75,0.0,-0.0,0.0,-9.2,0.28,217.0,101038.0,False,7,20,189
2020-07-07 21:00:00,26.32,41.4,0.0,-0.0,0.0,-3.6,0.41,292.0,101078.0,False,7,21,189
2020-07-07 22:00:00,26.3,35.6,0.0,-0.0,0.0,-2.0,0.34,342.0,101108.0,False,7,22,189
2020-07-07 23:00:00,25.87,38.7,0.0,-0.0,0.0,-2.6,0.07,1.0,101138.0,False,7,23,189
2020-07-08 00:00:00,25.48,39.4,0.0,-0.0,0.0,-3.2,0.14,77.0,101148.0,False,7,0,190
2020-07-08 01:00:00,24.58,42.55,0.0,-0.0,0.0,356.45,0.62,28.0,101118.0,False,7,1,190
2020-07-08 02:00:00,24.08,45.1,0.0,-0.0,0.0,-2.0,0.69,27.0,101108.0,False,7,2,190
2020-07-08 03:00:00,23.92,45.95,0.0,-0.0,0.0,4.0,1.24,18.0,101078.0,False,7,3,190
2020-07-08 04:00:00,23.4,48.55,0.0,-0.0,0.0,-4.8,1.45,15.0,101068.0,False,7,4,190
2020-07-08 05:00:00,23.6,51.9,0.0,0.0,0.0,-2.75,1.38,9.0,101068.0,False,7,5,190
2020-07-08 06:00:00,23.69,54.25,123.0,188.26,83.0,0.35,0.9,7.0,101118.0,False,7,6,190
2020-07-08 07:00:00,24.96,46.5,294.0,338.69,157.0,3.2,1.31,62.0,101108.0,False,7,7,190
2020-07-08 08:00:00,27.54,36.05,464.0,415.72,221.0,6.8,2.07,72.0,101138.0,False,7,8,190
2020-07-08 09:00:00,29.05,32.85,627.0,490.36,264.0,5.4,2.48,83.0,101148.0,False,7,9,190
2020-07-08 10:00:00,30.63,29.9,769.0,567.87,280.0,11.8,1.79,108.0,101128.0,False,7,10,190
2020-07-08 11:00:00,32.15,27.85,872.0,636.96,274.0,10.2,2.76,117.0,101138.0,False,7,11,190
2020-07-08 12:00:00,32.75,28.5,867.0,555.72,329.0,4.8,3.59,112.0,101098.0,False,7,12,190
2020-07-08 13:00:00,33.1,28.4,824.0,504.76,346.0,-0.8,3.1,114.0,101078.0,False,7,13,190
2020-07-08 14:00:00,32.87,29.3,767.0,524.59,307.0,3.0,2.41,115.0,101078.0,False,7,14,190
2020-07-08 15:00:00,32.56,28.5,638.0,465.54,283.0,-5.0,2.9,106.0,100998.0,False,7,15,190
2020-07-08 16:00:00,32.19,28.85,524.0,537.74,195.0,-2.8,3.52,93.0,100928.0,False,7,16,190
2020-07-08 17:00:00,30.92,31.6,314.0,321.88,174.0,-4.0,3.79,81.0,100849.0,False,7,17,190
2020-07-08 18:00:00,29.33,35.6,162.0,295.11,90.0,-6.8,3.38,69.0,100898.0,False,7,18,190
2020-07-08 19:00:00,27.97,38.25,16.0,0.0,16.0,-12.2,2.83,64.0,100928.0,False,7,19,190
2020-07-08 20:00:00,26.15,44.35,0.0,-0.0,0.0,-3.8,2.48,62.0,101018.0,False,7,20,190
2020-07-08 21:00:00,25.09,49.9,0.0,-0.0,0.0,-4.0,2.14,54.0,101088.0,False,7,21,190
2020-07-08 22:00:00,24.54,50.3,0.0,-0.0,0.0,-0.55,1.52,56.0,101138.0,False,7,22,190
2020-07-08 23:00:00,24.34,47.55,0.0,-0.0,0.0,-2.0,0.62,43.0,101217.0,False,7,23,190
2020-07-09 00:00:00,23.82,47.5,0.0,-0.0,0.0,-9.4,1.1,53.0,101237.0,False,7,0,191
2020-07-09 01:00:00,23.38,48.0,0.0,-0.0,0.0,343.25,1.79,30.0,101118.0,False,7,1,191
2020-07-09 02:00:00,22.4,50.95,0.0,-0.0,0.0,-1.75,1.72,3.0,101008.0,False,7,2,191
2020-07-09 03:00:00,22.16,49.1,0.0,-0.0,0.0,3.6,1.24,346.0,100998.0,False,7,3,191
2020-07-09 04:00:00,21.64,48.5,0.0,-0.0,0.0,-6.2,1.03,343.0,101008.0,False,7,4,191
2020-07-09 05:00:00,20.82,50.8,0.0,0.0,0.0,-1.2,0.62,348.0,101028.0,False,7,5,191
2020-07-09 06:00:00,22.01,51.05,140.0,303.61,76.0,-0.75,0.21,349.0,101088.0,False,7,6,191
2020-07-09 07:00:00,24.29,44.35,342.0,578.14,109.0,4.6,0.55,167.0,101128.0,False,7,7,191
2020-07-09 08:00:00,25.92,44.65,543.0,714.97,126.0,8.2,1.24,163.0,101197.0,False,7,8,191
2020-07-09 09:00:00,26.77,44.5,725.0,804.93,130.0,7.2,1.59,164.0,101227.0,False,7,9,191
2020-07-09 10:00:00,28.68,36.5,882.0,900.91,107.0,6.0,1.52,163.0,101207.0,False,7,10,191
2020-07-09 11:00:00,29.53,36.1,972.0,912.45,116.0,4.6,2.07,150.0,101217.0,False,7,11,191
2020-07-09 12:00:00,29.72,37.35,986.0,856.78,157.0,3.0,2.41,152.0,101197.0,False,7,12,191
2020-07-09 13:00:00,29.49,39.75,987.0,932.87,104.0,2.4,3.31,161.0,101207.0,False,7,13,191
2020-07-09 14:00:00,28.8,42.55,879.0,827.17,154.0,0.15,3.38,160.0,101178.0,False,7,14,191
2020-07-09 15:00:00,28.27,44.1,749.0,800.35,139.0,4.4,2.62,161.0,101158.0,False,7,15,191
2020-07-09 16:00:00,27.87,46.8,594.0,816.19,95.0,-5.8,2.34,162.0,101118.0,False,7,16,191
2020-07-09 17:00:00,27.04,50.1,378.0,612.35,112.0,-8.6,2.0,169.0,101048.0,False,7,17,191
2020-07-09 18:00:00,26.34,51.75,185.0,460.37,73.0,-1.8,1.24,154.0,101048.0,False,7,18,191
2020-07-09 19:00:00,25.24,54.6,15.0,0.0,15.0,-2.15,0.83,116.0,101038.0,False,7,19,191
2020-07-09 20:00:00,24.05,61.05,0.0,-0.0,0.0,-6.0,0.69,67.0,101078.0,False,7,20,191
2020-07-09 21:00:00,23.15,67.05,0.0,-0.0,0.0,-2.75,0.62,68.0,101108.0,False,7,21,191
2020-07-09 22:00:00,22.73,69.6,0.0,-0.0,0.0,3.15,0.55,60.0,101197.0,False,7,22,191
2020-07-09 23:00:00,21.82,73.45,0.0,-0.0,0.0,3.4,0.55,96.0,101227.0,False,7,23,191
2020-07-10 00:00:00,20.81,81.8,0.0,-0.0,0.0,-2.0,0.28,54.0,101197.0,False,7,0,192
2020-07-10 01:00:00,20.45,80.4,0.0,-0.0,0.0,353.25,0.55,273.0,101138.0,False,7,1,192
2020-07-10 02:00:00,20.07,78.4,0.0,-0.0,0.0,-4.0,0.9,287.0,101078.0,False,7,2,192
2020-07-10 03:00:00,20.11,79.95,0.0,-0.0,0.0,-0.6,0.9,305.0,101068.0,False,7,3,192
2020-07-10 04:00:00,20.22,79.25,0.0,-0.0,0.0,-4.2,0.34,284.0,101068.0,False,7,4,192
2020-07-10 05:00:00,19.75,82.95,0.0,0.0,0.0,-1.35,0.14,200.0,101098.0,False,7,5,192
2020-07-10 06:00:00,20.16,81.3,145.0,358.7,70.0,-1.6,0.34,305.0,101108.0,False,7,6,192
2020-07-10 07:00:00,21.56,76.7,330.0,520.56,121.0,5.0,0.41,278.0,101108.0,False,7,7,192
2020-07-10 08:00:00,23.93,66.3,508.0,575.68,173.0,6.4,0.55,172.0,101118.0,False,7,8,192
2020-07-10 09:00:00,25.5,59.85,645.0,539.23,247.0,8.0,1.52,153.0,101138.0,False,7,9,192
2020-07-10 10:00:00,27.79,49.15,814.0,688.9,222.0,7.6,1.52,153.0,101148.0,False,7,10,192
2020-07-10 11:00:00,28.0,49.5,825.0,518.45,339.0,11.0,2.0,156.0,101148.0,False,7,11,192
2020-07-10 12:00:00,28.5,48.5,845.0,501.55,360.0,1.4,2.0,157.0,101128.0,False,7,12,192
2020-07-10 13:00:00,29.04,46.35,921.0,739.91,221.0,9.0,1.86,156.0,101078.0,False,7,13,192
2020-07-10 14:00:00,29.44,45.05,776.0,541.07,302.0,-2.0,1.79,151.0,100998.0,False,7,14,192
2020-07-10 15:00:00,29.63,45.35,678.0,571.08,243.0,3.4,1.86,151.0,100968.0,False,7,15,192
2020-07-10 16:00:00,29.62,45.6,570.0,713.74,134.0,-2.2,1.72,147.0,100928.0,False,7,16,192
2020-07-10 17:00:00,28.63,50.35,352.0,481.82,143.0,11.2,1.86,145.0,100908.0,False,7,17,192
2020-07-10 18:00:00,27.73,54.3,177.0,395.86,81.0,-17.8,1.66,141.0,100928.0,False,7,18,192
2020-07-10 19:00:00,26.62,57.4,15.0,0.0,15.0,-7.0,1.38,125.0,100918.0,False,7,19,192
2020-07-10 20:00:00,25.65,61.6,0.0,-0.0,0.0,-7.6,1.17,92.0,100968.0,False,7,20,192
2020-07-10 21:00:00,24.57,65.6,0.0,-0.0,0.0,-4.2,1.17,72.0,101028.0,False,7,21,192
2020-07-10 22:00:00,23.91,69.75,0.0,-0.0,0.0,-4.0,1.1,45.0,101078.0,False,7,22,192
2020-07-10 23:00:00,23.43,68.25,0.0,-0.0,0.0,-4.4,0.76,46.0,101088.0,False,7,23,192
2020-07-11 00:00:00,22.74,70.5,0.0,-0.0,0.0,-3.8,0.83,31.0,101068.0,False,7,0,193
2020-07-11 01:00:00,22.2,70.4,0.0,-0.0,0.0,347.85,1.17,33.0,101058.0,False,7,1,193
2020-07-11 02:00:00,21.74,71.55,0.0,-0.0,0.0,-2.8,1.24,34.0,101018.0,False,7,2,193
2020-07-11 03:00:00,21.4,71.85,0.0,-0.0,0.0,-2.2,1.31,29.0,101038.0,False,7,3,193
2020-07-11 04:00:00,21.17,70.55,0.0,-0.0,0.0,-3.2,1.24,20.0,101018.0,False,7,4,193
2020-07-11 05:00:00,20.91,68.85,0.0,0.0,0.0,-3.8,1.24,15.0,101058.0,False,7,5,193
2020-07-11 06:00:00,21.67,62.6,141.0,342.44,70.0,-1.35,1.52,13.0,101108.0,False,7,6,193
2020-07-11 07:00:00,23.8,51.9,334.0,570.09,106.0,11.0,1.52,53.0,101148.0,False,7,7,193
2020-07-11 08:00:00,26.46,41.4,528.0,688.97,128.0,9.2,2.41,80.0,101188.0,False,7,8,193
2020-07-11 09:00:00,27.57,40.5,700.0,750.38,147.0,7.4,3.1,92.0,101227.0,False,7,9,193
2020-07-11 10:00:00,29.07,40.15,853.0,843.42,129.0,11.6,3.1,90.0,101227.0,False,7,10,193
2020-07-11 11:00:00,29.57,40.95,921.0,794.31,177.0,6.0,3.79,96.0,101257.0,False,7,11,193
2020-07-11 12:00:00,29.83,41.1,945.0,772.98,198.0,4.0,4.0,99.0,101257.0,False,7,12,193
2020-07-11 13:00:00,30.29,40.0,962.0,891.55,119.0,2.0,4.14,97.0,101217.0,False,7,13,193
2020-07-11 14:00:00,30.6,38.8,851.0,774.35,173.0,-0.4,4.21,91.0,101197.0,False,7,14,193
2020-07-11 15:00:00,30.59,38.3,728.0,761.93,148.0,1.0,4.07,85.0,101118.0,False,7,15,193
2020-07-11 16:00:00,30.1,37.6,562.0,706.21,131.0,-2.8,4.28,70.0,101088.0,False,7,16,193
2020-07-11 17:00:00,29.03,41.9,353.0,512.61,131.0,-6.8,4.55,68.0,101008.0,False,7,17,193
2020-07-11 18:00:00,28.17,44.55,169.0,360.03,82.0,-6.0,4.41,66.0,101028.0,False,7,18,193
2020-07-11 19:00:00,26.36,51.0,14.0,0.0,14.0,-5.2,3.86,63.0,101038.0,False,7,19,193
2020-07-11 20:00:00,25.04,57.2,0.0,-0.0,0.0,-6.0,3.45,54.0,101108.0,False,7,20,193
2020-07-11 21:00:00,24.54,57.8,0.0,-0.0,0.0,-5.6,3.17,45.0,101148.0,False,7,21,193
2020-07-11 22:00:00,23.85,60.95,0.0,-0.0,0.0,-1.0,2.28,32.0,101197.0,False,7,22,193
2020-07-11 23:00:00,23.33,58.65,0.0,-0.0,0.0,-3.6,1.66,32.0,101247.0,False,7,23,193
2020-07-12 00:00:00,23.29,56.35,0.0,-0.0,0.0,7.2,1.38,29.0,101287.0,False,7,0,194
2020-07-12 01:00:00,23.69,51.8,0.0,-0.0,0.0,370.65,1.45,31.0,101257.0,False,7,1,194
2020-07-12 02:00:00,24.11,47.35,0.0,-0.0,0.0,9.8,2.07,24.0,101217.0,False,7,2,194
2020-07-12 03:00:00,24.15,43.75,0.0,-0.0,0.0,-5.6,2.07,12.0,101197.0,False,7,3,194
2020-07-12 04:00:00,24.22,42.15,0.0,-0.0,0.0,-0.2,1.86,25.0,101148.0,False,7,4,194
2020-07-12 05:00:00,24.5,40.5,0.0,0.0,0.0,4.0,1.79,35.0,101118.0,False,7,5,194
2020-07-12 06:00:00,24.27,39.15,65.0,14.6,62.0,-5.8,2.21,42.0,101178.0,False,7,6,194
2020-07-12 07:00:00,25.48,37.4,323.0,517.14,117.0,-15.8,3.03,58.0,101237.0,False,7,7,194
2020-07-12 08:00:00,27.55,32.8,234.0,18.99,223.0,4.2,3.66,70.0,101277.0,False,7,8,194
2020-07-12 09:00:00,28.13,34.7,541.0,296.28,323.0,11.4,3.86,73.0,101317.0,False,7,9,194
2020-07-12 10:00:00,28.49,38.9,532.0,139.95,412.0,5.8,2.69,92.0,101367.0,False,7,10,194
2020-07-12 11:00:00,28.65,41.3,740.0,362.22,401.0,2.6,2.55,104.0,101377.0,False,7,11,194
2020-07-12 12:00:00,28.95,40.85,788.0,404.87,397.0,5.2,2.76,100.0,101287.0,False,7,12,194
2020-07-12 13:00:00,29.81,37.25,864.0,616.94,281.0,5.8,2.83,106.0,101257.0,False,7,13,194
2020-07-12 14:00:00,30.14,36.5,757.0,516.55,305.0,2.2,3.1,107.0,101188.0,False,7,14,194
2020-07-12 15:00:00,30.03,36.3,641.0,489.05,269.0,1.75,3.52,96.0,101088.0,False,7,15,194
2020-07-12 16:00:00,29.84,38.05,501.0,474.04,212.0,-10.0,3.72,87.0,101068.0,False,7,16,194
2020-07-12 17:00:00,28.67,40.8,307.0,312.28,172.0,-4.4,3.86,83.0,101048.0,False,7,17,194
2020-07-12 18:00:00,27.8,41.2,141.0,186.95,96.0,-7.8,3.79,76.0,101108.0,False,7,18,194
2020-07-12 19:00:00,26.68,43.9,13.0,0.0,13.0,-0.2,3.45,69.0,101138.0,False,7,19,194
2020-07-12 20:00:00,25.09,50.75,0.0,-0.0,0.0,-7.0,3.17,62.0,101257.0,False,7,20,194
2020-07-12 21:00:00,24.03,53.7,0.0,-0.0,0.0,-6.4,2.97,54.0,101317.0,False,7,21,194
2020-07-12 22:00:00,22.79,60.6,0.0,-0.0,0.0,-8.8,3.17,49.0,101387.0,False,7,22,194
2020-07-12 23:00:00,22.54,59.25,0.0,-0.0,0.0,-4.2,2.97,47.0,101427.0,False,7,23,194
2020-07-13 00:00:00,22.06,58.05,0.0,-0.0,0.0,-5.4,2.48,28.0,101397.0,False,7,0,195
2020-07-13 01:00:00,21.53,58.0,0.0,-0.0,0.0,337.45,1.86,16.0,101297.0,False,7,1,195
2020-07-13 02:00:00,20.77,58.4,0.0,-0.0,0.0,-2.8,1.72,13.0,101227.0,False,7,2,195
2020-07-13 03:00:00,20.27,59.9,0.0,-0.0,0.0,-2.6,1.38,358.0,101237.0,False,7,3,195
2020-07-13 04:00:00,19.97,60.1,0.0,-0.0,0.0,-2.75,1.59,348.0,101277.0,False,7,4,195
2020-07-13 05:00:00,19.45,61.0,0.0,0.0,0.0,-1.8,1.59,348.0,101297.0,False,7,5,195
2020-07-13 06:00:00,20.51,56.85,132.0,289.63,73.0,-1.15,1.45,347.0,101337.0,False,7,6,195
2020-07-13 07:00:00,23.14,44.5,318.0,483.97,126.0,8.4,1.1,19.0,101357.0,False,7,7,195
2020-07-13 08:00:00,25.44,35.8,516.0,628.24,153.0,8.8,1.38,54.0,101357.0,False,7,8,195
2020-07-13 09:00:00,26.92,34.7,680.0,668.37,189.0,9.6,1.59,85.0,101397.0,False,7,9,195
2020-07-13 10:00:00,29.03,34.8,853.0,827.81,144.0,9.4,1.45,110.0,101407.0,False,7,10,195
2020-07-13 11:00:00,29.36,36.1,911.0,748.6,211.0,8.4,2.41,119.0,101457.0,False,7,11,195
2020-07-13 12:00:00,29.46,37.3,956.0,786.48,197.0,7.2,2.9,119.0,101457.0,False,7,12,195
2020-07-13 13:00:00,29.37,38.5,968.0,890.52,127.0,19.4,2.97,117.0,101437.0,False,7,13,195
2020-07-13 14:00:00,29.26,37.95,866.0,803.92,163.0,-7.4,3.03,112.0,101377.0,False,7,14,195
2020-07-13 15:00:00,28.8,39.8,738.0,777.58,147.0,1.75,2.83,109.0,101307.0,False,7,15,195
2020-07-13 16:00:00,28.37,41.0,575.0,748.83,119.0,2.4,2.76,105.0,101287.0,False,7,16,195
2020-07-13 17:00:00,27.87,43.85,366.0,570.16,120.0,-10.6,2.9,109.0,101247.0,False,7,17,195
2020-07-13 18:00:00,26.62,45.9,177.0,421.41,76.0,-9.0,2.76,110.0,101307.0,False,7,18,195
2020-07-13 19:00:00,25.72,45.95,14.0,0.0,14.0,11.8,2.14,103.0,101307.0,False,7,19,195
2020-07-13 20:00:00,24.64,48.1,0.0,-0.0,0.0,-15.0,1.72,81.0,101337.0,False,7,20,195
2020-07-13 21:00:00,24.18,47.25,0.0,-0.0,0.0,-8.0,1.45,54.0,101377.0,False,7,21,195
2020-07-13 22:00:00,23.71,47.6,0.0,-0.0,0.0,-6.6,0.76,21.0,101387.0,False,7,22,195
2020-07-13 23:00:00,23.43,47.1,0.0,-0.0,0.0,0.0,0.41,13.0,101407.0,False,7,23,195
2020-07-14 00:00:00,22.69,48.4,0.0,-0.0,0.0,-2.35,0.48,353.0,101397.0,False,7,0,196
2020-07-14 01:00:00,21.98,49.1,0.0,-0.0,0.0,353.85,0.83,355.0,101337.0,False,7,1,196
2020-07-14 02:00:00,21.37,49.05,0.0,-0.0,0.0,-6.4,1.1,8.0,101277.0,False,7,2,196
2020-07-14 03:00:00,21.34,48.85,0.0,-0.0,0.0,3.2,1.31,16.0,101257.0,False,7,3,196
2020-07-14 04:00:00,21.03,49.2,0.0,-0.0,0.0,-3.2,1.17,8.0,101237.0,False,7,4,196
2020-07-14 05:00:00,20.69,49.9,0.0,0.0,0.0,4.0,1.24,2.0,101227.0,False,7,5,196
2020-07-14 06:00:00,21.44,47.5,129.0,287.36,71.0,-4.8,0.9,3.0,101247.0,False,7,6,196
2020-07-14 07:00:00,23.2,46.9,316.0,506.24,116.0,5.6,1.03,82.0,101267.0,False,7,7,196
2020-07-14 08:00:00,25.72,40.25,505.0,615.92,150.0,15.0,1.72,101.0,101257.0,False,7,8,196
2020-07-14 09:00:00,26.88,38.6,672.0,673.56,178.0,7.6,2.0,103.0,101247.0,False,7,9,196
2020-07-14 10:00:00,27.36,39.2,830.0,789.03,155.0,4.8,1.79,128.0,101217.0,False,7,10,196
2020-07-14 11:00:00,27.4,41.85,867.0,660.43,250.0,7.8,2.14,109.0,101227.0,False,7,11,196
2020-07-14 12:00:00,27.17,43.4,910.0,695.8,239.0,15.0,2.76,88.0,101207.0,False,7,12,196
2020-07-14 13:00:00,26.76,46.6,928.0,804.24,169.0,-9.2,2.28,102.0,101148.0,False,7,13,196
2020-07-14 14:00:00,25.94,51.6,819.0,695.78,211.0,-1.0,2.28,126.0,101058.0,False,7,14,196
2020-07-14 15:00:00,25.91,52.55,709.0,711.11,169.0,1.0,1.93,147.0,101058.0,False,7,15,196
2020-07-14 16:00:00,25.83,52.75,552.0,682.37,137.0,8.0,1.72,144.0,101008.0,False,7,16,196
2020-07-14 17:00:00,25.36,54.4,261.0,171.88,187.0,-12.6,1.79,127.0,100928.0,False,7,17,196
2020-07-14 18:00:00,24.67,55.9,75.0,8.38,73.0,-2.4,1.72,110.0,100968.0,False,7,18,196
2020-07-14 19:00:00,24.34,54.7,12.0,0.0,12.0,-9.4,2.21,96.0,100978.0,False,7,19,196
2020-07-14 20:00:00,23.63,58.35,0.0,-0.0,0.0,-4.4,2.0,68.0,101008.0,False,7,20,196
2020-07-14 21:00:00,23.03,59.15,0.0,-0.0,0.0,-6.0,1.66,40.0,101068.0,False,7,21,196
2020-07-14 22:00:00,22.15,75.1,0.0,-0.0,0.0,-5.0,1.59,38.0,101118.0,False,7,22,196
2020-07-14 23:00:00,21.94,74.1,0.0,-0.0,0.0,-4.4,1.17,39.0,101148.0,False,7,23,196
2020-07-15 00:00:00,21.41,73.25,0.0,-0.0,0.0,-3.2,1.03,36.0,101098.0,False,7,0,197
2020-07-15 01:00:00,20.82,73.55,0.0,-0.0,0.0,351.05,1.24,34.0,101048.0,False,7,1,197
2020-07-15 02:00:00,19.97,73.8,0.0,-0.0,0.0,-2.6,1.38,33.0,101028.0,False,7,2,197
2020-07-15 03:00:00,19.76,71.65,0.0,-0.0,0.0,-2.0,1.45,34.0,101038.0,False,7,3,197
2020-07-15 04:00:00,19.64,68.85,0.0,-0.0,0.0,-0.6,1.45,36.0,101058.0,False,7,4,197
2020-07-15 05:00:00,19.08,66.45,0.0,0.0,0.0,-2.4,1.59,35.0,101068.0,False,7,5,197
2020-07-15 06:00:00,19.72,61.45,130.0,295.1,71.0,-3.4,2.21,33.0,101118.0,False,7,6,197
2020-07-15 07:00:00,21.53,54.55,318.0,508.41,118.0,3.2,2.62,40.0,101128.0,False,7,7,197
2020-07-15 08:00:00,24.23,45.55,498.0,580.95,164.0,8.2,2.76,51.0,101168.0,False,7,8,197
2020-07-15 09:00:00,25.59,44.45,637.0,550.41,234.0,4.4,3.17,70.0,101197.0,False,7,9,197
2020-07-15 10:00:00,27.79,38.8,811.0,713.91,201.0,8.2,3.38,74.0,101227.0,False,7,10,197
2020-07-15 11:00:00,28.42,38.55,835.0,567.83,305.0,4.6,3.93,85.0,101217.0,False,7,11,197
2020-07-15 12:00:00,28.92,38.1,888.0,624.74,286.0,4.8,4.07,90.0,101197.0,False,7,12,197
2020-07-15 13:00:00,29.51,36.8,932.0,800.58,177.0,2.0,4.14,89.0,101178.0,False,7,13,197
2020-07-15 14:00:00,29.92,35.2,819.0,680.29,225.0,5.2,4.0,88.0,101148.0,False,7,14,197
2020-07-15 15:00:00,30.33,34.6,725.0,751.34,155.0,-2.4,3.93,83.0,101108.0,False,7,15,197
2020-07-15 16:00:00,29.62,36.4,561.0,709.66,130.0,5.0,4.0,78.0,101058.0,False,7,16,197
2020-07-15 17:00:00,28.35,41.05,360.0,556.42,121.0,-4.6,4.0,71.0,100988.0,False,7,17,197
2020-07-15 18:00:00,27.21,44.7,177.0,442.37,72.0,4.4,3.72,64.0,101008.0,False,7,18,197
2020-07-15 19:00:00,25.91,48.7,13.0,0.0,13.0,-16.2,3.31,63.0,101058.0,False,7,19,197
2020-07-15 20:00:00,24.3,54.3,0.0,-0.0,0.0,-7.2,2.69,66.0,101138.0,False,7,20,197
2020-07-15 21:00:00,23.28,58.85,0.0,-0.0,0.0,-5.4,2.55,61.0,101277.0,False,7,21,197
2020-07-15 22:00:00,22.55,60.7,0.0,-0.0,0.0,-0.8,2.14,47.0,101287.0,False,7,22,197
2020-07-15 23:00:00,22.03,59.3,0.0,-0.0,0.0,-7.4,2.07,38.0,101297.0,False,7,23,197
2020-07-16 00:00:00,21.53,57.75,0.0,-0.0,0.0,-3.4,1.86,35.0,101297.0,False,7,0,198
2020-07-16 01:00:00,21.27,54.65,0.0,-0.0,0.0,339.25,1.72,32.0,101277.0,False,7,1,198
2020-07-16 02:00:00,20.77,54.0,0.0,-0.0,0.0,-0.35,1.72,29.0,101247.0,False,7,2,198
2020-07-16 03:00:00,20.29,53.45,0.0,-0.0,0.0,-3.0,1.79,24.0,101247.0,False,7,3,198
2020-07-16 04:00:00,20.19,51.25,0.0,-0.0,0.0,-1.2,1.72,19.0,101237.0,False,7,4,198
2020-07-16 05:00:00,20.09,51.45,0.0,0.0,0.0,0.0,1.59,17.0,101267.0,False,7,5,198
2020-07-16 06:00:00,20.46,49.65,131.0,313.14,69.0,-1.0,2.07,16.0,101287.0,False,7,6,198
2020-07-16 07:00:00,23.13,44.6,328.0,569.36,105.0,9.4,2.14,37.0,101337.0,False,7,7,198
2020-07-16 08:00:00,25.83,36.3,515.0,653.95,140.0,7.8,3.03,61.0,101377.0,False,7,8,198
2020-07-16 09:00:00,27.04,35.4,671.0,659.44,189.0,7.4,3.45,74.0,101407.0,False,7,9,198
2020-07-16 10:00:00,28.65,32.4,848.0,833.15,137.0,6.4,3.1,72.0,101377.0,False,7,10,198
2020-07-16 11:00:00,29.23,32.15,906.0,754.97,202.0,5.2,3.45,81.0,101327.0,False,7,11,198
2020-07-16 12:00:00,29.79,32.0,957.0,809.08,178.0,4.6,3.79,85.0,101297.0,False,7,12,198
2020-07-16 13:00:00,30.0,31.45,959.0,881.85,128.0,3.0,3.93,87.0,101267.0,False,7,13,198
2020-07-16 14:00:00,30.5,30.9,833.0,722.12,203.0,2.0,3.86,88.0,101217.0,False,7,14,198
2020-07-16 15:00:00,30.3,32.25,741.0,811.5,126.0,1.0,3.79,86.0,101168.0,False,7,15,198
2020-07-16 16:00:00,30.05,34.65,556.0,685.99,140.0,-1.6,3.72,83.0,101138.0,False,7,16,198
2020-07-16 17:00:00,28.8,39.1,358.0,548.49,123.0,-1.2,3.66,83.0,101138.0,False,7,17,198
2020-07-16 18:00:00,27.69,43.8,172.0,406.65,76.0,-3.8,3.38,82.0,101158.0,False,7,18,198
2020-07-16 19:00:00,25.96,48.15,12.0,0.0,12.0,-0.8,3.03,78.0,101207.0,False,7,19,198
2020-07-16 20:00:00,24.57,52.85,0.0,-0.0,0.0,-6.0,2.62,70.0,101277.0,False,7,20,198
2020-07-16 21:00:00,23.31,57.15,0.0,-0.0,0.0,-2.8,2.28,57.0,101337.0,False,7,21,198
2020-07-16 22:00:00,22.92,60.35,0.0,-0.0,0.0,-6.2,1.59,41.0,101337.0,False,7,22,198
2020-07-16 23:00:00,22.54,58.95,0.0,-0.0,0.0,-3.55,1.03,35.0,101337.0,False,7,23,198
2020-07-17 00:00:00,22.17,57.7,0.0,-0.0,0.0,-3.0,0.9,25.0,101297.0,False,7,0,199
2020-07-17 01:00:00,21.77,56.25,0.0,-0.0,0.0,349.65,0.9,23.0,101277.0,False,7,1,199
2020-07-17 02:00:00,21.25,55.6,0.0,-0.0,0.0,-1.8,0.97,16.0,101188.0,False,7,2,199
2020-07-17 03:00:00,21.04,53.3,0.0,-0.0,0.0,-0.75,1.1,13.0,101178.0,False,7,3,199
2020-07-17 04:00:00,20.66,51.95,0.0,-0.0,0.0,-0.75,0.97,11.0,101158.0,False,7,4,199
2020-07-17 05:00:00,20.32,51.3,0.0,0.0,0.0,-0.4,1.03,7.0,101207.0,False,7,5,199
2020-07-17 06:00:00,21.18,48.6,124.0,280.58,69.0,0.8,0.83,16.0,101267.0,False,7,6,199
2020-07-17 07:00:00,23.74,43.85,307.0,469.32,124.0,3.4,1.31,85.0,101307.0,False,7,7,199
2020-07-17 08:00:00,26.09,38.1,484.0,542.02,174.0,8.0,2.0,97.0,101327.0,False,7,8,199
2020-07-17 09:00:00,26.94,38.0,620.0,511.21,247.0,7.4,2.41,102.0,101297.0,False,7,9,199
2020-07-17 10:00:00,27.95,38.15,778.0,630.05,241.0,6.8,1.86,93.0,101267.0,False,7,10,199
2020-07-17 11:00:00,28.8,37.75,815.0,528.15,323.0,6.8,2.34,115.0,101257.0,False,7,11,199
2020-07-17 12:00:00,29.46,37.65,851.0,545.73,326.0,7.0,2.48,126.0,101237.0,False,7,12,199
2020-07-17 13:00:00,29.94,37.2,921.0,780.61,186.0,8.8,2.48,133.0,101227.0,False,7,13,199
2020-07-17 14:00:00,30.16,37.45,786.0,597.72,265.0,9.8,2.41,136.0,101168.0,False,7,14,199
2020-07-17 15:00:00,30.11,38.2,676.0,602.38,220.0,-6.2,2.14,138.0,101138.0,False,7,15,199
2020-07-17 16:00:00,29.43,40.35,544.0,650.77,150.0,3.15,1.93,136.0,101088.0,False,7,16,199
2020-07-17 17:00:00,28.4,43.25,340.0,470.41,139.0,-9.6,1.79,139.0,101008.0,False,7,17,199
2020-07-17 18:00:00,27.43,47.0,163.0,349.38,81.0,2.8,1.93,120.0,101028.0,False,7,18,199
2020-07-17 19:00:00,26.05,51.45,10.0,0.0,10.0,-13.0,1.79,114.0,101078.0,False,7,19,199
2020-07-17 20:00:00,24.58,58.05,0.0,-0.0,0.0,-8.0,1.38,116.0,101108.0,False,7,20,199
2020-07-17 21:00:00,23.45,62.05,0.0,-0.0,0.0,-3.0,1.17,115.0,101247.0,False,7,21,199
2020-07-17 22:00:00,22.61,68.65,0.0,-0.0,0.0,1.0,0.55,90.0,101227.0,False,7,22,199
2020-07-17 23:00:00,22.49,69.25,0.0,-0.0,0.0,-6.2,1.1,76.0,101207.0,False,7,23,199
2020-07-18 00:00:00,22.19,69.05,0.0,-0.0,0.0,4.0,1.31,77.0,101227.0,False,7,0,200
2020-07-18 01:00:00,21.85,69.4,0.0,-0.0,0.0,366.45,0.97,50.0,101188.0,False,7,1,200
2020-07-18 02:00:00,21.29,71.75,0.0,-0.0,0.0,-3.0,1.1,48.0,101118.0,False,7,2,200
2020-07-18 03:00:00,21.16,70.05,0.0,-0.0,0.0,6.8,1.38,50.0,101138.0,False,7,3,200
2020-07-18 04:00:00,20.88,69.75,0.0,-0.0,0.0,-5.6,1.31,39.0,101128.0,False,7,4,200
2020-07-18 05:00:00,20.51,69.05,0.0,0.0,0.0,-1.6,1.24,27.0,101118.0,False,7,5,200
2020-07-18 06:00:00,21.12,64.85,129.0,324.72,66.0,-5.4,1.17,23.0,101168.0,False,7,6,200
2020-07-18 07:00:00,23.03,57.45,325.0,579.66,100.0,6.8,1.03,58.0,101217.0,False,7,7,200
2020-07-18 08:00:00,25.31,46.75,528.0,734.56,109.0,-1.6,1.72,97.0,101227.0,False,7,8,200
2020-07-18 09:00:00,26.46,44.55,694.0,760.63,140.0,5.4,2.14,108.0,101257.0,False,7,9,200
2020-07-18 10:00:00,27.81,42.4,854.0,871.71,112.0,6.0,2.07,99.0,101247.0,False,7,10,200
2020-07-18 11:00:00,28.67,40.8,924.0,823.12,158.0,6.2,2.28,109.0,101247.0,False,7,11,200
2020-07-18 12:00:00,29.49,40.1,960.0,833.37,159.0,6.6,2.34,113.0,101207.0,False,7,12,200
2020-07-18 13:00:00,29.49,40.35,956.0,889.71,119.0,13.0,2.34,124.0,101217.0,False,7,13,200
2020-07-18 14:00:00,29.59,40.95,845.0,772.84,172.0,-1.0,2.34,134.0,101188.0,False,7,14,200
2020-07-18 15:00:00,29.52,42.15,735.0,802.83,128.0,2.8,2.28,137.0,101148.0,False,7,15,200
2020-07-18 16:00:00,29.11,44.0,556.0,703.2,131.0,-6.8,2.0,137.0,101108.0,False,7,16,200
2020-07-18 17:00:00,28.07,48.05,355.0,549.23,121.0,-2.8,1.86,136.0,101088.0,False,7,17,200
2020-07-18 18:00:00,26.9,53.3,163.0,355.85,80.0,-2.0,1.72,134.0,101098.0,False,7,18,200
2020-07-18 19:00:00,25.65,58.0,10.0,0.0,10.0,-3.2,1.59,134.0,101128.0,False,7,19,200
2020-07-18 20:00:00,24.48,64.2,0.0,-0.0,0.0,-6.2,1.31,138.0,101207.0,False,7,20,200
2020-07-18 21:00:00,23.43,68.9,0.0,-0.0,0.0,-5.8,0.9,138.0,101267.0,False,7,21,200
2020-07-18 22:00:00,22.79,75.4,0.0,-0.0,0.0,1.4,0.41,108.0,101317.0,False,7,22,200
2020-07-18 23:00:00,22.57,75.45,0.0,-0.0,0.0,-6.2,0.62,57.0,101287.0,False,7,23,200
2020-07-19 00:00:00,22.4,74.95,0.0,-0.0,0.0,-1.6,0.41,60.0,101287.0,False,7,0,201
2020-07-19 01:00:00,22.32,75.25,0.0,-0.0,0.0,365.65,0.21,208.0,101257.0,False,7,1,201
2020-07-19 02:00:00,22.18,74.95,0.0,-0.0,0.0,-2.2,0.55,215.0,101247.0,False,7,2,201
2020-07-19 03:00:00,21.8,76.4,0.0,-0.0,0.0,-0.35,0.83,217.0,101227.0,False,7,3,201
2020-07-19 04:00:00,21.2,79.7,0.0,-0.0,0.0,2.0,0.62,240.0,101207.0,False,7,4,201
2020-07-19 05:00:00,20.73,81.3,0.0,-0.0,0.0,-5.0,0.34,274.0,101217.0,False,7,5,201
2020-07-19 06:00:00,21.19,79.95,99.0,135.43,73.0,-0.4,0.14,273.0,101247.0,False,7,6,201
2020-07-19 07:00:00,22.86,73.35,301.0,460.71,123.0,9.8,0.48,170.0,101257.0,False,7,7,201
2020-07-19 08:00:00,25.47,62.25,467.0,492.22,187.0,11.4,1.1,158.0,101287.0,False,7,8,201
2020-07-19 09:00:00,26.48,59.35,643.0,595.59,210.0,10.4,1.59,157.0,101317.0,False,7,9,201
2020-07-19 10:00:00,27.7,55.35,792.0,687.01,208.0,-1.2,1.59,165.0,101317.0,False,7,10,201
2020-07-19 11:00:00,28.69,49.85,827.0,570.12,297.0,9.2,2.0,162.0,101317.0,False,7,11,201
2020-07-19 12:00:00,29.26,47.85,880.0,626.91,278.0,12.0,1.72,163.0,101277.0,False,7,12,201
2020-07-19 13:00:00,30.05,45.65,834.0,560.7,307.0,-1.4,1.79,162.0,101267.0,False,7,13,201
2020-07-19 14:00:00,29.93,46.1,752.0,521.88,298.0,-0.6,2.0,174.0,101237.0,False,7,14,201
2020-07-19 15:00:00,29.67,46.0,678.0,619.79,210.0,2.0,1.72,183.0,101197.0,False,7,15,201
2020-07-19 16:00:00,29.08,48.15,517.0,561.96,178.0,6.6,1.31,197.0,101108.0,False,7,16,201
2020-07-19 17:00:00,28.26,50.5,327.0,426.15,146.0,2.0,0.9,203.0,101068.0,False,7,17,201
2020-07-19 18:00:00,28.17,50.5,159.0,345.28,79.0,-21.4,0.62,171.0,101048.0,False,7,18,201
2020-07-19 19:00:00,27.25,52.45,0.0,0.0,0.0,-3.8,0.28,110.0,101078.0,False,7,19,201
2020-07-19 20:00:00,26.21,56.35,0.0,-0.0,0.0,-7.4,0.55,169.0,101148.0,False,7,20,201
2020-07-19 21:00:00,24.8,63.25,0.0,-0.0,0.0,-3.0,0.41,148.0,101178.0,False,7,21,201
2020-07-19 22:00:00,24.3,62.95,0.0,-0.0,0.0,-8.8,0.62,92.0,101237.0,False,7,22,201
2020-07-19 23:00:00,23.56,65.6,0.0,-0.0,0.0,-7.4,0.55,116.0,101257.0,False,7,23,201
2020-07-20 00:00:00,23.18,65.8,0.0,-0.0,0.0,-1.8,0.55,168.0,101267.0,False,7,0,202
2020-07-20 01:00:00,23.06,67.25,0.0,-0.0,0.0,366.45,0.14,258.0,101217.0,False,7,1,202
2020-07-20 02:00:00,22.12,69.45,0.0,-0.0,0.0,-2.0,0.48,328.0,101188.0,False,7,2,202
2020-07-20 03:00:00,21.77,71.15,0.0,-0.0,0.0,-2.0,0.48,324.0,101128.0,False,7,3,202
2020-07-20 04:00:00,21.5,71.9,0.0,-0.0,0.0,-2.8,0.41,322.0,101148.0,False,7,4,202
2020-07-20 05:00:00,21.27,70.3,0.0,-0.0,0.0,-2.4,0.55,327.0,101108.0,False,7,5,202
2020-07-20 06:00:00,22.09,66.65,125.0,315.94,65.0,-2.75,0.55,337.0,101128.0,False,7,6,202
2020-07-20 07:00:00,24.36,58.05,321.0,572.11,101.0,0.0,0.83,34.0,101118.0,False,7,7,202
2020-07-20 08:00:00,27.05,47.7,519.0,699.84,122.0,9.6,1.38,86.0,101138.0,False,7,8,202
2020-07-20 09:00:00,28.03,45.55,691.0,751.04,146.0,9.2,1.93,105.0,101158.0,False,7,9,202
2020-07-20 10:00:00,30.4,36.85,855.0,876.42,111.0,7.2,1.66,106.0,101168.0,False,7,10,202
2020-07-20 11:00:00,30.75,37.7,931.0,843.2,148.0,6.2,2.55,113.0,101158.0,False,7,11,202
2020-07-20 12:00:00,31.18,37.75,988.0,918.34,107.0,5.0,2.83,103.0,101148.0,False,7,12,202
2020-07-20 13:00:00,31.72,36.95,959.0,895.63,118.0,1.0,3.17,101.0,101088.0,False,7,13,202
2020-07-20 14:00:00,31.71,35.95,857.0,807.84,155.0,3.2,3.24,98.0,101058.0,False,7,14,202
2020-07-20 15:00:00,32.09,34.9,744.0,838.14,112.0,-1.6,3.17,96.0,101028.0,False,7,15,202
2020-07-20 16:00:00,31.68,33.95,559.0,720.87,125.0,-5.2,3.24,90.0,100968.0,False,7,16,202
2020-07-20 17:00:00,30.91,32.3,358.0,574.03,115.0,-2.4,3.24,78.0,100938.0,False,7,17,202
2020-07-20 18:00:00,29.81,33.2,168.0,412.93,73.0,2.2,3.31,67.0,100948.0,False,7,18,202
2020-07-20 19:00:00,28.67,35.75,0.0,0.0,0.0,-21.2,2.97,61.0,100978.0,False,7,19,202
2020-07-20 20:00:00,26.98,40.55,0.0,-0.0,0.0,-5.0,2.48,52.0,101038.0,False,7,20,202
2020-07-20 21:00:00,25.94,44.7,0.0,-0.0,0.0,-2.55,2.28,41.0,101128.0,False,7,21,202
2020-07-20 22:00:00,25.74,44.9,0.0,-0.0,0.0,-6.4,1.86,40.0,101168.0,False,7,22,202
2020-07-20 23:00:00,25.26,43.95,0.0,-0.0,0.0,-6.6,1.72,38.0,101158.0,False,7,23,202
2020-07-21 00:00:00,24.42,45.3,0.0,-0.0,0.0,-4.2,1.86,36.0,101168.0,False,7,0,203
2020-07-21 01:00:00,24.18,40.95,0.0,-0.0,0.0,339.65,1.72,26.0,101168.0,False,7,1,203
2020-07-21 02:00:00,23.99,39.9,0.0,-0.0,0.0,-2.35,1.52,20.0,101108.0,False,7,2,203
2020-07-21 03:00:00,23.66,39.85,0.0,-0.0,0.0,-1.4,1.45,10.0,101058.0,False,7,3,203
2020-07-21 04:00:00,23.39,37.0,0.0,-0.0,0.0,-1.2,1.45,7.0,101028.0,False,7,4,203
2020-07-21 05:00:00,23.29,35.25,0.0,-0.0,0.0,0.2,1.38,13.0,101058.0,False,7,5,203
2020-07-21 06:00:00,23.79,35.9,15.0,0.0,15.0,2.2,1.66,22.0,101128.0,False,7,6,203
2020-07-21 07:00:00,26.54,29.45,130.0,7.84,127.0,8.0,2.48,47.0,101148.0,False,7,7,203
2020-07-21 08:00:00,28.29,25.8,491.0,579.84,163.0,8.6,3.52,58.0,101197.0,False,7,8,203
2020-07-21 09:00:00,28.77,27.95,707.0,811.83,119.0,5.8,4.07,64.0,101188.0,False,7,9,203
2020-07-21 10:00:00,29.81,25.1,843.0,834.0,136.0,6.0,4.14,58.0,101178.0,False,7,10,203
2020-07-21 11:00:00,30.5,25.0,873.0,672.73,249.0,6.8,4.97,72.0,101178.0,False,7,11,203
2020-07-21 12:00:00,31.42,27.0,959.0,825.36,168.0,3.8,5.24,78.0,101188.0,False,7,12,203
2020-07-21 13:00:00,31.98,26.4,855.0,596.98,295.0,2.0,5.31,76.0,101158.0,False,7,13,203
2020-07-21 14:00:00,31.69,25.7,753.0,510.38,310.0,2.4,5.24,73.0,101118.0,False,7,14,203
2020-07-21 15:00:00,31.97,25.5,706.0,698.59,180.0,2.0,4.97,72.0,101038.0,False,7,15,203
2020-07-21 16:00:00,31.23,25.55,512.0,532.65,192.0,-1.2,4.69,68.0,100978.0,False,7,16,203
2020-07-21 17:00:00,30.27,26.15,271.0,208.61,183.0,-6.4,4.07,69.0,100998.0,False,7,17,203
2020-07-21 18:00:00,29.13,28.3,96.0,48.17,85.0,-6.2,3.59,68.0,101048.0,False,7,18,203
2020-07-21 19:00:00,27.75,30.1,0.0,0.0,0.0,-2.4,3.03,65.0,101118.0,False,7,19,203
2020-07-21 20:00:00,26.12,36.2,0.0,-0.0,0.0,-2.55,2.28,65.0,101217.0,False,7,20,203
2020-07-21 21:00:00,25.18,39.75,0.0,-0.0,0.0,-2.2,2.14,61.0,101307.0,False,7,21,203
2020-07-21 22:00:00,24.76,40.8,0.0,-0.0,0.0,2.2,2.28,45.0,101277.0,False,7,22,203
2020-07-21 23:00:00,24.52,37.5,0.0,-0.0,0.0,2.35,2.48,35.0,101178.0,False,7,23,203
2020-07-22 00:00:00,24.02,36.9,0.0,-0.0,0.0,-9.4,1.93,22.0,101168.0,False,7,0,204
2020-07-22 01:00:00,23.65,36.7,0.0,-0.0,0.0,359.05,1.38,12.0,101188.0,False,7,1,204
2020-07-22 02:00:00,22.98,38.5,0.0,-0.0,0.0,-2.0,0.69,357.0,101227.0,False,7,2,204
2020-07-22 03:00:00,23.34,35.5,0.0,-0.0,0.0,15.2,0.76,345.0,101227.0,False,7,3,204
2020-07-22 04:00:00,22.78,37.15,0.0,-0.0,0.0,3.15,0.55,1.0,101207.0,False,7,4,204
2020-07-22 05:00:00,22.43,37.5,0.0,-0.0,0.0,-9.8,0.55,16.0,101188.0,False,7,5,204
2020-07-22 06:00:00,22.85,38.3,113.0,242.34,68.0,-11.4,0.76,18.0,101247.0,False,7,6,204
2020-07-22 07:00:00,24.7,37.15,296.0,451.65,124.0,-1.8,0.55,54.0,101307.0,False,7,7,204
2020-07-22 08:00:00,26.24,38.15,478.0,540.73,173.0,7.0,1.1,103.0,101377.0,False,7,8,204
2020-07-22 09:00:00,27.21,39.2,653.0,629.42,198.0,7.2,1.52,136.0,101397.0,False,7,9,204
2020-07-22 10:00:00,28.46,39.0,824.0,782.04,162.0,6.8,1.66,148.0,101387.0,False,7,10,204
2020-07-22 11:00:00,29.01,40.2,877.0,694.02,234.0,5.8,2.14,166.0,101367.0,False,7,11,204
2020-07-22 12:00:00,29.7,39.15,943.0,788.62,188.0,2.8,2.9,174.0,101337.0,False,7,12,204
2020-07-22 13:00:00,30.11,38.85,904.0,738.48,212.0,1.15,2.76,170.0,101307.0,False,7,13,204
2020-07-22 14:00:00,30.01,40.55,825.0,717.47,203.0,0.6,2.62,166.0,101277.0,False,7,14,204
2020-07-22 15:00:00,29.47,43.7,728.0,790.13,134.0,0.35,2.34,164.0,101237.0,False,7,15,204
2020-07-22 16:00:00,28.85,46.55,549.0,690.66,135.0,-4.0,2.07,161.0,101207.0,False,7,16,204
2020-07-22 17:00:00,28.07,50.55,356.0,580.57,112.0,-1.4,2.0,156.0,101197.0,False,7,17,204
2020-07-22 18:00:00,26.88,56.4,162.0,388.46,74.0,-3.6,1.79,150.0,101217.0,False,7,18,204
2020-07-22 19:00:00,25.44,61.35,0.0,0.0,0.0,-4.2,1.38,145.0,101237.0,False,7,19,204
2020-07-22 20:00:00,24.49,64.75,0.0,-0.0,0.0,-4.0,0.83,143.0,101297.0,False,7,20,204
2020-07-22 21:00:00,23.54,66.75,0.0,-0.0,0.0,-1.4,0.62,175.0,101377.0,False,7,21,204
2020-07-22 22:00:00,22.56,73.25,0.0,-0.0,0.0,0.55,0.48,223.0,101447.0,False,7,22,204
2020-07-22 23:00:00,22.47,73.05,0.0,-0.0,0.0,0.2,0.69,236.0,101447.0,False,7,23,204
2020-07-23 00:00:00,22.67,72.1,0.0,-0.0,0.0,0.8,0.48,261.0,101407.0,False,7,0,205
2020-07-23 01:00:00,22.46,72.3,0.0,-0.0,0.0,369.65,0.55,297.0,101327.0,False,7,1,205
2020-07-23 02:00:00,22.16,74.25,0.0,-0.0,0.0,-5.6,0.69,304.0,101277.0,False,7,2,205
2020-07-23 03:00:00,21.68,76.55,0.0,-0.0,0.0,-0.6,0.9,298.0,101257.0,False,7,3,205
2020-07-23 04:00:00,21.23,78.65,0.0,-0.0,0.0,-2.4,1.17,294.0,101237.0,False,7,4,205
2020-07-23 05:00:00,20.98,79.75,0.0,-0.0,0.0,8.4,1.24,289.0,101237.0,False,7,5,205
2020-07-23 06:00:00,21.63,75.25,118.0,299.66,63.0,-10.2,0.9,285.0,101277.0,False,7,6,205
2020-07-23 07:00:00,22.94,69.0,314.0,570.02,98.0,14.0,0.62,213.0,101317.0,False,7,7,205
2020-07-23 08:00:00,25.23,60.0,493.0,615.21,147.0,2.0,1.03,182.0,101347.0,False,7,8,205
2020-07-23 09:00:00,26.29,58.7,700.0,813.62,113.0,20.4,1.45,174.0,101367.0,False,7,9,205
2020-07-23 10:00:00,27.89,54.15,796.0,705.1,200.0,-6.2,1.45,168.0,101407.0,False,7,10,205
2020-07-23 11:00:00,28.69,52.45,872.0,689.45,234.0,4.8,1.72,171.0,101367.0,False,7,11,205
2020-07-23 12:00:00,29.21,50.2,969.0,877.32,130.0,8.2,1.93,178.0,101347.0,False,7,12,205
2020-07-23 13:00:00,29.73,48.7,920.0,792.73,178.0,3.15,2.07,184.0,101287.0,False,7,13,205
2020-07-23 14:00:00,30.04,47.7,834.0,755.36,180.0,10.0,2.21,188.0,101237.0,False,7,14,205
2020-07-23 15:00:00,30.0,47.05,724.0,784.78,135.0,-9.0,2.28,192.0,101188.0,False,7,15,205
2020-07-23 16:00:00,30.24,44.3,539.0,660.53,144.0,-4.2,2.28,196.0,101128.0,False,7,16,205
2020-07-23 17:00:00,29.73,44.65,347.0,542.25,120.0,1.6,2.28,198.0,101078.0,False,7,17,205
2020-07-23 18:00:00,29.04,46.5,151.0,320.52,79.0,-12.8,2.0,195.0,101078.0,False,7,18,205
2020-07-23 19:00:00,27.95,50.0,0.0,0.0,0.0,5.2,1.59,187.0,101048.0,False,7,19,205
2020-07-23 20:00:00,26.84,55.05,0.0,-0.0,0.0,-10.6,1.03,187.0,101078.0,False,7,20,205
2020-07-23 21:00:00,25.48,58.4,0.0,-0.0,0.0,0.35,0.69,188.0,101138.0,False,7,21,205
2020-07-23 22:00:00,24.41,66.8,0.0,-0.0,0.0,-6.2,0.9,228.0,101118.0,False,7,22,205
2020-07-23 23:00:00,23.89,69.2,0.0,-0.0,0.0,2.8,1.31,240.0,101148.0,False,7,23,205
2020-07-24 00:00:00,23.38,71.25,0.0,-0.0,0.0,-4.2,1.52,245.0,101118.0,False,7,0,206
2020-07-24 01:00:00,23.13,72.4,0.0,-0.0,0.0,377.25,1.66,252.0,101058.0,False,7,1,206
2020-07-24 02:00:00,22.71,72.8,0.0,-0.0,0.0,4.6,1.59,261.0,101008.0,False,7,2,206
2020-07-24 03:00:00,22.56,72.05,0.0,-0.0,0.0,-2.0,1.38,270.0,101018.0,False,7,3,206
2020-07-24 04:00:00,22.63,69.75,0.0,-0.0,0.0,6.0,1.24,281.0,100978.0,False,7,4,206
2020-07-24 05:00:00,22.2,70.15,0.0,-0.0,0.0,-7.2,1.31,285.0,100978.0,False,7,5,206
2020-07-24 06:00:00,22.83,66.4,101.0,181.95,68.0,-3.0,1.31,286.0,100998.0,False,7,6,206
2020-07-24 07:00:00,24.64,60.3,290.0,437.64,125.0,5.6,1.03,270.0,100998.0,False,7,7,206
2020-07-24 08:00:00,28.25,48.2,461.0,486.85,188.0,6.4,0.97,227.0,101028.0,False,7,8,206
2020-07-24 09:00:00,29.15,47.35,656.0,651.37,187.0,5.8,1.45,192.0,101048.0,False,7,9,206
2020-07-24 10:00:00,31.1,40.9,758.0,592.41,258.0,4.6,1.93,192.0,101068.0,False,7,10,206
2020-07-24 11:00:00,31.96,41.4,815.0,539.91,316.0,9.0,2.07,187.0,101058.0,False,7,11,206
2020-07-24 12:00:00,32.55,39.8,919.0,728.61,223.0,7.8,2.21,183.0,101028.0,False,7,12,206
2020-07-24 13:00:00,32.79,39.1,831.0,555.13,312.0,-1.0,2.41,181.0,101018.0,False,7,13,206
2020-07-24 14:00:00,32.77,38.7,772.0,574.8,275.0,7.6,2.62,185.0,100978.0,False,7,14,206
2020-07-24 15:00:00,31.91,40.55,698.0,690.05,181.0,-3.8,2.55,183.0,100968.0,False,7,15,206
2020-07-24 16:00:00,31.5,42.05,528.0,613.58,162.0,-4.4,2.34,180.0,100928.0,False,7,16,206
2020-07-24 17:00:00,30.77,43.45,341.0,515.71,126.0,-4.4,2.14,180.0,100878.0,False,7,17,206
2020-07-24 18:00:00,30.13,44.95,152.0,336.85,77.0,-1.6,1.86,182.0,100898.0,False,7,18,206
2020-07-24 19:00:00,28.86,49.95,0.0,0.0,0.0,-20.8,1.38,180.0,100868.0,False,7,19,206
2020-07-24 20:00:00,27.21,56.4,0.0,-0.0,0.0,-6.8,0.76,177.0,100918.0,False,7,20,206
2020-07-24 21:00:00,26.05,60.95,0.0,-0.0,0.0,4.8,0.48,138.0,100998.0,False,7,21,206
2020-07-24 22:00:00,25.55,64.25,0.0,-0.0,0.0,-11.6,0.62,118.0,100998.0,False,7,22,206
2020-07-24 23:00:00,24.72,66.7,0.0,-0.0,0.0,-0.6,0.14,8.0,101038.0,False,7,23,206
2020-07-25 00:00:00,24.28,66.65,0.0,-0.0,0.0,-3.8,0.21,279.0,101048.0,False,7,0,207
2020-07-25 01:00:00,24.18,65.8,0.0,-0.0,0.0,367.65,0.34,296.0,101028.0,False,7,1,207
2020-07-25 02:00:00,23.53,69.25,0.0,-0.0,0.0,-2.4,0.28,307.0,100998.0,False,7,2,207
2020-07-25 03:00:00,22.75,71.9,0.0,-0.0,0.0,-4.8,0.34,327.0,100988.0,False,7,3,207
2020-07-25 04:00:00,22.35,72.25,0.0,-0.0,0.0,-1.35,0.9,340.0,100948.0,False,7,4,207
2020-07-25 05:00:00,22.11,70.7,0.0,-0.0,0.0,-2.4,0.9,340.0,100968.0,False,7,5,207
2020-07-25 06:00:00,22.63,68.4,119.0,329.31,60.0,-2.15,0.76,351.0,101008.0,False,7,6,207
2020-07-25 07:00:00,24.64,59.0,315.0,581.21,97.0,9.6,0.62,53.0,101028.0,False,7,7,207
2020-07-25 08:00:00,27.31,48.7,510.0,686.87,126.0,7.2,1.1,100.0,101068.0,False,7,8,207
2020-07-25 09:00:00,28.4,44.15,709.0,840.57,105.0,7.2,1.72,114.0,101078.0,False,7,9,207
2020-07-25 10:00:00,30.5,39.7,816.0,758.27,177.0,7.0,1.72,124.0,101088.0,False,7,10,207
2020-07-25 11:00:00,31.35,37.4,894.0,741.02,210.0,3.8,2.28,128.0,101058.0,False,7,11,207
2020-07-25 12:00:00,32.4,34.6,1001.0,968.44,77.0,6.4,2.55,132.0,101048.0,False,7,12,207
2020-07-25 13:00:00,32.88,31.35,922.0,789.27,185.0,2.4,2.48,132.0,101008.0,False,7,13,207
2020-07-25 14:00:00,33.38,30.95,846.0,781.77,171.0,-0.35,2.48,130.0,100958.0,False,7,14,207
2020-07-25 15:00:00,33.29,30.25,729.0,796.96,133.0,-2.8,2.41,129.0,100898.0,False,7,15,207
2020-07-25 16:00:00,32.74,29.9,540.0,658.9,148.0,-3.2,2.14,122.0,100839.0,False,7,16,207
2020-07-25 17:00:00,32.11,31.25,352.0,575.78,113.0,-3.0,1.93,110.0,100789.0,False,7,17,207
2020-07-25 18:00:00,31.48,31.4,160.0,403.49,71.0,-2.2,1.93,105.0,100779.0,False,7,18,207
2020-07-25 19:00:00,30.13,32.55,0.0,0.0,0.0,-8.8,1.72,82.0,100779.0,False,7,19,207
2020-07-25 20:00:00,28.19,41.6,0.0,-0.0,0.0,-11.0,1.31,55.0,100839.0,False,7,20,207
2020-07-25 21:00:00,26.89,45.95,0.0,-0.0,0.0,-3.8,1.1,50.0,100928.0,False,7,21,207
2020-07-25 22:00:00,25.94,48.9,0.0,-0.0,0.0,-1.4,0.76,28.0,100958.0,False,7,22,207
2020-07-25 23:00:00,25.2,50.9,0.0,-0.0,0.0,-2.6,0.69,28.0,100998.0,False,7,23,207
2020-07-26 00:00:00,24.24,54.25,0.0,-0.0,0.0,-2.2,0.62,12.0,100978.0,False,7,0,208
2020-07-26 01:00:00,23.45,55.9,0.0,-0.0,0.0,354.05,0.55,355.0,100968.0,False,7,1,208
2020-07-26 02:00:00,22.87,58.05,0.0,-0.0,0.0,-2.8,0.62,346.0,100938.0,False,7,2,208
2020-07-26 03:00:00,22.55,55.0,0.0,-0.0,0.0,-1.8,0.97,350.0,100898.0,False,7,3,208
2020-07-26 04:00:00,22.33,50.95,0.0,-0.0,0.0,-1.75,0.97,346.0,100868.0,False,7,4,208
2020-07-26 05:00:00,22.26,48.45,0.0,-0.0,0.0,-1.2,0.83,341.0,100878.0,False,7,5,208
2020-07-26 06:00:00,22.85,47.15,112.0,276.93,63.0,-0.35,0.83,340.0,100888.0,False,7,6,208
2020-07-26 07:00:00,26.07,37.3,292.0,460.97,120.0,2.35,1.03,356.0,100948.0,False,7,7,208
2020-07-26 08:00:00,29.53,27.1,466.0,511.34,181.0,10.6,1.24,84.0,101018.0,False,7,8,208
2020-07-26 09:00:00,30.96,27.2,657.0,655.44,187.0,10.2,1.93,106.0,101048.0,False,7,9,208
2020-07-26 10:00:00,32.68,26.9,733.0,525.32,291.0,7.4,2.07,107.0,101058.0,False,7,10,208
2020-07-26 11:00:00,33.11,26.9,822.0,555.41,310.0,6.4,2.62,112.0,101058.0,False,7,11,208
2020-07-26 12:00:00,33.82,27.45,881.0,625.43,285.0,6.6,2.76,117.0,101048.0,False,7,12,208
2020-07-26 13:00:00,34.4,27.0,799.0,478.24,353.0,1.75,2.62,118.0,101008.0,False,7,13,208
2020-07-26 14:00:00,34.9,26.7,779.0,591.56,269.0,3.4,2.76,114.0,100948.0,False,7,14,208
2020-07-26 15:00:00,35.25,26.25,684.0,644.43,203.0,2.0,2.9,108.0,100898.0,False,7,15,208
2020-07-26 16:00:00,34.92,25.6,508.0,539.38,188.0,-1.8,2.9,99.0,100868.0,False,7,16,208
2020-07-26 17:00:00,33.47,28.8,336.0,498.56,130.0,-4.8,2.9,90.0,100839.0,False,7,17,208
2020-07-26 18:00:00,32.57,30.25,149.0,325.07,78.0,-6.0,2.41,87.0,100888.0,False,7,18,208
2020-07-26 19:00:00,31.18,29.7,0.0,0.0,0.0,-7.6,1.86,85.0,100948.0,False,7,19,208
2020-07-26 20:00:00,29.38,34.7,0.0,-0.0,0.0,-8.8,1.59,72.0,101008.0,False,7,20,208
2020-07-26 21:00:00,28.25,39.7,0.0,-0.0,0.0,-3.4,1.59,48.0,101088.0,False,7,21,208
2020-07-26 22:00:00,26.93,41.35,0.0,-0.0,0.0,-5.8,1.52,34.0,101148.0,False,7,22,208
2020-07-26 23:00:00,26.47,38.85,0.0,-0.0,0.0,-2.8,1.24,15.0,101108.0,False,7,23,208
2020-07-27 00:00:00,26.05,37.85,0.0,-0.0,0.0,-4.4,1.17,12.0,101048.0,False,7,0,209
2020-07-27 01:00:00,25.42,35.85,0.0,-0.0,0.0,349.45,1.17,359.0,100998.0,False,7,1,209
2020-07-27 02:00:00,24.8,34.4,0.0,-0.0,0.0,-1.75,0.9,355.0,100988.0,False,7,2,209
2020-07-27 03:00:00,25.12,29.8,0.0,-0.0,0.0,-0.35,0.69,4.0,101008.0,False,7,3,209
2020-07-27 04:00:00,24.85,28.2,0.0,-0.0,0.0,0.35,1.1,7.0,101028.0,False,7,4,209
2020-07-27 05:00:00,24.73,27.45,0.0,-0.0,0.0,1.15,1.45,10.0,101038.0,False,7,5,209
2020-07-27 06:00:00,25.32,29.4,103.0,223.25,64.0,1.6,0.97,9.0,101118.0,False,7,6,209
2020-07-27 07:00:00,27.94,26.15,201.0,115.86,158.0,4.0,1.17,23.0,101118.0,False,7,7,209
2020-07-27 08:00:00,30.55,23.6,489.0,622.72,143.0,8.8,1.45,68.0,101188.0,False,7,8,209
2020-07-27 09:00:00,31.55,25.2,683.0,767.23,134.0,10.0,2.0,97.0,101188.0,False,7,9,209
2020-07-27 10:00:00,34.02,22.7,814.0,774.95,163.0,8.4,2.41,110.0,101207.0,False,7,10,209
2020-07-27 11:00:00,34.15,25.05,877.0,715.83,218.0,8.0,2.9,110.0,101217.0,False,7,11,209
2020-07-27 12:00:00,34.33,26.9,837.0,532.71,330.0,9.6,2.83,109.0,101188.0,False,7,12,209
2020-07-27 13:00:00,34.64,27.0,866.0,652.82,258.0,10.2,2.97,116.0,101168.0,False,7,13,209
2020-07-27 14:00:00,34.46,27.85,825.0,741.18,187.0,8.0,2.83,122.0,101128.0,False,7,14,209
2020-07-27 15:00:00,34.21,29.2,451.0,132.91,352.0,-8.8,2.62,120.0,101078.0,False,7,15,209
2020-07-27 16:00:00,33.23,31.7,507.0,552.79,180.0,-8.6,2.48,118.0,101058.0,False,7,16,209
2020-07-27 17:00:00,31.51,37.05,338.0,527.71,121.0,-3.4,2.41,114.0,101048.0,False,7,17,209
2020-07-27 18:00:00,30.61,40.1,144.0,314.57,76.0,-5.8,1.93,122.0,101128.0,False,7,18,209
2020-07-27 19:00:00,29.27,42.1,0.0,0.0,0.0,-14.0,1.17,147.0,101168.0,False,7,19,209
2020-07-27 20:00:00,27.76,44.7,0.0,-0.0,0.0,-6.6,0.21,125.0,101188.0,False,7,20,209
2020-07-27 21:00:00,27.24,45.0,0.0,-0.0,0.0,-6.4,0.48,24.0,101168.0,False,7,21,209
2020-07-27 22:00:00,26.02,50.7,0.0,-0.0,0.0,-2.8,0.9,27.0,101168.0,False,7,22,209
2020-07-27 23:00:00,25.3,50.7,0.0,-0.0,0.0,-5.2,0.69,4.0,101178.0,False,7,23,209
2020-07-28 00:00:00,24.75,51.05,0.0,-0.0,0.0,-2.8,0.76,320.0,101128.0,False,7,0,210
2020-07-28 01:00:00,24.19,51.85,0.0,-0.0,0.0,351.45,0.97,312.0,101058.0,False,7,1,210
2020-07-28 02:00:00,23.45,52.95,0.0,-0.0,0.0,-0.55,0.97,313.0,100988.0,False,7,2,210
2020-07-28 03:00:00,23.03,55.1,0.0,-0.0,0.0,-0.6,0.83,314.0,100978.0,False,7,3,210
2020-07-28 04:00:00,22.52,55.95,0.0,-0.0,0.0,4.0,0.76,315.0,100988.0,False,7,4,210
2020-07-28 05:00:00,22.04,56.6,0.0,-0.0,0.0,-2.2,0.62,317.0,101008.0,False,7,5,210
2020-07-28 06:00:00,22.96,53.45,89.0,133.39,66.0,2.8,0.48,317.0,101048.0,False,7,6,210
2020-07-28 07:00:00,25.27,47.9,230.0,192.33,159.0,-2.2,0.41,311.0,101078.0,False,7,7,210
2020-07-28 08:00:00,27.22,46.35,446.0,438.72,203.0,10.0,0.69,184.0,101108.0,False,7,8,210
2020-07-28 09:00:00,28.87,45.8,669.0,693.25,174.0,18.8,1.17,170.0,101118.0,False,7,9,210
2020-07-28 10:00:00,30.72,38.85,743.0,544.91,286.0,6.6,0.9,162.0,101108.0,False,7,10,210
2020-07-28 11:00:00,31.56,37.55,833.0,575.42,304.0,12.0,1.79,168.0,101078.0,False,7,11,210
2020-07-28 12:00:00,32.45,35.6,929.0,743.82,222.0,-1.15,2.21,165.0,101058.0,False,7,12,210
2020-07-28 13:00:00,32.87,34.4,845.0,578.47,307.0,-3.0,2.34,166.0,101018.0,False,7,13,210
2020-07-28 14:00:00,33.18,35.35,812.0,677.23,230.0,3.2,2.34,168.0,100978.0,False,7,14,210
2020-07-28 15:00:00,33.0,35.95,684.0,641.73,207.0,-1.35,2.21,172.0,100918.0,False,7,15,210
2020-07-28 16:00:00,32.67,36.55,502.0,515.48,198.0,-6.4,2.14,173.0,100888.0,False,7,16,210
2020-07-28 17:00:00,31.62,39.0,331.0,481.49,134.0,-6.2,2.0,175.0,100839.0,False,7,17,210
2020-07-28 18:00:00,30.86,42.2,144.0,308.66,78.0,-5.4,1.86,165.0,100868.0,False,7,18,210
2020-07-28 19:00:00,29.06,47.9,0.0,0.0,0.0,-8.8,1.66,155.0,100878.0,False,7,19,210
2020-07-28 20:00:00,27.27,58.65,0.0,-0.0,0.0,4.0,0.83,154.0,100938.0,False,7,20,210
2020-07-28 21:00:00,25.7,66.2,0.0,-0.0,0.0,2.0,0.07,294.0,100978.0,False,7,21,210
2020-07-28 22:00:00,25.51,63.95,0.0,-0.0,0.0,5.0,0.21,321.0,100968.0,False,7,22,210
2020-07-28 23:00:00,24.94,65.5,0.0,-0.0,0.0,-17.4,0.55,353.0,100978.0,False,7,23,210
2020-07-29 00:00:00,24.18,66.5,0.0,-0.0,0.0,3.2,0.34,346.0,100968.0,False,7,0,211
2020-07-29 01:00:00,23.99,66.05,0.0,-0.0,0.0,366.65,0.76,309.0,100928.0,False,7,1,211
2020-07-29 02:00:00,23.57,66.25,0.0,-0.0,0.0,-7.2,0.97,304.0,100878.0,False,7,2,211
2020-07-29 03:00:00,23.63,64.2,0.0,-0.0,0.0,8.6,0.62,306.0,100859.0,False,7,3,211
2020-07-29 04:00:00,23.22,65.8,0.0,-0.0,0.0,-7.8,0.62,286.0,100898.0,False,7,4,211
2020-07-29 05:00:00,22.63,69.1,0.0,-0.0,0.0,1.0,0.76,188.0,100968.0,False,7,5,211
2020-07-29 06:00:00,22.33,73.15,97.0,199.84,63.0,-1.15,0.21,120.0,101038.0,False,7,6,211
2020-07-29 07:00:00,23.67,69.35,289.0,473.93,115.0,28.0,0.83,78.0,101078.0,False,7,7,211
2020-07-29 08:00:00,26.35,58.6,473.0,566.9,160.0,6.6,1.59,77.0,101108.0,False,7,8,211
2020-07-29 09:00:00,28.18,52.6,685.0,783.18,127.0,-11.2,2.14,81.0,101098.0,False,7,9,211
2020-07-29 10:00:00,30.75,42.8,781.0,678.39,213.0,7.6,1.86,97.0,101088.0,False,7,10,211
2020-07-29 11:00:00,32.04,39.55,877.0,717.85,218.0,8.4,2.14,112.0,101048.0,False,7,11,211
2020-07-29 12:00:00,32.8,38.6,969.0,895.49,119.0,3.4,2.48,125.0,101058.0,False,7,12,211
2020-07-29 13:00:00,33.13,38.25,899.0,750.51,202.0,0.75,2.62,133.0,101028.0,False,7,13,211
2020-07-29 14:00:00,33.15,38.9,842.0,800.78,155.0,2.4,2.48,131.0,100988.0,False,7,14,211
2020-07-29 15:00:00,32.87,40.25,694.0,701.14,174.0,-4.4,2.34,120.0,100948.0,False,7,15,211
2020-07-29 16:00:00,32.62,40.7,513.0,586.88,168.0,-1.6,2.28,111.0,100888.0,False,7,16,211
2020-07-29 17:00:00,31.24,45.35,329.0,498.78,126.0,-0.55,2.21,93.0,100849.0,False,7,17,211
2020-07-29 18:00:00,29.41,49.9,135.0,269.63,78.0,-7.2,2.76,84.0,100898.0,False,7,18,211
2020-07-29 19:00:00,28.25,54.9,0.0,0.0,0.0,-0.4,2.34,97.0,100988.0,False,7,19,211
2020-07-29 20:00:00,27.36,58.9,0.0,-0.0,0.0,-10.6,2.14,72.0,101038.0,False,7,20,211
2020-07-29 21:00:00,26.06,64.3,0.0,-0.0,0.0,-4.8,2.28,50.0,101078.0,False,7,21,211
2020-07-29 22:00:00,25.82,66.95,0.0,-0.0,0.0,-4.8,1.31,41.0,101108.0,False,7,22,211
2020-07-29 23:00:00,25.59,66.25,0.0,-0.0,0.0,-5.6,1.38,16.0,101048.0,False,7,23,211
2020-07-30 00:00:00,25.37,65.25,0.0,-0.0,0.0,-4.2,1.52,16.0,100968.0,False,7,0,212
2020-07-30 01:00:00,24.64,64.35,0.0,-0.0,0.0,358.65,1.24,9.0,100888.0,False,7,1,212
2020-07-30 02:00:00,24.04,64.3,0.0,-0.0,0.0,-1.6,0.9,357.0,100859.0,False,7,2,212
2020-07-30 03:00:00,23.82,64.25,0.0,-0.0,0.0,-1.35,0.62,351.0,100898.0,False,7,3,212
2020-07-30 04:00:00,23.9,58.7,0.0,-0.0,0.0,-1.8,0.55,16.0,100948.0,False,7,4,212
2020-07-30 05:00:00,23.7,55.3,0.0,-0.0,0.0,-0.2,1.38,61.0,100978.0,False,7,5,212
2020-07-30 06:00:00,24.55,50.55,102.0,250.25,60.0,-0.6,1.93,48.0,101028.0,False,7,6,212
2020-07-30 07:00:00,25.79,48.4,289.0,473.83,116.0,9.4,2.62,44.0,101018.0,False,7,7,212
2020-07-30 08:00:00,28.38,39.0,493.0,646.87,137.0,2.0,2.76,50.0,101048.0,False,7,8,212
2020-07-30 09:00:00,30.23,36.85,678.0,751.16,144.0,9.0,2.76,68.0,101048.0,False,7,9,212
2020-07-30 10:00:00,32.55,31.2,800.0,728.6,191.0,9.8,1.93,84.0,101018.0,False,7,10,212
2020-07-30 11:00:00,33.46,28.95,913.0,814.9,166.0,7.6,2.97,108.0,101028.0,False,7,11,212
2020-07-30 12:00:00,34.02,29.65,976.0,905.19,118.0,6.6,3.1,114.0,101068.0,False,7,12,212
2020-07-30 13:00:00,34.18,30.6,911.0,773.21,194.0,2.8,2.97,118.0,100998.0,False,7,13,212
2020-07-30 14:00:00,34.74,28.85,853.0,826.74,145.0,2.2,3.17,123.0,100998.0,False,7,14,212
2020-07-30 15:00:00,35.01,29.5,691.0,683.85,185.0,0.6,2.41,117.0,100948.0,False,7,15,212
2020-07-30 16:00:00,34.2,31.0,505.0,551.3,182.0,-3.0,2.28,109.0,100928.0,False,7,16,212
2020-07-30 17:00:00,32.24,35.55,320.0,452.12,137.0,-5.0,2.14,112.0,100888.0,False,7,17,212
2020-07-30 18:00:00,31.32,38.15,137.0,287.24,77.0,-8.2,1.66,114.0,100888.0,False,7,18,212
2020-07-30 19:00:00,30.04,39.2,0.0,0.0,0.0,-7.2,1.1,106.0,100938.0,False,7,19,212
2020-07-30 20:00:00,28.82,46.85,0.0,-0.0,0.0,-5.2,0.76,115.0,101048.0,False,7,20,212
2020-07-30 21:00:00,27.89,49.85,0.0,-0.0,0.0,-4.4,0.62,168.0,101188.0,False,7,21,212
2020-07-30 22:00:00,26.54,56.3,0.0,-0.0,0.0,-1.75,0.34,203.0,101197.0,False,7,22,212
2020-07-30 23:00:00,26.17,56.0,0.0,-0.0,0.0,-4.0,0.41,314.0,101178.0,False,7,23,212
2020-07-31 00:00:00,25.54,56.7,0.0,-0.0,0.0,-3.4,0.69,350.0,101148.0,False,7,0,213
2020-07-31 01:00:00,24.88,57.25,0.0,-0.0,0.0,358.25,0.69,341.0,101088.0,False,7,1,213
2020-07-31 02:00:00,24.4,56.35,0.0,-0.0,0.0,-1.75,0.76,329.0,101058.0,False,7,2,213
2020-07-31 03:00:00,23.8,57.15,0.0,-0.0,0.0,-2.0,0.76,322.0,101058.0,False,7,3,213
2020-07-31 04:00:00,23.68,55.45,0.0,-0.0,0.0,-0.8,0.69,316.0,101058.0,False,7,4,213
2020-07-31 05:00:00,23.29,54.1,0.0,-0.0,0.0,-0.75,0.55,312.0,101098.0,False,7,5,213
2020-07-31 06:00:00,23.98,49.05,97.0,223.55,60.0,-0.2,0.28,301.0,101138.0,False,7,6,213
2020-07-31 07:00:00,25.86,46.45,281.0,448.96,118.0,3.2,0.34,273.0,101188.0,False,7,7,213
2020-07-31 08:00:00,28.6,41.5,456.0,504.98,179.0,10.6,0.83,182.0,101197.0,False,7,8,213
2020-07-31 09:00:00,29.92,42.35,640.0,625.97,196.0,10.0,1.17,172.0,101227.0,False,7,9,213
2020-07-31 10:00:00,32.27,35.5,729.0,533.32,284.0,9.6,1.24,167.0,101257.0,False,7,10,213
2020-07-31 11:00:00,33.15,35.45,828.0,588.88,289.0,10.2,1.38,164.0,101227.0,False,7,11,213
2020-07-31 12:00:00,34.12,34.7,917.0,743.8,213.0,4.6,1.79,188.0,101188.0,False,7,12,213
2020-07-31 13:00:00,34.18,35.35,845.0,604.85,285.0,13.0,2.28,198.0,101188.0,False,7,13,213
2020-07-31 14:00:00,34.32,36.0,805.0,689.06,216.0,2.8,2.55,214.0,101178.0,False,7,14,213
2020-07-31 15:00:00,34.48,34.1,673.0,639.45,201.0,0.6,2.48,231.0,101098.0,False,7,15,213
2020-07-31 16:00:00,34.72,30.34,348.0,133.6,270.0,2.48,1.1,235.0,101028.0,False,7,16,213
2020-07-31 17:00:00,33.64,33.72,152.0,17.39,145.0,5.05,1.11,224.0,100968.0,False,7,17,213
2020-07-31 18:00:00,32.56,37.1,67.0,14.54,64.0,7.61,1.11,216.0,100968.0,False,7,18,213
2020-07-31 19:00:00,31.48,40.48,0.0,0.0,0.0,10.18,1.11,214.0,101018.0,False,7,19,213
2020-07-31 20:00:00,30.4,43.86,0.0,-0.0,0.0,12.75,1.12,214.0,101098.0,False,7,20,213
2020-07-31 21:00:00,29.32,47.24,0.0,-0.0,0.0,15.31,1.12,262.0,101148.0,False,7,21,213
2020-07-31 22:00:00,28.24,50.62,0.0,-0.0,0.0,17.88,1.12,268.0,101168.0,False,7,22,213
2020-07-31 23:00:00,27.16,54.0,0.0,-0.0,0.0,20.45,1.13,274.0,101217.0,False,7,23,213
2011-08-01 00:00:00,26.08,57.38,0.0,-0.0,0.0,23.01,1.13,82.0,100819.0,False,8,0,213
2011-08-01 01:00:00,25.0,60.76,0.0,-0.0,0.0,25.58,1.13,52.0,100769.0,False,8,1,213
2011-08-01 02:00:00,23.92,64.14,0.0,-0.0,0.0,28.14,1.14,66.0,100739.0,False,8,2,213
2011-08-01 03:00:00,22.84,67.52,0.0,-0.0,0.0,30.71,1.14,118.0,100769.0,False,8,3,213
2011-08-01 04:00:00,21.76,70.9,0.0,-0.0,0.0,33.28,1.14,88.0,100759.0,False,8,4,213
2011-08-01 05:00:00,20.68,74.28,0.0,-0.0,0.0,35.84,1.15,66.0,100719.0,False,8,5,213
2011-08-01 06:00:00,19.6,77.65,95.0,205.43,61.0,38.41,1.15,60.0,100709.0,False,8,6,213
2011-08-01 07:00:00,18.52,81.03,287.0,465.49,118.0,40.97,1.15,58.0,100699.0,False,8,7,213
2011-08-01 08:00:00,24.56,60.25,469.0,545.09,170.0,-6.6,2.34,68.0,100719.0,False,8,8,213
2011-08-01 09:00:00,25.18,56.85,638.0,606.23,208.0,-3.0,2.62,87.0,100709.0,False,8,9,213
2011-08-01 10:00:00,27.26,44.5,805.0,738.26,189.0,0.2,2.76,92.0,100699.0,False,8,10,213
2011-08-01 11:00:00,28.76,41.4,892.0,748.39,207.0,10.0,3.38,99.0,100659.0,False,8,11,213
2011-08-01 12:00:00,28.92,40.45,892.0,659.28,268.0,0.0,3.45,99.0,100629.0,False,8,12,213
2011-08-01 13:00:00,29.3,36.75,885.0,696.66,240.0,6.6,3.59,97.0,100520.0,False,8,13,213
2011-08-01 14:00:00,30.19,33.95,844.0,790.84,168.0,-8.0,3.52,94.0,100420.0,False,8,14,213
2011-08-01 15:00:00,30.91,30.05,675.0,629.97,210.0,-4.4,3.72,92.0,100360.0,False,8,15,213
2011-08-01 16:00:00,31.28,29.35,526.0,633.73,156.0,-4.0,4.0,87.0,100310.0,False,8,16,213
2011-08-01 17:00:00,28.48,34.8,272.0,248.48,172.0,-6.8,3.31,90.0,100350.0,False,8,17,213
2011-08-01 18:00:00,27.78,32.95,97.0,77.56,81.0,-7.2,2.83,101.0,100480.0,False,8,18,213
2011-08-01 19:00:00,27.13,35.95,0.0,0.0,0.0,-10.4,2.21,98.0,100549.0,False,8,19,213
2011-08-01 20:00:00,25.93,44.1,0.0,-0.0,0.0,-3.6,0.76,103.0,100659.0,False,8,20,213
2011-08-01 21:00:00,24.79,48.45,0.0,-0.0,0.0,1.0,0.34,153.0,100759.0,False,8,21,213
2011-08-01 22:00:00,23.7,59.6,0.0,-0.0,0.0,-1.6,0.28,179.0,100759.0,False,8,22,213
2011-08-01 23:00:00,22.78,63.1,0.0,-0.0,0.0,0.35,0.48,293.0,100729.0,False,8,23,213
2011-08-02 00:00:00,22.86,62.45,0.0,-0.0,0.0,2.8,1.17,259.0,100749.0,False,8,0,214
2011-08-02 01:00:00,22.66,61.85,0.0,-0.0,0.0,348.45,1.38,290.0,100729.0,False,8,1,214
2011-08-02 02:00:00,21.87,62.0,0.0,-0.0,0.0,-1.15,1.1,299.0,100699.0,False,8,2,214
2011-08-02 03:00:00,21.83,56.0,0.0,-0.0,0.0,-3.8,0.9,247.0,100719.0,False,8,3,214
2011-08-02 04:00:00,21.67,53.7,0.0,-0.0,0.0,-0.35,0.83,239.0,100749.0,False,8,4,214
2011-08-02 05:00:00,21.62,52.05,0.0,-0.0,0.0,-2.4,0.62,291.0,100769.0,False,8,5,214
2011-08-02 06:00:00,21.4,58.4,101.0,263.53,58.0,-2.55,0.62,321.0,100819.0,False,8,6,214
2011-08-02 07:00:00,23.1,46.0,221.0,182.83,155.0,3.2,0.34,313.0,100868.0,False,8,7,214
2011-08-02 08:00:00,26.57,30.9,454.0,490.2,186.0,8.2,0.62,201.0,100918.0,False,8,8,214
2011-08-02 09:00:00,27.94,29.65,670.0,722.08,159.0,8.0,1.52,182.0,100968.0,False,8,9,214
2011-08-02 10:00:00,29.8,23.9,822.0,797.2,158.0,6.0,1.72,160.0,100978.0,False,8,10,214
2011-08-02 11:00:00,30.01,26.05,906.0,793.32,181.0,4.6,2.55,165.0,101038.0,False,8,11,214
2011-08-02 12:00:00,30.08,27.25,917.0,729.05,228.0,2.6,3.03,176.0,101058.0,False,8,12,214
2011-08-02 13:00:00,30.31,26.8,884.0,695.63,241.0,0.6,3.17,188.0,101008.0,False,8,13,214
2011-08-02 14:00:00,30.42,26.6,699.0,406.74,352.0,-0.8,3.52,194.0,100988.0,False,8,14,214
2011-08-02 15:00:00,30.89,23.95,666.0,604.4,221.0,-0.6,3.31,195.0,100948.0,False,8,15,214
2011-08-02 16:00:00,30.57,25.3,468.0,424.6,221.0,6.6,3.1,198.0,100958.0,False,8,16,214
2011-08-02 17:00:00,28.83,31.2,186.0,49.99,166.0,-1.6,2.83,201.0,100958.0,False,8,17,214
2011-08-02 18:00:00,27.82,33.5,84.0,44.21,75.0,-2.4,2.41,196.0,101008.0,False,8,18,214
2011-08-02 19:00:00,27.09,36.85,0.0,0.0,0.0,-9.6,2.0,202.0,101078.0,False,8,19,214
2011-08-02 20:00:00,25.78,42.35,0.0,-0.0,0.0,-3.2,1.59,225.0,101118.0,False,8,20,214
2011-08-02 21:00:00,24.63,46.7,0.0,-0.0,0.0,-11.8,1.24,242.0,101207.0,False,8,21,214
2011-08-02 22:00:00,23.56,57.6,0.0,-0.0,0.0,-5.2,1.1,254.0,101237.0,False,8,22,214
2011-08-02 23:00:00,22.55,62.2,0.0,-0.0,0.0,-2.4,1.52,250.0,101257.0,False,8,23,214
2011-08-03 00:00:00,22.1,64.65,0.0,-0.0,0.0,0.6,1.45,242.0,101307.0,False,8,0,215
2011-08-03 01:00:00,21.71,64.65,0.0,-0.0,0.0,342.65,1.52,280.0,101247.0,False,8,1,215
2011-08-03 02:00:00,21.44,63.9,0.0,-0.0,0.0,2.0,1.66,308.0,101197.0,False,8,2,215
2011-08-03 03:00:00,21.29,61.1,0.0,-0.0,0.0,-7.8,1.59,323.0,101148.0,False,8,3,215
2011-08-03 04:00:00,20.9,59.1,0.0,-0.0,0.0,-2.8,1.45,329.0,101158.0,False,8,4,215
2011-08-03 05:00:00,20.29,58.05,0.0,-0.0,0.0,-5.0,1.24,331.0,101168.0,False,8,5,215
2011-08-03 06:00:00,20.72,53.4,103.0,304.71,54.0,-2.6,0.76,328.0,101267.0,False,8,6,215
2011-08-03 07:00:00,22.65,50.55,299.0,562.81,97.0,10.6,0.62,325.0,101327.0,False,8,7,215
2011-08-03 08:00:00,26.26,35.6,498.0,686.39,124.0,9.8,0.14,241.0,101357.0,False,8,8,215
2011-08-03 09:00:00,27.36,35.1,683.0,778.99,133.0,10.2,0.62,171.0,101367.0,False,8,9,215
2011-08-03 10:00:00,30.4,24.55,825.0,813.08,149.0,9.4,1.66,176.0,101407.0,False,8,10,215
2011-08-03 11:00:00,30.64,27.7,920.0,839.52,154.0,7.4,2.28,174.0,101417.0,False,8,11,215
2011-08-03 12:00:00,30.65,30.4,952.0,834.04,165.0,5.6,2.55,172.0,101417.0,False,8,12,215
2011-08-03 13:00:00,30.66,31.9,938.0,860.44,144.0,3.6,2.55,172.0,101397.0,False,8,13,215
2011-08-03 14:00:00,30.83,32.6,845.0,805.73,159.0,1.6,2.34,173.0,101337.0,False,8,14,215
2011-08-03 15:00:00,30.76,31.35,711.0,763.96,150.0,-0.2,2.48,169.0,101317.0,False,8,15,215
2011-08-03 16:00:00,30.54,31.8,537.0,697.12,133.0,-2.0,2.14,169.0,101277.0,False,8,16,215
2011-08-03 17:00:00,29.18,37.95,337.0,565.96,112.0,-6.4,1.86,167.0,101237.0,False,8,17,215
2011-08-03 18:00:00,28.48,39.0,142.0,368.5,68.0,-9.2,1.66,158.0,101267.0,False,8,18,215
2011-08-03 19:00:00,27.63,40.8,0.0,0.0,0.0,-9.8,1.45,148.0,101317.0,False,8,19,215
2011-08-03 20:00:00,26.32,47.5,0.0,-0.0,0.0,-7.4,1.1,146.0,101437.0,False,8,20,215
2011-08-03 21:00:00,24.67,50.2,0.0,-0.0,0.0,-2.4,0.48,136.0,101487.0,False,8,21,215
2011-08-03 22:00:00,22.14,73.35,0.0,-0.0,0.0,-2.0,0.48,44.0,101507.0,False,8,22,215
2011-08-03 23:00:00,22.46,69.1,0.0,-0.0,0.0,-2.55,0.28,352.0,101507.0,False,8,23,215
2011-08-04 00:00:00,22.29,69.2,0.0,-0.0,0.0,-2.0,0.62,305.0,101507.0,False,8,0,216
2011-08-04 01:00:00,21.42,71.6,0.0,-0.0,0.0,339.05,0.97,315.0,101447.0,False,8,1,216
2011-08-04 02:00:00,20.56,74.9,0.0,-0.0,0.0,-1.2,0.83,324.0,101407.0,False,8,2,216
2011-08-04 03:00:00,20.6,73.3,0.0,-0.0,0.0,-1.2,0.62,330.0,101387.0,False,8,3,216
2011-08-04 04:00:00,19.77,75.75,0.0,-0.0,0.0,-1.2,0.62,349.0,101397.0,False,8,4,216
2011-08-04 05:00:00,19.11,76.4,0.0,-0.0,0.0,-1.0,0.69,12.0,101427.0,False,8,5,216
2011-08-04 06:00:00,20.18,70.85,105.0,334.52,52.0,0.15,0.76,28.0,101487.0,False,8,6,216
2011-08-04 07:00:00,21.67,63.65,279.0,454.01,117.0,6.0,0.83,88.0,101507.0,False,8,7,216
2011-08-04 08:00:00,24.42,56.2,497.0,686.89,124.0,9.6,1.17,109.0,101556.0,False,8,8,216
2011-08-04 09:00:00,25.23,55.7,689.0,807.81,120.0,11.6,1.52,123.0,101576.0,False,8,9,216
2011-08-04 10:00:00,28.13,44.1,832.0,843.51,132.0,6.4,1.31,125.0,101556.0,False,8,10,216
2011-08-04 11:00:00,28.63,43.9,933.0,888.09,124.0,5.8,1.72,144.0,101507.0,False,8,11,216
2011-08-04 12:00:00,29.03,43.8,976.0,914.99,114.0,6.2,2.0,156.0,101487.0,False,8,12,216
2011-08-04 13:00:00,29.2,44.1,947.0,892.35,125.0,4.6,2.14,161.0,101417.0,False,8,13,216
2011-08-04 14:00:00,29.68,44.65,857.0,852.15,133.0,4.8,2.14,160.0,101357.0,False,8,14,216
2011-08-04 15:00:00,29.95,45.8,701.0,734.66,163.0,-1.2,2.28,167.0,101317.0,False,8,15,216
2011-08-04 16:00:00,29.94,46.95,529.0,670.42,142.0,-3.75,2.0,171.0,101267.0,False,8,16,216
2011-08-04 17:00:00,28.68,51.95,334.0,564.57,111.0,0.0,1.79,167.0,101227.0,False,8,17,216
2011-08-04 18:00:00,28.02,53.95,143.0,404.14,63.0,-8.0,1.66,166.0,101207.0,False,8,18,216
2011-08-04 19:00:00,27.06,56.4,0.0,-0.0,0.0,-2.0,1.38,170.0,101247.0,False,8,19,216
2011-08-04 20:00:00,25.95,62.0,0.0,-0.0,0.0,-6.4,0.9,180.0,101277.0,False,8,20,216
2011-08-04 21:00:00,24.56,63.6,0.0,-0.0,0.0,4.6,0.76,198.0,101327.0,False,8,21,216
2011-08-04 22:00:00,23.37,73.35,0.0,-0.0,0.0,-6.6,0.9,230.0,101347.0,False,8,22,216
2011-08-04 23:00:00,22.86,72.65,0.0,-0.0,0.0,-3.0,0.97,237.0,101307.0,False,8,23,216
2011-08-05 00:00:00,22.4,73.65,0.0,-0.0,0.0,0.2,1.24,229.0,101307.0,False,8,0,217
2011-08-05 01:00:00,22.13,72.9,0.0,-0.0,0.0,359.45,1.45,242.0,101257.0,False,8,1,217
2011-08-05 02:00:00,21.31,75.9,0.0,-0.0,0.0,2.15,1.31,280.0,101178.0,False,8,2,217
2011-08-05 03:00:00,21.66,74.45,0.0,-0.0,0.0,1.2,1.24,295.0,101118.0,False,8,3,217
2011-08-05 04:00:00,21.62,71.9,0.0,-0.0,0.0,-1.6,1.52,298.0,101078.0,False,8,4,217
2011-08-05 05:00:00,21.24,70.8,0.0,-0.0,0.0,-1.15,1.59,304.0,101068.0,False,8,5,217
2011-08-05 06:00:00,22.15,64.35,104.0,346.04,50.0,9.6,0.76,315.0,101058.0,False,8,6,217
2011-08-05 07:00:00,23.3,61.45,256.0,341.12,135.0,-20.0,0.34,314.0,101098.0,False,8,7,217
2011-08-05 08:00:00,26.16,50.85,374.0,247.62,240.0,10.0,1.03,167.0,101158.0,False,8,8,217
2011-08-05 09:00:00,26.79,53.1,537.0,333.01,303.0,6.8,1.59,167.0,101178.0,False,8,9,217
2011-08-05 10:00:00,28.22,45.4,705.0,474.47,312.0,10.0,1.72,175.0,101197.0,False,8,10,217
2011-08-05 11:00:00,28.62,45.15,658.0,247.41,433.0,8.0,2.07,179.0,101178.0,False,8,11,217
2011-08-05 12:00:00,28.62,46.15,732.0,324.29,427.0,12.8,2.21,183.0,101138.0,False,8,12,217
2011-08-05 13:00:00,28.33,47.05,899.0,751.5,208.0,1.4,2.21,181.0,101068.0,False,8,13,217
2011-08-05 14:00:00,28.87,44.7,580.0,200.53,410.0,4.2,2.34,194.0,100998.0,False,8,14,217
2011-08-05 15:00:00,29.62,40.8,718.0,807.96,128.0,-5.4,2.28,186.0,100918.0,False,8,15,217
2011-08-05 16:00:00,29.75,40.95,523.0,655.78,146.0,-0.75,2.28,200.0,100888.0,False,8,16,217
2011-08-05 17:00:00,29.15,43.35,339.0,606.63,101.0,-6.0,2.28,207.0,100839.0,False,8,17,217
2011-08-05 18:00:00,28.78,41.4,132.0,323.07,69.0,-7.2,2.0,215.0,100829.0,False,8,18,217
2011-08-05 19:00:00,28.17,43.9,0.0,-0.0,0.0,-5.4,1.38,219.0,100819.0,False,8,19,217
2011-08-05 20:00:00,27.64,48.45,0.0,-0.0,0.0,-4.4,0.9,224.0,100819.0,False,8,20,217
2011-08-05 21:00:00,26.18,50.25,0.0,-0.0,0.0,-2.6,0.69,241.0,100888.0,False,8,21,217
2011-08-05 22:00:00,25.19,55.45,0.0,-0.0,0.0,5.0,0.55,241.0,100938.0,False,8,22,217
2011-08-05 23:00:00,24.76,55.3,0.0,-0.0,0.0,-2.4,0.83,262.0,100908.0,False,8,23,217
2011-08-06 00:00:00,24.2,57.5,0.0,-0.0,0.0,-5.8,0.83,292.0,100878.0,False,8,0,218
2011-08-06 01:00:00,24.18,58.15,0.0,-0.0,0.0,362.85,1.1,297.0,100829.0,False,8,1,218
2011-08-06 02:00:00,22.71,62.1,0.0,-0.0,0.0,-7.0,1.38,305.0,100799.0,False,8,2,218
2011-08-06 03:00:00,22.29,61.3,0.0,-0.0,0.0,0.15,1.59,310.0,100779.0,False,8,3,218
2011-08-06 04:00:00,22.03,59.85,0.0,-0.0,0.0,-5.0,1.66,314.0,100759.0,False,8,4,218
2011-08-06 05:00:00,21.6,56.9,0.0,-0.0,0.0,-2.4,1.52,322.0,100759.0,False,8,5,218
2011-08-06 06:00:00,22.06,52.0,97.0,292.88,52.0,-2.2,0.76,323.0,100799.0,False,8,6,218
2011-08-06 07:00:00,23.71,46.0,286.0,516.19,104.0,7.6,0.69,315.0,100799.0,False,8,7,218
2011-08-06 08:00:00,28.34,31.7,490.0,671.28,128.0,9.8,0.69,203.0,100849.0,False,8,8,218
2011-08-06 09:00:00,29.25,33.85,678.0,777.48,133.0,9.2,1.52,195.0,100829.0,False,8,9,218
2011-08-06 10:00:00,31.22,30.7,838.0,874.57,115.0,7.2,1.31,190.0,100819.0,False,8,10,218
2011-08-06 11:00:00,31.96,30.6,930.0,887.81,124.0,7.0,1.93,194.0,100799.0,False,8,11,218
2011-08-06 12:00:00,32.26,29.85,978.0,931.93,103.0,5.0,2.41,198.0,100759.0,False,8,12,218
2011-08-06 13:00:00,32.98,28.55,948.0,908.73,114.0,2.8,2.76,202.0,100729.0,False,8,13,218
2011-08-06 14:00:00,34.14,24.85,862.0,884.31,114.0,0.8,2.9,207.0,100669.0,False,8,14,218
2011-08-06 15:00:00,34.17,24.7,0.0,0.0,0.0,-1.0,2.9,211.0,100619.0,False,8,15,218
2011-08-06 16:00:00,34.41,23.85,550.0,789.59,98.0,-2.4,2.76,215.0,100549.0,False,8,16,218
2011-08-06 17:00:00,32.87,28.9,338.0,616.02,98.0,-3.0,2.62,220.0,100510.0,False,8,17,218
2011-08-06 18:00:00,32.35,31.55,141.0,427.16,59.0,-3.8,2.21,225.0,100480.0,False,8,18,218
2011-08-06 19:00:00,31.61,31.95,0.0,-0.0,0.0,-6.0,1.59,234.0,100470.0,False,8,19,218
2011-08-06 20:00:00,28.95,41.4,0.0,-0.0,0.0,-4.4,1.03,259.0,100480.0,False,8,20,218
2011-08-06 21:00:00,27.82,43.45,0.0,-0.0,0.0,-2.2,1.17,288.0,100530.0,False,8,21,218
2011-08-06 22:00:00,25.71,48.05,0.0,-0.0,0.0,-1.6,1.1,295.0,100569.0,False,8,22,218
2011-08-06 23:00:00,24.93,47.35,0.0,-0.0,0.0,-1.6,1.24,316.0,100540.0,False,8,23,218
2011-08-07 00:00:00,24.83,45.4,0.0,-0.0,0.0,-2.15,1.45,323.0,100530.0,False,8,0,219
2011-08-07 01:00:00,24.45,43.85,0.0,-0.0,0.0,365.05,1.52,326.0,100490.0,False,8,1,219
2011-08-07 02:00:00,23.04,46.55,0.0,-0.0,0.0,-3.0,1.31,323.0,100470.0,False,8,2,219
2011-08-07 03:00:00,23.59,43.35,0.0,-0.0,0.0,-2.4,1.17,319.0,100470.0,False,8,3,219
2011-08-07 04:00:00,23.19,44.5,0.0,-0.0,0.0,-2.4,0.97,317.0,100460.0,False,8,4,219
2011-08-07 05:00:00,22.92,45.8,0.0,-0.0,0.0,-2.0,0.83,315.0,100480.0,False,8,5,219
2011-08-07 06:00:00,23.27,44.15,103.0,376.9,46.0,-1.4,0.76,312.0,100510.0,False,8,6,219
2011-08-07 07:00:00,25.65,42.0,299.0,610.65,85.0,4.6,1.1,307.0,100559.0,False,8,7,219
2011-08-07 08:00:00,29.68,33.85,499.0,722.05,111.0,8.6,0.9,223.0,100599.0,False,8,8,219
2011-08-07 09:00:00,30.44,37.05,687.0,820.88,113.0,8.6,1.45,193.0,100659.0,False,8,9,219
2011-08-07 10:00:00,32.4,29.95,827.0,842.36,132.0,6.8,1.66,180.0,100649.0,False,8,10,219
2011-08-07 11:00:00,33.39,29.25,929.0,887.18,125.0,6.2,2.14,186.0,100639.0,False,8,11,219
2011-08-07 12:00:00,33.78,29.8,971.0,914.37,114.0,4.2,2.9,193.0,100629.0,False,8,12,219
2011-08-07 13:00:00,34.28,28.6,951.0,924.69,104.0,2.2,3.17,200.0,100569.0,False,8,13,219
2011-08-07 14:00:00,34.96,26.4,865.0,899.43,106.0,0.6,3.31,205.0,100540.0,False,8,14,219
2011-08-07 15:00:00,35.18,26.65,733.0,883.11,92.0,-1.6,3.03,206.0,100490.0,False,8,15,219
2011-08-07 16:00:00,35.21,26.1,553.0,817.64,87.0,-2.6,2.69,210.0,100440.0,False,8,16,219
2011-08-07 17:00:00,34.09,29.65,346.0,685.15,81.0,-3.6,2.41,210.0,100420.0,False,8,17,219
2011-08-07 18:00:00,33.39,30.6,142.0,460.69,55.0,-4.4,1.79,213.0,100410.0,False,8,18,219
2011-08-07 19:00:00,32.82,29.95,0.0,-0.0,0.0,-3.0,1.24,211.0,100470.0,False,8,19,219
2011-08-07 20:00:00,30.81,38.5,0.0,-0.0,0.0,-6.0,0.69,232.0,100510.0,False,8,20,219
2011-08-07 21:00:00,28.94,42.5,0.0,-0.0,0.0,-3.4,0.83,288.0,100599.0,False,8,21,219
2011-08-07 22:00:00,27.09,46.1,0.0,-0.0,0.0,-2.75,1.03,318.0,100629.0,False,8,22,219
2011-08-07 23:00:00,25.3,49.0,0.0,-0.0,0.0,-2.4,1.24,323.0,100649.0,False,8,23,219
2011-08-08 00:00:00,25.05,47.2,0.0,-0.0,0.0,-2.75,1.31,326.0,100659.0,False,8,0,220
2011-08-08 01:00:00,24.94,43.55,0.0,-0.0,0.0,360.05,1.24,325.0,100639.0,False,8,1,220
2011-08-08 02:00:00,24.1,44.3,0.0,-0.0,0.0,-3.2,1.1,323.0,100629.0,False,8,2,220
2011-08-08 03:00:00,23.69,41.65,0.0,-0.0,0.0,-2.6,0.97,321.0,100649.0,False,8,3,220
2011-08-08 04:00:00,23.75,41.4,0.0,-0.0,0.0,-2.6,0.9,318.0,100669.0,False,8,4,220
2011-08-08 05:00:00,23.48,41.35,0.0,-0.0,0.0,-2.0,0.83,318.0,100689.0,False,8,5,220
2011-08-08 06:00:00,23.68,40.45,97.0,329.28,48.0,-1.8,0.9,331.0,100759.0,False,8,6,220
2011-08-08 07:00:00,25.49,40.5,295.0,597.2,87.0,3.8,1.24,353.0,100809.0,False,8,7,220
2011-08-08 08:00:00,30.46,30.05,494.0,707.83,115.0,9.8,1.31,67.0,100888.0,False,8,8,220
2011-08-08 09:00:00,31.04,34.3,689.0,835.85,106.0,10.4,1.79,102.0,100948.0,False,8,9,220
2011-08-08 10:00:00,32.13,34.25,825.0,841.62,132.0,8.8,2.28,120.0,101008.0,False,8,10,220
2011-08-08 11:00:00,32.05,35.25,917.0,854.52,144.0,8.2,2.55,129.0,101028.0,False,8,11,220
2011-08-08 12:00:00,32.31,34.7,970.0,914.97,114.0,6.8,2.69,135.0,101048.0,False,8,12,220
2011-08-08 13:00:00,32.36,33.9,939.0,891.55,124.0,5.0,2.62,137.0,101028.0,False,8,13,220
2011-08-08 14:00:00,32.2,35.4,858.0,882.61,115.0,2.6,2.34,134.0,100998.0,False,8,14,220
2011-08-08 15:00:00,32.41,35.55,711.0,805.77,128.0,1.0,2.41,121.0,100988.0,False,8,15,220
2011-08-08 16:00:00,31.41,38.85,539.0,759.69,108.0,-2.15,2.55,109.0,100988.0,False,8,16,220
2011-08-08 17:00:00,29.57,46.85,333.0,612.19,98.0,-3.2,2.76,97.0,101038.0,False,8,17,220
2011-08-08 18:00:00,29.05,49.8,132.0,387.85,60.0,-4.6,2.83,88.0,101088.0,False,8,18,220
2011-08-08 19:00:00,28.05,54.35,0.0,-0.0,0.0,-10.6,2.76,81.0,101178.0,False,8,19,220
2011-08-08 20:00:00,26.75,62.7,0.0,-0.0,0.0,2.0,2.83,68.0,101227.0,False,8,20,220
2011-08-08 21:00:00,25.53,64.3,0.0,-0.0,0.0,-11.6,2.9,59.0,101327.0,False,8,21,220
2011-08-08 22:00:00,23.84,75.3,0.0,-0.0,0.0,-1.75,2.83,49.0,101407.0,False,8,22,220
2011-08-08 23:00:00,23.27,77.1,0.0,-0.0,0.0,1.15,2.9,48.0,101427.0,False,8,23,220
2011-08-09 00:00:00,23.03,78.5,0.0,-0.0,0.0,5.0,2.9,46.0,101447.0,False,8,0,221
2011-08-09 01:00:00,23.01,76.8,0.0,-0.0,0.0,383.45,2.83,42.0,101457.0,False,8,1,221
2011-08-09 02:00:00,22.42,77.65,0.0,-0.0,0.0,-0.6,2.83,45.0,101447.0,False,8,2,221
2011-08-09 03:00:00,23.04,77.25,0.0,-0.0,0.0,2.8,3.03,48.0,101447.0,False,8,3,221
2011-08-09 04:00:00,23.08,77.1,0.0,-0.0,0.0,-7.4,2.97,48.0,101467.0,False,8,4,221
2011-08-09 05:00:00,22.78,75.8,0.0,-0.0,0.0,-4.4,2.9,46.0,101457.0,False,8,5,221
2011-08-09 06:00:00,22.59,69.85,88.0,245.95,52.0,-1.0,3.03,46.0,101516.0,False,8,6,221
2011-08-09 07:00:00,22.67,67.7,269.0,444.92,115.0,-9.8,3.52,50.0,101566.0,False,8,7,221
2011-08-09 08:00:00,24.67,56.1,466.0,584.82,154.0,2.6,3.79,54.0,101626.0,False,8,8,221
2011-08-09 09:00:00,25.67,52.75,651.0,691.38,170.0,1.6,3.93,60.0,101636.0,False,8,9,221
2011-08-09 10:00:00,28.05,42.3,788.0,721.66,195.0,4.4,4.14,59.0,101616.0,False,8,10,221
2011-08-09 11:00:00,28.4,41.75,880.0,746.46,206.0,7.6,4.14,68.0,101606.0,False,8,11,221
2011-08-09 12:00:00,28.8,42.05,921.0,771.04,201.0,1.8,4.21,75.0,101596.0,False,8,12,221
2011-08-09 13:00:00,29.08,43.0,892.0,749.81,208.0,4.0,4.21,81.0,101576.0,False,8,13,221
2011-08-09 14:00:00,29.38,42.3,810.0,730.02,197.0,3.0,4.41,83.0,101536.0,False,8,14,221
2011-08-09 15:00:00,29.34,44.8,678.0,690.56,180.0,1.0,4.55,83.0,101507.0,False,8,15,221
2011-08-09 16:00:00,28.5,0.0,504.0,614.53,157.0,-1.4,4.48,79.0,101477.0,False,8,16,221
2011-08-09 17:00:00,27.0,54.1,305.0,467.34,127.0,-2.4,4.14,76.0,101467.0,False,8,17,221
2011-08-09 18:00:00,26.3,56.35,117.0,274.2,67.0,1.0,3.79,75.0,101467.0,False,8,18,221
2011-08-09 19:00:00,25.42,57.55,0.0,-0.0,0.0,-14.4,3.38,73.0,101526.0,False,8,19,221
2011-08-09 20:00:00,24.48,64.45,0.0,-0.0,0.0,-6.6,3.17,70.0,101616.0,False,8,20,221
2011-08-09 21:00:00,23.42,66.55,0.0,-0.0,0.0,0.2,3.03,57.0,101706.0,False,8,21,221
2011-08-09 22:00:00,22.32,69.15,0.0,-0.0,0.0,-8.6,2.76,44.0,101716.0,False,8,22,221
2011-08-09 23:00:00,22.19,66.65,0.0,-0.0,0.0,-3.6,2.34,36.0,101696.0,False,8,23,221
2011-08-10 00:00:00,22.4,63.05,0.0,-0.0,0.0,-2.35,2.0,32.0,101696.0,False,8,0,222
2011-08-10 01:00:00,22.49,60.4,0.0,-0.0,0.0,349.45,1.79,33.0,101646.0,False,8,1,222
2011-08-10 02:00:00,22.1,60.25,0.0,-0.0,0.0,-1.15,1.79,36.0,101646.0,False,8,2,222
2011-08-10 03:00:00,22.14,57.7,0.0,-0.0,0.0,-0.4,1.93,40.0,101626.0,False,8,3,222
2011-08-10 04:00:00,22.13,58.3,0.0,-0.0,0.0,1.0,2.14,45.0,101636.0,False,8,4,222
2011-08-10 05:00:00,21.71,61.65,0.0,-0.0,0.0,-1.35,2.34,46.0,101656.0,False,8,5,222
2011-08-10 06:00:00,21.46,62.85,88.0,264.03,50.0,-0.6,2.62,43.0,101686.0,False,8,6,222
2011-08-10 07:00:00,21.53,65.05,275.0,491.35,106.0,7.6,3.24,48.0,101686.0,False,8,7,222
2011-08-10 08:00:00,23.89,53.65,469.0,605.78,147.0,11.4,3.66,57.0,101726.0,False,8,8,222
2011-08-10 09:00:00,24.43,54.1,649.0,690.29,170.0,3.8,4.07,66.0,101756.0,False,8,9,222
2011-08-10 10:00:00,26.05,48.55,800.0,764.64,173.0,-3.2,4.07,62.0,101716.0,False,8,10,222
2011-08-10 11:00:00,26.32,47.85,914.0,854.41,144.0,4.6,4.48,72.0,101666.0,False,8,11,222
2011-08-10 12:00:00,26.73,45.5,940.0,832.62,164.0,3.6,4.62,78.0,101646.0,False,8,12,222
2011-08-10 13:00:00,27.19,44.15,910.0,810.74,172.0,1.6,4.62,80.0,101616.0,False,8,13,222
2011-08-10 14:00:00,28.04,39.5,822.0,773.71,174.0,-0.6,4.48,81.0,101556.0,False,8,14,222
2011-08-10 15:00:00,28.32,38.5,691.0,745.79,155.0,-2.0,4.21,81.0,101497.0,False,8,15,222
2011-08-10 16:00:00,27.54,38.0,513.0,663.82,140.0,-4.0,4.14,76.0,101447.0,False,8,16,222
2011-08-10 17:00:00,26.27,42.45,311.0,513.48,117.0,-4.2,4.07,70.0,101397.0,False,8,17,222
2011-08-10 18:00:00,25.67,43.6,117.0,290.54,65.0,-3.0,3.86,68.0,101377.0,False,8,18,222
2011-08-10 19:00:00,24.53,47.25,0.0,-0.0,0.0,-10.8,3.59,61.0,101397.0,False,8,19,222
2011-08-10 20:00:00,24.0,52.95,0.0,-0.0,0.0,-5.4,3.17,56.0,101457.0,False,8,20,222
2011-08-10 21:00:00,23.23,55.6,0.0,-0.0,0.0,-2.2,2.83,49.0,101497.0,False,8,21,222
2011-08-10 22:00:00,21.59,63.55,0.0,-0.0,0.0,-2.8,2.34,31.0,101556.0,False,8,22,222
2011-08-10 23:00:00,21.36,62.6,0.0,-0.0,0.0,-1.6,1.72,28.0,101536.0,False,8,23,222
2011-08-11 00:00:00,21.15,61.75,0.0,-0.0,0.0,-2.75,1.38,27.0,101576.0,False,8,0,223
2011-08-11 01:00:00,20.94,58.95,0.0,-0.0,0.0,335.25,1.31,28.0,101516.0,False,8,1,223
2011-08-11 02:00:00,20.23,60.85,0.0,-0.0,0.0,-1.0,1.24,27.0,101497.0,False,8,2,223
2011-08-11 03:00:00,19.94,58.7,0.0,-0.0,0.0,-0.75,1.38,30.0,101437.0,False,8,3,223
2011-08-11 04:00:00,19.93,55.6,0.0,-0.0,0.0,0.0,1.45,30.0,101417.0,False,8,4,223
2011-08-11 05:00:00,19.52,54.2,0.0,-0.0,0.0,-0.4,1.59,32.0,101407.0,False,8,5,223
2011-08-11 06:00:00,19.94,49.7,85.0,254.48,49.0,0.0,1.79,31.0,101427.0,False,8,6,223
2011-08-11 07:00:00,21.28,46.85,271.0,479.86,107.0,5.2,2.21,40.0,101427.0,False,8,7,223
2011-08-11 08:00:00,24.57,38.15,472.0,630.7,138.0,6.6,2.34,59.0,101457.0,False,8,8,223
2011-08-11 09:00:00,25.72,40.15,658.0,732.56,151.0,8.4,2.62,81.0,101487.0,False,8,9,223
2011-08-11 10:00:00,28.29,31.9,798.0,765.05,172.0,8.0,2.76,91.0,101507.0,False,8,10,223
2011-08-11 11:00:00,28.77,33.95,897.0,807.17,171.0,6.6,3.17,101.0,101477.0,False,8,11,223
2011-08-11 12:00:00,28.52,36.5,933.0,817.08,173.0,5.0,3.17,105.0,101437.0,False,8,12,223
2011-08-11 13:00:00,28.86,37.6,908.0,810.34,172.0,3.6,3.03,109.0,101417.0,False,8,13,223
2011-08-11 14:00:00,29.71,35.35,820.0,773.4,174.0,2.35,3.03,106.0,101317.0,False,8,14,223
2011-08-11 15:00:00,29.6,35.45,681.0,717.7,167.0,1.0,3.1,100.0,101257.0,False,8,15,223
2011-08-11 16:00:00,29.42,35.95,507.0,651.09,143.0,-0.6,3.17,92.0,101178.0,False,8,16,223
2011-08-11 17:00:00,28.18,39.7,308.0,509.8,117.0,-2.2,3.17,83.0,101148.0,False,8,17,223
2011-08-11 18:00:00,27.95,39.45,113.0,279.17,64.0,-3.4,2.69,78.0,101178.0,False,8,18,223
2011-08-11 19:00:00,27.73,38.25,0.0,-0.0,0.0,-5.6,2.34,93.0,101197.0,False,8,19,223
2011-08-11 20:00:00,26.66,45.7,0.0,-0.0,0.0,-7.2,1.45,81.0,101277.0,False,8,20,223
2011-08-11 21:00:00,24.96,50.65,0.0,-0.0,0.0,-5.0,1.24,65.0,101327.0,False,8,21,223
2011-08-11 22:00:00,23.73,59.45,0.0,-0.0,0.0,-1.35,0.76,38.0,101337.0,False,8,22,223
2011-08-11 23:00:00,23.03,61.7,0.0,-0.0,0.0,0.0,0.76,73.0,101347.0,False,8,23,223
2011-08-12 00:00:00,22.27,62.9,0.0,-0.0,0.0,-7.4,0.69,51.0,101337.0,False,8,0,224
2011-08-12 01:00:00,22.07,60.9,0.0,-0.0,0.0,343.65,0.76,30.0,101277.0,False,8,1,224
2011-08-12 02:00:00,21.6,60.95,0.0,-0.0,0.0,-3.0,0.97,10.0,101217.0,False,8,2,224
2011-08-12 03:00:00,20.62,60.1,0.0,-0.0,0.0,-2.55,0.76,6.0,101098.0,False,8,3,224
2011-08-12 04:00:00,20.41,57.45,0.0,-0.0,0.0,-3.2,0.9,7.0,101068.0,False,8,4,224
2011-08-12 05:00:00,20.08,55.05,0.0,-0.0,0.0,-1.0,0.9,12.0,101048.0,False,8,5,224
2011-08-12 06:00:00,20.62,51.35,82.0,237.41,49.0,-1.8,0.97,18.0,101098.0,False,8,6,224
2011-08-12 07:00:00,22.41,44.85,262.0,432.91,115.0,6.2,1.38,44.0,101158.0,False,8,7,224
2011-08-12 08:00:00,26.19,27.8,467.0,616.02,142.0,9.2,1.79,81.0,101188.0,False,8,8,224
2011-08-12 09:00:00,27.31,27.75,652.0,717.14,157.0,9.4,2.21,94.0,101207.0,False,8,9,224
2011-08-12 10:00:00,29.73,26.05,801.0,778.97,165.0,6.6,2.55,82.0,101138.0,False,8,10,224
2011-08-12 11:00:00,30.53,25.6,895.0,806.56,171.0,7.0,3.03,92.0,101108.0,False,8,11,224
2011-08-12 12:00:00,30.68,26.9,932.0,816.6,174.0,12.6,3.66,97.0,101058.0,False,8,12,224
2011-08-12 13:00:00,30.6,28.35,891.0,764.75,198.0,-3.2,3.45,106.0,101008.0,False,8,13,224
2011-08-12 14:00:00,31.11,27.55,826.0,803.16,157.0,1.8,3.24,113.0,100978.0,False,8,14,224
2011-08-12 15:00:00,31.34,26.85,663.0,664.26,189.0,-0.15,2.9,120.0,100928.0,False,8,15,224
2011-08-12 16:00:00,30.72,27.15,499.0,623.93,152.0,-5.2,2.34,127.0,100908.0,False,8,16,224
2011-08-12 17:00:00,29.43,29.6,303.0,500.77,117.0,-3.0,2.14,129.0,100878.0,False,8,17,224
2011-08-12 18:00:00,28.62,29.85,109.0,261.65,64.0,-8.6,1.93,136.0,100908.0,False,8,18,224
2011-08-12 19:00:00,27.12,31.6,0.0,-0.0,0.0,-5.6,1.38,161.0,100938.0,False,8,19,224
2011-08-12 20:00:00,25.98,36.55,0.0,-0.0,0.0,-5.8,1.1,182.0,100988.0,False,8,20,224
2011-08-12 21:00:00,25.05,41.6,0.0,-0.0,0.0,-2.35,0.55,183.0,101028.0,False,8,21,224
2011-08-12 22:00:00,23.31,58.55,0.0,-0.0,0.0,-2.0,0.21,191.0,101018.0,False,8,22,224
2011-08-12 23:00:00,22.72,61.25,0.0,-0.0,0.0,-2.15,0.62,0.0,101038.0,False,8,23,224
2011-08-13 00:00:00,22.25,63.35,0.0,-0.0,0.0,-2.0,0.83,350.0,101008.0,False,8,0,225
2011-08-13 01:00:00,21.92,65.55,0.0,-0.0,0.0,342.65,0.83,314.0,100948.0,False,8,1,225
2011-08-13 02:00:00,21.21,70.75,0.0,-0.0,0.0,-1.6,1.1,281.0,100898.0,False,8,2,225
2011-08-13 03:00:00,20.84,70.6,0.0,-0.0,0.0,-2.4,1.17,277.0,100878.0,False,8,3,225
2011-08-13 04:00:00,20.61,71.2,0.0,-0.0,0.0,-2.6,1.24,271.0,100859.0,False,8,4,225
2011-08-13 05:00:00,20.27,72.9,0.0,-0.0,0.0,-1.35,1.17,272.0,100868.0,False,8,5,225
2011-08-13 06:00:00,20.29,73.05,83.0,263.7,47.0,-1.0,0.97,281.0,100859.0,False,8,6,225
2011-08-13 07:00:00,21.81,68.35,276.0,536.54,95.0,7.6,1.17,254.0,100849.0,False,8,7,225
2011-08-13 08:00:00,24.62,56.3,473.0,652.62,130.0,6.6,1.66,229.0,100878.0,False,8,8,225
2011-08-13 09:00:00,25.65,55.25,658.0,745.24,145.0,8.0,2.14,214.0,100859.0,False,8,9,225
2011-08-13 10:00:00,28.27,40.1,803.0,794.21,156.0,6.8,2.14,209.0,100868.0,False,8,10,225
2011-08-13 11:00:00,29.07,36.5,898.0,821.62,162.0,6.6,2.41,207.0,100809.0,False,8,11,225
2011-08-13 12:00:00,29.36,36.4,935.0,831.28,165.0,4.2,2.69,210.0,100779.0,False,8,12,225
2011-08-13 13:00:00,29.57,36.2,914.0,841.78,153.0,6.0,2.76,210.0,100719.0,False,8,13,225
2011-08-13 14:00:00,30.19,36.35,0.0,0.0,0.0,0.8,2.62,213.0,100669.0,False,8,14,225
2011-08-13 15:00:00,30.14,36.8,691.0,772.27,142.0,-0.6,2.48,215.0,100639.0,False,8,15,225
2011-08-13 16:00:00,30.26,37.25,516.0,712.28,122.0,1.4,2.14,216.0,100579.0,False,8,16,225
2011-08-13 17:00:00,28.94,43.4,312.0,570.48,102.0,-3.8,1.79,219.0,100569.0,False,8,17,225
2011-08-13 18:00:00,28.52,44.9,115.0,344.48,57.0,-3.0,1.24,224.0,100530.0,False,8,18,225
2011-08-13 19:00:00,27.9,45.55,0.0,-0.0,0.0,-6.6,0.76,227.0,100559.0,False,8,19,225
2011-08-13 20:00:00,27.22,50.15,0.0,-0.0,0.0,-3.6,0.55,236.0,100649.0,False,8,20,225
2011-08-13 21:00:00,25.4,55.75,0.0,-0.0,0.0,-3.0,0.41,276.0,100749.0,False,8,21,225
2011-08-13 22:00:00,23.46,65.05,0.0,-0.0,0.0,-1.2,0.97,302.0,100779.0,False,8,22,225
2011-08-13 23:00:00,22.94,65.1,0.0,-0.0,0.0,5.8,1.17,319.0,100759.0,False,8,23,225
2011-08-14 00:00:00,22.36,63.35,0.0,-0.0,0.0,-10.0,1.31,322.0,100759.0,False,8,0,226
2011-08-14 01:00:00,22.13,61.75,0.0,-0.0,0.0,353.05,1.24,322.0,100699.0,False,8,1,226
2011-08-14 02:00:00,21.2,62.05,0.0,-0.0,0.0,-2.75,1.03,319.0,100709.0,False,8,2,226
2011-08-14 03:00:00,20.88,55.4,0.0,-0.0,0.0,-1.6,1.17,310.0,100709.0,False,8,3,226
2011-08-14 04:00:00,20.74,52.95,0.0,-0.0,0.0,-1.6,1.31,310.0,100699.0,False,8,4,226
2011-08-14 05:00:00,20.73,50.5,0.0,-0.0,0.0,-1.35,1.1,316.0,100729.0,False,8,5,226
2011-08-14 06:00:00,20.88,48.35,84.0,298.43,44.0,-0.8,0.62,315.0,100709.0,False,8,6,226
2011-08-14 07:00:00,22.68,45.65,281.0,584.86,85.0,1.0,0.83,317.0,100769.0,False,8,7,226
2011-08-14 08:00:00,27.39,31.95,487.0,729.63,105.0,9.4,0.62,204.0,100799.0,False,8,8,226
2011-08-14 09:00:00,28.22,37.6,681.0,847.81,99.0,10.2,1.31,178.0,100829.0,False,8,9,226
2011-08-14 10:00:00,30.84,25.45,819.0,855.07,124.0,8.4,1.24,174.0,100819.0,False,8,10,226
2011-08-14 11:00:00,31.61,27.65,916.0,884.88,125.0,6.4,1.93,176.0,100829.0,False,8,11,226
2011-08-14 12:00:00,32.03,29.0,948.0,879.6,135.0,5.2,2.41,179.0,100859.0,False,8,12,226
2011-08-14 13:00:00,32.0,30.25,922.0,872.66,135.0,7.6,2.55,182.0,100799.0,False,8,13,226
2011-08-14 14:00:00,32.3,28.9,826.0,817.51,149.0,-2.75,2.41,188.0,100789.0,False,8,14,226
2011-08-14 15:00:00,32.48,29.35,688.0,772.44,141.0,7.6,2.14,188.0,100729.0,False,8,15,226
2011-08-14 16:00:00,31.67,30.3,512.0,710.8,121.0,-6.6,2.07,192.0,100699.0,False,8,16,226
2011-08-14 17:00:00,30.98,33.2,312.0,589.5,97.0,-8.6,1.93,193.0,100669.0,False,8,17,226
2011-08-14 18:00:00,30.71,32.5,111.0,333.99,56.0,-5.8,1.52,194.0,100639.0,False,8,18,226
2011-08-14 19:00:00,29.99,31.65,0.0,-0.0,0.0,-4.2,0.97,201.0,100679.0,False,8,19,226
2011-08-14 20:00:00,27.3,43.25,0.0,-0.0,0.0,-5.2,0.48,241.0,100739.0,False,8,20,226
2011-08-14 21:00:00,25.92,46.55,0.0,-0.0,0.0,-1.8,0.55,264.0,100839.0,False,8,21,226
2011-08-14 22:00:00,24.21,57.45,0.0,-0.0,0.0,-0.2,0.62,265.0,100918.0,False,8,22,226
2011-08-14 23:00:00,23.45,60.2,0.0,-0.0,0.0,-0.35,1.1,280.0,100928.0,False,8,23,226
2011-08-15 00:00:00,22.79,60.45,0.0,-0.0,0.0,-0.6,1.38,285.0,100918.0,False,8,0,227
2011-08-15 01:00:00,22.4,59.3,0.0,-0.0,0.0,362.85,1.52,295.0,100898.0,False,8,1,227
2011-08-15 02:00:00,21.52,57.65,0.0,-0.0,0.0,-2.0,1.45,305.0,100839.0,False,8,2,227
2011-08-15 03:00:00,21.75,51.5,0.0,-0.0,0.0,-2.8,1.31,313.0,100809.0,False,8,3,227
2011-08-15 04:00:00,21.74,49.05,0.0,-0.0,0.0,2.0,1.1,317.0,100809.0,False,8,4,227
2011-08-15 05:00:00,21.27,47.55,0.0,-0.0,0.0,-6.2,0.97,322.0,100839.0,False,8,5,227
2011-08-15 06:00:00,21.62,42.2,75.0,212.86,47.0,-1.2,0.69,325.0,100868.0,False,8,6,227
2011-08-15 07:00:00,24.17,37.95,269.0,510.68,99.0,3.2,0.83,343.0,100938.0,False,8,7,227
2011-08-15 08:00:00,27.75,35.95,472.0,663.46,126.0,8.0,0.76,93.0,100988.0,False,8,8,227
2011-08-15 09:00:00,28.55,37.95,558.0,423.63,268.0,9.2,1.31,132.0,101028.0,False,8,9,227
2011-08-15 10:00:00,30.72,28.85,564.0,217.04,388.0,8.4,1.66,135.0,101088.0,False,8,10,227
2011-08-15 11:00:00,31.24,32.65,743.0,424.9,364.0,7.6,2.07,150.0,101088.0,False,8,11,227
2011-08-15 12:00:00,31.07,35.85,885.0,698.31,241.0,6.2,2.34,161.0,101118.0,False,8,12,227
2011-08-15 13:00:00,31.88,35.6,895.0,793.7,181.0,3.2,2.41,168.0,101078.0,False,8,13,227
2011-08-15 14:00:00,32.69,35.05,805.0,755.82,181.0,1.15,2.34,174.0,101018.0,False,8,14,227
2011-08-15 15:00:00,32.43,33.5,677.0,742.93,153.0,-1.35,2.34,171.0,100998.0,False,8,15,227
2011-08-15 16:00:00,32.67,31.0,504.0,683.81,130.0,-2.4,2.28,178.0,100948.0,False,8,16,227
2011-08-15 17:00:00,31.33,34.0,303.0,553.64,103.0,-4.0,2.0,173.0,100938.0,False,8,17,227
2011-08-15 18:00:00,31.15,33.95,106.0,310.75,56.0,-6.6,1.66,166.0,100938.0,False,8,18,227
2011-08-15 19:00:00,30.41,35.35,0.0,-0.0,0.0,-3.4,1.1,151.0,100968.0,False,8,19,227
2011-08-15 20:00:00,28.3,44.6,0.0,-0.0,0.0,-7.0,0.76,120.0,101018.0,False,8,20,227
2011-08-15 21:00:00,25.89,50.05,0.0,-0.0,0.0,0.15,0.76,91.0,101118.0,False,8,21,227
2011-08-15 22:00:00,23.12,67.1,0.0,-0.0,0.0,8.2,0.9,70.0,101158.0,False,8,22,227
2011-08-15 23:00:00,22.59,66.85,0.0,-0.0,0.0,-4.6,0.62,38.0,101197.0,False,8,23,227
2011-08-16 00:00:00,22.55,67.35,0.0,-0.0,0.0,4.8,0.69,17.0,101227.0,False,8,0,228
2011-08-16 01:00:00,22.21,67.4,0.0,-0.0,0.0,375.65,0.48,8.0,101207.0,False,8,1,228
2011-08-16 02:00:00,21.34,70.6,0.0,-0.0,0.0,-13.4,0.41,13.0,101207.0,False,8,2,228
2011-08-16 03:00:00,20.6,70.1,0.0,-0.0,0.0,-7.8,0.69,8.0,101178.0,False,8,3,228
2011-08-16 04:00:00,20.62,68.95,0.0,-0.0,0.0,-2.6,0.76,360.0,101158.0,False,8,4,228
2011-08-16 05:00:00,20.48,68.45,0.0,-0.0,0.0,-2.0,0.69,347.0,101168.0,False,8,5,228
2011-08-16 06:00:00,20.84,65.7,80.0,294.47,42.0,-2.0,0.62,345.0,101207.0,False,8,6,228
2011-08-16 07:00:00,22.97,59.85,278.0,592.79,82.0,1.2,0.62,20.0,101227.0,False,8,7,228
2011-08-16 08:00:00,26.28,48.7,485.0,741.16,100.0,6.4,1.17,99.0,101277.0,False,8,8,228
2011-08-16 09:00:00,27.21,47.7,673.0,830.63,106.0,9.2,1.72,117.0,101307.0,False,8,9,228
2011-08-16 10:00:00,30.0,37.65,824.0,886.27,107.0,8.2,1.52,124.0,101337.0,False,8,10,228
2011-08-16 11:00:00,30.35,38.1,912.0,884.26,125.0,7.0,2.14,130.0,101297.0,False,8,11,228
2011-08-16 12:00:00,30.89,39.2,944.0,879.24,135.0,5.6,2.34,130.0,101277.0,False,8,12,228
2011-08-16 13:00:00,31.16,38.8,912.0,855.94,144.0,3.6,2.34,130.0,101207.0,False,8,13,228
2011-08-16 14:00:00,31.99,36.35,821.0,816.52,149.0,1.6,2.41,131.0,101148.0,False,8,14,228
2011-08-16 15:00:00,32.09,36.7,674.0,741.72,153.0,0.35,2.34,131.0,101118.0,False,8,15,228
2011-08-16 16:00:00,31.82,36.8,500.0,682.35,129.0,-0.75,2.28,129.0,101088.0,False,8,16,228
2011-08-16 17:00:00,30.19,40.55,296.0,531.18,106.0,-3.4,2.0,127.0,101048.0,False,8,17,228
2011-08-16 18:00:00,29.78,39.1,102.0,292.9,56.0,-4.4,1.79,120.0,101058.0,False,8,18,228
2011-08-16 19:00:00,29.9,40.65,0.0,-0.0,0.0,-3.2,1.45,105.0,101038.0,False,8,19,228
2011-08-16 20:00:00,28.44,45.45,0.0,-0.0,0.0,-4.6,1.31,79.0,101068.0,False,8,20,228
2011-08-16 21:00:00,27.0,47.3,0.0,-0.0,0.0,-4.2,1.03,65.0,101148.0,False,8,21,228
2011-08-16 22:00:00,24.76,56.6,0.0,-0.0,0.0,-3.6,0.62,75.0,101158.0,False,8,22,228
2011-08-16 23:00:00,23.92,57.85,0.0,-0.0,0.0,-3.0,0.62,50.0,101158.0,False,8,23,228
2011-08-17 00:00:00,23.41,61.15,0.0,-0.0,0.0,-3.4,0.83,27.0,101158.0,False,8,0,229
2011-08-17 01:00:00,22.87,60.3,0.0,-0.0,0.0,356.05,0.69,5.0,101098.0,False,8,1,229
2011-08-17 02:00:00,22.04,65.05,0.0,-0.0,0.0,-4.6,0.62,349.0,101048.0,False,8,2,229
2011-08-17 03:00:00,22.21,60.25,0.0,-0.0,0.0,-4.8,0.76,350.0,100988.0,False,8,3,229
2011-08-17 04:00:00,21.9,58.7,0.0,-0.0,0.0,-3.6,1.03,350.0,100968.0,False,8,4,229
2011-08-17 05:00:00,21.39,56.2,0.0,-0.0,0.0,-2.4,1.03,348.0,100968.0,False,8,5,229
2011-08-17 06:00:00,21.7,53.0,76.0,260.79,43.0,-1.35,0.83,351.0,100968.0,False,8,6,229
2011-08-17 07:00:00,24.02,44.55,263.0,499.42,99.0,5.6,1.1,12.0,100968.0,False,8,7,229
2011-08-17 08:00:00,28.01,25.25,447.0,566.32,154.0,9.8,1.17,80.0,100988.0,False,8,8,229
2011-08-17 09:00:00,29.19,28.65,628.0,661.14,178.0,11.6,1.59,117.0,101028.0,False,8,9,229
2011-08-17 10:00:00,31.28,26.4,757.0,665.38,220.0,9.0,1.79,132.0,101018.0,False,8,10,229
2011-08-17 11:00:00,31.5,28.65,861.0,729.73,213.0,6.8,2.14,138.0,101018.0,False,8,11,229
2011-08-17 12:00:00,31.76,29.75,901.0,753.85,209.0,5.0,2.34,139.0,100968.0,False,8,12,229
2011-08-17 13:00:00,32.35,29.0,870.0,733.06,214.0,3.2,2.55,136.0,100888.0,False,8,13,229
2011-08-17 14:00:00,32.75,28.4,774.0,672.88,222.0,2.55,2.55,132.0,100839.0,False,8,14,229
2011-08-17 15:00:00,32.32,30.3,645.0,647.66,192.0,2.6,1.72,135.0,100799.0,False,8,15,229
2011-08-17 16:00:00,32.68,30.3,486.0,631.01,145.0,-3.2,1.86,124.0,100749.0,False,8,16,229
2011-08-17 17:00:00,31.19,36.55,286.0,488.62,113.0,-8.8,2.0,120.0,100739.0,False,8,17,229
2011-08-17 18:00:00,30.31,38.2,97.0,274.29,55.0,-6.8,1.86,115.0,100719.0,False,8,18,229
2011-08-17 19:00:00,29.71,39.15,0.0,-0.0,0.0,-8.8,1.38,111.0,100749.0,False,8,19,229
2011-08-17 20:00:00,28.1,45.05,0.0,-0.0,0.0,-7.0,0.83,95.0,100789.0,False,8,20,229
2011-08-17 21:00:00,26.27,46.65,0.0,-0.0,0.0,-4.4,0.55,57.0,100829.0,False,8,21,229
2011-08-17 22:00:00,24.98,52.25,0.0,-0.0,0.0,-5.0,0.41,351.0,100849.0,False,8,22,229
2011-08-17 23:00:00,25.45,50.9,0.0,-0.0,0.0,-2.4,0.21,286.0,100849.0,False,8,23,229
2011-08-18 00:00:00,25.36,47.7,0.0,-0.0,0.0,-5.0,0.83,275.0,100868.0,False,8,0,230
2011-08-18 01:00:00,23.39,49.45,0.0,-0.0,0.0,344.65,0.9,353.0,100719.0,False,8,1,230
2011-08-18 02:00:00,23.66,45.15,0.0,-0.0,0.0,0.15,1.03,8.0,100589.0,False,8,2,230
2011-08-18 03:00:00,23.69,40.25,0.0,-0.0,0.0,-0.6,1.17,5.0,100510.0,False,8,3,230
2011-08-18 04:00:00,23.25,36.6,0.0,-0.0,0.0,1.2,1.31,3.0,100520.0,False,8,4,230
2011-08-18 05:00:00,22.74,35.55,0.0,-0.0,0.0,-1.8,0.97,340.0,100579.0,False,8,5,230
2011-08-18 06:00:00,23.09,31.8,75.0,266.08,42.0,-4.2,0.76,277.0,100689.0,False,8,6,230
2011-08-18 07:00:00,24.8,29.7,264.0,515.16,96.0,9.0,0.48,242.0,100729.0,False,8,7,230
2011-08-18 08:00:00,28.21,23.55,471.0,687.0,117.0,8.0,0.83,121.0,100779.0,False,8,8,230
2011-08-18 09:00:00,29.03,29.9,662.0,800.12,119.0,8.6,1.93,95.0,100799.0,False,8,9,230
2011-08-18 10:00:00,30.69,26.0,815.0,869.48,115.0,5.6,2.41,86.0,100749.0,False,8,10,230
2011-08-18 11:00:00,31.45,28.05,913.0,900.74,115.0,6.2,2.97,89.0,100759.0,False,8,11,230
2011-08-18 12:00:00,31.93,29.6,945.0,895.45,125.0,7.0,3.45,96.0,100739.0,False,8,12,230
2011-08-18 13:00:00,32.19,30.15,912.0,871.77,134.0,4.4,3.45,97.0,100709.0,False,8,13,230
2011-08-18 14:00:00,32.57,31.95,820.0,830.46,141.0,2.2,3.24,99.0,100679.0,False,8,14,230
2011-08-18 15:00:00,32.32,34.0,683.0,798.4,127.0,0.35,3.31,99.0,100629.0,False,8,15,230
2011-08-18 16:00:00,31.56,36.95,504.0,731.82,111.0,-1.75,3.38,93.0,100599.0,False,8,16,230
2011-08-18 17:00:00,29.69,43.55,293.0,545.16,102.0,-3.4,3.52,81.0,100599.0,False,8,17,230
2011-08-18 18:00:00,28.88,49.0,96.0,281.66,54.0,-3.2,3.24,78.0,100639.0,False,8,18,230
2011-08-18 19:00:00,27.96,54.0,0.0,-0.0,0.0,-18.6,2.48,75.0,100729.0,False,8,19,230
2011-08-18 20:00:00,27.19,62.3,0.0,-0.0,0.0,-2.4,2.14,63.0,100839.0,False,8,20,230
2011-08-18 21:00:00,25.9,64.75,0.0,-0.0,0.0,-3.0,2.0,45.0,100898.0,False,8,21,230
2011-08-18 22:00:00,25.01,66.45,0.0,-0.0,0.0,2.75,1.66,32.0,100948.0,False,8,22,230
2011-08-18 23:00:00,24.92,63.7,0.0,-0.0,0.0,9.8,1.52,22.0,100938.0,False,8,23,230
2011-08-19 00:00:00,25.2,60.45,0.0,-0.0,0.0,2.8,1.52,21.0,100958.0,False,8,0,231
2011-08-19 01:00:00,24.82,59.85,0.0,-0.0,0.0,358.85,1.66,26.0,100888.0,False,8,1,231
2011-08-19 02:00:00,23.93,60.7,0.0,-0.0,0.0,-2.8,1.72,29.0,100908.0,False,8,2,231
2011-08-19 03:00:00,23.42,61.4,0.0,-0.0,0.0,-4.4,1.72,23.0,100938.0,False,8,3,231
2011-08-19 04:00:00,23.54,60.0,0.0,-0.0,0.0,-1.2,1.38,16.0,101008.0,False,8,4,231
2011-08-19 05:00:00,22.81,61.05,0.0,-0.0,0.0,-1.4,1.31,20.0,101078.0,False,8,5,231
2011-08-19 06:00:00,22.95,60.45,36.0,16.46,34.0,0.0,1.38,29.0,101138.0,False,8,6,231
2011-08-19 07:00:00,24.35,55.35,250.0,441.58,107.0,2.8,2.0,40.0,101207.0,False,8,7,231
2011-08-19 08:00:00,27.33,42.1,319.0,163.69,235.0,10.8,2.55,56.0,101257.0,False,8,8,231
2011-08-19 09:00:00,28.21,42.85,646.0,741.91,144.0,11.2,2.97,67.0,101327.0,False,8,9,231
2011-08-19 10:00:00,30.68,33.75,774.0,733.45,185.0,5.2,2.76,65.0,101307.0,False,8,10,231
2011-08-19 11:00:00,31.22,34.45,848.0,702.62,227.0,9.4,2.97,82.0,101317.0,False,8,11,231
2011-08-19 12:00:00,31.72,34.05,872.0,683.11,248.0,7.2,3.38,92.0,101287.0,False,8,12,231
2011-08-19 13:00:00,32.02,35.1,695.0,329.24,402.0,1.35,3.79,94.0,101247.0,False,8,13,231
2011-08-19 14:00:00,32.27,34.35,764.0,657.81,228.0,0.6,4.07,90.0,101207.0,False,8,14,231
2011-08-19 15:00:00,31.78,38.45,643.0,659.19,186.0,-3.2,4.21,84.0,101168.0,False,8,15,231
2011-08-19 16:00:00,31.52,37.75,476.0,614.74,148.0,-1.4,3.93,75.0,101178.0,False,8,16,231
2011-08-19 17:00:00,30.25,43.6,279.0,484.75,111.0,-3.75,3.79,70.0,101168.0,False,8,17,231
2011-08-19 18:00:00,29.9,43.55,90.0,255.1,53.0,-8.8,3.72,67.0,101188.0,False,8,18,231
2011-08-19 19:00:00,29.33,45.6,0.0,-0.0,0.0,-6.0,3.38,56.0,101188.0,False,8,19,231
2011-08-19 20:00:00,27.87,52.4,0.0,-0.0,0.0,-8.0,2.9,45.0,101247.0,False,8,20,231
2011-08-19 21:00:00,27.74,50.65,0.0,-0.0,0.0,-5.2,2.55,36.0,101307.0,False,8,21,231
2011-08-19 22:00:00,25.93,54.3,0.0,-0.0,0.0,-2.35,2.41,33.0,101287.0,False,8,22,231
2011-08-19 23:00:00,25.45,51.1,0.0,-0.0,0.0,-5.4,2.14,27.0,101267.0,False,8,23,231
2011-08-20 00:00:00,25.02,48.95,0.0,-0.0,0.0,-2.75,1.79,22.0,101297.0,False,8,0,232
2011-08-20 01:00:00,24.82,46.15,0.0,-0.0,0.0,348.45,1.59,18.0,101287.0,False,8,1,232
2011-08-20 02:00:00,24.37,42.9,0.0,-0.0,0.0,-2.15,1.45,15.0,101297.0,False,8,2,232
2011-08-20 03:00:00,23.67,42.3,0.0,-0.0,0.0,-1.4,1.38,15.0,101307.0,False,8,3,232
2011-08-20 04:00:00,23.48,39.4,0.0,-0.0,0.0,-1.0,1.38,14.0,101287.0,False,8,4,232
2011-08-20 05:00:00,23.3,37.35,0.0,-0.0,0.0,-0.75,1.38,13.0,101307.0,False,8,5,232
2011-08-20 06:00:00,23.69,36.1,70.0,243.74,41.0,-0.2,1.31,14.0,101317.0,False,8,6,232
2011-08-20 07:00:00,25.29,34.8,256.0,494.49,97.0,9.2,2.0,22.0,101337.0,False,8,7,232
2011-08-20 08:00:00,27.88,28.1,466.0,684.86,116.0,5.4,2.62,51.0,101377.0,False,8,8,232
2011-08-20 09:00:00,28.73,31.4,658.0,799.01,119.0,11.2,3.31,63.0,101377.0,False,8,9,232
2011-08-20 10:00:00,32.23,20.8,807.0,852.68,124.0,6.8,3.17,64.0,101357.0,False,8,10,232
2011-08-20 11:00:00,32.63,24.05,904.0,883.53,125.0,4.6,3.93,81.0,101357.0,False,8,11,232
2011-08-20 12:00:00,32.93,26.75,935.0,878.02,135.0,4.8,4.34,85.0,101317.0,False,8,12,232
2011-08-20 13:00:00,32.63,29.75,902.0,854.22,144.0,3.8,4.34,86.0,101307.0,False,8,13,232
2011-08-20 14:00:00,32.77,31.9,814.0,828.86,141.0,6.8,4.34,86.0,101277.0,False,8,14,232
2011-08-20 15:00:00,32.69,32.05,673.0,781.07,134.0,-4.8,4.34,84.0,101227.0,False,8,15,232
2011-08-20 16:00:00,32.23,33.85,492.0,701.85,120.0,-0.6,4.28,80.0,101197.0,False,8,16,232
2011-08-20 17:00:00,30.37,37.8,285.0,539.81,100.0,-5.4,4.21,72.0,101158.0,False,8,17,232
2011-08-20 18:00:00,29.87,38.2,90.0,283.9,50.0,-6.0,3.86,62.0,101148.0,False,8,18,232
2011-08-20 19:00:00,29.21,37.95,0.0,-0.0,0.0,-11.4,3.17,46.0,101128.0,False,8,19,232
2011-08-20 20:00:00,28.32,40.25,0.0,-0.0,0.0,-7.6,2.83,36.0,101118.0,False,8,20,232
2011-08-20 21:00:00,28.07,39.35,0.0,-0.0,0.0,-7.2,2.41,29.0,101178.0,False,8,21,232
2011-08-20 22:00:00,26.04,39.7,0.0,-0.0,0.0,-3.4,2.41,31.0,101227.0,False,8,22,232
2011-08-20 23:00:00,25.52,38.05,0.0,-0.0,0.0,-3.6,2.14,28.0,101227.0,False,8,23,232
2011-08-21 00:00:00,25.21,36.55,0.0,-0.0,0.0,-2.4,1.86,24.0,101197.0,False,8,0,233
2011-08-21 01:00:00,24.67,34.45,0.0,-0.0,0.0,340.65,1.93,21.0,101148.0,False,8,1,233
2011-08-21 02:00:00,24.15,33.5,0.0,-0.0,0.0,-1.55,1.93,19.0,101088.0,False,8,2,233
2011-08-21 03:00:00,23.19,33.75,0.0,-0.0,0.0,-1.0,1.93,16.0,101048.0,False,8,3,233
2011-08-21 04:00:00,23.27,30.3,0.0,-0.0,0.0,-0.6,1.93,14.0,101048.0,False,8,4,233
2011-08-21 05:00:00,22.88,29.05,0.0,-0.0,0.0,-0.6,1.72,11.0,101068.0,False,8,5,233
2011-08-21 06:00:00,22.79,28.65,68.0,249.04,39.0,0.0,1.52,10.0,101098.0,False,8,6,233
2011-08-21 07:00:00,25.09,24.1,255.0,501.19,95.0,3.35,1.72,11.0,101188.0,False,8,7,233
2011-08-21 08:00:00,29.21,14.45,459.0,658.28,124.0,8.8,1.72,55.0,101247.0,False,8,8,233
2011-08-21 09:00:00,29.95,19.25,649.0,768.76,132.0,9.2,2.21,86.0,101307.0,False,8,9,233
2011-08-21 10:00:00,32.15,16.85,796.0,821.11,140.0,7.2,3.24,88.0,101287.0,False,8,10,233
2011-08-21 11:00:00,32.14,20.0,887.0,834.57,153.0,6.4,3.79,99.0,101297.0,False,8,11,233
2011-08-21 12:00:00,32.3,22.85,922.0,845.1,154.0,5.2,3.66,105.0,101297.0,False,8,12,233
2011-08-21 13:00:00,31.81,26.3,890.0,822.85,162.0,4.0,3.45,109.0,101267.0,False,8,13,233
2011-08-21 14:00:00,31.85,29.45,806.0,813.32,148.0,3.0,3.52,102.0,101178.0,False,8,14,233
2011-08-21 15:00:00,31.28,32.15,629.0,631.9,195.0,-0.2,3.59,96.0,101118.0,False,8,15,233
2011-08-21 16:00:00,30.51,35.85,456.0,556.58,163.0,-0.6,3.17,91.0,101088.0,False,8,16,233
2011-08-21 17:00:00,28.34,43.35,263.0,425.05,119.0,-0.75,2.28,91.0,101138.0,False,8,17,233
2011-08-21 18:00:00,27.54,45.9,81.0,219.5,51.0,-5.2,1.72,105.0,101178.0,False,8,18,233
2011-08-21 19:00:00,26.87,47.0,0.0,-0.0,0.0,-8.0,1.03,117.0,101217.0,False,8,19,233
2011-08-21 20:00:00,25.94,50.0,0.0,-0.0,0.0,3.4,0.9,102.0,101227.0,False,8,20,233
2011-08-21 21:00:00,25.18,53.35,0.0,-0.0,0.0,1.75,0.9,84.0,101247.0,False,8,21,233
2011-08-21 22:00:00,24.31,57.3,0.0,-0.0,0.0,-13.6,0.62,210.0,101267.0,False,8,22,233
2011-08-21 23:00:00,23.68,61.75,0.0,-0.0,0.0,-3.4,0.9,235.0,101287.0,False,8,23,233
2011-08-22 00:00:00,23.01,65.25,0.0,-0.0,0.0,-0.4,0.69,247.0,101237.0,False,8,0,234
2011-08-22 01:00:00,22.37,69.05,0.0,-0.0,0.0,356.65,0.9,303.0,101168.0,False,8,1,234
2011-08-22 02:00:00,22.01,70.45,0.0,-0.0,0.0,0.0,1.03,279.0,101108.0,False,8,2,234
2011-08-22 03:00:00,22.32,68.45,0.0,-0.0,0.0,-0.6,0.97,255.0,101078.0,False,8,3,234
2011-08-22 04:00:00,22.46,68.05,0.0,-0.0,0.0,-1.0,1.03,244.0,101098.0,False,8,4,234
2011-08-22 05:00:00,22.56,67.5,0.0,-0.0,0.0,5.8,0.97,264.0,101088.0,False,8,5,234
2011-08-22 06:00:00,22.19,68.9,53.0,105.35,41.0,-4.6,0.69,311.0,101118.0,False,8,6,234
2011-08-22 07:00:00,22.82,65.75,234.0,378.63,114.0,3.6,0.28,231.0,101148.0,False,8,7,234
2011-08-22 08:00:00,26.17,48.05,437.0,562.42,152.0,14.4,1.17,190.0,101197.0,False,8,8,234
2011-08-22 09:00:00,27.95,40.1,626.0,684.65,167.0,1.35,1.86,189.0,101207.0,False,8,9,234
2011-08-22 10:00:00,29.94,35.85,781.0,775.61,163.0,5.8,2.0,184.0,101188.0,False,8,10,234
2011-08-22 11:00:00,30.74,33.9,880.0,818.46,162.0,3.6,2.69,190.0,101158.0,False,8,11,234
2011-08-22 12:00:00,31.11,31.4,910.0,813.16,173.0,2.75,3.38,199.0,101138.0,False,8,12,234
2011-08-22 13:00:00,31.4,28.95,892.0,837.83,153.0,-0.35,3.59,203.0,101058.0,False,8,13,234
2011-08-22 14:00:00,32.19,24.75,808.0,827.51,141.0,-4.2,3.66,207.0,101018.0,False,8,14,234
2011-08-22 15:00:00,32.14,23.55,662.0,765.2,139.0,-1.6,3.59,210.0,100928.0,False,8,15,234
2011-08-22 16:00:00,31.81,22.85,492.0,740.32,105.0,-13.2,3.31,213.0,100918.0,False,8,16,234
2011-08-22 17:00:00,30.53,27.15,285.0,588.45,88.0,-8.4,2.9,216.0,100878.0,False,8,17,234
2011-08-22 18:00:00,29.38,30.55,87.0,317.24,45.0,-6.6,2.14,219.0,100859.0,False,8,18,234
2011-08-22 19:00:00,28.2,35.55,0.0,-0.0,0.0,-7.2,1.52,216.0,100918.0,False,8,19,234
2011-08-22 20:00:00,26.7,42.2,0.0,-0.0,0.0,-2.6,1.03,230.0,100958.0,False,8,20,234
2011-08-22 21:00:00,25.63,47.9,0.0,-0.0,0.0,0.15,1.03,262.0,101058.0,False,8,21,234
2011-08-22 22:00:00,23.35,58.1,0.0,-0.0,0.0,-0.35,1.17,297.0,101058.0,False,8,22,234
2011-08-22 23:00:00,22.58,58.25,0.0,-0.0,0.0,-2.2,1.38,299.0,101068.0,False,8,23,234
2011-08-23 00:00:00,22.27,55.65,0.0,-0.0,0.0,-2.4,1.59,307.0,101058.0,False,8,0,235
2011-08-23 01:00:00,21.98,52.15,0.0,-0.0,0.0,337.85,1.52,315.0,101008.0,False,8,1,235
2011-08-23 02:00:00,21.03,51.9,0.0,-0.0,0.0,-3.8,1.31,320.0,100998.0,False,8,2,235
2011-08-23 03:00:00,20.69,49.75,0.0,-0.0,0.0,-1.55,1.03,319.0,100988.0,False,8,3,235
2011-08-23 04:00:00,20.39,48.05,0.0,-0.0,0.0,-1.2,0.97,324.0,101018.0,False,8,4,235
2011-08-23 05:00:00,20.03,47.45,0.0,-0.0,0.0,-1.6,0.9,329.0,100998.0,False,8,5,235
2011-08-23 06:00:00,20.15,45.55,65.0,251.42,37.0,-1.75,0.69,327.0,101058.0,False,8,6,235
2011-08-23 07:00:00,21.84,44.9,252.0,505.4,93.0,4.6,0.83,333.0,101098.0,False,8,7,235
2011-08-23 08:00:00,27.07,31.5,445.0,606.47,139.0,10.2,0.41,132.0,101138.0,False,8,8,235
2011-08-23 09:00:00,27.64,35.95,638.0,739.2,144.0,12.8,1.31,150.0,101158.0,False,8,9,235
2011-08-23 10:00:00,30.07,29.3,783.0,790.31,155.0,11.4,1.86,140.0,101188.0,False,8,10,235
2011-08-23 11:00:00,30.36,30.5,883.0,834.31,153.0,10.6,2.28,156.0,101188.0,False,8,11,235
2011-08-23 12:00:00,30.43,33.7,907.0,813.19,172.0,8.6,2.69,172.0,101178.0,False,8,12,235
2011-08-23 13:00:00,30.4,33.95,879.0,806.33,170.0,9.8,2.69,182.0,101118.0,False,8,13,235
2011-08-23 14:00:00,30.88,34.65,657.0,402.26,334.0,0.75,2.62,191.0,101038.0,False,8,14,235
2011-08-23 15:00:00,31.38,33.0,608.0,580.82,213.0,-3.35,2.62,196.0,100958.0,False,8,15,235
2011-08-23 16:00:00,31.45,31.45,470.0,647.41,134.0,-3.4,2.76,199.0,100918.0,False,8,16,235
2011-08-23 17:00:00,30.11,37.95,258.0,438.46,113.0,-7.8,2.69,200.0,100918.0,False,8,17,235
2011-08-23 18:00:00,29.72,38.95,72.0,187.45,48.0,-5.0,2.34,197.0,100938.0,False,8,18,235
2011-08-23 19:00:00,28.54,43.4,0.0,-0.0,0.0,-9.0,1.93,195.0,101008.0,False,8,19,235
2011-08-23 20:00:00,27.86,47.2,0.0,-0.0,0.0,-7.8,1.52,204.0,101068.0,False,8,20,235
2011-08-23 21:00:00,26.52,49.3,0.0,-0.0,0.0,-4.6,1.38,225.0,101118.0,False,8,21,235
2011-08-23 22:00:00,24.64,56.7,0.0,-0.0,0.0,-4.6,1.31,240.0,101158.0,False,8,22,235
2011-08-23 23:00:00,23.94,55.75,0.0,-0.0,0.0,-3.8,1.38,274.0,101118.0,False,8,23,235
2011-08-24 00:00:00,23.75,53.5,0.0,-0.0,0.0,-3.0,1.93,269.0,101088.0,False,8,0,236
2011-08-24 01:00:00,23.16,50.85,0.0,-0.0,0.0,342.05,2.07,260.0,101038.0,False,8,1,236
2011-08-24 02:00:00,22.74,48.0,0.0,-0.0,0.0,-1.8,2.0,265.0,101048.0,False,8,2,236
2011-08-24 03:00:00,22.23,49.85,0.0,-0.0,0.0,-2.0,2.07,280.0,100988.0,False,8,3,236
2011-08-24 04:00:00,21.94,47.8,0.0,-0.0,0.0,-1.6,2.14,286.0,101028.0,False,8,4,236
2011-08-24 05:00:00,21.46,46.3,0.0,-0.0,0.0,-1.2,2.07,296.0,101018.0,False,8,5,236
2011-08-24 06:00:00,21.27,46.0,62.0,238.92,36.0,-1.2,1.66,308.0,101048.0,False,8,6,236
2011-08-24 07:00:00,23.43,42.7,193.0,195.34,132.0,6.2,1.66,310.0,101058.0,False,8,7,236
2011-08-24 08:00:00,27.33,29.65,408.0,455.85,179.0,8.6,1.31,250.0,101088.0,False,8,8,236
2011-08-24 09:00:00,28.94,28.75,618.0,671.04,171.0,9.4,2.21,212.0,101098.0,False,8,9,236
2011-08-24 10:00:00,32.18,20.1,772.0,759.69,170.0,6.0,2.34,195.0,101118.0,False,8,10,236
2011-08-24 11:00:00,32.63,22.05,880.0,834.25,152.0,4.8,2.97,193.0,101118.0,False,8,11,236
2011-08-24 12:00:00,32.64,23.0,905.0,812.15,173.0,4.4,3.31,194.0,101068.0,False,8,12,236
2011-08-24 13:00:00,32.94,23.55,872.0,790.67,179.0,2.8,3.66,198.0,101058.0,False,8,13,236
2011-08-24 14:00:00,33.09,21.75,793.0,795.17,157.0,1.15,3.52,204.0,100958.0,False,8,14,236
2011-08-24 15:00:00,33.1,22.5,655.0,762.65,139.0,0.6,3.59,208.0,100898.0,False,8,15,236
2011-08-24 16:00:00,32.91,22.4,474.0,683.27,122.0,-6.4,3.45,211.0,100868.0,False,8,16,236
2011-08-24 17:00:00,31.45,26.05,269.0,529.76,96.0,-4.8,3.24,216.0,100839.0,False,8,17,236
2011-08-24 18:00:00,30.95,27.65,78.0,283.13,43.0,-6.0,2.83,217.0,100849.0,False,8,18,236
2011-08-24 19:00:00,29.71,30.65,0.0,-0.0,0.0,-9.8,2.14,225.0,100878.0,False,8,19,236
2011-08-24 20:00:00,28.27,34.55,0.0,-0.0,0.0,-5.8,1.66,240.0,100908.0,False,8,20,236
2011-08-24 21:00:00,26.06,39.5,0.0,-0.0,0.0,-4.0,1.66,254.0,100968.0,False,8,21,236
2011-08-24 22:00:00,24.04,47.4,0.0,-0.0,0.0,-2.8,1.79,265.0,101028.0,False,8,22,236
2011-08-24 23:00:00,23.62,46.1,0.0,-0.0,0.0,-2.4,1.86,276.0,100988.0,False,8,23,236
2011-08-25 00:00:00,23.03,42.9,0.0,-0.0,0.0,-1.75,1.93,282.0,100948.0,False,8,0,237
2011-08-25 01:00:00,22.44,42.6,0.0,-0.0,0.0,332.85,2.0,279.0,100918.0,False,8,1,237
2011-08-25 02:00:00,21.89,42.3,0.0,-0.0,0.0,-1.6,2.07,279.0,100888.0,False,8,2,237
2011-08-25 03:00:00,21.31,41.95,0.0,-0.0,0.0,-1.6,2.21,289.0,100868.0,False,8,3,237
2011-08-25 04:00:00,21.01,38.75,0.0,-0.0,0.0,-1.35,2.21,295.0,100859.0,False,8,4,237
2011-08-25 05:00:00,20.42,37.55,0.0,-0.0,0.0,-2.0,2.14,300.0,100849.0,False,8,5,237
2011-08-25 06:00:00,19.94,34.9,62.0,263.48,34.0,-2.4,1.79,306.0,100868.0,False,8,6,237
2011-08-25 07:00:00,22.67,31.6,258.0,574.34,80.0,-2.0,1.66,306.0,100928.0,False,8,7,237
2011-08-25 08:00:00,27.89,20.85,460.0,703.81,108.0,8.0,1.38,254.0,100948.0,False,8,8,237
2011-08-25 09:00:00,28.79,22.55,599.0,608.48,195.0,10.2,2.21,217.0,100978.0,False,8,9,237
2011-08-25 10:00:00,32.21,13.15,800.0,866.88,115.0,7.2,2.34,202.0,101008.0,False,8,10,237
2011-08-25 11:00:00,32.59,15.1,902.0,914.66,106.0,5.8,3.03,201.0,100978.0,False,8,11,237
2011-08-25 12:00:00,32.77,15.35,922.0,875.7,135.0,3.8,3.79,206.0,100958.0,False,8,12,237
2011-08-25 13:00:00,32.96,15.1,898.0,884.85,125.0,1.35,4.07,212.0,100868.0,False,8,13,237
2011-08-25 14:00:00,33.27,16.25,815.0,888.75,107.0,-1.0,4.34,217.0,100799.0,False,8,14,237
2011-08-25 15:00:00,33.38,15.75,669.0,835.01,107.0,-3.2,4.07,219.0,100729.0,False,8,15,237
2011-08-25 16:00:00,33.12,15.1,490.0,788.22,87.0,-5.0,3.72,222.0,100659.0,False,8,16,237
2011-08-25 17:00:00,31.51,19.5,278.0,620.45,78.0,-5.6,3.38,226.0,100659.0,False,8,17,237
2011-08-25 18:00:00,30.96,21.5,78.0,327.37,39.0,-5.6,2.76,230.0,100619.0,False,8,18,237
2011-08-25 19:00:00,29.73,22.05,0.0,-0.0,0.0,0.75,1.79,239.0,100649.0,False,8,19,237
2011-08-25 20:00:00,27.66,27.45,0.0,-0.0,0.0,-3.0,1.72,257.0,100689.0,False,8,20,237
2011-08-25 21:00:00,26.0,30.35,0.0,-0.0,0.0,-0.6,1.72,269.0,100729.0,False,8,21,237
2011-08-25 22:00:00,24.67,40.1,0.0,-0.0,0.0,-0.75,2.07,277.0,100769.0,False,8,22,237
2011-08-25 23:00:00,23.92,38.35,0.0,-0.0,0.0,-1.2,2.14,283.0,100739.0,False,8,23,237
2011-08-26 00:00:00,23.28,37.6,0.0,-0.0,0.0,-1.6,2.14,291.0,100739.0,False,8,0,238
2011-08-26 01:00:00,22.66,37.5,0.0,-0.0,0.0,329.85,2.21,296.0,100689.0,False,8,1,238
2011-08-26 02:00:00,21.7,40.15,0.0,-0.0,0.0,-1.8,2.28,295.0,100679.0,False,8,2,238
2011-08-26 03:00:00,20.94,41.1,0.0,-0.0,0.0,-2.2,2.28,302.0,100659.0,False,8,3,238
2011-08-26 04:00:00,20.41,43.95,0.0,-0.0,0.0,-3.0,2.28,306.0,100689.0,False,8,4,238
2011-08-26 05:00:00,19.69,50.1,0.0,-0.0,0.0,-2.6,2.21,304.0,100669.0,False,8,5,238
2011-08-26 06:00:00,19.76,50.35,62.0,279.62,33.0,-2.0,2.14,308.0,100699.0,False,8,6,238
2011-08-26 07:00:00,21.65,39.95,254.0,559.23,82.0,0.2,1.86,307.0,100729.0,False,8,7,238
2011-08-26 08:00:00,26.84,29.45,460.0,717.02,103.0,6.8,1.52,272.0,100769.0,False,8,8,238
2011-08-26 09:00:00,28.51,28.9,642.0,779.77,126.0,9.8,1.86,244.0,100809.0,False,8,9,238
2011-08-26 10:00:00,30.98,19.4,789.0,835.11,131.0,8.2,1.93,229.0,100829.0,False,8,10,238
2011-08-26 11:00:00,31.74,20.55,880.0,849.23,143.0,8.0,2.34,224.0,100849.0,False,8,11,238
2011-08-26 12:00:00,32.19,21.35,915.0,859.32,145.0,6.4,2.83,218.0,100829.0,False,8,12,238
2011-08-26 13:00:00,32.29,23.1,885.0,851.08,144.0,4.4,3.24,216.0,100789.0,False,8,13,238
2011-08-26 14:00:00,32.47,24.95,790.0,809.22,148.0,2.6,3.31,220.0,100749.0,False,8,14,238
2011-08-26 15:00:00,32.21,26.5,654.0,790.23,125.0,1.55,3.1,227.0,100669.0,False,8,15,238
2011-08-26 16:00:00,32.17,28.1,478.0,745.1,100.0,0.6,2.76,233.0,100639.0,False,8,16,238
2011-08-26 17:00:00,31.04,30.3,268.0,575.35,85.0,-1.0,2.28,240.0,100639.0,False,8,17,238
2011-08-26 18:00:00,30.42,32.6,73.0,296.72,39.0,-3.0,1.66,250.0,100629.0,False,8,18,238
2011-08-26 19:00:00,29.67,34.85,0.0,-0.0,0.0,-6.8,0.9,273.0,100679.0,False,8,19,238
2011-08-26 20:00:00,28.71,37.1,0.0,-0.0,0.0,-4.6,0.97,315.0,100759.0,False,8,20,238
2011-08-26 21:00:00,26.73,38.05,0.0,-0.0,0.0,-2.6,1.17,346.0,100859.0,False,8,21,238
2011-08-26 22:00:00,24.25,37.6,0.0,-0.0,0.0,-2.35,0.97,7.0,100918.0,False,8,22,238
2011-08-26 23:00:00,23.56,39.55,0.0,-0.0,0.0,-2.0,1.45,5.0,100948.0,False,8,23,238
2011-08-27 00:00:00,22.23,42.65,0.0,-0.0,0.0,-1.75,1.72,6.0,100998.0,False,8,0,239
2011-08-27 01:00:00,21.16,44.6,0.0,-0.0,0.0,341.25,1.52,1.0,101028.0,False,8,1,239
2011-08-27 02:00:00,20.36,47.0,0.0,-0.0,0.0,-1.4,1.17,354.0,101058.0,False,8,2,239
2011-08-27 03:00:00,20.78,47.65,0.0,-0.0,0.0,-1.6,0.69,359.0,101138.0,False,8,3,239
2011-08-27 04:00:00,22.34,41.6,0.0,-0.0,0.0,-0.15,0.55,45.0,101188.0,False,8,4,239
2011-08-27 05:00:00,22.18,42.1,0.0,-0.0,0.0,-0.2,0.9,67.0,101267.0,False,8,5,239
2011-08-27 06:00:00,21.97,42.95,58.0,237.27,34.0,-1.4,1.17,49.0,101257.0,False,8,6,239
2011-08-27 07:00:00,21.19,46.5,250.0,547.19,83.0,1.4,1.24,70.0,101347.0,False,8,7,239
2011-08-27 08:00:00,25.01,35.05,456.0,702.13,108.0,4.4,2.55,84.0,101387.0,False,8,8,239
2011-08-27 09:00:00,25.7,35.3,639.0,779.39,125.0,6.2,3.03,87.0,101417.0,False,8,9,239
2011-08-27 10:00:00,27.12,35.75,791.0,850.3,123.0,7.8,3.17,86.0,101457.0,False,8,10,239
2011-08-27 11:00:00,27.64,37.9,882.0,864.37,134.0,7.2,3.31,91.0,101407.0,False,8,11,239
2011-08-27 12:00:00,28.35,39.6,902.0,827.22,163.0,7.6,3.45,95.0,101407.0,False,8,12,239
2011-08-27 13:00:00,28.69,39.4,830.0,688.06,233.0,8.6,3.45,105.0,101387.0,False,8,13,239
2011-08-27 14:00:00,28.76,42.6,791.0,824.03,140.0,16.4,3.38,105.0,101337.0,False,8,14,239
2011-08-27 15:00:00,28.08,46.85,622.0,675.94,172.0,5.2,3.66,101.0,101337.0,False,8,15,239
2011-08-27 16:00:00,27.12,52.45,451.0,627.88,135.0,-1.6,3.79,100.0,101317.0,False,8,16,239
2011-08-27 17:00:00,25.58,65.7,209.0,248.63,131.0,-7.2,3.79,93.0,101327.0,False,8,17,239
2011-08-27 18:00:00,25.17,69.6,55.0,127.3,41.0,1.8,3.79,88.0,101327.0,False,8,18,239
2011-08-27 19:00:00,24.56,72.9,0.0,-0.0,0.0,-9.6,3.24,83.0,101337.0,False,8,19,239
2011-08-27 20:00:00,24.05,77.6,0.0,-0.0,0.0,-6.4,3.17,73.0,101447.0,False,8,20,239
2011-08-27 21:00:00,23.28,78.2,0.0,-0.0,0.0,-2.2,3.03,66.0,101487.0,False,8,21,239
2011-08-27 22:00:00,22.73,82.95,0.0,-0.0,0.0,8.6,2.83,59.0,101477.0,False,8,22,239
2011-08-27 23:00:00,22.33,82.5,0.0,-0.0,0.0,-1.2,2.55,56.0,101457.0,False,8,23,239
2011-08-28 00:00:00,22.06,81.85,0.0,-0.0,0.0,-0.6,2.62,54.0,101457.0,False,8,0,240
2011-08-28 01:00:00,21.85,80.4,0.0,-0.0,0.0,389.65,2.41,51.0,101417.0,False,8,1,240
2011-08-28 02:00:00,21.77,82.7,0.0,-0.0,0.0,-3.4,2.0,56.0,101457.0,False,8,2,240
2011-08-28 03:00:00,21.43,81.15,0.0,-0.0,0.0,-7.8,2.28,62.0,101447.0,False,8,3,240
2011-08-28 04:00:00,21.36,80.55,0.0,-0.0,0.0,-9.4,2.28,61.0,101427.0,False,8,4,240
2011-08-28 05:00:00,21.01,81.1,0.0,-0.0,0.0,-0.75,2.28,56.0,101407.0,False,8,5,240
2011-08-28 06:00:00,21.25,78.6,40.0,71.01,33.0,1.35,2.21,51.0,101427.0,False,8,6,240
2011-08-28 07:00:00,21.41,77.4,97.0,6.6,95.0,17.6,2.28,54.0,101457.0,False,8,7,240
2011-08-28 08:00:00,24.0,62.05,436.0,614.16,133.0,-8.2,2.34,57.0,101487.0,False,8,8,240
2011-08-28 09:00:00,24.82,60.8,623.0,722.74,148.0,8.4,2.34,71.0,101497.0,False,8,9,240
2011-08-28 10:00:00,27.13,49.3,768.0,773.7,162.0,-3.4,2.14,76.0,101467.0,False,8,10,240
2011-08-28 11:00:00,27.63,48.45,856.0,785.77,178.0,7.6,2.41,101.0,101487.0,False,8,11,240
2011-08-28 12:00:00,28.13,47.95,884.0,780.38,189.0,-1.35,2.69,108.0,101427.0,False,8,12,240
2011-08-28 13:00:00,28.38,47.35,855.0,772.62,187.0,5.6,2.9,112.0,101387.0,False,8,13,240
2011-08-28 14:00:00,27.94,51.6,766.0,748.78,177.0,4.6,3.1,110.0,101347.0,False,8,14,240
2011-08-28 15:00:00,27.97,52.35,633.0,729.63,150.0,-8.4,1.66,118.0,101387.0,False,8,15,240
2011-08-28 16:00:00,28.39,50.8,460.0,687.12,117.0,3.2,1.59,95.0,101307.0,False,8,16,240
2011-08-28 17:00:00,26.83,57.8,250.0,494.64,97.0,-2.6,1.31,99.0,101267.0,False,8,17,240
2011-08-28 18:00:00,26.19,60.0,60.0,208.9,38.0,-9.6,1.72,117.0,101297.0,False,8,18,240
2011-08-28 19:00:00,25.33,62.5,0.0,-0.0,0.0,-10.8,1.66,130.0,101357.0,False,8,19,240
2011-08-28 20:00:00,24.67,68.2,0.0,-0.0,0.0,-3.6,1.03,148.0,101437.0,False,8,20,240
2011-08-28 21:00:00,23.93,69.4,0.0,-0.0,0.0,-2.0,0.28,354.0,101467.0,False,8,21,240
2011-08-28 22:00:00,23.67,74.45,0.0,-0.0,0.0,-3.6,1.1,210.0,101526.0,False,8,22,240
2011-08-28 23:00:00,22.83,76.55,0.0,-0.0,0.0,-1.6,0.97,202.0,101497.0,False,8,23,240
2011-08-29 00:00:00,22.25,79.75,0.0,-0.0,0.0,-2.35,0.69,222.0,101477.0,False,8,0,241
2011-08-29 01:00:00,21.67,81.2,0.0,-0.0,0.0,356.45,0.83,288.0,101407.0,False,8,1,241
2011-08-29 02:00:00,20.9,84.4,0.0,-0.0,0.0,-2.8,1.1,304.0,101337.0,False,8,2,241
2011-08-29 03:00:00,21.06,84.65,0.0,-0.0,0.0,-2.6,1.24,304.0,101277.0,False,8,3,241
2011-08-29 04:00:00,20.65,83.9,0.0,-0.0,0.0,-2.0,1.38,293.0,101227.0,False,8,4,241
2011-08-29 05:00:00,20.28,83.3,0.0,-0.0,0.0,-1.6,1.38,294.0,101207.0,False,8,5,241
2011-08-29 06:00:00,20.67,81.25,38.0,62.49,32.0,2.6,1.31,300.0,101217.0,False,8,6,241
2011-08-29 07:00:00,21.76,75.35,160.0,109.85,127.0,-3.8,0.97,288.0,101217.0,False,8,7,241
2011-08-29 08:00:00,24.91,59.7,285.0,122.19,225.0,7.6,0.97,227.0,101257.0,False,8,8,241
2011-08-29 09:00:00,25.15,60.65,635.0,778.72,125.0,10.0,1.72,201.0,101267.0,False,8,9,241
2011-08-29 10:00:00,28.53,43.55,618.0,359.86,337.0,12.8,1.52,206.0,101257.0,False,8,10,241
2011-08-29 11:00:00,28.04,44.0,755.0,509.14,317.0,16.0,1.72,182.0,101227.0,False,8,11,241
2011-08-29 12:00:00,28.59,42.1,896.0,825.66,163.0,-2.35,2.55,183.0,101277.0,False,8,12,241
2011-08-29 13:00:00,28.46,42.3,381.0,20.89,363.0,-0.8,2.62,193.0,101247.0,False,8,13,241
2011-08-29 14:00:00,27.62,44.3,775.0,791.68,155.0,-3.4,1.93,223.0,101168.0,False,8,14,241
2011-08-29 15:00:00,28.59,39.15,636.0,756.65,138.0,8.6,1.52,227.0,101118.0,False,8,15,241
2011-08-29 16:00:00,29.21,33.0,440.0,612.09,137.0,1.2,2.62,227.0,101088.0,False,8,16,241
2011-08-29 17:00:00,28.16,38.5,248.0,511.73,92.0,-9.8,1.66,234.0,101028.0,False,8,17,241
2011-08-29 18:00:00,27.54,39.55,61.0,258.46,35.0,-5.0,1.45,210.0,100958.0,False,8,18,241
2011-08-29 19:00:00,26.5,42.5,0.0,-0.0,0.0,-18.4,0.83,201.0,101008.0,False,8,19,241
2011-08-29 20:00:00,25.66,45.65,0.0,-0.0,0.0,-9.6,1.03,198.0,101138.0,False,8,20,241
2011-08-29 21:00:00,25.24,45.35,0.0,-0.0,0.0,-0.35,1.1,224.0,101207.0,False,8,21,241
2011-08-29 22:00:00,23.12,54.55,0.0,-0.0,0.0,7.0,0.69,344.0,101217.0,False,8,22,241
2011-08-29 23:00:00,23.29,49.3,0.0,-0.0,0.0,1.2,0.69,323.0,101148.0,False,8,23,241
2011-08-30 00:00:00,22.59,47.55,0.0,-0.0,0.0,-4.8,0.76,313.0,101128.0,False,8,0,242
2011-08-30 01:00:00,22.17,47.85,0.0,-0.0,0.0,352.05,1.59,250.0,101118.0,False,8,1,242
2011-08-30 02:00:00,21.73,46.85,0.0,-0.0,0.0,-2.15,1.38,270.0,101058.0,False,8,2,242
2011-08-30 03:00:00,21.64,45.7,0.0,-0.0,0.0,-2.6,1.59,282.0,101008.0,False,8,3,242
2011-08-30 04:00:00,21.42,44.6,0.0,-0.0,0.0,-2.0,1.66,277.0,100998.0,False,8,4,242
2011-08-30 05:00:00,21.31,45.25,0.0,-0.0,0.0,-1.55,1.79,272.0,100968.0,False,8,5,242
2011-08-30 06:00:00,21.51,45.8,50.0,192.65,32.0,-1.2,1.79,274.0,100988.0,False,8,6,242
2011-08-30 07:00:00,22.61,44.95,235.0,483.21,91.0,4.6,2.07,271.0,100998.0,False,8,7,242
2011-08-30 08:00:00,26.27,36.7,429.0,599.52,136.0,6.0,2.28,246.0,101018.0,False,8,8,242
2011-08-30 09:00:00,27.13,39.9,615.0,707.95,153.0,6.8,2.69,236.0,101048.0,False,8,9,242
2011-08-30 10:00:00,29.94,29.85,759.0,757.94,169.0,4.6,2.62,234.0,101048.0,False,8,10,242
2011-08-30 11:00:00,30.24,29.5,860.0,816.17,160.0,2.35,3.03,217.0,101018.0,False,8,11,242
2011-08-30 12:00:00,30.41,30.2,883.0,794.44,180.0,0.0,3.52,212.0,100988.0,False,8,12,242
2011-08-30 13:00:00,30.62,29.2,863.0,817.92,161.0,-1.6,3.72,212.0,100918.0,False,8,13,242
2011-08-30 14:00:00,31.09,26.6,772.0,791.41,155.0,-1.35,3.72,214.0,100829.0,False,8,14,242
2011-08-30 15:00:00,31.36,23.7,635.0,770.32,131.0,-3.4,3.52,215.0,100779.0,False,8,15,242
2011-08-30 16:00:00,31.36,24.3,456.0,709.05,108.0,-3.6,3.24,219.0,100709.0,False,8,16,242
2011-08-30 17:00:00,29.98,21.35,249.0,549.42,84.0,-5.2,2.9,223.0,100669.0,False,8,17,242
2011-08-30 18:00:00,29.67,22.15,55.0,219.16,34.0,1.2,2.28,229.0,100629.0,False,8,18,242
2011-08-30 19:00:00,28.5,24.15,0.0,-0.0,0.0,-8.4,1.31,244.0,100609.0,False,8,19,242
2011-08-30 20:00:00,26.96,32.3,0.0,-0.0,0.0,-2.6,1.38,268.0,100669.0,False,8,20,242
2011-08-30 21:00:00,25.05,34.9,0.0,-0.0,0.0,-1.0,1.79,276.0,100699.0,False,8,21,242
2011-08-30 22:00:00,23.54,45.65,0.0,-0.0,0.0,-2.0,1.38,298.0,100739.0,False,8,22,242
2011-08-30 23:00:00,22.47,43.3,0.0,-0.0,0.0,-1.75,1.31,317.0,100719.0,False,8,23,242
2011-08-31 00:00:00,22.02,42.3,0.0,-0.0,0.0,-0.8,1.31,319.0,100719.0,False,8,0,243
2011-08-31 01:00:00,20.67,43.55,0.0,-0.0,0.0,332.25,1.17,316.0,100689.0,False,8,1,243
2011-08-31 02:00:00,19.58,45.15,0.0,-0.0,0.0,-2.4,1.17,315.0,100679.0,False,8,2,243
2011-08-31 03:00:00,19.86,45.45,0.0,-0.0,0.0,-3.8,1.17,317.0,100639.0,False,8,3,243
2011-08-31 04:00:00,19.22,44.9,0.0,-0.0,0.0,-1.75,1.24,314.0,100639.0,False,8,4,243
2011-08-31 05:00:00,19.04,44.5,0.0,-0.0,0.0,-2.8,1.38,315.0,100639.0,False,8,5,243
2011-08-31 06:00:00,19.12,42.7,46.0,176.12,30.0,-1.6,1.17,317.0,100619.0,False,8,6,243
2011-08-31 07:00:00,21.16,39.85,243.0,558.21,78.0,0.2,1.24,314.0,100679.0,False,8,7,243
2011-08-31 08:00:00,25.37,37.0,449.0,711.37,103.0,8.8,1.17,226.0,100709.0,False,8,8,243
2011-08-31 09:00:00,26.52,33.8,620.0,733.59,143.0,6.6,2.14,205.0,100769.0,False,8,9,243
2011-08-31 10:00:00,28.94,24.85,765.0,786.13,155.0,10.8,2.55,197.0,100789.0,False,8,10,243
2011-08-31 11:00:00,28.96,23.9,843.0,769.59,185.0,1.55,3.1,201.0,100779.0,False,8,11,243
2011-08-31 12:00:00,30.07,20.5,890.0,825.43,162.0,0.6,3.86,206.0,100729.0,False,8,12,243
2011-08-31 13:00:00,30.07,19.6,869.0,849.09,143.0,-1.0,4.14,210.0,100649.0,False,8,13,243
2011-08-31 14:00:00,30.26,19.85,780.0,836.32,131.0,-1.15,4.34,213.0,100559.0,False,8,14,243
2011-08-31 15:00:00,30.69,18.25,634.0,782.68,125.0,-2.2,4.34,216.0,100490.0,False,8,15,243
2011-08-31 16:00:00,28.57,15.03,459.0,748.19,95.0,7.59,3.09,218.0,100460.0,False,8,16,243
2011-08-31 17:00:00,27.95,19.67,247.0,564.71,80.0,9.31,2.95,221.0,100420.0,False,8,17,243
2011-08-31 18:00:00,27.33,24.31,31.0,0.0,31.0,11.04,2.81,224.0,100440.0,False,8,18,243
2011-08-31 19:00:00,26.71,28.95,0.0,-0.0,0.0,12.76,2.68,238.0,100430.0,False,8,19,243
2011-08-31 20:00:00,26.09,33.59,0.0,-0.0,0.0,14.49,2.54,259.0,100440.0,False,8,20,243
2011-08-31 21:00:00,25.47,38.23,0.0,-0.0,0.0,16.21,2.4,260.0,100520.0,False,8,21,243
2011-08-31 22:00:00,24.85,42.87,0.0,-0.0,0.0,17.94,2.26,244.0,100579.0,False,8,22,243
2011-08-31 23:00:00,24.22,47.51,0.0,-0.0,0.0,19.66,2.12,250.0,100599.0,False,8,23,243
2018-09-01 00:00:00,23.6,52.15,0.0,-0.0,0.0,21.38,1.99,40.0,101287.0,False,9,0,244
2018-09-01 01:00:00,22.98,56.79,0.0,-0.0,0.0,23.11,1.85,31.0,101277.0,False,9,1,244
2018-09-01 02:00:00,22.36,61.43,0.0,-0.0,0.0,24.83,1.71,25.0,101267.0,False,9,2,244
2018-09-01 03:00:00,21.74,66.07,0.0,-0.0,0.0,26.56,1.57,22.0,101247.0,False,9,3,244
2018-09-01 04:00:00,21.12,70.71,0.0,-0.0,0.0,28.28,1.44,24.0,101227.0,False,9,4,244
2018-09-01 05:00:00,20.5,75.35,0.0,-0.0,0.0,30.0,1.3,23.0,101217.0,False,9,5,244
2018-09-01 06:00:00,19.87,79.98,40.0,113.3,30.0,31.73,1.16,21.0,101257.0,False,9,6,244
2018-09-01 07:00:00,19.25,84.62,210.0,354.76,106.0,33.45,1.02,32.0,101297.0,False,9,7,244
2018-09-01 08:00:00,25.67,43.7,399.0,489.66,162.0,5.6,2.62,51.0,101337.0,False,9,8,244
2018-09-01 09:00:00,26.91,42.9,610.0,719.32,144.0,11.8,3.03,67.0,101367.0,False,9,9,244
2018-09-01 10:00:00,28.79,35.95,704.0,607.68,234.0,4.6,2.62,73.0,101367.0,False,9,10,244
2018-09-01 11:00:00,29.69,36.3,789.0,630.07,252.0,5.6,3.03,89.0,101357.0,False,9,11,244
2018-09-01 12:00:00,30.3,36.75,881.0,823.68,157.0,7.2,3.38,96.0,101307.0,False,9,12,244
2018-09-01 13:00:00,30.74,37.0,809.0,684.49,226.0,1.15,3.45,98.0,101267.0,False,9,13,244
2018-09-01 14:00:00,30.86,37.4,730.0,688.79,198.0,5.8,3.38,100.0,101237.0,False,9,14,244
2018-09-01 15:00:00,30.45,38.25,589.0,632.82,180.0,-1.6,3.31,100.0,101188.0,False,9,15,244
2018-09-01 16:00:00,29.61,40.85,422.0,593.17,136.0,-6.4,3.1,93.0,101148.0,False,9,16,244
2018-09-01 17:00:00,28.26,47.35,223.0,429.43,98.0,-1.6,3.03,89.0,101138.0,False,9,17,244
2018-09-01 18:00:00,27.21,51.3,31.0,0.0,31.0,-2.0,2.69,83.0,101148.0,False,9,18,244
2018-09-01 19:00:00,26.82,53.85,0.0,-0.0,0.0,-11.6,2.34,69.0,101148.0,False,9,19,244
2018-09-01 20:00:00,25.88,58.65,0.0,-0.0,0.0,-4.6,1.86,58.0,101237.0,False,9,20,244
2018-09-01 21:00:00,24.61,64.3,0.0,-0.0,0.0,-4.0,1.45,49.0,101267.0,False,9,21,244
2018-09-01 22:00:00,23.48,68.2,0.0,-0.0,0.0,3.8,1.24,54.0,101317.0,False,9,22,244
2018-09-01 23:00:00,22.87,68.7,0.0,-0.0,0.0,-3.2,1.31,44.0,101307.0,False,9,23,244
2018-09-02 00:00:00,22.28,70.3,0.0,-0.0,0.0,-8.0,1.03,33.0,101317.0,False,9,0,245
2018-09-02 01:00:00,21.42,70.75,0.0,-0.0,0.0,345.85,0.9,22.0,101297.0,False,9,1,245
2018-09-02 02:00:00,21.13,71.45,0.0,-0.0,0.0,-2.4,0.9,14.0,101287.0,False,9,2,245
2018-09-02 03:00:00,20.41,70.1,0.0,-0.0,0.0,-4.0,0.9,7.0,101237.0,False,9,3,245
2018-09-02 04:00:00,20.14,67.6,0.0,-0.0,0.0,-2.8,0.97,359.0,101227.0,False,9,4,245
2018-09-02 05:00:00,19.34,68.5,0.0,-0.0,0.0,2.2,0.97,351.0,101207.0,False,9,5,245
2018-09-02 06:00:00,19.25,67.0,33.0,70.04,27.0,-0.2,0.83,347.0,101247.0,False,9,6,245
2018-09-02 07:00:00,21.13,57.85,207.0,350.87,105.0,18.6,0.97,3.0,101257.0,False,9,7,245
2018-09-02 08:00:00,25.84,34.35,392.0,481.7,160.0,2.4,1.1,83.0,101307.0,False,9,8,245
2018-09-02 09:00:00,26.97,35.5,559.0,548.49,205.0,2.2,1.79,107.0,101317.0,False,9,9,245
2018-09-02 10:00:00,29.27,30.05,691.0,587.64,238.0,7.6,1.45,118.0,101337.0,False,9,10,245
2018-09-02 11:00:00,29.86,32.4,816.0,729.83,196.0,7.8,2.21,122.0,101277.0,False,9,11,245
2018-09-02 12:00:00,30.61,33.8,833.0,697.54,222.0,7.4,2.34,122.0,101197.0,False,9,12,245
2018-09-02 13:00:00,31.19,34.4,781.0,623.56,252.0,2.55,2.41,128.0,101158.0,False,9,13,245
2018-09-02 14:00:00,31.48,35.35,696.0,602.36,233.0,10.0,2.21,133.0,101098.0,False,9,14,245
2018-09-02 15:00:00,30.56,36.15,586.0,646.18,171.0,5.4,1.38,122.0,101048.0,False,9,15,245
2018-09-02 16:00:00,30.55,36.0,372.0,399.79,181.0,-9.4,0.41,52.0,101018.0,False,9,16,245
2018-09-02 17:00:00,30.57,37.6,210.0,373.63,103.0,1.75,1.59,133.0,100958.0,False,9,17,245
2018-09-02 18:00:00,29.06,43.6,28.0,0.0,28.0,-14.6,1.45,173.0,100968.0,False,9,18,245
2018-09-02 19:00:00,27.95,45.0,0.0,-0.0,0.0,-15.4,0.97,160.0,101018.0,False,9,19,245
2018-09-02 20:00:00,27.26,48.75,0.0,-0.0,0.0,-3.0,0.9,120.0,101058.0,False,9,20,245
2018-09-02 21:00:00,25.77,53.85,0.0,-0.0,0.0,-4.0,0.34,89.0,101068.0,False,9,21,245
2018-09-02 22:00:00,25.14,59.2,0.0,-0.0,0.0,-4.4,1.1,252.0,101088.0,False,9,22,245
2018-09-02 23:00:00,24.83,59.35,0.0,-0.0,0.0,-0.35,1.03,270.0,101008.0,False,9,23,245
2018-09-03 00:00:00,24.56,60.05,0.0,-0.0,0.0,-4.0,0.97,303.0,100988.0,False,9,0,246
2018-09-03 01:00:00,24.41,59.95,0.0,-0.0,0.0,349.45,0.76,335.0,100898.0,False,9,1,246
2018-09-03 02:00:00,23.61,59.85,0.0,-0.0,0.0,1.4,0.76,291.0,100878.0,False,9,2,246
2018-09-03 03:00:00,22.99,63.2,0.0,-0.0,0.0,-5.2,1.24,267.0,100888.0,False,9,3,246
2018-09-03 04:00:00,22.48,64.15,0.0,-0.0,0.0,0.0,0.76,295.0,100829.0,False,9,4,246
2018-09-03 05:00:00,22.25,64.55,0.0,-0.0,0.0,1.75,0.41,315.0,100799.0,False,9,5,246
2018-09-03 06:00:00,22.05,64.0,20.0,12.04,19.0,7.0,0.9,301.0,100849.0,False,9,6,246
2018-09-03 07:00:00,23.62,57.85,182.0,228.97,116.0,6.8,0.97,267.0,100928.0,False,9,7,246
2018-09-03 08:00:00,26.8,50.6,288.0,152.33,215.0,27.8,0.9,209.0,100958.0,False,9,8,246
2018-09-03 09:00:00,27.3,52.35,444.0,236.41,292.0,11.8,0.97,185.0,101008.0,False,9,9,246
2018-09-03 10:00:00,27.48,50.25,687.0,584.42,238.0,-4.2,0.97,202.0,100988.0,False,9,10,246
2018-09-03 11:00:00,28.52,48.55,811.0,726.35,196.0,3.6,2.07,155.0,100968.0,False,9,11,246
2018-09-03 12:00:00,29.1,48.3,795.0,601.48,270.0,-1.6,2.41,168.0,100908.0,False,9,12,246
2018-09-03 13:00:00,29.54,45.8,761.0,582.3,269.0,4.6,2.14,186.0,100908.0,False,9,13,246
2018-09-03 14:00:00,29.21,46.9,666.0,526.89,263.0,-6.8,2.21,180.0,100859.0,False,9,14,246
2018-09-03 15:00:00,29.8,43.55,570.0,606.49,183.0,-0.75,1.38,156.0,100739.0,False,9,15,246
2018-09-03 16:00:00,29.68,43.2,405.0,566.26,137.0,-5.0,1.31,186.0,100719.0,False,9,16,246
2018-09-03 17:00:00,28.21,48.9,211.0,408.34,96.0,-5.0,2.14,170.0,100749.0,False,9,17,246
2018-09-03 18:00:00,27.33,51.95,26.0,0.0,26.0,-5.8,2.28,161.0,100809.0,False,9,18,246
2018-09-03 19:00:00,26.26,57.0,0.0,-0.0,0.0,-7.2,1.93,165.0,100878.0,False,9,19,246
2018-09-03 20:00:00,24.82,64.45,0.0,-0.0,0.0,-3.6,1.38,179.0,100938.0,False,9,20,246
2018-09-03 21:00:00,23.6,68.4,0.0,-0.0,0.0,-5.8,0.76,209.0,100948.0,False,9,21,246
2018-09-03 22:00:00,22.77,79.5,0.0,-0.0,0.0,-5.8,0.48,254.0,100978.0,False,9,22,246
2018-09-03 23:00:00,22.37,78.5,0.0,-0.0,0.0,-2.0,0.21,232.0,100958.0,False,9,23,246
2018-09-04 00:00:00,22.23,75.9,0.0,-0.0,0.0,-4.2,0.21,262.0,100948.0,False,9,0,247
2018-09-04 01:00:00,22.21,71.2,0.0,-0.0,0.0,351.65,0.83,266.0,100868.0,False,9,1,247
2018-09-04 02:00:00,21.7,67.95,0.0,-0.0,0.0,2.0,1.17,262.0,100849.0,False,9,2,247
2018-09-04 03:00:00,21.11,65.95,0.0,-0.0,0.0,-11.4,1.24,266.0,100809.0,False,9,3,247
2018-09-04 04:00:00,21.22,63.95,0.0,-0.0,0.0,0.2,1.45,269.0,100819.0,False,9,4,247
2018-09-04 05:00:00,21.02,63.0,0.0,-0.0,0.0,-3.6,1.52,279.0,100809.0,False,9,5,247
2018-09-04 06:00:00,20.61,62.4,36.0,124.29,26.0,-6.4,1.24,300.0,100829.0,False,9,6,247
2018-09-04 07:00:00,22.61,53.7,205.0,363.93,101.0,14.8,0.9,293.0,100898.0,False,9,7,247
2018-09-04 08:00:00,25.85,36.3,398.0,522.26,149.0,7.2,1.24,232.0,100918.0,False,9,8,247
2018-09-04 09:00:00,27.25,31.0,608.0,749.47,128.0,-1.0,2.0,213.0,100938.0,False,9,9,247
2018-09-04 10:00:00,28.44,27.65,723.0,703.98,184.0,3.6,1.79,195.0,100938.0,False,9,10,247
2018-09-04 11:00:00,29.04,27.35,825.0,773.84,172.0,2.8,2.83,195.0,100908.0,False,9,11,247
2018-09-04 12:00:00,29.9,25.9,842.0,738.19,200.0,-0.2,3.52,197.0,100859.0,False,9,12,247
2018-09-04 13:00:00,30.64,25.55,802.0,703.55,210.0,3.4,3.86,202.0,100819.0,False,9,13,247
2018-09-04 14:00:00,30.76,24.25,733.0,747.68,164.0,-1.2,3.93,207.0,100779.0,False,9,14,247
2018-09-04 15:00:00,30.48,25.65,604.0,752.48,127.0,-2.35,4.0,210.0,100729.0,False,9,15,247
2018-09-04 16:00:00,29.89,26.3,421.0,663.46,110.0,-4.6,3.79,213.0,100709.0,False,9,16,247
2018-09-04 17:00:00,28.51,31.2,218.0,487.67,83.0,-5.0,3.52,216.0,100709.0,False,9,17,247
2018-09-04 18:00:00,27.21,34.45,25.0,0.0,25.0,-4.4,2.9,214.0,100729.0,False,9,18,247
2018-09-04 19:00:00,26.37,37.7,0.0,-0.0,0.0,-5.8,2.21,220.0,100779.0,False,9,19,247
2018-09-04 20:00:00,25.25,42.1,0.0,-0.0,0.0,-6.6,1.86,232.0,100839.0,False,9,20,247
2018-09-04 21:00:00,23.54,44.9,0.0,-0.0,0.0,-4.2,1.93,239.0,100918.0,False,9,21,247
2018-09-04 22:00:00,22.11,49.05,0.0,-0.0,0.0,-3.6,2.07,239.0,100948.0,False,9,22,247
2018-09-04 23:00:00,21.59,49.3,0.0,-0.0,0.0,-2.8,1.79,258.0,100938.0,False,9,23,247
2018-09-05 00:00:00,21.15,46.85,0.0,-0.0,0.0,-2.35,1.86,272.0,100958.0,False,9,0,248
2018-09-05 01:00:00,20.63,45.2,0.0,-0.0,0.0,318.45,2.0,283.0,100938.0,False,9,1,248
2018-09-05 02:00:00,19.4,46.1,0.0,-0.0,0.0,-1.8,2.0,291.0,100918.0,False,9,2,248
2018-09-05 03:00:00,19.04,44.8,0.0,-0.0,0.0,-2.4,2.0,296.0,100938.0,False,9,3,248
2018-09-05 04:00:00,18.49,43.3,0.0,-0.0,0.0,-2.0,1.93,299.0,100968.0,False,9,4,248
2018-09-05 05:00:00,18.15,43.4,0.0,-0.0,0.0,-1.75,1.93,302.0,100968.0,False,9,5,248
2018-09-05 06:00:00,18.09,42.8,21.0,12.85,20.0,-1.0,1.86,304.0,101008.0,False,9,6,248
2018-09-05 07:00:00,20.53,40.05,210.0,377.72,103.0,3.8,1.52,301.0,101088.0,False,9,7,248
2018-09-05 08:00:00,23.97,37.55,431.0,651.48,122.0,6.8,1.52,245.0,101128.0,False,9,8,248
2018-09-05 09:00:00,25.41,35.9,645.0,868.44,91.0,9.0,2.28,220.0,101138.0,False,9,9,248
2018-09-05 10:00:00,27.42,27.0,751.0,753.63,176.0,6.8,2.34,214.0,101138.0,False,9,10,248
2018-09-05 11:00:00,28.26,27.05,898.0,976.3,77.0,5.0,3.31,208.0,101138.0,False,9,11,248
2018-09-05 12:00:00,28.99,25.8,862.0,757.08,206.0,3.2,4.07,208.0,101098.0,False,9,12,248
2018-09-05 13:00:00,29.23,25.45,854.0,827.07,161.0,1.0,4.28,211.0,101038.0,False,9,13,248
2018-09-05 14:00:00,29.15,24.75,751.0,770.02,168.0,-1.0,4.34,214.0,100968.0,False,9,14,248
2018-09-05 15:00:00,29.19,24.8,620.0,779.8,129.0,-2.2,4.14,217.0,100918.0,False,9,15,248
2018-09-05 16:00:00,29.07,24.85,439.0,732.48,99.0,-2.8,3.93,221.0,100859.0,False,9,16,248
2018-09-05 17:00:00,28.23,25.8,229.0,562.55,76.0,-3.8,3.59,226.0,100829.0,False,9,17,248
2018-09-05 18:00:00,26.88,29.45,21.0,0.0,21.0,-4.2,2.9,233.0,100799.0,False,9,18,248
2018-09-05 19:00:00,25.56,34.75,0.0,-0.0,0.0,1.4,2.28,244.0,100819.0,False,9,19,248
2018-09-05 20:00:00,24.43,40.65,0.0,-0.0,0.0,-1.8,1.66,259.0,100878.0,False,9,20,248
2018-09-05 21:00:00,22.86,42.0,0.0,-0.0,0.0,0.0,1.72,275.0,100898.0,False,9,21,248
2018-09-05 22:00:00,22.06,47.55,0.0,-0.0,0.0,-0.6,1.59,272.0,100978.0,False,9,22,248
2018-09-05 23:00:00,21.06,47.75,0.0,-0.0,0.0,-1.0,1.72,286.0,100948.0,False,9,23,248
2018-09-06 00:00:00,20.33,48.3,0.0,-0.0,0.0,-1.8,1.59,297.0,100938.0,False,9,0,249
2018-09-06 01:00:00,19.26,48.85,0.0,-0.0,0.0,324.25,1.79,311.0,100908.0,False,9,1,249
2018-09-06 02:00:00,18.04,53.5,0.0,-0.0,0.0,-3.2,1.86,318.0,100878.0,False,9,2,249
2018-09-06 03:00:00,17.46,53.5,0.0,-0.0,0.0,-2.6,1.79,324.0,100868.0,False,9,3,249
2018-09-06 04:00:00,17.28,56.15,0.0,-0.0,0.0,-2.35,1.66,327.0,100888.0,False,9,4,249
2018-09-06 05:00:00,17.16,56.9,0.0,-0.0,0.0,-1.8,1.52,328.0,100868.0,False,9,5,249
2018-09-06 06:00:00,17.06,59.55,35.0,132.93,25.0,-2.0,1.24,330.0,100918.0,False,9,6,249
2018-09-06 07:00:00,18.8,56.5,220.0,452.33,93.0,2.2,1.59,333.0,100968.0,False,9,7,249
2018-09-06 08:00:00,23.07,44.0,425.0,621.0,132.0,7.6,0.48,330.0,101018.0,False,9,8,249
2018-09-06 09:00:00,24.53,44.8,621.0,755.47,141.0,10.8,0.76,190.0,101018.0,False,9,9,249
2018-09-06 10:00:00,26.48,36.6,703.0,597.17,249.0,7.8,1.03,181.0,101028.0,False,9,10,249
2018-09-06 11:00:00,27.48,35.15,850.0,801.94,178.0,6.2,1.86,194.0,101028.0,False,9,11,249
2018-09-06 12:00:00,28.45,32.75,807.0,598.92,290.0,3.8,2.48,198.0,100968.0,False,9,12,249
2018-09-06 13:00:00,28.81,31.2,800.0,659.24,250.0,1.75,3.1,201.0,100938.0,False,9,13,249
2018-09-06 14:00:00,28.67,31.15,715.0,650.59,225.0,0.4,3.17,203.0,100888.0,False,9,14,249
2018-09-06 15:00:00,28.73,30.8,583.0,636.46,185.0,-3.0,3.03,207.0,100839.0,False,9,15,249
2018-09-06 16:00:00,28.26,32.0,278.0,134.92,216.0,-3.0,2.69,212.0,100809.0,False,9,16,249
2018-09-06 17:00:00,26.84,34.45,94.0,11.23,91.0,-1.35,2.34,218.0,100809.0,False,9,17,249
2018-09-06 18:00:00,26.16,35.0,20.0,0.0,20.0,0.0,1.86,225.0,100819.0,False,9,18,249
2018-09-06 19:00:00,25.81,37.15,0.0,-0.0,0.0,17.4,1.38,227.0,100849.0,False,9,19,249
2018-09-06 20:00:00,24.36,42.15,0.0,-0.0,0.0,-2.6,0.76,228.0,100898.0,False,9,20,249
2018-09-06 21:00:00,23.35,45.8,0.0,-0.0,0.0,3.4,0.76,225.0,100958.0,False,9,21,249
2018-09-06 22:00:00,23.52,49.15,0.0,-0.0,0.0,3.15,0.62,184.0,100978.0,False,9,22,249
2018-09-06 23:00:00,22.46,54.1,0.0,-0.0,0.0,3.0,0.62,221.0,101008.0,False,9,23,249
2018-09-07 00:00:00,22.48,57.4,0.0,-0.0,0.0,0.4,0.83,230.0,100998.0,False,9,0,250
2018-09-07 01:00:00,21.96,62.0,0.0,-0.0,0.0,372.85,0.97,219.0,100998.0,False,9,1,250
2018-09-07 02:00:00,20.17,67.6,0.0,-0.0,0.0,-4.2,0.76,232.0,100958.0,False,9,2,250
2018-09-07 03:00:00,19.69,70.85,0.0,-0.0,0.0,-9.0,0.9,247.0,100948.0,False,9,3,250
2018-09-07 04:00:00,19.83,69.85,0.0,-0.0,0.0,-17.6,0.9,254.0,100978.0,False,9,4,250
2018-09-07 05:00:00,19.41,73.3,0.0,-0.0,0.0,-14.0,0.55,300.0,100988.0,False,9,5,250
2018-09-07 06:00:00,19.39,73.2,37.0,192.84,23.0,-4.6,0.41,347.0,101028.0,False,9,6,250
2018-09-07 07:00:00,19.74,72.8,208.0,409.71,94.0,-2.35,0.21,40.0,101098.0,False,9,7,250
2018-09-07 08:00:00,22.33,58.65,409.0,588.1,133.0,8.0,1.1,161.0,101138.0,False,9,8,250
2018-09-07 09:00:00,23.82,45.25,616.0,794.92,113.0,10.8,1.86,172.0,101168.0,False,9,9,250
2018-09-07 10:00:00,25.54,34.4,747.0,789.46,149.0,9.0,2.41,183.0,101188.0,False,9,10,250
2018-09-07 11:00:00,26.17,36.45,879.0,965.32,73.0,6.0,2.9,177.0,101188.0,False,9,11,250
2018-09-07 12:00:00,27.0,36.3,897.0,925.68,101.0,7.4,2.97,174.0,101088.0,False,9,12,250
2018-09-07 13:00:00,27.46,35.25,839.0,834.3,146.0,1.6,3.03,172.0,101008.0,False,9,13,250
2018-09-07 14:00:00,28.17,30.7,740.0,790.24,148.0,1.35,3.17,168.0,100978.0,False,9,14,250
2018-09-07 15:00:00,28.23,30.95,610.0,810.02,107.0,-1.0,3.1,161.0,100958.0,False,9,15,250
2018-09-07 16:00:00,27.36,33.45,417.0,685.92,105.0,0.6,2.62,149.0,100908.0,False,9,16,250
2018-09-07 17:00:00,25.99,39.35,214.0,534.08,74.0,-11.6,2.34,128.0,100928.0,False,9,17,250
2018-09-07 18:00:00,24.95,42.0,19.0,0.0,19.0,-3.0,2.41,112.0,100908.0,False,9,18,250
2018-09-07 19:00:00,23.96,45.8,0.0,-0.0,0.0,-6.6,2.14,99.0,100988.0,False,9,19,250
2018-09-07 20:00:00,22.73,54.7,0.0,-0.0,0.0,-4.4,2.0,77.0,101038.0,False,9,20,250
2018-09-07 21:00:00,21.45,60.9,0.0,-0.0,0.0,-2.35,1.72,56.0,101118.0,False,9,21,250
2018-09-07 22:00:00,20.81,65.05,0.0,-0.0,0.0,-1.8,1.79,48.0,101128.0,False,9,22,250
2018-09-07 23:00:00,20.29,63.2,0.0,-0.0,0.0,-1.15,1.93,36.0,101118.0,False,9,23,250
2018-09-08 00:00:00,19.83,61.7,0.0,-0.0,0.0,-2.0,2.0,27.0,101058.0,False,9,0,251
2018-09-08 01:00:00,19.78,60.75,0.0,-0.0,0.0,335.45,1.79,20.0,101038.0,False,9,1,251
2018-09-08 02:00:00,19.56,61.9,0.0,-0.0,0.0,5.2,1.45,16.0,101038.0,False,9,2,251
2018-09-08 03:00:00,19.31,61.7,0.0,-0.0,0.0,6.2,1.38,15.0,101058.0,False,9,3,251
2018-09-08 04:00:00,19.49,60.2,0.0,-0.0,0.0,7.0,1.52,16.0,101028.0,False,9,4,251
2018-09-08 05:00:00,19.7,59.9,0.0,-0.0,0.0,4.6,1.93,10.0,101008.0,False,9,5,251
2018-09-08 06:00:00,19.81,59.75,5.0,0.0,5.0,8.0,1.31,10.0,101168.0,False,9,6,251
2018-09-08 07:00:00,19.91,59.95,32.0,0.0,32.0,11.0,2.28,26.0,101217.0,False,9,7,251
2018-09-08 08:00:00,21.12,61.65,37.0,0.0,37.0,11.0,3.66,40.0,101197.0,False,9,8,251
2018-09-08 09:00:00,21.06,68.9,541.0,537.98,202.0,-1.2,4.0,45.0,101197.0,False,9,9,251
2018-09-08 10:00:00,20.12,79.9,133.0,0.0,133.0,1.6,4.0,45.0,101207.0,False,9,10,251
2018-09-08 11:00:00,20.25,82.0,141.0,0.0,141.0,-8.4,3.86,47.0,101217.0,False,9,11,251
2018-09-08 12:00:00,21.07,82.0,767.0,570.9,278.0,-1.4,3.86,69.0,101227.0,False,9,12,251
2018-09-08 13:00:00,20.73,81.1,737.0,563.53,271.0,12.2,3.52,72.0,101227.0,False,9,13,251
2018-09-08 14:00:00,21.36,78.8,438.0,110.06,356.0,-4.2,3.45,69.0,101158.0,False,9,14,251
2018-09-08 15:00:00,21.77,78.85,577.0,721.75,132.0,2.6,2.97,74.0,101168.0,False,9,15,251
2018-09-08 16:00:00,22.22,76.0,351.0,410.99,166.0,-3.4,2.48,74.0,101188.0,False,9,16,251
2018-09-08 17:00:00,22.11,77.25,184.0,357.77,92.0,-4.4,2.55,68.0,101168.0,False,9,17,251
2018-09-08 18:00:00,21.66,76.7,15.0,0.0,15.0,6.8,2.62,59.0,101207.0,False,9,18,251
2018-09-08 19:00:00,21.3,77.75,0.0,-0.0,0.0,-26.4,2.21,43.0,101217.0,False,9,19,251
2018-09-08 20:00:00,21.18,79.55,0.0,-0.0,0.0,1.4,1.59,31.0,101287.0,False,9,20,251
2018-09-08 21:00:00,20.69,82.65,0.0,-0.0,0.0,-7.6,0.9,32.0,101387.0,False,9,21,251
2018-09-08 22:00:00,19.9,79.5,0.0,-0.0,0.0,12.0,2.07,57.0,101317.0,False,9,22,251
2018-09-08 23:00:00,19.34,78.45,0.0,-0.0,0.0,-15.0,1.79,19.0,101347.0,False,9,23,251
2018-09-09 00:00:00,18.68,84.35,0.0,-0.0,0.0,2.8,1.03,359.0,101397.0,False,9,0,252
2018-09-09 01:00:00,18.47,84.85,0.0,-0.0,0.0,354.45,1.52,359.0,101317.0,False,9,1,252
2018-09-09 02:00:00,18.63,84.1,0.0,-0.0,0.0,6.2,1.79,3.0,101247.0,False,9,2,252
2018-09-09 03:00:00,18.38,85.45,0.0,-0.0,0.0,-11.8,1.45,3.0,101287.0,False,9,3,252
2018-09-09 04:00:00,17.92,85.35,0.0,-0.0,0.0,3.4,1.38,356.0,101277.0,False,9,4,252
2018-09-09 05:00:00,17.74,85.45,0.0,-0.0,0.0,15.0,0.76,353.0,101317.0,False,9,5,252
2018-09-09 06:00:00,18.03,84.35,3.0,0.0,3.0,12.0,0.28,342.0,101377.0,False,9,6,252
2018-09-09 07:00:00,18.73,82.2,171.0,226.98,109.0,-18.8,0.83,12.0,101437.0,False,9,7,252
2018-09-09 08:00:00,20.9,67.8,74.0,0.0,74.0,18.0,0.97,80.0,101487.0,False,9,8,252
2018-09-09 09:00:00,22.36,63.8,63.0,0.0,63.0,-2.8,1.31,30.0,101467.0,False,9,9,252
2018-09-09 10:00:00,23.99,58.8,66.0,0.0,66.0,-1.0,3.38,59.0,101407.0,False,9,10,252
2018-09-09 11:00:00,24.88,58.4,74.0,0.0,74.0,-2.0,2.97,59.0,101427.0,False,9,11,252
2018-09-09 12:00:00,24.95,60.1,403.0,33.99,374.0,14.4,1.52,73.0,101417.0,False,9,12,252
2018-09-09 13:00:00,23.18,69.3,491.0,114.19,397.0,0.15,0.97,90.0,101427.0,False,9,13,252
2018-09-09 14:00:00,23.66,68.55,604.0,421.09,292.0,3.8,1.31,87.0,101337.0,False,9,14,252
2018-09-09 15:00:00,24.68,65.7,248.0,16.34,238.0,-9.0,1.86,86.0,101327.0,False,9,15,252
2018-09-09 16:00:00,23.57,66.85,308.0,264.96,190.0,6.4,0.97,27.0,101307.0,False,9,16,252
2018-09-09 17:00:00,22.68,71.5,155.0,206.25,103.0,-1.0,1.38,0.0,101287.0,False,9,17,252
2018-09-09 18:00:00,21.46,71.3,14.0,0.0,14.0,-8.2,0.62,18.0,101347.0,False,9,18,252
2018-09-09 19:00:00,20.26,77.3,0.0,-0.0,0.0,-8.2,1.45,270.0,101447.0,False,9,19,252
2018-09-09 20:00:00,19.91,81.25,0.0,-0.0,0.0,6.8,0.9,358.0,101507.0,False,9,20,252
2018-09-09 21:00:00,19.52,82.7,0.0,-0.0,0.0,-23.2,1.24,349.0,101536.0,False,9,21,252
2018-09-09 22:00:00,19.55,77.55,0.0,-0.0,0.0,10.0,1.17,39.0,101596.0,False,9,22,252
2018-09-09 23:00:00,18.63,76.9,0.0,-0.0,0.0,-4.0,0.55,347.0,101616.0,False,9,23,252
2018-09-10 00:00:00,18.95,76.55,0.0,-0.0,0.0,4.2,0.69,315.0,101616.0,False,9,0,253
2018-09-10 01:00:00,18.25,79.4,0.0,-0.0,0.0,349.05,0.83,317.0,101596.0,False,9,1,253
2018-09-10 02:00:00,17.88,80.95,0.0,-0.0,0.0,3.8,0.97,322.0,101536.0,False,9,2,253
2018-09-10 03:00:00,17.5,81.7,0.0,-0.0,0.0,-10.0,1.03,328.0,101487.0,False,9,3,253
2018-09-10 04:00:00,17.46,81.35,0.0,-0.0,0.0,4.0,1.1,327.0,101457.0,False,9,4,253
2018-09-10 05:00:00,17.22,83.1,0.0,-0.0,0.0,-2.6,1.24,332.0,101467.0,False,9,5,253
2018-09-10 06:00:00,16.8,85.45,25.0,77.31,20.0,-9.0,1.24,335.0,101487.0,False,9,6,253
2018-09-10 07:00:00,18.66,80.95,203.0,436.11,85.0,-5.4,1.59,337.0,101566.0,False,9,7,253
2018-09-10 08:00:00,21.34,65.85,414.0,682.39,99.0,5.0,0.76,15.0,101606.0,False,9,8,253
2018-09-10 09:00:00,22.29,66.3,592.0,753.88,121.0,14.4,1.52,93.0,101666.0,False,9,9,253
2018-09-10 10:00:00,24.61,53.9,598.0,387.22,308.0,1.6,2.69,101.0,101686.0,False,9,10,253
2018-09-10 11:00:00,25.04,53.95,456.0,77.52,392.0,7.6,3.66,94.0,101676.0,False,9,11,253
2018-09-10 12:00:00,25.49,54.25,709.0,436.65,338.0,17.6,3.72,86.0,101646.0,False,9,12,253
2018-09-10 13:00:00,25.73,54.9,662.0,391.78,341.0,4.4,3.31,77.0,101576.0,False,9,13,253
2018-09-10 14:00:00,26.29,53.45,303.0,14.93,292.0,1.35,3.45,75.0,101497.0,False,9,14,253
2018-09-10 15:00:00,26.02,53.9,512.0,495.42,211.0,2.8,3.59,86.0,101497.0,False,9,15,253
2018-09-10 16:00:00,25.67,56.15,275.0,174.79,198.0,-6.6,3.66,92.0,101516.0,False,9,16,253
2018-09-10 17:00:00,24.24,67.05,165.0,279.28,96.0,1.4,3.66,88.0,101536.0,False,9,17,253
2018-09-10 18:00:00,23.33,70.65,13.0,0.0,13.0,6.4,3.31,72.0,101576.0,False,9,18,253
2018-09-10 19:00:00,22.8,77.35,0.0,-0.0,0.0,-11.4,3.24,55.0,101596.0,False,9,19,253
2018-09-10 20:00:00,22.41,80.15,0.0,-0.0,0.0,5.8,2.9,44.0,101676.0,False,9,20,253
2018-09-10 21:00:00,21.99,82.0,0.0,-0.0,0.0,-13.0,2.55,43.0,101736.0,False,9,21,253
2018-09-10 22:00:00,21.37,80.3,0.0,-0.0,0.0,0.15,2.21,41.0,101726.0,False,9,22,253
2018-09-10 23:00:00,20.96,78.95,0.0,-0.0,0.0,-9.4,2.07,33.0,101696.0,False,9,23,253
2018-09-11 00:00:00,20.82,77.5,0.0,-0.0,0.0,-1.75,1.72,20.0,101636.0,False,9,0,254
2018-09-11 01:00:00,20.32,77.9,0.0,-0.0,0.0,352.25,1.38,20.0,101636.0,False,9,1,254
2018-09-11 02:00:00,19.63,80.1,0.0,-0.0,0.0,-5.4,1.52,22.0,101626.0,False,9,2,254
2018-09-11 03:00:00,19.11,79.35,0.0,-0.0,0.0,-3.0,1.79,24.0,101606.0,False,9,3,254
2018-09-11 04:00:00,18.93,79.35,0.0,-0.0,0.0,-1.0,1.93,21.0,101556.0,False,9,4,254
2018-09-11 05:00:00,18.96,78.75,0.0,-0.0,0.0,3.2,2.14,20.0,101516.0,False,9,5,254
2018-09-11 06:00:00,18.94,78.7,26.0,112.87,19.0,-1.6,2.14,19.0,101546.0,False,9,6,254
2018-09-11 07:00:00,20.34,76.0,185.0,335.85,95.0,28.0,2.41,28.0,101616.0,False,9,7,254
2018-09-11 08:00:00,21.95,69.3,322.0,289.77,189.0,-2.4,3.1,41.0,101646.0,False,9,8,254
2018-09-11 09:00:00,23.31,70.1,300.0,48.23,270.0,11.8,4.48,55.0,101696.0,False,9,9,254
2018-09-11 10:00:00,25.13,60.55,92.0,0.0,92.0,1.75,4.34,53.0,101656.0,False,9,10,254
2018-09-11 11:00:00,25.61,59.6,111.0,0.0,111.0,3.6,5.38,63.0,101686.0,False,9,11,254
2018-09-11 12:00:00,25.99,58.95,96.0,0.0,96.0,8.2,5.38,63.0,101656.0,False,9,12,254
2018-09-11 13:00:00,26.43,58.0,424.0,58.86,376.0,23.2,5.31,58.0,101626.0,False,9,13,254
2018-09-11 14:00:00,26.92,56.8,590.0,406.81,292.0,-17.8,5.1,60.0,101507.0,False,9,14,254
2018-09-11 15:00:00,26.94,55.25,489.0,442.79,222.0,-2.0,4.9,63.0,101437.0,False,9,15,254
2018-09-11 16:00:00,26.56,58.25,262.0,153.79,195.0,3.0,4.76,68.0,101477.0,False,9,16,254
2018-09-11 17:00:00,24.85,70.5,68.0,4.13,67.0,-2.0,4.28,67.0,101507.0,False,9,17,254
2018-09-11 18:00:00,24.08,73.8,7.0,0.0,7.0,-5.6,3.38,59.0,101497.0,False,9,18,254
2018-09-11 19:00:00,23.8,77.85,0.0,-0.0,0.0,-12.2,2.62,52.0,101566.0,False,9,19,254
2018-09-11 20:00:00,23.03,80.8,0.0,-0.0,0.0,2.0,2.55,48.0,101616.0,False,9,20,254
2018-09-11 21:00:00,22.17,84.0,0.0,-0.0,0.0,-8.8,2.28,49.0,101696.0,False,9,21,254
2018-09-11 22:00:00,22.47,76.0,0.0,-0.0,0.0,-5.6,1.93,54.0,101746.0,False,9,22,254
2018-09-11 23:00:00,21.91,77.5,0.0,-0.0,0.0,3.2,1.86,66.0,101806.0,False,9,23,254
2018-09-12 00:00:00,21.42,80.2,0.0,-0.0,0.0,-4.8,1.93,60.0,101816.0,False,9,0,255
2018-09-12 01:00:00,21.37,81.35,0.0,-0.0,0.0,374.85,1.66,36.0,101736.0,False,9,1,255
2018-09-12 02:00:00,21.03,80.45,0.0,-0.0,0.0,0.0,1.17,26.0,101676.0,False,9,2,255
2018-09-12 03:00:00,21.09,81.6,0.0,-0.0,0.0,-0.2,0.97,29.0,101676.0,False,9,3,255
2018-09-12 04:00:00,20.94,82.4,0.0,-0.0,0.0,-5.8,0.97,32.0,101706.0,False,9,4,255
2018-09-12 05:00:00,20.65,84.3,0.0,-0.0,0.0,-5.8,1.38,27.0,101626.0,False,9,5,255
2018-09-12 06:00:00,20.4,84.75,22.0,67.4,18.0,-3.4,1.38,16.0,101626.0,False,9,6,255
2018-09-12 07:00:00,20.9,82.15,149.0,146.96,110.0,30.0,1.59,20.0,101696.0,False,9,7,255
2018-09-12 08:00:00,22.94,71.25,281.0,168.73,204.0,-5.0,1.66,48.0,101766.0,False,9,8,255
2018-09-12 09:00:00,24.1,68.75,429.0,239.0,281.0,5.8,2.07,79.0,101796.0,False,9,9,255
2018-09-12 10:00:00,26.08,58.75,607.0,423.95,292.0,8.6,2.34,99.0,101816.0,False,9,10,255
2018-09-12 11:00:00,26.62,57.6,678.0,429.71,326.0,-9.0,2.28,99.0,101786.0,False,9,11,255
2018-09-12 12:00:00,26.64,56.95,679.0,384.56,355.0,12.8,1.93,97.0,101706.0,False,9,12,255
2018-09-12 13:00:00,27.19,55.65,685.0,460.86,311.0,-1.8,1.79,104.0,101686.0,False,9,13,255
2018-09-12 14:00:00,26.46,59.15,577.0,374.87,304.0,9.2,1.86,108.0,101656.0,False,9,14,255
2018-09-12 15:00:00,26.56,58.6,361.0,133.7,281.0,-8.2,1.38,118.0,101636.0,False,9,15,255
2018-09-12 16:00:00,26.37,59.3,214.0,65.0,186.0,-3.6,1.1,132.0,101596.0,False,9,16,255
2018-09-12 17:00:00,25.64,62.9,141.0,185.78,97.0,-2.0,0.83,147.0,101606.0,False,9,17,255
2018-09-12 18:00:00,25.32,63.75,0.0,0.0,0.0,1.8,0.83,163.0,101596.0,False,9,18,255
2018-09-12 19:00:00,24.8,67.65,0.0,-0.0,0.0,-24.8,0.69,191.0,101646.0,False,9,19,255
2018-09-12 20:00:00,24.07,71.15,0.0,-0.0,0.0,-4.0,0.48,235.0,101626.0,False,9,20,255
2018-09-12 21:00:00,22.6,83.8,0.0,-0.0,0.0,1.0,0.9,302.0,101676.0,False,9,21,255
2018-09-12 22:00:00,21.94,84.6,0.0,-0.0,0.0,-4.0,0.69,289.0,101686.0,False,9,22,255
2018-09-12 23:00:00,21.62,82.8,0.0,-0.0,0.0,0.2,0.83,295.0,101636.0,False,9,23,255
2018-09-13 00:00:00,21.5,80.55,0.0,-0.0,0.0,1.0,1.1,305.0,101586.0,False,9,0,256
2018-09-13 01:00:00,21.17,77.75,0.0,-0.0,0.0,362.65,1.17,314.0,101507.0,False,9,1,256
2018-09-13 02:00:00,20.31,82.35,0.0,-0.0,0.0,-5.2,1.17,317.0,101467.0,False,9,2,256
2018-09-13 03:00:00,19.86,80.3,0.0,-0.0,0.0,-0.2,1.1,325.0,101427.0,False,9,3,256
2018-09-13 04:00:00,19.59,78.9,0.0,-0.0,0.0,-0.75,0.97,328.0,101417.0,False,9,4,256
2018-09-13 05:00:00,19.42,77.2,0.0,-0.0,0.0,1.15,0.97,330.0,101417.0,False,9,5,256
2018-09-13 06:00:00,19.02,77.7,13.0,17.65,12.0,-8.8,0.97,330.0,101447.0,False,9,6,256
2018-09-13 07:00:00,20.6,72.6,185.0,350.16,93.0,3.6,1.17,330.0,101497.0,False,9,7,256
2018-09-13 08:00:00,23.67,57.25,314.0,271.12,191.0,10.6,0.21,344.0,101516.0,False,9,8,256
2018-09-13 09:00:00,25.09,56.85,512.0,478.55,217.0,3.6,0.76,129.0,101556.0,False,9,9,256
2018-09-13 10:00:00,25.7,57.6,672.0,624.34,210.0,13.8,0.55,142.0,101576.0,False,9,10,256
2018-09-13 11:00:00,26.61,58.05,759.0,661.88,219.0,9.4,0.9,131.0,101556.0,False,9,11,256
2018-09-13 12:00:00,26.77,60.45,548.0,166.89,408.0,8.6,1.38,126.0,101497.0,False,9,12,256
2018-09-13 13:00:00,27.42,58.6,713.0,547.34,271.0,-1.8,1.79,133.0,101477.0,False,9,13,256
2018-09-13 14:00:00,24.32,72.45,639.0,560.84,233.0,-1.0,1.45,130.0,101447.0,False,9,14,256
2018-09-13 15:00:00,24.8,71.4,401.0,215.59,273.0,-0.2,0.62,105.0,101417.0,False,9,15,256
2018-09-13 16:00:00,25.51,67.45,255.0,150.3,191.0,-1.75,1.1,123.0,101387.0,False,9,16,256
2018-09-13 17:00:00,24.97,70.3,62.0,0.0,62.0,-4.6,1.59,137.0,101367.0,False,9,17,256
2018-09-13 18:00:00,24.37,73.35,0.0,0.0,0.0,-1.6,1.31,146.0,101377.0,False,9,18,256
2018-09-13 19:00:00,23.62,79.2,0.0,-0.0,0.0,-16.0,0.83,129.0,101417.0,False,9,19,256
2018-09-13 20:00:00,22.76,83.05,0.0,-0.0,0.0,5.0,0.9,128.0,101467.0,False,9,20,256
2018-09-13 21:00:00,21.76,86.65,0.0,-0.0,0.0,-4.2,0.41,73.0,101487.0,False,9,21,256
2018-09-13 22:00:00,21.3,96.4,0.0,-0.0,0.0,-1.4,0.07,170.0,101487.0,False,9,22,256
2018-09-13 23:00:00,21.73,94.05,0.0,-0.0,0.0,13.8,0.9,326.0,101457.0,False,9,23,256
2018-09-14 00:00:00,21.8,90.75,0.0,-0.0,0.0,-3.8,0.34,346.0,101467.0,False,9,0,257
2018-09-14 01:00:00,20.98,93.5,0.0,-0.0,0.0,375.45,0.34,32.0,101447.0,False,9,1,257
2018-09-14 02:00:00,20.75,95.25,0.0,-0.0,0.0,14.6,0.48,13.0,101437.0,False,9,2,257
2018-09-14 03:00:00,20.38,95.45,0.0,-0.0,0.0,4.4,0.69,21.0,101397.0,False,9,3,257
2018-09-14 04:00:00,20.36,93.15,0.0,-0.0,0.0,5.2,1.17,12.0,101367.0,False,9,4,257
2018-09-14 05:00:00,20.04,91.8,0.0,-0.0,0.0,-19.4,1.24,5.0,101347.0,False,9,5,257
2018-09-14 06:00:00,19.95,89.5,17.0,37.05,15.0,-6.8,1.1,6.0,101377.0,False,9,6,257
2018-09-14 07:00:00,20.21,83.5,132.0,103.81,105.0,-1.0,1.17,15.0,101437.0,False,9,7,257
2018-09-14 08:00:00,21.9,74.0,227.0,70.96,195.0,5.4,1.17,57.0,101447.0,False,9,8,257
2018-09-14 09:00:00,23.28,69.05,361.0,122.23,286.0,1.0,1.93,87.0,101507.0,False,9,9,257
2018-09-14 10:00:00,24.54,62.8,564.0,335.18,317.0,5.6,2.0,91.0,101487.0,False,9,10,257
2018-09-14 11:00:00,24.74,63.15,488.0,118.15,392.0,-1.0,2.83,92.0,101507.0,False,9,11,257
2018-09-14 12:00:00,23.98,65.6,700.0,450.18,324.0,-3.8,2.14,98.0,101467.0,False,9,12,257
2018-09-14 13:00:00,24.36,61.35,737.0,630.99,230.0,1.4,2.55,98.0,101397.0,False,9,13,257
2018-09-14 14:00:00,24.49,61.65,685.0,736.59,155.0,0.15,3.1,77.0,101297.0,False,9,14,257
2018-09-14 15:00:00,24.87,59.1,528.0,628.17,158.0,-4.0,3.03,89.0,101297.0,False,9,15,257
2018-09-14 16:00:00,24.25,60.9,117.0,0.0,117.0,1.0,2.62,99.0,101297.0,False,9,16,257
2018-09-14 17:00:00,23.27,67.2,160.0,353.2,80.0,-0.75,2.34,96.0,101347.0,False,9,17,257
2018-09-14 18:00:00,21.99,73.5,0.0,0.0,0.0,6.0,1.31,96.0,101377.0,False,9,18,257
2018-09-14 19:00:00,21.29,77.8,0.0,-0.0,0.0,8.6,1.52,24.0,101327.0,False,9,19,257
2018-09-14 20:00:00,20.94,80.15,0.0,-0.0,0.0,-19.4,1.31,35.0,101377.0,False,9,20,257
2018-09-14 21:00:00,20.46,81.4,0.0,-0.0,0.0,-8.4,0.97,44.0,101417.0,False,9,21,257
2018-09-14 22:00:00,20.28,84.45,0.0,-0.0,0.0,5.6,0.83,349.0,101457.0,False,9,22,257
2018-09-14 23:00:00,20.69,81.05,0.0,-0.0,0.0,17.8,0.83,27.0,101437.0,False,9,23,257
2018-09-15 00:00:00,19.92,83.5,0.0,-0.0,0.0,-4.2,1.03,19.0,101427.0,False,9,0,258
2018-09-15 01:00:00,19.42,85.65,0.0,-0.0,0.0,379.65,1.31,356.0,101327.0,False,9,1,258
2018-09-15 02:00:00,18.96,88.55,0.0,-0.0,0.0,-9.4,0.97,15.0,101307.0,False,9,2,258
2018-09-15 03:00:00,18.78,88.25,0.0,-0.0,0.0,7.2,0.97,12.0,101327.0,False,9,3,258
2018-09-15 04:00:00,18.73,87.55,0.0,-0.0,0.0,12.0,1.03,9.0,101307.0,False,9,4,258
2018-09-15 05:00:00,18.46,88.05,0.0,-0.0,0.0,-5.8,0.97,12.0,101307.0,False,9,5,258
2018-09-15 06:00:00,18.64,87.7,16.0,39.0,14.0,10.8,0.76,9.0,101327.0,False,9,6,258
2018-09-15 07:00:00,18.23,89.1,187.0,404.01,83.0,-18.6,1.17,23.0,101387.0,False,9,7,258
2018-09-15 08:00:00,19.31,82.4,162.0,11.15,157.0,6.2,1.24,44.0,101427.0,False,9,8,258
2018-09-15 09:00:00,19.36,82.9,260.0,22.92,246.0,10.6,1.38,47.0,101487.0,False,9,9,258
2018-09-15 10:00:00,20.81,78.1,438.0,121.29,349.0,-8.0,1.38,74.0,101516.0,False,9,10,258
2018-09-15 11:00:00,21.03,80.25,229.0,0.0,229.0,5.0,1.52,76.0,101566.0,False,9,11,258
2018-09-15 12:00:00,21.35,80.7,566.0,202.05,398.0,2.6,1.79,86.0,101507.0,False,9,12,258
2018-09-15 13:00:00,22.31,77.75,482.0,121.34,385.0,11.4,2.55,75.0,101447.0,False,9,13,258
2018-09-15 14:00:00,23.37,75.9,637.0,588.73,216.0,-9.0,2.76,79.0,101467.0,False,9,14,258
2018-09-15 15:00:00,23.46,75.75,521.0,621.29,158.0,-4.8,2.9,88.0,101437.0,False,9,15,258
2018-09-15 16:00:00,22.19,80.45,353.0,572.34,115.0,8.0,2.55,87.0,101437.0,False,9,16,258
2018-09-15 17:00:00,21.69,83.7,152.0,329.89,79.0,-2.2,2.28,90.0,101477.0,False,9,17,258
2018-09-15 18:00:00,20.88,84.5,0.0,0.0,0.0,-0.75,1.66,79.0,101507.0,False,9,18,258
2018-09-15 19:00:00,20.52,85.25,0.0,-0.0,0.0,3.6,1.31,40.0,101556.0,False,9,19,258
2018-09-15 20:00:00,19.98,86.4,0.0,-0.0,0.0,-27.0,0.9,19.0,101606.0,False,9,20,258
2018-09-15 21:00:00,19.59,87.85,0.0,-0.0,0.0,13.2,0.83,15.0,101646.0,False,9,21,258
2018-09-15 22:00:00,19.3,88.5,0.0,-0.0,0.0,-19.6,0.97,43.0,101636.0,False,9,22,258
2018-09-15 23:00:00,19.35,87.75,0.0,-0.0,0.0,2.6,1.24,49.0,101656.0,False,9,23,258
2018-09-16 00:00:00,19.56,85.7,0.0,-0.0,0.0,8.0,1.1,55.0,101696.0,False,9,0,259
2018-09-16 01:00:00,19.55,85.7,0.0,-0.0,0.0,370.65,0.62,12.0,101656.0,False,9,1,259
2018-09-16 02:00:00,19.1,86.85,0.0,-0.0,0.0,8.6,0.97,359.0,101566.0,False,9,2,259
2018-09-16 03:00:00,18.73,87.1,0.0,-0.0,0.0,-9.8,0.9,353.0,101487.0,False,9,3,259
2018-09-16 04:00:00,18.66,86.5,0.0,-0.0,0.0,0.8,0.97,351.0,101497.0,False,9,4,259
2018-09-16 05:00:00,18.31,87.05,0.0,-0.0,0.0,-0.2,1.1,352.0,101516.0,False,9,5,259
2018-09-16 06:00:00,18.35,86.75,13.0,20.59,12.0,2.2,1.03,352.0,101576.0,False,9,6,259
2018-09-16 07:00:00,19.15,84.65,136.0,125.62,104.0,-4.6,1.52,354.0,101616.0,False,9,7,259
2018-09-16 08:00:00,21.52,73.45,153.0,6.73,150.0,2.15,1.45,17.0,101616.0,False,9,8,259
2018-09-16 09:00:00,22.22,74.85,303.0,55.94,269.0,1.8,2.0,50.0,101626.0,False,9,9,259
2018-09-16 10:00:00,24.88,60.95,560.0,335.32,315.0,-0.8,1.72,59.0,101596.0,False,9,10,259
2018-09-16 11:00:00,25.7,61.3,693.0,500.22,290.0,5.2,3.24,94.0,101626.0,False,9,11,259
2018-09-16 12:00:00,25.42,63.35,765.0,639.12,236.0,6.0,2.97,86.0,101576.0,False,9,12,259
2018-09-16 13:00:00,25.62,63.3,764.0,738.1,177.0,8.4,2.69,96.0,101546.0,False,9,13,259
2018-09-16 14:00:00,26.06,61.3,662.0,681.09,178.0,0.35,3.24,97.0,101467.0,False,9,14,259
2018-09-16 15:00:00,25.98,62.4,410.0,262.3,258.0,-8.6,3.24,90.0,101427.0,False,9,15,259
2018-09-16 16:00:00,26.2,60.45,307.0,360.28,159.0,-4.0,3.17,97.0,101417.0,False,9,16,259
2018-09-16 17:00:00,25.41,66.1,137.0,240.68,85.0,7.8,2.48,88.0,101437.0,False,9,17,259
2018-09-16 18:00:00,24.3,71.75,0.0,0.0,0.0,-8.8,2.07,77.0,101457.0,False,9,18,259
2018-09-16 19:00:00,23.71,75.75,0.0,-0.0,0.0,-9.6,1.59,55.0,101467.0,False,9,19,259
2018-09-16 20:00:00,23.12,80.35,0.0,-0.0,0.0,2.0,1.31,43.0,101526.0,False,9,20,259
2018-09-16 21:00:00,22.02,84.1,0.0,-0.0,0.0,-12.4,1.17,43.0,101546.0,False,9,21,259
2018-09-16 22:00:00,21.43,88.75,0.0,-0.0,0.0,6.8,1.24,38.0,101536.0,False,9,22,259
2018-09-16 23:00:00,21.28,86.8,0.0,-0.0,0.0,-4.8,1.31,35.0,101526.0,False,9,23,259
2018-09-17 00:00:00,21.29,85.45,0.0,-0.0,0.0,3.8,1.31,29.0,101526.0,False,9,0,260
2018-09-17 01:00:00,20.87,86.0,0.0,-0.0,0.0,369.85,1.17,21.0,101487.0,False,9,1,260
2018-09-17 02:00:00,20.32,87.35,0.0,-0.0,0.0,-3.6,1.17,12.0,101417.0,False,9,2,260
2018-09-17 03:00:00,20.42,85.15,0.0,-0.0,0.0,3.2,1.45,4.0,101317.0,False,9,3,260
2018-09-17 04:00:00,20.46,83.95,0.0,-0.0,0.0,0.35,1.24,5.0,101307.0,False,9,4,260
2018-09-17 05:00:00,20.39,83.7,0.0,-0.0,0.0,-0.15,1.1,9.0,101307.0,False,9,5,260
2018-09-17 06:00:00,20.4,83.25,9.0,0.0,9.0,-2.6,1.03,15.0,101337.0,False,9,6,260
2018-09-17 07:00:00,20.92,82.4,125.0,95.23,101.0,6.6,1.72,27.0,101397.0,False,9,7,260
2018-09-17 08:00:00,22.3,72.0,201.0,42.92,182.0,-1.35,2.41,52.0,101407.0,False,9,8,260
2018-09-17 09:00:00,22.7,74.2,189.0,1.65,188.0,5.6,3.31,67.0,101437.0,False,9,9,260
2018-09-17 10:00:00,24.26,66.45,137.0,0.0,137.0,-0.35,3.24,82.0,101427.0,False,9,10,260
2018-09-17 11:00:00,23.94,69.95,540.0,194.48,384.0,11.0,3.17,84.0,101367.0,False,9,11,260
2018-09-17 12:00:00,24.27,68.9,619.0,298.59,373.0,6.2,3.66,89.0,101337.0,False,9,12,260
2018-09-17 13:00:00,24.42,68.95,766.0,763.48,162.0,6.8,3.86,85.0,101267.0,False,9,13,260
2018-09-17 14:00:00,25.46,64.65,655.0,676.95,177.0,-1.6,3.59,77.0,101217.0,False,9,14,260
2018-09-17 15:00:00,25.65,63.75,465.0,436.78,214.0,-0.8,2.97,74.0,101148.0,False,9,15,260
2018-09-17 16:00:00,24.14,68.5,344.0,571.82,112.0,-13.4,3.17,56.0,101088.0,False,9,16,260
2018-09-17 17:00:00,24.43,69.95,126.0,199.24,84.0,1.0,2.62,52.0,101028.0,False,9,17,260
2018-09-17 18:00:00,24.06,74.55,0.0,0.0,0.0,-7.2,2.0,53.0,101058.0,False,9,18,260
2018-09-17 19:00:00,23.46,79.65,0.0,-0.0,0.0,-17.4,1.59,45.0,101078.0,False,9,19,260
2018-09-17 20:00:00,22.59,84.9,0.0,-0.0,0.0,-1.8,1.31,29.0,101118.0,False,9,20,260
2018-09-17 21:00:00,21.63,87.25,0.0,-0.0,0.0,-3.8,1.17,11.0,101138.0,False,9,21,260
2018-09-17 22:00:00,20.67,88.8,0.0,-0.0,0.0,-4.4,0.97,4.0,101168.0,False,9,22,260
2018-09-17 23:00:00,20.35,88.75,0.0,-0.0,0.0,-2.35,0.83,349.0,101118.0,False,9,23,260
2018-09-18 00:00:00,19.99,89.65,0.0,-0.0,0.0,0.2,0.9,340.0,101118.0,False,9,0,261
2018-09-18 01:00:00,19.54,90.65,0.0,-0.0,0.0,356.05,0.83,334.0,101098.0,False,9,1,261
2018-09-18 02:00:00,18.99,91.5,0.0,-0.0,0.0,-1.15,0.9,336.0,101048.0,False,9,2,261
2018-09-18 03:00:00,18.59,91.2,0.0,-0.0,0.0,2.35,1.1,332.0,101048.0,False,9,3,261
2018-09-18 04:00:00,18.77,89.7,0.0,-0.0,0.0,6.0,1.1,320.0,101088.0,False,9,4,261
2018-09-18 05:00:00,18.6,90.65,0.0,-0.0,0.0,3.6,1.17,319.0,101118.0,False,9,5,261
2018-09-18 06:00:00,18.87,89.8,11.0,23.19,10.0,7.8,1.24,317.0,101188.0,False,9,6,261
2018-09-18 07:00:00,19.18,87.55,162.0,260.75,97.0,-7.4,1.45,315.0,101217.0,False,9,7,261
2018-09-18 08:00:00,22.52,71.45,355.0,466.07,150.0,-8.6,0.9,283.0,101267.0,False,9,8,261
2018-09-18 09:00:00,23.95,68.8,511.0,505.12,207.0,12.0,0.9,195.0,101297.0,False,9,9,261
2018-09-18 10:00:00,25.34,61.7,630.0,521.95,252.0,-4.2,1.03,174.0,101347.0,False,9,10,261
2018-09-18 11:00:00,26.11,61.25,767.0,722.5,190.0,1.4,1.31,165.0,101347.0,False,9,11,261
2018-09-18 12:00:00,26.15,58.7,722.0,524.39,292.0,5.6,1.59,169.0,101297.0,False,9,12,261
2018-09-18 13:00:00,25.5,63.05,714.0,588.39,251.0,12.6,1.86,183.0,101267.0,False,9,13,261
2018-09-18 14:00:00,25.9,62.1,609.0,518.85,245.0,4.4,1.17,198.0,101227.0,False,9,14,261
2018-09-18 15:00:00,25.53,62.9,511.0,612.49,162.0,-11.6,1.17,176.0,101217.0,False,9,15,261
2018-09-18 16:00:00,25.43,61.4,336.0,531.67,123.0,-6.0,1.17,178.0,101217.0,False,9,16,261
2018-09-18 17:00:00,24.37,64.95,143.0,335.71,74.0,3.8,0.83,185.0,101217.0,False,9,17,261
2018-09-18 18:00:00,23.76,69.0,0.0,-0.0,0.0,-4.2,1.1,200.0,101267.0,False,9,18,261
2018-09-18 19:00:00,22.77,76.9,0.0,-0.0,0.0,-4.8,0.69,258.0,101307.0,False,9,19,261
2018-09-18 20:00:00,21.76,76.75,0.0,-0.0,0.0,-4.0,0.69,282.0,101387.0,False,9,20,261
2018-09-18 21:00:00,20.39,82.4,0.0,-0.0,0.0,-3.2,0.69,304.0,101457.0,False,9,21,261
2018-09-18 22:00:00,19.88,89.9,0.0,-0.0,0.0,1.15,0.62,329.0,101497.0,False,9,22,261
2018-09-18 23:00:00,18.85,91.0,0.0,-0.0,0.0,0.6,0.9,321.0,101516.0,False,9,23,261
2018-09-19 00:00:00,18.82,88.25,0.0,-0.0,0.0,-0.15,0.9,313.0,101487.0,False,9,0,262
2018-09-19 01:00:00,18.93,87.95,0.0,-0.0,0.0,366.85,0.9,308.0,101497.0,False,9,1,262
2018-09-19 02:00:00,18.32,91.5,0.0,-0.0,0.0,-5.6,0.69,309.0,101467.0,False,9,2,262
2018-09-19 03:00:00,17.39,90.55,0.0,-0.0,0.0,-7.2,0.55,313.0,101447.0,False,9,3,262
2018-09-19 04:00:00,17.26,89.3,0.0,-0.0,0.0,-2.6,0.55,325.0,101447.0,False,9,4,262
2018-09-19 05:00:00,17.07,88.35,0.0,-0.0,0.0,1.2,0.69,329.0,101447.0,False,9,5,262
2018-09-19 06:00:00,16.98,86.9,9.0,24.76,8.0,-6.8,0.62,330.0,101487.0,False,9,6,262
2018-09-19 07:00:00,18.62,84.55,175.0,369.13,84.0,-0.8,0.62,334.0,101536.0,False,9,7,262
2018-09-19 08:00:00,22.35,66.95,388.0,656.76,101.0,2.0,0.41,59.0,101586.0,False,9,8,262
2018-09-19 09:00:00,23.17,70.7,548.0,664.67,150.0,11.2,1.03,121.0,101656.0,False,9,9,262
2018-09-19 10:00:00,25.16,56.8,669.0,664.43,190.0,6.2,0.97,110.0,101686.0,False,9,10,262
2018-09-19 11:00:00,26.04,58.8,803.0,866.64,114.0,9.6,1.66,130.0,101716.0,False,9,11,262
2018-09-19 12:00:00,25.8,63.55,737.0,580.83,263.0,6.0,1.72,130.0,101676.0,False,9,12,262
2018-09-19 13:00:00,25.52,68.05,723.0,635.05,226.0,5.2,1.45,151.0,101666.0,False,9,13,262
2018-09-19 14:00:00,25.2,69.4,96.0,0.0,96.0,20.0,1.31,121.0,101606.0,False,9,14,262
2018-09-19 15:00:00,25.83,65.55,152.0,0.0,152.0,-14.2,1.45,122.0,101596.0,False,9,15,262
2018-09-19 16:00:00,25.36,65.5,115.0,2.53,114.0,-10.6,1.17,133.0,101566.0,False,9,16,262
2018-09-19 17:00:00,24.05,72.55,107.0,124.84,82.0,-6.0,1.24,141.0,101576.0,False,9,17,262
2018-09-19 18:00:00,23.25,76.8,0.0,-0.0,0.0,6.6,0.9,132.0,101606.0,False,9,18,262
2018-09-19 19:00:00,22.72,81.4,0.0,-0.0,0.0,-4.2,0.83,116.0,101636.0,False,9,19,262
2018-09-19 20:00:00,22.57,84.25,0.0,-0.0,0.0,-7.0,0.55,115.0,101706.0,False,9,20,262
2018-09-19 21:00:00,21.73,88.0,0.0,-0.0,0.0,4.8,0.41,116.0,101786.0,False,9,21,262
2018-09-19 22:00:00,20.88,91.55,0.0,-0.0,0.0,-6.2,0.69,92.0,101786.0,False,9,22,262
2018-09-19 23:00:00,20.54,92.1,0.0,-0.0,0.0,2.6,0.48,69.0,101786.0,False,9,23,262
2018-09-20 00:00:00,20.19,92.8,0.0,-0.0,0.0,-2.6,0.41,18.0,101746.0,False,9,0,263
2018-09-20 01:00:00,19.92,93.1,0.0,-0.0,0.0,370.45,0.34,22.0,101706.0,False,9,1,263
2018-09-20 02:00:00,19.55,94.4,0.0,-0.0,0.0,3.8,0.48,19.0,101666.0,False,9,2,263
2018-09-20 03:00:00,19.33,94.4,0.0,-0.0,0.0,-1.6,0.83,11.0,101616.0,False,9,3,263
2018-09-20 04:00:00,19.15,93.95,0.0,-0.0,0.0,-6.8,0.76,8.0,101656.0,False,9,4,263
2018-09-20 05:00:00,19.02,93.75,0.0,-0.0,0.0,2.0,0.69,7.0,101656.0,False,9,5,263
2018-09-20 06:00:00,18.93,93.45,0.0,0.0,0.0,-2.8,0.62,8.0,101676.0,False,9,6,263
2018-09-20 07:00:00,19.71,88.55,176.0,389.75,81.0,-2.4,0.62,21.0,101686.0,False,9,7,263
2018-09-20 08:00:00,22.17,71.45,388.0,674.95,95.0,4.0,0.83,76.0,101696.0,False,9,8,263
2018-09-20 09:00:00,23.35,70.5,543.0,661.38,149.0,-4.8,1.45,103.0,101716.0,False,9,9,263
2018-09-20 10:00:00,25.38,57.9,676.0,700.96,173.0,4.2,1.31,105.0,101736.0,False,9,10,263
2018-09-20 11:00:00,25.8,57.65,789.0,831.45,131.0,3.6,1.72,123.0,101726.0,False,9,11,263
2018-09-20 12:00:00,26.63,57.35,745.0,615.69,245.0,4.8,2.0,134.0,101676.0,False,9,12,263
2018-09-20 13:00:00,26.88,57.85,759.0,768.33,161.0,6.0,1.93,142.0,101606.0,False,9,13,263
2018-09-20 14:00:00,26.66,56.45,687.0,839.2,106.0,0.0,1.79,146.0,101556.0,False,9,14,263
2018-09-20 15:00:00,26.84,56.9,483.0,544.64,178.0,12.6,1.72,146.0,101516.0,False,9,15,263
2018-09-20 16:00:00,26.24,58.9,320.0,499.54,125.0,-4.0,1.66,144.0,101467.0,False,9,16,263
2018-09-20 17:00:00,24.98,68.9,133.0,323.15,70.0,-12.0,1.59,146.0,101447.0,False,9,17,263
2018-09-20 18:00:00,24.1,71.65,0.0,-0.0,0.0,-3.6,1.03,168.0,101457.0,False,9,18,263
2018-09-20 19:00:00,23.61,77.45,0.0,-0.0,0.0,-15.2,0.55,204.0,101487.0,False,9,19,263
2018-09-20 20:00:00,22.51,81.35,0.0,-0.0,0.0,8.8,0.28,80.0,101487.0,False,9,20,263
2018-09-20 21:00:00,21.85,84.25,0.0,-0.0,0.0,-17.6,0.14,314.0,101507.0,False,9,21,263
2018-09-20 22:00:00,20.88,86.55,0.0,-0.0,0.0,2.8,0.41,311.0,101546.0,False,9,22,263
2018-09-20 23:00:00,19.95,88.1,0.0,-0.0,0.0,-10.4,0.69,295.0,101536.0,False,9,23,263
2018-09-21 00:00:00,19.36,90.15,0.0,-0.0,0.0,1.35,1.03,291.0,101507.0,False,9,0,264
2018-09-21 01:00:00,19.11,89.55,0.0,-0.0,0.0,337.85,1.03,297.0,101477.0,False,9,1,264
2018-09-21 02:00:00,18.22,90.9,0.0,-0.0,0.0,4.0,0.97,304.0,101437.0,False,9,2,264
2018-09-21 03:00:00,17.67,91.6,0.0,-0.0,0.0,4.2,1.03,304.0,101407.0,False,9,3,264
2018-09-21 04:00:00,17.14,92.5,0.0,-0.0,0.0,-2.0,0.97,311.0,101437.0,False,9,4,264
2018-09-21 05:00:00,16.72,93.35,0.0,-0.0,0.0,19.8,1.17,314.0,101407.0,False,9,5,264
2018-09-21 06:00:00,16.71,90.15,0.0,0.0,0.0,-9.0,1.31,317.0,101437.0,False,9,6,264
2018-09-21 07:00:00,18.1,79.25,148.0,211.66,97.0,-3.8,1.66,318.0,101477.0,False,9,7,264
2018-09-21 08:00:00,22.46,60.2,322.0,350.2,171.0,11.2,1.03,307.0,101516.0,False,9,8,264
2018-09-21 09:00:00,24.23,57.5,476.0,413.43,231.0,1.2,0.55,209.0,101556.0,False,9,9,264
2018-09-21 10:00:00,26.66,45.95,581.0,406.04,291.0,0.6,0.69,174.0,101606.0,False,9,10,264
2018-09-21 11:00:00,26.95,50.7,758.0,721.08,190.0,27.6,1.38,159.0,101606.0,False,9,11,264
2018-09-21 12:00:00,27.19,53.7,529.0,163.35,397.0,-8.2,1.59,162.0,101586.0,False,9,12,264
2018-09-21 13:00:00,27.84,53.55,528.0,197.68,375.0,-1.35,1.66,167.0,101526.0,False,9,13,264
2018-09-21 14:00:00,27.82,53.2,554.0,392.64,284.0,10.4,1.66,172.0,101497.0,False,9,14,264
2018-09-21 15:00:00,27.92,54.6,495.0,598.14,163.0,-13.8,1.59,174.0,101437.0,False,9,15,264
2018-09-21 16:00:00,27.59,55.55,331.0,578.93,108.0,-1.75,1.52,180.0,101427.0,False,9,16,264
2018-09-21 17:00:00,26.52,62.8,134.0,363.83,65.0,-1.2,1.24,188.0,101407.0,False,9,17,264
2018-09-21 18:00:00,25.95,64.75,0.0,-0.0,0.0,-5.2,0.83,207.0,101417.0,False,9,18,264
2018-09-21 19:00:00,25.96,66.05,0.0,-0.0,0.0,-4.8,0.41,236.0,101467.0,False,9,19,264
2018-09-21 20:00:00,24.32,74.05,0.0,-0.0,0.0,-10.0,0.55,329.0,101546.0,False,9,20,264
2018-09-21 21:00:00,22.17,79.95,0.0,-0.0,0.0,-0.75,0.62,341.0,101576.0,False,9,21,264
2018-09-21 22:00:00,22.01,80.6,0.0,-0.0,0.0,-5.8,0.55,358.0,101616.0,False,9,22,264
2018-09-21 23:00:00,21.35,81.3,0.0,-0.0,0.0,-3.2,0.69,337.0,101626.0,False,9,23,264
2018-09-22 00:00:00,21.02,81.7,0.0,-0.0,0.0,-1.2,0.76,332.0,101636.0,False,9,0,265
2018-09-22 01:00:00,20.43,81.1,0.0,-0.0,0.0,341.25,0.62,332.0,101626.0,False,9,1,265
2018-09-22 02:00:00,19.87,81.25,0.0,-0.0,0.0,-1.8,0.34,340.0,101626.0,False,9,2,265
2018-09-22 03:00:00,19.18,80.0,0.0,-0.0,0.0,-2.0,0.41,344.0,101616.0,False,9,3,265
2018-09-22 04:00:00,18.91,79.2,0.0,-0.0,0.0,-2.0,0.55,348.0,101656.0,False,9,4,265
2018-09-22 05:00:00,18.65,77.45,0.0,-0.0,0.0,-1.8,0.55,346.0,101696.0,False,9,5,265
2018-09-22 06:00:00,18.53,75.8,0.0,0.0,0.0,-1.35,0.62,340.0,101746.0,False,9,6,265
2018-09-22 07:00:00,19.64,69.25,181.0,453.55,73.0,5.4,0.69,344.0,101806.0,False,9,7,265
2018-09-22 08:00:00,23.5,49.6,392.0,714.56,86.0,7.8,0.9,39.0,101826.0,False,9,8,265
2018-09-22 09:00:00,24.98,47.2,557.0,727.79,128.0,4.0,1.52,76.0,101885.0,False,9,9,265
2018-09-22 10:00:00,27.49,37.95,697.0,783.63,140.0,10.0,2.28,90.0,101915.0,False,9,10,265
2018-09-22 11:00:00,28.2,39.75,820.0,954.11,72.0,2.35,2.62,103.0,101935.0,False,9,11,265
2018-09-22 12:00:00,28.73,41.4,773.0,705.2,206.0,4.0,2.62,112.0,101895.0,False,9,12,265
2018-09-22 13:00:00,28.83,43.4,760.0,780.96,159.0,2.2,2.62,115.0,101855.0,False,9,13,265
2018-09-22 14:00:00,29.1,43.6,661.0,748.22,150.0,1.6,2.55,114.0,101826.0,False,9,14,265
2018-09-22 15:00:00,28.99,43.9,464.0,487.2,196.0,1.15,2.55,112.0,101776.0,False,9,15,265
2018-09-22 16:00:00,28.63,45.15,333.0,615.76,99.0,-3.15,2.34,107.0,101746.0,False,9,16,265
2018-09-22 17:00:00,27.37,50.65,114.0,222.42,73.0,-6.8,2.14,99.0,101756.0,False,9,17,265
2018-09-22 18:00:00,26.59,53.5,0.0,-0.0,0.0,-6.6,1.52,85.0,101776.0,False,9,18,265
2018-09-22 19:00:00,25.1,62.6,0.0,-0.0,0.0,-7.6,0.9,68.0,101806.0,False,9,19,265
2018-09-22 20:00:00,23.93,64.65,0.0,-0.0,0.0,-5.0,1.24,23.0,101855.0,False,9,20,265
2018-09-22 21:00:00,22.88,67.5,0.0,-0.0,0.0,-4.4,1.17,3.0,101865.0,False,9,21,265
2018-09-22 22:00:00,21.6,66.1,0.0,-0.0,0.0,-4.2,1.38,354.0,101865.0,False,9,22,265
2018-09-22 23:00:00,21.2,64.05,0.0,-0.0,0.0,-3.4,1.1,344.0,101855.0,False,9,23,265
2018-09-23 00:00:00,20.72,61.9,0.0,-0.0,0.0,-3.2,0.9,338.0,101845.0,False,9,0,266
2018-09-23 01:00:00,20.34,55.65,0.0,-0.0,0.0,324.25,0.97,342.0,101816.0,False,9,1,266
2018-09-23 02:00:00,19.55,52.2,0.0,-0.0,0.0,-1.8,1.03,341.0,101786.0,False,9,2,266
2018-09-23 03:00:00,18.89,45.4,0.0,-0.0,0.0,-0.6,1.1,343.0,101766.0,False,9,3,266
2018-09-23 04:00:00,18.82,41.15,0.0,-0.0,0.0,-0.35,1.17,342.0,101756.0,False,9,4,266
2018-09-23 05:00:00,18.81,38.2,0.0,-0.0,0.0,0.6,1.24,342.0,101746.0,False,9,5,266
2018-09-23 06:00:00,18.85,35.9,0.0,0.0,0.0,-0.2,1.24,343.0,101746.0,False,9,6,266
2018-09-23 07:00:00,20.59,33.75,181.0,471.79,70.0,1.6,0.83,344.0,101786.0,False,9,7,266
2018-09-23 08:00:00,25.63,20.2,397.0,747.79,79.0,6.8,1.24,17.0,101816.0,False,9,8,266
2018-09-23 09:00:00,26.93,26.2,556.0,721.52,133.0,9.8,2.14,66.0,101865.0,False,9,9,266
2018-09-23 10:00:00,29.0,20.6,730.0,917.53,81.0,7.6,2.14,80.0,101875.0,False,9,10,266
2018-09-23 11:00:00,29.8,22.6,816.0,935.65,86.0,6.2,2.76,93.0,101845.0,False,9,11,266
2018-09-23 12:00:00,30.49,23.95,787.0,753.82,184.0,4.8,3.17,99.0,101806.0,False,9,12,266
2018-09-23 13:00:00,30.62,25.2,748.0,743.66,179.0,3.4,3.31,99.0,101766.0,False,9,13,266
2018-09-23 14:00:00,30.58,24.85,676.0,813.9,124.0,1.0,3.31,96.0,101706.0,False,9,14,266
2018-09-23 15:00:00,30.25,27.55,536.0,820.05,89.0,-0.4,3.17,96.0,101656.0,False,9,15,266
2018-09-23 16:00:00,29.92,26.95,335.0,645.64,93.0,-3.0,2.97,94.0,101636.0,False,9,16,266
2018-09-23 17:00:00,28.71,29.9,131.0,407.77,58.0,-3.4,2.48,89.0,101646.0,False,9,17,266
2018-09-23 18:00:00,27.92,30.2,0.0,-0.0,0.0,-5.6,1.66,80.0,101646.0,False,9,18,266
2018-09-23 19:00:00,26.07,36.35,0.0,-0.0,0.0,-5.4,1.17,54.0,101676.0,False,9,19,266
2018-09-23 20:00:00,25.0,39.65,0.0,-0.0,0.0,-2.0,1.31,21.0,101676.0,False,9,20,266
2018-09-23 21:00:00,23.92,40.35,0.0,-0.0,0.0,-1.15,1.24,3.0,101696.0,False,9,21,266
2018-09-23 22:00:00,22.64,42.15,0.0,-0.0,0.0,-0.8,1.17,347.0,101686.0,False,9,22,266
2018-09-23 23:00:00,22.11,41.55,0.0,-0.0,0.0,-0.15,0.97,344.0,101676.0,False,9,23,266
2018-09-24 00:00:00,21.3,42.85,0.0,-0.0,0.0,-0.8,0.76,338.0,101686.0,False,9,0,267
2018-09-24 01:00:00,20.66,44.0,0.0,-0.0,0.0,339.05,0.62,333.0,101666.0,False,9,1,267
2018-09-24 02:00:00,19.84,43.45,0.0,-0.0,0.0,-1.6,0.41,324.0,101636.0,False,9,2,267
2018-09-24 03:00:00,19.33,42.85,0.0,-0.0,0.0,-1.4,0.41,320.0,101626.0,False,9,3,267
2018-09-24 04:00:00,19.25,43.65,0.0,-0.0,0.0,-1.15,0.62,324.0,101606.0,False,9,4,267
2018-09-24 05:00:00,18.95,44.45,0.0,-0.0,0.0,-0.8,0.83,328.0,101616.0,False,9,5,267
2018-09-24 06:00:00,18.85,43.35,0.0,0.0,0.0,-0.35,0.97,330.0,101596.0,False,9,6,267
2018-09-24 07:00:00,20.75,40.35,169.0,391.56,78.0,0.6,0.76,333.0,101656.0,False,9,7,267
2018-09-24 08:00:00,25.61,28.75,350.0,511.56,134.0,7.2,1.03,5.0,101676.0,False,9,8,267
2018-09-24 09:00:00,26.93,32.4,501.0,524.84,195.0,11.2,1.52,66.0,101726.0,False,9,9,267
2018-09-24 10:00:00,29.34,26.65,657.0,667.77,187.0,9.2,1.31,94.0,101726.0,False,9,10,267
2018-09-24 11:00:00,30.46,26.7,755.0,748.33,174.0,6.8,2.0,111.0,101686.0,False,9,11,267
2018-09-24 12:00:00,31.07,26.65,710.0,545.37,276.0,5.0,2.41,121.0,101666.0,False,9,12,267
2018-09-24 13:00:00,31.14,27.95,698.0,611.3,233.0,2.0,2.62,125.0,101616.0,False,9,13,267
2018-09-24 14:00:00,30.69,29.25,616.0,620.68,198.0,0.4,2.55,132.0,101586.0,False,9,14,267
2018-09-24 15:00:00,30.44,31.6,493.0,651.77,141.0,-1.4,2.34,134.0,101546.0,False,9,15,267
2018-09-24 16:00:00,29.69,34.6,321.0,603.32,98.0,-3.6,2.14,132.0,101507.0,False,9,16,267
2018-09-24 17:00:00,28.18,40.0,123.0,368.43,59.0,-4.4,1.79,132.0,101526.0,False,9,17,267
2018-09-24 18:00:00,27.27,42.15,0.0,-0.0,0.0,-6.6,1.17,120.0,101556.0,False,9,18,267
2018-09-24 19:00:00,26.43,44.65,0.0,-0.0,0.0,-2.2,0.97,89.0,101606.0,False,9,19,267
2018-09-24 20:00:00,25.07,51.9,0.0,-0.0,0.0,-3.0,1.03,65.0,101646.0,False,9,20,267
2018-09-24 21:00:00,23.22,56.4,0.0,-0.0,0.0,-1.6,1.03,42.0,101686.0,False,9,21,267
2018-09-24 22:00:00,21.95,62.7,0.0,-0.0,0.0,-1.35,0.83,11.0,101696.0,False,9,22,267
2018-09-24 23:00:00,21.63,61.05,0.0,-0.0,0.0,-2.4,0.76,349.0,101676.0,False,9,23,267
2018-09-25 00:00:00,21.43,59.15,0.0,-0.0,0.0,-0.6,0.69,346.0,101646.0,False,9,0,268
2018-09-25 01:00:00,21.02,57.55,0.0,-0.0,0.0,351.65,0.62,359.0,101656.0,False,9,1,268
2018-09-25 02:00:00,19.91,58.05,0.0,-0.0,0.0,-2.6,0.76,19.0,101636.0,False,9,2,268
2018-09-25 03:00:00,19.35,56.6,0.0,-0.0,0.0,-1.6,0.97,25.0,101606.0,False,9,3,268
2018-09-25 04:00:00,19.35,56.7,0.0,-0.0,0.0,4.2,1.03,29.0,101606.0,False,9,4,268
2018-09-25 05:00:00,19.22,57.5,0.0,-0.0,0.0,-4.0,1.1,29.0,101636.0,False,9,5,268
2018-09-25 06:00:00,19.41,57.45,0.0,0.0,0.0,3.2,1.17,27.0,101686.0,False,9,6,268
2018-09-25 07:00:00,20.31,54.6,171.0,440.08,70.0,16.4,1.66,30.0,101746.0,False,9,7,268
2018-09-25 08:00:00,23.29,44.75,371.0,656.02,96.0,0.0,2.14,60.0,101806.0,False,9,8,268
2018-09-25 09:00:00,24.15,49.75,540.0,708.9,129.0,-5.2,2.76,72.0,101855.0,False,9,9,268
2018-09-25 10:00:00,26.03,45.95,685.0,796.81,127.0,10.4,2.62,81.0,101895.0,False,9,10,268
2018-09-25 11:00:00,26.81,46.6,762.0,797.37,146.0,6.4,3.03,84.0,101865.0,False,9,11,268
2018-09-25 12:00:00,27.96,45.7,738.0,650.58,223.0,15.8,3.24,87.0,101806.0,False,9,12,268
2018-09-25 13:00:00,28.31,46.05,696.0,628.17,221.0,-8.2,3.52,90.0,101756.0,False,9,13,268
2018-09-25 14:00:00,28.0,48.75,613.0,637.1,187.0,2.6,3.45,92.0,101696.0,False,9,14,268
2018-09-25 15:00:00,26.75,57.0,489.0,665.38,133.0,3.0,3.24,94.0,101686.0,False,9,15,268
2018-09-25 16:00:00,26.43,57.95,313.0,598.23,95.0,-6.4,3.38,89.0,101666.0,False,9,16,268
2018-09-25 17:00:00,24.95,67.9,117.0,356.3,57.0,-2.2,3.1,87.0,101656.0,False,9,17,268
2018-09-25 18:00:00,24.0,70.9,0.0,-0.0,0.0,1.6,2.76,80.0,101726.0,False,9,18,268
2018-09-25 19:00:00,23.4,74.65,0.0,-0.0,0.0,-22.2,2.9,72.0,101796.0,False,9,19,268
2018-09-25 20:00:00,22.92,78.65,0.0,-0.0,0.0,19.2,2.83,68.0,101845.0,False,9,20,268
2018-09-25 21:00:00,21.77,82.2,0.0,-0.0,0.0,-8.4,2.76,65.0,101935.0,False,9,21,268
2018-09-25 22:00:00,20.73,88.3,0.0,-0.0,0.0,0.35,2.55,66.0,101965.0,False,9,22,268
2018-09-25 23:00:00,20.72,87.15,0.0,-0.0,0.0,12.0,2.62,59.0,101975.0,False,9,23,268
2018-09-26 00:00:00,20.33,87.1,0.0,-0.0,0.0,-7.6,2.55,59.0,102015.0,False,9,0,269
2018-09-26 01:00:00,20.25,85.6,0.0,-0.0,0.0,378.85,2.76,56.0,102005.0,False,9,1,269
2018-09-26 02:00:00,19.67,84.25,0.0,-0.0,0.0,5.6,2.62,53.0,101985.0,False,9,2,269
2018-09-26 03:00:00,19.5,82.75,0.0,-0.0,0.0,-9.2,2.41,49.0,101965.0,False,9,3,269
2018-09-26 04:00:00,19.27,82.9,0.0,-0.0,0.0,2.2,2.21,43.0,101995.0,False,9,4,269
2018-09-26 05:00:00,18.95,84.0,0.0,-0.0,0.0,-9.6,2.21,41.0,102005.0,False,9,5,269
2018-09-26 06:00:00,19.24,83.2,0.0,0.0,0.0,14.6,2.14,36.0,102045.0,False,9,6,269
2018-09-26 07:00:00,19.91,79.65,135.0,198.6,90.0,-6.8,2.21,37.0,102115.0,False,9,7,269
2018-09-26 08:00:00,22.18,67.65,290.0,273.96,176.0,7.2,2.76,44.0,102135.0,False,9,8,269
2018-09-26 09:00:00,24.05,62.2,423.0,294.9,253.0,-10.0,3.52,54.0,102164.0,False,9,9,269
2018-09-26 10:00:00,25.18,55.4,600.0,503.8,249.0,1.35,3.24,61.0,102184.0,False,9,10,269
2018-09-26 11:00:00,26.13,52.95,744.0,741.56,174.0,10.2,3.86,68.0,102155.0,False,9,11,269
2018-09-26 12:00:00,26.79,51.9,724.0,614.69,240.0,-2.8,4.55,70.0,102095.0,False,9,12,269
2018-09-26 13:00:00,26.96,50.8,703.0,657.23,209.0,-2.2,4.48,71.0,102105.0,False,9,13,269
2018-09-26 14:00:00,25.58,54.05,617.0,664.32,176.0,2.0,4.9,68.0,102075.0,False,9,14,269
2018-09-26 15:00:00,24.68,57.35,497.0,720.78,115.0,10.0,5.38,68.0,102035.0,False,9,15,269
2018-09-26 16:00:00,23.84,61.6,224.0,180.96,159.0,-6.0,5.24,64.0,102065.0,False,9,16,269
2018-09-26 17:00:00,21.76,74.05,55.0,18.4,52.0,-3.4,4.97,58.0,102045.0,False,9,17,269
2018-09-26 18:00:00,21.35,73.1,0.0,-0.0,0.0,-8.0,4.34,52.0,102115.0,False,9,18,269
2018-09-26 19:00:00,20.86,76.55,0.0,-0.0,0.0,-1.75,3.86,47.0,102194.0,False,9,19,269
2018-09-26 20:00:00,20.69,75.1,0.0,-0.0,0.0,-2.2,3.52,43.0,102204.0,False,9,20,269
2018-09-26 21:00:00,20.21,78.55,0.0,-0.0,0.0,-4.6,3.31,41.0,102254.0,False,9,21,269
2018-09-26 22:00:00,19.81,79.75,0.0,-0.0,0.0,7.0,3.17,40.0,102274.0,False,9,22,269
2018-09-26 23:00:00,19.73,79.7,0.0,-0.0,0.0,4.6,2.97,34.0,102264.0,False,9,23,269
2018-09-27 00:00:00,19.47,80.05,0.0,-0.0,0.0,11.2,3.45,42.0,102264.0,False,9,0,270
2018-09-27 01:00:00,19.17,81.05,0.0,-0.0,0.0,382.45,3.24,43.0,102244.0,False,9,1,270
2018-09-27 02:00:00,18.39,84.0,0.0,-0.0,0.0,-2.8,3.31,48.0,102224.0,False,9,2,270
2018-09-27 03:00:00,17.93,84.5,0.0,-0.0,0.0,-3.15,3.31,46.0,102174.0,False,9,3,270
2018-09-27 04:00:00,17.75,84.25,0.0,-0.0,0.0,-4.8,3.24,44.0,102204.0,False,9,4,270
2018-09-27 05:00:00,17.56,86.25,0.0,-0.0,0.0,-9.4,3.38,46.0,102174.0,False,9,5,270
2018-09-27 06:00:00,17.66,85.25,0.0,0.0,0.0,8.2,3.38,42.0,102194.0,False,9,6,270
2018-09-27 07:00:00,17.79,83.2,118.0,120.73,91.0,0.0,3.45,42.0,102224.0,False,9,7,270
2018-09-27 08:00:00,19.97,73.6,253.0,164.65,185.0,-3.8,3.93,44.0,102244.0,False,9,8,270
2018-09-27 09:00:00,21.17,67.35,400.0,242.53,261.0,1.4,4.69,50.0,102274.0,False,9,9,270
2018-09-27 10:00:00,22.75,57.5,510.0,278.47,317.0,0.2,4.69,56.0,102264.0,False,9,10,270
2018-09-27 11:00:00,23.28,55.4,602.0,349.15,335.0,-2.6,5.1,65.0,102214.0,False,9,11,270
2018-09-27 12:00:00,23.9,53.35,666.0,462.25,304.0,1.6,4.9,72.0,102155.0,False,9,12,270
2018-09-27 13:00:00,24.48,51.4,674.0,579.6,241.0,-0.6,5.03,70.0,102095.0,False,9,13,270
2018-09-27 14:00:00,24.7,49.3,613.0,663.13,176.0,-4.6,4.76,71.0,102005.0,False,9,14,270
2018-09-27 15:00:00,24.64,49.7,470.0,615.33,147.0,2.2,4.69,72.0,101935.0,False,9,15,270
2018-09-27 16:00:00,24.02,52.45,300.0,562.2,101.0,-11.0,4.69,71.0,101945.0,False,9,16,270
2018-09-27 17:00:00,22.57,58.6,108.0,335.9,55.0,-3.35,4.28,69.0,101895.0,False,9,17,270
2018-09-27 18:00:00,21.47,64.75,0.0,-0.0,0.0,-4.8,3.72,62.0,101915.0,False,9,18,270
2018-09-27 19:00:00,20.96,69.45,0.0,-0.0,0.0,-2.2,3.17,52.0,101935.0,False,9,19,270
2018-09-27 20:00:00,19.93,73.3,0.0,-0.0,0.0,-0.75,2.76,46.0,101965.0,False,9,20,270
2018-09-27 21:00:00,19.15,76.15,0.0,-0.0,0.0,0.0,2.34,42.0,102005.0,False,9,21,270
2018-09-27 22:00:00,18.6,81.45,0.0,-0.0,0.0,1.6,2.21,38.0,101965.0,False,9,22,270
2018-09-27 23:00:00,18.26,80.3,0.0,-0.0,0.0,-1.0,1.86,36.0,101935.0,False,9,23,270
2018-09-28 00:00:00,17.61,80.7,0.0,-0.0,0.0,0.15,1.52,31.0,101915.0,False,9,0,271
2018-09-28 01:00:00,17.33,80.4,0.0,-0.0,0.0,340.85,1.38,24.0,101845.0,False,9,1,271
2018-09-28 02:00:00,16.22,86.35,0.0,-0.0,0.0,-11.8,1.17,20.0,101766.0,False,9,2,271
2018-09-28 03:00:00,15.51,86.95,0.0,-0.0,0.0,6.0,1.1,19.0,101706.0,False,9,3,271
2018-09-28 04:00:00,15.31,86.4,0.0,-0.0,0.0,10.6,1.1,20.0,101736.0,False,9,4,271
2018-09-28 05:00:00,14.77,86.3,0.0,-0.0,0.0,-9.0,1.1,18.0,101706.0,False,9,5,271
2018-09-28 06:00:00,14.9,84.0,0.0,0.0,0.0,13.4,0.97,17.0,101726.0,False,9,6,271
2018-09-28 07:00:00,15.59,79.9,169.0,466.78,66.0,-14.6,1.31,24.0,101746.0,False,9,7,271
2018-09-28 08:00:00,18.9,65.7,368.0,661.21,97.0,6.0,1.59,57.0,101786.0,False,9,8,271
2018-09-28 09:00:00,20.38,64.95,537.0,712.6,131.0,3.2,2.28,79.0,101776.0,False,9,9,271
2018-09-28 10:00:00,22.29,53.6,667.0,739.75,157.0,12.4,2.14,84.0,101756.0,False,9,10,271
2018-09-28 11:00:00,23.14,53.15,759.0,799.22,151.0,7.8,2.14,96.0,101706.0,False,9,11,271
2018-09-28 12:00:00,24.32,49.55,700.0,549.54,272.0,-0.75,2.07,105.0,101656.0,False,9,12,271
2018-09-28 13:00:00,24.51,49.2,686.0,614.16,230.0,14.0,2.21,114.0,101576.0,False,9,13,271
2018-09-28 14:00:00,24.81,48.9,626.0,715.45,158.0,1.6,2.28,118.0,101507.0,False,9,14,271
2018-09-28 15:00:00,24.57,50.55,480.0,665.59,134.0,-8.0,2.55,126.0,101437.0,False,9,15,271
2018-09-28 16:00:00,24.3,52.8,257.0,335.49,140.0,3.6,2.41,123.0,101437.0,False,9,16,271
2018-09-28 17:00:00,22.7,62.3,77.0,111.48,60.0,-24.6,2.21,129.0,101427.0,False,9,17,271
2018-09-28 18:00:00,21.6,68.8,0.0,-0.0,0.0,-5.4,1.66,124.0,101427.0,False,9,18,271
2018-09-28 19:00:00,21.11,71.6,0.0,-0.0,0.0,12.0,1.38,111.0,101467.0,False,9,19,271
2018-09-28 20:00:00,19.93,78.45,0.0,-0.0,0.0,-14.6,1.1,101.0,101487.0,False,9,20,271
2018-09-28 21:00:00,18.75,85.05,0.0,-0.0,0.0,2.0,0.69,98.0,101526.0,False,9,21,271
2018-09-28 22:00:00,17.21,89.7,0.0,-0.0,0.0,-5.2,0.62,30.0,101507.0,False,9,22,271
2018-09-28 23:00:00,16.78,90.75,0.0,-0.0,0.0,-1.6,0.69,14.0,101477.0,False,9,23,271
2018-09-29 00:00:00,16.53,90.9,0.0,-0.0,0.0,1.6,0.76,358.0,101467.0,False,9,0,272
2018-09-29 01:00:00,16.45,90.25,0.0,-0.0,0.0,344.25,0.9,345.0,101437.0,False,9,1,272
2018-09-29 02:00:00,15.87,91.7,0.0,-0.0,0.0,-1.15,0.9,335.0,101417.0,False,9,2,272
2018-09-29 03:00:00,15.21,90.05,0.0,-0.0,0.0,4.2,0.97,333.0,101387.0,False,9,3,272
2018-09-29 04:00:00,14.57,90.7,0.0,-0.0,0.0,-16.4,0.97,335.0,101347.0,False,9,4,272
2018-09-29 05:00:00,14.2,90.65,0.0,-0.0,0.0,-0.4,1.1,335.0,101347.0,False,9,5,272
2018-09-29 06:00:00,14.01,90.2,0.0,0.0,0.0,-9.6,1.31,335.0,101397.0,False,9,6,272
2018-09-29 07:00:00,14.98,86.5,172.0,505.37,62.0,11.0,1.03,336.0,101417.0,False,9,7,272
2018-09-29 08:00:00,18.92,61.35,366.0,636.87,107.0,-0.8,0.21,1.0,101457.0,False,9,8,272
2018-09-29 09:00:00,20.95,59.05,536.0,693.95,143.0,3.4,0.76,138.0,101457.0,False,9,9,272
2018-09-29 10:00:00,22.48,54.75,715.0,917.29,86.0,8.6,0.9,150.0,101447.0,False,9,10,272
2018-09-29 11:00:00,23.59,53.25,744.0,729.46,192.0,2.15,1.59,152.0,101417.0,False,9,11,272
2018-09-29 12:00:00,24.13,53.1,796.0,843.12,143.0,-1.55,1.79,152.0,101367.0,False,9,12,272
2018-09-29 13:00:00,24.51,51.9,749.0,814.53,148.0,4.4,1.72,151.0,101287.0,False,9,13,272
2018-09-29 14:00:00,24.99,51.05,673.0,904.12,86.0,0.75,2.21,154.0,101267.0,False,9,14,272
2018-09-29 15:00:00,24.44,54.65,499.0,755.7,110.0,10.2,2.07,157.0,101207.0,False,9,15,272
2018-09-29 16:00:00,24.01,57.25,300.0,588.03,98.0,-10.4,1.45,159.0,101207.0,False,9,16,272
2018-09-29 17:00:00,22.38,67.55,105.0,380.39,49.0,-1.35,1.79,153.0,101197.0,False,9,17,272
2018-09-29 18:00:00,21.61,71.2,0.0,-0.0,0.0,-3.8,1.45,150.0,101217.0,False,9,18,272
2018-09-29 19:00:00,20.8,73.25,0.0,-0.0,0.0,-8.8,0.9,145.0,101297.0,False,9,19,272
2018-09-29 20:00:00,19.4,82.25,0.0,-0.0,0.0,-3.8,0.48,119.0,101307.0,False,9,20,272
2018-09-29 21:00:00,17.81,85.85,0.0,-0.0,0.0,-1.4,0.41,49.0,101377.0,False,9,21,272
2018-09-29 22:00:00,17.46,86.9,0.0,-0.0,0.0,-2.6,0.21,347.0,101397.0,False,9,22,272
2018-09-29 23:00:00,16.33,93.6,0.0,-0.0,0.0,1.8,0.69,355.0,101367.0,False,9,23,272
2018-09-30 00:00:00,16.07,94.35,0.0,-0.0,0.0,-0.75,0.83,345.0,101357.0,False,9,0,273
2018-09-30 01:00:00,15.82,94.2,0.0,-0.0,0.0,333.25,0.97,325.0,101377.0,False,9,1,273
2018-09-30 02:00:00,15.46,96.0,0.0,-0.0,0.0,0.6,1.1,337.0,101347.0,False,9,2,273
2018-09-30 03:00:00,14.81,94.5,0.0,-0.0,0.0,1.35,1.24,337.0,101317.0,False,9,3,273
2018-09-30 04:00:00,14.4,92.5,0.0,-0.0,0.0,-3.4,1.17,339.0,101347.0,False,9,4,273
2018-09-30 05:00:00,13.95,90.45,0.0,-0.0,0.0,0.15,1.1,337.0,101357.0,False,9,5,273
2018-09-30 06:00:00,13.91,89.15,0.0,0.0,0.0,-5.0,0.97,327.0,101377.0,False,9,6,273
2018-09-30 07:00:00,15.37,80.95,92.0,51.25,81.0,-3.6,0.83,319.0,101437.0,False,9,7,273
2018-09-30 08:00:00,19.36,59.95,191.0,52.05,170.0,8.8,0.48,215.0,101507.0,False,9,8,273
2018-09-30 09:00:00,21.21,57.55,430.0,339.33,239.0,11.2,0.97,181.0,101536.0,False,9,9,273
2018-09-30 10:00:00,22.97,52.6,672.0,793.28,131.0,14.8,0.9,183.0,101546.0,False,9,10,273
2018-09-30 11:00:00,23.31,54.75,674.0,552.7,258.0,19.0,1.31,169.0,101526.0,False,9,11,273
2018-09-30 12:00:00,24.54,53.1,693.0,558.34,263.0,2.0,1.59,168.0,101467.0,False,9,12,273
2018-09-30 13:00:00,25.01,52.45,695.0,675.12,200.0,-15.4,1.79,170.0,101427.0,False,9,13,273
2018-09-30 14:00:00,25.05,52.5,628.0,765.11,135.0,7.0,1.72,173.0,101367.0,False,9,14,273
2018-09-30 15:00:00,24.76,52.7,459.0,620.02,143.0,-1.55,1.59,174.0,101327.0,False,9,15,273
2018-09-30 16:00:00,22.6,61.16,267.0,437.48,119.0,4.57,0.89,179.0,101327.0,False,9,16,273
2018-09-30 17:00:00,22.31,63.21,89.0,253.6,53.0,7.01,1.03,179.0,101307.0,False,9,17,273
2018-09-30 18:00:00,22.02,65.27,0.0,-0.0,0.0,9.46,1.16,185.0,101327.0,False,9,18,273
2018-09-30 19:00:00,21.73,67.32,0.0,-0.0,0.0,11.9,1.3,219.0,101407.0,False,9,19,273
2018-09-30 20:00:00,21.44,69.38,0.0,-0.0,0.0,14.34,1.43,268.0,101427.0,False,9,20,273
2018-09-30 21:00:00,21.15,71.43,0.0,-0.0,0.0,16.79,1.56,301.0,101447.0,False,9,21,273
2018-09-30 22:00:00,20.86,73.49,0.0,-0.0,0.0,19.23,1.7,298.0,101437.0,False,9,22,273
2018-09-30 23:00:00,20.58,75.54,0.0,-0.0,0.0,21.67,1.83,300.0,101417.0,False,9,23,273
2014-10-01 00:00:00,20.29,77.6,0.0,-0.0,0.0,24.12,1.96,48.0,101806.0,False,10,0,274
2014-10-01 01:00:00,20.0,79.65,0.0,-0.0,0.0,26.56,2.1,25.0,101696.0,False,10,1,274
2014-10-01 02:00:00,19.71,81.71,0.0,-0.0,0.0,29.0,2.23,30.0,101746.0,False,10,2,274
2014-10-01 03:00:00,19.42,83.76,0.0,-0.0,0.0,31.45,2.36,44.0,101716.0,False,10,3,274
2014-10-01 04:00:00,19.13,85.82,0.0,-0.0,0.0,33.89,2.5,42.0,101716.0,False,10,4,274
2014-10-01 05:00:00,18.84,87.87,0.0,-0.0,0.0,36.33,2.63,41.0,101766.0,False,10,5,274
2014-10-01 06:00:00,18.56,89.93,0.0,0.0,0.0,38.77,2.77,45.0,101776.0,False,10,6,274
2014-10-01 07:00:00,18.27,91.98,54.0,0.0,54.0,41.22,2.9,43.0,101786.0,False,10,7,274
2014-10-01 08:00:00,20.03,80.6,129.0,2.5,128.0,17.8,3.17,50.0,101826.0,False,10,8,274
2014-10-01 09:00:00,20.34,81.75,109.0,0.0,109.0,-1.2,4.0,68.0,101905.0,False,10,9,274
2014-10-01 10:00:00,20.64,81.45,184.0,0.0,184.0,0.0,3.31,71.0,101905.0,False,10,10,274
2014-10-01 11:00:00,20.58,83.3,433.0,88.17,367.0,-3.2,4.0,68.0,101845.0,False,10,11,274
2014-10-01 12:00:00,21.93,77.1,666.0,476.65,301.0,1.15,3.72,61.0,101796.0,False,10,12,274
2014-10-01 13:00:00,22.82,70.05,722.0,763.19,166.0,-4.8,3.66,71.0,101756.0,False,10,13,274
2014-10-01 14:00:00,24.57,58.2,620.0,731.89,152.0,-5.6,4.07,77.0,101696.0,False,10,14,274
2014-10-01 15:00:00,24.44,59.15,457.0,608.45,150.0,-12.6,4.34,70.0,101656.0,False,10,15,274
2014-10-01 16:00:00,23.8,64.15,289.0,588.43,93.0,5.4,4.41,63.0,101626.0,False,10,16,274
2014-10-01 17:00:00,21.63,75.8,89.0,292.59,49.0,-14.6,3.93,57.0,101636.0,False,10,17,274
2014-10-01 18:00:00,21.21,79.6,0.0,-0.0,0.0,-9.8,3.1,47.0,101636.0,False,10,18,274
2014-10-01 19:00:00,20.73,79.5,0.0,-0.0,0.0,3.0,3.03,42.0,101676.0,False,10,19,274
2014-10-01 20:00:00,20.71,78.55,0.0,-0.0,0.0,-1.55,2.97,33.0,101706.0,False,10,20,274
2014-10-01 21:00:00,20.26,80.95,0.0,-0.0,0.0,0.75,2.76,28.0,101736.0,False,10,21,274
2014-10-01 22:00:00,20.08,85.3,0.0,-0.0,0.0,-3.0,2.48,33.0,101736.0,False,10,22,274
2014-10-01 23:00:00,19.9,85.8,0.0,-0.0,0.0,2.75,2.62,42.0,101746.0,False,10,23,274
2014-10-02 00:00:00,19.62,85.85,0.0,-0.0,0.0,0.6,2.9,36.0,101746.0,False,10,0,275
2014-10-02 01:00:00,19.26,86.6,0.0,-0.0,0.0,361.05,2.34,31.0,101746.0,False,10,1,275
2014-10-02 02:00:00,18.82,87.7,0.0,-0.0,0.0,4.6,2.21,32.0,101736.0,False,10,2,275
2014-10-02 03:00:00,19.4,84.05,0.0,-0.0,0.0,9.2,2.41,33.0,101696.0,False,10,3,275
2014-10-02 04:00:00,19.62,83.75,0.0,-0.0,0.0,-3.0,2.34,33.0,101716.0,False,10,4,275
2014-10-02 05:00:00,19.37,84.35,0.0,-0.0,0.0,-3.0,2.34,33.0,101716.0,False,10,5,275
2014-10-02 06:00:00,19.13,84.6,0.0,0.0,0.0,3.6,2.34,33.0,101736.0,False,10,6,275
2014-10-02 07:00:00,19.15,84.6,166.0,532.34,55.0,-8.4,2.76,35.0,101756.0,False,10,7,275
2014-10-02 08:00:00,20.73,76.1,211.0,83.13,178.0,14.8,3.17,40.0,101806.0,False,10,8,275
2014-10-02 09:00:00,21.08,73.4,427.0,331.02,243.0,-12.2,3.52,53.0,101915.0,False,10,9,275
2014-10-02 10:00:00,22.99,57.45,390.0,93.42,327.0,4.0,3.31,67.0,101895.0,False,10,10,275
2014-10-02 11:00:00,23.49,56.9,603.0,369.39,328.0,16.4,3.72,82.0,101885.0,False,10,11,275
2014-10-02 12:00:00,23.63,57.6,291.0,6.57,286.0,7.4,3.79,86.0,101836.0,False,10,12,275
2014-10-02 13:00:00,23.02,62.55,437.0,109.14,358.0,2.2,3.86,79.0,101736.0,False,10,13,275
2014-10-02 14:00:00,23.05,62.85,622.0,758.07,141.0,-4.4,3.93,75.0,101696.0,False,10,14,275
2014-10-02 15:00:00,23.89,62.25,449.0,594.64,152.0,-12.6,3.45,88.0,101696.0,False,10,15,275
2014-10-02 16:00:00,22.83,62.5,295.0,664.85,77.0,-2.0,3.52,74.0,101606.0,False,10,16,275
2014-10-02 17:00:00,21.06,73.25,75.0,174.92,52.0,-6.2,2.97,58.0,101676.0,False,10,17,275
2014-10-02 18:00:00,20.85,73.4,0.0,-0.0,0.0,1.4,3.03,61.0,101716.0,False,10,18,275
2014-10-02 19:00:00,20.33,74.7,0.0,-0.0,0.0,-2.8,2.69,39.0,101746.0,False,10,19,275
2014-10-02 20:00:00,19.67,75.95,0.0,-0.0,0.0,-9.8,1.86,24.0,101726.0,False,10,20,275
2014-10-02 21:00:00,18.68,79.4,0.0,-0.0,0.0,-12.4,1.66,28.0,101756.0,False,10,21,275
2014-10-02 22:00:00,18.1,83.4,0.0,-0.0,0.0,-4.6,1.72,40.0,101746.0,False,10,22,275
2014-10-02 23:00:00,17.99,83.95,0.0,-0.0,0.0,-0.75,1.66,33.0,101706.0,False,10,23,275
2014-10-03 00:00:00,17.15,84.7,0.0,-0.0,0.0,-6.8,1.86,38.0,101726.0,False,10,0,276
2014-10-03 01:00:00,17.1,85.55,0.0,-0.0,0.0,340.85,1.86,33.0,101746.0,False,10,1,276
2014-10-03 02:00:00,16.83,85.75,0.0,-0.0,0.0,2.6,1.45,19.0,101706.0,False,10,2,276
2014-10-03 03:00:00,16.43,85.7,0.0,-0.0,0.0,-5.6,1.24,9.0,101656.0,False,10,3,276
2014-10-03 04:00:00,16.02,86.2,0.0,-0.0,0.0,1.0,1.17,8.0,101666.0,False,10,4,276
2014-10-03 05:00:00,16.01,85.8,0.0,-0.0,0.0,10.6,1.17,5.0,101676.0,False,10,5,276
2014-10-03 06:00:00,16.17,84.7,0.0,0.0,0.0,4.4,1.24,1.0,101716.0,False,10,6,276
2014-10-03 07:00:00,16.57,83.6,156.0,457.62,62.0,-24.4,1.72,3.0,101736.0,False,10,7,276
2014-10-03 08:00:00,20.23,65.45,359.0,685.9,89.0,8.8,1.31,32.0,101806.0,False,10,8,276
2014-10-03 09:00:00,21.51,61.05,537.0,773.15,110.0,2.35,1.79,76.0,101855.0,False,10,9,276
2014-10-03 10:00:00,23.98,46.8,680.0,847.09,112.0,8.4,1.79,92.0,101816.0,False,10,10,276
2014-10-03 11:00:00,24.23,48.65,760.0,860.45,123.0,5.4,1.79,93.0,101796.0,False,10,11,276
2014-10-03 12:00:00,24.35,50.2,763.0,804.61,154.0,8.4,1.86,102.0,101746.0,False,10,12,276
2014-10-03 13:00:00,24.03,52.9,644.0,536.77,258.0,16.6,1.93,115.0,101716.0,False,10,13,276
2014-10-03 14:00:00,24.29,53.65,613.0,743.36,145.0,-5.0,2.0,118.0,101686.0,False,10,14,276
2014-10-03 15:00:00,23.98,55.25,446.0,604.82,147.0,-7.6,2.0,122.0,101636.0,False,10,15,276
2014-10-03 16:00:00,23.98,56.9,279.0,579.48,92.0,7.6,2.14,123.0,101606.0,False,10,16,276
2014-10-03 17:00:00,21.8,68.5,84.0,308.81,45.0,-7.0,1.93,120.0,101626.0,False,10,17,276
2014-10-03 18:00:00,21.39,71.9,0.0,-0.0,0.0,-7.6,1.52,115.0,101636.0,False,10,18,276
2014-10-03 19:00:00,20.98,75.6,0.0,-0.0,0.0,4.4,1.17,108.0,101656.0,False,10,19,276
2014-10-03 20:00:00,19.82,84.1,0.0,-0.0,0.0,-6.8,0.83,101.0,101676.0,False,10,20,276
2014-10-03 21:00:00,18.27,91.55,0.0,-0.0,0.0,-13.2,0.55,99.0,101706.0,False,10,21,276
2014-10-03 22:00:00,17.19,95.7,0.0,-0.0,0.0,-4.4,0.48,71.0,101686.0,False,10,22,276
2014-10-03 23:00:00,17.11,95.05,0.0,-0.0,0.0,14.8,0.48,37.0,101676.0,False,10,23,276
2014-10-04 00:00:00,16.4,95.4,0.0,-0.0,0.0,-13.8,0.55,355.0,101666.0,False,10,0,277
2014-10-04 01:00:00,16.5,95.05,0.0,-0.0,0.0,344.25,0.41,330.0,101616.0,False,10,1,277
2014-10-04 02:00:00,16.24,94.65,0.0,-0.0,0.0,3.2,0.83,320.0,101566.0,False,10,2,277
2014-10-04 03:00:00,16.19,92.35,0.0,-0.0,0.0,-4.2,0.83,311.0,101526.0,False,10,3,277
2014-10-04 04:00:00,16.03,91.75,0.0,-0.0,0.0,-2.6,0.97,303.0,101526.0,False,10,4,277
2014-10-04 05:00:00,15.64,91.1,0.0,-0.0,0.0,-2.75,1.1,297.0,101516.0,False,10,5,277
2014-10-04 06:00:00,15.62,89.4,0.0,-0.0,0.0,-0.75,1.1,300.0,101497.0,False,10,6,277
2014-10-04 07:00:00,15.99,83.7,156.0,479.52,59.0,11.8,1.03,305.0,101516.0,False,10,7,277
2014-10-04 08:00:00,19.73,63.5,356.0,681.52,90.0,-14.4,0.76,243.0,101546.0,False,10,8,277
2014-10-04 09:00:00,20.52,64.75,531.0,758.17,115.0,12.2,1.17,212.0,101576.0,False,10,9,277
2014-10-04 10:00:00,23.96,49.9,665.0,799.53,132.0,6.6,1.1,226.0,101606.0,False,10,10,277
2014-10-04 11:00:00,24.38,52.15,747.0,827.3,138.0,2.4,1.31,196.0,101546.0,False,10,11,277
2014-10-04 12:00:00,24.52,54.45,683.0,556.88,264.0,5.8,1.59,189.0,101507.0,False,10,12,277
2014-10-04 13:00:00,24.57,56.45,561.0,328.96,326.0,7.0,1.59,195.0,101447.0,False,10,13,277
2014-10-04 14:00:00,23.75,57.6,416.0,176.11,306.0,0.6,1.59,201.0,101377.0,False,10,14,277
2014-10-04 15:00:00,24.49,55.8,454.0,664.26,129.0,9.2,1.59,209.0,101357.0,False,10,15,277
2014-10-04 16:00:00,24.55,53.35,210.0,220.45,140.0,-16.8,1.59,212.0,101337.0,False,10,16,277
2014-10-04 17:00:00,22.63,60.05,65.0,148.62,47.0,-4.6,1.52,214.0,101347.0,False,10,17,277
2014-10-04 18:00:00,22.43,63.25,0.0,-0.0,0.0,2.4,1.24,224.0,101337.0,False,10,18,277
2014-10-04 19:00:00,22.21,63.45,0.0,-0.0,0.0,2.8,1.1,242.0,101347.0,False,10,19,277
2014-10-04 20:00:00,21.09,71.5,0.0,-0.0,0.0,3.0,1.17,264.0,101347.0,False,10,20,277
2014-10-04 21:00:00,19.67,76.7,0.0,-0.0,0.0,-2.8,1.1,276.0,101387.0,False,10,21,277
2014-10-04 22:00:00,18.67,81.8,0.0,-0.0,0.0,-7.6,1.38,265.0,101397.0,False,10,22,277
2014-10-04 23:00:00,18.34,80.3,0.0,-0.0,0.0,-3.4,1.45,276.0,101377.0,False,10,23,277
2014-10-05 00:00:00,17.88,78.25,0.0,-0.0,0.0,-4.4,1.24,287.0,101327.0,False,10,0,278
2014-10-05 01:00:00,17.69,77.1,0.0,-0.0,0.0,345.45,1.38,296.0,101297.0,False,10,1,278
2014-10-05 02:00:00,16.97,77.15,0.0,-0.0,0.0,-6.4,1.24,301.0,101237.0,False,10,2,278
2014-10-05 03:00:00,16.82,71.55,0.0,-0.0,0.0,6.4,1.31,302.0,101217.0,False,10,3,278
2014-10-05 04:00:00,16.61,70.65,0.0,-0.0,0.0,-8.4,1.38,306.0,101197.0,False,10,4,278
2014-10-05 05:00:00,16.19,68.35,0.0,-0.0,0.0,-0.6,1.17,305.0,101197.0,False,10,5,278
2014-10-05 06:00:00,15.96,66.65,0.0,-0.0,0.0,0.2,1.1,304.0,101188.0,False,10,6,278
2014-10-05 07:00:00,16.76,62.65,123.0,220.96,79.0,4.2,1.17,303.0,101227.0,False,10,7,278
2014-10-05 08:00:00,20.87,45.3,330.0,540.15,121.0,0.0,0.9,265.0,101247.0,False,10,8,278
2014-10-05 09:00:00,22.13,49.2,515.0,700.85,133.0,5.0,1.31,222.0,101267.0,False,10,9,278
2014-10-05 10:00:00,23.96,46.35,657.0,783.14,138.0,14.6,1.59,198.0,101267.0,False,10,10,278
2014-10-05 11:00:00,24.47,49.75,767.0,923.61,91.0,1.0,1.86,219.0,101247.0,False,10,11,278
2014-10-05 12:00:00,24.21,53.8,771.0,865.08,124.0,-0.6,2.07,216.0,101217.0,False,10,12,278
2014-10-05 13:00:00,24.94,52.05,737.0,900.47,98.0,18.6,2.07,201.0,101118.0,False,10,13,278
2014-10-05 14:00:00,24.7,54.5,630.0,860.13,97.0,-7.6,2.07,197.0,101068.0,False,10,14,278
2014-10-05 15:00:00,24.86,52.15,423.0,543.19,160.0,-15.8,1.93,190.0,101038.0,False,10,15,278
2014-10-05 16:00:00,24.33,52.3,227.0,313.72,129.0,14.2,1.79,182.0,101028.0,False,10,16,278
2014-10-05 17:00:00,22.32,62.2,60.0,129.34,45.0,-10.6,1.66,181.0,101028.0,False,10,17,278
2014-10-05 18:00:00,21.83,66.9,0.0,-0.0,0.0,-1.6,1.31,179.0,101038.0,False,10,18,278
2014-10-05 19:00:00,21.34,73.2,0.0,-0.0,0.0,2.8,0.9,186.0,101058.0,False,10,19,278
2014-10-05 20:00:00,20.62,78.25,0.0,-0.0,0.0,-4.8,0.69,198.0,101078.0,False,10,20,278
2014-10-05 21:00:00,19.56,80.65,0.0,-0.0,0.0,-1.0,0.48,215.0,101118.0,False,10,21,278
2014-10-05 22:00:00,18.67,87.4,0.0,-0.0,0.0,7.8,0.62,230.0,101128.0,False,10,22,278
2014-10-05 23:00:00,18.26,87.95,0.0,-0.0,0.0,1.35,0.69,248.0,101128.0,False,10,23,278
2014-10-06 00:00:00,17.32,92.45,0.0,-0.0,0.0,-16.2,0.76,247.0,101098.0,False,10,0,279
2014-10-06 01:00:00,16.76,94.0,0.0,-0.0,0.0,348.25,0.97,247.0,101098.0,False,10,1,279
2014-10-06 02:00:00,15.77,97.65,0.0,-0.0,0.0,-3.8,1.1,251.0,101048.0,False,10,2,279
2014-10-06 03:00:00,16.27,93.95,0.0,-0.0,0.0,12.4,1.03,259.0,101028.0,False,10,3,279
2014-10-06 04:00:00,16.05,93.1,0.0,-0.0,0.0,-4.0,1.24,276.0,101018.0,False,10,4,279
2014-10-06 05:00:00,15.39,92.85,0.0,-0.0,0.0,-16.2,1.03,290.0,100998.0,False,10,5,279
2014-10-06 06:00:00,15.0,93.2,0.0,-0.0,0.0,-5.2,1.24,297.0,101008.0,False,10,6,279
2014-10-06 07:00:00,16.04,89.65,144.0,413.37,63.0,-2.15,1.24,291.0,101038.0,False,10,7,279
2014-10-06 08:00:00,20.55,68.0,345.0,654.45,94.0,7.2,1.31,237.0,101078.0,False,10,8,279
2014-10-06 09:00:00,21.66,57.4,500.0,648.33,149.0,-13.8,2.14,217.0,101108.0,False,10,9,279
2014-10-06 10:00:00,24.3,35.3,660.0,812.13,125.0,5.0,2.41,218.0,101118.0,False,10,10,279
2014-10-06 11:00:00,25.09,31.9,754.0,889.15,107.0,3.6,2.83,208.0,101078.0,False,10,11,279
2014-10-06 12:00:00,25.47,31.55,770.0,881.1,115.0,1.2,3.31,208.0,101058.0,False,10,12,279
2014-10-06 13:00:00,26.1,30.4,736.0,915.07,91.0,2.35,3.45,212.0,100978.0,False,10,13,279
2014-10-06 14:00:00,26.4,30.35,621.0,842.66,103.0,0.0,3.52,216.0,100908.0,False,10,14,279
2014-10-06 15:00:00,26.39,30.05,456.0,726.36,108.0,-3.8,3.31,219.0,100868.0,False,10,15,279
2014-10-06 16:00:00,25.94,30.65,274.0,657.46,72.0,-2.35,3.1,220.0,100859.0,False,10,16,279
2014-10-06 17:00:00,23.48,41.65,76.0,369.83,35.0,-3.4,2.62,223.0,100849.0,False,10,17,279
2014-10-06 18:00:00,22.4,47.3,0.0,-0.0,0.0,-4.8,2.0,230.0,100888.0,False,10,18,279
2014-10-06 19:00:00,21.72,49.9,0.0,-0.0,0.0,-1.4,1.72,249.0,100918.0,False,10,19,279
2014-10-06 20:00:00,20.47,56.95,0.0,-0.0,0.0,-1.6,1.72,264.0,100958.0,False,10,20,279
2014-10-06 21:00:00,19.08,63.1,0.0,-0.0,0.0,-1.2,1.52,283.0,100988.0,False,10,21,279
2014-10-06 22:00:00,17.92,69.55,0.0,-0.0,0.0,-1.6,1.66,297.0,101018.0,False,10,22,279
2014-10-06 23:00:00,17.11,69.0,0.0,-0.0,0.0,-0.75,1.66,304.0,100998.0,False,10,23,279
2014-10-07 00:00:00,16.38,68.5,0.0,-0.0,0.0,-0.8,1.72,307.0,101008.0,False,10,0,280
2014-10-07 01:00:00,15.94,67.6,0.0,-0.0,0.0,312.85,1.72,309.0,100988.0,False,10,1,280
2014-10-07 02:00:00,14.97,69.55,0.0,-0.0,0.0,-0.35,1.66,311.0,100968.0,False,10,2,280
2014-10-07 03:00:00,15.51,65.55,0.0,-0.0,0.0,5.6,1.66,312.0,100958.0,False,10,3,280
2014-10-07 04:00:00,15.34,64.55,0.0,-0.0,0.0,-6.8,1.72,312.0,100968.0,False,10,4,280
2014-10-07 05:00:00,15.21,62.3,0.0,-0.0,0.0,4.6,1.59,313.0,100958.0,False,10,5,280
2014-10-07 06:00:00,14.94,60.2,0.0,-0.0,0.0,-8.2,1.45,315.0,101008.0,False,10,6,280
2014-10-07 07:00:00,15.82,54.5,152.0,518.82,52.0,-1.35,1.66,319.0,101018.0,False,10,7,280
2014-10-07 08:00:00,19.91,38.4,353.0,728.76,76.0,3.15,1.17,314.0,101088.0,False,10,8,280
2014-10-07 09:00:00,21.87,34.55,533.0,825.76,89.0,7.4,0.97,229.0,101138.0,False,10,9,280
2014-10-07 10:00:00,24.68,25.85,670.0,873.58,98.0,7.0,1.66,202.0,101158.0,False,10,10,280
2014-10-07 11:00:00,25.42,28.6,766.0,955.23,75.0,5.0,1.93,196.0,101128.0,False,10,11,280
2014-10-07 12:00:00,26.0,30.9,757.0,847.27,131.0,3.6,2.21,196.0,101078.0,False,10,12,280
2014-10-07 13:00:00,26.24,32.2,731.0,914.17,91.0,1.75,2.34,195.0,101018.0,False,10,13,280
2014-10-07 14:00:00,26.62,29.9,615.0,839.67,103.0,0.2,2.34,194.0,100938.0,False,10,14,280
2014-10-07 15:00:00,26.58,30.35,453.0,736.24,104.0,-1.8,2.21,195.0,100898.0,False,10,15,280
2014-10-07 16:00:00,26.35,29.05,269.0,655.34,71.0,-3.8,2.0,196.0,100868.0,False,10,16,280
2014-10-07 17:00:00,24.34,35.1,70.0,330.86,35.0,-5.0,1.59,200.0,100849.0,False,10,17,280
2014-10-07 18:00:00,23.48,35.6,0.0,-0.0,0.0,-6.6,0.76,210.0,100888.0,False,10,18,280
2014-10-07 19:00:00,22.93,36.8,0.0,-0.0,0.0,-1.0,1.03,261.0,100898.0,False,10,19,280
2014-10-07 20:00:00,21.03,42.7,0.0,-0.0,0.0,-2.0,1.1,293.0,100948.0,False,10,20,280
2014-10-07 21:00:00,19.16,48.3,0.0,-0.0,0.0,-0.75,1.03,296.0,100988.0,False,10,21,280
2014-10-07 22:00:00,17.4,61.85,0.0,-0.0,0.0,-0.4,1.24,279.0,101038.0,False,10,22,280
2014-10-07 23:00:00,16.28,63.3,0.0,-0.0,0.0,2.4,1.45,288.0,101038.0,False,10,23,280
2014-10-08 00:00:00,16.03,61.2,0.0,-0.0,0.0,-2.8,1.45,297.0,101048.0,False,10,0,281
2014-10-08 01:00:00,15.73,58.1,0.0,-0.0,0.0,312.45,1.24,309.0,100998.0,False,10,1,281
2014-10-08 02:00:00,14.6,58.5,0.0,-0.0,0.0,-0.8,0.97,311.0,100948.0,False,10,2,281
2014-10-08 03:00:00,14.11,56.95,0.0,-0.0,0.0,-1.6,0.9,310.0,100888.0,False,10,3,281
2014-10-08 04:00:00,14.11,55.35,0.0,-0.0,0.0,-1.35,0.9,309.0,100898.0,False,10,4,281
2014-10-08 05:00:00,14.21,54.65,0.0,-0.0,0.0,-1.35,1.03,309.0,100888.0,False,10,5,281
2014-10-08 06:00:00,14.4,53.1,0.0,-0.0,0.0,-1.0,0.97,312.0,100898.0,False,10,6,281
2014-10-08 07:00:00,14.94,52.4,134.0,358.81,66.0,-1.6,1.03,316.0,100968.0,False,10,7,281
2014-10-08 08:00:00,20.81,34.95,327.0,578.81,109.0,4.8,0.97,309.0,101018.0,False,10,8,281
2014-10-08 09:00:00,22.41,38.45,479.0,582.45,168.0,10.4,1.24,218.0,101068.0,False,10,9,281
2014-10-08 10:00:00,25.94,25.5,666.0,872.83,98.0,8.8,1.31,195.0,101098.0,False,10,10,281
2014-10-08 11:00:00,26.31,28.7,745.0,887.24,107.0,5.4,2.21,189.0,101068.0,False,10,11,281
2014-10-08 12:00:00,26.88,28.8,748.0,829.39,139.0,3.4,2.76,194.0,101028.0,False,10,12,281
2014-10-08 13:00:00,27.09,28.35,714.0,862.94,114.0,1.15,3.1,199.0,100968.0,False,10,13,281
2014-10-08 14:00:00,27.46,27.9,607.0,823.4,109.0,-1.0,3.24,205.0,100908.0,False,10,14,281
2014-10-08 15:00:00,27.27,26.3,445.0,720.72,107.0,-2.8,3.1,211.0,100868.0,False,10,15,281
2014-10-08 16:00:00,26.77,26.75,264.0,649.73,71.0,-4.6,2.97,215.0,100829.0,False,10,16,281
2014-10-08 17:00:00,24.63,31.75,65.0,317.63,33.0,-5.6,2.48,220.0,100829.0,False,10,17,281
2014-10-08 18:00:00,24.11,30.2,0.0,-0.0,0.0,-7.2,1.79,231.0,100839.0,False,10,18,281
2014-10-08 19:00:00,22.58,33.45,0.0,-0.0,0.0,-2.2,1.93,254.0,100868.0,False,10,19,281
2014-10-08 20:00:00,21.0,34.25,0.0,-0.0,0.0,-2.6,1.79,273.0,100888.0,False,10,20,281
2014-10-08 21:00:00,19.46,36.3,0.0,-0.0,0.0,-2.4,2.0,285.0,100898.0,False,10,21,281
2014-10-08 22:00:00,18.13,44.2,0.0,-0.0,0.0,-2.2,1.93,291.0,100938.0,False,10,22,281
2014-10-08 23:00:00,18.03,41.25,0.0,-0.0,0.0,-1.6,1.86,294.0,100948.0,False,10,23,281
2014-10-09 00:00:00,17.43,40.25,0.0,-0.0,0.0,-1.2,1.79,296.0,100908.0,False,10,0,282
2014-10-09 01:00:00,16.85,40.3,0.0,-0.0,0.0,304.0,1.86,301.0,100928.0,False,10,1,282
2014-10-09 02:00:00,15.84,44.35,0.0,-0.0,0.0,-0.2,1.86,305.0,100888.0,False,10,2,282
2014-10-09 03:00:00,15.53,44.0,0.0,-0.0,0.0,-1.0,1.72,307.0,100859.0,False,10,3,282
2014-10-09 04:00:00,15.3,45.3,0.0,-0.0,0.0,-0.75,1.66,307.0,100868.0,False,10,4,282
2014-10-09 05:00:00,14.58,47.85,0.0,-0.0,0.0,-1.8,1.59,309.0,100878.0,False,10,5,282
2014-10-09 06:00:00,14.21,49.95,0.0,-0.0,0.0,-0.15,1.52,312.0,100918.0,False,10,6,282
2014-10-09 07:00:00,14.89,48.65,139.0,440.25,57.0,1.6,1.17,310.0,100958.0,False,10,7,282
2014-10-09 08:00:00,21.28,27.75,329.0,611.03,101.0,6.6,1.45,294.0,101018.0,False,10,8,282
2014-10-09 09:00:00,23.84,30.6,505.0,722.38,122.0,10.6,1.93,237.0,101078.0,False,10,9,282
2014-10-09 10:00:00,27.0,22.0,633.0,748.4,149.0,9.8,2.28,214.0,101098.0,False,10,10,282
2014-10-09 11:00:00,27.49,22.65,720.0,807.26,143.0,7.4,2.97,213.0,101098.0,False,10,11,282
2014-10-09 12:00:00,27.98,22.75,722.0,752.37,173.0,4.4,3.52,214.0,101048.0,False,10,12,282
2014-10-09 13:00:00,28.15,22.65,693.0,799.41,141.0,2.0,3.93,215.0,100988.0,False,10,13,282
2014-10-09 14:00:00,28.31,24.6,595.0,790.18,121.0,4.2,4.0,216.0,100928.0,False,10,14,282
2014-10-09 15:00:00,28.38,23.55,434.0,691.91,113.0,-5.2,3.93,218.0,100878.0,False,10,15,282
2014-10-09 16:00:00,27.96,22.9,243.0,523.99,90.0,-3.0,3.66,221.0,100849.0,False,10,16,282
2014-10-09 17:00:00,25.42,31.65,42.0,73.11,35.0,-8.4,3.17,224.0,100839.0,False,10,17,282
2014-10-09 18:00:00,24.12,33.5,0.0,-0.0,0.0,-5.8,2.48,234.0,100888.0,False,10,18,282
2014-10-09 19:00:00,22.98,36.55,0.0,-0.0,0.0,-7.6,2.21,251.0,100898.0,False,10,19,282
2014-10-09 20:00:00,21.6,44.3,0.0,-0.0,0.0,-3.8,1.93,268.0,100938.0,False,10,20,282
2014-10-09 21:00:00,19.86,49.95,0.0,-0.0,0.0,-2.35,1.79,278.0,100978.0,False,10,21,282
2014-10-09 22:00:00,18.61,55.55,0.0,-0.0,0.0,-1.6,1.86,278.0,101018.0,False,10,22,282
2014-10-09 23:00:00,17.96,57.05,0.0,-0.0,0.0,-1.4,1.93,280.0,101028.0,False,10,23,282
2014-10-10 00:00:00,17.36,58.05,0.0,-0.0,0.0,-1.35,1.86,278.0,101018.0,False,10,0,283
2014-10-10 01:00:00,16.85,58.45,0.0,-0.0,0.0,304.6,1.93,270.0,101018.0,False,10,1,283
2014-10-10 02:00:00,15.95,59.5,0.0,-0.0,0.0,-1.8,2.07,261.0,101008.0,False,10,2,283
2014-10-10 03:00:00,15.8,59.0,0.0,-0.0,0.0,-1.4,2.0,259.0,100988.0,False,10,3,283
2014-10-10 04:00:00,15.4,59.65,0.0,-0.0,0.0,-1.0,2.0,264.0,100978.0,False,10,4,283
2014-10-10 05:00:00,15.07,60.0,0.0,-0.0,0.0,-2.2,2.0,266.0,100978.0,False,10,5,283
2014-10-10 06:00:00,14.86,59.0,0.0,-0.0,0.0,7.4,2.07,263.0,100968.0,False,10,6,283
2014-10-10 07:00:00,15.58,54.7,142.0,508.27,49.0,-9.4,2.0,263.0,101018.0,False,10,7,283
2014-10-10 08:00:00,20.52,36.75,336.0,681.79,84.0,10.8,2.21,244.0,101038.0,False,10,8,283
2014-10-10 09:00:00,22.21,30.6,479.0,617.41,154.0,9.2,2.97,234.0,101128.0,False,10,9,283
2014-10-10 10:00:00,24.68,31.25,597.0,625.55,195.0,15.6,3.17,231.0,101118.0,False,10,10,283
2014-10-10 11:00:00,25.58,32.65,708.0,775.61,157.0,7.6,3.38,225.0,101108.0,False,10,11,283
2014-10-10 12:00:00,25.73,34.8,464.0,139.29,363.0,9.4,3.79,223.0,101098.0,False,10,12,283
2014-10-10 13:00:00,25.25,36.95,627.0,578.96,230.0,11.8,3.93,222.0,101048.0,False,10,13,283
2014-10-10 14:00:00,25.69,39.45,557.0,650.51,170.0,-10.4,3.72,227.0,101008.0,False,10,14,283
2014-10-10 15:00:00,24.76,42.15,377.0,437.99,176.0,-1.0,3.59,235.0,100978.0,False,10,15,283
2014-10-10 16:00:00,24.93,41.5,233.0,480.9,95.0,-0.8,3.17,239.0,100978.0,False,10,16,283
2014-10-10 17:00:00,23.54,46.9,43.0,99.13,34.0,-4.2,2.69,245.0,100988.0,False,10,17,283
2014-10-10 18:00:00,22.61,50.0,0.0,-0.0,0.0,-5.0,1.59,242.0,101018.0,False,10,18,283
2014-10-10 19:00:00,21.5,53.8,0.0,-0.0,0.0,6.8,1.31,244.0,101028.0,False,10,19,283
2014-10-10 20:00:00,20.2,60.75,0.0,-0.0,0.0,-13.6,1.52,258.0,101098.0,False,10,20,283
2014-10-10 21:00:00,18.49,67.25,0.0,-0.0,0.0,-4.0,1.31,275.0,101118.0,False,10,21,283
2014-10-10 22:00:00,17.79,69.0,0.0,-0.0,0.0,-1.8,1.72,294.0,101138.0,False,10,22,283
2014-10-10 23:00:00,16.85,69.45,0.0,-0.0,0.0,-2.6,1.66,297.0,101138.0,False,10,23,283
2014-10-11 00:00:00,16.18,69.3,0.0,-0.0,0.0,-1.2,1.52,299.0,101118.0,False,10,0,284
2014-10-11 01:00:00,15.98,68.45,0.0,-0.0,0.0,325.65,1.45,303.0,101108.0,False,10,1,284
2014-10-11 02:00:00,15.1,68.75,0.0,-0.0,0.0,-4.2,1.24,312.0,101068.0,False,10,2,284
2014-10-11 03:00:00,14.86,68.45,0.0,-0.0,0.0,-1.6,1.1,314.0,101048.0,False,10,3,284
2014-10-11 04:00:00,14.54,69.3,0.0,-0.0,0.0,-4.8,0.97,318.0,101038.0,False,10,4,284
2014-10-11 05:00:00,14.17,71.5,0.0,-0.0,0.0,-1.0,0.76,322.0,100978.0,False,10,5,284
2014-10-11 06:00:00,14.06,71.3,0.0,-0.0,0.0,8.4,0.55,323.0,101008.0,False,10,6,284
2014-10-11 07:00:00,14.89,67.95,102.0,161.41,73.0,0.6,0.34,318.0,101008.0,False,10,7,284
2014-10-11 08:00:00,19.45,51.8,210.0,120.2,166.0,9.6,0.14,357.0,101048.0,False,10,8,284
2014-10-11 09:00:00,20.5,47.25,301.0,101.42,248.0,10.0,0.9,144.0,101058.0,False,10,9,284
2014-10-11 10:00:00,21.9,44.35,372.0,97.1,310.0,10.0,1.72,143.0,101048.0,False,10,10,284
2014-10-11 11:00:00,22.16,47.9,326.0,25.49,308.0,5.4,2.62,149.0,101068.0,False,10,11,284
2014-10-11 12:00:00,22.4,47.9,140.0,0.0,140.0,5.8,2.62,155.0,101018.0,False,10,12,284
2014-10-11 13:00:00,22.44,49.35,335.0,38.18,309.0,10.6,2.69,165.0,100928.0,False,10,13,284
2014-10-11 14:00:00,23.26,47.0,180.0,0.0,180.0,1.8,2.14,151.0,100769.0,False,10,14,284
2014-10-11 15:00:00,23.38,45.7,219.0,44.06,199.0,-0.35,1.79,145.0,100689.0,False,10,15,284
2014-10-11 16:00:00,23.6,43.8,110.0,17.73,105.0,-2.0,1.72,151.0,100649.0,False,10,16,284
2014-10-11 17:00:00,22.98,46.1,29.0,23.29,27.0,-5.8,1.93,158.0,100669.0,False,10,17,284
2014-10-11 18:00:00,22.81,51.6,0.0,-0.0,0.0,-2.6,1.59,159.0,100679.0,False,10,18,284
2014-10-11 19:00:00,22.59,51.85,0.0,-0.0,0.0,2.0,0.76,39.0,100530.0,False,10,19,284
2014-10-11 20:00:00,22.16,56.3,0.0,-0.0,0.0,-3.4,0.28,2.0,100579.0,False,10,20,284
2014-10-11 21:00:00,21.09,62.7,0.0,-0.0,0.0,-16.2,1.17,162.0,100649.0,False,10,21,284
2014-10-11 22:00:00,19.37,70.3,0.0,-0.0,0.0,7.4,1.79,156.0,100779.0,False,10,22,284
2014-10-11 23:00:00,18.42,78.3,0.0,-0.0,0.0,-16.0,1.59,184.0,100769.0,False,10,23,284
2014-10-12 00:00:00,18.9,80.95,0.0,-0.0,0.0,5.6,1.45,209.0,100759.0,False,10,0,285
2014-10-12 01:00:00,18.39,83.95,0.0,-0.0,0.0,351.65,1.52,246.0,100759.0,False,10,1,285
2014-10-12 02:00:00,17.49,85.85,0.0,-0.0,0.0,-6.0,1.66,246.0,100749.0,False,10,2,285
2014-10-12 03:00:00,16.99,82.1,0.0,-0.0,0.0,-8.8,2.07,251.0,100689.0,False,10,3,285
2014-10-12 04:00:00,16.89,75.1,0.0,-0.0,0.0,-0.2,2.28,252.0,100659.0,False,10,4,285
2014-10-12 05:00:00,16.03,75.15,0.0,-0.0,0.0,-16.8,1.72,248.0,100649.0,False,10,5,285
2014-10-12 06:00:00,15.95,72.9,0.0,-0.0,0.0,-2.0,1.59,236.0,100659.0,False,10,6,285
2014-10-12 07:00:00,15.91,68.4,117.0,300.56,64.0,5.4,1.72,229.0,100699.0,False,10,7,285
2014-10-12 08:00:00,18.72,53.5,315.0,582.1,104.0,2.6,2.48,222.0,100759.0,False,10,8,285
2014-10-12 09:00:00,19.96,46.15,377.0,269.9,237.0,6.8,3.31,224.0,100799.0,False,10,9,285
2014-10-12 10:00:00,21.39,40.9,486.0,307.38,291.0,-0.6,4.41,222.0,100859.0,False,10,10,285
2014-10-12 11:00:00,21.42,40.9,458.0,155.35,349.0,4.0,5.31,229.0,100849.0,False,10,11,285
2014-10-12 12:00:00,21.55,43.05,736.0,856.3,123.0,-3.35,5.52,230.0,100819.0,False,10,12,285
2014-10-12 13:00:00,21.5,41.85,432.0,141.99,336.0,2.2,5.72,231.0,100789.0,False,10,13,285
2014-10-12 14:00:00,21.1,39.0,559.0,699.08,150.0,7.6,5.72,232.0,100759.0,False,10,14,285
2014-10-12 15:00:00,21.78,34.4,430.0,750.66,93.0,-11.8,5.59,233.0,100739.0,False,10,15,285
2014-10-12 16:00:00,21.44,32.05,236.0,573.98,77.0,-13.8,5.31,234.0,100759.0,False,10,16,285
2014-10-12 17:00:00,19.11,39.95,39.0,111.1,30.0,-9.2,4.34,235.0,100779.0,False,10,17,285
2014-10-12 18:00:00,18.04,44.65,0.0,-0.0,0.0,-4.8,3.17,229.0,100859.0,False,10,18,285
2014-10-12 19:00:00,17.26,49.85,0.0,-0.0,0.0,-5.0,2.83,238.0,100878.0,False,10,19,285
2014-10-12 20:00:00,16.51,56.6,0.0,-0.0,0.0,-4.6,2.34,242.0,100928.0,False,10,20,285
2014-10-12 21:00:00,15.17,63.3,0.0,-0.0,0.0,1.2,2.0,248.0,100998.0,False,10,21,285
2014-10-12 22:00:00,14.46,69.5,0.0,-0.0,0.0,-3.0,1.93,241.0,101038.0,False,10,22,285
2014-10-12 23:00:00,13.92,73.55,0.0,-0.0,0.0,0.0,1.72,244.0,101058.0,False,10,23,285
2014-10-13 00:00:00,13.27,77.5,0.0,-0.0,0.0,-1.6,1.72,242.0,101088.0,False,10,0,286
2014-10-13 01:00:00,12.4,80.7,0.0,-0.0,0.0,289.0,1.72,243.0,101088.0,False,10,1,286
2014-10-13 02:00:00,11.67,83.75,0.0,-0.0,0.0,0.2,1.79,254.0,101088.0,False,10,2,286
2014-10-13 03:00:00,11.85,81.45,0.0,-0.0,0.0,0.6,1.86,261.0,101058.0,False,10,3,286
2014-10-13 04:00:00,11.57,80.6,0.0,-0.0,0.0,-2.4,1.86,263.0,101068.0,False,10,4,286
2014-10-13 05:00:00,11.78,78.2,0.0,-0.0,0.0,5.4,1.93,269.0,101048.0,False,10,5,286
2014-10-13 06:00:00,11.37,78.0,0.0,-0.0,0.0,-7.6,2.0,272.0,101058.0,False,10,6,286
2014-10-13 07:00:00,12.59,68.9,131.0,462.48,51.0,6.4,1.52,278.0,101098.0,False,10,7,286
2014-10-13 08:00:00,16.28,48.65,318.0,624.18,94.0,1.4,2.0,259.0,101128.0,False,10,8,286
2014-10-13 09:00:00,18.15,44.05,506.0,802.19,93.0,4.4,2.62,242.0,101188.0,False,10,9,286
2014-10-13 10:00:00,20.48,35.2,636.0,834.59,110.0,6.6,3.1,227.0,101197.0,False,10,10,286
2014-10-13 11:00:00,20.91,36.5,697.0,785.96,149.0,3.2,3.79,230.0,101168.0,False,10,11,286
2014-10-13 12:00:00,21.54,36.9,333.0,28.12,313.0,6.0,4.41,226.0,101098.0,False,10,12,286
2014-10-13 13:00:00,21.44,38.45,632.0,639.05,203.0,7.4,4.41,220.0,101008.0,False,10,13,286
2014-10-13 14:00:00,20.83,41.25,501.0,489.53,217.0,2.75,4.14,222.0,100938.0,False,10,14,286
2014-10-13 15:00:00,20.44,42.9,311.0,241.0,204.0,-2.0,4.14,220.0,100928.0,False,10,15,286
2014-10-13 16:00:00,19.64,44.55,139.0,80.85,117.0,3.8,3.72,223.0,100908.0,False,10,16,286
2014-10-13 17:00:00,17.87,55.45,33.0,78.75,27.0,-5.8,3.1,224.0,100888.0,False,10,17,286
2014-10-13 18:00:00,17.58,55.15,0.0,-0.0,0.0,-7.4,2.48,224.0,100878.0,False,10,18,286
2014-10-13 19:00:00,17.71,53.1,0.0,-0.0,0.0,21.6,2.14,230.0,100859.0,False,10,19,286
2014-10-13 20:00:00,17.01,56.5,0.0,-0.0,0.0,-10.4,1.93,234.0,100839.0,False,10,20,286
2014-10-13 21:00:00,16.4,59.9,0.0,-0.0,0.0,-3.0,1.72,237.0,100829.0,False,10,21,286
2014-10-13 22:00:00,15.8,62.35,0.0,-0.0,0.0,-0.15,1.86,235.0,100849.0,False,10,22,286
2014-10-13 23:00:00,15.09,64.2,0.0,-0.0,0.0,-4.2,2.21,235.0,100799.0,False,10,23,286
2014-10-14 00:00:00,14.88,64.45,0.0,-0.0,0.0,-3.4,2.0,234.0,100739.0,False,10,0,287
2014-10-14 01:00:00,14.8,62.1,0.0,-0.0,0.0,313.25,1.79,233.0,100679.0,False,10,1,287
2014-10-14 02:00:00,14.39,61.5,0.0,-0.0,0.0,5.8,1.66,241.0,100619.0,False,10,2,287
2014-10-14 03:00:00,13.9,65.05,0.0,-0.0,0.0,19.0,2.0,256.0,100629.0,False,10,3,287
2014-10-14 04:00:00,12.8,77.1,0.0,-0.0,0.0,9.2,1.17,249.0,100629.0,False,10,4,287
2014-10-14 05:00:00,12.28,85.8,0.0,-0.0,0.0,4.6,0.83,221.0,100589.0,False,10,5,287
2014-10-14 06:00:00,12.46,90.7,0.0,-0.0,0.0,-9.2,1.17,198.0,100540.0,False,10,6,287
2014-10-14 07:00:00,12.34,94.4,73.0,53.07,64.0,0.15,1.79,228.0,100589.0,False,10,7,287
2014-10-14 08:00:00,12.97,94.0,277.0,396.92,136.0,13.4,1.72,233.0,100579.0,False,10,8,287
2014-10-14 09:00:00,12.99,88.7,241.0,37.19,222.0,-4.0,1.93,269.0,100599.0,False,10,9,287
2014-10-14 10:00:00,15.5,73.35,591.0,661.26,177.0,-5.8,2.0,311.0,100669.0,False,10,10,287
2014-10-14 11:00:00,16.66,63.85,704.0,831.39,128.0,-13.8,2.07,292.0,100699.0,False,10,11,287
2014-10-14 12:00:00,17.66,57.55,721.0,837.81,129.0,-19.0,2.48,272.0,100629.0,False,10,12,287
2014-10-14 13:00:00,17.59,54.55,693.0,901.72,92.0,11.2,2.83,272.0,100629.0,False,10,13,287
2014-10-14 14:00:00,18.09,47.5,457.0,358.1,251.0,-7.0,2.69,275.0,100599.0,False,10,14,287
2014-10-14 15:00:00,18.37,44.55,417.0,731.1,96.0,-3.2,2.83,279.0,100599.0,False,10,15,287
2014-10-14 16:00:00,18.16,42.7,227.0,572.57,74.0,-6.8,2.69,283.0,100609.0,False,10,16,287
2014-10-14 17:00:00,17.33,50.25,41.0,238.01,24.0,-3.6,1.72,273.0,100649.0,False,10,17,287
2014-10-14 18:00:00,15.1,68.15,0.0,-0.0,0.0,-9.6,1.45,266.0,100719.0,False,10,18,287
2014-10-14 19:00:00,15.72,56.9,0.0,-0.0,0.0,4.6,1.79,282.0,100799.0,False,10,19,287
2014-10-14 20:00:00,15.4,59.25,0.0,-0.0,0.0,-1.75,1.93,298.0,100859.0,False,10,20,287
2014-10-14 21:00:00,14.28,63.35,0.0,-0.0,0.0,-5.6,1.72,303.0,100928.0,False,10,21,287
2014-10-14 22:00:00,13.77,66.5,0.0,-0.0,0.0,-2.0,1.72,305.0,100968.0,False,10,22,287
2014-10-14 23:00:00,13.22,69.55,0.0,-0.0,0.0,1.35,1.86,304.0,100998.0,False,10,23,287
2014-10-15 00:00:00,12.61,74.9,0.0,-0.0,0.0,-2.35,1.86,307.0,101058.0,False,10,0,288
2014-10-15 01:00:00,12.17,76.6,0.0,-0.0,0.0,288.2,1.79,310.0,101068.0,False,10,1,288
2014-10-15 02:00:00,11.74,78.45,0.0,-0.0,0.0,3.4,1.72,309.0,101058.0,False,10,2,288
2014-10-15 03:00:00,11.98,77.2,0.0,-0.0,0.0,-5.0,1.79,311.0,101048.0,False,10,3,288
2014-10-15 04:00:00,12.03,76.15,0.0,-0.0,0.0,7.4,1.79,319.0,101088.0,False,10,4,288
2014-10-15 05:00:00,11.72,76.45,0.0,-0.0,0.0,4.2,1.79,319.0,101088.0,False,10,5,288
2014-10-15 06:00:00,11.71,76.3,0.0,-0.0,0.0,-0.15,1.93,314.0,101128.0,False,10,6,288
2014-10-15 07:00:00,12.2,73.25,89.0,132.37,67.0,-4.2,1.66,313.0,101168.0,False,10,7,288
2014-10-15 08:00:00,15.18,60.05,304.0,574.55,102.0,11.6,1.72,310.0,101207.0,False,10,8,288
2014-10-15 09:00:00,17.28,54.95,397.0,357.0,216.0,8.0,1.38,285.0,101247.0,False,10,9,288
2014-10-15 10:00:00,20.71,43.25,448.0,242.81,297.0,9.2,1.59,249.0,101277.0,False,10,10,288
2014-10-15 11:00:00,21.23,45.25,517.0,276.01,327.0,7.2,1.72,230.0,101297.0,False,10,11,288
2014-10-15 12:00:00,21.49,47.0,425.0,109.69,348.0,7.8,1.59,225.0,101267.0,False,10,12,288
2014-10-15 13:00:00,21.52,50.05,418.0,136.01,328.0,6.0,1.52,216.0,101227.0,False,10,13,288
2014-10-15 14:00:00,22.09,52.2,379.0,178.83,277.0,0.35,1.86,215.0,101178.0,False,10,14,288
2014-10-15 15:00:00,21.75,53.55,341.0,373.12,179.0,-3.4,2.0,220.0,101158.0,False,10,15,288
2014-10-15 16:00:00,20.92,56.85,212.0,480.21,86.0,2.2,1.86,224.0,101188.0,False,10,16,288
2014-10-15 17:00:00,19.44,68.75,34.0,164.88,23.0,-2.6,1.38,228.0,101207.0,False,10,17,288
2014-10-15 18:00:00,18.96,72.45,0.0,-0.0,0.0,8.6,0.69,240.0,101247.0,False,10,18,288
2014-10-15 19:00:00,18.28,76.15,0.0,-0.0,0.0,1.8,1.03,268.0,101267.0,False,10,19,288
2014-10-15 20:00:00,17.84,79.05,0.0,-0.0,0.0,-2.6,1.24,308.0,101307.0,False,10,20,288
2014-10-15 21:00:00,16.5,82.55,0.0,-0.0,0.0,-4.2,1.24,323.0,101337.0,False,10,21,288
2014-10-15 22:00:00,16.16,84.95,0.0,-0.0,0.0,-1.6,0.97,318.0,101337.0,False,10,22,288
2014-10-15 23:00:00,16.25,84.5,0.0,-0.0,0.0,0.4,1.1,315.0,101347.0,False,10,23,288
2014-10-16 00:00:00,16.07,84.5,0.0,-0.0,0.0,-0.8,1.1,320.0,101317.0,False,10,0,289
2014-10-16 01:00:00,15.55,85.65,0.0,-0.0,0.0,335.25,1.17,313.0,101297.0,False,10,1,289
2014-10-16 02:00:00,15.04,86.6,0.0,-0.0,0.0,-2.6,1.24,308.0,101267.0,False,10,2,289
2014-10-16 03:00:00,14.93,84.65,0.0,-0.0,0.0,-6.0,1.1,311.0,101237.0,False,10,3,289
2014-10-16 04:00:00,14.88,84.25,0.0,-0.0,0.0,-1.2,1.03,311.0,101267.0,False,10,4,289
2014-10-16 05:00:00,14.65,85.05,0.0,-0.0,0.0,-5.8,0.9,311.0,101267.0,False,10,5,289
2014-10-16 06:00:00,14.75,83.95,0.0,-0.0,0.0,-0.8,0.9,307.0,101277.0,False,10,6,289
2014-10-16 07:00:00,15.38,82.3,120.0,442.33,48.0,-2.2,0.83,306.0,101297.0,False,10,7,289
2014-10-16 08:00:00,19.98,64.65,315.0,678.37,79.0,6.6,1.1,283.0,101347.0,False,10,8,289
2014-10-16 09:00:00,20.9,60.15,490.0,781.24,97.0,11.6,1.59,222.0,101387.0,False,10,9,289
2014-10-16 10:00:00,23.76,49.65,626.0,845.13,104.0,-4.4,1.79,222.0,101397.0,False,10,10,289
2014-10-16 11:00:00,23.93,51.45,713.0,909.46,91.0,3.2,2.14,205.0,101347.0,False,10,11,289
2014-10-16 12:00:00,23.91,54.25,715.0,851.84,121.0,2.6,2.41,201.0,101317.0,False,10,12,289
2014-10-16 13:00:00,24.0,55.5,675.0,866.15,106.0,1.8,2.55,202.0,101277.0,False,10,13,289
2014-10-16 14:00:00,24.11,54.0,566.0,822.25,101.0,-0.2,2.62,205.0,101207.0,False,10,14,289
2014-10-16 15:00:00,23.77,56.9,411.0,752.36,88.0,-1.8,2.62,209.0,101207.0,False,10,15,289
2014-10-16 16:00:00,23.58,55.65,219.0,574.54,71.0,-3.35,2.41,214.0,101207.0,False,10,16,289
2014-10-16 17:00:00,22.22,61.35,34.0,209.47,21.0,-5.0,1.86,221.0,101197.0,False,10,17,289
2014-10-16 18:00:00,21.16,61.95,0.0,-0.0,0.0,-6.0,1.45,248.0,101227.0,False,10,18,289
2014-10-16 19:00:00,20.71,58.0,0.0,-0.0,0.0,-3.6,1.86,279.0,101257.0,False,10,19,289
2014-10-16 20:00:00,19.53,65.3,0.0,-0.0,0.0,0.0,1.79,292.0,101287.0,False,10,20,289
2014-10-16 21:00:00,18.19,67.55,0.0,-0.0,0.0,-4.8,1.72,298.0,101327.0,False,10,21,289
2014-10-16 22:00:00,16.3,77.2,0.0,-0.0,0.0,-1.6,1.52,294.0,101357.0,False,10,22,289
2014-10-16 23:00:00,15.9,76.4,0.0,-0.0,0.0,-1.8,1.52,307.0,101377.0,False,10,23,289
2014-10-17 00:00:00,15.92,75.1,0.0,-0.0,0.0,1.2,1.17,310.0,101367.0,False,10,0,290
2014-10-17 01:00:00,15.8,73.75,0.0,-0.0,0.0,308.2,0.9,314.0,101347.0,False,10,1,290
2014-10-17 02:00:00,15.03,75.3,0.0,-0.0,0.0,1.0,0.83,314.0,101337.0,False,10,2,290
2014-10-17 03:00:00,14.37,76.6,0.0,-0.0,0.0,2.0,0.9,314.0,101297.0,False,10,3,290
2014-10-17 04:00:00,14.15,77.5,0.0,-0.0,0.0,-1.8,0.9,317.0,101317.0,False,10,4,290
2014-10-17 05:00:00,14.11,77.6,0.0,-0.0,0.0,0.2,0.76,321.0,101317.0,False,10,5,290
2014-10-17 06:00:00,14.18,77.95,0.0,-0.0,0.0,2.4,0.69,323.0,101347.0,False,10,6,290
2014-10-17 07:00:00,14.41,77.4,106.0,307.54,57.0,-5.2,0.55,325.0,101397.0,False,10,7,290
2014-10-17 08:00:00,19.28,61.5,300.0,592.7,96.0,4.4,0.69,331.0,101457.0,False,10,8,290
2014-10-17 09:00:00,21.3,49.95,452.0,607.13,149.0,7.6,0.28,178.0,101507.0,False,10,9,290
2014-10-17 10:00:00,24.25,36.7,611.0,797.17,122.0,6.0,1.1,187.0,101566.0,False,10,10,290
2014-10-17 11:00:00,24.51,40.2,705.0,891.89,99.0,4.0,1.72,174.0,101556.0,False,10,11,290
2014-10-17 12:00:00,24.67,40.6,721.0,897.98,99.0,3.4,1.86,172.0,101497.0,False,10,12,290
2014-10-17 13:00:00,24.72,43.5,673.0,880.15,99.0,1.75,1.93,172.0,101467.0,False,10,13,290
2014-10-17 14:00:00,25.01,44.65,558.0,804.36,107.0,0.6,1.79,172.0,101407.0,False,10,14,290
2014-10-17 15:00:00,24.83,45.55,407.0,763.26,83.0,-1.0,1.59,171.0,101387.0,False,10,15,290
2014-10-17 16:00:00,24.71,45.4,214.0,569.49,70.0,-2.6,1.24,168.0,101367.0,False,10,16,290
2014-10-17 17:00:00,22.8,55.65,20.0,34.8,18.0,-4.0,0.9,157.0,101377.0,False,10,17,290
2014-10-17 18:00:00,21.57,56.9,0.0,-0.0,0.0,-4.4,0.28,89.0,101417.0,False,10,18,290
2014-10-17 19:00:00,19.77,67.65,0.0,-0.0,0.0,-4.8,0.83,355.0,101437.0,False,10,19,290
2014-10-17 20:00:00,18.61,73.45,0.0,-0.0,0.0,-0.75,1.1,345.0,101467.0,False,10,20,290
2014-10-17 21:00:00,17.37,77.45,0.0,-0.0,0.0,0.0,1.1,340.0,101497.0,False,10,21,290
2014-10-17 22:00:00,16.35,80.15,0.0,-0.0,0.0,0.15,1.03,337.0,101546.0,False,10,22,290
2014-10-17 23:00:00,16.27,80.15,0.0,-0.0,0.0,-0.15,0.83,334.0,101536.0,False,10,23,290
2014-10-18 00:00:00,15.94,80.3,0.0,-0.0,0.0,-0.2,0.69,334.0,101536.0,False,10,0,291
2014-10-18 01:00:00,15.67,81.4,0.0,-0.0,0.0,316.45,0.62,331.0,101536.0,False,10,1,291
2014-10-18 02:00:00,15.47,81.3,0.0,-0.0,0.0,-0.8,0.62,332.0,101536.0,False,10,2,291
2014-10-18 03:00:00,14.99,82.5,0.0,-0.0,0.0,-0.75,0.62,327.0,101487.0,False,10,3,291
2014-10-18 04:00:00,15.13,80.3,0.0,-0.0,0.0,-1.2,0.69,328.0,101507.0,False,10,4,291
2014-10-18 05:00:00,14.72,80.3,0.0,-0.0,0.0,0.2,0.69,328.0,101477.0,False,10,5,291
2014-10-18 06:00:00,14.51,80.45,0.0,-0.0,0.0,0.0,0.62,327.0,101516.0,False,10,6,291
2014-10-18 07:00:00,15.12,78.2,110.0,378.53,51.0,0.35,0.48,329.0,101536.0,False,10,7,291
2014-10-18 08:00:00,20.15,61.7,304.0,649.13,83.0,5.2,0.55,338.0,101616.0,False,10,8,291
2014-10-18 09:00:00,22.51,44.0,487.0,805.95,88.0,9.2,0.69,85.0,101636.0,False,10,9,291
2014-10-18 10:00:00,25.49,34.45,580.0,682.9,164.0,8.8,1.03,94.0,101646.0,False,10,10,291
2014-10-18 11:00:00,25.85,36.3,662.0,736.31,165.0,5.6,1.79,122.0,101646.0,False,10,11,291
2014-10-18 12:00:00,25.79,40.5,689.0,786.31,148.0,4.2,2.0,128.0,101586.0,False,10,12,291
2014-10-18 13:00:00,25.75,41.9,575.0,522.09,237.0,2.15,2.14,128.0,101546.0,False,10,13,291
2014-10-18 14:00:00,26.33,39.15,520.0,649.41,159.0,2.0,2.14,123.0,101507.0,False,10,14,291
2014-10-18 15:00:00,25.84,41.55,347.0,452.69,157.0,-0.75,2.28,111.0,101447.0,False,10,15,291
2014-10-18 16:00:00,25.64,41.85,171.0,274.01,103.0,-5.0,2.21,94.0,101447.0,False,10,16,291
2014-10-18 17:00:00,23.84,52.05,23.0,113.36,17.0,-2.8,1.79,71.0,101447.0,False,10,17,291
2014-10-18 18:00:00,22.1,63.95,0.0,-0.0,0.0,-12.6,1.45,43.0,101477.0,False,10,18,291
2014-10-18 19:00:00,21.73,65.25,0.0,-0.0,0.0,5.6,1.52,30.0,101507.0,False,10,19,291
2014-10-18 20:00:00,20.68,67.5,0.0,-0.0,0.0,-5.0,1.66,22.0,101536.0,False,10,20,291
2014-10-18 21:00:00,19.07,67.85,0.0,-0.0,0.0,-3.2,1.79,18.0,101566.0,False,10,21,291
2014-10-18 22:00:00,19.39,62.7,0.0,-0.0,0.0,4.6,1.72,20.0,101576.0,False,10,22,291
2014-10-18 23:00:00,19.23,59.75,0.0,-0.0,0.0,-6.0,1.66,14.0,101556.0,False,10,23,291
2014-10-19 00:00:00,19.24,57.95,0.0,-0.0,0.0,-4.0,1.66,11.0,101516.0,False,10,0,292
2014-10-19 01:00:00,19.25,57.35,0.0,-0.0,0.0,321.45,1.72,10.0,101467.0,False,10,1,292
2014-10-19 02:00:00,18.09,55.05,0.0,-0.0,0.0,-1.75,1.72,9.0,101447.0,False,10,2,292
2014-10-19 03:00:00,17.8,53.45,0.0,-0.0,0.0,-0.6,1.79,8.0,101397.0,False,10,3,292
2014-10-19 04:00:00,18.0,52.85,0.0,-0.0,0.0,-1.8,1.93,10.0,101417.0,False,10,4,292
2014-10-19 05:00:00,17.78,52.85,0.0,-0.0,0.0,2.4,2.14,15.0,101437.0,False,10,5,292
2014-10-19 06:00:00,17.58,53.85,0.0,-0.0,0.0,1.0,2.21,19.0,101487.0,False,10,6,292
2014-10-19 07:00:00,17.83,55.8,104.0,334.69,53.0,-0.2,1.86,26.0,101526.0,False,10,7,292
2014-10-19 08:00:00,22.42,41.55,274.0,472.23,115.0,3.2,2.0,30.0,101586.0,False,10,8,292
2014-10-19 09:00:00,23.86,41.25,408.0,448.02,188.0,5.4,2.21,57.0,101656.0,False,10,9,292
2014-10-19 10:00:00,26.79,33.85,543.0,555.46,207.0,6.2,2.14,64.0,101646.0,False,10,10,292
2014-10-19 11:00:00,27.05,32.55,661.0,748.69,159.0,10.0,2.41,85.0,101666.0,False,10,11,292
2014-10-19 12:00:00,27.46,30.85,662.0,699.46,184.0,2.6,2.83,95.0,101596.0,False,10,12,292
2014-10-19 13:00:00,27.43,31.45,634.0,754.68,149.0,3.0,3.17,97.0,101546.0,False,10,13,292
2014-10-19 14:00:00,27.47,30.65,518.0,660.48,154.0,-1.2,3.24,91.0,101516.0,False,10,14,292
2014-10-19 15:00:00,27.06,31.9,380.0,650.64,110.0,-4.0,3.24,82.0,101467.0,False,10,15,292
2014-10-19 16:00:00,26.93,31.0,192.0,451.69,82.0,-9.0,3.17,73.0,101447.0,False,10,16,292
2014-10-19 17:00:00,24.16,47.9,26.0,206.36,16.0,-6.8,2.62,60.0,101477.0,False,10,17,292
2014-10-19 18:00:00,22.83,56.55,0.0,-0.0,0.0,-6.4,2.0,43.0,101536.0,False,10,18,292
2014-10-19 19:00:00,21.96,59.8,0.0,-0.0,0.0,-2.0,2.0,32.0,101596.0,False,10,19,292
2014-10-19 20:00:00,20.68,64.5,0.0,-0.0,0.0,-8.0,2.07,27.0,101636.0,False,10,20,292
2014-10-19 21:00:00,18.8,66.75,0.0,-0.0,0.0,-3.6,2.07,24.0,101676.0,False,10,21,292
2014-10-19 22:00:00,19.06,58.3,0.0,-0.0,0.0,-1.8,2.07,19.0,101676.0,False,10,22,292
2014-10-19 23:00:00,19.36,54.35,0.0,-0.0,0.0,0.35,2.0,14.0,101656.0,False,10,23,292
2014-10-20 00:00:00,18.81,51.3,0.0,-0.0,0.0,0.0,2.0,12.0,101656.0,False,10,0,293
2014-10-20 01:00:00,18.76,47.4,0.0,-0.0,0.0,309.2,2.0,10.0,101616.0,False,10,1,293
2014-10-20 02:00:00,17.11,50.35,0.0,-0.0,0.0,0.35,2.0,11.0,101586.0,False,10,2,293
2014-10-20 03:00:00,16.62,51.2,0.0,-0.0,0.0,0.35,2.0,12.0,101536.0,False,10,3,293
2014-10-20 04:00:00,16.72,51.3,0.0,-0.0,0.0,0.4,1.93,15.0,101507.0,False,10,4,293
2014-10-20 05:00:00,16.84,49.85,0.0,-0.0,0.0,0.35,1.93,16.0,101526.0,False,10,5,293
2014-10-20 06:00:00,17.05,50.85,0.0,-0.0,0.0,0.35,1.86,16.0,101576.0,False,10,6,293
2014-10-20 07:00:00,17.48,50.9,99.0,315.71,52.0,1.0,1.86,13.0,101606.0,False,10,7,293
2014-10-20 08:00:00,22.44,36.1,280.0,531.65,103.0,4.6,2.07,17.0,101696.0,False,10,8,293
2014-10-20 09:00:00,23.99,33.9,452.0,663.23,129.0,7.8,2.21,46.0,101756.0,False,10,9,293
2014-10-20 10:00:00,26.85,27.05,584.0,734.24,143.0,8.0,2.48,63.0,101766.0,False,10,10,293
2014-10-20 11:00:00,27.36,27.65,653.0,732.71,165.0,6.4,2.55,80.0,101726.0,False,10,11,293
2014-10-20 12:00:00,27.75,27.4,679.0,783.8,147.0,5.0,2.76,92.0,101656.0,False,10,12,293
2014-10-20 13:00:00,28.09,27.45,639.0,797.89,130.0,2.8,2.9,96.0,101586.0,False,10,13,293
2014-10-20 14:00:00,28.36,27.65,521.0,697.34,140.0,0.4,2.97,96.0,101526.0,False,10,14,293
2014-10-20 15:00:00,28.48,26.0,375.0,648.34,109.0,-0.6,2.83,92.0,101497.0,False,10,15,293
2014-10-20 16:00:00,27.84,24.95,187.0,439.43,82.0,-2.4,2.55,81.0,101497.0,False,10,16,293
2014-10-20 17:00:00,25.18,41.05,14.0,0.0,14.0,-3.8,1.93,61.0,101526.0,False,10,17,293
2014-10-20 18:00:00,22.91,52.25,0.0,-0.0,0.0,-4.6,1.52,39.0,101546.0,False,10,18,293
2014-10-20 19:00:00,21.93,54.2,0.0,-0.0,0.0,-1.8,1.17,13.0,101596.0,False,10,19,293
2014-10-20 20:00:00,20.33,57.5,0.0,-0.0,0.0,-3.4,1.03,352.0,101616.0,False,10,20,293
2014-10-20 21:00:00,18.81,62.75,0.0,-0.0,0.0,-7.2,0.9,339.0,101656.0,False,10,21,293
2014-10-20 22:00:00,17.79,65.9,0.0,-0.0,0.0,-7.6,0.83,329.0,101686.0,False,10,22,293
2014-10-20 23:00:00,16.97,63.75,0.0,-0.0,0.0,-1.6,0.69,320.0,101716.0,False,10,23,293
2014-10-21 00:00:00,16.57,60.8,0.0,-0.0,0.0,-1.75,0.83,316.0,101706.0,False,10,0,294
2014-10-21 01:00:00,16.51,58.55,0.0,-0.0,0.0,311.85,0.9,317.0,101686.0,False,10,1,294
2014-10-21 02:00:00,15.47,59.75,0.0,-0.0,0.0,-0.2,0.97,317.0,101646.0,False,10,2,294
2014-10-21 03:00:00,15.46,59.55,0.0,-0.0,0.0,-0.6,1.03,319.0,101626.0,False,10,3,294
2014-10-21 04:00:00,15.24,59.2,0.0,-0.0,0.0,0.4,1.1,320.0,101626.0,False,10,4,294
2014-10-21 05:00:00,14.85,60.85,0.0,-0.0,0.0,-1.0,1.17,322.0,101656.0,False,10,5,294
2014-10-21 06:00:00,14.56,62.45,0.0,-0.0,0.0,-1.0,1.24,323.0,101706.0,False,10,6,294
2014-10-21 07:00:00,14.4,63.9,94.0,288.96,52.0,0.8,1.38,325.0,101756.0,False,10,7,294
2014-10-21 08:00:00,19.28,47.3,277.0,528.66,103.0,3.8,1.72,329.0,101836.0,False,10,8,294
2014-10-21 09:00:00,22.55,35.15,441.0,625.31,139.0,8.8,0.76,326.0,101905.0,False,10,9,294
2014-10-21 10:00:00,26.3,23.05,486.0,392.4,252.0,10.0,0.41,47.0,101915.0,False,10,10,294
2014-10-21 11:00:00,26.63,25.9,492.0,264.54,317.0,6.2,0.83,120.0,101935.0,False,10,11,294
2014-10-21 12:00:00,26.89,28.1,592.0,495.46,258.0,4.0,1.24,130.0,101885.0,False,10,12,294
2014-10-21 13:00:00,27.78,28.25,596.0,642.74,189.0,2.4,1.24,136.0,101855.0,False,10,13,294
2014-10-21 14:00:00,28.31,27.05,338.0,136.62,264.0,1.0,1.17,140.0,101826.0,False,10,14,294
2014-10-21 15:00:00,28.52,26.2,231.0,106.01,188.0,-0.15,1.1,146.0,101845.0,False,10,15,294
2014-10-21 16:00:00,28.26,24.6,125.0,102.38,101.0,-1.8,0.83,154.0,101855.0,False,10,16,294
2014-10-21 17:00:00,25.9,35.4,12.0,0.0,12.0,-3.6,0.41,174.0,101875.0,False,10,17,294
2014-10-21 18:00:00,25.92,28.75,0.0,-0.0,0.0,-4.8,0.62,308.0,101905.0,False,10,18,294
2014-10-21 19:00:00,23.02,39.75,0.0,-0.0,0.0,-2.0,1.17,326.0,101945.0,False,10,19,294
2014-10-21 20:00:00,20.83,46.85,0.0,-0.0,0.0,-1.0,1.24,322.0,101975.0,False,10,20,294
2014-10-21 21:00:00,19.17,48.25,0.0,-0.0,0.0,-1.0,1.38,320.0,101995.0,False,10,21,294
2014-10-21 22:00:00,17.94,50.0,0.0,-0.0,0.0,-1.15,1.66,321.0,102025.0,False,10,22,294
2014-10-21 23:00:00,17.74,49.15,0.0,-0.0,0.0,-1.8,1.45,320.0,102015.0,False,10,23,294
2014-10-22 00:00:00,17.63,48.15,0.0,-0.0,0.0,-1.8,1.59,319.0,102025.0,False,10,0,295
2014-10-22 01:00:00,17.2,47.15,0.0,-0.0,0.0,324.85,1.72,320.0,101965.0,False,10,1,295
2014-10-22 02:00:00,16.42,47.2,0.0,-0.0,0.0,-1.8,1.79,320.0,101915.0,False,10,2,295
2014-10-22 03:00:00,16.84,43.4,0.0,-0.0,0.0,-1.2,1.86,321.0,101826.0,False,10,3,295
2014-10-22 04:00:00,16.83,43.45,0.0,-0.0,0.0,-0.75,1.86,322.0,101816.0,False,10,4,295
2014-10-22 05:00:00,16.67,43.55,0.0,-0.0,0.0,-1.2,1.79,323.0,101776.0,False,10,5,295
2014-10-22 06:00:00,16.54,44.3,0.0,-0.0,0.0,-1.0,1.66,323.0,101806.0,False,10,6,295
2014-10-22 07:00:00,16.56,44.85,68.0,91.67,55.0,-0.6,1.72,324.0,101826.0,False,10,7,295
2014-10-22 08:00:00,21.9,28.2,194.0,144.47,147.0,3.4,1.93,330.0,101895.0,False,10,8,295
2014-10-22 09:00:00,25.07,27.1,345.0,263.11,219.0,7.8,1.52,324.0,101925.0,False,10,9,295
2014-10-22 10:00:00,28.42,16.4,502.0,450.99,235.0,9.0,1.52,350.0,101895.0,False,10,10,295
2014-10-22 11:00:00,28.67,18.85,607.0,598.13,214.0,4.8,0.9,50.0,101865.0,False,10,11,295
2014-10-22 12:00:00,28.05,26.4,643.0,681.11,187.0,1.8,1.38,115.0,101845.0,False,10,12,295
2014-10-22 13:00:00,27.33,30.8,615.0,735.03,153.0,1.6,1.66,124.0,101796.0,False,10,13,295
2014-10-22 14:00:00,26.18,38.35,517.0,722.57,129.0,1.75,1.45,126.0,101766.0,False,10,14,295
2014-10-22 15:00:00,25.96,39.3,355.0,583.51,121.0,0.6,1.52,124.0,101756.0,False,10,15,295
2014-10-22 16:00:00,24.77,41.25,182.0,465.3,75.0,-1.2,1.72,119.0,101756.0,False,10,16,295
2014-10-22 17:00:00,22.2,48.4,0.0,0.0,0.0,-6.6,1.72,109.0,101806.0,False,10,17,295
2014-10-22 18:00:00,21.14,54.65,0.0,-0.0,0.0,-6.2,1.59,90.0,101865.0,False,10,18,295
2014-10-22 19:00:00,20.78,54.2,0.0,-0.0,0.0,-4.2,1.38,75.0,101905.0,False,10,19,295
2014-10-22 20:00:00,19.37,61.65,0.0,-0.0,0.0,-5.0,1.24,60.0,101935.0,False,10,20,295
2014-10-22 21:00:00,16.31,74.05,0.0,-0.0,0.0,-4.6,1.38,48.0,101965.0,False,10,21,295
2014-10-22 22:00:00,15.27,77.9,0.0,-0.0,0.0,-3.4,1.24,26.0,101965.0,False,10,22,295
2014-10-22 23:00:00,15.05,78.8,0.0,-0.0,0.0,4.4,1.31,15.0,101935.0,False,10,23,295
2014-10-23 00:00:00,14.55,78.95,0.0,-0.0,0.0,-1.75,1.52,12.0,101925.0,False,10,0,296
2014-10-23 01:00:00,14.16,78.75,0.0,-0.0,0.0,314.45,1.59,10.0,101915.0,False,10,1,296
2014-10-23 02:00:00,12.81,78.7,0.0,-0.0,0.0,-2.2,1.52,12.0,101895.0,False,10,2,296
2014-10-23 03:00:00,12.59,78.35,0.0,-0.0,0.0,0.6,1.45,16.0,101885.0,False,10,3,296
2014-10-23 04:00:00,12.88,76.1,0.0,-0.0,0.0,2.0,1.38,16.0,101845.0,False,10,4,296
2014-10-23 05:00:00,12.56,75.6,0.0,-0.0,0.0,-4.2,1.45,13.0,101885.0,False,10,5,296
2014-10-23 06:00:00,12.32,74.5,0.0,-0.0,0.0,-5.2,1.45,8.0,101885.0,False,10,6,296
2014-10-23 07:00:00,12.78,71.65,90.0,296.56,49.0,0.35,1.1,2.0,101905.0,False,10,7,296
2014-10-23 08:00:00,17.35,51.15,278.0,587.87,89.0,-0.55,0.97,34.0,101955.0,False,10,8,296
2014-10-23 09:00:00,17.92,52.7,452.0,724.51,108.0,8.8,1.1,82.0,101955.0,False,10,9,296
2014-10-23 10:00:00,21.72,37.95,580.0,772.47,126.0,7.0,1.1,101.0,101945.0,False,10,10,296
2014-10-23 11:00:00,22.36,39.75,667.0,850.5,112.0,4.2,1.38,122.0,101895.0,False,10,11,296
2014-10-23 12:00:00,22.78,42.2,679.0,840.73,120.0,4.4,1.52,135.0,101836.0,False,10,12,296
2014-10-23 13:00:00,23.34,41.5,617.0,762.96,141.0,3.8,1.52,144.0,101736.0,False,10,13,296
2014-10-23 14:00:00,23.79,41.15,523.0,777.71,109.0,1.0,1.52,150.0,101666.0,False,10,14,296
2014-10-23 15:00:00,23.27,45.65,364.0,665.88,100.0,-0.8,1.45,156.0,101596.0,False,10,15,296
2014-10-23 16:00:00,23.05,44.7,183.0,509.85,68.0,-2.4,1.24,164.0,101546.0,False,10,16,296
2014-10-23 17:00:00,21.71,49.15,0.0,0.0,0.0,-5.8,0.97,175.0,101526.0,False,10,17,296
2014-10-23 18:00:00,20.26,58.25,0.0,-0.0,0.0,-6.2,0.62,200.0,101526.0,False,10,18,296
2014-10-23 19:00:00,19.41,57.75,0.0,-0.0,0.0,-3.6,0.62,267.0,101546.0,False,10,19,296
2014-10-23 20:00:00,18.27,63.7,0.0,-0.0,0.0,-1.4,0.83,305.0,101556.0,False,10,20,296
2014-10-23 21:00:00,15.28,74.3,0.0,-0.0,0.0,-0.2,0.97,315.0,101556.0,False,10,21,296
2014-10-23 22:00:00,14.33,77.45,0.0,-0.0,0.0,-1.15,1.38,313.0,101576.0,False,10,22,296
2014-10-23 23:00:00,14.2,72.8,0.0,-0.0,0.0,-2.0,1.45,322.0,101497.0,False,10,23,296
2014-10-24 00:00:00,13.74,69.35,0.0,-0.0,0.0,-0.2,1.31,323.0,101467.0,False,10,0,297
2014-10-24 01:00:00,13.46,64.05,0.0,-0.0,0.0,309.2,1.1,323.0,101397.0,False,10,1,297
2014-10-24 02:00:00,12.34,58.1,0.0,-0.0,0.0,-4.8,1.1,324.0,101367.0,False,10,2,297
2014-10-24 03:00:00,12.47,52.4,0.0,-0.0,0.0,-1.15,1.1,328.0,101307.0,False,10,3,297
2014-10-24 04:00:00,12.46,47.4,0.0,-0.0,0.0,-1.4,1.03,327.0,101297.0,False,10,4,297
2014-10-24 05:00:00,12.32,43.65,0.0,-0.0,0.0,-0.2,0.9,326.0,101277.0,False,10,5,297
2014-10-24 06:00:00,12.36,40.05,0.0,-0.0,0.0,-0.2,0.69,324.0,101307.0,False,10,6,297
2014-10-24 07:00:00,12.61,37.15,90.0,334.13,45.0,-0.35,0.62,326.0,101357.0,False,10,7,297
2014-10-24 08:00:00,18.21,25.3,282.0,642.2,78.0,4.2,0.62,329.0,101407.0,False,10,8,297
2014-10-24 09:00:00,20.31,28.9,450.0,737.18,103.0,8.6,0.48,119.0,101437.0,False,10,9,297
2014-10-24 10:00:00,23.4,23.6,575.0,771.33,125.0,9.2,1.03,124.0,101457.0,False,10,10,297
2014-10-24 11:00:00,24.01,27.0,662.0,848.66,112.0,5.6,1.59,131.0,101417.0,False,10,11,297
2014-10-24 12:00:00,24.19,30.05,688.0,904.13,91.0,4.2,1.86,133.0,101387.0,False,10,12,297
2014-10-24 13:00:00,24.48,32.35,619.0,791.27,129.0,2.35,2.07,133.0,101317.0,False,10,13,297
2014-10-24 14:00:00,24.95,32.85,524.0,803.44,100.0,0.75,2.07,132.0,101277.0,False,10,14,297
2014-10-24 15:00:00,24.83,35.25,360.0,660.77,101.0,-1.0,1.93,129.0,101277.0,False,10,15,297
2014-10-24 16:00:00,24.62,35.05,178.0,492.73,69.0,-2.55,1.79,123.0,101247.0,False,10,16,297
2014-10-24 17:00:00,22.36,42.7,0.0,0.0,0.0,-4.2,1.59,113.0,101267.0,False,10,17,297
2014-10-24 18:00:00,20.22,51.8,0.0,-0.0,0.0,-5.4,0.97,90.0,101307.0,False,10,18,297
2014-10-24 19:00:00,19.26,54.25,0.0,-0.0,0.0,-5.8,1.31,53.0,101357.0,False,10,19,297
2014-10-24 20:00:00,17.55,59.95,0.0,-0.0,0.0,-3.4,1.52,23.0,101387.0,False,10,20,297
2014-10-24 21:00:00,15.38,64.45,0.0,-0.0,0.0,-3.15,1.66,11.0,101417.0,False,10,21,297
2014-10-24 22:00:00,14.6,66.25,0.0,-0.0,0.0,-3.2,1.66,6.0,101447.0,False,10,22,297
2014-10-24 23:00:00,14.15,64.75,0.0,-0.0,0.0,-5.0,1.52,359.0,101437.0,False,10,23,297
2014-10-25 00:00:00,13.71,63.65,0.0,-0.0,0.0,-2.8,1.31,352.0,101437.0,False,10,0,298
2014-10-25 01:00:00,13.58,60.65,0.0,-0.0,0.0,296.0,1.17,351.0,101437.0,False,10,1,298
2014-10-25 02:00:00,12.68,58.55,0.0,-0.0,0.0,-2.4,1.03,349.0,101417.0,False,10,2,298
2014-10-25 03:00:00,12.32,56.55,0.0,-0.0,0.0,-1.4,1.03,348.0,101387.0,False,10,3,298
2014-10-25 04:00:00,12.4,52.45,0.0,-0.0,0.0,-0.2,1.03,346.0,101387.0,False,10,4,298
2014-10-25 05:00:00,12.02,49.4,0.0,-0.0,0.0,-3.15,1.1,345.0,101407.0,False,10,5,298
2014-10-25 06:00:00,12.0,45.9,0.0,-0.0,0.0,-2.0,1.17,346.0,101407.0,False,10,6,298
2014-10-25 07:00:00,12.22,43.1,84.0,289.87,46.0,3.2,1.17,350.0,101447.0,False,10,7,298
2014-10-25 08:00:00,17.12,29.1,201.0,194.39,140.0,2.6,1.1,357.0,101507.0,False,10,8,298
2014-10-25 09:00:00,19.77,23.6,436.0,681.52,118.0,7.0,1.59,38.0,101576.0,False,10,9,298
2014-10-25 10:00:00,23.52,11.55,567.0,754.63,130.0,5.0,2.69,66.0,101596.0,False,10,10,298
2014-10-25 11:00:00,24.48,14.55,643.0,786.2,137.0,7.0,3.17,78.0,101576.0,False,10,11,298
2014-10-25 12:00:00,24.79,17.55,665.0,821.98,126.0,5.2,3.52,84.0,101556.0,False,10,12,298
2014-10-25 13:00:00,24.94,19.05,593.0,701.21,162.0,2.4,3.59,87.0,101497.0,False,10,13,298
2014-10-25 14:00:00,25.42,20.15,513.0,772.21,109.0,2.6,3.66,86.0,101467.0,False,10,14,298
2014-10-25 15:00:00,25.31,19.5,361.0,696.74,91.0,-0.35,3.45,84.0,101447.0,False,10,15,298
2014-10-25 16:00:00,24.92,15.95,176.0,516.27,64.0,-7.4,3.1,79.0,101477.0,False,10,16,298
2014-10-25 17:00:00,22.54,22.75,0.0,0.0,0.0,-1.35,2.14,72.0,101477.0,False,10,17,298
2014-10-25 18:00:00,20.4,26.9,0.0,-0.0,0.0,-7.0,1.86,56.0,101516.0,False,10,18,298
2014-10-25 19:00:00,18.96,29.95,0.0,-0.0,0.0,-4.6,1.66,38.0,101586.0,False,10,19,298
2014-10-25 20:00:00,17.56,33.9,0.0,-0.0,0.0,0.15,1.79,26.0,101616.0,False,10,20,298
2014-10-25 21:00:00,15.84,38.35,0.0,-0.0,0.0,-1.75,1.93,21.0,101656.0,False,10,21,298
2014-10-25 22:00:00,15.2,37.5,0.0,-0.0,0.0,-1.0,1.86,12.0,101696.0,False,10,22,298
2014-10-25 23:00:00,14.8,35.85,0.0,-0.0,0.0,-1.2,1.72,3.0,101706.0,False,10,23,298
2014-10-26 00:00:00,14.9,33.0,0.0,-0.0,0.0,8.8,1.52,359.0,101706.0,False,10,0,299
2014-10-26 01:00:00,15.04,33.0,0.0,-0.0,0.0,302.4,1.52,359.0,101696.0,False,10,1,299
2014-10-26 02:00:00,14.38,35.2,0.0,-0.0,0.0,1.6,1.31,357.0,101666.0,False,10,2,299
2014-10-26 03:00:00,14.02,35.05,0.0,-0.0,0.0,-2.0,1.31,354.0,101606.0,False,10,3,299
2014-10-26 04:00:00,13.95,38.0,0.0,-0.0,0.0,2.6,1.24,355.0,101606.0,False,10,4,299
2014-10-26 05:00:00,13.82,39.95,0.0,-0.0,0.0,11.8,1.31,355.0,101566.0,False,10,5,299
2014-10-26 06:00:00,13.86,42.05,0.0,-0.0,0.0,-4.4,1.17,351.0,101596.0,False,10,6,299
2014-10-26 07:00:00,13.79,44.35,65.0,125.5,49.0,0.6,1.24,356.0,101616.0,False,10,7,299
2014-10-26 08:00:00,17.96,35.05,240.0,400.09,116.0,-3.8,1.72,4.0,101646.0,False,10,8,299
2014-10-26 09:00:00,19.42,38.15,215.0,36.76,198.0,9.4,2.34,45.0,101696.0,False,10,9,299
2014-10-26 10:00:00,23.12,26.9,439.0,307.95,262.0,17.8,2.62,54.0,101696.0,False,10,10,299
2014-10-26 11:00:00,24.09,27.5,596.0,618.02,201.0,-0.55,2.76,81.0,101696.0,False,10,11,299
2014-10-26 12:00:00,24.35,27.6,502.0,305.6,303.0,6.8,2.9,88.0,101636.0,False,10,12,299
2014-10-26 13:00:00,24.65,27.7,412.0,183.58,300.0,6.4,3.17,86.0,101586.0,False,10,13,299
2014-10-26 14:00:00,24.68,30.65,491.0,686.38,135.0,10.6,3.24,87.0,101507.0,False,10,14,299
2014-10-26 15:00:00,24.05,32.95,329.0,529.84,126.0,-4.2,2.9,87.0,101526.0,False,10,15,299
2014-10-26 16:00:00,23.97,32.55,151.0,329.05,81.0,3.2,2.55,82.0,101516.0,False,10,16,299
2014-10-26 17:00:00,21.96,39.85,0.0,0.0,0.0,-3.75,2.0,72.0,101536.0,False,10,17,299
2014-10-26 18:00:00,20.26,43.5,0.0,-0.0,0.0,-17.8,1.59,52.0,101576.0,False,10,18,299
2014-10-26 19:00:00,19.17,45.8,0.0,-0.0,0.0,-4.6,1.45,36.0,101606.0,False,10,19,299
2014-10-26 20:00:00,17.88,48.3,0.0,-0.0,0.0,-3.75,1.38,27.0,101626.0,False,10,20,299
2014-10-26 21:00:00,16.11,53.45,0.0,-0.0,0.0,10.8,1.38,22.0,101656.0,False,10,21,299
2014-10-26 22:00:00,15.04,56.45,0.0,-0.0,0.0,-15.0,1.38,18.0,101686.0,False,10,22,299
2014-10-26 23:00:00,14.98,55.6,0.0,-0.0,0.0,-1.8,1.52,12.0,101706.0,False,10,23,299
2014-10-27 00:00:00,15.35,52.3,0.0,-0.0,0.0,5.8,1.31,7.0,101696.0,False,10,0,300
2014-10-27 01:00:00,15.38,51.95,0.0,-0.0,0.0,334.85,1.24,4.0,101686.0,False,10,1,300
2014-10-27 02:00:00,14.25,53.5,0.0,-0.0,0.0,-14.0,1.1,358.0,101656.0,False,10,2,300
2014-10-27 03:00:00,14.57,51.55,0.0,-0.0,0.0,-5.0,0.97,349.0,101616.0,False,10,3,300
2014-10-27 04:00:00,14.28,52.7,0.0,-0.0,0.0,-7.8,0.9,347.0,101596.0,False,10,4,300
2014-10-27 05:00:00,14.01,52.9,0.0,-0.0,0.0,-3.6,0.97,345.0,101606.0,False,10,5,300
2014-10-27 06:00:00,13.58,53.85,0.0,-0.0,0.0,-0.6,1.1,344.0,101626.0,False,10,6,300
2014-10-27 07:00:00,13.76,52.8,82.0,322.89,42.0,0.6,0.97,348.0,101636.0,False,10,7,300
2014-10-27 08:00:00,17.85,42.3,267.0,607.74,81.0,3.6,1.24,5.0,101696.0,False,10,8,300
2014-10-27 09:00:00,19.17,42.65,435.0,715.58,107.0,6.6,1.86,66.0,101716.0,False,10,9,300
2014-10-27 10:00:00,22.64,30.65,567.0,795.85,113.0,11.4,2.14,75.0,101686.0,False,10,10,300
2014-10-27 11:00:00,23.23,32.7,647.0,844.52,111.0,1.2,2.55,93.0,101646.0,False,10,11,300
2014-10-27 12:00:00,23.66,34.15,659.0,835.08,119.0,4.2,2.76,106.0,101576.0,False,10,12,300
2014-10-27 13:00:00,23.57,35.9,610.0,815.79,116.0,2.2,2.97,110.0,101516.0,False,10,13,300
2014-10-27 14:00:00,23.84,37.95,506.0,781.8,104.0,0.35,2.9,112.0,101467.0,False,10,14,300
2014-10-27 15:00:00,23.23,41.7,345.0,652.06,98.0,-2.6,2.76,105.0,101447.0,False,10,15,300
2014-10-27 16:00:00,22.68,42.5,164.0,469.8,66.0,-3.35,2.69,97.0,101427.0,False,10,16,300
2014-10-27 17:00:00,20.44,53.65,0.0,0.0,0.0,-0.6,2.34,83.0,101417.0,False,10,17,300
2014-10-27 18:00:00,19.33,58.8,0.0,-0.0,0.0,-5.8,2.0,70.0,101467.0,False,10,18,300
2014-10-27 19:00:00,18.36,64.35,0.0,-0.0,0.0,1.15,1.52,53.0,101487.0,False,10,19,300
2014-10-27 20:00:00,16.67,73.05,0.0,-0.0,0.0,-8.4,1.31,45.0,101516.0,False,10,20,300
2014-10-27 21:00:00,15.61,77.8,0.0,-0.0,0.0,3.2,1.03,25.0,101526.0,False,10,21,300
2014-10-27 22:00:00,15.35,79.55,0.0,-0.0,0.0,4.8,1.03,5.0,101516.0,False,10,22,300
2014-10-27 23:00:00,14.86,78.25,0.0,-0.0,0.0,-8.4,0.9,355.0,101487.0,False,10,23,300
2014-10-28 00:00:00,14.55,76.65,0.0,-0.0,0.0,-3.35,0.9,359.0,101447.0,False,10,0,301
2014-10-28 01:00:00,13.9,75.6,0.0,-0.0,0.0,312.25,0.83,356.0,101427.0,False,10,1,301
2014-10-28 02:00:00,13.09,77.55,0.0,-0.0,0.0,-4.0,0.62,353.0,101377.0,False,10,2,301
2014-10-28 03:00:00,12.74,76.6,0.0,-0.0,0.0,3.0,0.62,347.0,101357.0,False,10,3,301
2014-10-28 04:00:00,12.42,76.35,0.0,-0.0,0.0,1.35,0.48,345.0,101347.0,False,10,4,301
2014-10-28 05:00:00,12.16,75.35,0.0,-0.0,0.0,2.6,0.48,347.0,101347.0,False,10,5,301
2014-10-28 06:00:00,11.91,74.4,0.0,-0.0,0.0,1.35,0.62,347.0,101347.0,False,10,6,301
2014-10-28 07:00:00,12.12,74.5,72.0,232.83,44.0,-8.6,0.83,354.0,101337.0,False,10,7,301
2014-10-28 08:00:00,15.76,59.0,246.0,479.87,101.0,6.2,1.38,17.0,101367.0,False,10,8,301
2014-10-28 09:00:00,17.23,59.6,388.0,499.73,161.0,10.4,1.86,59.0,101397.0,False,10,9,301
2014-10-28 10:00:00,20.65,38.95,517.0,591.72,182.0,3.8,1.45,86.0,101407.0,False,10,10,301
2014-10-28 11:00:00,21.33,41.35,629.0,780.67,137.0,7.2,1.93,117.0,101367.0,False,10,11,301
2014-10-28 12:00:00,21.71,44.65,643.0,786.44,138.0,12.2,2.21,120.0,101317.0,False,10,12,301
2014-10-28 13:00:00,21.82,47.5,569.0,658.84,173.0,-8.4,2.34,119.0,101247.0,False,10,13,301
2014-10-28 14:00:00,22.24,46.4,493.0,737.58,117.0,2.0,2.34,116.0,101168.0,False,10,14,301
2014-10-28 15:00:00,22.06,49.45,324.0,544.68,120.0,-1.2,2.28,109.0,101138.0,False,10,15,301
2014-10-28 16:00:00,21.81,51.15,110.0,112.45,87.0,-8.2,2.14,106.0,101138.0,False,10,16,301
2014-10-28 17:00:00,19.59,62.95,0.0,0.0,0.0,-6.4,1.86,102.0,101158.0,False,10,17,301
2014-10-28 18:00:00,18.97,68.2,0.0,-0.0,0.0,-3.6,1.66,87.0,101188.0,False,10,18,301
2014-10-28 19:00:00,18.48,71.1,0.0,-0.0,0.0,-0.6,1.24,70.0,101217.0,False,10,19,301
2014-10-28 20:00:00,16.75,80.5,0.0,-0.0,0.0,8.0,1.24,52.0,101247.0,False,10,20,301
2014-10-28 21:00:00,15.66,87.1,0.0,-0.0,0.0,-6.0,1.24,44.0,101267.0,False,10,21,301
2014-10-28 22:00:00,15.05,93.35,0.0,-0.0,0.0,-0.6,1.1,44.0,101297.0,False,10,22,301
2014-10-28 23:00:00,14.48,93.15,0.0,-0.0,0.0,-5.8,1.17,32.0,101267.0,False,10,23,301
2014-10-29 00:00:00,14.25,90.5,0.0,-0.0,0.0,-2.2,1.1,23.0,101257.0,False,10,0,302
2014-10-29 01:00:00,13.89,87.6,0.0,-0.0,0.0,317.65,1.03,14.0,101247.0,False,10,1,302
2014-10-29 02:00:00,13.9,85.45,0.0,-0.0,0.0,-1.0,0.97,9.0,101237.0,False,10,2,302
2014-10-29 03:00:00,13.14,81.6,0.0,-0.0,0.0,-1.0,1.03,1.0,101217.0,False,10,3,302
2014-10-29 04:00:00,13.05,78.4,0.0,-0.0,0.0,-2.8,0.9,355.0,101207.0,False,10,4,302
2014-10-29 05:00:00,12.57,75.45,0.0,-0.0,0.0,-9.8,0.9,353.0,101217.0,False,10,5,302
2014-10-29 06:00:00,12.51,72.2,0.0,-0.0,0.0,-1.0,0.69,349.0,101247.0,False,10,6,302
2014-10-29 07:00:00,12.86,68.3,73.0,274.38,41.0,2.35,0.83,348.0,101287.0,False,10,7,302
2014-10-29 08:00:00,16.38,52.9,252.0,546.49,89.0,-3.8,1.31,7.0,101347.0,False,10,8,302
2014-10-29 09:00:00,18.38,51.75,405.0,599.84,135.0,6.0,1.72,64.0,101427.0,False,10,9,302
2014-10-29 10:00:00,21.21,35.6,531.0,667.45,156.0,8.2,1.59,83.0,101427.0,False,10,10,302
2014-10-29 11:00:00,21.94,38.2,603.0,695.11,168.0,6.0,2.0,109.0,101407.0,False,10,11,302
2014-10-29 12:00:00,22.55,40.5,642.0,799.8,132.0,5.0,2.34,114.0,101367.0,False,10,12,302
2014-10-29 13:00:00,22.69,42.85,577.0,709.02,154.0,1.2,2.55,114.0,101327.0,False,10,13,302
2014-10-29 14:00:00,22.87,42.45,488.0,736.03,116.0,0.2,2.69,111.0,101277.0,False,10,14,302
2014-10-29 15:00:00,22.46,44.15,329.0,599.47,107.0,-1.2,2.76,105.0,101267.0,False,10,15,302
2014-10-29 16:00:00,21.69,47.05,156.0,458.76,64.0,-2.6,2.62,95.0,101267.0,False,10,16,302
2014-10-29 17:00:00,20.03,56.3,0.0,0.0,0.0,-5.6,2.34,81.0,101297.0,False,10,17,302
2014-10-29 18:00:00,19.38,60.15,0.0,-0.0,0.0,-6.4,1.66,62.0,101347.0,False,10,18,302
2014-10-29 19:00:00,18.34,65.3,0.0,-0.0,0.0,-2.2,1.45,50.0,101417.0,False,10,19,302
2014-10-29 20:00:00,16.73,72.8,0.0,-0.0,0.0,-3.8,1.31,37.0,101457.0,False,10,20,302
2014-10-29 21:00:00,14.72,80.0,0.0,-0.0,0.0,-3.6,1.31,27.0,101546.0,False,10,21,302
2014-10-29 22:00:00,14.29,83.4,0.0,-0.0,0.0,-2.4,1.24,22.0,101586.0,False,10,22,302
2014-10-29 23:00:00,14.2,79.3,0.0,-0.0,0.0,-2.2,1.31,9.0,101596.0,False,10,23,302
2014-10-30 00:00:00,13.9,75.15,0.0,-0.0,0.0,-2.6,1.31,3.0,101596.0,False,10,0,303
2014-10-30 01:00:00,13.49,71.95,0.0,-0.0,0.0,293.2,1.17,358.0,101606.0,False,10,1,303
2014-10-30 02:00:00,12.54,69.95,0.0,-0.0,0.0,-2.8,0.83,347.0,101596.0,False,10,2,303
2014-10-30 03:00:00,13.17,64.25,0.0,-0.0,0.0,-0.6,0.9,343.0,101576.0,False,10,3,303
2014-10-30 04:00:00,13.15,60.9,0.0,-0.0,0.0,-1.6,0.9,343.0,101586.0,False,10,4,303
2014-10-30 05:00:00,12.92,58.35,0.0,-0.0,0.0,-1.2,0.9,345.0,101616.0,False,10,5,303
2014-10-30 06:00:00,13.03,57.05,0.0,-0.0,0.0,-0.6,0.97,346.0,101646.0,False,10,6,303
2014-10-30 07:00:00,12.72,55.1,71.0,292.06,38.0,8.2,0.97,348.0,101676.0,False,10,7,303
2014-10-30 08:00:00,16.53,45.55,255.0,597.89,79.0,-6.2,1.59,3.0,101746.0,False,10,8,303
2014-10-30 09:00:00,18.14,44.35,414.0,670.41,115.0,6.8,2.07,51.0,101786.0,False,10,9,303
2014-10-30 10:00:00,21.92,26.75,541.0,731.79,133.0,7.6,2.34,69.0,101796.0,False,10,10,303
2014-10-30 11:00:00,22.63,29.65,626.0,807.87,124.0,6.4,2.62,86.0,101796.0,False,10,11,303
2014-10-30 12:00:00,22.84,33.5,651.0,860.7,106.0,4.0,2.97,94.0,101736.0,False,10,12,303
2014-10-30 13:00:00,23.1,36.15,585.0,764.97,132.0,2.2,3.24,95.0,101706.0,False,10,13,303
2014-10-30 14:00:00,23.46,33.4,491.0,776.29,102.0,1.0,3.38,92.0,101656.0,False,10,14,303
2014-10-30 15:00:00,23.28,36.5,334.0,655.4,94.0,-1.0,3.38,86.0,101646.0,False,10,15,303
2014-10-30 16:00:00,22.8,38.9,156.0,488.24,60.0,-2.8,3.17,80.0,101646.0,False,10,16,303
2014-10-30 17:00:00,20.4,48.35,0.0,0.0,0.0,-4.8,2.55,70.0,101666.0,False,10,17,303
2014-10-30 18:00:00,19.52,53.4,0.0,-0.0,0.0,-5.6,1.86,57.0,101726.0,False,10,18,303
2014-10-30 19:00:00,18.53,58.1,0.0,-0.0,0.0,-2.4,1.72,48.0,101746.0,False,10,19,303
2014-10-30 20:00:00,17.06,67.65,0.0,-0.0,0.0,-1.15,1.66,38.0,101816.0,False,10,20,303
2014-10-30 21:00:00,14.44,75.4,0.0,-0.0,0.0,-0.4,1.72,31.0,101845.0,False,10,21,303
2014-10-30 22:00:00,13.74,76.85,0.0,-0.0,0.0,-0.75,1.66,22.0,101885.0,False,10,22,303
2014-10-30 23:00:00,13.56,76.3,0.0,-0.0,0.0,-1.2,1.59,14.0,101895.0,False,10,23,303
2014-10-31 00:00:00,13.24,76.4,0.0,-0.0,0.0,-1.6,1.52,11.0,101855.0,False,10,0,304
2014-10-31 01:00:00,12.44,77.0,0.0,-0.0,0.0,292.2,1.31,7.0,101865.0,False,10,1,304
2014-10-31 02:00:00,12.21,79.7,0.0,-0.0,0.0,-2.2,1.24,2.0,101816.0,False,10,2,304
2014-10-31 03:00:00,10.79,78.75,0.0,-0.0,0.0,2.8,1.31,358.0,101796.0,False,10,3,304
2014-10-31 04:00:00,10.08,80.3,0.0,-0.0,0.0,4.6,1.24,358.0,101816.0,False,10,4,304
2014-10-31 05:00:00,10.11,81.15,0.0,-0.0,0.0,1.6,1.31,357.0,101816.0,False,10,5,304
2014-10-31 06:00:00,10.21,78.7,0.0,-0.0,0.0,2.35,1.31,356.0,101855.0,False,10,6,304
2014-10-31 07:00:00,10.33,75.35,70.0,310.94,36.0,2.2,1.38,354.0,101875.0,False,10,7,304
2014-10-31 08:00:00,14.97,54.75,247.0,561.17,84.0,-2.0,1.79,8.0,101955.0,False,10,8,304
2014-10-31 09:00:00,17.06,54.0,412.0,681.2,111.0,3.2,2.41,49.0,101985.0,False,10,9,304
2014-10-31 10:00:00,20.41,41.8,539.0,744.7,127.0,2.6,3.17,64.0,102005.0,False,10,10,304
2014-10-31 11:00:00,21.11,43.75,611.0,761.76,141.0,12.8,3.66,75.0,101985.0,False,10,11,304
2014-10-31 12:00:00,21.38,45.15,635.0,812.68,124.0,15.0,3.72,81.0,101945.0,False,10,12,304
2014-10-31 13:00:00,21.8,45.75,581.0,763.86,132.0,-7.6,3.72,84.0,101875.0,False,10,13,304
2014-10-31 14:00:00,21.95,46.2,484.0,758.78,107.0,-3.2,3.66,85.0,101836.0,False,10,14,304
2014-10-31 15:00:00,21.7,47.1,328.0,640.68,96.0,-3.2,3.45,84.0,101806.0,False,10,15,304
2014-10-31 16:00:00,18.5,62.85,149.0,451.28,62.0,3.77,2.16,79.0,101796.0,False,10,16,304
2014-10-31 17:00:00,18.04,63.15,0.0,0.0,0.0,5.68,2.04,70.0,101816.0,False,10,17,304
2014-10-31 18:00:00,17.57,63.46,0.0,-0.0,0.0,7.6,1.91,53.0,101845.0,False,10,18,304
2014-10-31 19:00:00,17.1,63.76,0.0,-0.0,0.0,9.52,1.79,39.0,101875.0,False,10,19,304
2014-10-31 20:00:00,16.63,64.07,0.0,-0.0,0.0,11.44,1.66,22.0,101925.0,False,10,20,304
2014-10-31 21:00:00,16.17,64.37,0.0,-0.0,0.0,13.35,1.54,12.0,101955.0,False,10,21,304
2014-10-31 22:00:00,15.7,64.67,0.0,-0.0,0.0,15.27,1.41,10.0,101985.0,False,10,22,304
2014-10-31 23:00:00,15.23,64.98,0.0,-0.0,0.0,17.19,1.29,6.0,101955.0,False,10,23,304
2006-11-01 00:00:00,14.76,65.28,0.0,-0.0,0.0,19.11,1.17,316.0,101247.0,False,11,0,305
2006-11-01 01:00:00,14.29,65.58,0.0,-0.0,0.0,21.02,1.04,317.0,101227.0,False,11,1,305
2006-11-01 02:00:00,13.83,65.89,0.0,-0.0,0.0,22.94,0.92,323.0,101197.0,False,11,2,305
2006-11-01 03:00:00,13.36,66.19,0.0,-0.0,0.0,24.86,0.79,327.0,101178.0,False,11,3,305
2006-11-01 04:00:00,12.89,66.5,0.0,-0.0,0.0,26.78,0.67,325.0,101158.0,False,11,4,305
2006-11-01 05:00:00,12.42,66.8,0.0,-0.0,0.0,28.69,0.55,323.0,101178.0,False,11,5,305
2006-11-01 06:00:00,11.96,67.1,0.0,-0.0,0.0,30.61,0.42,326.0,101197.0,False,11,6,305
2006-11-01 07:00:00,11.49,67.41,59.0,189.22,39.0,32.53,0.3,324.0,101247.0,False,11,7,305
2006-11-01 08:00:00,16.51,55.15,221.0,401.32,106.0,5.8,0.97,328.0,101317.0,False,11,8,305
2006-11-01 09:00:00,18.07,55.35,372.0,491.15,157.0,16.6,0.55,312.0,101407.0,False,11,9,305
2006-11-01 10:00:00,22.62,32.55,529.0,712.26,138.0,8.8,0.48,133.0,101377.0,False,11,10,305
2006-11-01 11:00:00,22.52,36.35,582.0,657.83,179.0,5.8,0.69,142.0,101357.0,False,11,11,305
2006-11-01 12:00:00,23.59,36.4,588.0,635.81,191.0,-6.0,1.38,175.0,101337.0,False,11,12,305
2006-11-01 13:00:00,24.63,35.65,537.0,596.43,189.0,-14.0,1.45,178.0,101237.0,False,11,13,305
2006-11-01 14:00:00,24.94,36.95,467.0,686.08,129.0,4.6,1.59,183.0,101197.0,False,11,14,305
2006-11-01 15:00:00,24.06,39.2,327.0,656.22,92.0,7.2,1.38,185.0,101158.0,False,11,15,305
2006-11-01 16:00:00,23.35,41.65,124.0,248.64,77.0,-1.0,1.17,184.0,101207.0,False,11,16,305
2006-11-01 17:00:00,21.01,59.85,0.0,-0.0,0.0,-3.8,0.69,199.0,101227.0,False,11,17,305
2006-11-01 18:00:00,20.66,53.8,0.0,-0.0,0.0,0.2,0.69,299.0,101227.0,False,11,18,305
2006-11-01 19:00:00,19.84,60.7,0.0,-0.0,0.0,-10.2,1.45,339.0,101267.0,False,11,19,305
2006-11-01 20:00:00,18.67,63.7,0.0,-0.0,0.0,-1.75,1.72,340.0,101287.0,False,11,20,305
2006-11-01 21:00:00,17.48,66.35,0.0,-0.0,0.0,9.2,1.52,333.0,101307.0,False,11,21,305
2006-11-01 22:00:00,16.64,66.6,0.0,-0.0,0.0,-1.6,1.38,320.0,101387.0,False,11,22,305
2006-11-01 23:00:00,16.11,67.3,0.0,-0.0,0.0,-0.8,1.17,316.0,101357.0,False,11,23,305
2006-11-02 00:00:00,15.84,64.6,0.0,-0.0,0.0,2.8,1.03,317.0,101317.0,False,11,0,306
2006-11-02 01:00:00,16.01,63.25,0.0,-0.0,0.0,346.85,0.9,315.0,101307.0,False,11,1,306
2006-11-02 02:00:00,16.1,65.05,0.0,-0.0,0.0,18.6,0.69,311.0,101297.0,False,11,2,306
2006-11-02 03:00:00,16.81,67.6,0.0,-0.0,0.0,-9.4,0.76,312.0,101287.0,False,11,3,306
2006-11-02 04:00:00,17.19,65.65,0.0,-0.0,0.0,9.6,0.83,315.0,101277.0,False,11,4,306
2006-11-02 05:00:00,16.44,70.8,0.0,-0.0,0.0,1.15,0.9,317.0,101297.0,False,11,5,306
2006-11-02 06:00:00,16.42,71.6,0.0,-0.0,0.0,-10.8,0.83,329.0,101297.0,False,11,6,306
2006-11-02 07:00:00,16.3,74.0,15.0,0.0,15.0,12.4,0.76,341.0,101317.0,False,11,7,306
2006-11-02 08:00:00,17.97,67.95,129.0,42.46,117.0,-0.75,1.1,353.0,101357.0,False,11,8,306
2006-11-02 09:00:00,18.93,61.55,163.0,9.22,159.0,1.75,1.38,6.0,101437.0,False,11,9,306
2006-11-02 10:00:00,19.15,63.85,127.0,0.0,127.0,5.4,1.59,24.0,101447.0,False,11,10,306
2006-11-02 11:00:00,20.22,62.55,167.0,0.0,167.0,-3.4,0.48,346.0,101487.0,False,11,11,306
2006-11-02 12:00:00,20.96,60.95,104.0,0.0,104.0,1.2,1.24,201.0,101487.0,False,11,12,306
2006-11-02 13:00:00,20.77,65.4,127.0,0.0,127.0,3.2,1.86,196.0,101447.0,False,11,13,306
2006-11-02 14:00:00,19.74,73.4,199.0,14.33,192.0,0.15,2.0,189.0,101427.0,False,11,14,306
2006-11-02 15:00:00,19.94,72.65,88.0,0.0,88.0,2.2,1.79,188.0,101407.0,False,11,15,306
2006-11-02 16:00:00,20.27,71.15,36.0,0.0,36.0,-4.0,1.66,181.0,101417.0,False,11,16,306
2006-11-02 17:00:00,19.45,76.2,0.0,-0.0,0.0,4.0,1.31,182.0,101397.0,False,11,17,306
2006-11-02 18:00:00,18.91,77.5,0.0,-0.0,0.0,-17.0,0.55,215.0,101397.0,False,11,18,306
2006-11-02 19:00:00,18.67,79.05,0.0,-0.0,0.0,0.0,0.28,279.0,101417.0,False,11,19,306
2006-11-02 20:00:00,18.0,82.7,0.0,-0.0,0.0,-0.6,0.62,232.0,101457.0,False,11,20,306
2006-11-02 21:00:00,17.15,85.05,0.0,-0.0,0.0,1.2,0.76,184.0,101497.0,False,11,21,306
2006-11-02 22:00:00,16.86,84.9,0.0,-0.0,0.0,4.6,0.83,189.0,101526.0,False,11,22,306
2006-11-02 23:00:00,16.55,86.65,0.0,-0.0,0.0,-2.6,0.83,224.0,101467.0,False,11,23,306
2006-11-03 00:00:00,16.14,87.85,0.0,-0.0,0.0,-6.6,0.97,258.0,101387.0,False,11,0,307
2006-11-03 01:00:00,16.22,88.25,0.0,-0.0,0.0,358.65,0.69,294.0,101367.0,False,11,1,307
2006-11-03 02:00:00,16.22,87.35,0.0,-0.0,0.0,9.4,0.48,287.0,101307.0,False,11,2,307
2006-11-03 03:00:00,15.88,87.15,0.0,-0.0,0.0,1.75,0.62,244.0,101297.0,False,11,3,307
2006-11-03 04:00:00,15.99,87.75,0.0,-0.0,0.0,-5.2,0.9,186.0,101257.0,False,11,4,307
2006-11-03 05:00:00,15.97,90.2,0.0,-0.0,0.0,7.0,0.9,177.0,101277.0,False,11,5,307
2006-11-03 06:00:00,16.0,92.05,0.0,-0.0,0.0,4.0,0.97,185.0,101267.0,False,11,6,307
2006-11-03 07:00:00,16.04,91.8,41.0,60.98,35.0,-2.75,0.55,167.0,101287.0,False,11,7,307
2006-11-03 08:00:00,16.51,91.0,141.0,71.75,121.0,-8.6,0.48,152.0,101297.0,False,11,8,307
2006-11-03 09:00:00,16.46,91.2,192.0,27.94,180.0,7.6,0.55,179.0,101327.0,False,11,9,307
2006-11-03 10:00:00,18.13,78.55,218.0,11.1,212.0,-9.6,1.79,202.0,101347.0,False,11,10,307
2006-11-03 11:00:00,18.84,76.35,416.0,195.38,298.0,-1.35,1.66,210.0,101327.0,False,11,11,307
2006-11-03 12:00:00,18.83,77.9,321.0,51.97,289.0,3.0,1.45,195.0,101277.0,False,11,12,307
2006-11-03 13:00:00,18.59,78.15,554.0,699.17,152.0,4.2,1.1,184.0,101207.0,False,11,13,307
2006-11-03 14:00:00,18.42,77.25,458.0,683.26,127.0,16.6,0.62,107.0,101178.0,False,11,14,307
2006-11-03 15:00:00,16.38,84.55,137.0,14.27,132.0,-14.0,1.79,64.0,101168.0,False,11,15,307
2006-11-03 16:00:00,16.17,84.4,125.0,302.62,70.0,-1.8,2.0,48.0,101237.0,False,11,16,307
2006-11-03 17:00:00,15.46,84.9,0.0,-0.0,0.0,-2.0,2.14,44.0,101267.0,False,11,17,307
2006-11-03 18:00:00,15.2,83.4,0.0,-0.0,0.0,-12.8,2.41,44.0,101297.0,False,11,18,307
2006-11-03 19:00:00,15.02,81.55,0.0,-0.0,0.0,0.8,2.48,38.0,101377.0,False,11,19,307
2006-11-03 20:00:00,14.52,84.75,0.0,-0.0,0.0,-10.6,2.28,36.0,101407.0,False,11,20,307
2006-11-03 21:00:00,13.69,85.25,0.0,-0.0,0.0,0.2,2.21,38.0,101467.0,False,11,21,307
2006-11-03 22:00:00,13.84,87.4,0.0,-0.0,0.0,-2.35,2.48,38.0,101477.0,False,11,22,307
2006-11-03 23:00:00,13.61,86.5,0.0,-0.0,0.0,7.6,2.34,37.0,101497.0,False,11,23,307
2006-11-04 00:00:00,13.3,86.25,0.0,-0.0,0.0,18.4,2.34,39.0,101507.0,False,11,0,308
2006-11-04 01:00:00,13.67,86.3,0.0,-0.0,0.0,369.05,2.34,37.0,101497.0,False,11,1,308
2006-11-04 02:00:00,13.35,86.7,0.0,-0.0,0.0,-13.2,2.28,39.0,101536.0,False,11,2,308
2006-11-04 03:00:00,13.08,87.1,0.0,-0.0,0.0,-8.8,2.34,43.0,101536.0,False,11,3,308
2006-11-04 04:00:00,13.24,86.7,0.0,-0.0,0.0,0.75,2.28,45.0,101586.0,False,11,4,308
2006-11-04 05:00:00,13.15,88.05,0.0,-0.0,0.0,1.2,2.28,46.0,101646.0,False,11,5,308
2006-11-04 06:00:00,12.92,87.95,0.0,-0.0,0.0,0.2,2.34,47.0,101686.0,False,11,6,308
2006-11-04 07:00:00,12.89,88.15,62.0,348.34,29.0,-6.0,2.55,47.0,101716.0,False,11,7,308
2006-11-04 08:00:00,13.82,82.8,220.0,458.45,94.0,-8.6,3.03,50.0,101766.0,False,11,8,308
2006-11-04 09:00:00,14.23,81.75,220.0,63.47,193.0,6.0,3.66,56.0,101826.0,False,11,9,308
2006-11-04 10:00:00,15.75,75.3,296.0,76.46,255.0,17.2,3.79,60.0,101836.0,False,11,10,308
2006-11-04 11:00:00,16.34,75.15,374.0,126.74,298.0,-2.6,4.21,67.0,101836.0,False,11,11,308
2006-11-04 12:00:00,16.47,74.55,585.0,672.16,174.0,16.4,4.0,70.0,101845.0,False,11,12,308
2006-11-04 13:00:00,16.88,72.9,471.0,402.95,241.0,-6.0,3.86,69.0,101736.0,False,11,13,308
2006-11-04 14:00:00,17.48,71.25,395.0,416.29,195.0,0.35,3.93,66.0,101736.0,False,11,14,308
2006-11-04 15:00:00,17.31,70.7,273.0,392.46,137.0,3.6,4.07,66.0,101726.0,False,11,15,308
2006-11-04 16:00:00,17.11,71.5,143.0,527.41,49.0,-24.4,4.07,64.0,101746.0,False,11,16,308
2006-11-04 17:00:00,16.41,76.4,0.0,-0.0,0.0,4.6,3.24,61.0,101776.0,False,11,17,308
2006-11-04 18:00:00,16.01,78.6,0.0,-0.0,0.0,-6.0,3.1,56.0,101816.0,False,11,18,308
2006-11-04 19:00:00,15.78,81.8,0.0,-0.0,0.0,-12.2,3.17,57.0,101875.0,False,11,19,308
2006-11-04 20:00:00,15.39,85.5,0.0,-0.0,0.0,2.6,3.31,59.0,101905.0,False,11,20,308
2006-11-04 21:00:00,15.0,87.1,0.0,-0.0,0.0,10.4,3.45,59.0,101955.0,False,11,21,308
2006-11-04 22:00:00,14.45,87.35,0.0,-0.0,0.0,-10.2,3.38,55.0,101985.0,False,11,22,308
2006-11-04 23:00:00,14.34,85.1,0.0,-0.0,0.0,-1.8,3.52,50.0,101965.0,False,11,23,308
2006-11-05 00:00:00,13.97,84.5,0.0,-0.0,0.0,-4.6,3.31,45.0,101995.0,False,11,0,309
2006-11-05 01:00:00,13.9,83.05,0.0,-0.0,0.0,334.05,2.9,40.0,101945.0,False,11,1,309
2006-11-05 02:00:00,13.47,84.5,0.0,-0.0,0.0,-12.0,2.83,38.0,101955.0,False,11,2,309
2006-11-05 03:00:00,13.72,82.95,0.0,-0.0,0.0,17.2,3.1,41.0,101935.0,False,11,3,309
2006-11-05 04:00:00,13.84,83.05,0.0,-0.0,0.0,2.4,3.03,39.0,101935.0,False,11,4,309
2006-11-05 05:00:00,14.15,81.6,0.0,-0.0,0.0,3.0,3.03,38.0,101965.0,False,11,5,309
2006-11-05 06:00:00,14.2,80.8,0.0,-0.0,0.0,7.0,3.03,37.0,101975.0,False,11,6,309
2006-11-05 07:00:00,14.31,80.75,9.0,0.0,9.0,-10.2,3.1,38.0,102015.0,False,11,7,309
2006-11-05 08:00:00,14.64,77.35,153.0,118.11,121.0,10.2,3.1,37.0,102045.0,False,11,8,309
2006-11-05 09:00:00,14.51,76.6,307.0,277.69,190.0,-22.0,3.66,46.0,102115.0,False,11,9,309
2006-11-05 10:00:00,15.99,71.6,436.0,402.26,222.0,27.2,4.34,52.0,102155.0,False,11,10,309
2006-11-05 11:00:00,16.48,68.05,433.0,243.53,288.0,-18.4,5.03,61.0,102135.0,False,11,11,309
2006-11-05 12:00:00,16.7,66.35,497.0,380.41,266.0,12.8,4.9,66.0,102085.0,False,11,12,309
2006-11-05 13:00:00,17.18,65.0,412.0,247.06,272.0,-1.2,4.62,66.0,102015.0,False,11,13,309
2006-11-05 14:00:00,17.48,65.5,427.0,566.64,157.0,19.0,4.69,65.0,101965.0,False,11,14,309
2006-11-05 15:00:00,16.92,67.65,262.0,355.86,140.0,-11.6,4.48,64.0,101935.0,False,11,15,309
2006-11-05 16:00:00,16.54,69.85,40.0,0.0,40.0,-9.8,4.21,62.0,101945.0,False,11,16,309
2006-11-05 17:00:00,15.63,77.0,0.0,-0.0,0.0,-3.8,3.31,56.0,101965.0,False,11,17,309
2006-11-05 18:00:00,15.19,78.6,0.0,-0.0,0.0,-2.15,3.03,49.0,102015.0,False,11,18,309
2006-11-05 19:00:00,15.25,78.8,0.0,-0.0,0.0,-7.2,2.76,45.0,102055.0,False,11,19,309
2006-11-05 20:00:00,14.84,80.65,0.0,-0.0,0.0,-9.4,2.69,44.0,102115.0,False,11,20,309
2006-11-05 21:00:00,14.01,79.15,0.0,-0.0,0.0,19.2,2.9,43.0,102135.0,False,11,21,309
2006-11-05 22:00:00,14.18,80.1,0.0,-0.0,0.0,5.6,3.03,42.0,102135.0,False,11,22,309
2006-11-05 23:00:00,13.81,79.2,0.0,-0.0,0.0,-11.4,3.03,42.0,102095.0,False,11,23,309
2006-11-06 00:00:00,13.42,77.65,0.0,-0.0,0.0,11.4,3.03,36.0,102035.0,False,11,0,310
2006-11-06 01:00:00,13.19,76.6,0.0,-0.0,0.0,330.45,2.55,29.0,102025.0,False,11,1,310
2006-11-06 02:00:00,13.37,75.1,0.0,-0.0,0.0,5.6,2.21,25.0,101965.0,False,11,2,310
2006-11-06 03:00:00,12.49,78.4,0.0,-0.0,0.0,-31.2,1.93,17.0,101945.0,False,11,3,310
2006-11-06 04:00:00,12.27,79.6,0.0,-0.0,0.0,1.2,1.66,10.0,101905.0,False,11,4,310
2006-11-06 05:00:00,12.35,79.5,0.0,-0.0,0.0,8.2,1.66,8.0,101895.0,False,11,5,310
2006-11-06 06:00:00,12.06,79.8,0.0,-0.0,0.0,-9.2,1.72,10.0,101895.0,False,11,6,310
2006-11-06 07:00:00,11.89,79.55,33.0,45.75,29.0,16.0,1.79,11.0,101915.0,False,11,7,310
2006-11-06 08:00:00,13.49,71.9,110.0,26.21,103.0,-6.8,2.28,17.0,101945.0,False,11,8,310
2006-11-06 09:00:00,14.93,64.35,60.0,0.0,60.0,14.4,3.03,38.0,101995.0,False,11,9,310
2006-11-06 10:00:00,16.15,68.25,167.0,0.0,167.0,18.0,3.1,45.0,102005.0,False,11,10,310
2006-11-06 11:00:00,16.55,71.7,76.0,0.0,76.0,-2.0,3.24,51.0,101975.0,False,11,11,310
2006-11-06 12:00:00,16.37,73.5,258.0,16.58,248.0,13.4,3.86,59.0,101905.0,False,11,12,310
2006-11-06 13:00:00,16.76,72.9,220.0,8.89,215.0,3.6,3.72,65.0,101826.0,False,11,13,310
2006-11-06 14:00:00,16.84,72.6,112.0,0.0,112.0,-7.2,3.45,68.0,101746.0,False,11,14,310
2006-11-06 15:00:00,16.92,72.7,80.0,0.0,80.0,-2.4,3.24,70.0,101746.0,False,11,15,310
2006-11-06 16:00:00,16.86,71.4,60.0,17.5,57.0,-1.15,2.9,63.0,101736.0,False,11,16,310
2006-11-06 17:00:00,15.74,79.85,0.0,-0.0,0.0,-3.6,2.41,53.0,101696.0,False,11,17,310
2006-11-06 18:00:00,15.36,82.85,0.0,-0.0,0.0,-11.0,2.14,41.0,101716.0,False,11,18,310
2006-11-06 19:00:00,15.25,84.75,0.0,-0.0,0.0,10.0,1.93,35.0,101756.0,False,11,19,310
2006-11-06 20:00:00,15.0,86.9,0.0,-0.0,0.0,-2.0,1.93,36.0,101736.0,False,11,20,310
2006-11-06 21:00:00,14.29,88.1,0.0,-0.0,0.0,-7.6,1.59,31.0,101746.0,False,11,21,310
2006-11-06 22:00:00,13.7,86.8,0.0,-0.0,0.0,4.8,1.38,23.0,101776.0,False,11,22,310
2006-11-06 23:00:00,13.49,88.5,0.0,-0.0,0.0,10.6,1.1,18.0,101736.0,False,11,23,310
2006-11-07 00:00:00,13.16,89.35,0.0,-0.0,0.0,-5.8,1.17,15.0,101686.0,False,11,0,311
2006-11-07 01:00:00,13.35,89.25,0.0,-0.0,0.0,351.45,1.45,18.0,101606.0,False,11,1,311
2006-11-07 02:00:00,13.3,91.2,0.0,-0.0,0.0,0.2,1.38,21.0,101556.0,False,11,2,311
2006-11-07 03:00:00,13.69,90.65,0.0,-0.0,0.0,-1.75,1.38,23.0,101536.0,False,11,3,311
2006-11-07 04:00:00,13.87,91.65,0.0,-0.0,0.0,8.2,1.59,30.0,101467.0,False,11,4,311
2006-11-07 05:00:00,14.09,93.5,0.0,-0.0,0.0,3.2,1.66,44.0,101427.0,False,11,5,311
2006-11-07 06:00:00,14.17,94.25,0.0,-0.0,0.0,5.6,1.72,47.0,101397.0,False,11,6,311
2006-11-07 07:00:00,14.26,95.4,34.0,59.67,29.0,3.0,1.93,48.0,101357.0,False,11,7,311
2006-11-07 08:00:00,14.99,91.65,90.0,7.6,88.0,-3.6,2.41,57.0,101357.0,False,11,8,311
2006-11-07 09:00:00,14.69,94.3,221.0,75.03,190.0,14.0,2.55,75.0,101377.0,False,11,9,311
2006-11-07 10:00:00,14.75,96.1,271.0,55.38,242.0,-3.4,2.62,56.0,101357.0,False,11,10,311
2006-11-07 11:00:00,15.33,95.0,471.0,357.76,261.0,6.2,2.14,58.0,101337.0,False,11,11,311
2006-11-07 12:00:00,15.7,96.05,453.0,282.18,284.0,-2.6,1.72,66.0,101287.0,False,11,12,311
2006-11-07 13:00:00,16.66,92.85,221.0,8.95,216.0,-6.0,1.59,113.0,101217.0,False,11,13,311
2006-11-07 14:00:00,16.19,92.0,97.0,0.0,97.0,-5.2,1.79,140.0,101158.0,False,11,14,311
2006-11-07 15:00:00,16.03,87.95,203.0,143.01,155.0,1.55,1.45,141.0,101207.0,False,11,15,311
2006-11-07 16:00:00,15.96,88.95,37.0,0.0,37.0,-1.15,1.38,139.0,101158.0,False,11,16,311
2006-11-07 17:00:00,14.2,94.6,0.0,-0.0,0.0,-16.2,0.83,121.0,101178.0,False,11,17,311
2006-11-07 18:00:00,13.87,97.75,0.0,-0.0,0.0,-0.15,0.62,85.0,101237.0,False,11,18,311
2006-11-07 19:00:00,14.26,98.05,0.0,-0.0,0.0,-11.2,0.69,81.0,101287.0,False,11,19,311
2006-11-07 20:00:00,14.07,97.7,0.0,-0.0,0.0,6.4,0.48,100.0,101347.0,False,11,20,311
2006-11-07 21:00:00,14.06,97.0,0.0,-0.0,0.0,7.4,0.34,41.0,101397.0,False,11,21,311
2006-11-07 22:00:00,13.95,96.65,0.0,-0.0,0.0,-3.8,0.83,94.0,101457.0,False,11,22,311
2006-11-07 23:00:00,13.75,97.0,0.0,-0.0,0.0,-4.8,0.62,94.0,101447.0,False,11,23,311
2006-11-08 00:00:00,13.67,98.65,0.0,-0.0,0.0,2.8,0.76,56.0,101417.0,False,11,0,312
2006-11-08 01:00:00,13.56,99.25,0.0,-0.0,0.0,344.85,0.76,41.0,101427.0,False,11,1,312
2006-11-08 02:00:00,13.8,96.6,0.0,-0.0,0.0,-4.6,0.76,40.0,101427.0,False,11,2,312
2006-11-08 03:00:00,13.88,93.5,0.0,-0.0,0.0,4.2,0.97,42.0,101457.0,False,11,3,312
2006-11-08 04:00:00,13.8,95.3,0.0,-0.0,0.0,-6.2,1.03,46.0,101467.0,False,11,4,312
2006-11-08 05:00:00,13.98,95.65,0.0,-0.0,0.0,11.4,1.1,45.0,101497.0,False,11,5,312
2006-11-08 06:00:00,13.5,96.15,0.0,-0.0,0.0,-7.8,1.17,49.0,101526.0,False,11,6,312
2006-11-08 07:00:00,13.9,94.9,30.0,49.9,26.0,0.35,1.59,65.0,101596.0,False,11,7,312
2006-11-08 08:00:00,14.83,90.8,200.0,408.79,94.0,7.0,1.66,75.0,101696.0,False,11,8,312
2006-11-08 09:00:00,15.01,91.7,368.0,603.68,121.0,24.4,1.79,92.0,101766.0,False,11,9,312
2006-11-08 10:00:00,16.77,87.8,442.0,460.05,203.0,3.4,2.76,100.0,101766.0,False,11,10,312
2006-11-08 11:00:00,16.14,81.35,273.0,29.17,256.0,-7.6,2.41,93.0,101836.0,False,11,11,312
2006-11-08 12:00:00,16.99,84.55,273.0,25.22,258.0,-9.8,2.41,106.0,101806.0,False,11,12,312
2006-11-08 13:00:00,16.15,81.45,192.0,1.8,191.0,10.4,3.03,111.0,101766.0,False,11,13,312
2006-11-08 14:00:00,16.24,85.0,166.0,4.3,164.0,-12.8,2.55,112.0,101776.0,False,11,14,312
2006-11-08 15:00:00,16.55,85.7,236.0,273.94,145.0,-1.2,2.07,89.0,101766.0,False,11,15,312
2006-11-08 16:00:00,16.18,85.0,105.0,236.32,66.0,3.8,2.21,86.0,101766.0,False,11,16,312
2006-11-08 17:00:00,15.03,88.5,0.0,-0.0,0.0,-23.4,2.28,79.0,101816.0,False,11,17,312
2006-11-08 18:00:00,14.95,87.85,0.0,-0.0,0.0,2.4,2.21,67.0,101875.0,False,11,18,312
2006-11-08 19:00:00,15.14,88.05,0.0,-0.0,0.0,4.2,2.14,60.0,101955.0,False,11,19,312
2006-11-08 20:00:00,14.88,88.8,0.0,-0.0,0.0,-11.6,2.0,53.0,102005.0,False,11,20,312
2006-11-08 21:00:00,14.17,89.4,0.0,-0.0,0.0,0.8,1.93,55.0,102045.0,False,11,21,312
2006-11-08 22:00:00,13.56,90.55,0.0,-0.0,0.0,20.2,1.93,51.0,102085.0,False,11,22,312
2006-11-08 23:00:00,13.5,92.2,0.0,-0.0,0.0,0.4,1.86,40.0,102075.0,False,11,23,312
2006-11-09 00:00:00,13.02,94.1,0.0,-0.0,0.0,-8.0,1.52,26.0,102085.0,False,11,0,313
2006-11-09 01:00:00,13.48,92.9,0.0,-0.0,0.0,348.25,1.59,25.0,102075.0,False,11,1,313
2006-11-09 02:00:00,12.96,91.05,0.0,-0.0,0.0,-4.2,1.72,30.0,102105.0,False,11,2,313
2006-11-09 03:00:00,12.43,91.45,0.0,-0.0,0.0,-10.8,2.14,36.0,102055.0,False,11,3,313
2006-11-09 04:00:00,12.65,91.05,0.0,-0.0,0.0,1.2,2.14,37.0,102085.0,False,11,4,313
2006-11-09 05:00:00,12.56,93.55,0.0,-0.0,0.0,-3.8,2.14,37.0,102095.0,False,11,5,313
2006-11-09 06:00:00,12.62,92.45,0.0,-0.0,0.0,-5.2,2.34,39.0,102135.0,False,11,6,313
2006-11-09 07:00:00,12.76,91.35,48.0,326.69,23.0,-0.35,2.48,41.0,102164.0,False,11,7,313
2006-11-09 08:00:00,14.49,80.85,150.0,148.76,112.0,-3.4,2.97,43.0,102234.0,False,11,8,313
2006-11-09 09:00:00,14.63,78.75,262.0,175.25,191.0,-5.0,3.38,50.0,102284.0,False,11,9,313
2006-11-09 10:00:00,17.37,65.75,391.0,298.79,237.0,-1.35,4.28,62.0,102324.0,False,11,10,313
2006-11-09 11:00:00,17.19,66.1,534.0,596.13,189.0,0.2,4.48,65.0,102324.0,False,11,11,313
2006-11-09 12:00:00,17.05,65.4,524.0,516.25,219.0,8.0,4.55,69.0,102254.0,False,11,12,313
2006-11-09 13:00:00,17.21,62.8,504.0,586.43,181.0,-0.2,4.48,70.0,102214.0,False,11,13,313
2006-11-09 14:00:00,17.45,59.7,446.0,741.18,104.0,-6.2,4.28,70.0,102174.0,False,11,14,313
2006-11-09 15:00:00,16.98,62.9,277.0,510.95,109.0,2.4,4.0,67.0,102184.0,False,11,15,313
2006-11-09 16:00:00,16.96,61.4,125.0,475.45,48.0,-9.6,3.52,61.0,102184.0,False,11,16,313
2006-11-09 17:00:00,15.66,72.15,0.0,-0.0,0.0,-2.8,2.34,52.0,102224.0,False,11,17,313
2006-11-09 18:00:00,14.83,76.45,0.0,-0.0,0.0,-6.6,2.0,44.0,102254.0,False,11,18,313
2006-11-09 19:00:00,14.6,79.25,0.0,-0.0,0.0,-5.8,1.79,37.0,102264.0,False,11,19,313
2006-11-09 20:00:00,14.07,84.55,0.0,-0.0,0.0,-3.8,1.79,35.0,102304.0,False,11,20,313
2006-11-09 21:00:00,12.73,87.6,0.0,-0.0,0.0,2.0,1.79,29.0,102324.0,False,11,21,313
2006-11-09 22:00:00,11.31,89.25,0.0,-0.0,0.0,0.2,1.66,24.0,102384.0,False,11,22,313
2006-11-09 23:00:00,11.14,90.25,0.0,-0.0,0.0,0.35,1.52,17.0,102374.0,False,11,23,313
2006-11-10 00:00:00,10.96,90.4,0.0,-0.0,0.0,-2.0,1.59,18.0,102364.0,False,11,0,314
2006-11-10 01:00:00,10.87,90.1,0.0,-0.0,0.0,292.2,1.52,14.0,102354.0,False,11,1,314
2006-11-10 02:00:00,10.64,89.5,0.0,-0.0,0.0,5.6,1.52,13.0,102324.0,False,11,2,314
2006-11-10 03:00:00,10.85,86.4,0.0,-0.0,0.0,2.2,1.52,11.0,102304.0,False,11,3,314
2006-11-10 04:00:00,11.11,84.85,0.0,-0.0,0.0,-1.0,1.45,11.0,102294.0,False,11,4,314
2006-11-10 05:00:00,11.24,82.4,0.0,-0.0,0.0,8.2,1.45,12.0,102314.0,False,11,5,314
2006-11-10 06:00:00,10.69,82.15,0.0,-0.0,0.0,-18.2,1.45,11.0,102314.0,False,11,6,314
2006-11-10 07:00:00,10.87,81.7,43.0,288.03,22.0,-8.2,1.45,9.0,102344.0,False,11,7,314
2006-11-10 08:00:00,13.19,72.5,215.0,588.23,67.0,7.0,2.14,11.0,102414.0,False,11,8,314
2006-11-10 09:00:00,13.77,67.7,380.0,725.43,89.0,2.2,2.41,36.0,102464.0,False,11,9,314
2006-11-10 10:00:00,17.29,52.5,514.0,827.25,91.0,1.8,2.76,51.0,102503.0,False,11,10,314
2006-11-10 11:00:00,17.21,55.9,586.0,847.45,99.0,5.0,2.83,66.0,102493.0,False,11,11,314
2006-11-10 12:00:00,17.36,57.4,604.0,869.09,94.0,2.4,2.83,78.0,102404.0,False,11,12,314
2006-11-10 13:00:00,17.32,57.75,557.0,848.3,93.0,2.0,2.9,86.0,102364.0,False,11,13,314
2006-11-10 14:00:00,17.9,57.3,449.0,781.92,91.0,-2.0,2.9,88.0,102314.0,False,11,14,314
2006-11-10 15:00:00,17.52,59.75,303.0,718.89,69.0,-2.2,2.9,87.0,102304.0,False,11,15,314
2006-11-10 16:00:00,17.55,57.55,123.0,478.09,47.0,-4.2,2.62,80.0,102324.0,False,11,16,314
2006-11-10 17:00:00,15.12,73.9,0.0,-0.0,0.0,-5.4,1.52,68.0,102364.0,False,11,17,314
2006-11-10 18:00:00,13.98,76.45,0.0,-0.0,0.0,-5.6,1.72,54.0,102414.0,False,11,18,314
2006-11-10 19:00:00,13.31,77.85,0.0,-0.0,0.0,-0.75,1.79,36.0,102464.0,False,11,19,314
2006-11-10 20:00:00,12.17,82.65,0.0,-0.0,0.0,-3.2,1.72,22.0,102493.0,False,11,20,314
2006-11-10 21:00:00,10.89,84.45,0.0,-0.0,0.0,-2.8,1.66,13.0,102543.0,False,11,21,314
2006-11-10 22:00:00,9.6,88.35,0.0,-0.0,0.0,-2.4,1.31,7.0,102583.0,False,11,22,314
2006-11-10 23:00:00,9.09,89.0,0.0,-0.0,0.0,-2.6,1.17,358.0,102593.0,False,11,23,314
2006-11-11 00:00:00,8.83,88.65,0.0,-0.0,0.0,-2.55,0.9,349.0,102573.0,False,11,0,315
2006-11-11 01:00:00,8.7,86.95,0.0,-0.0,0.0,265.4,1.03,347.0,102563.0,False,11,1,315
2006-11-11 02:00:00,8.77,83.5,0.0,-0.0,0.0,-1.15,1.17,349.0,102513.0,False,11,2,315
2006-11-11 03:00:00,8.05,82.15,0.0,-0.0,0.0,-0.35,1.17,350.0,102523.0,False,11,3,315
2006-11-11 04:00:00,8.01,81.5,0.0,-0.0,0.0,-0.6,1.17,345.0,102523.0,False,11,4,315
2006-11-11 05:00:00,7.45,82.0,0.0,-0.0,0.0,-1.4,1.17,342.0,102513.0,False,11,5,315
2006-11-11 06:00:00,7.41,82.0,0.0,-0.0,0.0,-1.55,1.1,339.0,102533.0,False,11,6,315
2006-11-11 07:00:00,7.16,81.45,40.0,274.16,21.0,6.8,1.1,338.0,102573.0,False,11,7,315
2006-11-11 08:00:00,10.05,73.9,214.0,609.41,63.0,-5.0,1.52,346.0,102613.0,False,11,8,315
2006-11-11 09:00:00,13.27,56.6,382.0,765.41,78.0,2.8,1.38,19.0,102673.0,False,11,9,315
2006-11-11 10:00:00,16.92,32.05,506.0,810.18,95.0,4.4,1.72,39.0,102673.0,False,11,10,315
2006-11-11 11:00:00,17.38,35.4,582.0,844.66,100.0,4.4,1.86,63.0,102643.0,False,11,11,315
2006-11-11 12:00:00,17.53,38.25,600.0,868.07,94.0,3.2,2.07,80.0,102573.0,False,11,12,315
2006-11-11 13:00:00,17.86,39.25,552.0,846.78,92.0,2.2,2.07,87.0,102503.0,False,11,13,315
2006-11-11 14:00:00,18.83,38.95,447.0,794.55,86.0,1.2,2.0,92.0,102464.0,False,11,14,315
2006-11-11 15:00:00,18.44,42.3,296.0,688.82,74.0,0.0,1.86,96.0,102424.0,False,11,15,315
2006-11-11 16:00:00,18.17,43.05,118.0,454.92,47.0,-1.6,1.59,104.0,102424.0,False,11,16,315
2006-11-11 17:00:00,14.8,67.2,0.0,-0.0,0.0,-3.2,1.52,97.0,102434.0,False,11,17,315
2006-11-11 18:00:00,13.56,67.45,0.0,-0.0,0.0,-3.8,1.03,42.0,102444.0,False,11,18,315
2006-11-11 19:00:00,12.74,68.9,0.0,-0.0,0.0,-0.6,1.17,0.0,102474.0,False,11,19,315
2006-11-11 20:00:00,11.35,73.55,0.0,-0.0,0.0,-2.0,1.31,347.0,102493.0,False,11,20,315
2006-11-11 21:00:00,9.27,77.1,0.0,-0.0,0.0,-2.8,1.38,342.0,102503.0,False,11,21,315
2006-11-11 22:00:00,8.43,77.9,0.0,-0.0,0.0,-3.0,1.03,335.0,102553.0,False,11,22,315
2006-11-11 23:00:00,8.29,75.9,0.0,-0.0,0.0,-3.2,0.76,331.0,102474.0,False,11,23,315
2006-11-12 00:00:00,7.95,74.25,0.0,-0.0,0.0,-2.6,0.62,324.0,102454.0,False,11,0,316
2006-11-12 01:00:00,7.75,71.9,0.0,-0.0,0.0,255.6,0.55,315.0,102374.0,False,11,1,316
2006-11-12 02:00:00,7.09,71.05,0.0,-0.0,0.0,-1.35,0.62,310.0,102354.0,False,11,2,316
2006-11-12 03:00:00,6.45,69.95,0.0,-0.0,0.0,-1.2,0.76,310.0,102304.0,False,11,3,316
2006-11-12 04:00:00,6.17,68.3,0.0,-0.0,0.0,-0.8,0.9,312.0,102274.0,False,11,4,316
2006-11-12 05:00:00,5.85,67.35,0.0,-0.0,0.0,-0.35,0.97,312.0,102254.0,False,11,5,316
2006-11-12 06:00:00,5.95,66.25,0.0,-0.0,0.0,-0.4,0.97,312.0,102244.0,False,11,6,316
2006-11-12 07:00:00,5.93,65.95,37.0,243.49,21.0,2.4,0.97,314.0,102254.0,False,11,7,316
2006-11-12 08:00:00,9.22,60.95,211.0,614.81,61.0,1.6,1.52,322.0,102254.0,False,11,8,316
2006-11-12 09:00:00,12.25,53.3,378.0,762.91,78.0,6.0,1.38,320.0,102294.0,False,11,9,316
2006-11-12 10:00:00,17.54,30.85,502.0,808.67,95.0,9.0,0.76,306.0,102274.0,False,11,10,316
2006-11-12 11:00:00,18.09,33.5,577.0,843.52,99.0,7.6,0.41,226.0,102254.0,False,11,11,316
2006-11-12 12:00:00,18.23,38.15,599.0,882.49,88.0,6.0,0.9,197.0,102155.0,False,11,12,316
2006-11-12 13:00:00,18.37,42.8,542.0,813.62,103.0,4.4,1.24,206.0,102075.0,False,11,13,316
2006-11-12 14:00:00,19.51,46.6,443.0,791.71,86.0,4.0,1.45,211.0,101985.0,False,11,14,316
2006-11-12 15:00:00,19.07,52.65,290.0,661.09,79.0,1.6,1.52,215.0,101945.0,False,11,15,316
2006-11-12 16:00:00,19.01,56.65,116.0,456.7,46.0,0.0,1.38,215.0,101915.0,False,11,16,316
2006-11-12 17:00:00,15.8,72.6,0.0,-0.0,0.0,-3.2,1.66,238.0,101895.0,False,11,17,316
2006-11-12 18:00:00,14.18,78.05,0.0,-0.0,0.0,-3.2,1.72,281.0,101905.0,False,11,18,316
2006-11-12 19:00:00,12.59,80.95,0.0,-0.0,0.0,6.0,1.79,306.0,101895.0,False,11,19,316
2006-11-12 20:00:00,11.66,78.1,0.0,-0.0,0.0,-7.4,1.79,318.0,101895.0,False,11,20,316
2006-11-12 21:00:00,11.14,72.0,0.0,-0.0,0.0,-1.0,1.31,323.0,101905.0,False,11,21,316
2006-11-12 22:00:00,9.8,72.15,0.0,-0.0,0.0,-1.8,1.45,326.0,101915.0,False,11,22,316
2006-11-12 23:00:00,9.27,71.75,0.0,-0.0,0.0,-1.35,1.17,326.0,101885.0,False,11,23,316
2006-11-13 00:00:00,9.06,73.45,0.0,-0.0,0.0,-1.2,1.17,325.0,101845.0,False,11,0,317
2006-11-13 01:00:00,8.22,74.1,0.0,-0.0,0.0,280.0,1.17,323.0,101816.0,False,11,1,317
2006-11-13 02:00:00,8.17,72.95,0.0,-0.0,0.0,4.0,1.17,323.0,101786.0,False,11,2,317
2006-11-13 03:00:00,8.23,72.3,0.0,-0.0,0.0,-1.75,1.24,324.0,101766.0,False,11,3,317
2006-11-13 04:00:00,7.93,72.85,0.0,-0.0,0.0,-0.6,1.24,324.0,101736.0,False,11,4,317
2006-11-13 05:00:00,7.76,74.4,0.0,-0.0,0.0,-2.4,1.24,323.0,101716.0,False,11,5,317
2006-11-13 06:00:00,7.69,74.55,0.0,-0.0,0.0,3.2,1.17,323.0,101726.0,False,11,6,317
2006-11-13 07:00:00,7.48,74.2,34.0,225.31,20.0,9.4,1.1,323.0,101746.0,False,11,7,317
2006-11-13 08:00:00,10.6,67.15,205.0,587.02,64.0,-9.8,1.38,327.0,101766.0,False,11,8,317
2006-11-13 09:00:00,13.22,61.65,369.0,732.05,84.0,6.4,0.83,334.0,101816.0,False,11,9,317
2006-11-13 10:00:00,17.42,41.55,503.0,837.12,85.0,7.6,0.55,90.0,101826.0,False,11,10,317
2006-11-13 11:00:00,17.43,49.7,567.0,810.31,111.0,6.6,1.17,126.0,101796.0,False,11,11,317
2006-11-13 12:00:00,17.37,55.55,588.0,848.34,100.0,5.6,1.38,135.0,101766.0,False,11,12,317
2006-11-13 13:00:00,17.37,60.35,535.0,798.56,107.0,2.6,1.45,137.0,101726.0,False,11,13,317
2006-11-13 14:00:00,17.76,62.15,440.0,788.68,87.0,1.0,1.59,137.0,101686.0,False,11,14,317
2006-11-13 15:00:00,17.28,65.1,285.0,648.46,80.0,1.35,1.59,133.0,101686.0,False,11,15,317
2006-11-13 16:00:00,17.12,66.3,110.0,405.14,49.0,10.0,1.52,135.0,101686.0,False,11,16,317
2006-11-13 17:00:00,14.88,84.6,0.0,-0.0,0.0,-18.6,1.24,137.0,101706.0,False,11,17,317
2006-11-13 18:00:00,13.9,86.55,0.0,-0.0,0.0,-2.8,0.76,145.0,101736.0,False,11,18,317
2006-11-13 19:00:00,12.89,89.65,0.0,-0.0,0.0,-3.0,0.0,198.0,101746.0,False,11,19,317
2006-11-13 20:00:00,11.54,94.95,0.0,-0.0,0.0,-1.0,0.41,323.0,101766.0,False,11,20,317
2006-11-13 21:00:00,9.95,96.3,0.0,-0.0,0.0,-5.0,0.55,323.0,101776.0,False,11,21,317
2006-11-13 22:00:00,9.39,94.9,0.0,-0.0,0.0,-1.6,0.76,328.0,101796.0,False,11,22,317
2006-11-13 23:00:00,8.96,92.9,0.0,-0.0,0.0,-0.75,0.76,327.0,101756.0,False,11,23,317
2006-11-14 00:00:00,8.77,91.9,0.0,-0.0,0.0,-3.0,0.69,331.0,101766.0,False,11,0,318
2006-11-14 01:00:00,8.65,88.8,0.0,-0.0,0.0,285.8,0.62,330.0,101736.0,False,11,1,318
2006-11-14 02:00:00,8.24,89.15,0.0,-0.0,0.0,1.15,0.34,322.0,101726.0,False,11,2,318
2006-11-14 03:00:00,8.14,89.9,0.0,-0.0,0.0,1.0,0.41,324.0,101726.0,False,11,3,318
2006-11-14 04:00:00,7.55,91.35,0.0,-0.0,0.0,0.2,0.41,320.0,101716.0,False,11,4,318
2006-11-14 05:00:00,7.19,92.2,0.0,-0.0,0.0,2.0,0.34,320.0,101696.0,False,11,5,318
2006-11-14 06:00:00,6.82,92.6,0.0,-0.0,0.0,-1.8,0.34,321.0,101706.0,False,11,6,318
2006-11-14 07:00:00,7.14,91.65,32.0,238.99,18.0,-1.75,0.34,318.0,101716.0,False,11,7,318
2006-11-14 08:00:00,10.16,81.2,201.0,583.66,63.0,2.4,0.41,326.0,101756.0,False,11,8,318
2006-11-14 09:00:00,11.31,77.6,363.0,716.07,87.0,3.8,0.21,30.0,101796.0,False,11,9,318
2006-11-14 10:00:00,15.27,60.85,493.0,805.38,94.0,2.4,0.48,122.0,101796.0,False,11,10,318
2006-11-14 11:00:00,15.96,58.75,569.0,840.97,99.0,-1.0,1.03,139.0,101746.0,False,11,11,318
2006-11-14 12:00:00,16.39,57.5,584.0,846.88,100.0,1.6,1.31,144.0,101686.0,False,11,12,318
2006-11-14 13:00:00,16.72,55.0,532.0,796.34,108.0,2.0,1.52,145.0,101586.0,False,11,13,318
2006-11-14 14:00:00,17.61,55.1,436.0,787.7,86.0,-0.35,1.66,142.0,101546.0,False,11,14,318
2006-11-14 15:00:00,17.17,61.35,280.0,632.2,82.0,0.75,1.66,142.0,101516.0,False,11,15,318
2006-11-14 16:00:00,16.92,62.2,100.0,310.9,54.0,-2.6,1.52,144.0,101516.0,False,11,16,318
2006-11-14 17:00:00,14.15,84.3,0.0,-0.0,0.0,-2.55,1.38,144.0,101526.0,False,11,17,318
2006-11-14 18:00:00,14.04,81.6,0.0,-0.0,0.0,-2.0,0.9,132.0,101566.0,False,11,18,318
2006-11-14 19:00:00,13.27,84.25,0.0,-0.0,0.0,-1.35,0.21,65.0,101596.0,False,11,19,318
2006-11-14 20:00:00,11.19,90.15,0.0,-0.0,0.0,-1.4,0.21,355.0,101626.0,False,11,20,318
2006-11-14 21:00:00,9.28,95.6,0.0,-0.0,0.0,-1.6,0.28,334.0,101636.0,False,11,21,318
2006-11-14 22:00:00,8.71,98.25,0.0,-0.0,0.0,-1.6,0.48,324.0,101666.0,False,11,22,318
2006-11-14 23:00:00,8.25,97.55,0.0,-0.0,0.0,2.0,0.41,322.0,101636.0,False,11,23,318
2006-11-15 00:00:00,8.49,97.65,0.0,-0.0,0.0,2.8,0.48,319.0,101646.0,False,11,0,319
2006-11-15 01:00:00,8.26,96.85,0.0,-0.0,0.0,297.6,0.62,324.0,101586.0,False,11,1,319
2006-11-15 02:00:00,8.04,96.8,0.0,-0.0,0.0,1.75,0.69,326.0,101556.0,False,11,2,319
2006-11-15 03:00:00,8.09,93.5,0.0,-0.0,0.0,16.6,0.62,330.0,101536.0,False,11,3,319
2006-11-15 04:00:00,8.6,91.35,0.0,-0.0,0.0,11.4,0.55,329.0,101497.0,False,11,4,319
2006-11-15 05:00:00,8.03,90.9,0.0,-0.0,0.0,-20.0,0.48,324.0,101497.0,False,11,5,319
2006-11-15 06:00:00,8.22,89.6,0.0,-0.0,0.0,4.6,0.62,323.0,101487.0,False,11,6,319
2006-11-15 07:00:00,7.98,89.6,29.0,218.01,17.0,22.2,0.83,324.0,101477.0,False,11,7,319
2006-11-15 08:00:00,10.34,80.65,195.0,558.63,65.0,-30.2,0.62,321.0,101516.0,False,11,8,319
2006-11-15 09:00:00,11.92,75.05,357.0,699.7,90.0,3.6,0.48,216.0,101526.0,False,11,9,319
2006-11-15 10:00:00,16.27,62.15,486.0,787.32,99.0,-12.8,0.76,198.0,101546.0,False,11,10,319
2006-11-15 11:00:00,16.23,60.45,558.0,807.11,110.0,-10.8,1.52,182.0,101487.0,False,11,11,319
2006-11-15 12:00:00,16.31,59.95,558.0,739.64,138.0,2.2,1.79,179.0,101427.0,False,11,12,319
2006-11-15 13:00:00,16.65,58.5,522.0,765.61,117.0,2.8,1.86,182.0,101347.0,False,11,13,319
2006-11-15 14:00:00,17.63,55.7,426.0,743.49,98.0,-0.8,1.86,183.0,101267.0,False,11,14,319
2006-11-15 15:00:00,17.27,57.25,277.0,631.56,81.0,-1.2,1.79,183.0,101227.0,False,11,15,319
2006-11-15 16:00:00,17.0,58.7,113.0,508.78,39.0,-2.75,1.52,182.0,101207.0,False,11,16,319
2006-11-15 17:00:00,14.08,77.35,0.0,-0.0,0.0,-3.0,1.38,179.0,101227.0,False,11,17,319
2006-11-15 18:00:00,14.45,75.25,0.0,-0.0,0.0,4.0,0.9,223.0,101227.0,False,11,18,319
2006-11-15 19:00:00,13.44,80.3,0.0,-0.0,0.0,13.2,0.9,269.0,101247.0,False,11,19,319
2006-11-15 20:00:00,11.83,85.15,0.0,-0.0,0.0,8.4,1.1,287.0,101257.0,False,11,20,319
2006-11-15 21:00:00,10.29,85.1,0.0,-0.0,0.0,-5.2,1.24,285.0,101257.0,False,11,21,319
2006-11-15 22:00:00,11.04,82.5,0.0,-0.0,0.0,-3.2,1.1,317.0,101267.0,False,11,22,319
2006-11-15 23:00:00,11.3,81.05,0.0,-0.0,0.0,-0.2,0.76,297.0,101237.0,False,11,23,319
2006-11-16 00:00:00,11.43,74.45,0.0,-0.0,0.0,-1.8,1.03,280.0,101237.0,False,11,0,320
2006-11-16 01:00:00,11.88,73.3,0.0,-0.0,0.0,299.6,1.45,262.0,101197.0,False,11,1,320
2006-11-16 02:00:00,12.02,72.65,0.0,-0.0,0.0,2.4,2.0,255.0,101188.0,False,11,2,320
2006-11-16 03:00:00,13.01,71.75,0.0,-0.0,0.0,7.4,1.79,257.0,101158.0,False,11,3,320
2006-11-16 04:00:00,13.03,73.65,0.0,-0.0,0.0,1.0,1.79,273.0,101088.0,False,11,4,320
2006-11-16 05:00:00,12.91,74.3,0.0,-0.0,0.0,-3.4,1.72,270.0,101038.0,False,11,5,320
2006-11-16 06:00:00,12.66,76.05,0.0,-0.0,0.0,-2.2,1.93,256.0,101058.0,False,11,6,320
2006-11-16 07:00:00,13.0,76.05,25.0,174.66,16.0,11.0,1.66,257.0,101058.0,False,11,7,320
2006-11-16 08:00:00,14.51,75.15,99.0,34.93,91.0,2.35,1.52,242.0,101078.0,False,11,8,320
2006-11-16 09:00:00,15.15,71.5,147.0,13.24,142.0,4.2,1.86,217.0,101098.0,False,11,9,320
2006-11-16 10:00:00,17.55,56.1,300.0,127.12,238.0,-5.0,2.9,224.0,101138.0,False,11,10,320
2006-11-16 11:00:00,17.74,52.0,74.0,0.0,74.0,-0.2,3.17,214.0,101078.0,False,11,11,320
2006-11-16 12:00:00,17.96,49.7,154.0,0.0,154.0,9.4,3.24,208.0,101048.0,False,11,12,320
2006-11-16 13:00:00,18.06,49.0,181.0,1.9,180.0,-1.35,3.52,212.0,101038.0,False,11,13,320
2006-11-16 14:00:00,17.34,54.55,230.0,63.92,202.0,-1.0,3.17,211.0,100968.0,False,11,14,320
2006-11-16 15:00:00,16.02,62.3,98.0,3.25,97.0,14.8,3.52,220.0,100998.0,False,11,15,320
2006-11-16 16:00:00,15.47,66.45,45.0,6.99,44.0,-11.6,3.31,224.0,100998.0,False,11,16,320
2006-11-16 17:00:00,14.11,73.4,0.0,-0.0,0.0,1.6,3.79,236.0,101058.0,False,11,17,320
2006-11-16 18:00:00,13.83,72.05,0.0,-0.0,0.0,-4.0,3.24,239.0,101068.0,False,11,18,320
2006-11-16 19:00:00,13.7,73.1,0.0,-0.0,0.0,8.0,2.9,246.0,101088.0,False,11,19,320
2006-11-16 20:00:00,13.17,77.4,0.0,-0.0,0.0,4.4,2.76,252.0,101088.0,False,11,20,320
2006-11-16 21:00:00,12.74,79.85,0.0,-0.0,0.0,-5.0,2.69,250.0,101108.0,False,11,21,320
2006-11-16 22:00:00,12.33,84.05,0.0,-0.0,0.0,-0.6,2.48,251.0,101128.0,False,11,22,320
2006-11-16 23:00:00,12.22,87.05,0.0,-0.0,0.0,3.8,2.34,253.0,101118.0,False,11,23,320
2006-11-17 00:00:00,12.38,88.8,0.0,-0.0,0.0,15.8,2.21,252.0,101128.0,False,11,0,321
2006-11-17 01:00:00,12.33,94.2,0.0,-0.0,0.0,346.05,2.14,255.0,101108.0,False,11,1,321
2006-11-17 02:00:00,12.15,96.5,0.0,-0.0,0.0,4.4,2.14,259.0,101108.0,False,11,2,321
2006-11-17 03:00:00,12.28,95.55,0.0,-0.0,0.0,-6.0,1.79,264.0,101118.0,False,11,3,321
2006-11-17 04:00:00,12.76,93.8,0.0,-0.0,0.0,5.8,1.38,273.0,101118.0,False,11,4,321
2006-11-17 05:00:00,12.28,91.25,0.0,-0.0,0.0,-4.2,1.24,296.0,101148.0,False,11,5,321
2006-11-17 06:00:00,11.28,93.05,0.0,-0.0,0.0,-23.0,1.24,312.0,101217.0,False,11,6,321
2006-11-17 07:00:00,11.12,94.5,11.0,0.0,11.0,4.4,1.1,315.0,101337.0,False,11,7,321
2006-11-17 08:00:00,12.62,86.75,63.0,0.0,63.0,1.6,0.9,316.0,101407.0,False,11,8,321
2006-11-17 09:00:00,13.2,76.65,334.0,596.23,111.0,-3.6,0.76,295.0,101487.0,False,11,9,321
2006-11-17 10:00:00,14.2,62.4,418.0,491.8,180.0,-28.0,1.45,250.0,101556.0,False,11,10,321
2006-11-17 11:00:00,15.13,54.75,547.0,788.87,115.0,-4.8,1.86,246.0,101576.0,False,11,11,321
2006-11-17 12:00:00,15.87,54.0,568.0,827.52,104.0,8.6,2.14,247.0,101536.0,False,11,12,321
2006-11-17 13:00:00,16.04,54.35,514.0,761.97,116.0,4.4,2.28,239.0,101497.0,False,11,13,321
2006-11-17 14:00:00,16.61,49.35,423.0,767.67,89.0,-0.2,2.48,224.0,101467.0,False,11,14,321
2006-11-17 15:00:00,16.42,50.6,274.0,649.35,76.0,-16.2,2.41,228.0,101467.0,False,11,15,321
2006-11-17 16:00:00,16.18,51.0,103.0,419.29,44.0,-4.4,1.86,231.0,101467.0,False,11,16,321
2006-11-17 17:00:00,13.13,73.65,0.0,-0.0,0.0,-3.8,1.59,229.0,101507.0,False,11,17,321
2006-11-17 18:00:00,12.94,69.85,0.0,-0.0,0.0,-5.2,1.52,254.0,101566.0,False,11,18,321
2006-11-17 19:00:00,12.23,70.7,0.0,-0.0,0.0,-3.2,1.45,284.0,101616.0,False,11,19,321
2006-11-17 20:00:00,10.44,78.7,0.0,-0.0,0.0,-1.6,1.59,306.0,101666.0,False,11,20,321
2006-11-17 21:00:00,8.37,81.25,0.0,-0.0,0.0,-1.75,1.66,315.0,101726.0,False,11,21,321
2006-11-17 22:00:00,7.69,80.7,0.0,-0.0,0.0,-2.6,1.72,319.0,101786.0,False,11,22,321
2006-11-17 23:00:00,7.18,80.55,0.0,-0.0,0.0,-2.75,1.59,319.0,101786.0,False,11,23,321
2006-11-18 00:00:00,6.62,80.75,0.0,-0.0,0.0,-2.8,1.45,323.0,101786.0,False,11,0,322
2006-11-18 01:00:00,6.28,79.9,0.0,-0.0,0.0,258.6,1.45,324.0,101806.0,False,11,1,322
2006-11-18 02:00:00,6.11,76.25,0.0,-0.0,0.0,-1.2,1.45,326.0,101796.0,False,11,2,322
2006-11-18 03:00:00,5.71,75.15,0.0,-0.0,0.0,-1.0,1.31,326.0,101826.0,False,11,3,322
2006-11-18 04:00:00,5.82,70.35,0.0,-0.0,0.0,-0.35,1.17,324.0,101816.0,False,11,4,322
2006-11-18 05:00:00,5.63,68.05,0.0,-0.0,0.0,0.0,0.97,324.0,101855.0,False,11,5,322
2006-11-18 06:00:00,5.29,67.4,0.0,-0.0,0.0,0.0,0.83,322.0,101865.0,False,11,6,322
2006-11-18 07:00:00,4.92,69.0,21.0,179.48,13.0,-0.2,0.69,319.0,101945.0,False,11,7,322
2006-11-18 08:00:00,7.28,64.2,185.0,554.8,62.0,1.6,1.03,324.0,101975.0,False,11,8,322
2006-11-18 09:00:00,10.05,55.05,349.0,718.35,83.0,4.8,0.76,317.0,102055.0,False,11,9,322
2006-11-18 10:00:00,14.83,36.95,473.0,780.9,98.0,6.6,0.55,241.0,102105.0,False,11,10,322
2006-11-18 11:00:00,15.02,41.3,549.0,818.03,104.0,4.4,0.9,199.0,102065.0,False,11,11,322
2006-11-18 12:00:00,15.21,42.55,565.0,825.47,105.0,3.0,1.17,191.0,102015.0,False,11,12,322
2006-11-18 13:00:00,15.54,42.7,519.0,805.21,101.0,1.6,1.24,188.0,101965.0,False,11,13,322
2006-11-18 14:00:00,16.33,42.8,420.0,765.89,89.0,1.6,1.31,181.0,101905.0,False,11,14,322
2006-11-18 15:00:00,16.29,44.7,270.0,635.02,78.0,-0.35,1.31,172.0,101915.0,False,11,15,322
2006-11-18 16:00:00,16.21,46.25,101.0,418.78,43.0,-1.2,1.17,166.0,101895.0,False,11,16,322
2006-11-18 17:00:00,14.39,55.35,0.0,-0.0,0.0,-3.2,1.03,166.0,101945.0,False,11,17,322
2006-11-18 18:00:00,13.72,57.6,0.0,-0.0,0.0,-3.35,0.14,266.0,101985.0,False,11,18,322
2006-11-18 19:00:00,11.57,68.95,0.0,-0.0,0.0,0.6,0.48,327.0,102015.0,False,11,19,322
2006-11-18 20:00:00,9.82,77.2,0.0,-0.0,0.0,-1.6,0.69,326.0,102075.0,False,11,20,322
2006-11-18 21:00:00,8.15,80.4,0.0,-0.0,0.0,-1.6,0.83,328.0,102105.0,False,11,21,322
2006-11-18 22:00:00,6.55,84.05,0.0,-0.0,0.0,-2.0,0.83,330.0,102125.0,False,11,22,322
2006-11-18 23:00:00,6.51,83.75,0.0,-0.0,0.0,-1.35,0.62,333.0,102125.0,False,11,23,322
2006-11-19 00:00:00,6.46,83.85,0.0,-0.0,0.0,-1.35,0.48,330.0,102125.0,False,11,0,323
2006-11-19 01:00:00,6.03,83.6,0.0,-0.0,0.0,263.2,0.41,327.0,102135.0,False,11,1,323
2006-11-19 02:00:00,5.57,83.75,0.0,-0.0,0.0,-0.6,0.41,322.0,102125.0,False,11,2,323
2006-11-19 03:00:00,5.06,83.3,0.0,-0.0,0.0,-0.4,0.48,324.0,102135.0,False,11,3,323
2006-11-19 04:00:00,5.02,82.9,0.0,-0.0,0.0,-0.6,0.55,327.0,102125.0,False,11,4,323
2006-11-19 05:00:00,4.7,83.2,0.0,-0.0,0.0,-0.35,0.62,329.0,102125.0,False,11,5,323
2006-11-19 06:00:00,5.03,83.2,0.0,-0.0,0.0,0.15,0.55,327.0,102164.0,False,11,6,323
2006-11-19 07:00:00,5.16,83.7,16.0,97.24,12.0,10.8,0.48,323.0,102184.0,False,11,7,323
2006-11-19 08:00:00,7.73,78.45,180.0,541.04,62.0,2.6,0.69,327.0,102254.0,False,11,8,323
2006-11-19 09:00:00,10.03,76.25,330.0,613.73,105.0,1.4,0.62,337.0,102284.0,False,11,9,323
2006-11-19 10:00:00,14.94,42.2,469.0,780.62,97.0,11.6,0.21,331.0,102324.0,False,11,10,323
2006-11-19 11:00:00,15.41,45.0,527.0,727.21,134.0,4.8,0.48,176.0,102294.0,False,11,11,323
2006-11-19 12:00:00,15.67,48.5,539.0,720.38,140.0,5.2,1.03,177.0,102274.0,False,11,12,323
2006-11-19 13:00:00,15.87,50.45,482.0,637.6,153.0,1.6,1.17,180.0,102224.0,False,11,13,323
2006-11-19 14:00:00,16.75,51.3,397.0,642.81,121.0,0.2,1.24,183.0,102174.0,False,11,14,323
2006-11-19 15:00:00,16.67,53.15,259.0,563.55,90.0,2.2,1.17,185.0,102174.0,False,11,15,323
2006-11-19 16:00:00,16.32,57.15,89.0,285.97,50.0,-1.6,0.9,184.0,102155.0,False,11,16,323
2006-11-19 17:00:00,14.83,66.0,0.0,-0.0,0.0,-6.8,0.76,221.0,102174.0,False,11,17,323
2006-11-19 18:00:00,13.6,69.05,0.0,-0.0,0.0,-3.8,1.17,298.0,102224.0,False,11,18,323
2006-11-19 19:00:00,11.28,77.7,0.0,-0.0,0.0,-1.0,1.45,311.0,102224.0,False,11,19,323
2006-11-19 20:00:00,9.88,79.55,0.0,-0.0,0.0,-3.0,1.59,314.0,102264.0,False,11,20,323
2006-11-19 21:00:00,9.47,77.55,0.0,-0.0,0.0,-1.8,1.66,313.0,102304.0,False,11,21,323
2006-11-19 22:00:00,8.92,78.0,0.0,-0.0,0.0,-2.35,1.45,318.0,102334.0,False,11,22,323
2006-11-19 23:00:00,8.06,77.55,0.0,-0.0,0.0,-4.0,1.31,317.0,102314.0,False,11,23,323
2006-11-20 00:00:00,7.55,78.15,0.0,-0.0,0.0,-1.2,1.31,315.0,102294.0,False,11,0,324
2006-11-20 01:00:00,7.08,78.0,0.0,-0.0,0.0,274.8,1.31,314.0,102314.0,False,11,1,324
2006-11-20 02:00:00,6.9,77.55,0.0,-0.0,0.0,-0.75,1.38,315.0,102234.0,False,11,2,324
2006-11-20 03:00:00,7.04,75.8,0.0,-0.0,0.0,-2.0,1.45,318.0,102264.0,False,11,3,324
2006-11-20 04:00:00,7.0,75.55,0.0,-0.0,0.0,-1.2,1.52,320.0,102214.0,False,11,4,324
2006-11-20 05:00:00,7.0,73.5,0.0,-0.0,0.0,-1.2,1.59,321.0,102214.0,False,11,5,324
2006-11-20 06:00:00,6.8,73.6,0.0,-0.0,0.0,-1.15,1.59,321.0,102234.0,False,11,6,324
2006-11-20 07:00:00,6.99,72.15,0.0,0.0,0.0,-0.4,1.59,322.0,102244.0,False,11,7,324
2006-11-20 08:00:00,9.25,65.75,178.0,559.35,58.0,2.2,2.0,324.0,102284.0,False,11,8,324
2006-11-20 09:00:00,11.66,58.1,341.0,713.55,82.0,3.4,1.72,323.0,102314.0,False,11,9,324
2006-11-20 10:00:00,16.36,40.3,463.0,763.32,102.0,7.8,0.97,326.0,102364.0,False,11,10,324
2006-11-20 11:00:00,17.05,38.25,541.0,815.76,103.0,7.0,0.76,249.0,102324.0,False,11,11,324
2006-11-20 12:00:00,17.38,44.75,557.0,822.78,104.0,3.4,1.38,220.0,102244.0,False,11,12,324
2006-11-20 13:00:00,17.71,50.45,510.0,787.58,106.0,3.8,1.72,214.0,102184.0,False,11,13,324
2006-11-20 14:00:00,18.58,49.3,412.0,747.69,93.0,1.4,1.86,214.0,102095.0,False,11,14,324
2006-11-20 15:00:00,18.3,53.6,265.0,631.9,77.0,0.0,1.72,218.0,102085.0,False,11,15,324
2006-11-20 16:00:00,18.19,56.8,96.0,401.9,42.0,-2.0,1.38,222.0,102035.0,False,11,16,324
2006-11-20 17:00:00,16.33,65.0,0.0,-0.0,0.0,-3.0,1.24,233.0,102035.0,False,11,17,324
2006-11-20 18:00:00,14.23,74.35,0.0,-0.0,0.0,-2.75,1.31,298.0,102015.0,False,11,18,324
2006-11-20 19:00:00,13.24,73.9,0.0,-0.0,0.0,0.6,1.72,326.0,102025.0,False,11,19,324
2006-11-20 20:00:00,12.65,75.2,0.0,-0.0,0.0,0.35,1.93,333.0,102015.0,False,11,20,324
2006-11-20 21:00:00,10.73,78.7,0.0,-0.0,0.0,-1.2,1.79,332.0,101995.0,False,11,21,324
2006-11-20 22:00:00,10.81,78.55,0.0,-0.0,0.0,0.4,1.93,332.0,101985.0,False,11,22,324
2006-11-20 23:00:00,10.35,77.8,0.0,-0.0,0.0,-0.4,2.0,330.0,101975.0,False,11,23,324
2006-11-21 00:00:00,9.9,77.1,0.0,-0.0,0.0,-0.8,2.0,329.0,101965.0,False,11,0,325
2006-11-21 01:00:00,9.82,76.2,0.0,-0.0,0.0,291.8,2.0,325.0,101945.0,False,11,1,325
2006-11-21 02:00:00,9.84,77.0,0.0,-0.0,0.0,-11.4,1.93,320.0,101915.0,False,11,2,325
2006-11-21 03:00:00,9.3,76.55,0.0,-0.0,0.0,0.2,1.93,316.0,101915.0,False,11,3,325
2006-11-21 04:00:00,9.14,75.8,0.0,-0.0,0.0,-1.4,1.93,316.0,101865.0,False,11,4,325
2006-11-21 05:00:00,8.65,74.55,0.0,-0.0,0.0,-4.0,2.0,318.0,101855.0,False,11,5,325
2006-11-21 06:00:00,8.63,73.55,0.0,-0.0,0.0,0.6,2.0,322.0,101875.0,False,11,6,325
2006-11-21 07:00:00,8.62,72.85,0.0,0.0,0.0,8.2,2.07,325.0,101885.0,False,11,7,325
2006-11-21 08:00:00,11.76,63.2,173.0,530.79,61.0,2.2,2.0,324.0,101925.0,False,11,8,325
2006-11-21 09:00:00,12.75,60.2,333.0,684.5,87.0,4.2,1.79,317.0,101945.0,False,11,9,325
2006-11-21 10:00:00,16.34,45.25,389.0,423.96,190.0,4.8,1.59,293.0,101945.0,False,11,10,325
2006-11-21 11:00:00,17.0,45.75,502.0,644.81,158.0,5.8,1.72,263.0,101905.0,False,11,11,325
2006-11-21 12:00:00,17.34,47.6,478.0,493.29,208.0,4.0,2.0,250.0,101806.0,False,11,12,325
2006-11-21 13:00:00,18.08,47.05,360.0,225.49,245.0,5.0,2.21,254.0,101726.0,False,11,13,325
2006-11-21 14:00:00,18.61,47.65,250.0,113.2,202.0,-7.0,2.07,261.0,101666.0,False,11,14,325
2006-11-21 15:00:00,18.35,47.35,158.0,88.06,132.0,1.6,2.0,266.0,101576.0,False,11,15,325
2006-11-21 16:00:00,17.94,51.5,92.0,362.41,44.0,-3.0,1.45,261.0,101536.0,False,11,16,325
2006-11-21 17:00:00,15.76,59.95,0.0,-0.0,0.0,-2.2,1.79,286.0,101507.0,False,11,17,325
2006-11-21 18:00:00,15.22,60.65,0.0,-0.0,0.0,-0.75,2.14,311.0,101526.0,False,11,18,325
2006-11-21 19:00:00,13.77,67.65,0.0,-0.0,0.0,9.2,2.21,312.0,101507.0,False,11,19,325
2006-11-21 20:00:00,13.61,66.75,0.0,-0.0,0.0,3.2,2.34,313.0,101526.0,False,11,20,325
2006-11-21 21:00:00,13.02,67.25,0.0,-0.0,0.0,-12.2,2.41,313.0,101526.0,False,11,21,325
2006-11-21 22:00:00,12.32,69.75,0.0,-0.0,0.0,3.2,2.48,307.0,101536.0,False,11,22,325
2006-11-21 23:00:00,12.02,69.0,0.0,-0.0,0.0,-1.4,2.55,308.0,101467.0,False,11,23,325
2006-11-22 00:00:00,11.93,68.1,0.0,-0.0,0.0,7.2,2.62,309.0,101437.0,False,11,0,326
2006-11-22 01:00:00,11.87,69.1,0.0,-0.0,0.0,309.4,2.55,308.0,101387.0,False,11,1,326
2006-11-22 02:00:00,12.03,68.95,0.0,-0.0,0.0,11.0,2.62,308.0,101327.0,False,11,2,326
2006-11-22 03:00:00,12.39,68.95,0.0,-0.0,0.0,-6.4,2.62,308.0,101297.0,False,11,3,326
2006-11-22 04:00:00,12.3,70.1,0.0,-0.0,0.0,-2.55,2.48,306.0,101237.0,False,11,4,326
2006-11-22 05:00:00,12.77,69.95,0.0,-0.0,0.0,13.6,2.41,308.0,101197.0,False,11,5,326
2006-11-22 06:00:00,12.61,71.2,0.0,-0.0,0.0,1.0,2.34,315.0,101207.0,False,11,6,326
2006-11-22 07:00:00,12.81,71.25,0.0,0.0,0.0,-6.2,2.41,317.0,101197.0,False,11,7,326
2006-11-22 08:00:00,14.01,67.7,29.0,0.0,29.0,6.8,1.93,324.0,101257.0,False,11,8,326
2006-11-22 09:00:00,14.73,64.95,42.0,0.0,42.0,9.4,2.07,322.0,101297.0,False,11,9,326
2006-11-22 10:00:00,16.98,55.5,63.0,0.0,63.0,6.4,2.07,319.0,101327.0,False,11,10,326
2006-11-22 11:00:00,17.83,52.35,323.0,116.95,261.0,-13.4,1.86,300.0,101297.0,False,11,11,326
2006-11-22 12:00:00,18.86,49.75,538.0,758.91,125.0,9.2,2.0,283.0,101197.0,False,11,12,326
2006-11-22 13:00:00,19.33,48.95,503.0,784.78,105.0,-4.0,1.93,272.0,101128.0,False,11,13,326
2006-11-22 14:00:00,19.33,49.25,410.0,773.44,84.0,-8.0,1.72,253.0,101048.0,False,11,14,326
2006-11-22 15:00:00,18.98,51.35,263.0,651.72,72.0,-5.0,1.31,244.0,100998.0,False,11,15,326
2006-11-22 16:00:00,18.57,53.35,92.0,382.75,42.0,-3.4,0.48,245.0,101018.0,False,11,16,326
2006-11-22 17:00:00,16.47,63.4,0.0,-0.0,0.0,-6.8,0.55,281.0,101028.0,False,11,17,326
2006-11-22 18:00:00,15.78,68.4,0.0,-0.0,0.0,-5.8,1.59,304.0,101028.0,False,11,18,326
2006-11-22 19:00:00,14.85,71.65,0.0,-0.0,0.0,7.0,1.86,320.0,101038.0,False,11,19,326
2006-11-22 20:00:00,13.83,76.1,0.0,-0.0,0.0,-1.75,1.86,323.0,101078.0,False,11,20,326
2006-11-22 21:00:00,12.6,78.8,0.0,-0.0,0.0,-5.8,1.79,321.0,101118.0,False,11,21,326
2006-11-22 22:00:00,11.98,78.7,0.0,-0.0,0.0,0.35,1.86,317.0,101088.0,False,11,22,326
2006-11-22 23:00:00,12.03,77.55,0.0,-0.0,0.0,5.4,2.0,314.0,101068.0,False,11,23,326
2006-11-23 00:00:00,12.12,77.15,0.0,-0.0,0.0,-1.8,2.07,317.0,101048.0,False,11,0,327
2006-11-23 01:00:00,12.06,77.3,0.0,-0.0,0.0,307.0,2.07,318.0,101018.0,False,11,1,327
2006-11-23 02:00:00,11.73,78.1,0.0,-0.0,0.0,-8.2,1.93,318.0,100978.0,False,11,2,327
2006-11-23 03:00:00,11.78,76.85,0.0,-0.0,0.0,-3.0,2.07,314.0,100938.0,False,11,3,327
2006-11-23 04:00:00,11.76,77.1,0.0,-0.0,0.0,-3.0,2.07,316.0,100908.0,False,11,4,327
2006-11-23 05:00:00,11.5,76.65,0.0,-0.0,0.0,-6.8,2.21,317.0,100878.0,False,11,5,327
2006-11-23 06:00:00,11.15,76.6,0.0,-0.0,0.0,-4.2,2.07,319.0,100878.0,False,11,6,327
2006-11-23 07:00:00,11.25,74.65,0.0,0.0,0.0,0.8,2.07,319.0,100908.0,False,11,7,327
2006-11-23 08:00:00,12.92,66.35,166.0,524.29,59.0,-2.0,1.93,318.0,100918.0,False,11,8,327
2006-11-23 09:00:00,14.13,59.85,326.0,678.26,87.0,4.8,1.66,307.0,100978.0,False,11,9,327
2006-11-23 10:00:00,16.64,45.8,454.0,771.96,97.0,8.8,1.59,292.0,100988.0,False,11,10,327
2006-11-23 11:00:00,17.49,44.9,529.0,810.48,102.0,6.4,1.38,263.0,100958.0,False,11,11,327
2006-11-23 12:00:00,17.93,45.7,546.0,818.63,103.0,-4.8,1.72,240.0,100898.0,False,11,12,327
2006-11-23 13:00:00,18.14,47.15,500.0,783.14,105.0,-1.2,2.14,238.0,100829.0,False,11,13,327
2006-11-23 14:00:00,18.62,46.5,405.0,756.45,88.0,-2.4,2.14,242.0,100789.0,False,11,14,327
2006-11-23 15:00:00,18.51,46.75,259.0,635.74,74.0,6.0,1.86,242.0,100769.0,False,11,15,327
2006-11-23 16:00:00,18.19,48.2,92.0,395.58,41.0,-0.75,1.45,236.0,100769.0,False,11,16,327
2006-11-23 17:00:00,15.72,64.3,0.0,-0.0,0.0,1.35,1.52,229.0,100809.0,False,11,17,327
2006-11-23 18:00:00,16.26,58.1,0.0,-0.0,0.0,1.8,1.66,253.0,100859.0,False,11,18,327
2006-11-23 19:00:00,15.21,64.3,0.0,-0.0,0.0,-4.8,1.79,277.0,100898.0,False,11,19,327
2006-11-23 20:00:00,13.84,70.75,0.0,-0.0,0.0,0.75,1.86,288.0,100908.0,False,11,20,327
2006-11-23 21:00:00,11.32,76.65,0.0,-0.0,0.0,-2.0,1.93,297.0,100938.0,False,11,21,327
2006-11-23 22:00:00,10.03,77.25,0.0,-0.0,0.0,-1.55,2.14,287.0,100958.0,False,11,22,327
2006-11-23 23:00:00,9.7,76.3,0.0,-0.0,0.0,1.75,2.14,287.0,100958.0,False,11,23,327
2006-11-24 00:00:00,9.73,76.1,0.0,-0.0,0.0,-2.2,2.21,287.0,100968.0,False,11,0,328
2006-11-24 01:00:00,9.36,76.25,0.0,-0.0,0.0,288.6,2.07,284.0,100928.0,False,11,1,328
2006-11-24 02:00:00,8.68,76.95,0.0,-0.0,0.0,-1.6,2.0,274.0,100908.0,False,11,2,328
2006-11-24 03:00:00,9.54,74.25,0.0,-0.0,0.0,0.35,2.07,270.0,100878.0,False,11,3,328
2006-11-24 04:00:00,9.35,75.85,0.0,-0.0,0.0,1.0,1.86,263.0,100859.0,False,11,4,328
2006-11-24 05:00:00,9.27,77.85,0.0,-0.0,0.0,6.2,2.0,252.0,100829.0,False,11,5,328
2006-11-24 06:00:00,9.87,77.3,0.0,-0.0,0.0,3.2,2.07,250.0,100859.0,False,11,6,328
2006-11-24 07:00:00,10.13,79.15,0.0,0.0,0.0,9.4,2.07,245.0,100888.0,False,11,7,328
2006-11-24 08:00:00,13.02,69.65,162.0,508.24,60.0,19.2,2.62,237.0,100898.0,False,11,8,328
2006-11-24 09:00:00,14.54,70.35,316.0,639.07,93.0,2.0,3.17,229.0,100928.0,False,11,9,328
2006-11-24 10:00:00,17.5,61.4,440.0,714.45,112.0,-10.2,4.34,238.0,100898.0,False,11,10,328
2006-11-24 11:00:00,17.44,60.45,494.0,655.04,151.0,2.0,4.41,227.0,100908.0,False,11,11,328
2006-11-24 12:00:00,17.61,59.95,519.0,700.52,142.0,0.2,4.41,222.0,100829.0,False,11,12,328
2006-11-24 13:00:00,17.61,60.2,467.0,631.84,150.0,-2.8,4.21,220.0,100769.0,False,11,13,328
2006-11-24 14:00:00,18.23,55.35,366.0,542.32,140.0,-9.2,4.07,219.0,100709.0,False,11,14,328
2006-11-24 15:00:00,17.97,55.65,229.0,425.56,106.0,-3.8,3.72,215.0,100699.0,False,11,15,328
2006-11-24 16:00:00,17.88,57.1,48.0,31.42,44.0,-0.6,3.1,213.0,100709.0,False,11,16,328
2006-11-24 17:00:00,14.86,71.95,0.0,-0.0,0.0,-8.2,2.41,217.0,100749.0,False,11,17,328
2006-11-24 18:00:00,14.14,74.55,0.0,-0.0,0.0,-4.2,2.14,223.0,100759.0,False,11,18,328
2006-11-24 19:00:00,14.11,72.3,0.0,-0.0,0.0,-0.75,2.28,228.0,100769.0,False,11,19,328
2006-11-24 20:00:00,13.39,71.4,0.0,-0.0,0.0,7.0,2.14,235.0,100769.0,False,11,20,328
2006-11-24 21:00:00,12.5,67.8,0.0,-0.0,0.0,4.0,2.07,241.0,100769.0,False,11,21,328
2006-11-24 22:00:00,13.07,70.55,0.0,-0.0,0.0,1.0,2.07,249.0,100769.0,False,11,22,328
2006-11-24 23:00:00,13.15,63.65,0.0,-0.0,0.0,-7.4,2.21,238.0,100749.0,False,11,23,328
2006-11-25 00:00:00,13.18,60.15,0.0,-0.0,0.0,-2.6,2.21,244.0,100739.0,False,11,0,329
2006-11-25 01:00:00,13.43,59.35,0.0,-0.0,0.0,298.8,2.21,254.0,100709.0,False,11,1,329
2006-11-25 02:00:00,13.39,57.8,0.0,-0.0,0.0,3.6,2.0,258.0,100699.0,False,11,2,329
2006-11-25 03:00:00,12.59,58.8,0.0,-0.0,0.0,1.0,1.72,270.0,100669.0,False,11,3,329
2006-11-25 04:00:00,12.33,58.35,0.0,-0.0,0.0,-0.15,1.72,281.0,100659.0,False,11,4,329
2006-11-25 05:00:00,12.34,57.3,0.0,-0.0,0.0,4.8,1.66,288.0,100649.0,False,11,5,329
2006-11-25 06:00:00,12.42,56.6,0.0,-0.0,0.0,1.6,1.52,288.0,100679.0,False,11,6,329
2006-11-25 07:00:00,12.17,57.9,0.0,0.0,0.0,0.6,1.45,283.0,100669.0,False,11,7,329
2006-11-25 08:00:00,13.8,55.85,123.0,202.69,83.0,1.2,1.17,270.0,100739.0,False,11,8,329
2006-11-25 09:00:00,14.86,55.3,137.0,14.47,132.0,-2.2,1.24,244.0,100759.0,False,11,9,329
2006-11-25 10:00:00,18.62,42.4,273.0,116.28,220.0,-4.8,1.79,218.0,100799.0,False,11,10,329
2006-11-25 11:00:00,18.56,46.35,196.0,5.76,193.0,-1.35,2.55,211.0,100799.0,False,11,11,329
2006-11-25 12:00:00,18.64,48.9,200.0,5.6,197.0,8.6,3.17,212.0,100759.0,False,11,12,329
2006-11-25 13:00:00,18.61,50.2,277.0,78.14,238.0,9.8,3.66,216.0,100749.0,False,11,13,329
2006-11-25 14:00:00,18.06,52.9,248.0,120.63,198.0,9.4,3.66,217.0,100699.0,False,11,14,329
2006-11-25 15:00:00,17.94,51.9,156.0,94.02,129.0,-1.6,2.9,215.0,100679.0,False,11,15,329
2006-11-25 16:00:00,17.89,56.25,58.0,79.48,48.0,-2.0,2.21,210.0,100689.0,False,11,16,329
2006-11-25 17:00:00,15.68,64.3,0.0,-0.0,0.0,-4.6,1.72,222.0,100729.0,False,11,17,329
2006-11-25 18:00:00,15.34,64.0,0.0,-0.0,0.0,-3.4,1.86,235.0,100799.0,False,11,18,329
2006-11-25 19:00:00,15.34,60.7,0.0,-0.0,0.0,-13.2,2.07,247.0,100809.0,False,11,19,329
2006-11-25 20:00:00,14.63,63.4,0.0,-0.0,0.0,1.8,2.14,257.0,100868.0,False,11,20,329
2006-11-25 21:00:00,13.5,64.55,0.0,-0.0,0.0,0.75,2.41,269.0,100878.0,False,11,21,329
2006-11-25 22:00:00,13.34,57.15,0.0,-0.0,0.0,9.0,2.34,278.0,100988.0,False,11,22,329
2006-11-25 23:00:00,12.92,58.65,0.0,-0.0,0.0,2.6,2.0,284.0,101028.0,False,11,23,329
2006-11-26 00:00:00,13.04,59.6,0.0,-0.0,0.0,14.6,1.66,304.0,101068.0,False,11,0,330
2006-11-26 01:00:00,12.73,63.6,0.0,-0.0,0.0,334.45,1.38,309.0,101078.0,False,11,1,330
2006-11-26 02:00:00,11.72,67.2,0.0,-0.0,0.0,-14.2,1.45,312.0,101098.0,False,11,2,330
2006-11-26 03:00:00,11.29,70.9,0.0,-0.0,0.0,3.0,1.17,317.0,101138.0,False,11,3,330
2006-11-26 04:00:00,10.94,75.7,0.0,-0.0,0.0,-1.75,1.1,318.0,101168.0,False,11,4,330
2006-11-26 05:00:00,10.48,80.05,0.0,-0.0,0.0,5.0,1.1,302.0,101237.0,False,11,5,330
2006-11-26 06:00:00,10.3,79.75,0.0,-0.0,0.0,-3.8,1.1,289.0,101337.0,False,11,6,330
2006-11-26 07:00:00,10.49,80.2,0.0,0.0,0.0,7.0,1.24,279.0,101407.0,False,11,7,330
2006-11-26 08:00:00,11.48,75.8,83.0,41.23,75.0,-10.4,1.38,279.0,101487.0,False,11,8,330
2006-11-26 09:00:00,12.63,71.6,125.0,8.77,122.0,4.8,1.31,261.0,101566.0,False,11,9,330
2006-11-26 10:00:00,14.86,66.2,185.0,13.26,179.0,10.0,1.72,233.0,101656.0,False,11,10,330
2006-11-26 11:00:00,15.38,65.1,513.0,776.88,111.0,-10.6,1.79,239.0,101646.0,False,11,11,330
2006-11-26 12:00:00,16.05,60.9,435.0,384.99,230.0,-0.75,1.93,234.0,101616.0,False,11,12,330
2006-11-26 13:00:00,16.27,62.0,188.0,8.05,184.0,-3.8,2.28,230.0,101596.0,False,11,13,330
2006-11-26 14:00:00,16.21,60.6,336.0,414.68,165.0,7.2,2.28,226.0,101606.0,False,11,14,330
2006-11-26 15:00:00,15.97,64.3,196.0,248.77,125.0,-6.4,2.0,231.0,101626.0,False,11,15,330
2006-11-26 16:00:00,15.56,66.65,87.0,377.78,40.0,-12.8,1.45,243.0,101676.0,False,11,16,330
2006-11-26 17:00:00,13.69,82.45,0.0,-0.0,0.0,11.6,0.62,229.0,101736.0,False,11,17,330
2006-11-26 18:00:00,13.11,85.9,0.0,-0.0,0.0,-12.2,0.83,259.0,101816.0,False,11,18,330
2006-11-26 19:00:00,13.89,78.6,0.0,-0.0,0.0,-8.8,0.76,304.0,101875.0,False,11,19,330
2006-11-26 20:00:00,11.83,86.25,0.0,-0.0,0.0,-5.8,1.17,317.0,101935.0,False,11,20,330
2006-11-26 21:00:00,10.52,89.0,0.0,-0.0,0.0,15.2,1.17,328.0,101965.0,False,11,21,330
2006-11-26 22:00:00,9.4,89.6,0.0,-0.0,0.0,-18.6,0.62,338.0,102005.0,False,11,22,330
2006-11-26 23:00:00,8.8,90.05,0.0,-0.0,0.0,-5.2,0.34,325.0,102015.0,False,11,23,330
2006-11-27 00:00:00,8.39,89.8,0.0,-0.0,0.0,-2.35,0.48,315.0,102035.0,False,11,0,331
2006-11-27 01:00:00,8.4,88.95,0.0,-0.0,0.0,279.2,0.55,318.0,102025.0,False,11,1,331
2006-11-27 02:00:00,7.97,88.55,0.0,-0.0,0.0,-2.15,0.41,323.0,102015.0,False,11,2,331
2006-11-27 03:00:00,7.19,88.6,0.0,-0.0,0.0,-0.6,0.41,320.0,102005.0,False,11,3,331
2006-11-27 04:00:00,7.14,88.15,0.0,-0.0,0.0,-1.6,0.41,319.0,101995.0,False,11,4,331
2006-11-27 05:00:00,6.86,88.6,0.0,-0.0,0.0,1.8,0.55,324.0,101985.0,False,11,5,331
2006-11-27 06:00:00,6.44,89.25,0.0,-0.0,0.0,-1.2,0.69,326.0,102035.0,False,11,6,331
2006-11-27 07:00:00,6.28,89.85,0.0,0.0,0.0,7.4,0.69,326.0,102075.0,False,11,7,331
2006-11-27 08:00:00,8.46,80.5,149.0,461.19,61.0,1.6,1.1,330.0,102145.0,False,11,8,331
2006-11-27 09:00:00,11.1,76.85,301.0,595.83,99.0,0.4,0.55,338.0,102184.0,False,11,9,331
2006-11-27 10:00:00,14.54,59.95,439.0,765.43,95.0,5.2,0.69,139.0,102214.0,False,11,10,331
2006-11-27 11:00:00,15.11,55.15,487.0,664.74,145.0,5.4,1.1,165.0,102224.0,False,11,11,331
2006-11-27 12:00:00,15.36,55.1,496.0,632.34,161.0,-1.0,1.38,172.0,102145.0,False,11,12,331
2006-11-27 13:00:00,15.74,53.7,472.0,691.95,130.0,-5.6,1.52,174.0,102085.0,False,11,13,331
2006-11-27 14:00:00,16.05,51.65,378.0,645.81,113.0,-0.8,1.59,168.0,102025.0,False,11,14,331
2006-11-27 15:00:00,15.57,53.9,243.0,560.35,84.0,-1.35,1.59,162.0,102005.0,False,11,15,331
2006-11-27 16:00:00,15.4,52.35,79.0,284.28,44.0,-2.35,1.52,152.0,102015.0,False,11,16,331
2006-11-27 17:00:00,12.96,75.4,0.0,-0.0,0.0,-3.4,1.52,149.0,101995.0,False,11,17,331
2006-11-27 18:00:00,12.96,69.85,0.0,-0.0,0.0,-2.8,0.62,109.0,102015.0,False,11,18,331
2006-11-27 19:00:00,11.64,77.15,0.0,-0.0,0.0,1.75,0.34,10.0,102015.0,False,11,19,331
2006-11-27 20:00:00,10.15,83.55,0.0,-0.0,0.0,-1.0,0.62,340.0,102025.0,False,11,20,331
2006-11-27 21:00:00,8.16,88.4,0.0,-0.0,0.0,-0.35,0.62,331.0,102035.0,False,11,21,331
2006-11-27 22:00:00,7.21,90.65,0.0,-0.0,0.0,1.8,0.62,320.0,102045.0,False,11,22,331
2006-11-27 23:00:00,6.85,90.8,0.0,-0.0,0.0,0.35,0.48,325.0,102025.0,False,11,23,331
2006-11-28 00:00:00,6.83,91.05,0.0,-0.0,0.0,6.2,0.48,323.0,102005.0,False,11,0,332
2006-11-28 01:00:00,6.61,89.45,0.0,-0.0,0.0,294.0,0.48,321.0,101995.0,False,11,1,332
2006-11-28 02:00:00,6.52,87.5,0.0,-0.0,0.0,-0.4,0.41,313.0,101935.0,False,11,2,332
2006-11-28 03:00:00,7.14,81.8,0.0,-0.0,0.0,0.2,0.55,323.0,101895.0,False,11,3,332
2006-11-28 04:00:00,6.95,80.4,0.0,-0.0,0.0,0.0,0.69,327.0,101875.0,False,11,4,332
2006-11-28 05:00:00,6.71,79.9,0.0,-0.0,0.0,-3.2,0.76,323.0,101845.0,False,11,5,332
2006-11-28 06:00:00,6.62,79.15,0.0,-0.0,0.0,0.2,0.62,325.0,101865.0,False,11,6,332
2006-11-28 07:00:00,6.99,78.2,0.0,0.0,0.0,0.15,0.69,326.0,101885.0,False,11,7,332
2006-11-28 08:00:00,9.0,72.45,89.0,63.96,77.0,6.2,0.76,331.0,101945.0,False,11,8,332
2006-11-28 09:00:00,10.57,68.2,164.0,53.6,146.0,11.4,0.83,338.0,101975.0,False,11,9,332
2006-11-28 10:00:00,13.72,49.9,412.0,629.56,131.0,4.6,0.62,7.0,102045.0,False,11,10,332
2006-11-28 11:00:00,14.17,54.75,434.0,449.57,204.0,-3.0,0.07,108.0,102035.0,False,11,11,332
2006-11-28 12:00:00,14.46,57.35,281.0,62.6,248.0,7.4,0.9,156.0,101955.0,False,11,12,332
2006-11-28 13:00:00,14.62,60.05,420.0,465.48,191.0,3.0,1.17,162.0,101905.0,False,11,13,332
2006-11-28 14:00:00,15.14,61.35,307.0,306.06,182.0,9.2,1.24,169.0,101875.0,False,11,14,332
2006-11-28 15:00:00,14.54,65.65,119.0,28.35,111.0,6.4,1.1,170.0,101855.0,False,11,15,332
2006-11-28 16:00:00,14.39,65.8,61.0,114.82,47.0,-8.2,1.03,174.0,101885.0,False,11,16,332
2006-11-28 17:00:00,13.31,83.95,0.0,-0.0,0.0,5.4,0.76,181.0,101915.0,False,11,17,332
2006-11-28 18:00:00,13.36,81.2,0.0,-0.0,0.0,-7.8,0.48,240.0,101955.0,False,11,18,332
2006-11-28 19:00:00,12.81,83.35,0.0,-0.0,0.0,1.6,0.55,322.0,101995.0,False,11,19,332
2006-11-28 20:00:00,12.0,87.0,0.0,-0.0,0.0,0.15,0.76,331.0,102035.0,False,11,20,332
2006-11-28 21:00:00,11.09,88.2,0.0,-0.0,0.0,-7.4,0.83,329.0,102075.0,False,11,21,332
2006-11-28 22:00:00,10.63,86.45,0.0,-0.0,0.0,10.2,0.83,338.0,102095.0,False,11,22,332
2006-11-28 23:00:00,10.25,86.35,0.0,-0.0,0.0,-8.2,0.62,335.0,102115.0,False,11,23,332
2006-11-29 00:00:00,10.05,85.1,0.0,-0.0,0.0,3.2,0.69,326.0,102115.0,False,11,0,333
2006-11-29 01:00:00,10.23,82.25,0.0,-0.0,0.0,322.65,0.62,326.0,102115.0,False,11,1,333
2006-11-29 02:00:00,10.05,82.7,0.0,-0.0,0.0,-6.8,0.55,329.0,102105.0,False,11,2,333
2006-11-29 03:00:00,10.05,79.45,0.0,-0.0,0.0,8.6,0.41,329.0,102125.0,False,11,3,333
2006-11-29 04:00:00,9.72,78.95,0.0,-0.0,0.0,-14.0,0.41,328.0,102095.0,False,11,4,333
2006-11-29 05:00:00,9.39,77.95,0.0,-0.0,0.0,-7.8,0.83,333.0,102075.0,False,11,5,333
2006-11-29 06:00:00,9.66,76.9,0.0,-0.0,0.0,10.6,0.62,331.0,102125.0,False,11,6,333
2006-11-29 07:00:00,9.55,77.75,0.0,0.0,0.0,-29.6,0.83,331.0,102164.0,False,11,7,333
2006-11-29 08:00:00,10.24,73.6,142.0,444.46,60.0,11.0,1.03,336.0,102224.0,False,11,8,333
2006-11-29 09:00:00,12.12,68.35,298.0,616.12,93.0,9.0,1.03,12.0,102274.0,False,11,9,333
2006-11-29 10:00:00,14.97,46.0,423.0,706.0,110.0,11.6,1.86,56.0,102314.0,False,11,10,333
2006-11-29 11:00:00,15.35,48.95,489.0,699.68,133.0,-9.2,2.34,75.0,102324.0,False,11,11,333
2006-11-29 12:00:00,15.75,51.6,365.0,207.76,256.0,9.2,2.9,84.0,102264.0,False,11,12,333
2006-11-29 13:00:00,15.7,56.4,418.0,463.48,191.0,10.4,3.38,77.0,102244.0,False,11,13,333
2006-11-29 14:00:00,14.79,67.65,347.0,494.35,146.0,21.0,3.72,74.0,102204.0,False,11,14,333
2006-11-29 15:00:00,14.46,71.85,156.0,106.85,126.0,-11.4,3.59,68.0,102214.0,False,11,15,333
2006-11-29 16:00:00,14.67,70.75,76.0,273.09,43.0,-11.8,2.9,62.0,102244.0,False,11,16,333
2006-11-29 17:00:00,13.28,81.8,0.0,-0.0,0.0,4.0,2.21,57.0,102304.0,False,11,17,333
2006-11-29 18:00:00,12.68,84.25,0.0,-0.0,0.0,-18.8,2.28,54.0,102354.0,False,11,18,333
2006-11-29 19:00:00,12.88,82.6,0.0,-0.0,0.0,4.2,2.14,47.0,102424.0,False,11,19,333
2006-11-29 20:00:00,11.94,85.9,0.0,-0.0,0.0,-8.2,2.0,39.0,102454.0,False,11,20,333
2006-11-29 21:00:00,10.86,86.8,0.0,-0.0,0.0,-14.4,1.72,24.0,102523.0,False,11,21,333
2006-11-29 22:00:00,9.44,89.1,0.0,-0.0,0.0,12.2,1.45,11.0,102573.0,False,11,22,333
2006-11-29 23:00:00,9.16,87.8,0.0,-0.0,0.0,4.4,1.31,5.0,102553.0,False,11,23,333
2006-11-30 00:00:00,8.91,87.2,0.0,-0.0,0.0,-0.8,1.38,4.0,102543.0,False,11,0,334
2006-11-30 01:00:00,8.48,87.05,0.0,-0.0,0.0,295.2,1.45,2.0,102484.0,False,11,1,334
2006-11-30 02:00:00,8.52,86.25,0.0,-0.0,0.0,-4.0,1.52,3.0,102454.0,False,11,2,334
2006-11-30 03:00:00,8.84,83.75,0.0,-0.0,0.0,6.8,1.72,359.0,102434.0,False,11,3,334
2006-11-30 04:00:00,8.98,82.55,0.0,-0.0,0.0,4.6,1.86,355.0,102404.0,False,11,4,334
2006-11-30 05:00:00,9.27,80.75,0.0,-0.0,0.0,17.4,1.93,356.0,102414.0,False,11,5,334
2006-11-30 06:00:00,9.2,80.1,0.0,-0.0,0.0,-15.6,1.93,354.0,102434.0,False,11,6,334
2006-11-30 07:00:00,9.01,81.25,0.0,0.0,0.0,-11.6,2.0,355.0,102454.0,False,11,7,334
2006-11-30 08:00:00,10.15,75.55,138.0,429.93,60.0,27.6,2.28,356.0,102474.0,False,11,8,334
2006-11-30 09:00:00,11.0,73.75,296.0,624.84,90.0,-24.6,2.07,10.0,102493.0,False,11,9,334
2006-11-30 10:00:00,14.26,58.5,415.0,676.62,117.0,10.6,3.1,38.0,102513.0,False,11,10,334
2006-11-30 11:00:00,14.75,61.05,429.0,448.54,202.0,11.2,4.07,52.0,102474.0,False,11,11,334
2006-11-30 12:00:00,15.21,61.25,321.0,122.56,257.0,20.0,3.93,55.0,102394.0,False,11,12,334
2006-11-30 13:00:00,14.96,64.4,179.0,6.15,176.0,-6.4,3.66,54.0,102354.0,False,11,13,334
2006-11-30 14:00:00,15.75,59.95,150.0,7.41,147.0,5.8,3.31,57.0,102304.0,False,11,14,334
2006-11-30 15:00:00,15.64,62.15,114.0,21.47,108.0,5.0,3.31,60.0,102274.0,False,11,15,334
2006-11-30 16:00:00,13.98,74.31,77.0,283.67,43.0,6.21,2.22,62.0,102294.0,False,11,16,334
2006-11-30 17:00:00,13.5,75.33,0.0,-0.0,0.0,7.71,2.1,57.0,102324.0,False,11,17,334
2006-11-30 18:00:00,13.01,76.35,0.0,-0.0,0.0,9.22,1.99,47.0,102374.0,False,11,18,334
2006-11-30 19:00:00,12.53,77.37,0.0,-0.0,0.0,10.72,1.88,38.0,102424.0,False,11,19,334
2006-11-30 20:00:00,12.04,78.39,0.0,-0.0,0.0,12.23,1.77,39.0,102493.0,False,11,20,334
2006-11-30 21:00:00,11.55,79.41,0.0,-0.0,0.0,13.73,1.66,40.0,102513.0,False,11,21,334
2006-11-30 22:00:00,11.07,80.44,0.0,-0.0,0.0,15.24,1.54,29.0,102533.0,False,11,22,334
2006-11-30 23:00:00,10.58,81.46,0.0,-0.0,0.0,16.74,1.43,26.0,102533.0,False,11,23,334
2011-12-01 00:00:00,10.09,82.48,0.0,-0.0,0.0,18.25,1.32,354.0,102454.0,False,12,0,335
2011-12-01 01:00:00,9.61,83.5,0.0,-0.0,0.0,19.75,1.21,348.0,102434.0,False,12,1,335
2011-12-01 02:00:00,9.12,84.52,0.0,-0.0,0.0,21.26,1.09,345.0,102434.0,False,12,2,335
2011-12-01 03:00:00,8.64,85.54,0.0,-0.0,0.0,22.77,0.98,344.0,102384.0,False,12,3,335
2011-12-01 04:00:00,8.15,86.57,0.0,-0.0,0.0,24.27,0.87,343.0,102334.0,False,12,4,335
2011-12-01 05:00:00,7.66,87.59,0.0,-0.0,0.0,25.78,0.76,346.0,102354.0,False,12,5,335
2011-12-01 06:00:00,7.18,88.61,0.0,-0.0,0.0,27.28,0.65,346.0,102344.0,False,12,6,335
2011-12-01 07:00:00,6.69,89.63,0.0,0.0,0.0,28.79,0.53,343.0,102374.0,False,12,7,335
2011-12-01 08:00:00,9.21,74.15,149.0,582.91,45.0,-3.0,1.1,342.0,102414.0,False,12,8,335
2011-12-01 09:00:00,11.63,63.45,309.0,719.29,74.0,-6.8,0.83,7.0,102434.0,False,12,9,335
2011-12-01 10:00:00,14.48,56.3,424.0,722.15,108.0,14.6,0.83,58.0,102454.0,False,12,10,335
2011-12-01 11:00:00,15.09,56.9,508.0,802.43,104.0,-9.6,1.24,117.0,102404.0,False,12,11,335
2011-12-01 12:00:00,15.44,57.3,533.0,842.49,95.0,4.4,1.52,131.0,102334.0,False,12,12,335
2011-12-01 13:00:00,15.77,56.85,490.0,809.13,97.0,2.15,1.52,143.0,102224.0,False,12,13,335
2011-12-01 14:00:00,16.77,52.8,400.0,803.44,76.0,0.0,1.38,157.0,102174.0,False,12,14,335
2011-12-01 15:00:00,16.46,56.65,254.0,675.81,66.0,33.4,1.52,160.0,102174.0,False,12,15,335
2011-12-01 16:00:00,16.19,56.2,84.0,386.62,38.0,-18.6,1.45,154.0,102164.0,False,12,16,335
2011-12-01 17:00:00,13.17,80.95,0.0,-0.0,0.0,-22.8,0.9,157.0,102194.0,False,12,17,335
2011-12-01 18:00:00,12.29,83.85,0.0,-0.0,0.0,3.35,1.1,159.0,102194.0,False,12,18,335
2011-12-01 19:00:00,11.94,85.2,0.0,-0.0,0.0,24.6,0.83,195.0,102214.0,False,12,19,335
2011-12-01 20:00:00,10.82,89.65,0.0,-0.0,0.0,-6.6,0.97,252.0,102224.0,False,12,20,335
2011-12-01 21:00:00,9.79,91.25,0.0,-0.0,0.0,0.2,1.17,266.0,102234.0,False,12,21,335
2011-12-01 22:00:00,10.07,95.15,0.0,-0.0,0.0,15.2,1.45,252.0,102234.0,False,12,22,335
2011-12-01 23:00:00,9.93,95.4,0.0,-0.0,0.0,-4.8,1.38,252.0,102164.0,False,12,23,335
2011-12-02 00:00:00,9.49,95.4,0.0,-0.0,0.0,-12.0,1.45,259.0,102115.0,False,12,0,336
2011-12-02 01:00:00,9.27,94.6,0.0,-0.0,0.0,317.45,1.45,273.0,102045.0,False,12,1,336
2011-12-02 02:00:00,8.91,94.55,0.0,-0.0,0.0,-13.8,1.59,280.0,101975.0,False,12,2,336
2011-12-02 03:00:00,8.66,93.2,0.0,-0.0,0.0,-7.4,1.86,284.0,101915.0,False,12,3,336
2011-12-02 04:00:00,8.2,93.1,0.0,-0.0,0.0,-8.4,2.0,288.0,101836.0,False,12,4,336
2011-12-02 05:00:00,8.15,90.25,0.0,-0.0,0.0,15.6,2.0,295.0,101796.0,False,12,5,336
2011-12-02 06:00:00,8.19,88.55,0.0,-0.0,0.0,-7.8,1.93,299.0,101756.0,False,12,6,336
2011-12-02 07:00:00,7.73,87.0,0.0,-0.0,0.0,10.2,1.93,298.0,101766.0,False,12,7,336
2011-12-02 08:00:00,9.84,76.1,98.0,131.08,75.0,-5.4,1.24,294.0,101766.0,False,12,8,336
2011-12-02 09:00:00,10.8,69.2,148.0,33.97,137.0,26.2,1.66,259.0,101726.0,False,12,9,336
2011-12-02 10:00:00,13.34,57.45,352.0,381.76,186.0,-21.0,2.28,253.0,101716.0,False,12,10,336
2011-12-02 11:00:00,13.73,57.95,357.0,221.58,246.0,2.8,2.76,242.0,101626.0,False,12,11,336
2011-12-02 12:00:00,14.55,57.4,272.0,54.09,244.0,6.4,2.97,239.0,101467.0,False,12,12,336
2011-12-02 13:00:00,14.4,57.8,310.0,144.68,240.0,-1.2,3.24,239.0,101347.0,False,12,13,336
2011-12-02 14:00:00,14.0,59.9,166.0,14.93,160.0,18.8,3.38,236.0,101247.0,False,12,14,336
2011-12-02 15:00:00,13.7,65.75,23.0,0.0,23.0,-1.8,3.38,246.0,101178.0,False,12,15,336
2011-12-02 16:00:00,12.75,68.9,46.0,33.84,42.0,2.6,2.14,287.0,101138.0,False,12,16,336
2011-12-02 17:00:00,10.9,79.8,0.0,-0.0,0.0,-14.0,2.0,342.0,101098.0,False,12,17,336
2011-12-02 18:00:00,9.65,80.25,0.0,-0.0,0.0,-20.0,1.79,338.0,101207.0,False,12,18,336
2011-12-02 19:00:00,9.19,82.1,0.0,-0.0,0.0,0.4,2.07,337.0,101277.0,False,12,19,336
2011-12-02 20:00:00,8.5,78.95,0.0,-0.0,0.0,10.4,2.14,333.0,101337.0,False,12,20,336
2011-12-02 21:00:00,7.31,71.75,0.0,-0.0,0.0,-20.8,2.07,322.0,101387.0,False,12,21,336
2011-12-02 22:00:00,6.21,71.35,0.0,-0.0,0.0,-10.8,2.28,314.0,101417.0,False,12,22,336
2011-12-02 23:00:00,5.86,73.2,0.0,-0.0,0.0,-6.4,2.21,308.0,101447.0,False,12,23,336
2011-12-03 00:00:00,5.81,75.85,0.0,-0.0,0.0,-2.8,2.21,313.0,101477.0,False,12,0,337
2011-12-03 01:00:00,5.87,75.85,0.0,-0.0,0.0,271.8,2.0,322.0,101477.0,False,12,1,337
2011-12-03 02:00:00,5.8,76.35,0.0,-0.0,0.0,11.0,2.0,322.0,101497.0,False,12,2,337
2011-12-03 03:00:00,5.67,78.3,0.0,-0.0,0.0,22.2,2.14,321.0,101487.0,False,12,3,337
2011-12-03 04:00:00,5.63,80.65,0.0,-0.0,0.0,0.75,1.86,317.0,101526.0,False,12,4,337
2011-12-03 05:00:00,6.0,81.85,0.0,-0.0,0.0,20.2,2.07,310.0,101616.0,False,12,5,337
2011-12-03 06:00:00,5.96,82.55,0.0,-0.0,0.0,0.0,2.55,317.0,101666.0,False,12,6,337
2011-12-03 07:00:00,5.81,82.5,0.0,-0.0,0.0,3.2,2.41,322.0,101746.0,False,12,7,337
2011-12-03 08:00:00,7.04,77.85,65.0,17.38,62.0,6.0,2.34,326.0,101826.0,False,12,8,337
2011-12-03 09:00:00,7.36,77.1,62.0,0.0,62.0,1.6,2.28,328.0,101915.0,False,12,9,337
2011-12-03 10:00:00,9.88,67.75,61.0,0.0,61.0,-15.8,1.93,338.0,102045.0,False,12,10,337
2011-12-03 11:00:00,11.14,64.8,394.0,332.99,228.0,15.4,1.52,341.0,101985.0,False,12,11,337
2011-12-03 12:00:00,12.31,65.4,488.0,636.24,160.0,-10.8,1.79,28.0,101965.0,False,12,12,337
2011-12-03 13:00:00,12.5,64.7,475.0,746.8,115.0,1.35,2.76,55.0,101965.0,False,12,13,337
2011-12-03 14:00:00,13.52,60.55,251.0,139.87,195.0,7.8,2.55,78.0,101995.0,False,12,14,337
2011-12-03 15:00:00,13.29,61.05,95.0,7.25,93.0,-10.0,2.41,84.0,102005.0,False,12,15,337
2011-12-03 16:00:00,12.8,62.65,67.0,178.66,46.0,-23.4,1.66,96.0,102055.0,False,12,16,337
2011-12-03 17:00:00,11.15,82.05,0.0,-0.0,0.0,12.2,0.76,108.0,102115.0,False,12,17,337
2011-12-03 18:00:00,10.18,84.1,0.0,-0.0,0.0,-26.4,0.9,110.0,102184.0,False,12,18,337
2011-12-03 19:00:00,9.88,83.6,0.0,-0.0,0.0,17.4,0.48,19.0,102224.0,False,12,19,337
2011-12-03 20:00:00,8.35,91.15,0.0,-0.0,0.0,2.0,0.41,10.0,102294.0,False,12,20,337
2011-12-03 21:00:00,6.91,95.95,0.0,-0.0,0.0,-10.6,0.21,349.0,102274.0,False,12,21,337
2011-12-03 22:00:00,6.06,97.0,0.0,-0.0,0.0,-3.6,0.83,317.0,102314.0,False,12,22,337
2011-12-03 23:00:00,5.78,95.9,0.0,-0.0,0.0,2.0,0.76,317.0,102304.0,False,12,23,337
2011-12-04 00:00:00,5.92,94.4,0.0,-0.0,0.0,-5.8,0.83,316.0,102244.0,False,12,0,338
2011-12-04 01:00:00,6.15,93.15,0.0,-0.0,0.0,291.4,0.97,316.0,102224.0,False,12,1,338
2011-12-04 02:00:00,5.81,94.25,0.0,-0.0,0.0,-2.6,0.83,312.0,102174.0,False,12,2,338
2011-12-04 03:00:00,5.73,92.7,0.0,-0.0,0.0,-0.4,0.83,308.0,102174.0,False,12,3,338
2011-12-04 04:00:00,6.0,91.9,0.0,-0.0,0.0,12.6,0.9,311.0,102164.0,False,12,4,338
2011-12-04 05:00:00,6.2,91.45,0.0,-0.0,0.0,3.0,0.76,312.0,102155.0,False,12,5,338
2011-12-04 06:00:00,6.37,89.05,0.0,-0.0,0.0,-1.75,1.03,305.0,102155.0,False,12,6,338
2011-12-04 07:00:00,6.45,86.45,0.0,-0.0,0.0,3.8,1.17,305.0,102204.0,False,12,7,338
2011-12-04 08:00:00,7.79,78.55,76.0,53.01,67.0,0.6,1.45,302.0,102194.0,False,12,8,338
2011-12-04 09:00:00,8.9,73.3,303.0,738.44,68.0,-6.6,1.31,284.0,102214.0,False,12,9,338
2011-12-04 10:00:00,12.09,53.7,434.0,838.06,74.0,12.0,1.66,257.0,102264.0,False,12,10,338
2011-12-04 11:00:00,12.63,59.7,514.0,878.74,78.0,-13.6,1.93,233.0,102204.0,False,12,11,338
2011-12-04 12:00:00,13.66,59.55,529.0,854.92,90.0,17.8,2.14,225.0,102105.0,False,12,12,338
2011-12-04 13:00:00,14.19,59.3,495.0,868.05,78.0,-15.4,2.28,222.0,102005.0,False,12,13,338
2011-12-04 14:00:00,15.2,56.25,396.0,801.83,76.0,-9.2,2.21,220.0,101985.0,False,12,14,338
2011-12-04 15:00:00,15.17,59.05,255.0,712.37,59.0,-5.0,2.14,213.0,101945.0,False,12,15,338
2011-12-04 16:00:00,14.82,60.8,84.0,410.31,36.0,-3.6,1.86,207.0,101925.0,False,12,16,338
2011-12-04 17:00:00,12.31,81.35,0.0,-0.0,0.0,0.75,1.31,219.0,101985.0,False,12,17,338
2011-12-04 18:00:00,11.16,84.6,0.0,-0.0,0.0,-3.55,1.45,235.0,101995.0,False,12,18,338
2011-12-04 19:00:00,10.07,86.25,0.0,-0.0,0.0,17.4,1.52,252.0,101995.0,False,12,19,338
2011-12-04 20:00:00,9.35,86.55,0.0,-0.0,0.0,1.75,1.59,267.0,101995.0,False,12,20,338
2011-12-04 21:00:00,7.93,88.55,0.0,-0.0,0.0,-22.0,1.66,274.0,102005.0,False,12,21,338
2011-12-04 22:00:00,7.86,87.5,0.0,-0.0,0.0,3.4,1.59,280.0,102005.0,False,12,22,338
2011-12-04 23:00:00,7.84,84.1,0.0,-0.0,0.0,7.4,1.72,286.0,101995.0,False,12,23,338
2011-12-05 00:00:00,8.34,80.7,0.0,-0.0,0.0,16.6,1.52,288.0,101945.0,False,12,0,339
2011-12-05 01:00:00,8.03,78.55,0.0,-0.0,0.0,291.4,1.59,294.0,101935.0,False,12,1,339
2011-12-05 02:00:00,7.23,76.65,0.0,-0.0,0.0,-6.4,1.59,298.0,101855.0,False,12,2,339
2011-12-05 03:00:00,7.77,74.45,0.0,-0.0,0.0,-2.2,1.66,301.0,101845.0,False,12,3,339
2011-12-05 04:00:00,7.29,73.95,0.0,-0.0,0.0,-13.6,1.52,308.0,101806.0,False,12,4,339
2011-12-05 05:00:00,7.19,71.55,0.0,-0.0,0.0,3.0,1.59,312.0,101826.0,False,12,5,339
2011-12-05 06:00:00,7.49,69.5,0.0,-0.0,0.0,3.2,1.66,314.0,101836.0,False,12,6,339
2011-12-05 07:00:00,7.23,70.4,0.0,-0.0,0.0,11.2,1.59,316.0,101875.0,False,12,7,339
2011-12-05 08:00:00,9.43,59.8,139.0,586.73,41.0,4.6,1.79,321.0,101895.0,False,12,8,339
2011-12-05 09:00:00,10.68,55.55,300.0,738.35,67.0,-3.6,1.59,321.0,101935.0,False,12,9,339
2011-12-05 10:00:00,14.47,42.65,431.0,835.93,74.0,-4.0,1.31,318.0,101965.0,False,12,10,339
2011-12-05 11:00:00,15.05,44.85,511.0,876.65,78.0,5.6,0.76,263.0,101955.0,False,12,11,339
2011-12-05 12:00:00,15.51,47.15,527.0,854.22,90.0,14.6,1.17,224.0,101875.0,False,12,12,339
2011-12-05 13:00:00,15.67,48.3,493.0,868.78,77.0,-5.2,1.52,221.0,101816.0,False,12,13,339
2011-12-05 14:00:00,16.57,47.1,398.0,831.84,67.0,-4.8,1.79,220.0,101756.0,False,12,14,339
2011-12-05 15:00:00,16.68,48.95,254.0,710.8,59.0,0.6,1.86,221.0,101766.0,False,12,15,339
2011-12-05 16:00:00,16.24,49.75,87.0,480.56,31.0,-2.0,1.52,218.0,101736.0,False,12,16,339
2011-12-05 17:00:00,13.33,69.4,0.0,-0.0,0.0,-3.4,1.45,247.0,101786.0,False,12,17,339
2011-12-05 18:00:00,11.68,77.05,0.0,-0.0,0.0,-3.4,1.72,286.0,101845.0,False,12,18,339
2011-12-05 19:00:00,11.05,75.95,0.0,-0.0,0.0,-1.2,2.0,306.0,101905.0,False,12,19,339
2011-12-05 20:00:00,10.19,77.5,0.0,-0.0,0.0,-1.6,2.21,311.0,101915.0,False,12,20,339
2011-12-05 21:00:00,9.03,80.7,0.0,-0.0,0.0,-2.55,2.07,313.0,101945.0,False,12,21,339
2011-12-05 22:00:00,8.21,78.25,0.0,-0.0,0.0,-2.0,2.0,316.0,101995.0,False,12,22,339
2011-12-05 23:00:00,7.59,79.3,0.0,-0.0,0.0,-1.75,1.72,314.0,102005.0,False,12,23,339
2011-12-06 00:00:00,6.89,81.55,0.0,-0.0,0.0,-1.6,1.59,317.0,102015.0,False,12,0,340
2011-12-06 01:00:00,6.54,83.15,0.0,-0.0,0.0,274.0,1.45,321.0,102005.0,False,12,1,340
2011-12-06 02:00:00,5.63,85.75,0.0,-0.0,0.0,-0.6,1.38,322.0,101995.0,False,12,2,340
2011-12-06 03:00:00,5.8,84.35,0.0,-0.0,0.0,-0.6,1.45,323.0,102005.0,False,12,3,340
2011-12-06 04:00:00,5.96,84.0,0.0,-0.0,0.0,-0.2,1.52,323.0,101995.0,False,12,4,340
2011-12-06 05:00:00,6.24,83.7,0.0,-0.0,0.0,-0.35,1.52,324.0,102015.0,False,12,5,340
2011-12-06 06:00:00,5.92,83.65,0.0,-0.0,0.0,-0.15,1.45,324.0,102055.0,False,12,6,340
2011-12-06 07:00:00,5.85,83.3,0.0,-0.0,0.0,-4.6,1.38,321.0,102115.0,False,12,7,340
2011-12-06 08:00:00,7.95,77.4,136.0,578.02,41.0,10.6,1.59,325.0,102135.0,False,12,8,340
2011-12-06 09:00:00,10.55,69.1,297.0,734.87,67.0,4.2,1.45,327.0,102204.0,False,12,9,340
2011-12-06 10:00:00,15.07,41.6,431.0,850.09,70.0,1.75,0.28,296.0,102304.0,False,12,10,340
2011-12-06 11:00:00,15.34,47.95,511.0,892.68,72.0,20.8,0.9,198.0,102304.0,False,12,11,340
2011-12-06 12:00:00,16.02,49.45,533.0,902.39,73.0,-12.8,1.31,198.0,102234.0,False,12,12,340
2011-12-06 13:00:00,16.41,51.0,491.0,867.23,77.0,1.6,1.38,196.0,102184.0,False,12,13,340
2011-12-06 14:00:00,17.23,50.45,397.0,831.55,67.0,0.6,1.38,193.0,102135.0,False,12,14,340
2011-12-06 15:00:00,16.89,53.45,253.0,708.94,59.0,-2.8,1.31,191.0,102135.0,False,12,15,340
2011-12-06 16:00:00,16.36,56.0,85.0,447.58,33.0,-2.4,1.03,189.0,102145.0,False,12,16,340
2011-12-06 17:00:00,13.2,74.8,0.0,-0.0,0.0,-2.8,0.9,205.0,102224.0,False,12,17,340
2011-12-06 18:00:00,13.12,75.1,0.0,-0.0,0.0,-4.2,0.97,271.0,102254.0,False,12,18,340
2011-12-06 19:00:00,11.5,78.75,0.0,-0.0,0.0,-3.4,1.31,309.0,102304.0,False,12,19,340
2011-12-06 20:00:00,10.25,80.4,0.0,-0.0,0.0,-1.2,1.52,321.0,102354.0,False,12,20,340
2011-12-06 21:00:00,9.28,81.45,0.0,-0.0,0.0,1.6,1.52,319.0,102374.0,False,12,21,340
2011-12-06 22:00:00,8.23,80.0,0.0,-0.0,0.0,-3.35,1.24,323.0,102424.0,False,12,22,340
2011-12-06 23:00:00,7.91,78.6,0.0,-0.0,0.0,-2.6,1.17,325.0,102434.0,False,12,23,340
2011-12-07 00:00:00,7.65,79.1,0.0,-0.0,0.0,-1.0,1.1,324.0,102444.0,False,12,0,341
2011-12-07 01:00:00,7.57,79.4,0.0,-0.0,0.0,272.0,0.97,326.0,102464.0,False,12,1,341
2011-12-07 02:00:00,6.89,79.8,0.0,-0.0,0.0,-0.4,0.9,329.0,102444.0,False,12,2,341
2011-12-07 03:00:00,6.93,79.25,0.0,-0.0,0.0,0.4,0.9,329.0,102464.0,False,12,3,341
2011-12-07 04:00:00,6.69,77.7,0.0,-0.0,0.0,2.35,0.69,321.0,102454.0,False,12,4,341
2011-12-07 05:00:00,6.65,76.3,0.0,-0.0,0.0,-2.6,0.55,316.0,102454.0,False,12,5,341
2011-12-07 06:00:00,6.79,73.85,0.0,-0.0,0.0,0.2,0.41,311.0,102503.0,False,12,6,341
2011-12-07 07:00:00,6.88,71.05,0.0,-0.0,0.0,7.6,0.41,305.0,102553.0,False,12,7,341
2011-12-07 08:00:00,8.74,63.45,134.0,587.32,39.0,-10.8,0.41,313.0,102603.0,False,12,8,341
2011-12-07 09:00:00,10.71,61.4,294.0,734.35,66.0,1.75,0.34,322.0,102663.0,False,12,9,341
2011-12-07 10:00:00,15.11,38.15,426.0,833.44,74.0,9.8,0.41,354.0,102703.0,False,12,10,341
2011-12-07 11:00:00,14.96,49.3,504.0,859.65,83.0,3.0,0.62,148.0,102693.0,False,12,11,341
2011-12-07 12:00:00,14.92,54.45,526.0,868.03,85.0,6.0,1.03,162.0,102643.0,False,12,12,341
2011-12-07 13:00:00,14.99,56.35,492.0,882.28,72.0,2.0,1.17,165.0,102593.0,False,12,13,341
2011-12-07 14:00:00,15.62,55.6,392.0,800.72,75.0,1.6,1.24,163.0,102553.0,False,12,14,341
2011-12-07 15:00:00,15.81,57.15,251.0,695.79,61.0,-0.2,1.24,157.0,102553.0,False,12,15,341
2011-12-07 16:00:00,15.8,57.9,84.0,431.27,34.0,-3.35,1.1,156.0,102533.0,False,12,16,341
2011-12-07 17:00:00,13.98,72.35,0.0,-0.0,0.0,-4.4,0.97,160.0,102543.0,False,12,17,341
2011-12-07 18:00:00,12.42,77.45,0.0,-0.0,0.0,-5.0,0.34,245.0,102573.0,False,12,18,341
2011-12-07 19:00:00,10.47,81.3,0.0,-0.0,0.0,-3.6,0.76,308.0,102573.0,False,12,19,341
2011-12-07 20:00:00,9.6,80.95,0.0,-0.0,0.0,-2.2,0.9,314.0,102583.0,False,12,20,341
2011-12-07 21:00:00,8.39,79.25,0.0,-0.0,0.0,-2.6,0.97,314.0,102573.0,False,12,21,341
2011-12-07 22:00:00,7.93,75.6,0.0,-0.0,0.0,-1.8,1.03,311.0,102593.0,False,12,22,341
2011-12-07 23:00:00,7.68,72.3,0.0,-0.0,0.0,-2.0,0.9,310.0,102583.0,False,12,23,341
2011-12-08 00:00:00,7.34,69.35,0.0,-0.0,0.0,-1.0,0.69,312.0,102563.0,False,12,0,342
2011-12-08 01:00:00,7.15,67.0,0.0,-0.0,0.0,269.8,0.55,318.0,102553.0,False,12,1,342
2011-12-08 02:00:00,7.11,65.25,0.0,-0.0,0.0,1.8,0.48,327.0,102503.0,False,12,2,342
2011-12-08 03:00:00,6.86,64.05,0.0,-0.0,0.0,13.8,0.41,324.0,102484.0,False,12,3,342
2011-12-08 04:00:00,6.78,62.45,0.0,-0.0,0.0,-9.4,0.48,327.0,102474.0,False,12,4,342
2011-12-08 05:00:00,6.52,61.6,0.0,-0.0,0.0,-2.8,0.41,326.0,102474.0,False,12,5,342
2011-12-08 06:00:00,6.13,61.3,0.0,-0.0,0.0,-4.2,0.41,329.0,102493.0,False,12,6,342
2011-12-08 07:00:00,5.94,60.85,0.0,-0.0,0.0,17.2,0.48,331.0,102523.0,False,12,7,342
2011-12-08 08:00:00,7.09,58.2,126.0,502.44,46.0,-11.4,0.41,323.0,102563.0,False,12,8,342
2011-12-08 09:00:00,9.0,61.3,263.0,512.89,105.0,-1.6,0.48,319.0,102593.0,False,12,9,342
2011-12-08 10:00:00,14.72,28.35,371.0,523.65,151.0,7.0,0.34,337.0,102663.0,False,12,10,342
2011-12-08 11:00:00,15.11,37.15,460.0,639.62,148.0,10.4,0.62,163.0,102603.0,False,12,11,342
2011-12-08 12:00:00,15.11,43.75,464.0,570.65,175.0,-4.2,1.03,167.0,102533.0,False,12,12,342
2011-12-08 13:00:00,15.2,46.6,446.0,633.94,145.0,0.4,1.17,166.0,102434.0,False,12,13,342
2011-12-08 14:00:00,16.07,48.1,391.0,799.9,75.0,-1.4,1.31,164.0,102374.0,False,12,14,342
2011-12-08 15:00:00,15.62,51.1,248.0,667.65,66.0,3.2,1.24,163.0,102324.0,False,12,15,342
2011-12-08 16:00:00,15.05,57.15,85.0,449.06,33.0,-2.8,0.9,157.0,102324.0,False,12,16,342
2011-12-08 17:00:00,12.77,72.6,0.0,-0.0,0.0,2.55,0.97,147.0,102344.0,False,12,17,342
2011-12-08 18:00:00,11.26,78.85,0.0,-0.0,0.0,-0.75,0.41,107.0,102374.0,False,12,18,342
2011-12-08 19:00:00,10.0,81.55,0.0,-0.0,0.0,-0.75,0.14,9.0,102364.0,False,12,19,342
2011-12-08 20:00:00,8.27,86.55,0.0,-0.0,0.0,1.0,0.34,337.0,102374.0,False,12,20,342
2011-12-08 21:00:00,7.77,85.25,0.0,-0.0,0.0,0.55,0.28,319.0,102394.0,False,12,21,342
2011-12-08 22:00:00,7.86,82.7,0.0,-0.0,0.0,-2.15,0.41,324.0,102404.0,False,12,22,342
2011-12-08 23:00:00,7.69,79.85,0.0,-0.0,0.0,-2.6,0.34,322.0,102374.0,False,12,23,342
2011-12-09 00:00:00,7.84,77.0,0.0,-0.0,0.0,-2.2,0.28,306.0,102314.0,False,12,0,343
2011-12-09 01:00:00,7.59,74.9,0.0,-0.0,0.0,278.2,0.34,305.0,102284.0,False,12,1,343
2011-12-09 02:00:00,7.17,72.35,0.0,-0.0,0.0,-1.75,0.34,301.0,102234.0,False,12,2,343
2011-12-09 03:00:00,7.01,71.75,0.0,-0.0,0.0,3.6,0.34,301.0,102194.0,False,12,3,343
2011-12-09 04:00:00,7.17,70.95,0.0,-0.0,0.0,-0.2,0.48,302.0,102164.0,False,12,4,343
2011-12-09 05:00:00,7.02,70.65,0.0,-0.0,0.0,11.2,0.62,301.0,102135.0,False,12,5,343
2011-12-09 06:00:00,7.16,69.1,0.0,-0.0,0.0,2.0,0.55,304.0,102135.0,False,12,6,343
2011-12-09 07:00:00,7.28,68.95,0.0,-0.0,0.0,17.2,0.62,303.0,102135.0,False,12,7,343
2011-12-09 08:00:00,8.34,67.3,88.0,140.33,66.0,-5.0,0.69,297.0,102164.0,False,12,8,343
2011-12-09 09:00:00,9.17,64.85,265.0,542.98,99.0,-6.0,0.97,269.0,102174.0,False,12,9,343
2011-12-09 10:00:00,11.69,55.3,159.0,7.18,156.0,16.0,1.1,253.0,102184.0,False,12,10,343
2011-12-09 11:00:00,11.55,60.2,256.0,55.56,229.0,8.6,1.31,218.0,102145.0,False,12,11,343
2011-12-09 12:00:00,11.8,63.75,259.0,47.53,235.0,3.4,1.52,210.0,102085.0,False,12,12,343
2011-12-09 13:00:00,11.94,65.75,321.0,183.66,234.0,11.2,1.45,211.0,101985.0,False,12,13,343
2011-12-09 14:00:00,13.11,65.5,177.0,25.36,167.0,-7.4,1.59,209.0,101925.0,False,12,14,343
2011-12-09 15:00:00,12.95,68.75,136.0,62.45,119.0,0.6,1.59,208.0,101895.0,False,12,15,343
2011-12-09 16:00:00,13.37,66.35,38.0,17.28,36.0,-4.6,1.24,208.0,101875.0,False,12,16,343
2011-12-09 17:00:00,11.24,84.05,0.0,-0.0,0.0,-2.2,1.03,226.0,101895.0,False,12,17,343
2011-12-09 18:00:00,10.71,85.1,0.0,-0.0,0.0,1.8,1.17,252.0,101885.0,False,12,18,343
2011-12-09 19:00:00,11.08,81.55,0.0,-0.0,0.0,-7.2,1.38,265.0,101865.0,False,12,19,343
2011-12-09 20:00:00,10.72,80.0,0.0,-0.0,0.0,-12.8,1.59,272.0,101845.0,False,12,20,343
2011-12-09 21:00:00,10.12,80.45,0.0,-0.0,0.0,-9.6,1.79,279.0,101826.0,False,12,21,343
2011-12-09 22:00:00,8.33,78.15,0.0,-0.0,0.0,-5.8,1.72,284.0,101865.0,False,12,22,343
2011-12-09 23:00:00,8.93,76.35,0.0,-0.0,0.0,16.6,1.86,291.0,101786.0,False,12,23,343
2011-12-10 00:00:00,8.43,74.8,0.0,-0.0,0.0,-13.0,1.79,302.0,101756.0,False,12,0,344
2011-12-10 01:00:00,8.09,73.95,0.0,-0.0,0.0,282.0,1.72,305.0,101716.0,False,12,1,344
2011-12-10 02:00:00,7.38,73.35,0.0,-0.0,0.0,5.6,1.45,306.0,101656.0,False,12,2,344
2011-12-10 03:00:00,7.07,74.0,0.0,-0.0,0.0,3.4,1.24,307.0,101626.0,False,12,3,344
2011-12-10 04:00:00,6.99,75.2,0.0,-0.0,0.0,1.2,1.17,306.0,101596.0,False,12,4,344
2011-12-10 05:00:00,7.2,74.0,0.0,-0.0,0.0,12.6,1.1,306.0,101606.0,False,12,5,344
2011-12-10 06:00:00,7.87,72.6,0.0,-0.0,0.0,16.8,1.1,312.0,101596.0,False,12,6,344
2011-12-10 07:00:00,7.73,74.1,0.0,-0.0,0.0,-7.4,0.97,309.0,101606.0,False,12,7,344
2011-12-10 08:00:00,8.65,70.45,61.0,25.91,57.0,2.4,0.9,309.0,101646.0,False,12,8,344
2011-12-10 09:00:00,9.84,64.5,55.0,0.0,55.0,3.2,1.24,302.0,101676.0,False,12,9,344
2011-12-10 10:00:00,13.53,44.05,191.0,28.85,179.0,-10.0,1.1,263.0,101716.0,False,12,10,344
2011-12-10 11:00:00,14.56,49.7,430.0,514.24,181.0,-11.4,1.59,231.0,101696.0,False,12,11,344
2011-12-10 12:00:00,15.02,51.35,365.0,236.32,246.0,-4.0,2.0,220.0,101606.0,False,12,12,344
2011-12-10 13:00:00,15.19,51.5,165.0,2.12,164.0,2.15,2.34,216.0,101526.0,False,12,13,344
2011-12-10 14:00:00,15.63,50.75,385.0,769.62,82.0,-9.4,2.28,214.0,101437.0,False,12,14,344
2011-12-10 15:00:00,15.19,53.7,247.0,669.15,65.0,-2.35,2.07,213.0,101427.0,False,12,15,344
2011-12-10 16:00:00,14.52,55.55,85.0,448.92,33.0,-4.2,1.52,209.0,101417.0,False,12,16,344
2011-12-10 17:00:00,11.39,76.1,0.0,-0.0,0.0,-2.6,1.45,221.0,101447.0,False,12,17,344
2011-12-10 18:00:00,11.35,72.55,0.0,-0.0,0.0,-3.4,1.52,251.0,101467.0,False,12,18,344
2011-12-10 19:00:00,10.83,72.45,0.0,-0.0,0.0,4.4,1.59,283.0,101487.0,False,12,19,344
2011-12-10 20:00:00,9.05,78.15,0.0,-0.0,0.0,-2.2,1.66,305.0,101487.0,False,12,20,344
2011-12-10 21:00:00,8.33,79.05,0.0,-0.0,0.0,0.35,1.86,316.0,101507.0,False,12,21,344
2011-12-10 22:00:00,8.66,75.6,0.0,-0.0,0.0,9.2,1.59,318.0,101526.0,False,12,22,344
2011-12-10 23:00:00,8.34,76.55,0.0,-0.0,0.0,1.2,1.38,320.0,101516.0,False,12,23,344
2011-12-11 00:00:00,8.04,78.0,0.0,-0.0,0.0,2.2,1.52,319.0,101497.0,False,12,0,345
2011-12-11 01:00:00,7.17,77.8,0.0,-0.0,0.0,272.8,1.38,317.0,101507.0,False,12,1,345
2011-12-11 02:00:00,6.48,76.75,0.0,-0.0,0.0,2.8,1.45,322.0,101477.0,False,12,2,345
2011-12-11 03:00:00,6.5,74.2,0.0,-0.0,0.0,3.0,1.38,321.0,101437.0,False,12,3,345
2011-12-11 04:00:00,6.38,73.6,0.0,-0.0,0.0,5.8,1.38,316.0,101427.0,False,12,4,345
2011-12-11 05:00:00,6.09,74.45,0.0,-0.0,0.0,2.4,1.17,320.0,101427.0,False,12,5,345
2011-12-11 06:00:00,5.9,77.4,0.0,-0.0,0.0,-10.6,1.17,317.0,101437.0,False,12,6,345
2011-12-11 07:00:00,5.96,80.1,0.0,-0.0,0.0,33.4,0.97,318.0,101487.0,False,12,7,345
2011-12-11 08:00:00,7.2,77.4,104.0,308.99,57.0,-23.0,1.03,318.0,101526.0,False,12,8,345
2011-12-11 09:00:00,9.62,73.6,112.0,9.96,109.0,1.0,0.9,313.0,101556.0,False,12,9,345
2011-12-11 10:00:00,13.15,51.85,75.0,0.0,75.0,9.0,1.72,227.0,101616.0,False,12,10,345
2011-12-11 11:00:00,13.8,56.35,490.0,824.73,92.0,-12.2,2.55,246.0,101596.0,False,12,11,345
2011-12-11 12:00:00,14.27,56.4,508.0,802.34,105.0,11.6,2.9,255.0,101497.0,False,12,12,345
2011-12-11 13:00:00,14.87,52.55,482.0,847.83,82.0,26.6,2.76,262.0,101457.0,False,12,13,345
2011-12-11 14:00:00,15.28,49.9,391.0,813.85,71.0,9.4,2.14,264.0,101377.0,False,12,14,345
2011-12-11 15:00:00,15.33,46.8,251.0,706.29,59.0,-24.8,1.66,259.0,101417.0,False,12,15,345
2011-12-11 16:00:00,14.96,47.7,85.0,448.25,33.0,-5.6,1.17,261.0,101427.0,False,12,16,345
2011-12-11 17:00:00,12.98,61.25,0.0,-0.0,0.0,-8.2,0.9,260.0,101477.0,False,12,17,345
2011-12-11 18:00:00,12.96,61.4,0.0,-0.0,0.0,-0.8,1.17,324.0,101566.0,False,12,18,345
2011-12-11 19:00:00,11.32,6.9,0.0,-0.0,0.0,-6.8,1.52,333.0,101626.0,False,12,19,345
2011-12-11 20:00:00,9.89,7.6,0.0,-0.0,0.0,0.0,1.59,326.0,101736.0,False,12,20,345
2011-12-11 21:00:00,9.03,8.05,0.0,-0.0,0.0,0.0,1.66,321.0,101786.0,False,12,21,345
2011-12-11 22:00:00,8.25,8.45,0.0,-0.0,0.0,0.0,1.59,326.0,101796.0,False,12,22,345
2011-12-11 23:00:00,8.14,8.55,0.0,-0.0,0.0,0.0,1.72,328.0,101826.0,False,12,23,345
2011-12-12 00:00:00,7.93,8.65,0.0,-0.0,0.0,0.0,1.93,329.0,101855.0,False,12,0,346
2011-12-12 01:00:00,8.07,8.6,0.0,-0.0,0.0,285.8,1.86,330.0,101895.0,False,12,1,346
2011-12-12 02:00:00,7.44,8.95,0.0,-0.0,0.0,0.0,1.72,325.0,101875.0,False,12,2,346
2011-12-12 03:00:00,7.68,8.8,0.0,-0.0,0.0,0.0,1.79,319.0,101875.0,False,12,3,346
2011-12-12 04:00:00,7.67,8.8,0.0,-0.0,0.0,0.0,2.0,319.0,101865.0,False,12,4,346
2011-12-12 05:00:00,7.44,8.95,0.0,-0.0,0.0,0.0,1.93,322.0,101935.0,False,12,5,346
2011-12-12 06:00:00,7.25,9.1,0.0,-0.0,0.0,0.0,1.93,318.0,101935.0,False,12,6,346
2011-12-12 07:00:00,7.09,9.2,0.0,-0.0,0.0,0.0,2.07,318.0,102005.0,False,12,7,346
2011-12-12 08:00:00,8.75,8.2,48.0,6.67,47.0,0.0,1.72,318.0,102075.0,False,12,8,346
2011-12-12 09:00:00,9.88,7.6,120.0,16.71,115.0,0.0,1.66,318.0,102135.0,False,12,9,346
2011-12-12 10:00:00,13.22,6.05,347.0,443.95,164.0,0.0,1.38,311.0,102194.0,False,12,10,346
2011-12-12 11:00:00,14.5,5.55,461.0,677.67,135.0,0.0,1.03,279.0,102214.0,False,12,11,346
2011-12-12 12:00:00,15.15,5.35,492.0,728.37,127.0,0.0,0.97,274.0,102164.0,False,12,12,346
2011-12-12 13:00:00,15.37,5.25,479.0,832.25,87.0,0.0,0.62,266.0,102135.0,False,12,13,346
2011-12-12 14:00:00,15.3,5.3,386.0,781.57,79.0,0.0,0.55,202.0,102085.0,False,12,14,346
2011-12-12 15:00:00,14.87,5.45,232.0,540.82,85.0,0.0,0.62,203.0,102105.0,False,12,15,346
2011-12-12 16:00:00,14.45,5.6,74.0,275.19,42.0,0.0,0.62,199.0,102125.0,False,12,16,346
2011-12-12 17:00:00,12.82,6.2,0.0,-0.0,0.0,0.0,0.48,194.0,102164.0,False,12,17,346
2011-12-12 18:00:00,12.38,6.4,0.0,-0.0,0.0,0.0,0.69,297.0,102204.0,False,12,18,346
2011-12-12 19:00:00,11.13,6.95,0.0,-0.0,0.0,0.0,1.24,312.0,102244.0,False,12,19,346
2011-12-12 20:00:00,9.17,7.95,0.0,-0.0,0.0,0.0,1.45,316.0,102284.0,False,12,20,346
2011-12-12 21:00:00,8.04,8.6,0.0,-0.0,0.0,0.0,1.59,319.0,102294.0,False,12,21,346
2011-12-12 22:00:00,7.13,9.15,0.0,-0.0,0.0,0.0,1.86,319.0,102274.0,False,12,22,346
2011-12-12 23:00:00,6.62,9.5,0.0,-0.0,0.0,0.0,1.59,321.0,102314.0,False,12,23,346
2011-12-13 00:00:00,6.47,9.6,0.0,-0.0,0.0,0.0,1.45,317.0,102274.0,False,12,0,347
2011-12-13 01:00:00,6.03,9.9,0.0,-0.0,0.0,285.8,1.24,315.0,102264.0,False,12,1,347
2011-12-13 02:00:00,5.85,10.0,0.0,-0.0,0.0,0.0,1.17,314.0,102204.0,False,12,2,347
2011-12-13 03:00:00,5.86,10.0,0.0,-0.0,0.0,0.0,1.17,314.0,102184.0,False,12,3,347
2011-12-13 04:00:00,5.74,10.1,0.0,-0.0,0.0,0.0,1.17,312.0,102125.0,False,12,4,347
2011-12-13 05:00:00,5.68,10.15,0.0,-0.0,0.0,0.0,1.38,308.0,102095.0,False,12,5,347
2011-12-13 06:00:00,5.65,10.15,0.0,-0.0,0.0,0.0,1.66,308.0,102095.0,False,12,6,347
2011-12-13 07:00:00,5.57,10.2,0.0,-0.0,0.0,0.0,1.72,309.0,102115.0,False,12,7,347
2011-12-13 08:00:00,7.47,8.95,119.0,541.4,39.0,0.0,1.45,314.0,102125.0,False,12,8,347
2011-12-13 09:00:00,9.78,7.65,279.0,723.23,64.0,0.0,1.93,303.0,102174.0,False,12,9,347
2011-12-13 10:00:00,15.13,5.35,412.0,825.87,73.0,0.0,1.52,292.0,102194.0,False,12,10,347
2011-12-13 11:00:00,16.05,5.05,492.0,854.81,82.0,0.0,1.59,250.0,102155.0,False,12,11,347
2011-12-13 12:00:00,16.72,4.8,514.0,847.89,90.0,0.0,2.0,228.0,102065.0,False,12,12,347
2011-12-13 13:00:00,16.86,4.75,481.0,848.31,82.0,0.0,2.14,225.0,101995.0,False,12,13,347
2011-12-13 14:00:00,17.31,4.65,392.0,827.98,67.0,0.0,2.21,227.0,101915.0,False,12,14,347
2011-12-13 15:00:00,17.09,4.7,251.0,706.18,59.0,0.0,2.0,228.0,101885.0,False,12,15,347
2011-12-13 16:00:00,16.48,4.9,86.0,445.72,34.0,0.0,1.24,222.0,101885.0,False,12,16,347
2011-12-13 17:00:00,13.6,5.9,0.0,-0.0,0.0,0.0,1.38,245.0,101875.0,False,12,17,347
2011-12-13 18:00:00,12.3,6.45,0.0,-0.0,0.0,0.0,1.59,301.0,101915.0,False,12,18,347
2011-12-13 19:00:00,10.73,7.15,0.0,-0.0,0.0,0.0,1.93,319.0,101925.0,False,12,19,347
2011-12-13 20:00:00,10.38,7.35,0.0,-0.0,0.0,0.0,2.07,322.0,101975.0,False,12,20,347
2011-12-13 21:00:00,9.06,8.0,0.0,-0.0,0.0,0.0,2.14,323.0,101965.0,False,12,21,347
2011-12-13 22:00:00,7.76,8.75,0.0,-0.0,0.0,0.0,2.21,320.0,101985.0,False,12,22,347
2011-12-13 23:00:00,7.42,8.95,0.0,-0.0,0.0,0.0,2.07,326.0,101985.0,False,12,23,347
2011-12-14 00:00:00,7.17,9.1,0.0,-0.0,0.0,0.0,1.93,326.0,101975.0,False,12,0,348
2011-12-14 01:00:00,6.59,9.5,0.0,-0.0,0.0,285.8,1.86,329.0,101955.0,False,12,1,348
2011-12-14 02:00:00,6.18,9.8,0.0,-0.0,0.0,0.0,1.86,331.0,101975.0,False,12,2,348
2011-12-14 03:00:00,6.03,9.9,0.0,-0.0,0.0,0.0,1.86,332.0,101945.0,False,12,3,348
2011-12-14 04:00:00,5.72,10.1,0.0,-0.0,0.0,0.0,1.86,330.0,101925.0,False,12,4,348
2011-12-14 05:00:00,5.92,9.95,0.0,-0.0,0.0,0.0,1.86,328.0,101895.0,False,12,5,348
2011-12-14 06:00:00,5.98,9.9,0.0,-0.0,0.0,0.0,2.0,326.0,101935.0,False,12,6,348
2011-12-14 07:00:00,5.87,10.0,0.0,-0.0,0.0,0.0,2.07,326.0,101995.0,False,12,7,348
2011-12-14 08:00:00,7.82,8.7,116.0,528.41,39.0,0.0,1.59,322.0,102055.0,False,12,8,348
2011-12-14 09:00:00,9.54,7.75,279.0,734.6,62.0,0.0,1.86,322.0,102095.0,False,12,9,348
2011-12-14 10:00:00,14.36,5.6,408.0,809.59,77.0,0.0,1.59,307.0,102125.0,False,12,10,348
2011-12-14 11:00:00,15.51,5.2,472.0,746.34,115.0,0.0,1.45,265.0,102115.0,False,12,11,348
2011-12-14 12:00:00,16.13,5.0,487.0,713.25,131.0,0.0,1.86,234.0,102025.0,False,12,12,348
2011-12-14 13:00:00,16.36,4.95,324.0,195.83,232.0,0.0,1.93,230.0,101975.0,False,12,13,348
2011-12-14 14:00:00,16.84,4.8,348.0,545.43,134.0,0.0,1.66,232.0,101885.0,False,12,14,348
2011-12-14 15:00:00,17.22,4.65,246.0,654.24,68.0,0.0,1.31,231.0,101875.0,False,12,15,348
2011-12-14 16:00:00,17.09,4.7,87.0,478.02,31.0,0.0,0.9,218.0,101905.0,False,12,16,348
2011-12-14 17:00:00,14.36,5.6,0.0,-0.0,0.0,0.0,1.1,228.0,101925.0,False,12,17,348
2011-12-14 18:00:00,14.19,5.7,0.0,-0.0,0.0,0.0,1.17,283.0,101995.0,False,12,18,348
2011-12-14 19:00:00,12.97,6.15,0.0,-0.0,0.0,0.0,1.59,305.0,101995.0,False,12,19,348
2011-12-14 20:00:00,11.72,6.7,0.0,-0.0,0.0,0.0,1.79,316.0,102075.0,False,12,20,348
2011-12-14 21:00:00,11.1,7.0,0.0,-0.0,0.0,0.0,1.79,323.0,102115.0,False,12,21,348
2011-12-14 22:00:00,9.77,7.65,0.0,-0.0,0.0,0.0,1.79,321.0,102125.0,False,12,22,348
2011-12-14 23:00:00,9.07,8.0,0.0,-0.0,0.0,0.0,1.72,326.0,102164.0,False,12,23,348
2011-12-15 00:00:00,8.84,8.15,0.0,-0.0,0.0,0.0,1.45,326.0,102125.0,False,12,0,349
2011-12-15 01:00:00,8.61,8.25,0.0,-0.0,0.0,285.8,1.59,327.0,102184.0,False,12,1,349
2011-12-15 02:00:00,8.21,8.5,0.0,-0.0,0.0,0.0,1.66,329.0,102174.0,False,12,2,349
2011-12-15 03:00:00,8.55,8.3,0.0,-0.0,0.0,0.0,1.72,327.0,102174.0,False,12,3,349
2011-12-15 04:00:00,8.31,8.45,0.0,-0.0,0.0,0.0,1.86,324.0,102194.0,False,12,4,349
2011-12-15 05:00:00,8.05,8.6,0.0,-0.0,0.0,0.0,2.07,331.0,102244.0,False,12,5,349
2011-12-15 06:00:00,8.25,8.45,0.0,-0.0,0.0,0.0,2.28,336.0,102314.0,False,12,6,349
2011-12-15 07:00:00,7.69,8.8,0.0,-0.0,0.0,0.0,2.21,335.0,102414.0,False,12,7,349
2011-12-15 08:00:00,9.33,7.85,113.0,507.79,40.0,0.0,1.86,333.0,102503.0,False,12,8,349
2011-12-15 09:00:00,10.57,7.25,248.0,504.06,100.0,0.0,1.86,335.0,102583.0,False,12,9,349
2011-12-15 10:00:00,14.57,5.55,404.0,792.98,81.0,0.0,0.9,292.0,102613.0,False,12,10,349
2011-12-15 11:00:00,15.92,5.05,481.0,804.8,97.0,0.0,0.97,194.0,102613.0,False,12,11,349
2011-12-15 12:00:00,16.42,4.9,509.0,832.84,94.0,0.0,0.76,176.0,102573.0,False,12,12,349
2011-12-15 13:00:00,16.58,4.85,474.0,816.01,91.0,0.0,0.28,192.0,102533.0,False,12,13,349
2011-12-15 14:00:00,16.49,4.9,379.0,739.23,89.0,0.0,0.62,172.0,102484.0,False,12,14,349
2011-12-15 15:00:00,16.31,4.95,219.0,436.91,100.0,0.0,1.03,170.0,102493.0,False,12,15,349
2011-12-15 16:00:00,15.8,5.1,78.0,314.26,41.0,0.0,0.97,182.0,102484.0,False,12,16,349
2011-12-15 17:00:00,12.12,6.5,0.0,-0.0,0.0,0.0,0.62,174.0,102553.0,False,12,17,349
2011-12-15 18:00:00,12.43,6.4,0.0,-0.0,0.0,0.0,0.28,261.0,102573.0,False,12,18,349
2011-12-15 19:00:00,11.13,6.95,0.0,-0.0,0.0,0.0,0.83,324.0,102623.0,False,12,19,349
2011-12-15 20:00:00,9.17,7.95,0.0,-0.0,0.0,0.0,1.17,314.0,102643.0,False,12,20,349
2011-12-15 21:00:00,8.11,8.55,0.0,-0.0,0.0,0.0,1.45,308.0,102643.0,False,12,21,349
2011-12-15 22:00:00,7.56,8.9,0.0,-0.0,0.0,0.0,1.59,312.0,102653.0,False,12,22,349
2011-12-15 23:00:00,7.31,9.05,0.0,-0.0,0.0,0.0,1.66,305.0,102623.0,False,12,23,349
2011-12-16 00:00:00,7.11,9.15,0.0,-0.0,0.0,0.0,1.79,298.0,102593.0,False,12,0,350
2011-12-16 01:00:00,6.84,9.35,0.0,-0.0,0.0,285.8,1.93,295.0,102543.0,False,12,1,350
2011-12-16 02:00:00,6.42,9.6,0.0,-0.0,0.0,0.0,2.07,294.0,102464.0,False,12,2,350
2011-12-16 03:00:00,6.54,9.55,0.0,-0.0,0.0,0.0,2.21,292.0,102414.0,False,12,3,350
2011-12-16 04:00:00,6.69,9.45,0.0,-0.0,0.0,0.0,2.28,294.0,102324.0,False,12,4,350
2011-12-16 05:00:00,6.36,9.65,0.0,-0.0,0.0,0.0,2.34,299.0,102274.0,False,12,5,350
2011-12-16 06:00:00,6.41,9.6,0.0,-0.0,0.0,0.0,2.34,301.0,102244.0,False,12,6,350
2011-12-16 07:00:00,6.33,9.65,0.0,-0.0,0.0,0.0,2.28,304.0,102234.0,False,12,7,350
2011-12-16 08:00:00,8.14,8.55,31.0,0.0,31.0,0.0,1.93,311.0,102204.0,False,12,8,350
2011-12-16 09:00:00,9.8,7.6,112.0,13.7,108.0,0.0,2.62,308.0,102194.0,False,12,9,350
2011-12-16 10:00:00,14.21,5.7,80.0,0.0,80.0,0.0,2.07,303.0,102194.0,False,12,10,350
2011-12-16 11:00:00,15.79,5.1,102.0,0.0,102.0,0.0,1.93,290.0,102125.0,False,12,11,350
2011-12-16 12:00:00,17.04,4.7,299.0,106.52,246.0,0.0,2.28,275.0,102025.0,False,12,12,350
2011-12-16 13:00:00,17.88,4.45,310.0,166.3,232.0,0.0,2.69,262.0,101875.0,False,12,13,350
2011-12-16 14:00:00,19.3,4.1,388.0,797.74,75.0,0.0,2.97,259.0,101736.0,False,12,14,350
2011-12-16 15:00:00,19.22,4.1,238.0,586.57,78.0,0.0,2.62,260.0,101656.0,False,12,15,350
2011-12-16 16:00:00,18.19,4.4,88.0,464.43,33.0,0.0,2.0,268.0,101606.0,False,12,16,350
2011-12-16 17:00:00,14.1,5.7,0.0,-0.0,0.0,0.0,2.55,274.0,101596.0,False,12,17,350
2011-12-16 18:00:00,13.56,5.9,0.0,-0.0,0.0,0.0,2.69,289.0,101616.0,False,12,18,350
2011-12-16 19:00:00,13.27,6.05,0.0,-0.0,0.0,0.0,2.48,296.0,101676.0,False,12,19,350
2011-12-16 20:00:00,12.43,6.4,0.0,-0.0,0.0,0.0,2.55,289.0,101726.0,False,12,20,350
2011-12-16 21:00:00,11.09,7.0,0.0,-0.0,0.0,0.0,2.83,283.0,101766.0,False,12,21,350
2011-12-16 22:00:00,11.56,6.75,0.0,-0.0,0.0,0.0,3.03,280.0,101756.0,False,12,22,350
2011-12-16 23:00:00,11.12,6.95,0.0,-0.0,0.0,0.0,3.03,269.0,101756.0,False,12,23,350
2011-12-17 00:00:00,11.16,6.95,0.0,-0.0,0.0,0.0,2.76,263.0,101746.0,False,12,0,351
2011-12-17 01:00:00,11.49,6.8,0.0,-0.0,0.0,285.8,2.34,261.0,101726.0,False,12,1,351
2011-12-17 02:00:00,11.49,6.8,0.0,-0.0,0.0,0.0,2.21,260.0,101676.0,False,12,2,351
2011-12-17 03:00:00,11.27,6.9,0.0,-0.0,0.0,0.0,2.0,260.0,101666.0,False,12,3,351
2011-12-17 04:00:00,11.25,6.9,0.0,-0.0,0.0,0.0,2.07,263.0,101616.0,False,12,4,351
2011-12-17 05:00:00,11.19,6.95,0.0,-0.0,0.0,0.0,1.93,275.0,101576.0,False,12,5,351
2011-12-17 06:00:00,11.25,6.9,0.0,-0.0,0.0,0.0,1.86,298.0,101586.0,False,12,6,351
2011-12-17 07:00:00,10.91,7.05,0.0,-0.0,0.0,0.0,1.93,326.0,101616.0,False,12,7,351
2011-12-17 08:00:00,10.89,7.1,75.0,121.34,58.0,0.0,1.86,335.0,101656.0,False,12,8,351
2011-12-17 09:00:00,11.95,6.6,151.0,68.89,131.0,0.0,1.93,338.0,101736.0,False,12,9,351
2011-12-17 10:00:00,14.44,5.6,348.0,484.44,152.0,0.0,1.38,323.0,101776.0,False,12,10,351
2011-12-17 11:00:00,15.41,5.25,434.0,570.44,163.0,0.0,0.97,311.0,101736.0,False,12,11,351
2011-12-17 12:00:00,16.23,4.95,390.0,323.95,229.0,0.0,0.62,247.0,101656.0,False,12,12,351
2011-12-17 13:00:00,16.37,4.95,463.0,755.07,109.0,0.0,0.83,199.0,101646.0,False,12,13,351
2011-12-17 14:00:00,15.79,5.1,377.0,723.51,93.0,0.0,0.76,167.0,101596.0,False,12,14,351
2011-12-17 15:00:00,15.14,5.35,202.0,322.01,114.0,0.0,0.97,126.0,101616.0,False,12,15,351
2011-12-17 16:00:00,14.12,5.7,74.0,251.65,44.0,0.0,1.03,120.0,101686.0,False,12,16,351
2011-12-17 17:00:00,12.07,6.55,0.0,-0.0,0.0,0.0,0.41,80.0,101726.0,False,12,17,351
2011-12-17 18:00:00,11.9,6.6,0.0,-0.0,0.0,0.0,0.69,72.0,101816.0,False,12,18,351
2011-12-17 19:00:00,11.6,6.75,0.0,-0.0,0.0,0.0,0.34,24.0,101836.0,False,12,19,351
2011-12-17 20:00:00,10.95,7.05,0.0,-0.0,0.0,0.0,0.76,350.0,101855.0,False,12,20,351
2011-12-17 21:00:00,9.52,7.75,0.0,-0.0,0.0,0.0,1.03,334.0,101875.0,False,12,21,351
2011-12-17 22:00:00,7.51,8.9,0.0,-0.0,0.0,0.0,0.9,295.0,101905.0,False,12,22,351
2011-12-17 23:00:00,7.34,9.0,0.0,-0.0,0.0,0.0,1.17,315.0,101945.0,False,12,23,351
2011-12-18 00:00:00,6.99,9.25,0.0,-0.0,0.0,0.0,0.97,314.0,101895.0,False,12,0,352
2011-12-18 01:00:00,5.86,10.0,0.0,-0.0,0.0,285.8,0.83,319.0,101915.0,False,12,1,352
2011-12-18 02:00:00,6.03,9.9,0.0,-0.0,0.0,0.0,1.24,328.0,101855.0,False,12,2,352
2011-12-18 03:00:00,5.95,9.95,0.0,-0.0,0.0,0.0,1.31,331.0,101845.0,False,12,3,352
2011-12-18 04:00:00,5.55,10.2,0.0,-0.0,0.0,0.0,1.45,327.0,101786.0,False,12,4,352
2011-12-18 05:00:00,4.96,10.65,0.0,-0.0,0.0,0.0,1.66,323.0,101756.0,False,12,5,352
2011-12-18 06:00:00,4.45,11.05,0.0,-0.0,0.0,0.0,1.59,318.0,101756.0,False,12,6,352
2011-12-18 07:00:00,4.64,10.9,0.0,-0.0,0.0,0.0,1.52,318.0,101776.0,False,12,7,352
2011-12-18 08:00:00,5.83,10.0,70.0,93.92,57.0,0.0,1.45,318.0,101786.0,False,12,8,352
2011-12-18 09:00:00,7.23,9.1,189.0,193.87,133.0,0.0,1.17,320.0,101836.0,False,12,9,352
2011-12-18 10:00:00,9.79,7.65,395.0,761.07,88.0,0.0,1.03,323.0,101885.0,False,12,10,352
2011-12-18 11:00:00,10.3,7.35,475.0,788.68,101.0,0.0,0.21,294.0,101865.0,False,12,11,352
2011-12-18 12:00:00,11.11,7.0,418.0,418.93,210.0,0.0,0.48,185.0,101816.0,False,12,12,352
2011-12-18 13:00:00,11.45,6.8,476.0,832.02,86.0,0.0,0.69,192.0,101786.0,False,12,13,352
2011-12-18 14:00:00,12.02,6.55,369.0,672.08,105.0,0.0,1.03,175.0,101716.0,False,12,14,352
2011-12-18 15:00:00,12.11,6.55,249.0,668.13,66.0,0.0,1.24,172.0,101726.0,False,12,15,352
2011-12-18 16:00:00,11.59,6.75,92.0,507.89,31.0,0.0,1.1,176.0,101736.0,False,12,16,352
2011-12-18 17:00:00,9.57,7.75,0.0,-0.0,0.0,0.0,0.55,167.0,101826.0,False,12,17,352
2011-12-18 18:00:00,9.02,8.05,0.0,-0.0,0.0,0.0,0.41,136.0,101925.0,False,12,18,352
2011-12-18 19:00:00,9.13,8.0,0.0,-0.0,0.0,0.0,0.34,72.0,101975.0,False,12,19,352
2011-12-18 20:00:00,7.89,8.7,0.0,-0.0,0.0,0.0,0.62,356.0,102055.0,False,12,20,352
2011-12-18 21:00:00,6.22,9.75,0.0,-0.0,0.0,0.0,0.76,351.0,102085.0,False,12,21,352
2011-12-18 22:00:00,5.02,10.6,0.0,-0.0,0.0,0.0,0.9,359.0,102105.0,False,12,22,352
2011-12-18 23:00:00,4.31,11.15,0.0,-0.0,0.0,0.0,1.24,356.0,102125.0,False,12,23,352
2011-12-19 00:00:00,4.07,11.35,0.0,-0.0,0.0,0.0,1.31,348.0,102125.0,False,12,0,353
2011-12-19 01:00:00,3.97,11.4,0.0,-0.0,0.0,285.8,1.45,349.0,102155.0,False,12,1,353
2011-12-19 02:00:00,3.56,11.75,0.0,-0.0,0.0,0.0,1.45,346.0,102135.0,False,12,2,353
2011-12-19 03:00:00,3.68,11.65,0.0,-0.0,0.0,0.0,1.45,342.0,102174.0,False,12,3,353
2011-12-19 04:00:00,3.11,12.15,0.0,-0.0,0.0,0.0,1.45,336.0,102164.0,False,12,4,353
2011-12-19 05:00:00,2.89,12.35,0.0,-0.0,0.0,0.0,1.45,333.0,102174.0,False,12,5,353
2011-12-19 06:00:00,2.42,12.75,0.0,-0.0,0.0,0.0,1.1,332.0,102174.0,False,12,6,353
2011-12-19 07:00:00,2.51,12.65,0.0,-0.0,0.0,0.0,1.17,331.0,102244.0,False,12,7,353
2011-12-19 08:00:00,4.57,10.95,108.0,518.98,37.0,0.0,1.03,332.0,102294.0,False,12,8,353
2011-12-19 09:00:00,6.29,9.7,268.0,713.15,63.0,0.0,1.17,344.0,102374.0,False,12,9,353
2011-12-19 10:00:00,10.13,7.45,400.0,805.4,76.0,0.0,1.24,355.0,102434.0,False,12,10,353
2011-12-19 11:00:00,10.49,7.3,482.0,834.29,87.0,0.0,0.83,8.0,102454.0,False,12,11,353
2011-12-19 12:00:00,11.52,6.8,498.0,784.06,109.0,0.0,0.07,38.0,102394.0,False,12,12,353
2011-12-19 13:00:00,11.77,6.65,424.0,556.79,163.0,0.0,0.34,170.0,102354.0,False,12,13,353
2011-12-19 14:00:00,12.94,6.2,334.0,467.94,150.0,0.0,0.9,163.0,102274.0,False,12,14,353
2011-12-19 15:00:00,12.63,6.3,155.0,109.24,125.0,0.0,1.24,165.0,102284.0,False,12,15,353
2011-12-19 16:00:00,12.23,6.45,75.0,239.48,46.0,0.0,1.38,172.0,102284.0,False,12,16,353
2011-12-19 17:00:00,9.69,7.7,0.0,-0.0,0.0,0.0,0.76,180.0,102324.0,False,12,17,353
2011-12-19 18:00:00,8.51,8.3,0.0,-0.0,0.0,0.0,0.9,203.0,102384.0,False,12,18,353
2011-12-19 19:00:00,8.23,8.5,0.0,-0.0,0.0,0.0,0.97,245.0,102424.0,False,12,19,353
2011-12-19 20:00:00,6.3,9.7,0.0,-0.0,0.0,0.0,1.31,292.0,102474.0,False,12,20,353
2011-12-19 21:00:00,4.3,11.15,0.0,-0.0,0.0,0.0,1.59,301.0,102493.0,False,12,21,353
2011-12-19 22:00:00,3.03,12.2,0.0,-0.0,0.0,0.0,1.86,316.0,102513.0,False,12,22,353
2011-12-19 23:00:00,3.06,12.2,0.0,-0.0,0.0,0.0,1.86,318.0,102543.0,False,12,23,353
2011-12-20 00:00:00,2.85,12.35,0.0,-0.0,0.0,0.0,2.0,310.0,102474.0,False,12,0,354
2011-12-20 01:00:00,2.42,12.75,0.0,-0.0,0.0,285.8,2.0,312.0,102484.0,False,12,1,354
2011-12-20 02:00:00,2.03,13.1,0.0,-0.0,0.0,0.0,1.86,316.0,102424.0,False,12,2,354
2011-12-20 03:00:00,2.29,12.85,0.0,-0.0,0.0,0.0,1.79,319.0,102474.0,False,12,3,354
2011-12-20 04:00:00,2.38,12.8,0.0,-0.0,0.0,0.0,1.72,314.0,102454.0,False,12,4,354
2011-12-20 05:00:00,2.53,12.65,0.0,-0.0,0.0,0.0,1.59,312.0,102424.0,False,12,5,354
2011-12-20 06:00:00,3.12,12.1,0.0,-0.0,0.0,0.0,1.52,310.0,102444.0,False,12,6,354
2011-12-20 07:00:00,2.86,12.35,0.0,-0.0,0.0,0.0,1.79,311.0,102523.0,False,12,7,354
2011-12-20 08:00:00,5.34,10.35,106.0,517.38,36.0,0.0,1.52,311.0,102543.0,False,12,8,354
2011-12-20 09:00:00,6.3,9.7,267.0,709.37,64.0,0.0,1.72,296.0,102583.0,False,12,9,354
2011-12-20 10:00:00,10.84,7.1,380.0,677.81,108.0,0.0,1.38,276.0,102653.0,False,12,10,354
2011-12-20 11:00:00,11.72,6.7,423.0,532.97,171.0,0.0,1.79,245.0,102593.0,False,12,11,354
2011-12-20 12:00:00,12.89,6.2,417.0,419.46,209.0,0.0,2.14,235.0,102523.0,False,12,12,354
2011-12-20 13:00:00,13.82,5.8,481.0,863.72,76.0,0.0,2.28,233.0,102434.0,False,12,13,354
2011-12-20 14:00:00,15.52,5.2,387.0,782.28,79.0,0.0,2.41,234.0,102364.0,False,12,14,354
2011-12-20 15:00:00,15.85,5.1,255.0,711.54,59.0,0.0,2.14,235.0,102354.0,False,12,15,354
2011-12-20 16:00:00,15.52,5.2,93.0,491.07,33.0,0.0,1.86,230.0,102344.0,False,12,16,354
2011-12-20 17:00:00,11.53,6.8,0.0,-0.0,0.0,0.0,1.59,255.0,102354.0,False,12,17,354
2011-12-20 18:00:00,9.56,7.75,0.0,-0.0,0.0,0.0,2.21,280.0,102384.0,False,12,18,354
2011-12-20 19:00:00,9.28,7.9,0.0,-0.0,0.0,0.0,2.55,298.0,102384.0,False,12,19,354
2011-12-20 20:00:00,9.09,8.0,0.0,-0.0,0.0,0.0,2.62,306.0,102404.0,False,12,20,354
2011-12-20 21:00:00,7.49,8.95,0.0,-0.0,0.0,0.0,2.34,310.0,102394.0,False,12,21,354
2011-12-20 22:00:00,6.23,9.75,0.0,-0.0,0.0,0.0,2.62,313.0,102374.0,False,12,22,354
2011-12-20 23:00:00,5.52,10.25,0.0,-0.0,0.0,0.0,2.34,317.0,102434.0,False,12,23,354
2011-12-21 00:00:00,5.17,10.5,0.0,-0.0,0.0,0.0,2.28,317.0,102384.0,False,12,0,355
2011-12-21 01:00:00,4.71,10.85,0.0,-0.0,0.0,285.8,2.21,316.0,102344.0,False,12,1,355
2011-12-21 02:00:00,5.15,10.5,0.0,-0.0,0.0,0.0,2.21,320.0,102284.0,False,12,2,355
2011-12-21 03:00:00,5.83,10.0,0.0,-0.0,0.0,0.0,2.14,322.0,102274.0,False,12,3,355
2011-12-21 04:00:00,5.86,10.0,0.0,-0.0,0.0,0.0,2.14,321.0,102214.0,False,12,4,355
2011-12-21 05:00:00,5.71,10.1,0.0,-0.0,0.0,0.0,2.14,321.0,102194.0,False,12,5,355
2011-12-21 06:00:00,5.43,10.3,0.0,-0.0,0.0,0.0,2.21,322.0,102224.0,False,12,6,355
2011-12-21 07:00:00,5.48,10.25,0.0,-0.0,0.0,0.0,2.21,323.0,102254.0,False,12,7,355
2011-12-21 08:00:00,8.19,8.5,104.0,507.92,36.0,0.0,1.93,326.0,102304.0,False,12,8,355
2011-12-21 09:00:00,10.0,7.5,267.0,722.85,61.0,0.0,2.69,327.0,102354.0,False,12,9,355
2011-12-21 10:00:00,15.59,5.2,400.0,819.16,72.0,0.0,2.07,321.0,102384.0,False,12,10,355
2011-12-21 11:00:00,17.02,4.7,489.0,882.92,72.0,0.0,1.79,302.0,102354.0,False,12,11,355
2011-12-21 12:00:00,17.96,4.45,517.0,895.62,73.0,0.0,1.38,284.0,102244.0,False,12,12,355
2011-12-21 13:00:00,18.42,4.3,482.0,863.25,77.0,0.0,0.97,263.0,102174.0,False,12,13,355
2011-12-21 14:00:00,20.0,3.9,392.0,814.02,71.0,0.0,0.97,236.0,102105.0,False,12,14,355
2011-12-21 15:00:00,19.38,4.05,253.0,683.79,64.0,0.0,0.83,233.0,102125.0,False,12,15,355
2011-12-21 16:00:00,19.3,4.1,91.0,453.93,35.0,0.0,0.55,246.0,102115.0,False,12,16,355
2011-12-21 17:00:00,14.54,5.55,0.0,-0.0,0.0,0.0,0.97,306.0,102164.0,False,12,17,355
2011-12-21 18:00:00,13.96,5.75,0.0,-0.0,0.0,0.0,1.93,328.0,102194.0,False,12,18,355
2011-12-21 19:00:00,14.09,5.7,0.0,-0.0,0.0,0.0,2.21,330.0,102224.0,False,12,19,355
2011-12-21 20:00:00,12.36,6.4,0.0,-0.0,0.0,0.0,2.14,327.0,102284.0,False,12,20,355
2011-12-21 21:00:00,10.68,7.2,0.0,-0.0,0.0,0.0,1.93,323.0,102304.0,False,12,21,355
2011-12-21 22:00:00,8.46,8.35,0.0,-0.0,0.0,0.0,1.93,322.0,102304.0,False,12,22,355
2011-12-21 23:00:00,8.2,8.5,0.0,-0.0,0.0,0.0,1.86,323.0,102324.0,False,12,23,355
2011-12-22 00:00:00,7.8,8.75,0.0,-0.0,0.0,0.0,1.72,319.0,102314.0,False,12,0,356
2011-12-22 01:00:00,7.32,9.05,0.0,-0.0,0.0,285.8,1.66,320.0,102344.0,False,12,1,356
2011-12-22 02:00:00,6.24,9.75,0.0,-0.0,0.0,0.0,1.72,320.0,102264.0,False,12,2,356
2011-12-22 03:00:00,6.06,9.85,0.0,-0.0,0.0,0.0,1.79,320.0,102274.0,False,12,3,356
2011-12-22 04:00:00,6.02,9.9,0.0,-0.0,0.0,0.0,1.86,320.0,102214.0,False,12,4,356
2011-12-22 05:00:00,6.22,9.75,0.0,-0.0,0.0,0.0,1.79,323.0,102204.0,False,12,5,356
2011-12-22 06:00:00,6.11,9.8,0.0,-0.0,0.0,0.0,1.79,323.0,102254.0,False,12,6,356
2011-12-22 07:00:00,6.09,9.85,0.0,-0.0,0.0,0.0,1.72,326.0,102274.0,False,12,7,356
2011-12-22 08:00:00,8.36,8.4,102.0,482.81,38.0,0.0,1.72,327.0,102374.0,False,12,8,356
2011-12-22 09:00:00,10.2,7.4,263.0,693.91,66.0,0.0,1.93,330.0,102404.0,False,12,9,356
2011-12-22 10:00:00,16.47,4.9,399.0,818.24,72.0,0.0,1.24,318.0,102464.0,False,12,10,356
2011-12-22 11:00:00,17.86,4.5,483.0,849.78,82.0,0.0,0.48,211.0,102424.0,False,12,11,356
2011-12-22 12:00:00,18.63,4.25,520.0,911.8,68.0,0.0,1.1,176.0,102394.0,False,12,12,356
2011-12-22 13:00:00,18.99,4.15,480.0,847.66,82.0,0.0,1.24,178.0,102314.0,False,12,13,356
2011-12-22 14:00:00,19.8,3.95,391.0,799.85,75.0,0.0,1.24,187.0,102244.0,False,12,14,356
2011-12-22 15:00:00,19.58,4.0,256.0,699.24,62.0,0.0,1.31,197.0,102244.0,False,12,15,356
2011-12-22 16:00:00,19.18,4.1,93.0,465.3,35.0,0.0,1.24,207.0,102194.0,False,12,16,356
2011-12-22 17:00:00,13.87,5.8,0.0,-0.0,0.0,0.0,1.17,232.0,102204.0,False,12,17,356
2011-12-22 18:00:00,12.4,6.4,0.0,-0.0,0.0,0.0,1.31,298.0,102214.0,False,12,18,356
2011-12-22 19:00:00,11.62,6.75,0.0,-0.0,0.0,0.0,1.45,318.0,102234.0,False,12,19,356
2011-12-22 20:00:00,10.65,7.2,0.0,-0.0,0.0,0.0,1.52,321.0,102254.0,False,12,20,356
2011-12-22 21:00:00,9.5,7.8,0.0,-0.0,0.0,0.0,1.52,323.0,102284.0,False,12,21,356
2011-12-22 22:00:00,8.36,8.4,0.0,-0.0,0.0,0.0,1.45,324.0,102314.0,False,12,22,356
2011-12-22 23:00:00,8.47,8.35,0.0,-0.0,0.0,0.0,1.31,322.0,102324.0,False,12,23,356
2011-12-23 00:00:00,7.66,8.8,0.0,-0.0,0.0,0.0,1.17,319.0,102294.0,False,12,0,357
2011-12-23 01:00:00,7.17,9.15,0.0,-0.0,0.0,285.8,1.1,319.0,102294.0,False,12,1,357
2011-12-23 02:00:00,6.35,9.65,0.0,-0.0,0.0,0.0,0.97,319.0,102244.0,False,12,2,357
2011-12-23 03:00:00,6.35,9.65,0.0,-0.0,0.0,0.0,0.76,319.0,102264.0,False,12,3,357
2011-12-23 04:00:00,6.03,9.9,0.0,-0.0,0.0,0.0,0.55,318.0,102244.0,False,12,4,357
2011-12-23 05:00:00,5.99,9.9,0.0,-0.0,0.0,0.0,0.48,318.0,102244.0,False,12,5,357
2011-12-23 06:00:00,6.23,9.75,0.0,-0.0,0.0,0.0,0.48,316.0,102294.0,False,12,6,357
2011-12-23 07:00:00,6.09,9.85,0.0,-0.0,0.0,0.0,0.62,316.0,102324.0,False,12,7,357
2011-12-23 08:00:00,7.53,8.9,100.0,472.09,38.0,0.0,0.41,306.0,102384.0,False,12,8,357
2011-12-23 09:00:00,8.92,8.1,259.0,668.04,70.0,0.0,0.48,307.0,102424.0,False,12,9,357
2011-12-23 10:00:00,15.8,5.1,394.0,789.52,79.0,0.0,0.48,283.0,102484.0,False,12,10,357
2011-12-23 11:00:00,15.9,5.1,475.0,801.54,97.0,0.0,1.1,197.0,102454.0,False,12,11,357
2011-12-23 12:00:00,16.22,5.0,511.0,863.21,83.0,0.0,1.38,196.0,102374.0,False,12,12,357
2011-12-23 13:00:00,16.25,4.95,480.0,846.79,82.0,0.0,1.45,199.0,102304.0,False,12,13,357
2011-12-23 14:00:00,18.04,4.4,390.0,785.52,79.0,0.0,1.31,196.0,102254.0,False,12,14,357
2011-12-23 15:00:00,18.21,4.4,254.0,674.82,66.0,0.0,1.31,192.0,102214.0,False,12,15,357
2011-12-23 16:00:00,17.64,4.55,93.0,436.4,38.0,0.0,1.03,189.0,102194.0,False,12,16,357
2011-12-23 17:00:00,14.41,5.6,0.0,-0.0,0.0,0.0,0.62,203.0,102234.0,False,12,17,357
2011-12-23 18:00:00,12.51,6.35,0.0,-0.0,0.0,0.0,0.69,260.0,102224.0,False,12,18,357
2011-12-23 19:00:00,11.78,6.65,0.0,-0.0,0.0,0.0,1.1,289.0,102284.0,False,12,19,357
2011-12-23 20:00:00,10.63,7.2,0.0,-0.0,0.0,0.0,1.45,301.0,102294.0,False,12,20,357
2011-12-23 21:00:00,8.29,8.45,0.0,-0.0,0.0,0.0,1.59,309.0,102304.0,False,12,21,357
2011-12-23 22:00:00,7.95,8.65,0.0,-0.0,0.0,0.0,1.86,317.0,102304.0,False,12,22,357
2011-12-23 23:00:00,7.13,9.15,0.0,-0.0,0.0,0.0,1.93,318.0,102284.0,False,12,23,357
2011-12-24 00:00:00,7.57,8.9,0.0,-0.0,0.0,0.0,1.59,318.0,102254.0,False,12,0,358
2011-12-24 01:00:00,6.66,9.45,0.0,-0.0,0.0,285.8,1.38,319.0,102244.0,False,12,1,358
2011-12-24 02:00:00,6.77,9.4,0.0,-0.0,0.0,0.0,1.24,325.0,102224.0,False,12,2,358
2011-12-24 03:00:00,6.86,9.3,0.0,-0.0,0.0,0.0,1.24,329.0,102214.0,False,12,3,358
2011-12-24 04:00:00,6.71,9.4,0.0,-0.0,0.0,0.0,0.97,327.0,102244.0,False,12,4,358
2011-12-24 05:00:00,6.09,9.85,0.0,-0.0,0.0,0.0,0.69,329.0,102254.0,False,12,5,358
2011-12-24 06:00:00,6.57,9.5,0.0,-0.0,0.0,0.0,0.55,336.0,102314.0,False,12,6,358
2011-12-24 07:00:00,6.15,9.8,0.0,-0.0,0.0,0.0,0.83,346.0,102374.0,False,12,7,358
2011-12-24 08:00:00,7.83,8.7,99.0,468.51,38.0,0.0,1.17,354.0,102434.0,False,12,8,358
2011-12-24 09:00:00,9.38,7.85,258.0,666.56,70.0,0.0,1.17,7.0,102513.0,False,12,9,358
2011-12-24 10:00:00,13.87,5.8,383.0,715.31,98.0,0.0,1.31,59.0,102583.0,False,12,10,358
2011-12-24 11:00:00,14.29,5.65,464.0,742.45,114.0,0.0,2.0,80.0,102573.0,False,12,11,358
2011-12-24 12:00:00,14.84,5.45,495.0,768.09,114.0,0.0,2.41,85.0,102503.0,False,12,12,358
2011-12-24 13:00:00,15.07,5.35,473.0,801.09,96.0,0.0,2.97,85.0,102464.0,False,12,13,358
2011-12-24 14:00:00,15.55,5.2,382.0,728.2,93.0,0.0,3.45,84.0,102454.0,False,12,14,358
2011-12-24 15:00:00,15.13,5.35,248.0,611.05,77.0,0.0,3.52,82.0,102454.0,False,12,15,358
2011-12-24 16:00:00,14.47,5.6,93.0,423.51,39.0,0.0,3.31,80.0,102484.0,False,12,16,358
2011-12-24 17:00:00,12.12,6.5,0.0,-0.0,0.0,0.0,2.21,75.0,102543.0,False,12,17,358
2011-12-24 18:00:00,10.98,7.05,0.0,-0.0,0.0,0.0,1.93,72.0,102603.0,False,12,18,358
2011-12-24 19:00:00,10.03,7.5,0.0,-0.0,0.0,0.0,1.66,66.0,102663.0,False,12,19,358
2011-12-24 20:00:00,8.81,8.15,0.0,-0.0,0.0,0.0,1.38,55.0,102693.0,False,12,20,358
2011-12-24 21:00:00,7.23,9.1,0.0,-0.0,0.0,0.0,1.24,47.0,102713.0,False,12,21,358
2011-12-24 22:00:00,6.53,9.55,0.0,-0.0,0.0,0.0,1.24,38.0,102713.0,False,12,22,358
2011-12-24 23:00:00,6.87,9.3,0.0,-0.0,0.0,0.0,1.03,35.0,102723.0,False,12,23,358
2011-12-25 00:00:00,7.14,9.15,0.0,-0.0,0.0,0.0,0.97,30.0,102693.0,False,12,0,359
2011-12-25 01:00:00,6.38,9.65,0.0,-0.0,0.0,285.8,1.17,31.0,102713.0,False,12,1,359
2011-12-25 02:00:00,6.2,9.75,0.0,-0.0,0.0,0.0,1.1,36.0,102693.0,False,12,2,359
2011-12-25 03:00:00,6.21,9.75,0.0,-0.0,0.0,0.0,1.24,40.0,102703.0,False,12,3,359
2011-12-25 04:00:00,5.61,10.15,0.0,-0.0,0.0,0.0,1.31,39.0,102683.0,False,12,4,359
2011-12-25 05:00:00,5.44,10.3,0.0,-0.0,0.0,0.0,1.24,38.0,102683.0,False,12,5,359
2011-12-25 06:00:00,5.56,10.2,0.0,-0.0,0.0,0.0,1.31,39.0,102693.0,False,12,6,359
2011-12-25 07:00:00,5.19,10.5,0.0,-0.0,0.0,0.0,1.66,35.0,102723.0,False,12,7,359
2011-12-25 08:00:00,6.21,9.75,98.0,472.26,37.0,0.0,1.93,29.0,102783.0,False,12,8,359
2011-12-25 09:00:00,7.58,8.85,257.0,668.38,69.0,0.0,2.21,30.0,102832.0,False,12,9,359
2011-12-25 10:00:00,11.66,6.7,382.0,716.1,97.0,0.0,2.34,34.0,102882.0,False,12,10,359
2011-12-25 11:00:00,12.74,6.25,477.0,816.8,92.0,0.0,2.62,53.0,102862.0,False,12,11,359
2011-12-25 12:00:00,13.24,6.05,470.0,642.67,151.0,0.0,3.31,68.0,102803.0,False,12,12,359
2011-12-25 13:00:00,13.4,6.0,479.0,831.7,87.0,0.0,3.59,75.0,102753.0,False,12,13,359
2011-12-25 14:00:00,14.33,5.65,392.0,786.56,79.0,0.0,3.66,77.0,102713.0,False,12,14,359
2011-12-25 15:00:00,14.05,5.75,258.0,689.9,64.0,0.0,3.52,76.0,102703.0,False,12,15,359
2011-12-25 16:00:00,13.52,5.95,99.0,495.84,35.0,0.0,3.31,72.0,102713.0,False,12,16,359
2011-12-25 17:00:00,12.27,6.45,0.0,-0.0,0.0,0.0,2.34,66.0,102733.0,False,12,17,359
2011-12-25 18:00:00,11.27,6.9,0.0,-0.0,0.0,0.0,2.14,56.0,102783.0,False,12,18,359
2011-12-25 19:00:00,10.65,7.2,0.0,-0.0,0.0,0.0,1.86,48.0,102832.0,False,12,19,359
2011-12-25 20:00:00,10.03,7.5,0.0,-0.0,0.0,0.0,1.79,42.0,102872.0,False,12,20,359
2011-12-25 21:00:00,8.3,8.45,0.0,-0.0,0.0,0.0,1.66,40.0,102912.0,False,12,21,359
2011-12-25 22:00:00,6.96,9.25,0.0,-0.0,0.0,0.0,1.59,42.0,102952.0,False,12,22,359
2011-12-25 23:00:00,6.98,9.25,0.0,-0.0,0.0,0.0,1.45,37.0,102982.0,False,12,23,359
2011-12-26 00:00:00,7.48,8.95,0.0,-0.0,0.0,0.0,1.66,40.0,102972.0,False,12,0,360
2011-12-26 01:00:00,7.84,8.7,0.0,-0.0,0.0,285.8,1.66,44.0,102942.0,False,12,1,360
2011-12-26 02:00:00,7.8,8.75,0.0,-0.0,0.0,0.0,1.59,51.0,102932.0,False,12,2,360
2011-12-26 03:00:00,7.61,8.85,0.0,-0.0,0.0,0.0,1.52,57.0,102902.0,False,12,3,360
2011-12-26 04:00:00,7.76,8.75,0.0,-0.0,0.0,0.0,1.93,65.0,102922.0,False,12,4,360
2011-12-26 05:00:00,7.86,8.7,0.0,-0.0,0.0,0.0,2.21,68.0,102932.0,False,12,5,360
2011-12-26 06:00:00,8.21,8.5,0.0,-0.0,0.0,0.0,2.07,65.0,102962.0,False,12,6,360
2011-12-26 07:00:00,7.99,8.65,0.0,-0.0,0.0,0.0,1.86,60.0,102972.0,False,12,7,360
2011-12-26 08:00:00,8.98,8.05,96.0,460.1,37.0,0.0,2.28,60.0,103012.0,False,12,8,360
2011-12-26 09:00:00,8.76,8.2,236.0,502.47,95.0,0.0,3.17,68.0,103062.0,False,12,9,360
2011-12-26 10:00:00,10.68,7.2,356.0,560.78,133.0,0.0,3.72,71.0,103102.0,False,12,10,360
2011-12-26 11:00:00,10.9,7.05,89.0,0.0,89.0,0.0,3.79,77.0,103082.0,False,12,11,360
2011-12-26 12:00:00,10.94,7.05,176.0,2.01,175.0,0.0,3.79,78.0,103062.0,False,12,12,360
2011-12-26 13:00:00,10.77,7.15,147.0,0.0,147.0,0.0,3.59,77.0,102972.0,False,12,13,360
2011-12-26 14:00:00,11.57,6.75,112.0,0.0,112.0,0.0,3.52,72.0,102932.0,False,12,14,360
2011-12-26 15:00:00,11.88,6.6,85.0,0.0,85.0,0.0,3.38,68.0,102902.0,False,12,15,360
2011-12-26 16:00:00,11.76,6.7,49.0,30.6,45.0,0.0,3.24,68.0,102892.0,False,12,16,360
2011-12-26 17:00:00,10.19,7.45,0.0,-0.0,0.0,0.0,2.48,67.0,102912.0,False,12,17,360
2011-12-26 18:00:00,9.52,7.75,0.0,-0.0,0.0,0.0,2.07,61.0,102942.0,False,12,18,360
2011-12-26 19:00:00,8.62,8.25,0.0,-0.0,0.0,0.0,2.0,51.0,102992.0,False,12,19,360
2011-12-26 20:00:00,7.34,9.0,0.0,-0.0,0.0,0.0,1.72,48.0,103012.0,False,12,20,360
2011-12-26 21:00:00,6.06,9.85,0.0,-0.0,0.0,0.0,1.66,43.0,103052.0,False,12,21,360
2011-12-26 22:00:00,4.47,11.0,0.0,-0.0,0.0,0.0,1.59,38.0,103052.0,False,12,22,360
2011-12-26 23:00:00,4.82,10.75,0.0,-0.0,0.0,0.0,1.52,30.0,103042.0,False,12,23,360
2011-12-27 00:00:00,4.67,10.85,0.0,-0.0,0.0,0.0,1.45,23.0,103022.0,False,12,0,361
2011-12-27 01:00:00,4.64,10.9,0.0,-0.0,0.0,285.8,1.45,18.0,103012.0,False,12,1,361
2011-12-27 02:00:00,4.15,11.25,0.0,-0.0,0.0,0.0,1.38,10.0,102992.0,False,12,2,361
2011-12-27 03:00:00,4.15,11.25,0.0,-0.0,0.0,0.0,1.24,5.0,102982.0,False,12,3,361
2011-12-27 04:00:00,3.77,11.6,0.0,-0.0,0.0,0.0,1.1,350.0,102922.0,False,12,4,361
2011-12-27 05:00:00,3.06,12.2,0.0,-0.0,0.0,0.0,1.03,346.0,102912.0,False,12,5,361
2011-12-27 06:00:00,2.88,12.35,0.0,-0.0,0.0,0.0,1.03,345.0,102912.0,False,12,6,361
2011-12-27 07:00:00,3.05,12.2,0.0,-0.0,0.0,0.0,1.24,344.0,102922.0,False,12,7,361
2011-12-27 08:00:00,3.75,11.6,95.0,455.27,37.0,0.0,1.79,344.0,102922.0,False,12,8,361
2011-12-27 09:00:00,4.97,10.65,254.0,653.44,71.0,0.0,1.72,349.0,102962.0,False,12,9,361
2011-12-27 10:00:00,9.93,7.55,392.0,787.53,79.0,0.0,1.31,5.0,102952.0,False,12,10,361
2011-12-27 11:00:00,10.86,7.1,482.0,848.23,82.0,0.0,1.31,39.0,102912.0,False,12,11,361
2011-12-27 12:00:00,11.64,6.75,521.0,912.8,67.0,0.0,1.31,69.0,102812.0,False,12,12,361
2011-12-27 13:00:00,12.28,6.45,484.0,849.73,82.0,0.0,1.38,85.0,102743.0,False,12,13,361
2011-12-27 14:00:00,13.38,6.0,395.0,786.74,80.0,0.0,1.45,92.0,102663.0,False,12,14,361
2011-12-27 15:00:00,13.86,5.8,260.0,679.06,67.0,0.0,1.45,98.0,102633.0,False,12,15,361
2011-12-27 16:00:00,13.72,5.85,61.0,67.93,52.0,0.0,1.38,112.0,102613.0,False,12,16,361
2011-12-27 17:00:00,10.94,7.05,0.0,-0.0,0.0,0.0,0.76,132.0,102653.0,False,12,17,361
2011-12-27 18:00:00,10.26,7.4,0.0,-0.0,0.0,0.0,0.69,138.0,102693.0,False,12,18,361
2011-12-27 19:00:00,9.78,7.65,0.0,-0.0,0.0,0.0,0.34,75.0,102743.0,False,12,19,361
2011-12-27 20:00:00,8.24,8.5,0.0,-0.0,0.0,0.0,0.76,352.0,102743.0,False,12,20,361
2011-12-27 21:00:00,7.84,8.7,0.0,-0.0,0.0,0.0,1.52,348.0,102743.0,False,12,21,361
2011-12-27 22:00:00,6.38,9.65,0.0,-0.0,0.0,0.0,1.1,341.0,102763.0,False,12,22,361
2011-12-27 23:00:00,5.85,10.0,0.0,-0.0,0.0,0.0,1.59,351.0,102743.0,False,12,23,361
2011-12-28 00:00:00,5.89,9.95,0.0,-0.0,0.0,0.0,2.21,3.0,102743.0,False,12,0,362
2011-12-28 01:00:00,7.31,9.05,0.0,-0.0,0.0,285.8,2.41,8.0,102763.0,False,12,1,362
2011-12-28 02:00:00,6.58,9.5,0.0,-0.0,0.0,0.0,2.28,10.0,102763.0,False,12,2,362
2011-12-28 03:00:00,5.23,10.45,0.0,-0.0,0.0,0.0,2.07,7.0,102773.0,False,12,3,362
2011-12-28 04:00:00,4.9,10.7,0.0,-0.0,0.0,0.0,1.93,4.0,102743.0,False,12,4,362
2011-12-28 05:00:00,4.64,10.9,0.0,-0.0,0.0,0.0,1.66,358.0,102773.0,False,12,5,362
2011-12-28 06:00:00,4.13,11.3,0.0,-0.0,0.0,0.0,1.59,355.0,102803.0,False,12,6,362
2011-12-28 07:00:00,3.91,11.45,0.0,-0.0,0.0,0.0,1.52,349.0,102832.0,False,12,7,362
2011-12-28 08:00:00,5.03,10.6,97.0,497.39,34.0,0.0,1.66,345.0,102862.0,False,12,8,362
2011-12-28 09:00:00,6.88,9.3,258.0,690.25,65.0,0.0,1.79,350.0,102892.0,False,12,9,362
2011-12-28 10:00:00,11.32,6.9,386.0,742.43,91.0,0.0,1.38,3.0,102952.0,False,12,10,362
2011-12-28 11:00:00,12.61,6.3,480.0,832.89,87.0,0.0,1.17,22.0,102912.0,False,12,11,362
2011-12-28 12:00:00,13.03,6.15,494.0,754.95,118.0,0.0,0.62,35.0,102862.0,False,12,12,362
2011-12-28 13:00:00,13.55,5.95,480.0,818.32,92.0,0.0,0.21,92.0,102763.0,False,12,13,362
2011-12-28 14:00:00,14.03,5.75,392.0,759.13,87.0,0.0,0.41,178.0,102723.0,False,12,14,362
2011-12-28 15:00:00,14.47,5.6,262.0,678.62,68.0,0.0,0.83,182.0,102703.0,False,12,15,362
2011-12-28 16:00:00,14.17,5.7,103.0,498.75,36.0,0.0,1.17,190.0,102703.0,False,12,16,362
2011-12-28 17:00:00,11.34,6.85,0.0,-0.0,0.0,0.0,0.62,210.0,102763.0,False,12,17,362
2011-12-28 18:00:00,9.82,7.6,0.0,-0.0,0.0,0.0,1.24,235.0,102753.0,False,12,18,362
2011-12-28 19:00:00,9.04,8.05,0.0,-0.0,0.0,0.0,1.66,269.0,102803.0,False,12,19,362
2011-12-28 20:00:00,7.77,8.75,0.0,-0.0,0.0,0.0,1.86,293.0,102783.0,False,12,20,362
2011-12-28 21:00:00,6.23,9.75,0.0,-0.0,0.0,0.0,1.93,304.0,102793.0,False,12,21,362
2011-12-28 22:00:00,5.39,10.35,0.0,-0.0,0.0,0.0,1.86,316.0,102763.0,False,12,22,362
2011-12-28 23:00:00,5.03,10.6,0.0,-0.0,0.0,0.0,1.59,315.0,102723.0,False,12,23,362
2011-12-29 00:00:00,5.11,10.55,0.0,-0.0,0.0,0.0,1.45,315.0,102693.0,False,12,0,363
2011-12-29 01:00:00,4.27,11.2,0.0,-0.0,0.0,285.8,1.52,319.0,102683.0,False,12,1,363
2011-12-29 02:00:00,3.55,11.75,0.0,-0.0,0.0,0.0,1.52,321.0,102653.0,False,12,2,363
2011-12-29 03:00:00,4.16,11.25,0.0,-0.0,0.0,0.0,1.66,321.0,102633.0,False,12,3,363
2011-12-29 04:00:00,4.03,11.35,0.0,-0.0,0.0,0.0,1.72,321.0,102603.0,False,12,4,363
2011-12-29 05:00:00,3.65,11.7,0.0,-0.0,0.0,0.0,1.66,321.0,102593.0,False,12,5,363
2011-12-29 06:00:00,3.4,11.9,0.0,-0.0,0.0,0.0,1.72,323.0,102603.0,False,12,6,363
2011-12-29 07:00:00,3.83,11.55,0.0,-0.0,0.0,0.0,1.72,324.0,102633.0,False,12,7,363
2011-12-29 08:00:00,5.24,10.45,95.0,468.15,36.0,0.0,1.72,328.0,102683.0,False,12,8,363
2011-12-29 09:00:00,6.66,9.45,250.0,626.64,75.0,0.0,2.0,330.0,102743.0,False,12,9,363
2011-12-29 10:00:00,11.13,6.95,371.0,649.29,113.0,0.0,1.17,330.0,102812.0,False,12,10,363
2011-12-29 11:00:00,12.27,6.45,454.0,686.08,130.0,0.0,0.07,199.0,102753.0,False,12,11,363
2011-12-29 12:00:00,12.76,6.25,406.0,370.86,221.0,0.0,0.83,181.0,102683.0,False,12,12,363
2011-12-29 13:00:00,13.02,6.15,433.0,570.16,162.0,0.0,0.97,190.0,102603.0,False,12,13,363
2011-12-29 14:00:00,14.11,5.7,394.0,758.8,88.0,0.0,1.17,184.0,102553.0,False,12,14,363
2011-12-29 15:00:00,14.3,5.65,263.0,667.52,71.0,0.0,1.59,177.0,102513.0,False,12,15,363
2011-12-29 16:00:00,13.44,5.95,105.0,499.01,37.0,0.0,1.59,181.0,102513.0,False,12,16,363
2011-12-29 17:00:00,10.63,7.2,0.0,-0.0,0.0,0.0,0.69,188.0,102563.0,False,12,17,363
2011-12-29 18:00:00,9.71,7.65,0.0,-0.0,0.0,0.0,0.62,204.0,102613.0,False,12,18,363
2011-12-29 19:00:00,9.69,7.7,0.0,-0.0,0.0,0.0,0.69,5.0,102703.0,False,12,19,363
2011-12-29 20:00:00,8.23,8.5,0.0,-0.0,0.0,0.0,1.45,353.0,102753.0,False,12,20,363
2011-12-29 21:00:00,6.86,9.35,0.0,-0.0,0.0,0.0,0.9,336.0,102763.0,False,12,21,363
2011-12-29 22:00:00,5.36,10.35,0.0,-0.0,0.0,0.0,1.1,334.0,102773.0,False,12,22,363
2011-12-29 23:00:00,5.55,10.2,0.0,-0.0,0.0,0.0,1.24,326.0,102773.0,False,12,23,363
2011-12-30 00:00:00,4.47,11.0,0.0,-0.0,0.0,0.0,1.31,326.0,102773.0,False,12,0,364
2011-12-30 01:00:00,4.18,11.25,0.0,-0.0,0.0,285.8,1.38,327.0,102773.0,False,12,1,364
2011-12-30 02:00:00,3.21,12.05,0.0,-0.0,0.0,0.0,1.52,327.0,102793.0,False,12,2,364
2011-12-30 03:00:00,3.24,12.0,0.0,-0.0,0.0,0.0,1.52,324.0,102812.0,False,12,3,364
2011-12-30 04:00:00,3.79,11.55,0.0,-0.0,0.0,0.0,1.59,319.0,102803.0,False,12,4,364
2011-12-30 05:00:00,2.87,12.35,0.0,-0.0,0.0,0.0,1.66,321.0,102803.0,False,12,5,364
2011-12-30 06:00:00,2.63,12.55,0.0,-0.0,0.0,0.0,1.66,323.0,102852.0,False,12,6,364
2011-12-30 07:00:00,2.47,12.7,0.0,-0.0,0.0,0.0,1.52,316.0,102902.0,False,12,7,364
2011-12-30 08:00:00,4.09,11.3,94.0,454.2,37.0,0.0,1.17,313.0,102932.0,False,12,8,364
2011-12-30 09:00:00,5.83,10.0,254.0,663.0,69.0,0.0,1.59,310.0,102952.0,False,12,9,364
2011-12-30 10:00:00,10.84,7.1,390.0,772.36,83.0,0.0,1.17,259.0,103022.0,False,12,10,364
2011-12-30 11:00:00,12.05,6.55,481.0,833.41,87.0,0.0,1.86,226.0,102962.0,False,12,11,364
2011-12-30 12:00:00,12.91,6.2,519.0,880.46,79.0,0.0,1.86,228.0,102872.0,False,12,12,364
2011-12-30 13:00:00,13.47,5.95,485.0,835.11,87.0,0.0,1.86,228.0,102783.0,False,12,13,364
2011-12-30 14:00:00,14.74,5.5,396.0,760.74,88.0,0.0,1.79,220.0,102723.0,False,12,14,364
2011-12-30 15:00:00,14.69,5.5,266.0,683.98,68.0,0.0,1.86,219.0,102683.0,False,12,15,364
2011-12-30 16:00:00,14.15,5.7,107.0,513.41,36.0,0.0,1.79,219.0,102693.0,False,12,16,364
2011-12-30 17:00:00,11.56,6.75,0.0,-0.0,0.0,0.0,1.1,230.0,102683.0,False,12,17,364
2011-12-30 18:00:00,10.06,7.5,0.0,-0.0,0.0,0.0,1.72,265.0,102743.0,False,12,18,364
2011-12-30 19:00:00,8.69,8.2,0.0,-0.0,0.0,0.0,2.14,295.0,102743.0,False,12,19,364
2011-12-30 20:00:00,8.54,8.3,0.0,-0.0,0.0,0.0,2.48,307.0,102753.0,False,12,20,364
2011-12-30 21:00:00,6.88,9.3,0.0,-0.0,0.0,0.0,2.48,309.0,102763.0,False,12,21,364
2011-12-30 22:00:00,6.3,9.7,0.0,-0.0,0.0,0.0,2.34,309.0,102723.0,False,12,22,364
2011-12-30 23:00:00,6.14,9.8,0.0,-0.0,0.0,0.0,2.41,311.0,102713.0,False,12,23,364
2011-12-31 00:00:00,5.98,9.9,0.0,-0.0,0.0,0.0,2.34,313.0,102683.0,False,12,0,365
2011-12-31 01:00:00,4.88,10.7,0.0,-0.0,0.0,285.8,2.21,318.0,102663.0,False,12,1,365
2011-12-31 02:00:00,4.46,11.05,0.0,-0.0,0.0,0.0,2.07,320.0,102643.0,False,12,2,365
2011-12-31 03:00:00,4.24,11.2,0.0,-0.0,0.0,0.0,1.93,319.0,102613.0,False,12,3,365
2011-12-31 04:00:00,4.1,11.3,0.0,-0.0,0.0,0.0,1.86,319.0,102563.0,False,12,4,365
2011-12-31 05:00:00,3.82,11.55,0.0,-0.0,0.0,0.0,1.86,319.0,102553.0,False,12,5,365
2011-12-31 06:00:00,3.94,11.45,0.0,-0.0,0.0,0.0,1.86,318.0,102593.0,False,12,6,365
2011-12-31 07:00:00,4.12,11.3,0.0,-0.0,0.0,0.0,1.86,318.0,102613.0,False,12,7,365
2011-12-31 08:00:00,5.92,9.95,96.0,495.75,34.0,0.0,2.0,318.0,102663.0,False,12,8,365
2011-12-31 09:00:00,8.43,8.35,258.0,702.73,62.0,0.0,2.28,318.0,102693.0,False,12,9,365
2011-12-31 10:00:00,14.35,5.6,397.0,817.16,72.0,0.0,1.66,312.0,102703.0,False,12,10,365
2011-12-31 11:00:00,16.18,5.0,490.0,883.0,72.0,0.0,1.24,265.0,102683.0,False,12,11,365
2011-12-31 12:00:00,16.89,4.75,514.0,848.71,89.0,0.0,1.45,236.0,102563.0,False,12,12,365
2011-12-31 13:00:00,17.21,4.65,481.0,803.4,97.0,0.0,1.45,225.0,102474.0,False,12,13,365
2011-12-31 14:00:00,18.46,4.3,400.0,774.77,85.0,0.0,1.38,213.0,102424.0,False,12,14,365
2011-12-31 15:00:00,18.53,4.3,272.0,724.01,61.0,0.0,1.38,204.0,102394.0,False,12,15,365
2011-12-31 16:00:00,15.19,0.5,111.0,541.31,35.0,9.63,1.39,203.0,102404.0,False,12,16,365
2011-12-31 17:00:00,14.1,0.5,0.0,-0.0,0.0,10.47,1.34,226.0,102414.0,False,12,17,365
2011-12-31 18:00:00,13.01,5.24,0.0,-0.0,0.0,11.3,1.28,303.0,102424.0,False,12,18,365
2011-12-31 19:00:00,11.92,13.3,0.0,-0.0,0.0,12.14,1.23,318.0,102424.0,False,12,19,365
2011-12-31 20:00:00,10.83,21.35,0.0,-0.0,0.0,12.97,1.18,321.0,102434.0,False,12,20,365
2011-12-31 21:00:00,9.73,29.41,0.0,-0.0,0.0,13.8,1.12,321.0,102434.0,False,12,21,365
2011-12-31 22:00:00,8.64,37.46,0.0,-0.0,0.0,14.64,1.07,322.0,102454.0,False,12,22,365
2011-12-31 23:00:00,7.55,45.51,0.0,-0.0,0.0,15.47,1.02,320.0,102454.0,False,12,23,365
