time_UTC,T2m,RH,GHI,DNI,DHI,IR,WS,WD,SP,in_season,month,hour_of_day,day_of_year
2009-01-01 00:00:00,21.96,19.72,0.0,-0.0,0.0,306.43,2.68,38.0,97646.0,False,1,0,1
2009-01-01 01:00:00,21.41,21.02,0.0,-0.0,0.0,306.46,2.64,38.0,97646.0,False,1,1,1
2009-01-01 02:00:00,20.87,22.32,0.0,-0.0,0.0,306.49,2.6,39.0,97607.0,False,1,2,1
2009-01-01 03:00:00,20.32,23.62,0.0,-0.0,0.0,306.52,2.57,41.0,97588.0,False,1,3,1
2009-01-01 04:00:00,19.77,24.92,0.0,-0.0,0.0,306.56,2.53,44.0,97627.0,False,1,4,1
2009-01-01 05:00:00,19.23,26.22,0.0,-0.0,0.0,306.59,2.49,46.0,97646.0,False,1,5,1
2009-01-01 06:00:00,18.68,27.52,0.0,-0.0,0.0,306.62,2.45,46.0,97636.0,False,1,6,1
2009-01-01 07:00:00,18.14,28.81,101.0,354.26,51.0,306.65,2.41,51.0,97656.0,False,1,7,1
2009-01-01 08:00:00,21.24,25.65,329.0,607.61,111.0,305.8,1.93,54.0,97694.0,False,1,8,1
2009-01-01 09:00:00,25.36,18.65,542.0,710.27,154.0,311.4,2.55,59.0,97762.0,False,1,9,1
2009-01-01 10:00:00,28.42,14.75,713.0,767.2,183.0,319.8,3.31,62.0,97733.0,False,1,10,1
2009-01-01 11:00:00,30.76,12.25,831.0,819.07,190.0,328.0,3.79,66.0,97685.0,False,1,11,1
2009-01-01 12:00:00,32.37,10.5,866.0,815.63,201.0,334.8,4.07,70.0,97578.0,False,1,12,1
2009-01-01 13:00:00,33.3,9.45,840.0,835.04,183.0,339.4,3.79,70.0,97482.0,False,1,13,1
2009-01-01 14:00:00,33.75,8.9,725.0,782.63,178.0,342.2,3.38,68.0,97366.0,False,1,14,1
2009-01-01 15:00:00,33.8,8.6,559.0,740.5,146.0,342.8,3.1,64.0,97337.0,False,1,15,1
2009-01-01 16:00:00,33.42,8.55,340.0,600.83,116.0,342.0,2.9,59.0,97308.0,False,1,16,1
2009-01-01 17:00:00,32.24,9.85,111.0,350.77,56.0,339.2,2.14,52.0,97366.0,False,1,17,1
2009-01-01 18:00:00,30.02,11.7,0.0,-0.0,0.0,334.6,2.41,41.0,97385.0,False,1,18,1
2009-01-01 19:00:00,28.27,12.55,0.0,-0.0,0.0,330.6,2.69,33.0,97492.0,False,1,19,1
2009-01-01 20:00:00,26.79,13.75,0.0,-0.0,0.0,327.4,2.76,32.0,97607.0,False,1,20,1
2009-01-01 21:00:00,25.58,15.05,0.0,-0.0,0.0,324.4,2.76,32.0,97675.0,False,1,21,1
2009-01-01 22:00:00,24.53,16.4,0.0,-0.0,0.0,320.8,2.69,33.0,97694.0,False,1,22,1
2009-01-01 23:00:00,23.59,17.65,0.0,-0.0,0.0,318.0,2.69,37.0,97713.0,False,1,23,1
2009-01-02 00:00:00,22.76,18.8,0.0,-0.0,0.0,315.4,2.69,44.0,97704.0,False,1,0,2
2009-01-02 01:00:00,22.01,19.85,0.0,-0.0,0.0,312.45,2.69,52.0,97694.0,False,1,1,2
2009-01-02 02:00:00,21.33,20.8,0.0,-0.0,0.0,310.2,2.69,57.0,97636.0,False,1,2,2
2009-01-02 03:00:00,20.71,21.7,0.0,-0.0,0.0,308.2,2.62,59.0,97636.0,False,1,3,2
2009-01-02 04:00:00,20.18,22.55,0.0,-0.0,0.0,306.6,2.62,60.0,97607.0,False,1,4,2
2009-01-02 05:00:00,19.72,23.2,0.0,-0.0,0.0,306.0,2.62,62.0,97646.0,False,1,5,2
2009-01-02 06:00:00,19.35,23.7,0.0,-0.0,0.0,304.8,2.62,66.0,97646.0,False,1,6,2
2009-01-02 07:00:00,19.31,24.7,0.0,0.0,0.0,305.0,2.55,73.0,97704.0,False,1,7,2
2009-01-02 08:00:00,21.44,22.5,0.0,0.0,0.0,306.6,2.21,73.0,97762.0,False,1,8,2
2009-01-02 09:00:00,24.9,16.95,0.0,0.0,0.0,312.2,2.97,75.0,97839.0,False,1,9,2
2009-01-02 10:00:00,27.63,13.9,645.0,540.02,272.0,320.2,3.38,78.0,97829.0,False,1,10,2
2009-01-02 11:00:00,29.9,11.8,0.0,0.0,0.0,328.2,3.66,81.0,97762.0,False,1,11,2
2009-01-02 12:00:00,31.51,10.35,848.0,753.52,233.0,335.2,3.72,82.0,97656.0,False,1,12,2
2009-01-02 13:00:00,32.52,9.5,0.0,0.0,0.0,340.2,3.31,79.0,97569.0,False,1,13,2
2009-01-02 14:00:00,33.06,9.05,658.0,552.4,271.0,343.2,2.83,75.0,97472.0,False,1,14,2
2009-01-02 15:00:00,33.2,8.85,0.0,0.0,0.0,344.2,2.55,69.0,97443.0,False,1,15,2
2009-01-02 16:00:00,32.91,8.85,325.0,504.12,136.0,344.2,2.41,63.0,97434.0,False,1,16,2
2009-01-02 17:00:00,31.94,9.85,0.0,0.0,0.0,341.6,1.86,54.0,97463.0,False,1,17,2
2009-01-02 18:00:00,29.96,11.5,0.0,-0.0,0.0,337.0,2.21,44.0,97472.0,False,1,18,2
2009-01-02 19:00:00,27.94,12.1,0.0,-0.0,0.0,337.0,2.55,39.0,97549.0,False,1,19,2
2009-01-02 20:00:00,26.44,13.05,0.0,-0.0,0.0,332.6,2.76,38.0,97636.0,False,1,20,2
2009-01-02 21:00:00,25.27,14.05,0.0,-0.0,0.0,329.6,2.76,37.0,97723.0,False,1,21,2
2009-01-02 22:00:00,24.26,15.0,0.0,-0.0,0.0,326.0,2.76,38.0,97771.0,False,1,22,2
2009-01-02 23:00:00,23.38,15.8,0.0,-0.0,0.0,323.2,2.83,42.0,97723.0,False,1,23,2
2009-01-03 00:00:00,22.58,16.5,0.0,-0.0,0.0,320.0,2.83,45.0,97752.0,False,1,0,3
2009-01-03 01:00:00,21.86,17.05,0.0,-0.0,0.0,316.65,2.83,47.0,97733.0,False,1,1,3
2009-01-03 02:00:00,21.18,17.55,0.0,-0.0,0.0,314.0,2.76,47.0,97723.0,False,1,2,3
2009-01-03 03:00:00,20.57,18.05,0.0,-0.0,0.0,311.2,2.76,45.0,97704.0,False,1,3,3
2009-01-03 04:00:00,20.0,18.5,0.0,-0.0,0.0,309.4,2.69,44.0,97723.0,False,1,4,3
2009-01-03 05:00:00,19.47,18.95,0.0,-0.0,0.0,308.0,2.69,43.0,97742.0,False,1,5,3
2009-01-03 06:00:00,18.98,19.45,0.0,-0.0,0.0,307.0,2.62,42.0,97752.0,False,1,6,3
2009-01-03 07:00:00,18.83,21.2,0.0,0.0,0.0,305.2,2.55,43.0,97771.0,False,1,7,3
2009-01-03 08:00:00,20.76,19.8,330.0,627.55,106.0,306.6,2.21,46.0,97887.0,False,1,8,3
2009-01-03 09:00:00,23.95,15.5,0.0,0.0,0.0,311.2,2.97,54.0,97916.0,False,1,9,3
2009-01-03 10:00:00,26.67,12.75,705.0,736.95,196.0,317.8,3.59,62.0,97887.0,False,1,10,3
2009-01-03 11:00:00,28.85,10.95,0.0,0.0,0.0,325.6,3.72,69.0,97858.0,False,1,11,3
2009-01-03 12:00:00,30.53,9.6,868.0,816.31,201.0,332.0,3.38,72.0,97771.0,False,1,12,3
2009-01-03 13:00:00,31.69,8.85,0.0,0.0,0.0,337.4,2.9,72.0,97646.0,False,1,13,3
2009-01-03 14:00:00,32.37,8.5,717.0,740.43,197.0,340.6,2.48,67.0,97540.0,False,1,14,3
2009-01-03 15:00:00,32.59,8.35,0.0,0.0,0.0,342.4,2.21,58.0,97472.0,False,1,15,3
2009-01-03 16:00:00,32.34,8.35,331.0,525.14,133.0,342.2,2.14,48.0,97453.0,False,1,16,3
2009-01-03 17:00:00,31.4,9.25,0.0,0.0,0.0,340.0,1.86,36.0,97501.0,False,1,17,3
2009-01-03 18:00:00,29.42,10.9,0.0,-0.0,0.0,335.8,2.21,27.0,97521.0,False,1,18,3
2009-01-03 19:00:00,27.33,11.35,0.0,-0.0,0.0,330.8,2.55,30.0,97588.0,False,1,19,3
2009-01-03 20:00:00,25.86,12.3,0.0,-0.0,0.0,328.0,2.69,32.0,97675.0,False,1,20,3
2009-01-03 21:00:00,24.66,13.25,0.0,-0.0,0.0,325.4,2.62,35.0,97742.0,False,1,21,3
2009-01-03 22:00:00,23.59,14.25,0.0,-0.0,0.0,322.4,2.55,39.0,97781.0,False,1,22,3
2009-01-03 23:00:00,22.61,15.2,0.0,-0.0,0.0,320.0,2.55,42.0,97771.0,False,1,23,3
2009-01-04 00:00:00,21.73,16.15,0.0,-0.0,0.0,317.6,2.55,41.0,97762.0,False,1,0,4
2009-01-04 01:00:00,20.95,17.1,0.0,-0.0,0.0,315.65,2.55,40.0,97723.0,False,1,1,4
2009-01-04 02:00:00,20.27,18.15,0.0,-0.0,0.0,313.4,2.55,37.0,97685.0,False,1,2,4
2009-01-04 03:00:00,19.67,19.3,0.0,-0.0,0.0,311.8,2.55,36.0,97656.0,False,1,3,4
2009-01-04 04:00:00,19.13,20.5,0.0,-0.0,0.0,310.0,2.48,39.0,97665.0,False,1,4,4
2009-01-04 05:00:00,18.61,21.8,0.0,-0.0,0.0,308.4,2.34,45.0,97685.0,False,1,5,4
2009-01-04 06:00:00,18.15,23.05,0.0,-0.0,0.0,306.4,2.41,50.0,97694.0,False,1,6,4
2009-01-04 07:00:00,17.94,25.65,0.0,0.0,0.0,305.0,2.28,54.0,97723.0,False,1,7,4
2009-01-04 08:00:00,19.99,23.8,319.0,558.8,120.0,306.4,1.93,57.0,97791.0,False,1,8,4
2009-01-04 09:00:00,23.37,18.4,0.0,0.0,0.0,311.4,2.48,66.0,97820.0,False,1,9,4
2009-01-04 10:00:00,26.3,14.9,721.0,796.26,171.0,319.0,2.76,72.0,97810.0,False,1,10,4
2009-01-04 11:00:00,28.67,12.65,0.0,0.0,0.0,328.4,2.76,76.0,97762.0,False,1,11,4
2009-01-04 12:00:00,30.4,11.25,894.0,897.22,160.0,334.0,2.28,77.0,97665.0,False,1,12,4
2009-01-04 13:00:00,31.55,10.45,0.0,0.0,0.0,339.8,1.66,71.0,97549.0,False,1,13,4
2009-01-04 14:00:00,32.24,9.95,736.0,799.65,173.0,343.6,1.24,58.0,97443.0,False,1,14,4
2009-01-04 15:00:00,32.5,9.6,0.0,0.0,0.0,346.6,1.17,44.0,97376.0,False,1,15,4
2009-01-04 16:00:00,32.33,9.5,333.0,527.42,133.0,346.4,1.31,32.0,97337.0,False,1,16,4
2009-01-04 17:00:00,31.57,10.55,0.0,0.0,0.0,344.6,1.38,22.0,97385.0,False,1,17,4
2009-01-04 18:00:00,29.79,12.55,0.0,-0.0,0.0,339.6,2.14,15.0,97414.0,False,1,18,4
2009-01-04 19:00:00,27.43,13.45,0.0,-0.0,0.0,335.6,2.48,19.0,97521.0,False,1,19,4
2009-01-04 20:00:00,25.9,14.75,0.0,-0.0,0.0,333.2,2.62,25.0,97598.0,False,1,20,4
2009-01-04 21:00:00,24.66,16.25,0.0,-0.0,0.0,330.0,2.62,26.0,97713.0,False,1,21,4
2009-01-04 22:00:00,23.66,17.8,0.0,-0.0,0.0,331.0,2.55,23.0,97713.0,False,1,22,4
2009-01-04 23:00:00,22.81,19.2,0.0,-0.0,0.0,330.0,2.41,20.0,97733.0,False,1,23,4
2009-01-05 00:00:00,22.07,20.3,0.0,-0.0,0.0,329.4,2.41,22.0,97733.0,False,1,0,5
2009-01-05 01:00:00,21.67,20.85,0.0,-0.0,0.0,343.05,2.34,27.0,97685.0,False,1,1,5
2009-01-05 02:00:00,21.01,21.6,0.0,-0.0,0.0,330.4,2.34,32.0,97636.0,False,1,2,5
2009-01-05 03:00:00,20.54,22.05,0.0,-0.0,0.0,335.4,2.28,36.0,97578.0,False,1,3,5
2009-01-05 04:00:00,19.86,23.0,0.0,-0.0,0.0,321.2,2.21,38.0,97607.0,False,1,4,5
2009-01-05 05:00:00,19.49,23.6,0.0,-0.0,0.0,331.4,2.07,38.0,97636.0,False,1,5,5
2009-01-05 06:00:00,18.98,24.7,0.0,-0.0,0.0,323.8,2.0,39.0,97636.0,False,1,6,5
2009-01-05 07:00:00,18.89,27.8,0.0,0.0,0.0,333.2,1.93,43.0,97685.0,False,1,7,5
2009-01-05 08:00:00,20.68,26.0,316.0,548.74,121.0,342.4,1.45,46.0,97733.0,False,1,8,5
2009-01-05 09:00:00,23.73,20.55,0.0,0.0,0.0,347.4,1.79,51.0,97781.0,False,1,9,5
2009-01-05 10:00:00,26.85,16.7,701.0,723.75,201.0,326.2,2.07,55.0,97733.0,False,1,10,5
2009-01-05 11:00:00,29.38,13.75,0.0,0.0,0.0,338.4,2.28,58.0,97704.0,False,1,11,5
2009-01-05 12:00:00,30.98,11.8,900.0,914.37,151.0,346.4,2.07,54.0,97607.0,False,1,12,5
2009-01-05 13:00:00,32.01,10.7,0.0,0.0,0.0,353.6,1.72,43.0,97492.0,False,1,13,5
2009-01-05 14:00:00,32.61,9.9,746.0,831.59,159.0,353.6,1.59,29.0,97414.0,False,1,14,5
2009-01-05 15:00:00,32.77,9.35,0.0,0.0,0.0,352.4,1.59,18.0,97328.0,False,1,15,5
2009-01-05 16:00:00,32.55,9.05,343.0,571.57,125.0,350.0,1.72,12.0,97318.0,False,1,16,5
2009-01-05 17:00:00,31.62,10.45,0.0,0.0,0.0,344.8,1.52,11.0,97337.0,False,1,17,5
2009-01-05 18:00:00,29.82,12.5,0.0,-0.0,0.0,340.6,2.14,11.0,97376.0,False,1,18,5
2009-01-05 19:00:00,27.68,14.45,0.0,-0.0,0.0,343.4,2.41,26.0,97443.0,False,1,19,5
2009-01-05 20:00:00,26.35,15.75,0.0,-0.0,0.0,352.6,2.55,31.0,97511.0,False,1,20,5
2009-01-05 21:00:00,25.0,17.45,0.0,-0.0,0.0,333.4,2.55,38.0,97578.0,False,1,21,5
2009-01-05 22:00:00,23.96,19.2,0.0,-0.0,0.0,330.8,2.41,47.0,97578.0,False,1,22,5
2009-01-05 23:00:00,23.01,21.0,0.0,-0.0,0.0,327.6,2.28,52.0,97617.0,False,1,23,5
2009-01-06 00:00:00,22.17,22.65,0.0,-0.0,0.0,326.2,2.21,51.0,97578.0,False,1,0,6
2009-01-06 01:00:00,21.48,24.0,0.0,-0.0,0.0,326.05,2.14,51.0,97549.0,False,1,1,6
2009-01-06 02:00:00,20.99,25.0,0.0,-0.0,0.0,334.2,2.07,47.0,97453.0,False,1,2,6
2009-01-06 03:00:00,20.5,26.0,0.0,-0.0,0.0,335.0,2.07,42.0,97434.0,False,1,3,6
2009-01-06 04:00:00,20.11,26.75,0.0,-0.0,0.0,337.0,2.07,35.0,97424.0,False,1,4,6
2009-01-06 05:00:00,19.79,27.3,0.0,-0.0,0.0,340.2,2.0,28.0,97434.0,False,1,5,6
2009-01-06 06:00:00,19.27,28.4,0.0,-0.0,0.0,329.4,1.93,25.0,97443.0,False,1,6,6
2009-01-06 07:00:00,19.11,31.05,0.0,0.0,0.0,317.6,1.72,33.0,97492.0,False,1,7,6
2009-01-06 08:00:00,21.01,31.55,329.0,637.22,103.0,318.8,1.17,32.0,97559.0,False,1,8,6
2009-01-06 09:00:00,25.28,19.75,0.0,0.0,0.0,324.6,1.45,38.0,97636.0,False,1,9,6
2009-01-06 10:00:00,28.53,14.65,729.0,827.75,157.0,333.4,1.86,46.0,97578.0,False,1,10,6
2009-01-06 11:00:00,30.8,11.55,0.0,0.0,0.0,342.6,2.21,54.0,97530.0,False,1,11,6
2009-01-06 12:00:00,32.21,9.9,896.0,898.48,159.0,349.2,1.79,53.0,97424.0,False,1,12,6
2009-01-06 13:00:00,33.2,9.1,0.0,0.0,0.0,354.4,1.31,50.0,97289.0,False,1,13,6
2009-01-06 14:00:00,33.77,8.9,752.0,847.75,152.0,358.2,0.97,46.0,97202.0,False,1,14,6
2009-01-06 15:00:00,33.96,8.9,0.0,0.0,0.0,360.2,0.62,34.0,97154.0,False,1,15,6
2009-01-06 16:00:00,33.72,9.0,356.0,630.82,114.0,360.2,0.55,22.0,97125.0,False,1,16,6
2009-01-06 17:00:00,33.05,10.0,0.0,0.0,0.0,358.8,0.55,26.0,97154.0,False,1,17,6
2009-01-06 18:00:00,31.66,13.4,0.0,-0.0,0.0,355.0,0.69,41.0,97164.0,False,1,18,6
2009-01-06 19:00:00,29.34,14.95,0.0,-0.0,0.0,351.0,1.52,18.0,97260.0,False,1,19,6
2009-01-06 20:00:00,27.27,17.3,0.0,-0.0,0.0,349.0,2.0,18.0,97289.0,False,1,20,6
2009-01-06 21:00:00,25.63,18.95,0.0,-0.0,0.0,345.6,2.34,19.0,97347.0,False,1,21,6
2009-01-06 22:00:00,24.38,19.95,0.0,-0.0,0.0,342.8,2.41,23.0,97376.0,False,1,22,6
2009-01-06 23:00:00,23.45,21.05,0.0,-0.0,0.0,339.8,2.34,24.0,97366.0,False,1,23,6
2009-01-07 00:00:00,22.66,22.75,0.0,-0.0,0.0,339.6,2.14,20.0,97328.0,False,1,0,7
2009-01-07 01:00:00,21.96,24.55,0.0,-0.0,0.0,341.65,2.0,15.0,97289.0,False,1,1,7
2009-01-07 02:00:00,21.07,26.9,0.0,-0.0,0.0,334.4,1.86,14.0,97250.0,False,1,2,7
2009-01-07 03:00:00,20.28,29.1,0.0,-0.0,0.0,334.2,1.86,6.0,97193.0,False,1,3,7
2009-01-07 04:00:00,19.72,30.55,0.0,-0.0,0.0,329.0,2.21,356.0,97231.0,False,1,4,7
2009-01-07 05:00:00,19.47,31.0,0.0,-0.0,0.0,327.2,2.28,359.0,97250.0,False,1,5,7
2009-01-07 06:00:00,19.36,30.85,0.0,-0.0,0.0,331.2,2.28,2.0,97299.0,False,1,6,7
2009-01-07 07:00:00,19.46,31.65,0.0,0.0,0.0,333.0,2.14,8.0,97366.0,False,1,7,7
2009-01-07 08:00:00,21.43,28.75,328.0,635.53,103.0,332.6,1.66,15.0,97443.0,False,1,8,7
2009-01-07 09:00:00,24.59,22.2,0.0,0.0,0.0,333.0,1.86,23.0,97492.0,False,1,9,7
2009-01-07 10:00:00,27.9,17.3,709.0,752.21,189.0,338.8,2.0,30.0,97424.0,False,1,10,7
2009-01-07 11:00:00,30.59,13.8,0.0,0.0,0.0,348.6,2.21,39.0,97395.0,False,1,11,7
2009-01-07 12:00:00,32.53,11.3,879.0,832.65,195.0,358.8,2.28,50.0,97308.0,False,1,12,7
2009-01-07 13:00:00,33.74,10.25,0.0,0.0,0.0,364.4,1.86,52.0,97193.0,False,1,13,7
2009-01-07 14:00:00,34.27,10.05,767.0,897.58,130.0,369.8,1.31,39.0,97086.0,False,1,14,7
2009-01-07 15:00:00,34.4,10.2,0.0,0.0,0.0,373.6,1.03,17.0,97058.0,False,1,15,7
2009-01-07 16:00:00,34.11,10.45,317.0,412.04,158.0,371.4,1.17,2.0,97058.0,False,1,16,7
2009-01-07 17:00:00,33.23,12.25,0.0,0.0,0.0,373.6,1.38,356.0,97096.0,False,1,17,7
2009-01-07 18:00:00,31.32,14.75,0.0,-0.0,0.0,366.0,2.14,358.0,97135.0,False,1,18,7
2009-01-07 19:00:00,29.14,16.35,0.0,-0.0,0.0,365.6,2.41,3.0,97193.0,False,1,19,7
2009-01-07 20:00:00,27.75,17.6,0.0,-0.0,0.0,365.0,2.62,4.0,97279.0,False,1,20,7
2009-01-07 21:00:00,26.58,19.0,0.0,-0.0,0.0,359.0,2.69,3.0,97347.0,False,1,21,7
2009-01-07 22:00:00,25.58,20.45,0.0,-0.0,0.0,353.8,2.69,358.0,97395.0,False,1,22,7
2009-01-07 23:00:00,24.69,21.75,0.0,-0.0,0.0,350.2,2.76,354.0,97414.0,False,1,23,7
2009-01-08 00:00:00,23.91,22.65,0.0,-0.0,0.0,347.8,2.83,354.0,97395.0,False,1,0,8
2009-01-08 01:00:00,23.13,23.45,0.0,-0.0,0.0,343.65,2.76,356.0,97366.0,False,1,1,8
2009-01-08 02:00:00,22.44,24.15,0.0,-0.0,0.0,341.8,2.76,358.0,97328.0,False,1,2,8
2009-01-08 03:00:00,21.81,24.8,0.0,-0.0,0.0,338.0,2.69,358.0,97318.0,False,1,3,8
2009-01-08 04:00:00,21.3,25.35,0.0,-0.0,0.0,338.8,2.55,360.0,97328.0,False,1,4,8
2009-01-08 05:00:00,20.68,26.3,0.0,-0.0,0.0,331.6,2.41,4.0,97357.0,False,1,5,8
2009-01-08 06:00:00,20.11,27.2,0.0,-0.0,0.0,328.6,2.34,6.0,97395.0,False,1,6,8
2009-01-08 07:00:00,19.75,28.65,0.0,0.0,0.0,324.2,2.21,5.0,97434.0,False,1,7,8
2009-01-08 08:00:00,21.09,27.2,308.0,514.9,126.0,324.6,2.07,10.0,97511.0,False,1,8,8
2009-01-08 09:00:00,23.49,22.5,0.0,0.0,0.0,329.6,2.69,13.0,97569.0,False,1,9,8
2009-01-08 10:00:00,26.09,19.15,730.0,827.03,158.0,340.8,2.83,16.0,97530.0,False,1,10,8
2009-01-08 11:00:00,28.42,16.55,0.0,0.0,0.0,348.4,2.9,19.0,97482.0,False,1,11,8
2009-01-08 12:00:00,30.25,14.7,899.0,898.22,160.0,354.4,2.9,22.0,97405.0,False,1,12,8
2009-01-08 13:00:00,31.67,13.5,0.0,0.0,0.0,359.6,2.69,26.0,97318.0,False,1,13,8
2009-01-08 14:00:00,32.5,13.05,757.0,850.12,152.0,361.8,2.41,24.0,97202.0,False,1,14,8
2009-01-08 15:00:00,32.78,13.05,0.0,0.0,0.0,360.8,2.34,21.0,97154.0,False,1,15,8
2009-01-08 16:00:00,32.52,13.35,361.0,636.33,114.0,361.0,2.34,18.0,97135.0,False,1,16,8
2009-01-08 17:00:00,31.54,14.9,0.0,0.0,0.0,358.6,2.07,12.0,97222.0,False,1,17,8
2009-01-08 18:00:00,29.47,17.6,0.0,-0.0,0.0,352.6,2.34,5.0,97270.0,False,1,18,8
2009-01-08 19:00:00,27.78,19.5,0.0,-0.0,0.0,345.0,2.62,4.0,97366.0,False,1,19,8
2009-01-08 20:00:00,26.38,21.2,0.0,-0.0,0.0,341.4,2.69,5.0,97482.0,False,1,20,8
2009-01-08 21:00:00,25.24,22.7,0.0,-0.0,0.0,337.8,2.62,5.0,97559.0,False,1,21,8
2009-01-08 22:00:00,24.27,23.85,0.0,-0.0,0.0,335.2,2.62,0.0,97588.0,False,1,22,8
2009-01-08 23:00:00,23.44,24.5,0.0,-0.0,0.0,333.0,2.76,355.0,97627.0,False,1,23,8
2009-01-09 00:00:00,22.75,24.55,0.0,-0.0,0.0,329.8,2.97,354.0,97607.0,False,1,0,9
2009-01-09 01:00:00,22.04,24.7,0.0,-0.0,0.0,327.25,3.1,357.0,97578.0,False,1,1,9
2009-01-09 02:00:00,21.34,24.95,0.0,-0.0,0.0,323.8,3.17,359.0,97559.0,False,1,2,9
2009-01-09 03:00:00,20.69,25.25,0.0,-0.0,0.0,321.8,3.1,0.0,97540.0,False,1,3,9
2009-01-09 04:00:00,20.17,25.4,0.0,-0.0,0.0,321.0,3.03,1.0,97540.0,False,1,4,9
2009-01-09 05:00:00,19.71,25.45,0.0,-0.0,0.0,322.0,2.83,4.0,97588.0,False,1,5,9
2009-01-09 06:00:00,19.27,25.6,0.0,-0.0,0.0,323.4,2.69,8.0,97607.0,False,1,6,9
2009-01-09 07:00:00,19.18,26.25,0.0,0.0,0.0,332.4,2.48,16.0,97656.0,False,1,7,9
2009-01-09 08:00:00,20.54,24.6,324.0,611.95,108.0,334.0,2.41,19.0,97742.0,False,1,8,9
2009-01-09 09:00:00,23.04,20.45,0.0,0.0,0.0,335.4,2.97,20.0,97810.0,False,1,9,9
2009-01-09 10:00:00,25.77,17.4,734.0,842.44,151.0,341.4,3.17,19.0,97742.0,False,1,10,9
2009-01-09 11:00:00,28.42,15.1,0.0,0.0,0.0,343.4,3.17,21.0,97713.0,False,1,11,9
2009-01-09 12:00:00,30.51,13.55,911.0,933.18,142.0,350.8,3.17,22.0,97617.0,False,1,12,9
2009-01-09 13:00:00,32.01,12.6,0.0,0.0,0.0,356.2,3.1,23.0,97511.0,False,1,13,9
2009-01-09 14:00:00,32.91,12.2,751.0,819.69,166.0,360.6,2.97,22.0,97424.0,False,1,14,9
2009-01-09 15:00:00,33.14,12.25,0.0,0.0,0.0,362.8,2.76,23.0,97376.0,False,1,15,9
2009-01-09 16:00:00,32.91,12.5,361.0,624.88,117.0,365.8,2.69,23.0,97357.0,False,1,16,9
2009-01-09 17:00:00,31.94,13.9,0.0,0.0,0.0,360.8,2.28,17.0,97453.0,False,1,17,9
2009-01-09 18:00:00,29.82,16.4,0.0,-0.0,0.0,356.4,2.41,10.0,97443.0,False,1,18,9
2009-01-09 19:00:00,27.81,17.5,0.0,-0.0,0.0,345.0,2.76,7.0,97540.0,False,1,19,9
2009-01-09 20:00:00,26.42,18.75,0.0,-0.0,0.0,341.0,2.76,6.0,97685.0,False,1,20,9
2009-01-09 21:00:00,25.25,19.75,0.0,-0.0,0.0,337.4,2.69,2.0,97800.0,False,1,21,9
2009-01-09 22:00:00,24.24,20.4,0.0,-0.0,0.0,334.8,2.76,356.0,97829.0,False,1,22,9
2009-01-09 23:00:00,23.38,20.75,0.0,-0.0,0.0,332.2,2.9,353.0,97829.0,False,1,23,9
2009-01-10 00:00:00,22.62,20.95,0.0,-0.0,0.0,330.0,2.97,353.0,97848.0,False,1,0,10
2009-01-10 01:00:00,21.87,21.25,0.0,-0.0,0.0,327.85,2.97,354.0,97800.0,False,1,1,10
2009-01-10 02:00:00,21.16,21.55,0.0,-0.0,0.0,326.2,2.83,355.0,97752.0,False,1,2,10
2009-01-10 03:00:00,20.54,21.75,0.0,-0.0,0.0,325.2,2.76,356.0,97694.0,False,1,3,10
2009-01-10 04:00:00,20.01,21.9,0.0,-0.0,0.0,325.2,2.62,357.0,97713.0,False,1,4,10
2009-01-10 05:00:00,19.5,22.2,0.0,-0.0,0.0,324.8,2.41,2.0,97733.0,False,1,5,10
2009-01-10 06:00:00,19.09,22.65,0.0,-0.0,0.0,328.0,2.21,6.0,97742.0,False,1,6,10
2009-01-10 07:00:00,18.87,24.2,0.0,0.0,0.0,330.2,2.14,6.0,97781.0,False,1,7,10
2009-01-10 08:00:00,20.55,22.6,323.0,612.7,107.0,341.8,1.79,8.0,97848.0,False,1,8,10
2009-01-10 09:00:00,23.32,18.55,0.0,0.0,0.0,327.6,2.07,13.0,97897.0,False,1,9,10
2009-01-10 10:00:00,26.44,15.5,738.0,859.19,143.0,335.8,2.07,17.0,97820.0,False,1,10,10
2009-01-10 11:00:00,29.28,13.35,0.0,0.0,0.0,345.4,2.0,20.0,97771.0,False,1,11,10
2009-01-10 12:00:00,31.59,11.85,917.0,950.99,132.0,352.2,2.07,24.0,97665.0,False,1,12,10
2009-01-10 13:00:00,33.09,11.15,0.0,0.0,0.0,359.6,1.79,26.0,97559.0,False,1,13,10
2009-01-10 14:00:00,33.87,11.05,766.0,867.61,145.0,365.0,1.38,24.0,97434.0,False,1,14,10
2009-01-10 15:00:00,34.16,11.3,0.0,0.0,0.0,367.0,1.03,10.0,97376.0,False,1,15,10
2009-01-10 16:00:00,33.99,11.6,370.0,661.91,110.0,367.4,1.03,354.0,97357.0,False,1,16,10
2009-01-10 17:00:00,33.35,12.9,0.0,0.0,0.0,365.6,1.03,351.0,97424.0,False,1,17,10
2009-01-10 18:00:00,31.92,15.55,0.0,-0.0,0.0,361.4,1.31,358.0,97443.0,False,1,18,10
2009-01-10 19:00:00,29.37,18.05,0.0,-0.0,0.0,357.0,2.28,357.0,97540.0,False,1,19,10
2009-01-10 20:00:00,27.61,19.9,0.0,-0.0,0.0,353.4,2.41,358.0,97588.0,False,1,20,10
2009-01-10 21:00:00,26.29,21.35,0.0,-0.0,0.0,350.0,2.41,0.0,97675.0,False,1,21,10
2009-01-10 22:00:00,25.17,22.85,0.0,-0.0,0.0,347.6,2.34,0.0,97723.0,False,1,22,10
2009-01-10 23:00:00,24.2,24.2,0.0,-0.0,0.0,346.2,2.34,360.0,97713.0,False,1,23,10
2009-01-11 00:00:00,23.38,25.15,0.0,-0.0,0.0,340.8,2.41,1.0,97694.0,False,1,0,11
2009-01-11 01:00:00,22.77,25.5,0.0,-0.0,0.0,343.65,2.48,4.0,97656.0,False,1,1,11
2009-01-11 02:00:00,22.04,26.05,0.0,-0.0,0.0,335.8,2.48,5.0,97588.0,False,1,2,11
2009-01-11 03:00:00,21.34,26.8,0.0,-0.0,0.0,332.2,2.34,6.0,97559.0,False,1,3,11
2009-01-11 04:00:00,20.73,27.5,0.0,-0.0,0.0,331.2,2.34,5.0,97588.0,False,1,4,11
2009-01-11 05:00:00,20.38,27.75,0.0,-0.0,0.0,340.6,2.28,1.0,97588.0,False,1,5,11
2009-01-11 06:00:00,20.0,27.85,0.0,-0.0,0.0,337.0,2.34,357.0,97578.0,False,1,6,11
2009-01-11 07:00:00,20.34,25.9,0.0,0.0,0.0,352.2,2.48,356.0,97627.0,False,1,7,11
2009-01-11 08:00:00,21.71,23.45,324.0,621.86,105.0,365.4,2.28,360.0,97694.0,False,1,8,11
2009-01-11 09:00:00,24.1,18.5,0.0,0.0,0.0,348.0,2.9,4.0,97752.0,False,1,9,11
2009-01-11 10:00:00,26.39,15.7,751.0,907.57,122.0,359.0,3.03,5.0,97675.0,False,1,10,11
2009-01-11 11:00:00,28.56,14.25,0.0,0.0,0.0,349.8,2.9,4.0,97598.0,False,1,11,11
2009-01-11 12:00:00,30.57,13.45,924.0,968.66,123.0,365.6,2.76,2.0,97559.0,False,1,12,11
2009-01-11 13:00:00,31.75,13.1,0.0,0.0,0.0,365.8,2.62,360.0,97424.0,False,1,13,11
2009-01-11 14:00:00,32.64,12.85,777.0,899.88,131.0,365.0,2.41,358.0,97328.0,False,1,14,11
2009-01-11 15:00:00,32.92,12.95,0.0,0.0,0.0,366.8,2.21,357.0,97279.0,False,1,15,11
2009-01-11 16:00:00,32.7,13.4,373.0,665.56,110.0,372.0,2.0,359.0,97260.0,False,1,16,11
2009-01-11 17:00:00,31.92,14.8,0.0,0.0,0.0,368.8,1.59,4.0,97308.0,False,1,17,11
2009-01-11 18:00:00,30.41,17.5,0.0,-0.0,0.0,369.2,1.86,12.0,97328.0,False,1,18,11
2009-01-11 19:00:00,28.72,18.75,0.0,-0.0,0.0,365.2,2.07,8.0,97395.0,False,1,19,11
2009-01-11 20:00:00,27.24,20.95,0.0,-0.0,0.0,356.4,2.07,13.0,97463.0,False,1,20,11
2009-01-11 21:00:00,25.93,23.3,0.0,-0.0,0.0,353.4,2.07,15.0,97530.0,False,1,21,11
2009-01-11 22:00:00,24.87,25.55,0.0,-0.0,0.0,358.8,2.0,6.0,97569.0,False,1,22,11
2009-01-11 23:00:00,23.93,27.6,0.0,-0.0,0.0,358.6,2.0,1.0,97569.0,False,1,23,11
2009-01-12 00:00:00,23.24,29.2,0.0,-0.0,0.0,357.2,2.07,1.0,97549.0,False,1,0,12
2009-01-12 01:00:00,22.71,30.25,0.0,-0.0,0.0,356.25,2.14,0.0,97521.0,False,1,1,12
2009-01-12 02:00:00,22.38,30.2,0.0,-0.0,0.0,359.6,2.28,360.0,97492.0,False,1,2,12
2009-01-12 03:00:00,21.92,29.35,0.0,-0.0,0.0,353.6,2.41,358.0,97501.0,False,1,3,12
2009-01-12 04:00:00,21.32,27.8,0.0,-0.0,0.0,345.4,2.41,356.0,97482.0,False,1,4,12
2009-01-12 05:00:00,20.8,25.85,0.0,-0.0,0.0,345.2,2.28,355.0,97492.0,False,1,5,12
2009-01-12 06:00:00,20.31,24.0,0.0,-0.0,0.0,341.8,2.28,357.0,97530.0,False,1,6,12
2009-01-12 07:00:00,19.71,22.25,0.0,0.0,0.0,338.6,2.48,355.0,97578.0,False,1,7,12
2009-01-12 08:00:00,20.99,19.3,329.0,656.49,98.0,329.4,2.34,359.0,97646.0,False,1,8,12
2009-01-12 09:00:00,23.46,14.6,557.0,792.27,126.0,335.4,2.97,3.0,97723.0,False,1,9,12
2009-01-12 10:00:00,25.77,12.55,744.0,875.05,137.0,340.0,3.03,6.0,97694.0,False,1,10,12
2009-01-12 11:00:00,27.97,11.15,867.0,919.45,140.0,342.0,3.1,8.0,97656.0,False,1,11,12
2009-01-12 12:00:00,29.65,10.85,921.0,951.19,133.0,348.6,2.9,7.0,97598.0,False,1,12,12
2009-01-12 13:00:00,30.81,11.1,893.0,957.31,123.0,352.6,2.62,6.0,97511.0,False,1,13,12
2009-01-12 14:00:00,31.53,11.55,775.0,884.68,138.0,357.6,2.28,6.0,97424.0,False,1,14,12
2009-01-12 15:00:00,31.74,12.05,603.0,825.76,123.0,358.8,2.07,4.0,97385.0,False,1,15,12
2009-01-12 16:00:00,31.56,12.55,373.0,654.05,113.0,360.0,2.0,5.0,97376.0,False,1,16,12
2009-01-12 17:00:00,30.82,13.7,136.0,402.66,63.0,357.0,1.86,9.0,97424.0,False,1,17,12
2009-01-12 18:00:00,29.1,16.2,0.0,-0.0,0.0,353.0,2.07,14.0,97463.0,False,1,18,12
2009-01-12 19:00:00,27.06,18.1,0.0,-0.0,0.0,346.8,2.48,16.0,97578.0,False,1,19,12
2009-01-12 20:00:00,25.63,20.05,0.0,-0.0,0.0,343.6,2.62,20.0,97646.0,False,1,20,12
2009-01-12 21:00:00,24.5,21.95,0.0,-0.0,0.0,341.4,2.76,21.0,97723.0,False,1,21,12
2009-01-12 22:00:00,23.57,23.85,0.0,-0.0,0.0,338.8,2.9,16.0,97800.0,False,1,22,12
2009-01-12 23:00:00,22.77,25.75,0.0,-0.0,0.0,337.8,3.17,12.0,97791.0,False,1,23,12
2009-01-13 00:00:00,22.13,27.3,0.0,-0.0,0.0,342.6,3.31,11.0,97800.0,False,1,0,13
2009-01-13 01:00:00,21.27,28.9,0.0,-0.0,0.0,336.05,3.31,12.0,97762.0,False,1,1,13
2009-01-13 02:00:00,20.57,29.6,0.0,-0.0,0.0,340.8,3.17,13.0,97723.0,False,1,2,13
2009-01-13 03:00:00,19.8,29.9,0.0,-0.0,0.0,330.4,3.1,14.0,97675.0,False,1,3,13
2009-01-13 04:00:00,19.3,29.3,0.0,-0.0,0.0,335.8,3.03,14.0,97675.0,False,1,4,13
2009-01-13 05:00:00,18.91,28.5,0.0,-0.0,0.0,338.2,2.97,16.0,97675.0,False,1,5,13
2009-01-13 06:00:00,18.62,27.7,0.0,-0.0,0.0,341.8,2.97,17.0,97694.0,False,1,6,13
2009-01-13 07:00:00,18.06,28.6,90.0,339.11,46.0,331.8,2.69,21.0,97752.0,False,1,7,13
2009-01-13 08:00:00,18.92,26.75,324.0,622.79,105.0,330.4,2.76,26.0,97820.0,False,1,8,13
2009-01-13 09:00:00,20.9,23.0,551.0,764.4,135.0,328.4,3.17,30.0,97897.0,False,1,9,13
2009-01-13 10:00:00,23.19,20.0,740.0,859.78,143.0,327.8,3.1,30.0,97877.0,False,1,10,13
2009-01-13 11:00:00,25.38,17.5,873.0,935.79,132.0,332.4,3.1,28.0,97858.0,False,1,11,13
2009-01-13 12:00:00,27.31,15.8,923.0,951.79,133.0,339.4,3.03,27.0,97791.0,False,1,12,13
2009-01-13 13:00:00,28.76,14.8,896.0,958.73,123.0,344.8,2.9,26.0,97675.0,False,1,13,13
2009-01-13 14:00:00,29.68,14.3,774.0,869.52,146.0,349.2,2.69,26.0,97588.0,False,1,14,13
2009-01-13 15:00:00,30.08,14.15,606.0,827.57,123.0,351.4,2.48,26.0,97530.0,False,1,15,13
2009-01-13 16:00:00,29.96,14.3,376.0,657.64,113.0,351.6,2.48,27.0,97492.0,False,1,16,13
2009-01-13 17:00:00,29.25,15.15,138.0,397.62,65.0,350.4,2.34,26.0,97521.0,False,1,17,13
2009-01-13 18:00:00,27.49,17.5,0.0,-0.0,0.0,346.6,2.28,20.0,97540.0,False,1,18,13
2009-01-13 19:00:00,25.67,18.95,0.0,-0.0,0.0,342.8,2.69,17.0,97627.0,False,1,19,13
2009-01-13 20:00:00,24.38,20.1,0.0,-0.0,0.0,339.0,3.03,16.0,97713.0,False,1,20,13
2009-01-13 21:00:00,23.31,20.95,0.0,-0.0,0.0,335.6,3.1,16.0,97810.0,False,1,21,13
2009-01-13 22:00:00,22.32,21.6,0.0,-0.0,0.0,332.6,2.9,16.0,97829.0,False,1,22,13
2009-01-13 23:00:00,21.44,22.05,0.0,-0.0,0.0,328.4,2.69,18.0,97820.0,False,1,23,13
2009-01-14 00:00:00,20.64,22.5,0.0,-0.0,0.0,325.4,2.55,18.0,97829.0,False,1,0,14
2009-01-14 01:00:00,19.98,22.95,0.0,-0.0,0.0,325.25,2.41,18.0,97791.0,False,1,1,14
2009-01-14 02:00:00,19.33,23.45,0.0,-0.0,0.0,320.4,2.41,18.0,97762.0,False,1,2,14
2009-01-14 03:00:00,18.78,24.0,0.0,-0.0,0.0,318.8,2.34,19.0,97723.0,False,1,3,14
2009-01-14 04:00:00,18.31,24.5,0.0,-0.0,0.0,317.6,2.34,19.0,97723.0,False,1,4,14
2009-01-14 05:00:00,17.9,24.95,0.0,-0.0,0.0,316.6,2.41,17.0,97742.0,False,1,5,14
2009-01-14 06:00:00,17.55,25.4,0.0,-0.0,0.0,316.2,2.48,17.0,97762.0,False,1,6,14
2009-01-14 07:00:00,17.23,26.4,89.0,325.1,47.0,313.2,2.48,22.0,97762.0,False,1,7,14
2009-01-14 08:00:00,18.74,24.8,323.0,620.24,105.0,314.4,2.34,25.0,97839.0,False,1,8,14
2009-01-14 09:00:00,21.39,20.5,545.0,734.61,145.0,319.4,2.9,29.0,97887.0,False,1,9,14
2009-01-14 10:00:00,24.07,17.4,725.0,796.98,171.0,326.4,3.1,30.0,97848.0,False,1,10,14
2009-01-14 11:00:00,26.5,15.0,856.0,870.04,166.0,334.4,3.1,27.0,97810.0,False,1,11,14
2009-01-14 12:00:00,28.49,13.25,885.0,820.06,203.0,341.6,3.1,25.0,97704.0,False,1,12,14
2009-01-14 13:00:00,29.99,12.15,846.0,779.45,216.0,348.0,3.03,23.0,97598.0,False,1,13,14
2009-01-14 14:00:00,30.92,11.75,772.0,854.41,153.0,353.0,2.83,18.0,97501.0,False,1,14,14
2009-01-14 15:00:00,31.3,11.7,599.0,783.25,140.0,357.0,2.83,15.0,97463.0,False,1,15,14
2009-01-14 16:00:00,31.15,12.0,379.0,658.68,114.0,356.6,2.83,19.0,97405.0,False,1,16,14
2009-01-14 17:00:00,30.34,13.0,140.0,403.45,65.0,355.4,2.34,22.0,97424.0,False,1,17,14
2009-01-14 18:00:00,28.52,15.35,0.0,-0.0,0.0,352.6,2.21,21.0,97434.0,False,1,18,14
2009-01-14 19:00:00,26.89,17.2,0.0,-0.0,0.0,347.8,2.48,20.0,97492.0,False,1,19,14
2009-01-14 20:00:00,25.56,18.65,0.0,-0.0,0.0,344.8,2.62,17.0,97569.0,False,1,20,14
2009-01-14 21:00:00,24.51,19.95,0.0,-0.0,0.0,342.0,2.62,11.0,97675.0,False,1,21,14
2009-01-14 22:00:00,23.6,21.1,0.0,-0.0,0.0,339.2,2.55,8.0,97675.0,False,1,22,14
2009-01-14 23:00:00,22.79,22.0,0.0,-0.0,0.0,336.2,2.55,7.0,97704.0,False,1,23,14
2009-01-15 00:00:00,22.04,22.55,0.0,-0.0,0.0,333.6,2.55,6.0,97694.0,False,1,0,15
2009-01-15 01:00:00,21.32,22.85,0.0,-0.0,0.0,331.05,2.48,7.0,97713.0,False,1,1,15
2009-01-15 02:00:00,20.61,23.2,0.0,-0.0,0.0,329.0,2.41,8.0,97636.0,False,1,2,15
2009-01-15 03:00:00,20.0,23.5,0.0,-0.0,0.0,327.6,2.48,11.0,97607.0,False,1,3,15
2009-01-15 04:00:00,19.53,23.65,0.0,-0.0,0.0,326.0,2.55,14.0,97607.0,False,1,4,15
2009-01-15 05:00:00,19.09,23.9,0.0,-0.0,0.0,324.0,2.62,14.0,97636.0,False,1,5,15
2009-01-15 06:00:00,18.67,24.25,0.0,-0.0,0.0,322.0,2.62,13.0,97656.0,False,1,6,15
2009-01-15 07:00:00,18.52,24.85,88.0,318.59,47.0,321.4,2.62,15.0,97704.0,False,1,7,15
2009-01-15 08:00:00,19.9,23.25,316.0,574.87,114.0,321.8,2.55,20.0,97781.0,False,1,8,15
2009-01-15 09:00:00,22.5,18.7,551.0,763.49,135.0,325.6,3.24,26.0,97829.0,False,1,9,15
2009-01-15 10:00:00,25.32,15.35,742.0,859.26,144.0,332.4,3.31,31.0,97762.0,False,1,10,15
2009-01-15 11:00:00,27.91,12.95,867.0,902.63,150.0,340.4,3.24,33.0,97675.0,False,1,11,15
2009-01-15 12:00:00,30.06,11.3,917.0,919.19,151.0,348.4,3.03,32.0,97569.0,False,1,12,15
2009-01-15 13:00:00,31.66,10.4,896.0,942.87,132.0,354.4,2.9,28.0,97405.0,False,1,13,15
2009-01-15 14:00:00,32.71,10.0,779.0,871.0,146.0,358.8,2.9,27.0,97318.0,False,1,14,15
2009-01-15 15:00:00,33.16,10.1,608.0,814.04,129.0,361.4,2.76,30.0,97279.0,False,1,15,15
2009-01-15 16:00:00,33.02,10.45,381.0,659.69,114.0,362.0,2.62,37.0,97260.0,False,1,16,15
2009-01-15 17:00:00,32.13,11.6,118.0,207.23,79.0,360.0,2.14,40.0,97270.0,False,1,17,15
2009-01-15 18:00:00,30.19,13.95,0.0,-0.0,0.0,355.4,2.14,29.0,97318.0,False,1,18,15
2009-01-15 19:00:00,28.32,15.6,0.0,-0.0,0.0,349.8,2.41,8.0,97395.0,False,1,19,15
2009-01-15 20:00:00,26.83,17.1,0.0,-0.0,0.0,346.8,2.62,8.0,97492.0,False,1,20,15
2009-01-15 21:00:00,25.67,18.55,0.0,-0.0,0.0,343.0,2.62,7.0,97549.0,False,1,21,15
2009-01-15 22:00:00,24.67,19.95,0.0,-0.0,0.0,340.0,2.48,5.0,97588.0,False,1,22,15
2009-01-15 23:00:00,23.69,21.4,0.0,-0.0,0.0,336.6,2.41,0.0,97578.0,False,1,23,15
2009-01-16 00:00:00,22.82,22.5,0.0,-0.0,0.0,334.2,2.41,358.0,97549.0,False,1,0,16
2009-01-16 01:00:00,21.96,23.4,0.0,-0.0,0.0,331.25,2.41,356.0,97492.0,False,1,1,16
2009-01-16 02:00:00,21.19,23.95,0.0,-0.0,0.0,328.4,2.34,357.0,97453.0,False,1,2,16
2009-01-16 03:00:00,20.53,24.2,0.0,-0.0,0.0,325.8,2.34,357.0,97405.0,False,1,3,16
2009-01-16 04:00:00,19.96,24.4,0.0,-0.0,0.0,323.6,2.34,357.0,97414.0,False,1,4,16
2009-01-16 05:00:00,19.52,24.4,0.0,-0.0,0.0,322.6,2.41,356.0,97434.0,False,1,5,16
2009-01-16 06:00:00,19.16,24.4,0.0,-0.0,0.0,321.6,2.48,358.0,97424.0,False,1,6,16
2009-01-16 07:00:00,19.21,24.75,48.0,31.19,44.0,324.0,2.48,355.0,97482.0,False,1,7,16
2009-01-16 08:00:00,20.9,23.0,300.0,480.99,131.0,323.2,2.21,4.0,97540.0,False,1,8,16
2009-01-16 09:00:00,24.03,18.4,482.0,478.64,221.0,326.6,2.62,13.0,97588.0,False,1,9,16
2009-01-16 10:00:00,27.18,14.95,727.0,797.88,171.0,335.0,2.62,23.0,97521.0,False,1,10,16
2009-01-16 11:00:00,29.88,12.35,873.0,919.95,141.0,345.2,2.48,31.0,97511.0,False,1,11,16
2009-01-16 12:00:00,31.97,10.6,909.0,886.13,169.0,356.2,2.34,36.0,97414.0,False,1,12,16
2009-01-16 13:00:00,33.34,9.75,836.0,736.12,238.0,363.6,2.0,40.0,97328.0,False,1,13,16
2009-01-16 14:00:00,34.25,9.45,786.0,888.81,138.0,364.8,1.66,36.0,97260.0,False,1,14,16
2009-01-16 15:00:00,34.53,9.5,393.0,155.71,301.0,368.0,1.59,25.0,97183.0,False,1,15,16
2009-01-16 16:00:00,34.43,9.65,361.0,535.41,143.0,368.0,1.66,19.0,97164.0,False,1,16,16
2009-01-16 17:00:00,33.54,11.1,36.0,0.0,36.0,365.2,1.31,15.0,97164.0,False,1,17,16
2009-01-16 18:00:00,32.06,13.3,0.0,-0.0,0.0,361.6,1.66,5.0,97222.0,False,1,18,16
2009-01-16 19:00:00,29.56,15.35,0.0,-0.0,0.0,355.2,2.41,357.0,97318.0,False,1,19,16
2009-01-16 20:00:00,27.7,16.9,0.0,-0.0,0.0,346.2,2.62,360.0,97395.0,False,1,20,16
2009-01-16 21:00:00,26.35,18.05,0.0,-0.0,0.0,341.2,2.83,0.0,97463.0,False,1,21,16
2009-01-16 22:00:00,25.29,18.85,0.0,-0.0,0.0,337.8,2.97,356.0,97569.0,False,1,22,16
2009-01-16 23:00:00,24.3,19.6,0.0,-0.0,0.0,333.2,3.03,356.0,97559.0,False,1,23,16
2009-01-17 00:00:00,23.52,20.4,0.0,-0.0,0.0,329.8,2.97,357.0,97559.0,False,1,0,17
2009-01-17 01:00:00,22.84,21.25,0.0,-0.0,0.0,327.25,2.97,356.0,97530.0,False,1,1,17
2009-01-17 02:00:00,22.21,21.9,0.0,-0.0,0.0,324.8,3.03,354.0,97501.0,False,1,2,17
2009-01-17 03:00:00,21.67,22.0,0.0,-0.0,0.0,326.0,3.03,352.0,97492.0,False,1,3,17
2009-01-17 04:00:00,21.06,21.85,0.0,-0.0,0.0,322.0,2.97,353.0,97501.0,False,1,4,17
2009-01-17 05:00:00,20.45,21.55,0.0,-0.0,0.0,318.8,2.83,356.0,97530.0,False,1,5,17
2009-01-17 06:00:00,19.87,21.3,0.0,-0.0,0.0,316.6,2.76,360.0,97549.0,False,1,6,17
2009-01-17 07:00:00,19.2,21.45,77.0,211.12,50.0,312.6,2.62,2.0,97598.0,False,1,7,17
2009-01-17 08:00:00,20.5,20.15,314.0,563.46,116.0,314.0,2.34,3.0,97665.0,False,1,8,17
2009-01-17 09:00:00,23.04,16.1,498.0,533.18,207.0,318.0,3.1,5.0,97723.0,False,1,9,17
2009-01-17 10:00:00,25.76,13.7,692.0,667.81,226.0,324.4,3.17,7.0,97675.0,False,1,10,17
2009-01-17 11:00:00,28.34,12.2,847.0,822.98,191.0,331.8,3.03,10.0,97627.0,False,1,11,17
2009-01-17 12:00:00,30.55,11.05,881.0,789.82,220.0,337.8,3.03,10.0,97549.0,False,1,12,17
2009-01-17 13:00:00,32.14,10.3,892.0,909.77,151.0,344.2,3.1,10.0,97453.0,False,1,13,17
2009-01-17 14:00:00,33.05,9.9,725.0,664.47,239.0,349.4,3.03,12.0,97347.0,False,1,14,17
2009-01-17 15:00:00,33.39,9.85,595.0,729.8,162.0,352.4,2.9,12.0,97270.0,False,1,15,17
2009-01-17 16:00:00,33.13,10.1,391.0,688.47,109.0,352.6,2.9,10.0,97270.0,False,1,16,17
2009-01-17 17:00:00,32.09,11.35,123.0,223.01,80.0,351.6,2.48,5.0,97270.0,False,1,17,17
2009-01-17 18:00:00,29.9,13.55,0.0,-0.0,0.0,351.2,2.55,1.0,97299.0,False,1,18,17
2009-01-17 19:00:00,28.04,15.8,0.0,-0.0,0.0,341.8,2.76,0.0,97414.0,False,1,19,17
2009-01-17 20:00:00,26.54,17.6,0.0,-0.0,0.0,337.6,2.9,359.0,97511.0,False,1,20,17
2009-01-17 21:00:00,25.36,19.05,0.0,-0.0,0.0,336.4,3.03,355.0,97617.0,False,1,21,17
2009-01-17 22:00:00,24.24,20.15,0.0,-0.0,0.0,331.6,3.17,352.0,97656.0,False,1,22,17
2009-01-17 23:00:00,23.18,20.6,0.0,-0.0,0.0,327.4,3.24,348.0,97665.0,False,1,23,17
2009-01-18 00:00:00,22.23,20.4,0.0,-0.0,0.0,324.4,3.24,347.0,97704.0,False,1,0,18
2009-01-18 01:00:00,21.38,19.85,0.0,-0.0,0.0,321.05,3.1,349.0,97694.0,False,1,1,18
2009-01-18 02:00:00,20.55,19.35,0.0,-0.0,0.0,317.8,2.83,352.0,97656.0,False,1,2,18
2009-01-18 03:00:00,19.81,19.1,0.0,-0.0,0.0,316.6,2.62,356.0,97675.0,False,1,3,18
2009-01-18 04:00:00,19.17,19.0,0.0,-0.0,0.0,315.0,2.55,359.0,97646.0,False,1,4,18
2009-01-18 05:00:00,18.6,19.1,0.0,-0.0,0.0,313.2,2.62,357.0,97656.0,False,1,5,18
2009-01-18 06:00:00,18.13,19.35,0.0,-0.0,0.0,313.4,2.69,356.0,97685.0,False,1,6,18
2009-01-18 07:00:00,17.78,20.35,81.0,258.64,48.0,312.0,2.55,349.0,97723.0,False,1,7,18
2009-01-18 08:00:00,18.86,20.1,311.0,543.37,120.0,314.6,2.62,350.0,97810.0,False,1,8,18
2009-01-18 09:00:00,20.73,18.3,538.0,695.53,158.0,320.8,3.24,353.0,97877.0,False,1,9,18
2009-01-18 10:00:00,23.0,16.95,660.0,565.23,265.0,331.4,3.24,353.0,97868.0,False,1,10,18
2009-01-18 11:00:00,25.03,15.95,673.0,358.14,387.0,341.6,3.17,352.0,97820.0,False,1,11,18
2009-01-18 12:00:00,27.09,14.95,778.0,504.32,355.0,347.4,3.24,353.0,97723.0,False,1,12,18
2009-01-18 13:00:00,28.61,14.3,861.0,797.15,210.0,349.8,3.24,352.0,97636.0,False,1,13,18
2009-01-18 14:00:00,29.7,13.8,711.0,611.89,262.0,346.4,3.1,350.0,97540.0,False,1,14,18
2009-01-18 15:00:00,30.3,13.55,598.0,731.81,162.0,347.2,2.97,349.0,97482.0,False,1,15,18
2009-01-18 16:00:00,30.27,13.7,381.0,616.43,127.0,349.0,2.83,351.0,97482.0,False,1,16,18
2009-01-18 17:00:00,29.54,14.8,136.0,302.38,77.0,347.8,2.48,351.0,97501.0,False,1,17,18
2009-01-18 18:00:00,27.79,17.25,0.0,-0.0,0.0,345.6,2.21,350.0,97511.0,False,1,18,18
2009-01-18 19:00:00,25.81,19.15,0.0,-0.0,0.0,343.6,2.76,343.0,97617.0,False,1,19,18
2009-01-18 20:00:00,24.67,20.55,0.0,-0.0,0.0,344.0,3.03,346.0,97713.0,False,1,20,18
2009-01-18 21:00:00,23.7,21.8,0.0,-0.0,0.0,347.0,3.1,348.0,97781.0,False,1,21,18
2009-01-18 22:00:00,22.76,23.35,0.0,-0.0,0.0,346.4,3.17,346.0,97820.0,False,1,22,18
2009-01-18 23:00:00,21.92,25.2,0.0,-0.0,0.0,347.8,3.17,342.0,97868.0,False,1,23,18
2009-01-19 00:00:00,21.23,26.9,0.0,-0.0,0.0,349.8,3.03,344.0,97868.0,False,1,0,19
2009-01-19 01:00:00,20.44,28.45,0.0,-0.0,0.0,336.45,2.76,349.0,97848.0,False,1,1,19
2009-01-19 02:00:00,19.88,29.1,0.0,-0.0,0.0,337.8,2.69,354.0,97791.0,False,1,2,19
2009-01-19 03:00:00,19.44,29.3,0.0,-0.0,0.0,338.8,2.55,353.0,97771.0,False,1,3,19
2009-01-19 04:00:00,19.24,29.05,0.0,-0.0,0.0,349.8,2.62,349.0,97800.0,False,1,4,19
2009-01-19 05:00:00,19.01,28.95,0.0,-0.0,0.0,352.6,2.76,349.0,97791.0,False,1,5,19
2009-01-19 06:00:00,18.59,29.65,0.0,-0.0,0.0,342.6,2.83,351.0,97800.0,False,1,6,19
2009-01-19 07:00:00,17.91,32.6,58.0,70.67,49.0,329.8,2.62,352.0,97839.0,False,1,7,19
2009-01-19 08:00:00,18.68,32.1,180.0,62.56,158.0,343.0,3.1,352.0,97945.0,False,1,8,19
2009-01-19 09:00:00,20.0,30.3,490.0,499.1,217.0,353.0,3.31,354.0,98012.0,False,1,9,19
2009-01-19 10:00:00,21.85,27.75,690.0,655.79,231.0,353.2,3.03,354.0,97984.0,False,1,10,19
2009-01-19 11:00:00,24.06,25.05,812.0,703.67,249.0,346.8,2.9,349.0,97897.0,False,1,11,19
2009-01-19 12:00:00,26.15,22.85,891.0,806.51,213.0,351.8,2.83,343.0,97810.0,False,1,12,19
2009-01-19 13:00:00,27.56,21.5,911.0,962.31,123.0,360.2,2.76,340.0,97685.0,False,1,13,19
2009-01-19 14:00:00,28.62,20.4,791.0,874.77,147.0,358.2,2.69,337.0,97598.0,False,1,14,19
2009-01-19 15:00:00,29.05,19.65,610.0,775.57,146.0,358.6,2.83,335.0,97559.0,False,1,15,19
2009-01-19 16:00:00,29.11,19.0,395.0,680.33,113.0,360.2,2.83,335.0,97559.0,False,1,16,19
2009-01-19 17:00:00,28.48,19.0,102.0,96.24,83.0,357.0,2.69,337.0,97549.0,False,1,17,19
2009-01-19 18:00:00,27.02,20.35,0.0,-0.0,0.0,355.0,2.34,339.0,97598.0,False,1,18,19
2009-01-19 19:00:00,25.04,19.8,0.0,-0.0,0.0,343.8,2.76,342.0,97694.0,False,1,19,19
2009-01-19 20:00:00,23.74,19.9,0.0,-0.0,0.0,338.4,3.17,346.0,97781.0,False,1,20,19
2009-01-19 21:00:00,22.54,20.4,0.0,-0.0,0.0,333.6,3.38,351.0,97848.0,False,1,21,19
2009-01-19 22:00:00,21.43,21.75,0.0,-0.0,0.0,330.0,3.31,352.0,97858.0,False,1,22,19
2009-01-19 23:00:00,20.48,23.15,0.0,-0.0,0.0,326.6,3.31,352.0,97868.0,False,1,23,19
2009-01-20 00:00:00,19.68,24.05,0.0,-0.0,0.0,324.6,3.31,351.0,97858.0,False,1,0,20
2009-01-20 01:00:00,19.0,24.2,0.0,-0.0,0.0,325.45,3.38,351.0,97839.0,False,1,1,20
2009-01-20 02:00:00,18.34,24.0,0.0,-0.0,0.0,320.4,3.52,352.0,97781.0,False,1,2,20
2009-01-20 03:00:00,17.78,23.7,0.0,-0.0,0.0,324.2,3.59,354.0,97771.0,False,1,3,20
2009-01-20 04:00:00,17.3,23.7,0.0,-0.0,0.0,330.8,3.52,357.0,97791.0,False,1,4,20
2009-01-20 05:00:00,16.87,24.15,0.0,-0.0,0.0,333.8,3.31,360.0,97810.0,False,1,5,20
2009-01-20 06:00:00,16.36,25.05,0.0,-0.0,0.0,325.2,3.1,1.0,97868.0,False,1,6,20
2009-01-20 07:00:00,16.16,26.15,47.0,31.45,43.0,320.2,2.83,4.0,97887.0,False,1,7,20
2009-01-20 08:00:00,16.66,26.0,236.0,198.9,166.0,318.8,3.17,6.0,97974.0,False,1,8,20
2009-01-20 09:00:00,17.91,24.6,363.0,157.03,277.0,322.4,3.59,8.0,98061.0,False,1,9,20
2009-01-20 10:00:00,19.64,22.15,609.0,417.93,316.0,315.6,3.66,7.0,98032.0,False,1,10,20
2009-01-20 11:00:00,21.38,19.55,336.0,8.73,329.0,320.6,3.52,5.0,97993.0,False,1,11,20
2009-01-20 12:00:00,23.0,17.15,361.0,10.68,352.0,322.8,3.31,3.0,97887.0,False,1,12,20
2009-01-20 13:00:00,24.37,15.2,802.0,611.37,300.0,325.4,3.03,3.0,97781.0,False,1,13,20
2009-01-20 14:00:00,25.34,13.85,647.0,425.12,333.0,329.0,2.69,3.0,97665.0,False,1,14,20
2009-01-20 15:00:00,25.82,13.2,549.0,529.32,231.0,330.2,2.34,4.0,97636.0,False,1,15,20
2009-01-20 16:00:00,25.79,12.9,203.0,45.57,184.0,330.8,2.0,6.0,97627.0,False,1,16,20
2009-01-20 17:00:00,25.32,13.15,97.0,75.11,82.0,328.8,1.79,8.0,97607.0,False,1,17,20
2009-01-20 18:00:00,24.25,15.05,0.0,-0.0,0.0,328.2,1.52,8.0,97617.0,False,1,18,20
2009-01-20 19:00:00,22.47,17.15,0.0,-0.0,0.0,326.2,1.72,1.0,97665.0,False,1,19,20
2009-01-20 20:00:00,21.35,19.0,0.0,-0.0,0.0,321.0,1.86,358.0,97752.0,False,1,20,20
2009-01-20 21:00:00,20.29,20.85,0.0,-0.0,0.0,319.8,1.93,0.0,97791.0,False,1,21,20
2009-01-20 22:00:00,19.41,22.45,0.0,-0.0,0.0,321.4,2.14,358.0,97771.0,False,1,22,20
2009-01-20 23:00:00,18.7,23.8,0.0,-0.0,0.0,320.6,2.28,352.0,97820.0,False,1,23,20
2009-01-21 00:00:00,18.08,25.05,0.0,-0.0,0.0,319.2,2.34,349.0,97820.0,False,1,0,21
2009-01-21 01:00:00,17.44,26.4,0.0,-0.0,0.0,314.65,2.41,349.0,97791.0,False,1,1,21
2009-01-21 02:00:00,16.91,27.5,0.0,-0.0,0.0,315.4,2.41,348.0,97752.0,False,1,2,21
2009-01-21 03:00:00,16.34,28.65,0.0,-0.0,0.0,308.8,2.41,347.0,97752.0,False,1,3,21
2009-01-21 04:00:00,15.78,29.7,0.0,-0.0,0.0,303.6,2.41,348.0,97742.0,False,1,4,21
2009-01-21 05:00:00,15.35,30.5,0.0,-0.0,0.0,303.4,2.34,350.0,97742.0,False,1,5,21
2009-01-21 06:00:00,14.92,31.3,0.0,-0.0,0.0,300.0,2.28,353.0,97781.0,False,1,6,21
2009-01-21 07:00:00,15.39,31.0,79.0,243.95,48.0,310.0,2.14,351.0,97781.0,False,1,7,21
2009-01-21 08:00:00,16.76,29.1,291.0,434.35,138.0,304.0,1.79,354.0,97868.0,False,1,8,21
2009-01-21 09:00:00,19.27,23.6,112.0,0.0,112.0,310.6,2.21,1.0,97955.0,False,1,9,21
2009-01-21 10:00:00,21.65,18.85,725.0,768.9,185.0,314.2,2.83,7.0,97964.0,False,1,10,21
2009-01-21 11:00:00,23.49,16.0,739.0,495.44,341.0,313.0,3.1,7.0,97897.0,False,1,11,21
2009-01-21 12:00:00,25.05,14.25,753.0,436.88,384.0,312.6,3.03,7.0,97800.0,False,1,12,21
2009-01-21 13:00:00,26.34,13.0,854.0,752.98,234.0,315.0,3.1,5.0,97675.0,False,1,13,21
2009-01-21 14:00:00,27.2,12.25,766.0,767.8,197.0,313.6,3.1,5.0,97588.0,False,1,14,21
2009-01-21 15:00:00,27.57,11.9,596.0,692.87,178.0,315.6,3.1,7.0,97569.0,False,1,15,21
2009-01-21 16:00:00,27.38,12.1,392.0,634.21,126.0,313.8,3.17,8.0,97549.0,False,1,16,21
2009-01-21 17:00:00,26.59,13.0,156.0,425.76,70.0,312.2,2.97,9.0,97588.0,False,1,17,21
2009-01-21 18:00:00,24.72,15.5,0.0,-0.0,0.0,309.0,2.34,10.0,97627.0,False,1,18,21
2009-01-21 19:00:00,23.08,17.35,0.0,-0.0,0.0,313.6,2.41,10.0,97742.0,False,1,19,21
2009-01-21 20:00:00,21.66,19.05,0.0,-0.0,0.0,307.0,2.55,11.0,97829.0,False,1,20,21
2009-01-21 21:00:00,20.52,20.4,0.0,-0.0,0.0,307.8,2.55,12.0,97858.0,False,1,21,21
2009-01-21 22:00:00,19.36,21.75,0.0,-0.0,0.0,294.6,2.48,11.0,97877.0,False,1,22,21
2009-01-21 23:00:00,18.33,23.0,0.0,-0.0,0.0,291.2,2.48,11.0,97916.0,False,1,23,21
2009-01-22 00:00:00,17.41,23.95,0.0,-0.0,0.0,288.0,2.55,13.0,97906.0,False,1,0,22
2009-01-22 01:00:00,16.68,24.55,0.0,-0.0,0.0,286.4,2.55,14.0,97916.0,False,1,1,22
2009-01-22 02:00:00,16.16,24.95,0.0,-0.0,0.0,288.0,2.48,15.0,97877.0,False,1,2,22
2009-01-22 03:00:00,15.65,25.5,0.0,-0.0,0.0,284.6,2.55,14.0,97877.0,False,1,3,22
2009-01-22 04:00:00,15.28,26.0,0.0,-0.0,0.0,285.6,2.55,13.0,97848.0,False,1,4,22
2009-01-22 05:00:00,14.88,26.7,0.0,-0.0,0.0,280.4,2.62,13.0,97906.0,False,1,5,22
2009-01-22 06:00:00,14.56,27.75,0.0,-0.0,0.0,280.4,2.69,14.0,97935.0,False,1,6,22
2009-01-22 07:00:00,14.77,31.4,78.0,228.28,49.0,283.6,2.76,16.0,97984.0,False,1,7,22
2009-01-22 08:00:00,16.52,33.25,294.0,442.38,138.0,285.6,2.76,23.0,98070.0,False,1,8,22
2009-01-22 09:00:00,19.18,32.0,516.0,593.5,190.0,291.0,3.93,31.0,98138.0,False,1,9,22
2009-01-22 10:00:00,21.62,28.8,693.0,656.64,231.0,298.2,4.41,37.0,98099.0,False,1,10,22
2009-01-22 11:00:00,23.7,25.25,832.0,747.81,230.0,307.0,4.76,42.0,98051.0,False,1,11,22
2009-01-22 12:00:00,25.31,22.05,882.0,761.81,237.0,314.6,4.9,44.0,97993.0,False,1,12,22
2009-01-22 13:00:00,26.49,19.6,856.0,754.5,233.0,323.6,4.9,45.0,97926.0,False,1,13,22
2009-01-22 14:00:00,27.24,17.9,739.0,668.41,242.0,325.6,4.9,43.0,97839.0,False,1,14,22
2009-01-22 15:00:00,27.48,16.85,561.0,554.62,225.0,324.6,4.97,40.0,97771.0,False,1,15,22
2009-01-22 16:00:00,27.08,16.65,348.0,412.44,174.0,324.0,5.03,38.0,97723.0,False,1,16,22
2009-01-22 17:00:00,26.12,16.9,136.0,254.57,84.0,321.6,4.55,36.0,97762.0,False,1,17,22
2009-01-22 18:00:00,24.43,17.65,0.0,-0.0,0.0,317.2,3.79,31.0,97800.0,False,1,18,22
2009-01-22 19:00:00,22.58,16.15,0.0,-0.0,0.0,309.6,3.72,31.0,97887.0,False,1,19,22
2009-01-22 20:00:00,21.36,15.05,0.0,-0.0,0.0,304.6,3.66,33.0,97974.0,False,1,20,22
2009-01-22 21:00:00,20.25,14.3,0.0,-0.0,0.0,296.4,3.45,34.0,98051.0,False,1,21,22
2009-01-22 22:00:00,19.25,14.3,0.0,-0.0,0.0,292.2,3.38,34.0,98070.0,False,1,22,22
2009-01-22 23:00:00,18.33,14.9,0.0,-0.0,0.0,286.6,3.24,35.0,98090.0,False,1,23,22
2009-01-23 00:00:00,17.5,15.75,0.0,-0.0,0.0,284.0,3.1,35.0,98080.0,False,1,0,23
2009-01-23 01:00:00,16.74,16.6,0.0,-0.0,0.0,282.4,3.03,34.0,98051.0,False,1,1,23
2009-01-23 02:00:00,16.05,17.3,0.0,-0.0,0.0,281.0,2.97,32.0,98022.0,False,1,2,23
2009-01-23 03:00:00,15.46,17.6,0.0,-0.0,0.0,280.4,3.03,32.0,98041.0,False,1,3,23
2009-01-23 04:00:00,14.95,17.65,0.0,-0.0,0.0,280.0,3.1,35.0,98032.0,False,1,4,23
2009-01-23 05:00:00,14.5,17.6,0.0,-0.0,0.0,279.4,3.17,35.0,98070.0,False,1,5,23
2009-01-23 06:00:00,14.11,17.5,0.0,-0.0,0.0,279.0,3.31,34.0,98061.0,False,1,6,23
2009-01-23 07:00:00,14.47,16.9,84.0,291.18,47.0,282.0,3.45,38.0,98128.0,False,1,7,23
2009-01-23 08:00:00,15.46,16.2,294.0,441.82,138.0,282.6,3.38,38.0,98205.0,False,1,8,23
2009-01-23 09:00:00,17.21,13.45,489.0,488.93,220.0,284.4,4.41,39.0,98254.0,False,1,9,23
2009-01-23 10:00:00,19.11,11.6,687.0,629.85,243.0,288.8,4.69,38.0,98196.0,False,1,10,23
2009-01-23 11:00:00,21.14,10.2,829.0,733.8,237.0,295.0,4.55,37.0,98099.0,False,1,11,23
2009-01-23 12:00:00,23.04,9.05,885.0,762.29,238.0,306.0,4.28,38.0,98061.0,False,1,12,23
2009-01-23 13:00:00,24.57,8.25,874.0,800.67,211.0,318.6,4.0,37.0,97955.0,False,1,13,23
2009-01-23 14:00:00,25.74,7.7,759.0,725.15,218.0,321.8,3.86,35.0,97868.0,False,1,14,23
2009-01-23 15:00:00,26.33,7.45,591.0,655.87,192.0,312.6,3.79,35.0,97791.0,False,1,15,23
2009-01-23 16:00:00,26.29,7.5,368.0,492.54,159.0,311.2,3.72,34.0,97781.0,False,1,16,23
2009-01-23 17:00:00,25.52,8.15,146.0,314.72,81.0,310.6,3.38,30.0,97791.0,False,1,17,23
2009-01-23 18:00:00,23.73,9.8,0.0,-0.0,0.0,308.2,2.83,26.0,97810.0,False,1,18,23
2009-01-23 19:00:00,21.98,11.3,0.0,-0.0,0.0,306.0,2.55,25.0,97858.0,False,1,19,23
2009-01-23 20:00:00,20.64,12.6,0.0,-0.0,0.0,302.8,2.55,24.0,97935.0,False,1,20,23
2009-01-23 21:00:00,19.51,13.7,0.0,-0.0,0.0,299.8,2.55,21.0,97974.0,False,1,21,23
2009-01-23 22:00:00,18.51,14.65,0.0,-0.0,0.0,296.6,2.55,20.0,98012.0,False,1,22,23
2009-01-23 23:00:00,17.62,15.4,0.0,-0.0,0.0,293.8,2.55,20.0,97945.0,False,1,23,23
2009-01-24 00:00:00,16.84,15.95,0.0,-0.0,0.0,291.2,2.48,17.0,97964.0,False,1,0,24
2009-01-24 01:00:00,16.13,16.35,0.0,-0.0,0.0,289.6,2.41,12.0,97935.0,False,1,1,24
2009-01-24 02:00:00,15.47,16.65,0.0,-0.0,0.0,287.6,2.41,11.0,97887.0,False,1,2,24
2009-01-24 03:00:00,14.91,16.85,0.0,-0.0,0.0,287.0,2.34,11.0,97839.0,False,1,3,24
2009-01-24 04:00:00,14.44,16.95,0.0,-0.0,0.0,286.8,2.41,9.0,97858.0,False,1,4,24
2009-01-24 05:00:00,14.03,16.9,0.0,-0.0,0.0,287.0,2.55,10.0,97858.0,False,1,5,24
2009-01-24 06:00:00,13.72,16.7,0.0,-0.0,0.0,287.4,2.76,13.0,97868.0,False,1,6,24
2009-01-24 07:00:00,13.82,16.95,81.0,251.64,49.0,289.8,2.55,22.0,97897.0,False,1,7,24
2009-01-24 08:00:00,15.38,16.65,314.0,554.28,118.0,291.0,2.41,30.0,97945.0,False,1,8,24
2009-01-24 09:00:00,17.99,14.35,536.0,669.51,167.0,294.2,3.31,38.0,97993.0,False,1,9,24
2009-01-24 10:00:00,20.63,13.2,737.0,799.91,172.0,299.6,3.66,42.0,97897.0,False,1,10,24
2009-01-24 11:00:00,23.08,11.75,865.0,841.0,185.0,306.4,3.66,43.0,97877.0,False,1,11,24
2009-01-24 12:00:00,25.15,10.45,918.0,856.75,189.0,313.0,3.45,44.0,97810.0,False,1,12,24
2009-01-24 13:00:00,26.68,9.7,896.0,864.61,178.0,319.0,3.17,44.0,97704.0,False,1,13,24
2009-01-24 14:00:00,27.73,9.2,784.0,801.52,184.0,323.2,2.97,42.0,97627.0,False,1,14,24
2009-01-24 15:00:00,28.24,8.95,612.0,723.53,170.0,325.6,2.83,39.0,97569.0,False,1,15,24
2009-01-24 16:00:00,28.2,8.95,391.0,592.81,138.0,326.2,2.69,36.0,97588.0,False,1,16,24
2009-01-24 17:00:00,27.45,10.0,153.0,349.65,80.0,326.6,2.14,30.0,97607.0,False,1,17,24
2009-01-24 18:00:00,25.64,12.55,0.0,-0.0,0.0,322.0,2.07,20.0,97617.0,False,1,18,24
2009-01-24 19:00:00,23.9,14.0,0.0,-0.0,0.0,317.6,2.14,22.0,97704.0,False,1,19,24
2009-01-24 20:00:00,22.35,15.55,0.0,-0.0,0.0,314.2,2.28,22.0,97771.0,False,1,20,24
2009-01-24 21:00:00,21.0,17.15,0.0,-0.0,0.0,311.2,2.28,22.0,97829.0,False,1,21,24
2009-01-24 22:00:00,19.85,18.7,0.0,-0.0,0.0,309.0,2.21,20.0,97839.0,False,1,22,24
2009-01-24 23:00:00,18.84,20.35,0.0,-0.0,0.0,306.8,2.14,18.0,97848.0,False,1,23,24
2009-01-25 00:00:00,17.96,22.05,0.0,-0.0,0.0,304.6,2.07,18.0,97848.0,False,1,0,25
2009-01-25 01:00:00,17.13,23.7,0.0,-0.0,0.0,303.2,2.07,18.0,97848.0,False,1,1,25
2009-01-25 02:00:00,16.39,25.05,0.0,-0.0,0.0,301.6,2.14,16.0,97752.0,False,1,2,25
2009-01-25 03:00:00,15.86,25.65,0.0,-0.0,0.0,300.6,2.21,13.0,97733.0,False,1,3,25
2009-01-25 04:00:00,15.49,25.6,0.0,-0.0,0.0,300.0,2.28,11.0,97723.0,False,1,4,25
2009-01-25 05:00:00,15.14,25.45,0.0,-0.0,0.0,299.4,2.28,12.0,97694.0,False,1,5,25
2009-01-25 06:00:00,14.8,25.35,0.0,-0.0,0.0,298.8,2.21,14.0,97704.0,False,1,6,25
2009-01-25 07:00:00,15.03,26.55,87.0,321.99,46.0,303.6,1.86,15.0,97733.0,False,1,7,25
2009-01-25 08:00:00,16.99,24.45,325.0,621.12,105.0,306.2,1.45,17.0,97791.0,False,1,8,25
2009-01-25 09:00:00,20.55,17.7,556.0,751.56,141.0,310.4,1.79,21.0,97829.0,False,1,9,25
2009-01-25 10:00:00,23.63,13.6,743.0,815.21,166.0,318.2,2.07,25.0,97791.0,False,1,10,25
2009-01-25 11:00:00,26.1,10.9,876.0,874.86,167.0,325.8,2.34,35.0,97742.0,False,1,11,25
2009-01-25 12:00:00,27.87,9.4,930.0,890.9,170.0,332.2,2.14,44.0,97646.0,False,1,12,25
2009-01-25 13:00:00,29.14,8.8,909.0,899.33,160.0,337.0,1.72,44.0,97540.0,False,1,13,25
2009-01-25 14:00:00,29.95,8.65,796.0,833.44,170.0,341.2,1.45,40.0,97424.0,False,1,14,25
2009-01-25 15:00:00,30.32,8.75,628.0,782.47,148.0,343.4,1.31,32.0,97385.0,False,1,15,25
2009-01-25 16:00:00,30.25,8.85,407.0,666.31,121.0,342.8,1.38,24.0,97414.0,False,1,16,25
2009-01-25 17:00:00,29.63,9.6,164.0,431.24,73.0,340.2,1.45,19.0,97424.0,False,1,17,25
2009-01-25 18:00:00,28.04,12.05,0.0,-0.0,0.0,336.0,1.93,12.0,97453.0,False,1,18,25
2009-01-25 19:00:00,25.88,13.25,0.0,-0.0,0.0,331.6,2.28,20.0,97521.0,False,1,19,25
2009-01-25 20:00:00,24.24,14.3,0.0,-0.0,0.0,328.4,2.34,22.0,97559.0,False,1,20,25
2009-01-25 21:00:00,22.92,15.4,0.0,-0.0,0.0,325.4,2.34,24.0,97656.0,False,1,21,25
2009-01-25 22:00:00,21.79,16.65,0.0,-0.0,0.0,322.4,2.34,23.0,97685.0,False,1,22,25
2009-01-25 23:00:00,20.84,17.9,0.0,-0.0,0.0,320.0,2.34,17.0,97742.0,False,1,23,25
2009-01-26 00:00:00,20.04,19.0,0.0,-0.0,0.0,317.6,2.34,12.0,97742.0,False,1,0,26
2009-01-26 01:00:00,19.32,19.9,0.0,-0.0,0.0,315.85,2.34,8.0,97723.0,False,1,1,26
2009-01-26 02:00:00,18.65,20.65,0.0,-0.0,0.0,314.2,2.28,5.0,97675.0,False,1,2,26
2009-01-26 03:00:00,18.03,21.25,0.0,-0.0,0.0,311.8,2.28,4.0,97627.0,False,1,3,26
2009-01-26 04:00:00,17.42,21.75,0.0,-0.0,0.0,310.6,2.21,7.0,97636.0,False,1,4,26
2009-01-26 05:00:00,16.85,22.25,0.0,-0.0,0.0,309.8,2.07,9.0,97646.0,False,1,5,26
2009-01-26 06:00:00,16.29,22.8,0.0,-0.0,0.0,308.2,2.07,8.0,97665.0,False,1,6,26
2009-01-26 07:00:00,16.2,25.75,87.0,329.24,45.0,310.4,1.72,12.0,97742.0,False,1,7,26
2009-01-26 08:00:00,17.93,24.8,324.0,608.7,108.0,318.2,1.31,11.0,97762.0,False,1,8,26
2009-01-26 09:00:00,21.86,17.7,557.0,751.88,141.0,325.8,1.45,20.0,97839.0,False,1,9,26
2009-01-26 10:00:00,24.95,13.65,753.0,847.3,152.0,330.2,1.59,29.0,97781.0,False,1,10,26
2009-01-26 11:00:00,27.66,10.45,893.0,924.52,142.0,341.2,1.86,34.0,97762.0,False,1,11,26
2009-01-26 12:00:00,29.7,8.7,938.0,907.31,162.0,344.8,1.86,31.0,97665.0,False,1,12,26
2009-01-26 13:00:00,31.05,8.3,921.0,933.83,141.0,349.8,1.52,17.0,97569.0,False,1,13,26
2009-01-26 14:00:00,31.68,8.05,803.0,849.19,163.0,350.6,1.45,2.0,97453.0,False,1,14,26
2009-01-26 15:00:00,32.06,7.75,635.0,798.71,143.0,351.4,1.59,355.0,97414.0,False,1,15,26
2009-01-26 16:00:00,31.98,7.5,412.0,678.76,119.0,350.8,1.66,358.0,97395.0,False,1,16,26
2009-01-26 17:00:00,31.22,8.4,168.0,450.2,72.0,346.8,1.45,5.0,97434.0,False,1,17,26
2009-01-26 18:00:00,29.63,10.7,0.0,-0.0,0.0,343.0,1.79,11.0,97443.0,False,1,18,26
2009-01-26 19:00:00,27.36,11.9,0.0,-0.0,0.0,332.8,2.14,27.0,97511.0,False,1,19,26
2009-01-26 20:00:00,25.49,13.2,0.0,-0.0,0.0,330.8,2.34,31.0,97559.0,False,1,20,26
2009-01-26 21:00:00,23.95,14.05,0.0,-0.0,0.0,328.8,2.34,33.0,97627.0,False,1,21,26
2009-01-26 22:00:00,22.78,14.95,0.0,-0.0,0.0,327.2,2.34,31.0,97646.0,False,1,22,26
2009-01-26 23:00:00,21.79,16.1,0.0,-0.0,0.0,325.4,2.28,24.0,97665.0,False,1,23,26
2009-01-27 00:00:00,20.9,17.35,0.0,-0.0,0.0,323.4,2.21,17.0,97665.0,False,1,0,27
2009-01-27 01:00:00,20.13,18.45,0.0,-0.0,0.0,321.05,2.21,10.0,97646.0,False,1,1,27
2009-01-27 02:00:00,19.43,19.35,0.0,-0.0,0.0,319.2,2.21,5.0,97578.0,False,1,2,27
2009-01-27 03:00:00,18.85,19.7,0.0,-0.0,0.0,317.4,2.28,1.0,97598.0,False,1,3,27
2009-01-27 04:00:00,18.36,19.65,0.0,-0.0,0.0,315.4,2.28,3.0,97578.0,False,1,4,27
2009-01-27 05:00:00,17.91,19.3,0.0,-0.0,0.0,313.8,2.34,8.0,97617.0,False,1,5,27
2009-01-27 06:00:00,17.52,18.8,0.0,-0.0,0.0,311.4,2.34,14.0,97627.0,False,1,6,27
2009-01-27 07:00:00,16.98,21.25,86.0,312.82,46.0,306.8,2.14,22.0,97704.0,False,1,7,27
2009-01-27 08:00:00,18.81,20.85,326.0,621.52,105.0,307.2,1.59,30.0,97752.0,False,1,8,27
2009-01-27 09:00:00,22.86,15.1,561.0,766.54,136.0,311.0,1.66,39.0,97829.0,False,1,9,27
2009-01-27 10:00:00,26.5,11.35,754.0,848.24,151.0,319.2,1.93,45.0,97810.0,False,1,10,27
2009-01-27 11:00:00,29.34,9.0,890.0,908.8,150.0,328.0,2.14,46.0,97762.0,False,1,11,27
2009-01-27 12:00:00,31.3,7.65,935.0,892.1,170.0,336.8,2.0,45.0,97656.0,False,1,12,27
2009-01-27 13:00:00,32.53,7.2,919.0,916.77,151.0,342.4,1.59,35.0,97598.0,False,1,13,27
2009-01-27 14:00:00,33.27,7.1,802.0,834.42,171.0,346.8,1.38,20.0,97472.0,False,1,14,27
2009-01-27 15:00:00,33.57,7.05,638.0,800.27,143.0,349.2,1.38,8.0,97443.0,False,1,15,27
2009-01-27 16:00:00,33.42,7.0,415.0,681.88,119.0,349.0,1.59,6.0,97443.0,False,1,16,27
2009-01-27 17:00:00,32.55,8.2,169.0,440.96,74.0,347.4,1.52,7.0,97482.0,False,1,17,27
2009-01-27 18:00:00,30.61,10.35,0.0,-0.0,0.0,342.6,2.21,7.0,97521.0,False,1,18,27
2009-01-27 19:00:00,28.14,11.8,0.0,-0.0,0.0,340.0,2.48,14.0,97588.0,False,1,19,27
2009-01-27 20:00:00,26.42,12.3,0.0,-0.0,0.0,336.0,2.62,20.0,97617.0,False,1,20,27
2009-01-27 21:00:00,25.08,13.05,0.0,-0.0,0.0,333.0,2.69,26.0,97694.0,False,1,21,27
2009-01-27 22:00:00,23.99,14.05,0.0,-0.0,0.0,330.6,2.62,28.0,97665.0,False,1,22,27
2009-01-27 23:00:00,23.04,15.15,0.0,-0.0,0.0,328.2,2.55,25.0,97646.0,False,1,23,27
2009-01-28 00:00:00,22.17,16.2,0.0,-0.0,0.0,326.4,2.41,21.0,97617.0,False,1,0,28
2009-01-28 01:00:00,21.36,17.05,0.0,-0.0,0.0,324.45,2.41,16.0,97617.0,False,1,1,28
2009-01-28 02:00:00,20.61,17.5,0.0,-0.0,0.0,322.2,2.48,14.0,97569.0,False,1,2,28
2009-01-28 03:00:00,20.0,17.4,0.0,-0.0,0.0,320.2,2.55,14.0,97530.0,False,1,3,28
2009-01-28 04:00:00,19.53,16.85,0.0,-0.0,0.0,318.0,2.55,18.0,97540.0,False,1,4,28
2009-01-28 05:00:00,19.08,16.35,0.0,-0.0,0.0,316.6,2.48,22.0,97559.0,False,1,5,28
2009-01-28 06:00:00,18.65,16.2,0.0,-0.0,0.0,315.8,2.41,25.0,97569.0,False,1,6,28
2009-01-28 07:00:00,18.64,16.7,88.0,327.51,46.0,317.0,2.34,26.0,97646.0,False,1,7,28
2009-01-28 08:00:00,20.4,16.2,327.0,622.94,105.0,319.2,2.0,28.0,97694.0,False,1,8,28
2009-01-28 09:00:00,23.84,12.55,556.0,737.86,146.0,321.8,2.41,32.0,97762.0,False,1,9,28
2009-01-28 10:00:00,26.95,10.1,748.0,816.83,166.0,327.0,2.76,36.0,97752.0,False,1,10,28
2009-01-28 11:00:00,29.65,8.3,878.0,860.03,176.0,337.6,2.9,42.0,97694.0,False,1,11,28
2009-01-28 12:00:00,31.64,6.95,928.0,859.5,189.0,343.4,2.9,49.0,97569.0,False,1,12,28
2009-01-28 13:00:00,33.0,6.4,908.0,867.65,179.0,348.0,2.55,50.0,97434.0,False,1,13,28
2009-01-28 14:00:00,33.81,6.45,796.0,803.92,186.0,352.6,2.14,45.0,97357.0,False,1,14,28
2009-01-28 15:00:00,34.11,6.7,634.0,771.23,155.0,354.8,1.86,37.0,97289.0,False,1,15,28
2009-01-28 16:00:00,33.98,6.95,413.0,657.49,126.0,355.6,1.66,30.0,97318.0,False,1,16,28
2009-01-28 17:00:00,33.21,8.05,170.0,427.35,77.0,354.4,1.52,18.0,97357.0,False,1,17,28
2009-01-28 18:00:00,31.36,10.4,0.0,-0.0,0.0,350.0,2.14,4.0,97385.0,False,1,18,28
2009-01-28 19:00:00,28.85,11.2,0.0,-0.0,0.0,342.4,2.41,10.0,97463.0,False,1,19,28
2009-01-28 20:00:00,27.11,12.05,0.0,-0.0,0.0,338.6,2.55,17.0,97492.0,False,1,20,28
2009-01-28 21:00:00,25.79,12.85,0.0,-0.0,0.0,335.4,2.62,23.0,97559.0,False,1,21,28
2009-01-28 22:00:00,24.71,13.7,0.0,-0.0,0.0,332.4,2.55,26.0,97559.0,False,1,22,28
2009-01-28 23:00:00,23.75,14.65,0.0,-0.0,0.0,330.0,2.48,28.0,97530.0,False,1,23,28
2009-01-29 00:00:00,22.89,15.5,0.0,-0.0,0.0,327.8,2.48,26.0,97549.0,False,1,0,29
2009-01-29 01:00:00,22.11,16.3,0.0,-0.0,0.0,325.45,2.41,25.0,97530.0,False,1,1,29
2009-01-29 02:00:00,21.39,17.0,0.0,-0.0,0.0,323.0,2.41,24.0,97492.0,False,1,2,29
2009-01-29 03:00:00,20.73,17.55,0.0,-0.0,0.0,321.2,2.41,21.0,97443.0,False,1,3,29
2009-01-29 04:00:00,20.13,18.0,0.0,-0.0,0.0,319.2,2.34,23.0,97482.0,False,1,4,29
2009-01-29 05:00:00,19.57,18.4,0.0,-0.0,0.0,317.4,2.28,25.0,97463.0,False,1,5,29
2009-01-29 06:00:00,19.11,18.8,0.0,-0.0,0.0,316.6,2.28,27.0,97501.0,False,1,6,29
2009-01-29 07:00:00,19.05,20.05,79.0,233.13,49.0,316.8,2.07,34.0,97559.0,False,1,7,29
2009-01-29 08:00:00,20.82,21.0,278.0,347.11,154.0,319.4,1.52,36.0,97617.0,False,1,8,29
2009-01-29 09:00:00,25.17,14.05,514.0,558.41,203.0,322.2,1.72,39.0,97694.0,False,1,9,29
2009-01-29 10:00:00,28.66,10.4,650.0,495.66,296.0,333.0,2.07,42.0,97704.0,False,1,10,29
2009-01-29 11:00:00,31.35,8.05,802.0,623.25,292.0,340.2,2.41,46.0,97627.0,False,1,11,29
2009-01-29 12:00:00,33.32,6.7,848.0,621.72,312.0,348.6,2.48,48.0,97530.0,False,1,12,29
2009-01-29 13:00:00,34.55,6.55,860.0,714.37,258.0,355.4,2.21,45.0,97405.0,False,1,13,29
2009-01-29 14:00:00,35.24,6.8,772.0,715.83,227.0,360.4,1.79,40.0,97337.0,False,1,14,29
2009-01-29 15:00:00,35.5,7.05,640.0,787.32,149.0,361.2,1.52,34.0,97289.0,False,1,15,29
2009-01-29 16:00:00,35.35,7.3,411.0,635.67,132.0,361.8,1.52,26.0,97299.0,False,1,16,29
2009-01-29 17:00:00,34.53,8.35,162.0,354.9,84.0,358.0,1.52,15.0,97328.0,False,1,17,29
2009-01-29 18:00:00,32.53,10.5,0.0,-0.0,0.0,353.2,2.28,4.0,97366.0,False,1,18,29
2009-01-29 19:00:00,29.93,11.15,0.0,-0.0,0.0,345.4,2.48,16.0,97434.0,False,1,19,29
2009-01-29 20:00:00,28.14,11.8,0.0,-0.0,0.0,341.4,2.62,22.0,97472.0,False,1,20,29
2009-01-29 21:00:00,26.75,12.45,0.0,-0.0,0.0,337.2,2.69,24.0,97540.0,False,1,21,29
2009-01-29 22:00:00,25.6,13.3,0.0,-0.0,0.0,334.4,2.62,24.0,97521.0,False,1,22,29
2009-01-29 23:00:00,24.63,14.25,0.0,-0.0,0.0,331.0,2.55,24.0,97549.0,False,1,23,29
2009-01-30 00:00:00,23.73,15.3,0.0,-0.0,0.0,328.6,2.48,22.0,97521.0,False,1,0,30
2009-01-30 01:00:00,22.8,16.5,0.0,-0.0,0.0,326.25,2.48,18.0,97521.0,False,1,1,30
2009-01-30 02:00:00,21.86,17.85,0.0,-0.0,0.0,323.0,2.48,10.0,97492.0,False,1,2,30
2009-01-30 03:00:00,21.0,19.2,0.0,-0.0,0.0,320.0,2.48,5.0,97434.0,False,1,3,30
2009-01-30 04:00:00,20.29,20.05,0.0,-0.0,0.0,317.0,2.48,3.0,97482.0,False,1,4,30
2009-01-30 05:00:00,19.72,20.35,0.0,-0.0,0.0,314.0,2.48,6.0,97463.0,False,1,5,30
2009-01-30 06:00:00,19.23,20.2,0.0,-0.0,0.0,312.0,2.48,12.0,97521.0,False,1,6,30
2009-01-30 07:00:00,19.22,19.95,87.0,309.62,47.0,311.6,2.48,14.0,97588.0,False,1,7,30
2009-01-30 08:00:00,21.06,18.0,327.0,611.46,108.0,311.4,2.21,20.0,97675.0,False,1,8,30
2009-01-30 09:00:00,24.63,13.45,556.0,725.44,151.0,315.8,2.62,26.0,97733.0,False,1,9,30
2009-01-30 10:00:00,28.04,10.6,744.0,787.78,180.0,323.8,2.9,33.0,97704.0,False,1,10,30
2009-01-30 11:00:00,31.05,8.8,868.0,813.05,201.0,333.2,2.97,41.0,97607.0,False,1,11,30
2009-01-30 12:00:00,33.45,7.6,912.0,795.87,224.0,342.2,3.1,50.0,97492.0,False,1,12,30
2009-01-30 13:00:00,34.98,7.0,898.0,821.09,204.0,349.6,2.97,57.0,97385.0,False,1,13,30
2009-01-30 14:00:00,35.8,7.1,788.0,760.53,207.0,354.8,2.69,57.0,97299.0,False,1,14,30
2009-01-30 15:00:00,36.09,7.4,636.0,758.58,161.0,357.6,2.28,52.0,97241.0,False,1,15,30
2009-01-30 16:00:00,35.93,7.55,418.0,661.69,126.0,358.4,2.14,44.0,97241.0,False,1,16,30
2009-01-30 17:00:00,35.04,8.5,177.0,459.63,75.0,356.8,1.79,32.0,97250.0,False,1,17,30
2009-01-30 18:00:00,32.92,10.35,0.0,-0.0,0.0,351.8,2.28,21.0,97270.0,False,1,18,30
2009-01-30 19:00:00,30.41,11.25,0.0,-0.0,0.0,345.8,2.55,18.0,97347.0,False,1,19,30
2009-01-30 20:00:00,28.62,12.35,0.0,-0.0,0.0,342.0,2.62,24.0,97405.0,False,1,20,30
2009-01-30 21:00:00,27.16,13.7,0.0,-0.0,0.0,338.2,2.62,26.0,97443.0,False,1,21,30
2009-01-30 22:00:00,25.93,15.15,0.0,-0.0,0.0,335.0,2.55,25.0,97434.0,False,1,22,30
2009-01-30 23:00:00,24.84,16.6,0.0,-0.0,0.0,332.2,2.48,23.0,97395.0,False,1,23,30
2009-01-31 00:00:00,23.96,17.9,0.0,-0.0,0.0,329.4,2.48,22.0,97424.0,False,1,0,31
2009-01-31 01:00:00,23.13,19.15,0.0,-0.0,0.0,327.45,2.48,21.0,97376.0,False,1,1,31
2009-01-31 02:00:00,22.39,20.1,0.0,-0.0,0.0,325.4,2.48,22.0,97328.0,False,1,2,31
2009-01-31 03:00:00,21.68,21.0,0.0,-0.0,0.0,323.0,2.48,20.0,97299.0,False,1,3,31
2009-01-31 04:00:00,20.98,21.9,0.0,-0.0,0.0,320.8,2.41,17.0,97328.0,False,1,4,31
2009-01-31 05:00:00,20.32,22.7,0.0,-0.0,0.0,318.6,2.34,15.0,97395.0,False,1,5,31
2009-01-31 06:00:00,19.69,23.45,0.0,-0.0,0.0,316.6,2.28,14.0,97424.0,False,1,6,31
2009-01-31 07:00:00,19.46,24.25,86.0,292.83,48.0,315.8,2.21,14.0,97482.0,False,1,7,31
2009-01-31 08:00:00,21.25,22.65,326.0,601.42,110.0,316.6,1.72,22.0,97521.0,False,1,8,31
2009-01-31 09:00:00,25.13,16.2,554.0,712.9,155.0,321.0,2.0,31.0,97617.0,False,1,9,31
2009-01-31 10:00:00,28.59,12.5,741.0,773.28,186.0,329.4,2.14,44.0,97588.0,False,1,10,31
2009-01-31 11:00:00,31.61,10.45,866.0,797.58,210.0,339.8,2.28,58.0,97521.0,False,1,11,31
2009-01-31 12:00:00,33.93,9.35,920.0,812.15,216.0,348.8,2.55,74.0,97434.0,False,1,12,31
2009-01-31 13:00:00,35.34,8.7,901.0,821.0,205.0,356.4,2.55,86.0,97299.0,False,1,13,31
2009-01-31 14:00:00,36.07,8.65,791.0,760.58,208.0,361.2,2.14,91.0,97241.0,False,1,14,31
2009-01-31 15:00:00,36.29,8.75,621.0,690.32,187.0,364.0,1.72,88.0,97164.0,False,1,15,31
2009-01-31 16:00:00,34.5,10.97,416.0,637.87,133.0,361.8,1.8,75.0,97154.0,False,1,16,31
2009-01-31 17:00:00,33.41,11.83,179.0,464.22,75.0,358.86,1.86,56.0,97173.0,False,1,17,31
2009-01-31 18:00:00,32.32,12.7,0.0,-0.0,0.0,355.92,1.92,21.0,97193.0,False,1,18,31
2009-01-31 19:00:00,31.23,13.57,0.0,-0.0,0.0,352.98,1.97,359.0,97270.0,False,1,19,31
2009-01-31 20:00:00,30.14,14.43,0.0,-0.0,0.0,350.04,2.03,4.0,97308.0,False,1,20,31
2009-01-31 21:00:00,29.04,15.3,0.0,-0.0,0.0,347.1,2.09,12.0,97385.0,False,1,21,31
2009-01-31 22:00:00,27.95,16.17,0.0,-0.0,0.0,344.16,2.14,20.0,97395.0,False,1,22,31
2009-01-31 23:00:00,26.86,17.03,0.0,-0.0,0.0,341.22,2.2,25.0,97395.0,False,1,23,31
2019-02-01 00:00:00,25.77,17.9,0.0,-0.0,0.0,338.28,2.26,36.0,97578.0,False,2,0,32
2019-02-01 01:00:00,24.68,18.77,0.0,-0.0,0.0,335.34,2.31,37.0,97501.0,False,2,1,32
2019-02-01 02:00:00,23.59,19.63,0.0,-0.0,0.0,332.41,2.37,39.0,97492.0,False,2,2,32
2019-02-01 03:00:00,22.49,20.5,0.0,-0.0,0.0,329.47,2.43,42.0,97463.0,False,2,3,32
2019-02-01 04:00:00,21.4,21.37,0.0,-0.0,0.0,326.53,2.48,50.0,97482.0,False,2,4,32
2019-02-01 05:00:00,20.31,22.23,0.0,-0.0,0.0,323.59,2.54,57.0,97521.0,False,2,5,32
2019-02-01 06:00:00,19.22,23.1,0.0,-0.0,0.0,320.65,2.6,61.0,97569.0,False,2,6,32
2019-02-01 07:00:00,18.13,23.97,84.0,268.38,49.0,317.71,2.65,60.0,97627.0,False,2,7,32
2019-02-01 08:00:00,22.45,21.4,319.0,544.14,123.0,324.4,1.86,61.0,97694.0,False,2,8,32
2019-02-01 09:00:00,26.39,15.45,557.0,712.82,157.0,329.2,2.28,64.0,97713.0,False,2,9,32
2019-02-01 10:00:00,29.83,12.5,752.0,796.32,179.0,338.0,2.62,70.0,97733.0,False,2,10,32
2019-02-01 11:00:00,32.64,10.55,890.0,858.55,182.0,348.0,2.9,78.0,97665.0,False,2,11,32
2019-02-01 12:00:00,34.65,9.2,947.0,875.49,186.0,358.0,3.03,88.0,97530.0,False,2,12,32
2019-02-01 13:00:00,35.65,8.7,912.0,836.19,201.0,370.4,2.76,98.0,97424.0,False,2,13,32
2019-02-01 14:00:00,36.16,8.55,809.0,802.23,192.0,376.8,2.41,106.0,97289.0,False,2,14,32
2019-02-01 15:00:00,36.28,8.6,556.0,456.27,268.0,378.0,1.93,110.0,97231.0,False,2,15,32
2019-02-01 16:00:00,36.06,8.8,278.0,136.77,217.0,376.6,1.45,105.0,97164.0,False,2,16,32
2019-02-01 17:00:00,35.35,9.8,119.0,97.29,97.0,368.6,0.9,79.0,97183.0,False,2,17,32
2019-02-01 18:00:00,33.86,12.65,0.0,-0.0,0.0,362.6,1.03,41.0,97231.0,False,2,18,32
2019-02-01 19:00:00,31.26,14.75,0.0,-0.0,0.0,360.0,1.45,33.0,97279.0,False,2,19,32
2019-02-01 20:00:00,29.21,16.7,0.0,-0.0,0.0,354.2,1.72,30.0,97337.0,False,2,20,32
2019-02-01 21:00:00,27.57,18.15,0.0,-0.0,0.0,353.0,2.07,28.0,97414.0,False,2,21,32
2019-02-01 22:00:00,26.06,19.35,0.0,-0.0,0.0,351.4,2.48,27.0,97424.0,False,2,22,32
2019-02-01 23:00:00,24.88,19.55,0.0,-0.0,0.0,346.0,2.41,30.0,97424.0,False,2,23,32
2019-02-02 00:00:00,24.02,19.85,0.0,-0.0,0.0,339.6,2.34,33.0,97443.0,False,2,0,33
2019-02-02 01:00:00,23.21,20.75,0.0,-0.0,0.0,335.45,2.28,38.0,97434.0,False,2,1,33
2019-02-02 02:00:00,22.39,22.1,0.0,-0.0,0.0,333.2,2.14,45.0,97395.0,False,2,2,33
2019-02-02 03:00:00,21.61,23.4,0.0,-0.0,0.0,331.4,2.14,54.0,97357.0,False,2,3,33
2019-02-02 04:00:00,20.9,24.4,0.0,-0.0,0.0,329.2,2.21,59.0,97347.0,False,2,4,33
2019-02-02 05:00:00,20.36,24.95,0.0,-0.0,0.0,326.6,2.21,61.0,97395.0,False,2,5,33
2019-02-02 06:00:00,19.95,25.3,0.0,-0.0,0.0,325.0,2.14,63.0,97414.0,False,2,6,33
2019-02-02 07:00:00,19.95,26.7,85.0,274.54,49.0,326.2,2.14,58.0,97492.0,False,2,7,33
2019-02-02 08:00:00,22.1,27.35,321.0,547.98,123.0,328.2,1.52,67.0,97521.0,False,2,8,33
2019-02-02 09:00:00,26.86,16.8,557.0,702.01,162.0,333.0,1.66,79.0,97617.0,False,2,9,33
2019-02-02 10:00:00,30.42,13.2,756.0,799.78,179.0,342.0,2.0,90.0,97617.0,False,2,10,33
2019-02-02 11:00:00,33.29,10.95,894.0,861.12,182.0,351.2,2.28,105.0,97578.0,False,2,11,33
2019-02-02 12:00:00,35.21,9.5,952.0,878.79,186.0,359.0,2.76,122.0,97482.0,False,2,12,33
2019-02-02 13:00:00,36.21,8.9,927.0,871.21,184.0,363.8,2.83,132.0,97366.0,False,2,13,33
2019-02-02 14:00:00,36.67,8.85,818.0,820.28,185.0,367.2,2.34,136.0,97222.0,False,2,14,33
2019-02-02 15:00:00,36.73,9.1,645.0,752.7,168.0,369.2,1.72,137.0,97135.0,False,2,15,33
2019-02-02 16:00:00,36.47,9.4,420.0,624.53,140.0,370.0,1.17,131.0,97096.0,False,2,16,33
2019-02-02 17:00:00,35.81,10.3,178.0,416.34,83.0,368.8,0.9,112.0,97115.0,False,2,17,33
2019-02-02 18:00:00,34.27,12.9,0.0,-0.0,0.0,364.4,1.1,91.0,97115.0,False,2,18,33
2019-02-02 19:00:00,32.3,14.95,0.0,-0.0,0.0,360.6,1.17,81.0,97183.0,False,2,19,33
2019-02-02 20:00:00,30.55,17.25,0.0,-0.0,0.0,357.4,1.17,88.0,97260.0,False,2,20,33
2019-02-02 21:00:00,29.37,18.2,0.0,-0.0,0.0,354.8,1.1,89.0,97328.0,False,2,21,33
2019-02-02 22:00:00,27.79,20.0,0.0,-0.0,0.0,351.6,1.17,68.0,97414.0,False,2,22,33
2019-02-02 23:00:00,24.72,24.2,0.0,-0.0,0.0,348.8,2.0,53.0,97376.0,False,2,23,33
2019-02-03 00:00:00,23.77,24.6,0.0,-0.0,0.0,345.4,2.34,58.0,97405.0,False,2,0,34
2019-02-03 01:00:00,23.0,24.75,0.0,-0.0,0.0,340.65,2.21,61.0,97357.0,False,2,1,34
2019-02-03 02:00:00,22.8,24.1,0.0,-0.0,0.0,337.4,2.14,58.0,97337.0,False,2,2,34
2019-02-03 03:00:00,22.14,24.65,0.0,-0.0,0.0,336.0,2.07,60.0,97270.0,False,2,3,34
2019-02-03 04:00:00,21.51,25.1,0.0,-0.0,0.0,335.8,2.28,57.0,97270.0,False,2,4,34
2019-02-03 05:00:00,20.97,25.5,0.0,-0.0,0.0,334.0,2.21,91.0,97260.0,False,2,5,34
2019-02-03 06:00:00,20.24,26.5,0.0,-0.0,0.0,330.6,2.28,142.0,97376.0,False,2,6,34
2019-02-03 07:00:00,20.38,27.15,87.0,288.07,49.0,331.4,2.07,140.0,97453.0,False,2,7,34
2019-02-03 08:00:00,22.13,31.3,318.0,526.88,127.0,329.2,1.17,153.0,97511.0,False,2,8,34
2019-02-03 09:00:00,26.8,20.6,561.0,714.23,158.0,336.0,0.97,168.0,97578.0,False,2,9,34
2019-02-03 10:00:00,30.14,21.6,749.0,768.61,193.0,348.8,1.1,194.0,97598.0,False,2,10,34
2019-02-03 11:00:00,32.69,22.8,900.0,875.69,174.0,362.2,1.03,225.0,97540.0,False,2,11,34
2019-02-03 12:00:00,34.59,19.2,958.0,893.5,177.0,375.2,0.48,200.0,97424.0,False,2,12,34
2019-02-03 13:00:00,35.8,15.75,938.0,902.5,166.0,383.2,0.69,120.0,97347.0,False,2,13,34
2019-02-03 14:00:00,36.51,13.95,828.0,849.84,170.0,385.0,0.97,107.0,97212.0,False,2,14,34
2019-02-03 15:00:00,36.71,13.35,640.0,724.61,179.0,385.4,0.97,97.0,97115.0,False,2,15,34
2019-02-03 16:00:00,36.52,13.15,424.0,634.65,138.0,384.2,0.97,74.0,97058.0,False,2,16,34
2019-02-03 17:00:00,36.0,13.5,179.0,417.01,83.0,381.2,1.1,58.0,97106.0,False,2,17,34
2019-02-03 18:00:00,34.23,16.15,0.0,-0.0,0.0,375.8,1.24,53.0,97106.0,False,2,18,34
2019-02-03 19:00:00,32.43,16.85,0.0,-0.0,0.0,368.2,1.31,57.0,97212.0,False,2,19,34
2019-02-03 20:00:00,30.98,18.9,0.0,-0.0,0.0,365.8,1.1,56.0,97270.0,False,2,20,34
2019-02-03 21:00:00,29.98,19.8,0.0,-0.0,0.0,361.2,1.03,46.0,97366.0,False,2,21,34
2019-02-03 22:00:00,27.95,22.3,0.0,-0.0,0.0,358.4,1.31,30.0,97357.0,False,2,22,34
2019-02-03 23:00:00,25.63,24.9,0.0,-0.0,0.0,354.0,2.07,18.0,97366.0,False,2,23,34
2019-02-04 00:00:00,24.46,25.75,0.0,-0.0,0.0,350.6,2.34,16.0,97376.0,False,2,0,35
2019-02-04 01:00:00,23.57,25.55,0.0,-0.0,0.0,346.85,2.21,14.0,97337.0,False,2,1,35
2019-02-04 02:00:00,22.81,25.55,0.0,-0.0,0.0,344.0,2.14,8.0,97299.0,False,2,2,35
2019-02-04 03:00:00,22.13,25.7,0.0,-0.0,0.0,340.0,2.21,1.0,97279.0,False,2,3,35
2019-02-04 04:00:00,21.88,25.15,0.0,-0.0,0.0,343.8,2.41,2.0,97260.0,False,2,4,35
2019-02-04 05:00:00,21.67,24.4,0.0,-0.0,0.0,338.6,2.55,10.0,97318.0,False,2,5,35
2019-02-04 06:00:00,21.44,23.7,0.0,-0.0,0.0,336.4,2.55,19.0,97357.0,False,2,6,35
2019-02-04 07:00:00,21.29,24.95,85.0,263.62,50.0,336.0,2.21,33.0,97463.0,False,2,7,35
2019-02-04 08:00:00,23.01,23.55,338.0,643.29,104.0,338.2,1.66,42.0,97540.0,False,2,8,35
2019-02-04 09:00:00,26.32,17.9,562.0,712.17,159.0,352.6,1.86,50.0,97656.0,False,2,9,35
2019-02-04 10:00:00,29.49,14.55,762.0,812.01,173.0,357.4,1.93,55.0,97646.0,False,2,10,35
2019-02-04 11:00:00,32.15,12.35,901.0,874.51,174.0,359.0,1.93,56.0,97617.0,False,2,11,35
2019-02-04 12:00:00,34.48,10.5,944.0,844.21,204.0,365.8,2.14,58.0,97501.0,False,2,12,35
2019-02-04 13:00:00,35.95,9.3,925.0,853.18,193.0,368.2,2.07,64.0,97405.0,False,2,13,35
2019-02-04 14:00:00,36.68,8.75,822.0,818.71,186.0,371.2,1.86,62.0,97308.0,False,2,14,35
2019-02-04 15:00:00,36.91,8.65,502.0,300.62,310.0,372.0,1.79,50.0,97231.0,False,2,15,35
2019-02-04 16:00:00,36.73,8.8,416.0,587.3,150.0,371.8,2.0,37.0,97193.0,False,2,16,35
2019-02-04 17:00:00,35.95,9.6,170.0,335.9,92.0,369.0,1.93,22.0,97231.0,False,2,17,35
2019-02-04 18:00:00,33.8,11.65,0.0,-0.0,0.0,364.4,2.34,8.0,97231.0,False,2,18,35
2019-02-04 19:00:00,31.39,12.35,0.0,-0.0,0.0,356.2,2.69,5.0,97328.0,False,2,19,35
2019-02-04 20:00:00,29.8,13.25,0.0,-0.0,0.0,352.0,2.76,8.0,97434.0,False,2,20,35
2019-02-04 21:00:00,28.54,14.2,0.0,-0.0,0.0,348.4,2.76,10.0,97530.0,False,2,21,35
2019-02-04 22:00:00,27.47,15.15,0.0,-0.0,0.0,345.6,2.83,9.0,97598.0,False,2,22,35
2019-02-04 23:00:00,26.57,15.95,0.0,-0.0,0.0,343.2,2.9,10.0,97578.0,False,2,23,35
2019-02-05 00:00:00,25.79,16.4,0.0,-0.0,0.0,340.4,2.97,11.0,97598.0,False,2,0,36
2019-02-05 01:00:00,25.04,16.75,0.0,-0.0,0.0,337.85,3.03,14.0,97530.0,False,2,1,36
2019-02-05 02:00:00,24.32,17.0,0.0,-0.0,0.0,334.8,2.97,17.0,97511.0,False,2,2,36
2019-02-05 03:00:00,23.64,17.45,0.0,-0.0,0.0,332.8,2.97,19.0,97443.0,False,2,3,36
2019-02-05 04:00:00,23.06,18.05,0.0,-0.0,0.0,332.6,2.97,22.0,97472.0,False,2,4,36
2019-02-05 05:00:00,22.54,18.75,0.0,-0.0,0.0,331.8,2.97,26.0,97492.0,False,2,5,36
2019-02-05 06:00:00,22.06,19.4,0.0,-0.0,0.0,329.8,2.9,30.0,97521.0,False,2,6,36
2019-02-05 07:00:00,21.99,19.9,85.0,254.33,51.0,337.0,2.76,30.0,97617.0,False,2,7,36
2019-02-05 08:00:00,23.22,19.6,206.0,101.35,169.0,337.4,2.28,35.0,97704.0,False,2,8,36
2019-02-05 09:00:00,25.7,16.45,473.0,391.14,251.0,342.6,2.76,47.0,97791.0,False,2,9,36
2019-02-05 10:00:00,28.07,14.3,580.0,306.58,357.0,348.8,2.55,61.0,97868.0,False,2,10,36
2019-02-05 11:00:00,30.5,12.45,849.0,714.96,253.0,359.2,2.41,73.0,97791.0,False,2,11,36
2019-02-05 12:00:00,32.38,11.15,459.0,40.95,423.0,362.8,2.28,75.0,97713.0,False,2,12,36
2019-02-05 13:00:00,33.62,10.3,467.0,51.13,423.0,376.6,2.14,70.0,97578.0,False,2,13,36
2019-02-05 14:00:00,34.34,9.8,800.0,750.58,215.0,379.2,2.0,66.0,97492.0,False,2,14,36
2019-02-05 15:00:00,34.26,9.8,660.0,800.14,147.0,390.6,1.86,56.0,97424.0,False,2,15,36
2019-02-05 16:00:00,33.94,9.9,231.0,54.92,206.0,392.0,1.86,44.0,97376.0,False,2,16,36
2019-02-05 17:00:00,33.31,11.15,174.0,354.43,91.0,389.0,1.45,30.0,97414.0,False,2,17,36
2019-02-05 18:00:00,31.86,12.9,0.0,-0.0,0.0,377.2,1.93,19.0,97414.0,False,2,18,36
2019-02-05 19:00:00,29.61,14.2,0.0,-0.0,0.0,353.0,2.34,22.0,97492.0,False,2,19,36
2019-02-05 20:00:00,28.15,15.1,0.0,-0.0,0.0,350.0,2.62,23.0,97559.0,False,2,20,36
2019-02-05 21:00:00,27.15,15.65,0.0,-0.0,0.0,356.2,2.69,24.0,97646.0,False,2,21,36
2019-02-05 22:00:00,26.42,16.0,0.0,-0.0,0.0,361.6,2.62,26.0,97694.0,False,2,22,36
2019-02-05 23:00:00,25.55,16.35,0.0,-0.0,0.0,351.2,2.55,26.0,97713.0,False,2,23,36
2019-02-06 00:00:00,24.61,16.65,0.0,-0.0,0.0,338.0,2.55,31.0,97675.0,False,2,0,37
2019-02-06 01:00:00,23.76,16.7,0.0,-0.0,0.0,333.25,2.55,35.0,97607.0,False,2,1,37
2019-02-06 02:00:00,22.98,16.5,0.0,-0.0,0.0,330.8,2.55,34.0,97559.0,False,2,2,37
2019-02-06 03:00:00,22.29,16.2,0.0,-0.0,0.0,328.0,2.55,31.0,97521.0,False,2,3,37
2019-02-06 04:00:00,21.7,15.85,0.0,-0.0,0.0,326.0,2.55,30.0,97521.0,False,2,4,37
2019-02-06 05:00:00,21.18,15.55,0.0,-0.0,0.0,323.8,2.62,31.0,97511.0,False,2,5,37
2019-02-06 06:00:00,20.73,15.3,0.0,-0.0,0.0,321.8,2.62,32.0,97549.0,False,2,6,37
2019-02-06 07:00:00,20.22,16.95,88.0,274.74,51.0,320.0,2.55,29.0,97607.0,False,2,7,37
2019-02-06 08:00:00,21.73,16.3,325.0,548.52,124.0,320.0,2.21,31.0,97675.0,False,2,8,37
2019-02-06 09:00:00,24.6,12.65,563.0,702.61,163.0,323.6,2.83,38.0,97733.0,False,2,9,37
2019-02-06 10:00:00,27.46,10.55,764.0,799.24,181.0,330.6,2.97,44.0,97685.0,False,2,10,37
2019-02-06 11:00:00,30.17,9.1,903.0,861.31,183.0,338.4,2.97,45.0,97675.0,False,2,11,37
2019-02-06 12:00:00,32.41,8.1,941.0,815.63,222.0,346.6,2.97,45.0,97540.0,False,2,12,37
2019-02-06 13:00:00,33.92,7.85,932.0,856.2,193.0,353.0,2.76,41.0,97424.0,False,2,13,37
2019-02-06 14:00:00,34.8,7.85,824.0,806.95,193.0,357.4,2.55,33.0,97318.0,False,2,14,37
2019-02-06 15:00:00,35.13,7.9,652.0,741.18,175.0,359.4,2.41,26.0,97260.0,False,2,15,37
2019-02-06 16:00:00,34.95,8.05,422.0,592.48,151.0,359.6,2.34,22.0,97241.0,False,2,16,37
2019-02-06 17:00:00,34.15,8.75,185.0,423.52,85.0,357.8,2.14,20.0,97270.0,False,2,17,37
2019-02-06 18:00:00,32.03,10.8,0.0,-0.0,0.0,353.4,2.41,20.0,97318.0,False,2,18,37
2019-02-06 19:00:00,29.84,11.6,0.0,-0.0,0.0,346.2,2.76,21.0,97405.0,False,2,19,37
2019-02-06 20:00:00,28.24,12.15,0.0,-0.0,0.0,342.2,2.97,27.0,97472.0,False,2,20,37
2019-02-06 21:00:00,27.02,12.55,0.0,-0.0,0.0,337.8,3.1,30.0,97559.0,False,2,21,37
2019-02-06 22:00:00,25.96,12.9,0.0,-0.0,0.0,334.2,3.03,34.0,97588.0,False,2,22,37
2019-02-06 23:00:00,25.03,13.1,0.0,-0.0,0.0,331.2,2.97,36.0,97559.0,False,2,23,37
2019-02-07 00:00:00,24.18,13.15,0.0,-0.0,0.0,329.2,2.97,38.0,97559.0,False,2,0,38
2019-02-07 01:00:00,23.37,13.1,0.0,-0.0,0.0,327.05,2.83,40.0,97482.0,False,2,1,38
2019-02-07 02:00:00,22.68,13.1,0.0,-0.0,0.0,325.2,2.76,37.0,97443.0,False,2,2,38
2019-02-07 03:00:00,22.05,13.2,0.0,-0.0,0.0,324.0,2.69,36.0,97434.0,False,2,3,38
2019-02-07 04:00:00,21.5,13.35,0.0,-0.0,0.0,322.8,2.69,35.0,97385.0,False,2,4,38
2019-02-07 05:00:00,21.03,13.55,0.0,-0.0,0.0,321.6,2.62,35.0,97424.0,False,2,5,38
2019-02-07 06:00:00,20.56,13.8,0.0,-0.0,0.0,321.0,2.69,33.0,97424.0,False,2,6,38
2019-02-07 07:00:00,20.29,15.2,84.0,235.77,52.0,320.0,2.62,37.0,97530.0,False,2,7,38
2019-02-07 08:00:00,21.76,15.2,319.0,505.61,133.0,320.4,2.28,38.0,97578.0,False,2,8,38
2019-02-07 09:00:00,24.47,12.5,559.0,668.89,177.0,323.8,3.03,46.0,97636.0,False,2,9,38
2019-02-07 10:00:00,27.09,10.85,761.0,776.44,193.0,330.0,3.03,54.0,97627.0,False,2,10,38
2019-02-07 11:00:00,29.56,9.7,910.0,867.25,183.0,337.8,2.76,59.0,97588.0,False,2,11,38
2019-02-07 12:00:00,31.68,8.95,953.0,837.07,213.0,345.4,2.62,65.0,97501.0,False,2,12,38
2019-02-07 13:00:00,33.14,8.85,934.0,845.56,202.0,352.2,2.21,66.0,97385.0,False,2,13,38
2019-02-07 14:00:00,33.99,9.2,826.0,797.96,200.0,357.4,1.79,59.0,97299.0,False,2,14,38
2019-02-07 15:00:00,34.32,9.65,651.0,719.83,186.0,360.4,1.52,46.0,97202.0,False,2,15,38
2019-02-07 16:00:00,34.24,10.05,424.0,587.48,154.0,362.0,1.59,33.0,97173.0,False,2,16,38
2019-02-07 17:00:00,33.62,10.65,187.0,424.33,86.0,359.8,1.66,30.0,97193.0,False,2,17,38
2019-02-07 18:00:00,31.97,12.85,0.0,-0.0,0.0,355.2,2.0,28.0,97212.0,False,2,18,38
2019-02-07 19:00:00,29.64,13.3,0.0,-0.0,0.0,346.4,2.48,26.0,97279.0,False,2,19,38
2019-02-07 20:00:00,27.95,13.85,0.0,-0.0,0.0,340.8,2.69,26.0,97385.0,False,2,20,38
2019-02-07 21:00:00,26.61,14.1,0.0,-0.0,0.0,336.0,2.83,28.0,97482.0,False,2,21,38
2019-02-07 22:00:00,25.51,14.3,0.0,-0.0,0.0,331.2,2.76,33.0,97521.0,False,2,22,38
2019-02-07 23:00:00,24.52,14.6,0.0,-0.0,0.0,327.4,2.69,37.0,97492.0,False,2,23,38
2019-02-08 00:00:00,23.62,14.85,0.0,-0.0,0.0,324.0,2.69,38.0,97530.0,False,2,0,39
2019-02-08 01:00:00,22.76,14.85,0.0,-0.0,0.0,320.85,2.76,38.0,97472.0,False,2,1,39
2019-02-08 02:00:00,21.98,14.7,0.0,-0.0,0.0,317.6,2.76,38.0,97482.0,False,2,2,39
2019-02-08 03:00:00,21.26,14.6,0.0,-0.0,0.0,314.8,2.69,40.0,97443.0,False,2,3,39
2019-02-08 04:00:00,20.63,14.6,0.0,-0.0,0.0,312.4,2.62,44.0,97434.0,False,2,4,39
2019-02-08 05:00:00,20.04,14.7,0.0,-0.0,0.0,310.8,2.55,49.0,97453.0,False,2,5,39
2019-02-08 06:00:00,19.54,14.9,0.0,-0.0,0.0,309.4,2.55,53.0,97501.0,False,2,6,39
2019-02-08 07:00:00,19.36,16.15,89.0,270.37,52.0,310.2,2.48,53.0,97559.0,False,2,7,39
2019-02-08 08:00:00,21.15,15.25,328.0,541.46,128.0,311.2,2.28,54.0,97636.0,False,2,8,39
2019-02-08 09:00:00,24.21,11.4,566.0,687.68,172.0,315.0,3.1,58.0,97665.0,False,2,9,39
2019-02-08 10:00:00,27.0,9.25,766.0,779.62,194.0,321.4,3.31,62.0,97675.0,False,2,10,39
2019-02-08 11:00:00,29.54,8.05,905.0,839.82,199.0,329.2,3.17,62.0,97646.0,False,2,11,39
2019-02-08 12:00:00,31.65,7.45,943.0,794.08,239.0,336.0,2.9,64.0,97569.0,False,2,12,39
2019-02-08 13:00:00,33.11,7.3,935.0,833.84,211.0,342.6,2.55,66.0,97453.0,False,2,13,39
2019-02-08 14:00:00,33.99,7.35,827.0,786.5,208.0,347.0,2.21,63.0,97357.0,False,2,14,39
2019-02-08 15:00:00,34.33,7.55,656.0,724.89,186.0,349.8,2.0,55.0,97279.0,False,2,15,39
2019-02-08 16:00:00,34.2,7.7,426.0,582.56,157.0,350.2,2.0,45.0,97231.0,False,2,16,39
2019-02-08 17:00:00,33.5,8.25,189.0,421.02,88.0,348.4,2.0,40.0,97270.0,False,2,17,39
2019-02-08 18:00:00,31.55,10.1,0.0,-0.0,0.0,344.0,2.28,33.0,97299.0,False,2,18,39
2019-02-08 19:00:00,29.09,11.0,0.0,-0.0,0.0,338.4,2.69,28.0,97385.0,False,2,19,39
2019-02-08 20:00:00,27.39,11.75,0.0,-0.0,0.0,333.8,2.9,29.0,97463.0,False,2,20,39
2019-02-08 21:00:00,26.13,12.25,0.0,-0.0,0.0,329.4,2.97,32.0,97559.0,False,2,21,39
2019-02-08 22:00:00,25.08,12.7,0.0,-0.0,0.0,326.0,2.97,37.0,97569.0,False,2,22,39
2019-02-08 23:00:00,24.15,13.05,0.0,-0.0,0.0,322.8,2.97,40.0,97569.0,False,2,23,39
2019-02-09 00:00:00,23.3,13.25,0.0,-0.0,0.0,320.0,2.97,43.0,97617.0,False,2,0,40
2019-02-09 01:00:00,22.52,13.35,0.0,-0.0,0.0,317.05,2.97,47.0,97559.0,False,2,1,40
2019-02-09 02:00:00,21.83,13.45,0.0,-0.0,0.0,314.6,2.9,50.0,97540.0,False,2,2,40
2019-02-09 03:00:00,21.17,13.7,0.0,-0.0,0.0,311.6,2.9,50.0,97501.0,False,2,3,40
2019-02-09 04:00:00,20.59,14.0,0.0,-0.0,0.0,309.4,2.83,48.0,97482.0,False,2,4,40
2019-02-09 05:00:00,20.09,14.4,0.0,-0.0,0.0,308.6,2.83,47.0,97492.0,False,2,5,40
2019-02-09 06:00:00,19.66,14.85,0.0,-0.0,0.0,308.2,2.76,47.0,97549.0,False,2,6,40
2019-02-09 07:00:00,20.52,14.4,74.0,137.64,55.0,313.0,2.76,53.0,97627.0,False,2,7,40
2019-02-09 08:00:00,22.06,13.8,286.0,326.21,165.0,312.2,2.76,55.0,97685.0,False,2,8,40
2019-02-09 09:00:00,24.45,11.15,564.0,666.28,181.0,317.8,3.86,57.0,97733.0,False,2,9,40
2019-02-09 10:00:00,26.8,9.9,677.0,497.37,311.0,323.4,3.93,60.0,97752.0,False,2,10,40
2019-02-09 11:00:00,29.02,9.15,881.0,753.21,246.0,338.2,3.72,61.0,97704.0,False,2,11,40
2019-02-09 12:00:00,30.99,8.45,949.0,798.57,239.0,341.8,3.52,61.0,97675.0,False,2,12,40
2019-02-09 13:00:00,32.43,8.0,863.0,620.09,323.0,345.0,3.31,61.0,97559.0,False,2,13,40
2019-02-09 14:00:00,33.34,7.8,796.0,676.34,262.0,344.6,3.03,59.0,97443.0,False,2,14,40
2019-02-09 15:00:00,33.73,7.8,635.0,636.2,221.0,346.8,2.9,54.0,97405.0,False,2,15,40
2019-02-09 16:00:00,33.59,8.0,273.0,103.47,225.0,346.8,2.9,53.0,97337.0,False,2,16,40
2019-02-09 17:00:00,32.81,8.55,178.0,330.96,98.0,348.0,2.69,51.0,97328.0,False,2,17,40
2019-02-09 18:00:00,30.9,10.1,0.0,-0.0,0.0,347.2,2.41,47.0,97385.0,False,2,18,40
2019-02-09 19:00:00,28.46,10.9,0.0,-0.0,0.0,335.8,2.9,40.0,97424.0,False,2,19,40
2019-02-09 20:00:00,26.98,11.5,0.0,-0.0,0.0,330.6,3.03,40.0,97530.0,False,2,20,40
2019-02-09 21:00:00,25.84,11.95,0.0,-0.0,0.0,327.4,3.1,42.0,97636.0,False,2,21,40
2019-02-09 22:00:00,24.84,12.35,0.0,-0.0,0.0,321.8,3.17,45.0,97627.0,False,2,22,40
2019-02-09 23:00:00,24.01,12.7,0.0,-0.0,0.0,321.8,3.17,49.0,97656.0,False,2,23,40
2019-02-10 00:00:00,23.22,13.0,0.0,-0.0,0.0,314.8,3.17,52.0,97665.0,False,2,0,41
2019-02-10 01:00:00,22.46,13.4,0.0,-0.0,0.0,311.25,3.1,54.0,97627.0,False,2,1,41
2019-02-10 02:00:00,21.74,13.95,0.0,-0.0,0.0,309.0,2.97,52.0,97627.0,False,2,2,41
2019-02-10 03:00:00,21.0,14.6,0.0,-0.0,0.0,306.0,2.9,49.0,97598.0,False,2,3,41
2019-02-10 04:00:00,20.36,15.15,0.0,-0.0,0.0,304.4,2.9,46.0,97617.0,False,2,4,41
2019-02-10 05:00:00,19.79,15.6,0.0,-0.0,0.0,301.8,2.97,43.0,97636.0,False,2,5,41
2019-02-10 06:00:00,19.28,16.15,0.0,-0.0,0.0,299.4,3.03,41.0,97704.0,False,2,6,41
2019-02-10 07:00:00,19.76,16.05,95.0,308.71,52.0,298.2,3.31,39.0,97781.0,False,2,7,41
2019-02-10 08:00:00,21.04,16.1,337.0,558.34,129.0,298.8,3.17,41.0,97858.0,False,2,8,41
2019-02-10 09:00:00,23.32,14.1,578.0,703.92,172.0,301.6,4.0,48.0,97887.0,False,2,9,41
2019-02-10 10:00:00,25.92,11.9,773.0,766.85,207.0,307.4,4.34,56.0,97858.0,False,2,10,41
2019-02-10 11:00:00,28.27,10.2,913.0,824.39,216.0,315.0,4.41,62.0,97848.0,False,2,11,41
2019-02-10 12:00:00,30.26,8.75,944.0,762.65,264.0,323.4,4.28,64.0,97704.0,False,2,12,41
2019-02-10 13:00:00,31.59,7.75,932.0,787.72,244.0,328.0,4.07,63.0,97636.0,False,2,13,41
2019-02-10 14:00:00,32.38,7.2,758.0,554.27,319.0,335.0,3.86,61.0,97482.0,False,2,14,41
2019-02-10 15:00:00,32.8,6.85,595.0,489.99,275.0,338.4,3.72,58.0,97414.0,False,2,15,41
2019-02-10 16:00:00,32.64,6.75,235.0,47.21,213.0,338.8,3.59,56.0,97347.0,False,2,16,41
2019-02-10 17:00:00,31.88,7.2,186.0,365.48,97.0,338.4,3.03,52.0,97357.0,False,2,17,41
2019-02-10 18:00:00,29.98,8.55,0.0,0.0,0.0,338.6,2.55,45.0,97376.0,False,2,18,41
2019-02-10 19:00:00,28.12,9.3,0.0,-0.0,0.0,341.0,2.76,43.0,97443.0,False,2,19,41
2019-02-10 20:00:00,26.83,9.85,0.0,-0.0,0.0,341.2,2.9,40.0,97530.0,False,2,20,41
2019-02-10 21:00:00,25.68,10.45,0.0,-0.0,0.0,331.0,2.97,39.0,97627.0,False,2,21,41
2019-02-10 22:00:00,24.65,11.05,0.0,-0.0,0.0,323.0,3.03,41.0,97627.0,False,2,22,41
2019-02-10 23:00:00,23.9,11.45,0.0,-0.0,0.0,323.8,3.17,44.0,97607.0,False,2,23,41
2019-02-11 00:00:00,23.19,11.8,0.0,-0.0,0.0,320.0,3.1,45.0,97627.0,False,2,0,42
2019-02-11 01:00:00,22.41,12.25,0.0,-0.0,0.0,316.05,2.97,45.0,97588.0,False,2,1,42
2019-02-11 02:00:00,21.57,12.85,0.0,-0.0,0.0,309.8,2.76,47.0,97549.0,False,2,2,42
2019-02-11 03:00:00,21.04,13.2,0.0,-0.0,0.0,320.2,2.55,48.0,97530.0,False,2,3,42
2019-02-11 04:00:00,20.36,13.7,0.0,-0.0,0.0,311.8,2.62,43.0,97540.0,False,2,4,42
2019-02-11 05:00:00,19.71,14.1,0.0,-0.0,0.0,304.0,2.76,37.0,97617.0,False,2,5,42
2019-02-11 06:00:00,19.17,14.2,0.0,-0.0,0.0,299.6,2.9,37.0,97675.0,False,2,6,42
2019-02-11 07:00:00,19.73,14.05,93.0,284.48,53.0,300.8,2.9,42.0,97771.0,False,2,7,42
2019-02-11 08:00:00,21.27,13.3,331.0,523.78,135.0,302.0,2.69,45.0,97858.0,False,2,8,42
2019-02-11 09:00:00,23.93,10.95,575.0,685.95,178.0,306.2,3.45,55.0,97897.0,False,2,9,42
2019-02-11 10:00:00,26.5,10.2,776.0,778.03,200.0,312.4,3.72,65.0,97848.0,False,2,10,42
2019-02-11 11:00:00,28.85,9.5,896.0,774.84,239.0,320.4,3.79,69.0,97820.0,False,2,11,42
2019-02-11 12:00:00,30.77,8.75,960.0,805.21,240.0,328.4,3.66,70.0,97675.0,False,2,12,42
2019-02-11 13:00:00,32.21,8.1,904.0,708.94,283.0,335.4,3.38,67.0,97578.0,False,2,13,42
2019-02-11 14:00:00,33.15,7.6,829.0,753.92,230.0,338.6,3.03,63.0,97463.0,False,2,14,42
2019-02-11 15:00:00,33.6,7.3,662.0,709.51,197.0,340.6,2.83,58.0,97405.0,False,2,15,42
2019-02-11 16:00:00,33.48,7.15,445.0,632.42,149.0,343.6,2.83,50.0,97357.0,False,2,16,42
2019-02-11 17:00:00,32.79,7.45,124.0,77.46,105.0,340.8,2.69,43.0,97405.0,False,2,17,42
2019-02-11 18:00:00,30.81,8.85,0.0,0.0,0.0,336.2,2.48,33.0,97424.0,False,2,18,42
2019-02-11 19:00:00,28.47,9.75,0.0,-0.0,0.0,330.0,2.76,28.0,97492.0,False,2,19,42
2019-02-11 20:00:00,26.86,10.65,0.0,-0.0,0.0,325.6,2.9,28.0,97588.0,False,2,20,42
2019-02-11 21:00:00,25.59,11.5,0.0,-0.0,0.0,322.0,2.9,29.0,97694.0,False,2,21,42
2019-02-11 22:00:00,24.49,12.25,0.0,-0.0,0.0,318.6,2.9,32.0,97752.0,False,2,22,42
2019-02-11 23:00:00,23.53,12.85,0.0,-0.0,0.0,315.4,2.97,34.0,97704.0,False,2,23,42
2019-02-12 00:00:00,22.7,13.25,0.0,-0.0,0.0,312.0,2.97,35.0,97742.0,False,2,0,43
2019-02-12 01:00:00,21.91,13.6,0.0,-0.0,0.0,309.6,2.9,39.0,97675.0,False,2,1,43
2019-02-12 02:00:00,21.21,13.9,0.0,-0.0,0.0,307.0,2.83,39.0,97656.0,False,2,2,43
2019-02-12 03:00:00,20.57,14.25,0.0,-0.0,0.0,305.2,2.83,38.0,97636.0,False,2,3,43
2019-02-12 04:00:00,19.98,14.45,0.0,-0.0,0.0,303.4,2.76,39.0,97636.0,False,2,4,43
2019-02-12 05:00:00,19.47,14.65,0.0,-0.0,0.0,301.4,2.76,41.0,97636.0,False,2,5,43
2019-02-12 06:00:00,19.03,14.85,0.0,-0.0,0.0,300.4,2.69,43.0,97685.0,False,2,6,43
2019-02-12 07:00:00,19.51,15.5,88.0,225.36,56.0,302.4,2.55,45.0,97771.0,False,2,7,43
2019-02-12 08:00:00,21.26,14.7,322.0,473.49,144.0,304.0,2.41,43.0,97829.0,False,2,8,43
2019-02-12 09:00:00,24.19,11.2,566.0,647.39,190.0,308.0,3.31,47.0,97868.0,False,2,9,43
2019-02-12 10:00:00,26.81,9.55,769.0,747.36,214.0,314.4,3.72,50.0,97848.0,False,2,10,43
2019-02-12 11:00:00,29.08,8.65,903.0,789.07,232.0,325.0,3.86,54.0,97848.0,False,2,11,43
2019-02-12 12:00:00,30.87,8.0,950.0,773.93,256.0,337.6,3.79,58.0,97713.0,False,2,12,43
2019-02-12 13:00:00,31.83,7.4,943.0,813.88,228.0,344.0,3.52,57.0,97627.0,False,2,13,43
2019-02-12 14:00:00,32.96,6.7,826.0,739.05,237.0,341.8,3.31,54.0,97530.0,False,2,14,43
2019-02-12 15:00:00,33.47,6.35,618.0,555.0,253.0,341.2,3.24,48.0,97453.0,False,2,15,43
2019-02-12 16:00:00,33.41,6.35,431.0,561.62,167.0,340.0,3.17,43.0,97453.0,False,2,16,43
2019-02-12 17:00:00,32.67,6.9,194.0,408.92,93.0,339.4,2.76,39.0,97434.0,False,2,17,43
2019-02-12 18:00:00,30.66,8.5,0.0,0.0,0.0,335.8,2.41,32.0,97492.0,False,2,18,43
2019-02-12 19:00:00,28.46,10.0,0.0,-0.0,0.0,331.6,2.69,33.0,97569.0,False,2,19,43
2019-02-12 20:00:00,26.87,11.0,0.0,-0.0,0.0,328.8,2.83,32.0,97636.0,False,2,20,43
2019-02-12 21:00:00,25.66,11.9,0.0,-0.0,0.0,326.4,2.83,34.0,97733.0,False,2,21,43
2019-02-12 22:00:00,24.63,12.7,0.0,-0.0,0.0,324.6,2.76,37.0,97733.0,False,2,22,43
2019-02-12 23:00:00,23.69,13.45,0.0,-0.0,0.0,322.2,2.76,40.0,97771.0,False,2,23,43
2019-02-13 00:00:00,22.81,14.05,0.0,-0.0,0.0,318.4,2.76,42.0,97733.0,False,2,0,44
2019-02-13 01:00:00,21.99,14.6,0.0,-0.0,0.0,314.65,2.69,42.0,97713.0,False,2,1,44
2019-02-13 02:00:00,21.29,15.0,0.0,-0.0,0.0,314.6,2.62,40.0,97685.0,False,2,2,44
2019-02-13 03:00:00,20.63,15.5,0.0,-0.0,0.0,312.4,2.62,38.0,97665.0,False,2,3,44
2019-02-13 04:00:00,20.02,15.9,0.0,-0.0,0.0,307.8,2.62,36.0,97665.0,False,2,4,44
2019-02-13 05:00:00,19.49,16.25,0.0,-0.0,0.0,305.6,2.62,35.0,97685.0,False,2,5,44
2019-02-13 06:00:00,19.06,16.55,0.0,-0.0,0.0,303.6,2.69,35.0,97723.0,False,2,6,44
2019-02-13 07:00:00,19.46,17.5,96.0,292.81,54.0,304.6,2.41,40.0,97800.0,False,2,7,44
2019-02-13 08:00:00,21.25,16.85,338.0,550.69,130.0,305.2,2.21,40.0,97858.0,False,2,8,44
2019-02-13 09:00:00,24.48,12.9,579.0,696.56,173.0,309.0,2.97,47.0,97906.0,False,2,9,44
2019-02-13 10:00:00,27.36,10.75,778.0,773.23,202.0,315.4,3.38,54.0,97877.0,False,2,10,44
2019-02-13 11:00:00,29.86,9.15,903.0,785.61,233.0,323.0,3.72,57.0,97858.0,False,2,11,44
2019-02-13 12:00:00,31.73,7.95,956.0,786.19,249.0,330.0,3.86,58.0,97742.0,False,2,12,44
2019-02-13 13:00:00,33.03,7.15,949.0,826.3,221.0,335.6,3.59,56.0,97617.0,False,2,13,44
2019-02-13 14:00:00,33.87,6.6,836.0,765.58,224.0,339.0,3.31,54.0,97540.0,False,2,14,44
2019-02-13 15:00:00,34.21,6.35,664.0,706.17,198.0,341.4,3.17,51.0,97453.0,False,2,15,44
2019-02-13 16:00:00,34.04,6.3,437.0,580.44,163.0,341.4,3.17,48.0,97424.0,False,2,16,44
2019-02-13 17:00:00,33.21,7.0,197.0,422.25,92.0,339.8,2.69,46.0,97453.0,False,2,17,44
2019-02-13 18:00:00,31.1,8.8,0.0,0.0,0.0,336.2,2.41,41.0,97521.0,False,2,18,44
2019-02-13 19:00:00,28.82,10.35,0.0,-0.0,0.0,331.6,2.55,40.0,97588.0,False,2,19,44
2019-02-13 20:00:00,27.15,11.4,0.0,-0.0,0.0,328.4,2.69,41.0,97685.0,False,2,20,44
2019-02-13 21:00:00,25.81,12.3,0.0,-0.0,0.0,325.2,2.69,42.0,97752.0,False,2,21,44
2019-02-13 22:00:00,24.69,13.25,0.0,-0.0,0.0,322.4,2.69,40.0,97771.0,False,2,22,44
2019-02-13 23:00:00,23.71,14.15,0.0,-0.0,0.0,320.2,2.69,40.0,97762.0,False,2,23,44
2019-02-14 00:00:00,22.89,15.0,0.0,-0.0,0.0,318.0,2.69,41.0,97771.0,False,2,0,45
2019-02-14 01:00:00,22.15,15.8,0.0,-0.0,0.0,316.25,2.69,42.0,97742.0,False,2,1,45
2019-02-14 02:00:00,21.5,16.55,0.0,-0.0,0.0,313.8,2.69,43.0,97733.0,False,2,2,45
2019-02-14 03:00:00,20.9,17.4,0.0,-0.0,0.0,312.6,2.62,44.0,97694.0,False,2,3,45
2019-02-14 04:00:00,20.39,18.2,0.0,-0.0,0.0,311.0,2.62,44.0,97713.0,False,2,4,45
2019-02-14 05:00:00,19.96,18.8,0.0,-0.0,0.0,309.6,2.62,47.0,97742.0,False,2,5,45
2019-02-14 06:00:00,19.61,19.25,0.0,-0.0,0.0,308.6,2.69,51.0,97791.0,False,2,6,45
2019-02-14 07:00:00,20.42,19.15,98.0,303.55,54.0,311.0,2.62,57.0,97839.0,False,2,7,45
2019-02-14 08:00:00,22.31,18.0,342.0,569.11,126.0,311.6,2.48,58.0,97916.0,False,2,8,45
2019-02-14 09:00:00,25.27,13.9,583.0,706.01,170.0,315.0,3.38,64.0,97984.0,False,2,9,45
2019-02-14 10:00:00,27.78,11.35,782.0,785.53,195.0,321.2,3.72,74.0,97993.0,False,2,10,45
2019-02-14 11:00:00,30.09,9.75,908.0,798.52,225.0,328.4,3.59,81.0,97926.0,False,2,11,45
2019-02-14 12:00:00,32.03,8.55,955.0,782.86,249.0,335.4,3.52,86.0,97839.0,False,2,12,45
2019-02-14 13:00:00,33.42,7.85,954.0,839.78,212.0,341.0,3.24,89.0,97694.0,False,2,13,45
2019-02-14 14:00:00,34.24,7.55,840.0,777.0,217.0,345.6,2.83,88.0,97617.0,False,2,14,45
2019-02-14 15:00:00,34.56,7.45,668.0,717.41,193.0,348.0,2.41,87.0,97549.0,False,2,15,45
2019-02-14 16:00:00,34.45,7.45,445.0,613.92,154.0,348.4,2.07,84.0,97511.0,False,2,16,45
2019-02-14 17:00:00,33.76,8.2,202.0,451.45,89.0,347.2,1.66,74.0,97559.0,False,2,17,45
2019-02-14 18:00:00,32.11,10.35,0.0,0.0,0.0,343.4,1.93,53.0,97578.0,False,2,18,45
2019-02-14 19:00:00,29.55,12.0,0.0,-0.0,0.0,338.6,2.48,36.0,97656.0,False,2,19,45
2019-02-14 20:00:00,27.75,12.5,0.0,-0.0,0.0,334.8,2.76,34.0,97723.0,False,2,20,45
2019-02-14 21:00:00,26.43,12.6,0.0,-0.0,0.0,331.2,2.97,36.0,97848.0,False,2,21,45
2019-02-14 22:00:00,25.37,12.8,0.0,-0.0,0.0,327.4,3.1,39.0,97868.0,False,2,22,45
2019-02-14 23:00:00,24.51,13.1,0.0,-0.0,0.0,324.2,3.17,40.0,97916.0,False,2,23,45
2019-02-15 00:00:00,23.75,13.35,0.0,-0.0,0.0,321.2,3.24,43.0,97935.0,False,2,0,46
2019-02-15 01:00:00,23.09,13.6,0.0,-0.0,0.0,318.25,3.24,48.0,97887.0,False,2,1,46
2019-02-15 02:00:00,22.44,13.9,0.0,-0.0,0.0,316.0,3.1,50.0,97897.0,False,2,2,46
2019-02-15 03:00:00,21.82,14.2,0.0,-0.0,0.0,313.6,3.03,53.0,97877.0,False,2,3,46
2019-02-15 04:00:00,21.26,14.5,0.0,-0.0,0.0,312.2,2.97,54.0,97916.0,False,2,4,46
2019-02-15 05:00:00,20.74,14.8,0.0,-0.0,0.0,310.4,2.9,55.0,97935.0,False,2,5,46
2019-02-15 06:00:00,20.3,15.0,0.0,-0.0,0.0,309.2,2.97,56.0,97964.0,False,2,6,46
2019-02-15 07:00:00,21.09,14.35,95.0,266.17,56.0,310.8,3.17,57.0,98022.0,False,2,7,46
2019-02-15 08:00:00,22.42,14.0,335.0,524.34,135.0,311.4,2.97,57.0,98080.0,False,2,8,46
2019-02-15 09:00:00,24.59,11.7,573.0,664.24,183.0,314.2,3.93,64.0,98128.0,False,2,9,46
2019-02-15 10:00:00,26.99,10.15,778.0,768.38,202.0,319.8,3.86,69.0,98138.0,False,2,10,46
2019-02-15 11:00:00,29.34,8.9,908.0,795.03,226.0,326.4,3.66,70.0,98090.0,False,2,11,46
2019-02-15 12:00:00,31.37,7.95,966.0,811.62,232.0,333.6,3.38,70.0,97955.0,False,2,12,46
2019-02-15 13:00:00,32.84,7.4,948.0,820.48,221.0,339.4,3.03,66.0,97829.0,False,2,13,46
2019-02-15 14:00:00,33.73,7.05,836.0,759.78,225.0,344.0,2.62,62.0,97704.0,False,2,14,46
2019-02-15 15:00:00,34.13,6.8,661.0,686.46,205.0,346.4,2.28,61.0,97598.0,False,2,15,46
2019-02-15 16:00:00,34.04,6.65,435.0,565.23,166.0,346.8,2.07,60.0,97559.0,False,2,16,46
2019-02-15 17:00:00,33.42,6.9,194.0,385.07,97.0,345.2,1.86,54.0,97578.0,False,2,17,46
2019-02-15 18:00:00,31.77,8.55,0.0,0.0,0.0,341.4,2.0,42.0,97617.0,False,2,18,46
2019-02-15 19:00:00,29.2,9.3,0.0,-0.0,0.0,335.2,2.48,36.0,97713.0,False,2,19,46
2019-02-15 20:00:00,27.47,9.55,0.0,-0.0,0.0,331.4,2.76,37.0,97771.0,False,2,20,46
2019-02-15 21:00:00,26.15,9.55,0.0,-0.0,0.0,328.2,2.97,40.0,97829.0,False,2,21,46
2019-02-15 22:00:00,25.11,9.5,0.0,-0.0,0.0,324.2,2.97,44.0,97858.0,False,2,22,46
2019-02-15 23:00:00,24.17,9.55,0.0,-0.0,0.0,321.4,2.97,48.0,97877.0,False,2,23,46
2019-02-16 00:00:00,23.31,9.7,0.0,-0.0,0.0,318.8,2.9,51.0,97829.0,False,2,0,47
2019-02-16 01:00:00,22.53,10.0,0.0,-0.0,0.0,316.45,2.9,55.0,97771.0,False,2,1,47
2019-02-16 02:00:00,21.8,10.6,0.0,-0.0,0.0,315.0,2.83,56.0,97713.0,False,2,2,47
2019-02-16 03:00:00,21.16,11.4,0.0,-0.0,0.0,313.6,2.76,56.0,97685.0,False,2,3,47
2019-02-16 04:00:00,20.63,12.3,0.0,-0.0,0.0,312.4,2.83,56.0,97733.0,False,2,4,47
2019-02-16 05:00:00,20.16,13.15,0.0,-0.0,0.0,311.4,2.76,58.0,97723.0,False,2,5,47
2019-02-16 06:00:00,19.75,13.9,0.0,-0.0,0.0,310.6,2.76,61.0,97781.0,False,2,6,47
2019-02-16 07:00:00,20.33,14.2,94.0,242.99,58.0,310.6,2.55,64.0,97829.0,False,2,7,47
2019-02-16 08:00:00,22.06,13.8,330.0,490.39,142.0,312.6,2.48,65.0,97887.0,False,2,8,47
2019-02-16 09:00:00,24.69,11.35,573.0,660.07,184.0,318.4,3.38,69.0,97935.0,False,2,9,47
2019-02-16 10:00:00,27.11,10.2,802.0,855.03,159.0,324.6,3.38,74.0,97945.0,False,2,10,47
2019-02-16 11:00:00,29.44,9.1,799.0,507.94,362.0,332.4,3.31,79.0,97916.0,False,2,11,47
2019-02-16 12:00:00,31.37,8.1,965.0,807.14,233.0,339.4,3.1,85.0,97800.0,False,2,12,47
2019-02-16 13:00:00,32.8,7.4,947.0,815.93,222.0,345.4,2.69,87.0,97646.0,False,2,13,47
2019-02-16 14:00:00,33.77,6.9,834.0,755.09,225.0,349.8,2.41,88.0,97549.0,False,2,14,47
2019-02-16 15:00:00,34.23,6.6,660.0,682.75,205.0,352.0,2.14,86.0,97443.0,False,2,15,47
2019-02-16 16:00:00,34.18,6.55,445.0,606.98,155.0,354.0,2.07,80.0,97414.0,False,2,16,47
2019-02-16 17:00:00,33.63,6.85,208.0,489.24,84.0,352.8,1.93,72.0,97443.0,False,2,17,47
2019-02-16 18:00:00,32.01,8.5,0.0,0.0,0.0,348.0,2.0,65.0,97482.0,False,2,18,47
2019-02-16 19:00:00,29.63,9.75,0.0,-0.0,0.0,341.2,2.34,55.0,97540.0,False,2,19,47
2019-02-16 20:00:00,27.88,10.6,0.0,-0.0,0.0,337.4,2.48,54.0,97617.0,False,2,20,47
2019-02-16 21:00:00,26.46,11.15,0.0,-0.0,0.0,334.0,2.69,49.0,97694.0,False,2,21,47
2019-02-16 22:00:00,25.31,11.6,0.0,-0.0,0.0,331.0,2.69,46.0,97742.0,False,2,22,47
2019-02-16 23:00:00,24.33,12.25,0.0,-0.0,0.0,327.6,2.69,45.0,97752.0,False,2,23,47
2019-02-17 00:00:00,23.46,12.95,0.0,-0.0,0.0,324.6,2.69,50.0,97723.0,False,2,0,48
2019-02-17 01:00:00,22.67,13.65,0.0,-0.0,0.0,322.25,2.62,56.0,97685.0,False,2,1,48
2019-02-17 02:00:00,21.91,14.4,0.0,-0.0,0.0,320.0,2.62,62.0,97665.0,False,2,2,48
2019-02-17 03:00:00,21.2,15.35,0.0,-0.0,0.0,317.8,2.55,65.0,97656.0,False,2,3,48
2019-02-17 04:00:00,20.61,16.35,0.0,-0.0,0.0,315.8,2.48,68.0,97656.0,False,2,4,48
2019-02-17 05:00:00,20.07,17.45,0.0,-0.0,0.0,314.4,2.41,71.0,97656.0,False,2,5,48
2019-02-17 06:00:00,19.61,18.55,0.0,-0.0,0.0,313.0,2.41,75.0,97685.0,False,2,6,48
2019-02-17 07:00:00,20.16,19.35,99.0,286.96,56.0,313.8,2.28,75.0,97762.0,False,2,7,48
2019-02-17 08:00:00,22.07,18.65,336.0,519.0,136.0,315.6,2.07,74.0,97791.0,False,2,8,48
2019-02-17 09:00:00,25.34,14.8,577.0,671.1,180.0,320.6,2.69,78.0,97839.0,False,2,9,48
2019-02-17 10:00:00,28.32,12.75,778.0,762.16,203.0,328.0,2.62,80.0,97820.0,False,2,10,48
2019-02-17 11:00:00,31.02,11.05,908.0,789.24,227.0,337.2,2.55,88.0,97791.0,False,2,11,48
2019-02-17 12:00:00,33.1,9.65,971.0,821.38,224.0,345.8,2.34,99.0,97675.0,False,2,12,48
2019-02-17 13:00:00,34.58,8.7,943.0,799.08,231.0,353.2,2.07,110.0,97521.0,False,2,13,48
2019-02-17 14:00:00,35.54,8.0,850.0,798.67,204.0,357.4,1.86,117.0,97405.0,False,2,14,48
2019-02-17 15:00:00,35.91,7.65,657.0,668.64,210.0,360.6,1.66,116.0,97337.0,False,2,15,48
2019-02-17 16:00:00,35.77,7.7,453.0,640.12,146.0,360.2,1.52,109.0,97299.0,False,2,16,48
2019-02-17 17:00:00,35.19,8.25,193.0,364.76,100.0,358.2,1.31,96.0,97337.0,False,2,17,48
2019-02-17 18:00:00,33.65,10.5,0.0,0.0,0.0,354.6,1.52,77.0,97385.0,False,2,18,48
2019-02-17 19:00:00,31.45,12.2,0.0,-0.0,0.0,349.6,1.93,62.0,97463.0,False,2,19,48
2019-02-17 20:00:00,29.42,13.7,0.0,-0.0,0.0,345.6,2.21,58.0,97530.0,False,2,20,48
2019-02-17 21:00:00,27.61,14.85,0.0,-0.0,0.0,342.6,2.48,54.0,97607.0,False,2,21,48
2019-02-17 22:00:00,26.15,15.05,0.0,-0.0,0.0,339.2,2.55,49.0,97646.0,False,2,22,48
2019-02-17 23:00:00,25.1,15.0,0.0,-0.0,0.0,336.0,2.62,49.0,97646.0,False,2,23,48
2019-02-18 00:00:00,24.25,15.35,0.0,-0.0,0.0,332.8,2.62,51.0,97617.0,False,2,0,49
2019-02-18 01:00:00,23.51,15.95,0.0,-0.0,0.0,329.85,2.62,53.0,97559.0,False,2,1,49
2019-02-18 02:00:00,22.86,16.55,0.0,-0.0,0.0,327.8,2.55,55.0,97511.0,False,2,2,49
2019-02-18 03:00:00,22.23,17.1,0.0,-0.0,0.0,325.4,2.55,56.0,97472.0,False,2,3,49
2019-02-18 04:00:00,21.64,17.7,0.0,-0.0,0.0,323.6,2.55,58.0,97472.0,False,2,4,49
2019-02-18 05:00:00,21.09,18.35,0.0,-0.0,0.0,321.6,2.48,61.0,97472.0,False,2,5,49
2019-02-18 06:00:00,20.63,19.1,0.0,-0.0,0.0,320.2,2.48,66.0,97521.0,False,2,6,49
2019-02-18 07:00:00,21.15,20.1,98.0,257.26,59.0,320.8,2.14,68.0,97598.0,False,2,7,49
2019-02-18 08:00:00,23.05,19.95,332.0,485.3,144.0,322.2,1.86,72.0,97617.0,False,2,8,49
2019-02-18 09:00:00,26.72,15.35,579.0,663.48,185.0,327.2,2.28,77.0,97685.0,False,2,9,49
2019-02-18 10:00:00,30.0,12.95,784.0,767.64,203.0,335.4,2.55,81.0,97694.0,False,2,10,49
2019-02-18 11:00:00,32.89,10.8,914.0,793.87,227.0,345.2,2.69,85.0,97694.0,False,2,11,49
2019-02-18 12:00:00,34.96,9.25,978.0,826.78,224.0,354.2,2.69,91.0,97530.0,False,2,12,49
2019-02-18 13:00:00,36.25,8.55,960.0,834.95,214.0,361.0,2.34,100.0,97424.0,False,2,13,49
2019-02-18 14:00:00,36.9,8.3,846.0,774.22,218.0,365.0,2.0,106.0,97289.0,False,2,14,49
2019-02-18 15:00:00,37.1,8.2,666.0,685.97,206.0,367.2,1.72,105.0,97193.0,False,2,15,49
2019-02-18 16:00:00,36.89,8.25,439.0,565.04,167.0,367.0,1.59,101.0,97144.0,False,2,16,49
2019-02-18 17:00:00,36.23,8.75,196.0,378.27,99.0,365.0,1.45,94.0,97125.0,False,2,17,49
2019-02-18 18:00:00,34.66,10.85,0.0,0.0,0.0,360.6,1.79,88.0,97183.0,False,2,18,49
2019-02-18 19:00:00,32.1,12.5,0.0,-0.0,0.0,353.8,2.21,73.0,97222.0,False,2,19,49
2019-02-18 20:00:00,30.02,13.75,0.0,-0.0,0.0,350.4,2.48,67.0,97308.0,False,2,20,49
2019-02-18 21:00:00,28.44,14.0,0.0,-0.0,0.0,346.6,2.55,63.0,97395.0,False,2,21,49
2019-02-18 22:00:00,27.22,13.85,0.0,-0.0,0.0,344.8,2.69,64.0,97434.0,False,2,22,49
2019-02-18 23:00:00,26.26,13.75,0.0,-0.0,0.0,344.0,2.62,67.0,97443.0,False,2,23,49
2019-02-19 00:00:00,25.34,14.1,0.0,-0.0,0.0,338.6,2.55,71.0,97414.0,False,2,0,50
2019-02-19 01:00:00,24.45,14.75,0.0,-0.0,0.0,334.85,2.48,75.0,97366.0,False,2,1,50
2019-02-19 02:00:00,23.63,15.55,0.0,-0.0,0.0,331.6,2.48,79.0,97337.0,False,2,2,50
2019-02-19 03:00:00,22.92,16.25,0.0,-0.0,0.0,329.4,2.41,79.0,97289.0,False,2,3,50
2019-02-19 04:00:00,22.29,16.95,0.0,-0.0,0.0,327.6,2.41,80.0,97289.0,False,2,4,50
2019-02-19 05:00:00,21.75,17.65,0.0,-0.0,0.0,326.4,2.34,83.0,97270.0,False,2,5,50
2019-02-19 06:00:00,21.28,18.45,0.0,-0.0,0.0,324.4,2.34,89.0,97308.0,False,2,6,50
2019-02-19 07:00:00,22.14,18.7,107.0,338.97,55.0,327.4,2.07,92.0,97357.0,False,2,7,50
2019-02-19 08:00:00,24.02,19.1,345.0,541.76,134.0,328.8,1.79,97.0,97405.0,False,2,8,50
2019-02-19 09:00:00,27.84,13.85,582.0,674.34,180.0,333.6,2.21,102.0,97463.0,False,2,9,50
2019-02-19 10:00:00,31.01,11.55,788.0,778.32,197.0,341.8,2.41,110.0,97472.0,False,2,10,50
2019-02-19 11:00:00,33.65,9.7,924.0,821.52,211.0,353.8,2.97,126.0,97463.0,False,2,11,50
2019-02-19 12:00:00,35.5,8.35,983.0,838.72,216.0,361.8,3.45,139.0,97347.0,False,2,12,50
2019-02-19 13:00:00,36.55,7.9,964.0,848.31,204.0,367.2,3.38,148.0,97222.0,False,2,13,50
2019-02-19 14:00:00,37.18,7.8,845.0,770.85,218.0,368.8,3.03,153.0,97096.0,False,2,14,50
2019-02-19 15:00:00,37.4,7.8,666.0,683.91,206.0,378.0,2.69,154.0,96990.0,False,2,15,50
2019-02-19 16:00:00,37.27,7.9,442.0,573.36,165.0,373.0,2.28,151.0,96961.0,False,2,16,50
2019-02-19 17:00:00,36.57,8.4,199.0,391.7,98.0,370.4,1.72,141.0,96932.0,False,2,17,50
2019-02-19 18:00:00,34.87,10.35,0.0,0.0,0.0,364.2,1.93,111.0,96980.0,False,2,18,50
2019-02-19 19:00:00,32.48,12.0,0.0,-0.0,0.0,361.6,2.21,110.0,97009.0,False,2,19,50
2019-02-19 20:00:00,30.73,13.1,0.0,-0.0,0.0,359.4,2.28,116.0,97115.0,False,2,20,50
2019-02-19 21:00:00,29.36,14.05,0.0,-0.0,0.0,354.6,2.28,124.0,97212.0,False,2,21,50
2019-02-19 22:00:00,28.23,14.8,0.0,-0.0,0.0,354.8,2.34,134.0,97270.0,False,2,22,50
2019-02-19 23:00:00,27.33,15.45,0.0,-0.0,0.0,351.4,2.34,142.0,97260.0,False,2,23,50
2019-02-20 00:00:00,26.57,16.1,0.0,-0.0,0.0,352.6,2.34,149.0,97279.0,False,2,0,51
2019-02-20 01:00:00,25.88,16.65,0.0,-0.0,0.0,350.65,2.41,156.0,97212.0,False,2,1,51
2019-02-20 02:00:00,25.29,17.25,0.0,-0.0,0.0,355.4,2.34,154.0,97164.0,False,2,2,51
2019-02-20 03:00:00,24.53,18.05,0.0,-0.0,0.0,351.0,2.28,143.0,97135.0,False,2,3,51
2019-02-20 04:00:00,23.83,18.85,0.0,-0.0,0.0,352.8,2.14,131.0,97125.0,False,2,4,51
2019-02-20 05:00:00,23.11,19.55,0.0,-0.0,0.0,350.0,2.14,122.0,97154.0,False,2,5,51
2019-02-20 06:00:00,23.6,20.25,0.0,-0.0,0.0,353.4,0.9,115.0,97193.0,False,2,6,51
2019-02-20 07:00:00,23.47,19.55,52.0,19.32,49.0,364.8,1.72,122.0,97328.0,False,2,7,51
2019-02-20 08:00:00,26.38,16.25,74.0,0.0,74.0,376.2,0.34,298.0,97443.0,False,2,8,51
2019-02-20 09:00:00,28.42,14.15,290.0,38.43,267.0,384.0,1.17,288.0,97540.0,False,2,9,51
2019-02-20 10:00:00,30.25,12.4,645.0,395.12,344.0,389.0,1.52,227.0,97521.0,False,2,10,51
2019-02-20 11:00:00,31.98,11.05,797.0,505.49,357.0,395.65,1.79,196.0,97501.0,False,2,11,51
2019-02-20 12:00:00,33.09,10.9,470.0,38.17,435.0,402.45,1.79,186.0,97395.0,False,2,12,51
2019-02-20 13:00:00,34.42,10.85,525.0,77.93,455.0,407.45,1.79,188.0,97328.0,False,2,13,51
2019-02-20 14:00:00,34.99,11.35,649.0,305.29,400.0,413.25,1.45,198.0,97241.0,False,2,14,51
2019-02-20 15:00:00,34.96,12.35,438.0,145.28,340.0,414.25,0.97,221.0,97164.0,False,2,15,51
2019-02-20 16:00:00,35.17,13.2,290.0,119.64,232.0,414.85,0.9,247.0,97125.0,False,2,16,51
2019-02-20 17:00:00,34.68,14.95,161.0,189.02,112.0,412.85,0.55,280.0,97125.0,False,2,17,51
2019-02-20 18:00:00,33.52,18.7,0.0,0.0,0.0,410.65,0.76,348.0,97193.0,False,2,18,51
2019-02-20 19:00:00,32.24,19.55,0.0,-0.0,0.0,405.45,1.52,59.0,97270.0,False,2,19,51
2019-02-20 20:00:00,30.81,20.75,0.0,-0.0,0.0,407.45,1.93,59.0,97357.0,False,2,20,51
2019-02-20 21:00:00,29.66,21.4,0.0,-0.0,0.0,403.65,1.93,56.0,97453.0,False,2,21,51
2019-02-20 22:00:00,28.47,22.2,0.0,-0.0,0.0,392.65,1.79,28.0,97482.0,False,2,22,51
2019-02-20 23:00:00,27.4,22.9,0.0,-0.0,0.0,390.4,2.07,352.0,97492.0,False,2,23,51
2019-02-21 00:00:00,26.39,22.2,0.0,-0.0,0.0,370.8,2.41,344.0,97540.0,False,2,0,52
2019-02-21 01:00:00,25.97,20.15,0.0,-0.0,0.0,372.65,2.55,352.0,97501.0,False,2,1,52
2019-02-21 02:00:00,25.75,18.15,0.0,-0.0,0.0,373.8,2.76,356.0,97492.0,False,2,2,52
2019-02-21 03:00:00,25.39,16.9,0.0,-0.0,0.0,369.6,2.69,1.0,97463.0,False,2,3,52
2019-02-21 04:00:00,24.78,16.6,0.0,-0.0,0.0,359.0,2.55,5.0,97463.0,False,2,4,52
2019-02-21 05:00:00,24.32,16.5,0.0,-0.0,0.0,364.6,2.41,6.0,97472.0,False,2,5,52
2019-02-21 06:00:00,23.9,16.4,0.0,-0.0,0.0,363.6,2.41,6.0,97511.0,False,2,6,52
2019-02-21 07:00:00,24.37,17.45,60.0,31.81,55.0,363.6,2.28,15.0,97617.0,False,2,7,52
2019-02-21 08:00:00,25.73,16.3,101.0,0.0,101.0,364.4,2.28,12.0,97704.0,False,2,8,52
2019-02-21 09:00:00,28.19,12.75,340.0,81.55,291.0,363.8,3.1,14.0,97762.0,False,2,9,52
2019-02-21 10:00:00,30.78,10.7,765.0,715.7,218.0,368.0,3.31,18.0,97771.0,False,2,10,52
2019-02-21 11:00:00,33.17,9.25,917.0,817.9,203.0,366.6,3.38,22.0,97752.0,False,2,11,52
2019-02-21 12:00:00,35.04,8.35,965.0,803.71,226.0,377.6,3.24,26.0,97675.0,False,2,12,52
2019-02-21 13:00:00,36.34,7.95,920.0,737.23,256.0,377.8,2.97,26.0,97530.0,False,2,13,52
2019-02-21 14:00:00,37.1,7.9,698.0,398.63,372.0,380.4,2.83,23.0,97463.0,False,2,14,52
2019-02-21 15:00:00,37.36,8.2,526.0,297.11,325.0,387.6,2.76,18.0,97376.0,False,2,15,52
2019-02-21 16:00:00,37.12,8.45,393.0,384.42,206.0,383.8,2.97,13.0,97357.0,False,2,16,52
2019-02-21 17:00:00,36.32,9.1,198.0,383.78,98.0,380.2,2.76,10.0,97385.0,False,2,17,52
2019-02-21 18:00:00,34.23,10.8,0.0,0.0,0.0,374.8,2.55,7.0,97414.0,False,2,18,52
2019-02-21 19:00:00,32.1,12.3,0.0,-0.0,0.0,367.4,2.62,10.0,97530.0,False,2,19,52
2019-02-21 20:00:00,30.59,13.2,0.0,-0.0,0.0,363.4,2.55,12.0,97607.0,False,2,20,52
2019-02-21 21:00:00,29.36,13.95,0.0,-0.0,0.0,360.0,2.55,13.0,97723.0,False,2,21,52
2019-02-21 22:00:00,28.23,14.7,0.0,-0.0,0.0,358.4,2.55,6.0,97791.0,False,2,22,52
2019-02-21 23:00:00,27.21,15.25,0.0,-0.0,0.0,353.6,2.55,358.0,97781.0,False,2,23,52
2019-02-22 00:00:00,26.39,15.15,0.0,-0.0,0.0,351.2,2.69,354.0,97742.0,False,2,0,53
2019-02-22 01:00:00,25.68,14.05,0.0,-0.0,0.0,347.65,2.9,355.0,97694.0,False,2,1,53
2019-02-22 02:00:00,25.03,12.35,0.0,-0.0,0.0,342.8,2.97,357.0,97675.0,False,2,2,53
2019-02-22 03:00:00,24.37,10.9,0.0,-0.0,0.0,339.6,2.97,359.0,97617.0,False,2,3,53
2019-02-22 04:00:00,23.78,10.05,0.0,-0.0,0.0,336.2,2.97,2.0,97627.0,False,2,4,53
2019-02-22 05:00:00,23.22,9.65,0.0,-0.0,0.0,335.0,2.9,3.0,97617.0,False,2,5,53
2019-02-22 06:00:00,22.63,9.6,0.0,-0.0,0.0,330.6,2.83,4.0,97675.0,False,2,6,53
2019-02-22 07:00:00,22.94,9.95,109.0,314.13,59.0,330.4,2.55,9.0,97742.0,False,2,7,53
2019-02-22 08:00:00,24.32,10.45,361.0,606.08,121.0,330.0,2.34,11.0,97800.0,False,2,8,53
2019-02-22 09:00:00,26.88,8.55,590.0,682.99,178.0,331.8,2.97,16.0,97839.0,False,2,9,53
2019-02-22 10:00:00,29.68,7.45,788.0,760.32,205.0,336.6,3.03,19.0,97839.0,False,2,10,53
2019-02-22 11:00:00,32.24,6.5,923.0,802.97,220.0,343.4,3.03,20.0,97791.0,False,2,11,53
2019-02-22 12:00:00,34.35,5.8,987.0,835.18,217.0,350.8,2.9,19.0,97675.0,False,2,12,53
2019-02-22 13:00:00,35.88,5.35,968.0,843.84,206.0,358.8,2.69,15.0,97549.0,False,2,13,53
2019-02-22 14:00:00,36.81,5.2,863.0,812.26,197.0,363.4,2.69,9.0,97424.0,False,2,14,53
2019-02-22 15:00:00,37.14,5.6,680.0,720.81,191.0,366.0,2.76,3.0,97347.0,False,2,15,53
2019-02-22 16:00:00,36.91,6.05,460.0,639.28,148.0,367.6,2.9,358.0,97299.0,False,2,16,53
2019-02-22 17:00:00,36.07,6.75,212.0,462.09,91.0,366.4,2.48,356.0,97328.0,False,2,17,53
2019-02-22 18:00:00,34.02,8.4,0.0,0.0,0.0,362.8,2.28,355.0,97366.0,False,2,18,53
2019-02-22 19:00:00,31.53,8.85,0.0,-0.0,0.0,356.2,2.48,356.0,97453.0,False,2,19,53
2019-02-22 20:00:00,29.82,9.3,0.0,-0.0,0.0,351.6,2.62,358.0,97540.0,False,2,20,53
2019-02-22 21:00:00,28.44,9.4,0.0,-0.0,0.0,347.2,2.69,359.0,97627.0,False,2,21,53
2019-02-22 22:00:00,27.29,9.45,0.0,-0.0,0.0,343.2,2.69,359.0,97675.0,False,2,22,53
2019-02-22 23:00:00,26.26,9.55,0.0,-0.0,0.0,339.4,2.83,356.0,97656.0,False,2,23,53
2019-02-23 00:00:00,25.41,9.65,0.0,-0.0,0.0,335.8,2.97,355.0,97675.0,False,2,0,54
2019-02-23 01:00:00,24.61,9.85,0.0,-0.0,0.0,332.25,3.1,356.0,97607.0,False,2,1,54
2019-02-23 02:00:00,23.88,10.1,0.0,-0.0,0.0,328.6,3.24,357.0,97588.0,False,2,2,54
2019-02-23 03:00:00,23.19,10.3,0.0,-0.0,0.0,325.4,3.31,0.0,97521.0,False,2,3,54
2019-02-23 04:00:00,22.53,10.5,0.0,-0.0,0.0,323.0,3.24,3.0,97521.0,False,2,4,54
2019-02-23 05:00:00,21.92,10.7,0.0,-0.0,0.0,320.4,3.24,5.0,97540.0,False,2,5,54
2019-02-23 06:00:00,21.38,11.0,0.0,-0.0,0.0,318.6,3.17,5.0,97559.0,False,2,6,54
2019-02-23 07:00:00,21.67,11.15,112.0,328.79,59.0,316.4,3.03,5.0,97627.0,False,2,7,54
2019-02-23 08:00:00,22.88,11.55,355.0,544.9,138.0,316.8,2.97,7.0,97704.0,False,2,8,54
2019-02-23 09:00:00,25.19,9.9,607.0,724.84,168.0,319.2,3.72,10.0,97742.0,False,2,9,54
2019-02-23 10:00:00,27.7,8.75,795.0,759.14,211.0,324.2,3.79,13.0,97723.0,False,2,10,54
2019-02-23 11:00:00,30.03,7.55,930.0,800.66,227.0,330.2,3.72,14.0,97694.0,False,2,11,54
2019-02-23 12:00:00,31.9,6.5,994.0,831.87,225.0,335.8,3.45,12.0,97569.0,False,2,12,54
2019-02-23 13:00:00,33.21,5.9,970.0,825.12,223.0,340.2,3.03,8.0,97472.0,False,2,13,54
2019-02-23 14:00:00,34.02,5.55,851.0,749.35,235.0,343.2,2.62,5.0,97366.0,False,2,14,54
2019-02-23 15:00:00,34.27,5.4,670.0,665.93,217.0,344.0,2.41,3.0,97289.0,False,2,15,54
2019-02-23 16:00:00,34.04,5.4,444.0,549.43,175.0,343.0,2.34,2.0,97250.0,False,2,16,54
2019-02-23 17:00:00,33.27,6.0,209.0,429.5,96.0,340.8,2.14,4.0,97270.0,False,2,17,54
2019-02-23 18:00:00,31.45,7.8,0.0,0.0,0.0,335.8,2.21,3.0,97279.0,False,2,18,54
2019-02-23 19:00:00,29.21,8.85,0.0,-0.0,0.0,329.6,2.62,4.0,97337.0,False,2,19,54
2019-02-23 20:00:00,27.45,9.5,0.0,-0.0,0.0,324.0,2.76,4.0,97414.0,False,2,20,54
2019-02-23 21:00:00,26.1,10.1,0.0,-0.0,0.0,320.4,2.9,4.0,97482.0,False,2,21,54
2019-02-23 22:00:00,24.98,10.75,0.0,-0.0,0.0,315.6,2.9,4.0,97511.0,False,2,22,54
2019-02-23 23:00:00,24.03,11.35,0.0,-0.0,0.0,312.6,2.97,4.0,97511.0,False,2,23,54
2019-02-24 00:00:00,23.2,11.9,0.0,-0.0,0.0,309.8,3.03,4.0,97501.0,False,2,0,55
2019-02-24 01:00:00,22.4,12.35,0.0,-0.0,0.0,307.4,3.1,4.0,97424.0,False,2,1,55
2019-02-24 02:00:00,21.65,12.8,0.0,-0.0,0.0,304.6,3.1,6.0,97405.0,False,2,2,55
2019-02-24 03:00:00,20.93,13.25,0.0,-0.0,0.0,302.6,3.1,8.0,97357.0,False,2,3,55
2019-02-24 04:00:00,20.23,13.65,0.0,-0.0,0.0,300.2,2.9,10.0,97328.0,False,2,4,55
2019-02-24 05:00:00,19.59,14.0,0.0,-0.0,0.0,298.6,2.83,12.0,97328.0,False,2,5,55
2019-02-24 06:00:00,19.03,14.5,0.0,-0.0,0.0,296.6,2.69,14.0,97366.0,False,2,6,55
2019-02-24 07:00:00,19.73,14.45,113.0,318.48,61.0,298.2,2.48,17.0,97434.0,False,2,7,55
2019-02-24 08:00:00,21.52,14.0,360.0,549.27,140.0,300.0,2.48,18.0,97521.0,False,2,8,55
2019-02-24 09:00:00,24.21,11.95,603.0,684.1,187.0,304.2,3.03,23.0,97588.0,False,2,9,55
2019-02-24 10:00:00,26.9,10.5,793.0,728.15,231.0,311.0,2.9,30.0,97627.0,False,2,10,55
2019-02-24 11:00:00,29.42,9.05,932.0,781.34,244.0,319.4,2.55,36.0,97578.0,False,2,11,55
2019-02-24 12:00:00,31.36,7.95,1008.0,844.79,225.0,327.2,2.07,38.0,97463.0,False,2,12,55
2019-02-24 13:00:00,32.66,7.35,966.0,791.09,248.0,333.8,1.45,35.0,97376.0,False,2,13,55
2019-02-24 14:00:00,33.46,7.1,857.0,747.47,241.0,339.4,1.03,15.0,97279.0,False,2,14,55
2019-02-24 15:00:00,33.82,6.95,664.0,626.05,237.0,341.6,0.97,344.0,97222.0,False,2,15,55
2019-02-24 16:00:00,33.76,6.95,436.0,496.84,192.0,343.0,1.31,329.0,97193.0,False,2,16,55
2019-02-24 17:00:00,33.27,7.2,208.0,401.07,102.0,341.6,1.38,328.0,97193.0,False,2,17,55
2019-02-24 18:00:00,32.0,9.15,0.0,0.0,0.0,339.6,1.66,339.0,97231.0,False,2,18,55
2019-02-24 19:00:00,29.56,10.5,0.0,-0.0,0.0,332.2,2.21,346.0,97270.0,False,2,19,55
2019-02-24 20:00:00,27.61,11.55,0.0,-0.0,0.0,328.4,2.34,351.0,97357.0,False,2,20,55
2019-02-24 21:00:00,26.04,12.3,0.0,-0.0,0.0,326.0,2.41,356.0,97434.0,False,2,21,55
2019-02-24 22:00:00,24.78,12.85,0.0,-0.0,0.0,324.2,2.55,359.0,97443.0,False,2,22,55
2019-02-24 23:00:00,23.69,13.35,0.0,-0.0,0.0,319.2,2.55,1.0,97443.0,False,2,23,55
2019-02-25 00:00:00,22.76,13.85,0.0,-0.0,0.0,314.4,2.62,2.0,97424.0,False,2,0,56
2019-02-25 01:00:00,21.96,14.15,0.0,-0.0,0.0,311.65,2.62,4.0,97357.0,False,2,1,56
2019-02-25 02:00:00,21.26,14.25,0.0,-0.0,0.0,309.2,2.62,7.0,97328.0,False,2,2,56
2019-02-25 03:00:00,20.62,14.3,0.0,-0.0,0.0,307.0,2.62,9.0,97270.0,False,2,3,56
2019-02-25 04:00:00,20.06,14.25,0.0,-0.0,0.0,305.0,2.62,9.0,97260.0,False,2,4,56
2019-02-25 05:00:00,19.55,14.3,0.0,-0.0,0.0,303.6,2.55,9.0,97279.0,False,2,5,56
2019-02-25 06:00:00,19.08,14.45,0.0,-0.0,0.0,301.6,2.55,9.0,97318.0,False,2,6,56
2019-02-25 07:00:00,19.8,14.85,111.0,290.2,63.0,303.8,2.28,10.0,97376.0,False,2,7,56
2019-02-25 08:00:00,21.96,13.9,356.0,523.75,145.0,306.6,2.21,11.0,97443.0,False,2,8,56
2019-02-25 09:00:00,25.08,11.05,602.0,679.7,187.0,310.0,2.69,17.0,97482.0,False,2,9,56
2019-02-25 10:00:00,27.96,9.35,801.0,752.89,218.0,317.0,2.83,23.0,97482.0,False,2,10,56
2019-02-25 11:00:00,30.55,7.85,947.0,823.28,220.0,326.2,2.69,29.0,97434.0,False,2,11,56
2019-02-25 12:00:00,32.41,7.05,1005.0,839.36,225.0,333.2,2.28,25.0,97357.0,False,2,12,56
2019-02-25 13:00:00,33.57,6.9,981.0,833.09,223.0,340.2,1.59,13.0,97270.0,False,2,13,56
2019-02-25 14:00:00,34.29,6.9,880.0,818.27,204.0,344.8,1.1,345.0,97183.0,False,2,14,56
2019-02-25 15:00:00,34.63,6.9,690.0,713.66,202.0,347.6,1.17,312.0,97086.0,False,2,15,56
2019-02-25 16:00:00,34.58,7.05,461.0,602.97,164.0,348.0,1.45,304.0,97077.0,False,2,16,56
2019-02-25 17:00:00,34.06,7.45,214.0,436.99,98.0,347.2,1.66,311.0,97106.0,False,2,17,56
2019-02-25 18:00:00,32.59,9.35,0.0,0.0,0.0,344.4,1.93,328.0,97173.0,False,2,18,56
2019-02-25 19:00:00,30.05,10.35,0.0,-0.0,0.0,339.4,2.55,334.0,97222.0,False,2,19,56
2019-02-25 20:00:00,28.26,10.85,0.0,-0.0,0.0,335.8,2.76,338.0,97347.0,False,2,20,56
2019-02-25 21:00:00,26.88,11.05,0.0,-0.0,0.0,331.4,2.83,345.0,97434.0,False,2,21,56
2019-02-25 22:00:00,25.75,11.0,0.0,-0.0,0.0,328.6,2.9,352.0,97482.0,False,2,22,56
2019-02-25 23:00:00,24.73,10.95,0.0,-0.0,0.0,323.0,2.9,357.0,97482.0,False,2,23,56
2019-02-26 00:00:00,23.85,10.9,0.0,-0.0,0.0,321.0,2.9,360.0,97463.0,False,2,0,57
2019-02-26 01:00:00,23.05,11.05,0.0,-0.0,0.0,319.05,2.83,1.0,97395.0,False,2,1,57
2019-02-26 02:00:00,22.31,11.25,0.0,-0.0,0.0,316.8,2.76,0.0,97357.0,False,2,2,57
2019-02-26 03:00:00,21.58,11.55,0.0,-0.0,0.0,315.0,2.69,1.0,97376.0,False,2,3,57
2019-02-26 04:00:00,20.91,11.8,0.0,-0.0,0.0,312.8,2.69,2.0,97357.0,False,2,4,57
2019-02-26 05:00:00,20.27,12.1,0.0,-0.0,0.0,310.8,2.62,3.0,97395.0,False,2,5,57
2019-02-26 06:00:00,19.65,12.45,0.0,-0.0,0.0,308.0,2.48,5.0,97463.0,False,2,6,57
2019-02-26 07:00:00,20.43,12.7,120.0,352.07,61.0,309.4,2.55,2.0,97549.0,False,2,7,57
2019-02-26 08:00:00,22.22,11.75,372.0,597.19,130.0,310.0,2.69,5.0,97598.0,False,2,8,57
2019-02-26 09:00:00,24.76,10.0,617.0,732.4,168.0,313.0,3.24,10.0,97656.0,False,2,9,57
2019-02-26 10:00:00,27.38,8.75,806.0,764.59,212.0,319.2,3.31,16.0,97646.0,False,2,10,57
2019-02-26 11:00:00,29.8,7.6,947.0,820.95,220.0,326.0,3.31,21.0,97636.0,False,2,11,57
2019-02-26 12:00:00,31.59,6.9,1000.0,821.1,235.0,332.8,3.03,22.0,97492.0,False,2,12,57
2019-02-26 13:00:00,32.83,6.6,964.0,782.83,250.0,338.2,2.55,16.0,97395.0,False,2,13,57
2019-02-26 14:00:00,33.58,6.55,869.0,784.91,219.0,342.0,2.14,8.0,97337.0,False,2,14,57
2019-02-26 15:00:00,33.86,6.6,690.0,711.88,202.0,344.2,2.0,0.0,97270.0,False,2,15,57
2019-02-26 16:00:00,33.73,6.7,458.0,589.1,167.0,347.8,2.07,356.0,97222.0,False,2,16,57
2019-02-26 17:00:00,33.13,7.0,195.0,318.88,110.0,344.0,2.14,356.0,97279.0,False,2,17,57
2019-02-26 18:00:00,31.57,8.5,0.0,0.0,0.0,342.8,1.93,2.0,97308.0,False,2,18,57
2019-02-26 19:00:00,29.47,9.5,0.0,-0.0,0.0,339.6,2.48,358.0,97385.0,False,2,19,57
2019-02-26 20:00:00,27.73,10.2,0.0,-0.0,0.0,335.8,2.69,359.0,97463.0,False,2,20,57
2019-02-26 21:00:00,26.36,10.8,0.0,-0.0,0.0,330.2,2.83,1.0,97588.0,False,2,21,57
2019-02-26 22:00:00,25.18,11.35,0.0,-0.0,0.0,324.6,2.76,0.0,97588.0,False,2,22,57
2019-02-26 23:00:00,24.11,12.0,0.0,-0.0,0.0,321.2,2.69,359.0,97617.0,False,2,23,57
2019-02-27 00:00:00,23.14,12.6,0.0,-0.0,0.0,317.8,2.76,356.0,97636.0,False,2,0,58
2019-02-27 01:00:00,22.25,13.15,0.0,-0.0,0.0,314.05,2.76,356.0,97559.0,False,2,1,58
2019-02-27 02:00:00,21.41,13.7,0.0,-0.0,0.0,311.8,2.76,356.0,97559.0,False,2,2,58
2019-02-27 03:00:00,20.66,14.15,0.0,-0.0,0.0,309.8,2.9,358.0,97521.0,False,2,3,58
2019-02-27 04:00:00,20.02,14.35,0.0,-0.0,0.0,307.8,3.1,358.0,97549.0,False,2,4,58
2019-02-27 05:00:00,19.42,14.55,0.0,-0.0,0.0,306.8,3.17,357.0,97569.0,False,2,5,58
2019-02-27 06:00:00,18.88,14.75,0.0,-0.0,0.0,305.2,3.24,357.0,97588.0,False,2,6,58
2019-02-27 07:00:00,19.45,14.8,119.0,335.68,62.0,307.4,2.83,359.0,97704.0,False,2,7,58
2019-02-27 08:00:00,20.73,14.4,368.0,576.5,133.0,308.4,2.97,1.0,97742.0,False,2,8,58
2019-02-27 09:00:00,23.17,12.75,610.0,708.3,174.0,312.2,3.1,4.0,97829.0,False,2,9,58
2019-02-27 10:00:00,25.95,11.15,806.0,769.8,206.0,318.6,3.1,5.0,97810.0,False,2,10,58
2019-02-27 11:00:00,28.57,9.55,941.0,811.89,220.0,326.8,3.17,3.0,97810.0,False,2,11,58
2019-02-27 12:00:00,30.56,8.5,999.0,827.58,226.0,334.8,3.03,357.0,97656.0,False,2,12,58
2019-02-27 13:00:00,31.99,7.75,985.0,852.05,206.0,341.4,2.83,349.0,97569.0,False,2,13,58
2019-02-27 14:00:00,32.89,7.15,883.0,836.09,189.0,344.4,2.76,343.0,97443.0,False,2,14,58
2019-02-27 15:00:00,33.09,6.85,689.0,715.98,197.0,357.4,2.62,340.0,97395.0,False,2,15,58
2019-02-27 16:00:00,32.93,6.8,408.0,393.68,213.0,345.8,2.62,340.0,97376.0,False,2,16,58
2019-02-27 17:00:00,32.17,7.1,99.0,14.95,95.0,342.8,2.55,344.0,97424.0,False,2,17,58
2019-02-27 18:00:00,30.46,8.6,0.0,0.0,0.0,340.0,2.21,350.0,97463.0,False,2,18,58
2019-02-27 19:00:00,28.5,9.5,0.0,-0.0,0.0,333.8,2.55,346.0,97530.0,False,2,19,58
2019-02-27 20:00:00,26.8,10.4,0.0,-0.0,0.0,329.0,2.76,351.0,97607.0,False,2,20,58
2019-02-27 21:00:00,25.59,11.05,0.0,-0.0,0.0,331.6,2.83,355.0,97733.0,False,2,21,58
2019-02-27 22:00:00,24.48,11.75,0.0,-0.0,0.0,324.2,2.97,355.0,97723.0,False,2,22,58
2019-02-27 23:00:00,23.59,12.25,0.0,-0.0,0.0,325.6,3.03,354.0,97723.0,False,2,23,58
2019-02-28 00:00:00,22.93,12.55,0.0,-0.0,0.0,328.8,3.03,353.0,97742.0,False,2,0,59
2019-02-28 01:00:00,22.32,12.75,0.0,-0.0,0.0,331.25,3.1,352.0,97675.0,False,2,1,59
2019-02-28 02:00:00,21.61,13.15,0.0,-0.0,0.0,321.6,3.17,353.0,97636.0,False,2,2,59
2019-02-28 03:00:00,20.92,13.65,0.0,-0.0,0.0,315.4,3.17,356.0,97607.0,False,2,3,59
2019-02-28 04:00:00,20.5,14.05,0.0,-0.0,0.0,326.2,3.17,357.0,97617.0,False,2,4,59
2019-02-28 05:00:00,20.1,14.65,0.0,-0.0,0.0,327.0,3.17,357.0,97656.0,False,2,5,59
2019-02-28 06:00:00,19.92,15.15,0.0,-0.0,0.0,341.8,3.1,358.0,97694.0,False,2,6,59
2019-02-28 07:00:00,20.67,14.85,125.0,377.75,60.0,328.2,2.97,359.0,97771.0,False,2,7,59
2019-02-28 08:00:00,21.51,14.9,342.0,446.27,159.0,331.4,3.38,2.0,97839.0,False,2,8,59
2019-02-28 09:00:00,22.74,14.3,499.0,347.85,284.0,342.6,3.59,4.0,97926.0,False,2,9,59
2019-02-28 10:00:00,24.25,13.45,721.0,524.32,311.0,354.8,3.59,5.0,97916.0,False,2,10,59
2019-02-28 11:00:00,25.94,12.3,925.0,771.45,238.0,355.8,3.72,7.0,97906.0,False,2,11,59
2019-02-28 12:00:00,27.2,11.25,534.0,65.14,473.0,358.4,3.79,7.0,97848.0,False,2,12,59
2019-02-28 13:00:00,28.19,10.35,854.0,523.78,374.0,370.6,3.59,6.0,97762.0,False,2,13,59
2019-02-28 14:00:00,28.59,9.95,757.0,491.61,348.0,379.0,3.24,5.0,97685.0,False,2,14,59
2019-02-28 15:00:00,28.42,9.9,692.0,733.18,187.0,379.6,2.83,3.0,97598.0,False,2,15,59
2019-02-28 16:00:00,28.44,10.58,472.0,664.46,142.0,372.89,2.12,4.0,97549.0,False,2,16,59
2019-02-28 17:00:00,27.69,10.88,214.0,439.25,96.0,368.52,2.19,9.0,97588.0,False,2,17,59
2019-02-28 18:00:00,26.94,11.18,0.0,0.0,0.0,364.15,2.26,15.0,97617.0,False,2,18,59
2019-02-28 19:00:00,26.2,11.47,0.0,-0.0,0.0,359.79,2.33,7.0,97685.0,False,2,19,59
2019-02-28 20:00:00,25.45,11.77,0.0,-0.0,0.0,355.42,2.4,10.0,97771.0,False,2,20,59
2019-02-28 21:00:00,24.7,12.07,0.0,-0.0,0.0,351.06,2.47,10.0,97877.0,False,2,21,59
2019-02-28 22:00:00,23.95,12.37,0.0,-0.0,0.0,346.69,2.54,5.0,97916.0,False,2,22,59
2019-02-28 23:00:00,23.21,12.66,0.0,-0.0,0.0,342.32,2.61,2.0,97926.0,False,2,23,59
2019-03-01 00:00:00,22.46,12.96,0.0,-0.0,0.0,337.96,2.68,2.0,97935.0,False,3,0,60
2019-03-01 01:00:00,21.71,13.26,0.0,-0.0,0.0,333.59,2.75,360.0,97877.0,False,3,1,60
2019-03-01 02:00:00,20.97,13.56,0.0,-0.0,0.0,329.23,2.82,358.0,97829.0,False,3,2,60
2019-03-01 03:00:00,20.22,13.85,0.0,-0.0,0.0,324.86,2.89,357.0,97781.0,False,3,3,60
2019-03-01 04:00:00,19.47,14.15,0.0,-0.0,0.0,320.49,2.96,356.0,97810.0,False,3,4,60
2019-03-01 05:00:00,18.73,14.45,0.0,-0.0,0.0,316.13,3.03,356.0,97791.0,False,3,5,60
2019-03-01 06:00:00,17.98,14.75,0.0,-0.0,0.0,311.76,3.1,359.0,97848.0,False,3,6,60
2019-03-01 07:00:00,17.23,15.04,112.0,246.59,69.0,307.4,3.17,4.0,97935.0,False,3,7,60
2019-03-01 08:00:00,19.37,14.1,355.0,482.4,156.0,301.0,3.38,8.0,97993.0,False,3,8,60
2019-03-01 09:00:00,21.47,12.65,592.0,605.84,216.0,304.0,3.66,14.0,98032.0,False,3,9,60
2019-03-01 10:00:00,23.93,11.25,803.0,722.75,236.0,309.0,3.59,22.0,98061.0,False,3,10,60
2019-03-01 11:00:00,26.31,9.95,933.0,752.52,261.0,315.0,3.45,29.0,98012.0,False,3,11,60
2019-03-01 12:00:00,28.21,8.95,1013.0,829.86,234.0,321.6,3.03,36.0,97945.0,False,3,12,60
2019-03-01 13:00:00,29.57,8.25,966.0,761.01,267.0,327.4,2.48,40.0,97829.0,False,3,13,60
2019-03-01 14:00:00,30.52,7.75,869.0,756.77,238.0,331.0,2.0,38.0,97762.0,False,3,14,60
2019-03-01 15:00:00,30.93,7.5,671.0,627.23,238.0,333.4,1.66,28.0,97675.0,False,3,15,60
2019-03-01 16:00:00,30.94,7.4,380.0,297.25,232.0,333.8,1.59,13.0,97656.0,False,3,16,60
2019-03-01 17:00:00,30.49,7.6,216.0,441.38,97.0,332.0,1.79,7.0,97704.0,False,3,17,60
2019-03-01 18:00:00,29.16,9.4,0.0,0.0,0.0,328.6,1.79,360.0,97723.0,False,3,18,60
2019-03-01 19:00:00,27.35,11.25,0.0,-0.0,0.0,327.2,2.21,356.0,97800.0,False,3,19,60
2019-03-01 20:00:00,25.6,12.3,0.0,-0.0,0.0,324.6,2.34,357.0,97877.0,False,3,20,60
2019-03-01 21:00:00,24.25,13.1,0.0,-0.0,0.0,322.4,2.48,358.0,97945.0,False,3,21,60
2019-03-01 22:00:00,23.15,13.85,0.0,-0.0,0.0,323.4,2.55,359.0,97964.0,False,3,22,60
2019-03-01 23:00:00,22.22,14.6,0.0,-0.0,0.0,321.6,2.55,0.0,97964.0,False,3,23,60
2019-03-02 00:00:00,21.48,15.2,0.0,-0.0,0.0,320.4,2.62,1.0,97945.0,False,3,0,61
2019-03-02 01:00:00,20.78,15.65,0.0,-0.0,0.0,316.25,2.69,3.0,97897.0,False,3,1,61
2019-03-02 02:00:00,20.16,15.9,0.0,-0.0,0.0,311.8,2.76,6.0,97839.0,False,3,2,61
2019-03-02 03:00:00,19.62,16.0,0.0,-0.0,0.0,310.4,2.83,7.0,97800.0,False,3,3,61
2019-03-02 04:00:00,19.19,16.1,0.0,-0.0,0.0,310.0,2.9,7.0,97800.0,False,3,4,61
2019-03-02 05:00:00,18.75,16.35,0.0,-0.0,0.0,310.8,2.9,9.0,97791.0,False,3,5,61
2019-03-02 06:00:00,18.24,17.05,0.0,-0.0,0.0,307.0,2.83,11.0,97848.0,False,3,6,61
2019-03-02 07:00:00,19.11,16.05,116.0,265.94,69.0,311.0,2.76,16.0,97916.0,False,3,7,61
2019-03-02 08:00:00,20.66,15.6,361.0,503.6,152.0,307.6,2.83,21.0,97984.0,False,3,8,61
2019-03-02 09:00:00,23.33,13.3,604.0,648.29,200.0,311.2,3.31,29.0,98012.0,False,3,9,61
2019-03-02 10:00:00,26.12,11.25,804.0,729.31,230.0,318.6,3.38,35.0,98032.0,False,3,10,61
2019-03-02 11:00:00,28.6,9.55,951.0,804.07,231.0,326.8,3.24,40.0,97974.0,False,3,11,61
2019-03-02 12:00:00,30.51,8.4,1004.0,807.65,244.0,335.0,2.9,40.0,97877.0,False,3,12,61
2019-03-02 13:00:00,31.84,7.85,978.0,799.49,242.0,342.6,2.34,35.0,97781.0,False,3,13,61
2019-03-02 14:00:00,32.66,7.65,879.0,793.44,216.0,353.2,1.86,23.0,97685.0,False,3,14,61
2019-03-02 15:00:00,33.08,7.6,695.0,711.14,203.0,353.2,1.86,8.0,97578.0,False,3,15,61
2019-03-02 16:00:00,33.05,7.65,468.0,619.09,159.0,356.4,1.93,2.0,97549.0,False,3,16,61
2019-03-02 17:00:00,32.52,7.95,214.0,425.08,99.0,351.0,1.86,4.0,97578.0,False,3,17,61
2019-03-02 18:00:00,31.14,9.8,0.0,0.0,0.0,343.8,1.72,8.0,97588.0,False,3,18,61
2019-03-02 19:00:00,29.02,10.85,0.0,-0.0,0.0,340.6,2.28,15.0,97665.0,False,3,19,61
2019-03-02 20:00:00,27.13,11.95,0.0,-0.0,0.0,335.4,2.34,20.0,97742.0,False,3,20,61
2019-03-02 21:00:00,25.66,12.75,0.0,-0.0,0.0,331.8,2.41,22.0,97839.0,False,3,21,61
2019-03-02 22:00:00,24.43,13.45,0.0,-0.0,0.0,329.6,2.34,23.0,97829.0,False,3,22,61
2019-03-02 23:00:00,23.36,14.25,0.0,-0.0,0.0,328.4,2.28,21.0,97887.0,False,3,23,61
2019-03-03 00:00:00,22.33,15.05,0.0,-0.0,0.0,322.2,2.28,17.0,97839.0,False,3,0,62
2019-03-03 01:00:00,21.41,15.7,0.0,-0.0,0.0,318.45,2.34,13.0,97771.0,False,3,1,62
2019-03-03 02:00:00,20.69,16.0,0.0,-0.0,0.0,315.4,2.41,13.0,97733.0,False,3,2,62
2019-03-03 03:00:00,20.05,16.0,0.0,-0.0,0.0,312.6,2.48,12.0,97704.0,False,3,3,62
2019-03-03 04:00:00,19.59,15.8,0.0,-0.0,0.0,310.8,2.55,11.0,97675.0,False,3,4,62
2019-03-03 05:00:00,19.24,15.5,0.0,-0.0,0.0,309.8,2.62,11.0,97694.0,False,3,5,62
2019-03-03 06:00:00,18.95,15.45,0.0,-0.0,0.0,309.6,2.55,15.0,97752.0,False,3,6,62
2019-03-03 07:00:00,20.0,15.3,122.0,295.88,69.0,313.6,2.28,23.0,97829.0,False,3,7,62
2019-03-03 08:00:00,22.51,14.0,368.0,526.91,148.0,318.4,2.14,26.0,97906.0,False,3,8,62
2019-03-03 09:00:00,25.88,11.15,611.0,663.21,196.0,322.0,2.69,29.0,97955.0,False,3,9,62
2019-03-03 10:00:00,28.83,9.2,812.0,744.69,224.0,330.0,3.1,33.0,97926.0,False,3,10,62
2019-03-03 11:00:00,31.28,7.5,959.0,820.82,222.0,337.8,3.24,37.0,97887.0,False,3,11,62
2019-03-03 12:00:00,32.94,6.8,1007.0,807.84,245.0,347.6,2.76,32.0,97771.0,False,3,12,62
2019-03-03 13:00:00,34.13,6.6,986.0,815.08,234.0,353.0,2.21,19.0,97675.0,False,3,13,62
2019-03-03 14:00:00,34.86,6.55,877.0,779.83,224.0,357.2,2.0,5.0,97559.0,False,3,14,62
2019-03-03 15:00:00,35.24,6.5,689.0,685.12,214.0,360.2,2.07,353.0,97492.0,False,3,15,62
2019-03-03 16:00:00,35.13,6.45,465.0,597.66,166.0,360.6,2.28,350.0,97424.0,False,3,16,62
2019-03-03 17:00:00,34.49,6.7,209.0,386.85,104.0,356.8,2.28,354.0,97453.0,False,3,17,62
2019-03-03 18:00:00,32.64,8.2,0.0,0.0,0.0,349.6,2.14,1.0,97453.0,False,3,18,62
2019-03-03 19:00:00,30.37,9.3,0.0,-0.0,0.0,347.2,2.41,9.0,97540.0,False,3,19,62
2019-03-03 20:00:00,28.59,9.9,0.0,-0.0,0.0,343.4,2.55,13.0,97627.0,False,3,20,62
2019-03-03 21:00:00,27.19,10.4,0.0,-0.0,0.0,340.4,2.62,16.0,97704.0,False,3,21,62
2019-03-03 22:00:00,26.05,10.95,0.0,-0.0,0.0,338.4,2.62,18.0,97762.0,False,3,22,62
2019-03-03 23:00:00,25.03,11.65,0.0,-0.0,0.0,336.2,2.55,21.0,97771.0,False,3,23,62
2019-03-04 00:00:00,24.07,12.4,0.0,-0.0,0.0,333.8,2.48,24.0,97752.0,False,3,0,63
2019-03-04 01:00:00,23.17,13.1,0.0,-0.0,0.0,330.85,2.41,27.0,97685.0,False,3,1,63
2019-03-04 02:00:00,22.45,13.6,0.0,-0.0,0.0,332.2,2.41,31.0,97636.0,False,3,2,63
2019-03-04 03:00:00,21.77,14.1,0.0,-0.0,0.0,326.4,2.41,32.0,97588.0,False,3,3,63
2019-03-04 04:00:00,21.23,14.45,0.0,-0.0,0.0,325.0,2.41,32.0,97569.0,False,3,4,63
2019-03-04 05:00:00,20.79,14.75,0.0,-0.0,0.0,323.6,2.48,31.0,97578.0,False,3,5,63
2019-03-04 06:00:00,20.54,14.9,0.0,-0.0,0.0,325.8,2.55,27.0,97598.0,False,3,6,63
2019-03-04 07:00:00,21.73,14.2,114.0,231.34,72.0,337.4,2.48,24.0,97665.0,False,3,7,63
2019-03-04 08:00:00,23.77,13.7,367.0,514.2,151.0,327.6,2.28,24.0,97704.0,False,3,8,63
2019-03-04 09:00:00,26.91,11.2,608.0,647.76,201.0,332.4,2.83,30.0,97742.0,False,3,9,63
2019-03-04 10:00:00,29.74,9.6,808.0,728.43,231.0,344.8,2.9,34.0,97713.0,False,3,10,63
2019-03-04 11:00:00,32.16,7.95,959.0,817.51,223.0,356.2,2.83,37.0,97675.0,False,3,11,63
2019-03-04 12:00:00,34.0,6.95,989.0,760.46,270.0,354.0,2.34,33.0,97598.0,False,3,12,63
2019-03-04 13:00:00,35.18,6.6,974.0,781.96,251.0,359.4,1.66,26.0,97501.0,False,3,13,63
2019-03-04 14:00:00,35.85,6.55,866.0,748.45,238.0,361.6,1.24,6.0,97395.0,False,3,14,63
2019-03-04 15:00:00,36.14,6.6,688.0,682.29,214.0,362.2,1.38,343.0,97299.0,False,3,15,63
2019-03-04 16:00:00,36.06,6.65,464.0,592.34,167.0,362.2,2.0,336.0,97270.0,False,3,16,63
2019-03-04 17:00:00,35.42,7.0,213.0,404.02,103.0,361.2,2.21,341.0,97279.0,False,3,17,63
2019-03-04 18:00:00,33.73,8.45,0.0,0.0,0.0,359.4,1.93,351.0,97328.0,False,3,18,63
2019-03-04 19:00:00,31.53,9.25,0.0,-0.0,0.0,355.2,2.28,355.0,97414.0,False,3,19,63
2019-03-04 20:00:00,29.79,10.05,0.0,-0.0,0.0,350.6,2.34,2.0,97549.0,False,3,20,63
2019-03-04 21:00:00,28.19,10.75,0.0,-0.0,0.0,348.6,2.48,5.0,97617.0,False,3,21,63
2019-03-04 22:00:00,26.89,11.25,0.0,-0.0,0.0,341.6,2.62,6.0,97675.0,False,3,22,63
2019-03-04 23:00:00,25.96,11.55,0.0,-0.0,0.0,343.0,2.62,8.0,97723.0,False,3,23,63
2019-03-05 00:00:00,25.14,11.85,0.0,-0.0,0.0,339.2,2.69,9.0,97694.0,False,3,0,64
2019-03-05 01:00:00,24.53,12.0,0.0,-0.0,0.0,341.45,2.76,9.0,97607.0,False,3,1,64
2019-03-05 02:00:00,24.51,11.65,0.0,-0.0,0.0,368.4,2.69,10.0,97530.0,False,3,2,64
2019-03-05 03:00:00,24.0,11.75,0.0,-0.0,0.0,354.6,2.62,12.0,97501.0,False,3,3,64
2019-03-05 04:00:00,23.25,12.15,0.0,-0.0,0.0,337.6,2.55,14.0,97511.0,False,3,4,64
2019-03-05 05:00:00,22.51,12.6,0.0,-0.0,0.0,330.6,2.48,15.0,97511.0,False,3,5,64
2019-03-05 06:00:00,21.9,13.05,0.0,-0.0,0.0,327.8,2.55,14.0,97559.0,False,3,6,64
2019-03-05 07:00:00,22.52,13.45,124.0,282.58,72.0,325.2,2.34,17.0,97636.0,False,3,7,64
2019-03-05 08:00:00,24.61,12.6,371.0,518.18,152.0,327.4,2.28,20.0,97694.0,False,3,8,64
2019-03-05 09:00:00,27.63,10.55,609.0,640.35,205.0,332.4,2.62,24.0,97742.0,False,3,9,64
2019-03-05 10:00:00,30.64,9.05,808.0,718.56,237.0,339.8,2.69,24.0,97781.0,False,3,10,64
2019-03-05 11:00:00,33.23,7.55,954.0,792.08,239.0,348.8,2.76,25.0,97713.0,False,3,11,64
2019-03-05 12:00:00,35.07,6.8,1000.0,778.75,262.0,356.2,2.48,18.0,97607.0,False,3,12,64
2019-03-05 13:00:00,36.32,6.5,990.0,815.94,234.0,362.2,2.21,6.0,97482.0,False,3,13,64
2019-03-05 14:00:00,37.04,6.45,871.0,751.73,239.0,366.2,2.0,354.0,97366.0,False,3,14,64
2019-03-05 15:00:00,37.26,6.55,695.0,699.63,208.0,368.6,1.93,344.0,97299.0,False,3,15,64
2019-03-05 16:00:00,37.07,6.7,469.0,609.0,163.0,368.6,1.93,341.0,97279.0,False,3,16,64
2019-03-05 17:00:00,36.47,7.05,214.0,410.16,102.0,367.4,2.0,345.0,97289.0,False,3,17,64
2019-03-05 18:00:00,34.76,8.65,0.0,0.0,0.0,363.6,2.07,353.0,97366.0,False,3,18,64
2019-03-05 19:00:00,32.15,9.6,0.0,-0.0,0.0,357.6,2.55,355.0,97434.0,False,3,19,64
2019-03-05 20:00:00,30.42,10.35,0.0,-0.0,0.0,353.8,2.76,360.0,97540.0,False,3,20,64
2019-03-05 21:00:00,29.11,10.95,0.0,-0.0,0.0,349.6,2.83,5.0,97627.0,False,3,21,64
2019-03-05 22:00:00,28.04,11.4,0.0,-0.0,0.0,348.2,2.76,8.0,97665.0,False,3,22,64
2019-03-05 23:00:00,27.04,11.8,0.0,-0.0,0.0,344.0,2.69,8.0,97685.0,False,3,23,64
2019-03-06 00:00:00,26.1,12.2,0.0,-0.0,0.0,341.4,2.69,8.0,97675.0,False,3,0,65
2019-03-06 01:00:00,25.25,12.55,0.0,-0.0,0.0,338.05,2.69,8.0,97578.0,False,3,1,65
2019-03-06 02:00:00,24.42,12.85,0.0,-0.0,0.0,333.0,2.62,9.0,97530.0,False,3,2,65
2019-03-06 03:00:00,23.64,13.2,0.0,-0.0,0.0,330.2,2.55,9.0,97511.0,False,3,3,65
2019-03-06 04:00:00,22.95,13.45,0.0,-0.0,0.0,328.2,2.55,9.0,97501.0,False,3,4,65
2019-03-06 05:00:00,22.32,13.75,0.0,-0.0,0.0,325.6,2.55,9.0,97521.0,False,3,5,65
2019-03-06 06:00:00,21.79,13.95,0.0,-0.0,0.0,323.8,2.55,12.0,97559.0,False,3,6,65
2019-03-06 07:00:00,22.29,14.2,122.0,257.35,74.0,323.8,2.41,21.0,97646.0,False,3,7,65
2019-03-06 08:00:00,24.52,13.1,378.0,543.26,147.0,324.8,2.21,26.0,97675.0,False,3,8,65
2019-03-06 09:00:00,27.82,10.3,623.0,680.36,192.0,330.2,2.76,31.0,97723.0,False,3,9,65
2019-03-06 10:00:00,30.93,8.85,826.0,762.71,218.0,338.0,2.76,35.0,97713.0,False,3,10,65
2019-03-06 11:00:00,33.64,7.7,968.0,824.26,222.0,347.0,2.69,39.0,97656.0,False,3,11,65
2019-03-06 12:00:00,35.52,6.85,1009.0,795.93,253.0,355.2,2.34,37.0,97549.0,False,3,12,65
2019-03-06 13:00:00,36.63,6.45,988.0,802.42,243.0,361.6,1.66,21.0,97434.0,False,3,13,65
2019-03-06 14:00:00,37.25,6.15,878.0,768.1,231.0,365.6,1.24,355.0,97385.0,False,3,14,65
2019-03-06 15:00:00,37.46,6.15,698.0,701.18,209.0,367.4,1.24,334.0,97318.0,False,3,15,65
2019-03-06 16:00:00,37.29,6.35,473.0,621.67,160.0,367.8,1.38,326.0,97299.0,False,3,16,65
2019-03-06 17:00:00,36.74,6.6,212.0,390.77,105.0,366.0,1.38,327.0,97260.0,False,3,17,65
2019-03-06 18:00:00,35.46,8.2,0.0,0.0,0.0,362.6,1.45,340.0,97308.0,False,3,18,65
2019-03-06 19:00:00,33.29,9.65,0.0,-0.0,0.0,358.0,1.45,339.0,97395.0,False,3,19,65
2019-03-06 20:00:00,30.85,11.55,0.0,-0.0,0.0,354.6,1.72,343.0,97472.0,False,3,20,65
2019-03-06 21:00:00,28.85,12.75,0.0,-0.0,0.0,351.2,2.21,344.0,97578.0,False,3,21,65
2019-03-06 22:00:00,27.11,13.55,0.0,-0.0,0.0,348.0,2.41,344.0,97598.0,False,3,22,65
2019-03-06 23:00:00,26.05,13.45,0.0,-0.0,0.0,344.2,2.41,347.0,97559.0,False,3,23,65
2019-03-07 00:00:00,25.34,13.3,0.0,-0.0,0.0,340.4,2.48,348.0,97559.0,False,3,0,66
2019-03-07 01:00:00,24.67,13.45,0.0,-0.0,0.0,337.85,2.48,349.0,97463.0,False,3,1,66
2019-03-07 02:00:00,24.14,13.65,0.0,-0.0,0.0,335.8,2.41,352.0,97395.0,False,3,2,66
2019-03-07 03:00:00,23.57,13.85,0.0,-0.0,0.0,334.0,2.41,354.0,97385.0,False,3,3,66
2019-03-07 04:00:00,23.05,13.95,0.0,-0.0,0.0,333.0,2.48,355.0,97337.0,False,3,4,66
2019-03-07 05:00:00,22.58,13.9,0.0,-0.0,0.0,331.4,2.48,355.0,97376.0,False,3,5,66
2019-03-07 06:00:00,22.17,13.85,0.0,-0.0,0.0,330.0,2.41,358.0,97405.0,False,3,6,66
2019-03-07 07:00:00,22.6,15.1,137.0,359.7,69.0,331.2,2.0,10.0,97472.0,False,3,7,66
2019-03-07 08:00:00,25.2,13.85,387.0,565.67,145.0,333.2,1.59,17.0,97530.0,False,3,8,66
2019-03-07 09:00:00,29.07,10.55,631.0,690.17,192.0,337.6,1.79,23.0,97607.0,False,3,9,66
2019-03-07 10:00:00,32.4,8.7,835.0,771.58,218.0,346.2,1.72,39.0,97607.0,False,3,10,66
2019-03-07 11:00:00,34.79,7.55,978.0,833.15,222.0,354.4,1.72,82.0,97578.0,False,3,11,66
2019-03-07 12:00:00,36.15,7.2,1002.0,759.49,279.0,360.4,1.72,114.0,97521.0,False,3,12,66
2019-03-07 13:00:00,37.05,7.1,997.0,811.57,242.0,365.2,1.52,140.0,97443.0,False,3,13,66
2019-03-07 14:00:00,37.59,7.1,886.0,777.34,230.0,368.0,1.1,163.0,97328.0,False,3,14,66
2019-03-07 15:00:00,37.81,7.2,708.0,724.25,202.0,370.2,0.76,198.0,97222.0,False,3,15,66
2019-03-07 16:00:00,37.61,7.3,478.0,632.37,159.0,370.4,0.62,223.0,97193.0,False,3,16,66
2019-03-07 17:00:00,37.08,7.55,220.0,433.47,101.0,368.6,0.62,221.0,97173.0,False,3,17,66
2019-03-07 18:00:00,35.77,9.3,0.0,0.0,0.0,364.6,0.83,181.0,97202.0,False,3,18,66
2019-03-07 19:00:00,33.59,12.45,0.0,-0.0,0.0,357.0,0.62,138.0,97212.0,False,3,19,66
2019-03-07 20:00:00,32.77,11.4,0.0,-0.0,0.0,354.4,0.69,134.0,97328.0,False,3,20,66
2019-03-07 21:00:00,32.06,11.65,0.0,-0.0,0.0,352.2,0.83,150.0,97434.0,False,3,21,66
2019-03-07 22:00:00,31.3,12.2,0.0,-0.0,0.0,350.0,0.55,182.0,97434.0,False,3,22,66
2019-03-07 23:00:00,29.7,13.65,0.0,-0.0,0.0,348.6,0.69,318.0,97463.0,False,3,23,66
2019-03-08 00:00:00,25.34,18.15,0.0,-0.0,0.0,345.6,2.41,343.0,97424.0,False,3,0,67
2019-03-08 01:00:00,24.19,18.1,0.0,-0.0,0.0,341.65,2.62,353.0,97405.0,False,3,1,67
2019-03-08 02:00:00,23.91,16.1,0.0,-0.0,0.0,335.6,2.69,1.0,97347.0,False,3,2,67
2019-03-08 03:00:00,23.56,14.3,0.0,-0.0,0.0,331.8,2.55,9.0,97299.0,False,3,3,67
2019-03-08 04:00:00,23.11,13.25,0.0,-0.0,0.0,330.0,2.55,10.0,97279.0,False,3,4,67
2019-03-08 05:00:00,22.56,12.7,0.0,-0.0,0.0,328.4,2.55,5.0,97289.0,False,3,5,67
2019-03-08 06:00:00,22.09,12.45,0.0,-0.0,0.0,329.0,2.41,1.0,97308.0,False,3,6,67
2019-03-08 07:00:00,22.58,16.2,137.0,344.45,71.0,332.4,0.76,138.0,97443.0,False,3,7,67
2019-03-08 08:00:00,24.57,17.05,386.0,550.61,149.0,333.6,0.69,138.0,97511.0,False,3,8,67
2019-03-08 09:00:00,28.31,13.1,632.0,687.37,193.0,342.4,0.62,85.0,97549.0,False,3,9,67
2019-03-08 10:00:00,31.4,13.35,835.0,769.19,218.0,358.2,0.69,86.0,97549.0,False,3,10,67
2019-03-08 11:00:00,33.64,15.75,977.0,829.93,222.0,373.2,0.55,133.0,97472.0,False,3,11,67
2019-03-08 12:00:00,35.28,18.8,1012.0,786.13,262.0,386.8,0.76,187.0,97405.0,False,3,12,67
2019-03-08 13:00:00,36.46,20.25,1006.0,838.96,224.0,396.45,1.03,212.0,97250.0,False,3,13,67
2019-03-08 14:00:00,37.35,18.8,890.0,787.78,224.0,404.05,1.17,233.0,97154.0,False,3,14,67
2019-03-08 15:00:00,37.76,16.35,718.0,761.58,185.0,411.85,1.31,260.0,97048.0,False,3,15,67
2019-03-08 16:00:00,37.29,15.55,480.0,641.11,156.0,409.25,1.38,285.0,97000.0,False,3,16,67
2019-03-08 17:00:00,36.89,15.05,222.0,443.31,100.0,403.45,1.59,306.0,97009.0,False,3,17,67
2019-03-08 18:00:00,35.44,16.45,0.0,0.0,0.0,388.4,1.93,333.0,97019.0,False,3,18,67
2019-03-08 19:00:00,33.19,11.05,0.0,-0.0,0.0,363.0,2.34,360.0,97086.0,False,3,19,67
2019-03-08 20:00:00,31.3,10.95,0.0,-0.0,0.0,356.2,2.48,5.0,97183.0,False,3,20,67
2019-03-08 21:00:00,29.77,10.6,0.0,-0.0,0.0,349.8,2.62,5.0,97318.0,False,3,21,67
2019-03-08 22:00:00,28.48,10.25,0.0,-0.0,0.0,345.0,2.76,3.0,97357.0,False,3,22,67
2019-03-08 23:00:00,27.46,10.2,0.0,-0.0,0.0,343.0,2.76,360.0,97366.0,False,3,23,67
2019-03-09 00:00:00,26.44,10.6,0.0,-0.0,0.0,336.6,2.62,356.0,97376.0,False,3,0,68
2019-03-09 01:00:00,25.48,11.15,0.0,-0.0,0.0,335.45,2.55,353.0,97347.0,False,3,1,68
2019-03-09 02:00:00,24.55,11.85,0.0,-0.0,0.0,333.0,2.48,352.0,97357.0,False,3,2,68
2019-03-09 03:00:00,23.77,12.4,0.0,-0.0,0.0,332.2,2.41,354.0,97299.0,False,3,3,68
2019-03-09 04:00:00,23.21,12.9,0.0,-0.0,0.0,337.6,2.34,355.0,97318.0,False,3,4,68
2019-03-09 05:00:00,22.68,13.65,0.0,-0.0,0.0,330.4,1.52,15.0,97337.0,False,3,5,68
2019-03-09 06:00:00,21.58,15.6,0.0,-0.0,0.0,332.8,1.93,139.0,97405.0,False,3,6,68
2019-03-09 07:00:00,22.6,17.55,133.0,293.52,76.0,327.8,1.38,26.0,97530.0,False,3,7,68
2019-03-09 08:00:00,25.01,15.05,391.0,561.13,148.0,334.4,1.03,117.0,97675.0,False,3,8,68
2019-03-09 09:00:00,27.62,12.1,610.0,595.7,228.0,331.2,1.1,132.0,97781.0,False,3,9,68
2019-03-09 10:00:00,29.88,10.85,810.0,678.58,264.0,335.6,0.83,76.0,97820.0,False,3,10,68
2019-03-09 11:00:00,31.99,9.8,909.0,635.96,329.0,341.4,1.24,40.0,97723.0,False,3,11,68
2019-03-09 12:00:00,33.75,8.8,997.0,733.2,296.0,350.8,1.45,25.0,97675.0,False,3,12,68
2019-03-09 13:00:00,35.07,8.0,1003.0,814.88,242.0,354.0,1.31,14.0,97492.0,False,3,13,68
2019-03-09 14:00:00,35.92,7.35,882.0,750.99,246.0,359.6,1.31,8.0,97414.0,False,3,14,68
2019-03-09 15:00:00,36.24,7.05,697.0,673.3,225.0,360.6,1.24,6.0,97299.0,False,3,15,68
2019-03-09 16:00:00,36.14,7.0,410.0,365.43,225.0,366.8,1.31,6.0,97260.0,False,3,16,68
2019-03-09 17:00:00,35.65,7.2,175.0,192.15,122.0,360.4,1.52,4.0,97250.0,False,3,17,68
2019-03-09 18:00:00,34.49,8.45,0.0,0.0,0.0,357.6,1.59,359.0,97260.0,False,3,18,68
2019-03-09 19:00:00,32.27,9.65,0.0,-0.0,0.0,349.6,1.72,12.0,97328.0,False,3,19,68
2019-03-09 20:00:00,30.33,11.0,0.0,-0.0,0.0,346.4,2.14,6.0,97414.0,False,3,20,68
2019-03-09 21:00:00,28.64,12.35,0.0,-0.0,0.0,344.6,2.28,3.0,97530.0,False,3,21,68
2019-03-09 22:00:00,27.17,13.65,0.0,-0.0,0.0,344.8,2.34,2.0,97578.0,False,3,22,68
2019-03-09 23:00:00,26.12,14.9,0.0,-0.0,0.0,343.4,2.41,2.0,97540.0,False,3,23,68
2019-03-10 00:00:00,25.26,16.3,0.0,-0.0,0.0,343.8,2.28,7.0,97578.0,False,3,0,69
2019-03-10 01:00:00,24.35,17.9,0.0,-0.0,0.0,339.65,1.79,22.0,97521.0,False,3,1,69
2019-03-10 02:00:00,23.56,20.2,0.0,-0.0,0.0,336.4,1.24,43.0,97501.0,False,3,2,69
2019-03-10 03:00:00,23.05,21.3,0.0,-0.0,0.0,332.4,1.03,35.0,97472.0,False,3,3,69
2019-03-10 04:00:00,21.72,23.0,0.0,-0.0,0.0,340.4,1.59,18.0,97482.0,False,3,4,69
2019-03-10 05:00:00,21.15,23.45,0.0,-0.0,0.0,334.2,1.79,37.0,97492.0,False,3,5,69
2019-03-10 06:00:00,20.58,24.5,0.0,-0.0,0.0,332.4,2.0,55.0,97569.0,False,3,6,69
2019-03-10 07:00:00,21.65,23.85,68.0,20.32,64.0,343.6,1.72,34.0,97646.0,False,3,7,69
2019-03-10 08:00:00,24.65,17.95,313.0,268.53,196.0,342.8,1.86,35.0,97733.0,False,3,8,69
2019-03-10 09:00:00,27.49,13.9,588.0,551.37,233.0,349.4,2.21,42.0,97810.0,False,3,9,69
2019-03-10 10:00:00,29.99,11.55,848.0,838.83,171.0,362.6,2.28,48.0,97887.0,False,3,10,69
2019-03-10 11:00:00,32.49,9.25,862.0,557.83,352.0,374.6,2.34,55.0,97820.0,False,3,11,69
2019-03-10 12:00:00,33.8,10.75,973.0,714.96,288.0,388.4,1.93,61.0,97752.0,False,3,12,69
2019-03-10 13:00:00,34.71,14.95,822.0,429.67,420.0,391.6,1.31,59.0,97627.0,False,3,13,69
2019-03-10 14:00:00,35.2,15.95,773.0,504.55,345.0,401.25,1.03,48.0,97549.0,False,3,14,69
2019-03-10 15:00:00,35.47,15.15,670.0,625.24,231.0,400.85,1.1,36.0,97463.0,False,3,15,69
2019-03-10 16:00:00,35.63,14.1,406.0,372.72,217.0,402.05,1.45,27.0,97434.0,False,3,16,69
2019-03-10 17:00:00,35.07,13.45,202.0,332.82,110.0,397.45,1.72,20.0,97453.0,False,3,17,69
2019-03-10 18:00:00,33.92,14.15,0.0,0.0,0.0,390.85,1.66,26.0,97453.0,False,3,18,69
2019-03-10 19:00:00,31.82,11.75,0.0,-0.0,0.0,378.6,2.28,23.0,97530.0,False,3,19,69
2019-03-10 20:00:00,30.52,12.3,0.0,-0.0,0.0,377.6,2.41,26.0,97665.0,False,3,20,69
2019-03-10 21:00:00,29.43,12.8,0.0,-0.0,0.0,376.2,2.55,26.0,97723.0,False,3,21,69
2019-03-10 22:00:00,28.77,13.2,0.0,-0.0,0.0,386.4,2.55,23.0,97762.0,False,3,22,69
2019-03-10 23:00:00,27.96,13.8,0.0,-0.0,0.0,376.2,2.55,23.0,97713.0,False,3,23,69
2019-03-11 00:00:00,27.32,14.25,0.0,-0.0,0.0,376.2,2.48,24.0,97762.0,False,3,0,70
2019-03-11 01:00:00,26.57,14.7,0.0,-0.0,0.0,368.25,2.48,24.0,97704.0,False,3,1,70
2019-03-11 02:00:00,26.12,14.9,0.0,-0.0,0.0,377.8,2.48,21.0,97665.0,False,3,2,70
2019-03-11 03:00:00,25.73,14.95,0.0,-0.0,0.0,379.4,2.62,14.0,97627.0,False,3,3,70
2019-03-11 04:00:00,25.34,14.95,0.0,-0.0,0.0,372.8,2.76,11.0,97617.0,False,3,4,70
2019-03-11 05:00:00,24.57,15.15,0.0,-0.0,0.0,348.6,2.69,11.0,97627.0,False,3,5,70
2019-03-11 06:00:00,23.94,15.15,0.0,-0.0,0.0,343.6,2.69,14.0,97675.0,False,3,6,70
2019-03-11 07:00:00,24.81,14.75,134.0,280.77,78.0,346.4,2.62,18.0,97723.0,False,3,7,70
2019-03-11 08:00:00,26.67,13.0,381.0,517.85,154.0,344.8,2.83,21.0,97800.0,False,3,8,70
2019-03-11 09:00:00,29.34,10.5,625.0,663.64,196.0,349.8,3.17,24.0,97839.0,False,3,9,70
2019-03-11 10:00:00,32.04,8.8,811.0,704.12,241.0,356.2,3.24,28.0,97820.0,False,3,10,70
2019-03-11 11:00:00,34.36,7.7,938.0,733.23,266.0,364.2,3.45,32.0,97752.0,False,3,11,70
2019-03-11 12:00:00,35.98,7.3,964.0,679.12,312.0,370.4,3.31,31.0,97665.0,False,3,12,70
2019-03-11 13:00:00,36.96,7.2,763.0,320.08,463.0,380.8,3.24,25.0,97559.0,False,3,13,70
2019-03-11 14:00:00,37.6,7.3,851.0,694.41,261.0,385.0,3.24,21.0,97453.0,False,3,14,70
2019-03-11 15:00:00,37.72,7.55,621.0,473.56,288.0,384.0,3.17,18.0,97376.0,False,3,15,70
2019-03-11 16:00:00,37.38,7.85,333.0,173.28,245.0,381.6,3.17,15.0,97357.0,False,3,16,70
2019-03-11 17:00:00,36.66,8.15,168.0,169.69,121.0,381.4,3.17,12.0,97328.0,False,3,17,70
2019-03-11 18:00:00,34.99,9.15,0.0,0.0,0.0,375.8,2.55,8.0,97366.0,False,3,18,70
2019-03-11 19:00:00,32.92,10.05,0.0,-0.0,0.0,370.2,2.76,6.0,97443.0,False,3,19,70
2019-03-11 20:00:00,31.44,10.4,0.0,-0.0,0.0,365.2,3.03,5.0,97540.0,False,3,20,70
2019-03-11 21:00:00,30.39,10.35,0.0,-0.0,0.0,361.4,3.24,5.0,97617.0,False,3,21,70
2019-03-11 22:00:00,29.55,10.15,0.0,-0.0,0.0,358.8,3.24,7.0,97685.0,False,3,22,70
2019-03-11 23:00:00,28.74,10.05,0.0,-0.0,0.0,357.6,3.24,9.0,97646.0,False,3,23,70
2019-03-12 00:00:00,27.98,10.0,0.0,-0.0,0.0,355.8,3.24,9.0,97656.0,False,3,0,71
2019-03-12 01:00:00,27.33,9.95,0.0,-0.0,0.0,360.85,3.31,9.0,97588.0,False,3,1,71
2019-03-12 02:00:00,26.74,10.05,0.0,-0.0,0.0,360.2,3.38,8.0,97521.0,False,3,2,71
2019-03-12 03:00:00,26.31,10.2,0.0,-0.0,0.0,368.8,3.45,9.0,97492.0,False,3,3,71
2019-03-12 04:00:00,25.82,10.55,0.0,-0.0,0.0,365.0,3.38,9.0,97482.0,False,3,4,71
2019-03-12 05:00:00,25.4,10.95,0.0,-0.0,0.0,365.4,3.38,10.0,97530.0,False,3,5,71
2019-03-12 06:00:00,25.03,11.45,0.0,-0.0,0.0,364.2,3.38,13.0,97559.0,False,3,6,71
2019-03-12 07:00:00,25.5,11.8,135.0,272.13,80.0,366.8,3.31,17.0,97646.0,False,3,7,71
2019-03-12 08:00:00,26.63,11.6,380.0,501.13,159.0,377.2,3.17,18.0,97694.0,False,3,8,71
2019-03-12 09:00:00,28.46,10.4,625.0,653.31,201.0,363.6,3.79,20.0,97752.0,False,3,9,71
2019-03-12 10:00:00,30.81,9.05,814.0,706.95,240.0,364.2,3.93,22.0,97771.0,False,3,10,71
2019-03-12 11:00:00,33.47,7.8,893.0,613.92,329.0,364.0,4.0,24.0,97685.0,False,3,11,71
2019-03-12 12:00:00,35.38,6.9,821.0,378.38,457.0,369.6,3.86,26.0,97627.0,False,3,12,71
2019-03-12 13:00:00,36.51,6.55,884.0,546.39,371.0,381.0,3.66,25.0,97501.0,False,3,13,71
2019-03-12 14:00:00,37.17,6.75,780.0,510.01,346.0,382.2,3.38,21.0,97424.0,False,3,14,71
2019-03-12 15:00:00,37.42,7.1,550.0,301.05,338.0,385.8,3.24,16.0,97308.0,False,3,15,71
2019-03-12 16:00:00,37.04,7.45,390.0,314.59,230.0,377.6,3.17,11.0,97289.0,False,3,16,71
2019-03-12 17:00:00,36.39,7.8,194.0,284.69,115.0,375.6,3.1,6.0,97299.0,False,3,17,71
2019-03-12 18:00:00,34.66,8.9,0.0,0.0,0.0,370.0,2.62,354.0,97328.0,False,3,18,71
2019-03-12 19:00:00,32.38,9.1,0.0,-0.0,0.0,365.6,2.83,358.0,97385.0,False,3,19,71
2019-03-12 20:00:00,31.08,9.6,0.0,-0.0,0.0,372.6,2.9,359.0,97463.0,False,3,20,71
2019-03-12 21:00:00,30.18,10.05,0.0,-0.0,0.0,380.4,2.83,2.0,97540.0,False,3,21,71
2019-03-12 22:00:00,29.46,10.45,0.0,-0.0,0.0,388.2,2.69,5.0,97588.0,False,3,22,71
2019-03-12 23:00:00,28.82,10.85,0.0,-0.0,0.0,391.85,2.55,6.0,97559.0,False,3,23,71
2019-03-13 00:00:00,28.29,11.2,0.0,-0.0,0.0,392.4,2.55,5.0,97540.0,False,3,0,72
2019-03-13 01:00:00,27.43,11.7,0.0,-0.0,0.0,370.85,2.62,3.0,97453.0,False,3,1,72
2019-03-13 02:00:00,26.88,11.95,0.0,-0.0,0.0,371.2,2.76,1.0,97414.0,False,3,2,72
2019-03-13 03:00:00,26.07,12.3,0.0,-0.0,0.0,351.6,3.03,359.0,97395.0,False,3,3,72
2019-03-13 04:00:00,25.42,12.25,0.0,-0.0,0.0,348.2,3.1,1.0,97376.0,False,3,4,72
2019-03-13 05:00:00,24.67,12.05,0.0,-0.0,0.0,337.0,3.1,4.0,97385.0,False,3,5,72
2019-03-13 06:00:00,23.98,11.85,0.0,-0.0,0.0,332.0,2.97,7.0,97443.0,False,3,6,72
2019-03-13 07:00:00,24.86,11.55,140.0,292.99,80.0,332.8,2.76,14.0,97492.0,False,3,7,72
2019-03-13 08:00:00,26.6,10.5,382.0,489.1,165.0,333.8,2.9,16.0,97549.0,False,3,8,72
2019-03-13 09:00:00,29.26,8.75,629.0,644.59,209.0,338.2,3.24,22.0,97598.0,False,3,9,72
2019-03-13 10:00:00,31.96,7.6,826.0,719.61,240.0,345.2,3.24,30.0,97598.0,False,3,10,72
2019-03-13 11:00:00,34.34,6.9,970.0,791.66,241.0,353.8,3.1,40.0,97549.0,False,3,11,72
2019-03-13 12:00:00,36.15,6.5,1025.0,808.2,246.0,361.2,2.83,50.0,97424.0,False,3,12,72
2019-03-13 13:00:00,37.35,6.5,984.0,769.84,260.0,367.4,2.28,55.0,97328.0,False,3,13,72
2019-03-13 14:00:00,38.0,6.7,874.0,735.73,247.0,371.8,1.66,55.0,97212.0,False,3,14,72
2019-03-13 15:00:00,38.21,7.0,697.0,683.54,215.0,374.4,1.24,44.0,97125.0,False,3,15,72
2019-03-13 16:00:00,38.04,7.2,453.0,520.34,188.0,374.8,1.1,27.0,97096.0,False,3,16,72
2019-03-13 17:00:00,37.5,7.4,207.0,345.36,111.0,373.0,1.24,14.0,97086.0,False,3,17,72
2019-03-13 18:00:00,36.35,8.6,0.0,0.0,0.0,369.4,1.59,360.0,97115.0,False,3,18,72
2019-03-13 19:00:00,34.0,10.25,0.0,-0.0,0.0,365.8,2.28,351.0,97154.0,False,3,19,72
2019-03-13 20:00:00,31.95,11.2,0.0,-0.0,0.0,362.2,2.55,349.0,97250.0,False,3,20,72
2019-03-13 21:00:00,30.52,11.8,0.0,-0.0,0.0,358.2,2.76,351.0,97337.0,False,3,21,72
2019-03-13 22:00:00,29.43,12.15,0.0,-0.0,0.0,354.0,2.83,354.0,97366.0,False,3,22,72
2019-03-13 23:00:00,28.48,12.25,0.0,-0.0,0.0,349.8,2.76,358.0,97405.0,False,3,23,72
2019-03-14 00:00:00,27.61,12.25,0.0,-0.0,0.0,347.2,2.76,0.0,97366.0,False,3,0,73
2019-03-14 01:00:00,26.88,12.2,0.0,-0.0,0.0,350.25,2.69,2.0,97318.0,False,3,1,73
2019-03-14 02:00:00,26.23,12.1,0.0,-0.0,0.0,348.8,2.69,4.0,97250.0,False,3,2,73
2019-03-14 03:00:00,25.65,12.05,0.0,-0.0,0.0,347.6,2.69,6.0,97222.0,False,3,3,73
2019-03-14 04:00:00,25.1,12.05,0.0,-0.0,0.0,344.6,2.62,7.0,97202.0,False,3,4,73
2019-03-14 05:00:00,24.71,12.05,0.0,-0.0,0.0,349.2,2.55,10.0,97212.0,False,3,5,73
2019-03-14 06:00:00,24.26,12.2,0.0,-0.0,0.0,344.8,2.48,11.0,97279.0,False,3,6,73
2019-03-14 07:00:00,24.68,14.3,146.0,318.1,80.0,340.8,1.93,18.0,97337.0,False,3,7,73
2019-03-14 08:00:00,27.11,12.35,379.0,463.78,172.0,339.4,1.79,19.0,97395.0,False,3,8,73
2019-03-14 09:00:00,30.42,9.65,626.0,623.73,218.0,344.0,2.21,23.0,97443.0,False,3,9,73
2019-03-14 10:00:00,33.47,8.0,826.0,708.95,247.0,348.0,2.34,29.0,97443.0,False,3,10,73
2019-03-14 11:00:00,36.03,6.9,974.0,795.25,240.0,357.8,2.48,39.0,97395.0,False,3,11,73
2019-03-14 12:00:00,37.77,6.5,1023.0,795.27,255.0,366.2,2.28,51.0,97289.0,False,3,12,73
2019-03-14 13:00:00,38.78,6.45,0.0,0.0,0.0,372.2,1.93,59.0,97173.0,False,3,13,73
2019-03-14 14:00:00,39.31,6.45,877.0,738.2,247.0,376.2,1.52,63.0,97067.0,False,3,14,73
2019-03-14 15:00:00,39.38,6.45,692.0,661.42,225.0,377.4,1.24,62.0,96990.0,False,3,15,73
2019-03-14 16:00:00,39.17,6.55,454.0,523.6,187.0,377.0,1.17,53.0,96951.0,False,3,16,73
2019-03-14 17:00:00,38.63,6.65,205.0,334.04,112.0,374.6,1.17,43.0,96971.0,False,3,17,73
2019-03-14 18:00:00,37.49,7.85,0.0,0.0,0.0,370.6,1.31,23.0,97000.0,False,3,18,73
2019-03-14 19:00:00,35.35,9.15,0.0,-0.0,0.0,367.2,2.0,10.0,97086.0,False,3,19,73
2019-03-14 20:00:00,33.04,10.4,0.0,-0.0,0.0,363.4,2.34,5.0,97164.0,False,3,20,73
2019-03-14 21:00:00,31.08,11.35,0.0,-0.0,0.0,359.6,2.55,359.0,97289.0,False,3,21,73
2019-03-14 22:00:00,29.78,11.9,0.0,-0.0,0.0,355.6,2.62,357.0,97328.0,False,3,22,73
2019-03-14 23:00:00,28.81,12.5,0.0,-0.0,0.0,351.8,2.62,357.0,97328.0,False,3,23,73
2019-03-15 00:00:00,27.96,13.05,0.0,-0.0,0.0,348.4,2.62,359.0,97337.0,False,3,0,74
2019-03-15 01:00:00,27.19,13.5,0.0,-0.0,0.0,345.85,2.69,0.0,97250.0,False,3,1,74
2019-03-15 02:00:00,26.55,13.6,0.0,-0.0,0.0,342.8,2.83,1.0,97212.0,False,3,2,74
2019-03-15 03:00:00,25.98,13.4,0.0,-0.0,0.0,339.6,2.83,3.0,97183.0,False,3,3,74
2019-03-15 04:00:00,25.42,13.25,0.0,-0.0,0.0,337.2,2.83,9.0,97193.0,False,3,4,74
2019-03-15 05:00:00,24.96,13.1,0.0,-0.0,0.0,335.0,2.9,13.0,97231.0,False,3,5,74
2019-03-15 06:00:00,24.51,13.35,0.0,-0.0,0.0,332.8,2.9,15.0,97250.0,False,3,6,74
2019-03-15 07:00:00,25.31,13.6,142.0,275.94,84.0,334.6,2.55,15.0,97357.0,False,3,7,74
2019-03-15 08:00:00,27.74,12.8,377.0,438.75,180.0,336.2,2.62,18.0,97385.0,False,3,8,74
2019-03-15 09:00:00,30.74,11.3,624.0,596.95,232.0,341.6,2.76,42.0,97443.0,False,3,9,74
2019-03-15 10:00:00,33.26,10.1,822.0,677.61,267.0,348.2,2.83,68.0,97472.0,False,3,10,74
2019-03-15 11:00:00,35.66,8.65,963.0,745.89,273.0,355.4,2.83,73.0,97405.0,False,3,11,74
2019-03-15 12:00:00,37.82,7.05,1022.0,775.19,272.0,362.6,2.9,72.0,97279.0,False,3,12,74
2019-03-15 13:00:00,39.27,6.05,980.0,737.71,284.0,368.6,2.9,74.0,97183.0,False,3,13,74
2019-03-15 14:00:00,39.91,5.75,870.0,705.61,267.0,372.2,2.55,75.0,97077.0,False,3,14,74
2019-03-15 15:00:00,40.03,5.85,687.0,632.32,240.0,374.0,2.14,73.0,97000.0,False,3,15,74
2019-03-15 16:00:00,39.8,5.95,454.0,513.19,192.0,374.2,2.0,68.0,96951.0,False,3,16,74
2019-03-15 17:00:00,39.19,6.2,205.0,322.79,115.0,372.6,1.72,60.0,96961.0,False,3,17,74
2019-03-15 18:00:00,37.86,7.4,0.0,0.0,0.0,368.4,1.45,45.0,96990.0,False,3,18,74
2019-03-15 19:00:00,35.58,8.75,0.0,-0.0,0.0,366.0,1.86,30.0,97058.0,False,3,19,74
2019-03-15 20:00:00,33.41,10.0,0.0,-0.0,0.0,362.6,2.07,28.0,97164.0,False,3,20,74
2019-03-15 21:00:00,31.51,11.1,0.0,-0.0,0.0,360.0,2.34,21.0,97279.0,False,3,21,74
2019-03-15 22:00:00,29.89,12.1,0.0,-0.0,0.0,357.8,2.41,11.0,97337.0,False,3,22,74
2019-03-15 23:00:00,28.57,13.0,0.0,-0.0,0.0,355.6,2.34,7.0,97357.0,False,3,23,74
2019-03-16 00:00:00,27.64,13.85,0.0,-0.0,0.0,360.6,2.21,8.0,97318.0,False,3,0,75
2019-03-16 01:00:00,26.63,14.9,0.0,-0.0,0.0,353.25,2.21,19.0,97250.0,False,3,1,75
2019-03-16 02:00:00,25.99,15.6,0.0,-0.0,0.0,364.0,2.14,33.0,97193.0,False,3,2,75
2019-03-16 03:00:00,25.47,16.1,0.0,-0.0,0.0,358.6,2.21,40.0,97173.0,False,3,3,75
2019-03-16 04:00:00,25.18,16.4,0.0,-0.0,0.0,365.0,2.07,51.0,97193.0,False,3,4,75
2019-03-16 05:00:00,24.74,17.0,0.0,-0.0,0.0,357.8,1.86,74.0,97183.0,False,3,5,75
2019-03-16 06:00:00,24.32,18.4,0.0,-0.0,0.0,355.2,1.66,86.0,97260.0,False,3,6,75
2019-03-16 07:00:00,24.68,21.05,129.0,187.87,89.0,350.4,1.59,80.0,97337.0,False,3,7,75
2019-03-16 08:00:00,28.34,16.3,359.0,376.38,189.0,357.6,1.31,98.0,97424.0,False,3,8,75
2019-03-16 09:00:00,32.36,12.9,602.0,541.56,245.0,367.6,1.93,110.0,97472.0,False,3,9,75
2019-03-16 10:00:00,34.95,16.2,825.0,711.01,241.0,380.0,2.28,124.0,97463.0,False,3,10,75
2019-03-16 11:00:00,36.71,18.55,961.0,766.89,250.0,391.6,2.14,120.0,97424.0,False,3,11,75
2019-03-16 12:00:00,38.21,15.95,1009.0,767.6,265.0,401.85,2.21,103.0,97299.0,False,3,12,75
2019-03-16 13:00:00,39.15,13.9,978.0,758.82,261.0,408.05,2.28,99.0,97202.0,False,3,13,75
2019-03-16 14:00:00,39.65,13.2,873.0,738.59,241.0,409.85,2.14,98.0,97096.0,False,3,14,75
2019-03-16 15:00:00,39.76,13.0,684.0,647.14,226.0,413.25,1.86,93.0,97038.0,False,3,15,75
2019-03-16 16:00:00,39.35,13.0,448.0,508.71,188.0,417.05,1.72,82.0,96980.0,False,3,16,75
2019-03-16 17:00:00,38.92,12.8,216.0,401.16,104.0,413.05,1.72,66.0,96990.0,False,3,17,75
2019-03-16 18:00:00,37.75,13.6,0.0,0.0,0.0,413.25,1.38,50.0,97048.0,False,3,18,75
2019-03-16 19:00:00,36.03,11.7,0.0,-0.0,0.0,390.25,1.72,68.0,97106.0,False,3,19,75
2019-03-16 20:00:00,34.02,13.15,0.0,-0.0,0.0,383.6,1.79,80.0,97202.0,False,3,20,75
2019-03-16 21:00:00,32.23,14.8,0.0,-0.0,0.0,389.6,2.07,110.0,97279.0,False,3,21,75
2019-03-16 22:00:00,30.88,18.5,0.0,-0.0,0.0,393.0,2.41,135.0,97347.0,False,3,22,75
2019-03-16 23:00:00,30.32,28.1,0.0,-0.0,0.0,402.45,2.76,155.0,97376.0,False,3,23,75
2019-03-17 00:00:00,29.76,38.1,0.0,-0.0,0.0,402.45,2.48,168.0,97405.0,False,3,0,76
2019-03-17 01:00:00,29.18,44.2,0.0,-0.0,0.0,398.05,2.34,178.0,97318.0,False,3,1,76
2019-03-17 02:00:00,28.47,48.25,0.0,-0.0,0.0,392.05,2.07,172.0,97289.0,False,3,2,76
2019-03-17 03:00:00,27.85,51.4,0.0,-0.0,0.0,395.65,1.72,166.0,97289.0,False,3,3,76
2019-03-17 04:00:00,27.44,53.75,0.0,-0.0,0.0,397.45,1.93,168.0,97299.0,False,3,4,76
2019-03-17 05:00:00,27.28,56.1,0.0,-0.0,0.0,400.25,2.28,175.0,97318.0,False,3,5,76
2019-03-17 06:00:00,26.86,60.15,0.0,-0.0,0.0,392.45,2.0,178.0,97347.0,False,3,6,76
2019-03-17 07:00:00,27.23,54.75,50.0,0.0,50.0,385.0,0.9,185.0,97472.0,False,3,7,76
2019-03-17 08:00:00,29.07,47.9,138.0,2.2,137.0,392.65,1.24,182.0,97530.0,False,3,8,76
2019-03-17 09:00:00,31.15,43.2,135.0,0.0,135.0,406.85,1.93,189.0,97598.0,False,3,9,76
2019-03-17 10:00:00,33.06,38.75,100.0,0.0,100.0,415.85,2.07,194.0,97598.0,False,3,10,76
2019-03-17 11:00:00,35.07,32.75,129.0,0.0,129.0,426.25,2.14,186.0,97549.0,False,3,11,76
2019-03-17 12:00:00,36.07,28.65,255.0,0.0,255.0,430.85,2.0,167.0,97521.0,False,3,12,76
2019-03-17 13:00:00,37.05,25.05,416.0,15.85,401.0,435.45,2.14,151.0,97424.0,False,3,13,76
2019-03-17 14:00:00,37.79,22.3,147.0,0.0,147.0,432.65,2.28,145.0,97318.0,False,3,14,76
2019-03-17 15:00:00,38.03,20.35,629.0,506.71,270.0,431.85,2.0,146.0,97183.0,False,3,15,76
2019-03-17 16:00:00,38.0,19.35,455.0,560.97,168.0,422.25,1.59,144.0,97135.0,False,3,16,76
2019-03-17 17:00:00,37.29,19.8,175.0,200.33,119.0,421.65,1.38,126.0,97115.0,False,3,17,76
2019-03-17 18:00:00,36.51,21.15,0.0,0.0,0.0,428.25,1.38,106.0,97173.0,False,3,18,76
2019-03-17 19:00:00,33.77,26.35,0.0,-0.0,0.0,403.05,2.41,134.0,97222.0,False,3,19,76
2019-03-17 20:00:00,32.4,33.15,0.0,-0.0,0.0,426.85,2.83,153.0,97337.0,False,3,20,76
2019-03-17 21:00:00,30.81,41.5,0.0,-0.0,0.0,404.25,2.41,165.0,97405.0,False,3,21,76
2019-03-17 22:00:00,29.84,47.2,0.0,-0.0,0.0,403.85,2.07,178.0,97376.0,False,3,22,76
2019-03-17 23:00:00,28.93,51.9,0.0,-0.0,0.0,390.6,2.0,188.0,97424.0,False,3,23,76
2019-03-18 00:00:00,28.21,55.55,0.0,-0.0,0.0,387.2,2.0,192.0,97395.0,False,3,0,77
2019-03-18 01:00:00,27.68,58.05,0.0,-0.0,0.0,390.05,2.0,186.0,97328.0,False,3,1,77
2019-03-18 02:00:00,27.25,59.9,0.0,-0.0,0.0,388.8,1.93,179.0,97279.0,False,3,2,77
2019-03-18 03:00:00,26.96,61.0,0.0,-0.0,0.0,395.45,1.79,176.0,97212.0,False,3,3,77
2019-03-18 04:00:00,26.73,61.55,0.0,-0.0,0.0,395.45,1.79,178.0,97202.0,False,3,4,77
2019-03-18 05:00:00,26.41,61.85,0.0,-0.0,0.0,387.6,1.86,185.0,97222.0,False,3,5,77
2019-03-18 06:00:00,26.09,61.8,0.0,-0.0,0.0,383.4,1.86,192.0,97270.0,False,3,6,77
2019-03-18 07:00:00,26.95,63.75,142.0,251.85,87.0,393.0,1.24,198.0,97366.0,False,3,7,77
2019-03-18 08:00:00,29.64,52.9,387.0,492.35,162.0,396.45,1.38,211.0,97434.0,False,3,8,77
2019-03-18 09:00:00,32.27,43.65,631.0,656.42,195.0,403.45,1.72,214.0,97463.0,False,3,9,77
2019-03-18 10:00:00,34.67,35.05,827.0,738.57,217.0,414.05,1.86,205.0,97424.0,False,3,10,77
2019-03-18 11:00:00,36.37,29.5,973.0,828.04,202.0,424.25,1.52,190.0,97395.0,False,3,11,77
2019-03-18 12:00:00,37.53,26.0,862.0,457.53,417.0,431.85,1.31,170.0,97270.0,False,3,12,77
2019-03-18 13:00:00,38.47,23.05,957.0,733.44,262.0,438.65,1.31,154.0,97193.0,False,3,13,77
2019-03-18 14:00:00,38.75,21.6,730.0,410.38,378.0,442.25,1.45,148.0,97058.0,False,3,14,77
2019-03-18 15:00:00,38.52,21.5,607.0,445.57,291.0,452.85,1.45,146.0,97019.0,False,3,15,77
2019-03-18 16:00:00,38.42,21.4,431.0,462.81,194.0,443.85,1.31,146.0,96951.0,False,3,16,77
2019-03-18 17:00:00,37.81,22.05,197.0,300.17,113.0,443.25,1.24,139.0,96980.0,False,3,17,77
2019-03-18 18:00:00,36.54,24.05,0.0,0.0,0.0,445.85,0.97,129.0,97000.0,False,3,18,77
2019-03-18 19:00:00,35.83,24.25,0.0,-0.0,0.0,434.05,0.76,98.0,97019.0,False,3,19,77
2019-03-18 20:00:00,34.23,27.4,0.0,-0.0,0.0,419.85,1.17,105.0,97164.0,False,3,20,77
2019-03-18 21:00:00,32.7,30.65,0.0,-0.0,0.0,419.25,1.31,112.0,97241.0,False,3,21,77
2019-03-18 22:00:00,31.81,32.7,0.0,-0.0,0.0,425.65,1.17,113.0,97241.0,False,3,22,77
2019-03-18 23:00:00,31.22,35.05,0.0,-0.0,0.0,419.05,0.83,135.0,97260.0,False,3,23,77
2019-03-19 00:00:00,30.74,36.7,0.0,-0.0,0.0,418.65,0.69,210.0,97279.0,False,3,0,78
2019-03-19 01:00:00,29.85,39.05,0.0,-0.0,0.0,420.85,0.9,254.0,97270.0,False,3,1,78
2019-03-19 02:00:00,29.57,39.95,0.0,-0.0,0.0,417.45,0.76,276.0,97202.0,False,3,2,78
2019-03-19 03:00:00,28.96,41.85,0.0,-0.0,0.0,412.65,0.9,259.0,97154.0,False,3,3,78
2019-03-19 04:00:00,28.13,44.0,0.0,-0.0,0.0,406.85,1.31,248.0,97173.0,False,3,4,78
2019-03-19 05:00:00,27.72,45.25,0.0,-0.0,0.0,405.85,1.1,232.0,97231.0,False,3,5,78
2019-03-19 06:00:00,27.92,44.85,0.0,-0.0,0.0,406.85,0.83,228.0,97260.0,False,3,6,78
2019-03-19 07:00:00,27.87,54.0,81.0,22.61,76.0,404.05,2.9,249.0,97250.0,False,3,7,78
2019-03-19 08:00:00,29.24,50.35,75.0,0.0,75.0,410.05,3.03,255.0,97328.0,False,3,8,78
2019-03-19 09:00:00,31.22,44.35,183.0,0.0,183.0,415.25,2.97,256.0,97366.0,False,3,9,78
2019-03-19 10:00:00,33.28,38.1,138.0,0.0,138.0,425.65,2.55,259.0,97405.0,False,3,10,78
2019-03-19 11:00:00,35.32,32.2,154.0,0.0,154.0,429.05,1.86,261.0,97347.0,False,3,11,78
2019-03-19 12:00:00,36.81,27.95,379.0,6.16,373.0,436.65,1.17,258.0,97270.0,False,3,12,78
2019-03-19 13:00:00,37.86,25.25,837.0,458.45,402.0,440.45,0.55,245.0,97154.0,False,3,13,78
2019-03-19 14:00:00,38.44,23.55,600.0,194.48,433.0,441.65,0.21,213.0,97038.0,False,3,14,78
2019-03-19 15:00:00,38.63,22.75,110.0,0.0,110.0,443.85,0.34,204.0,96922.0,False,3,15,78
2019-03-19 16:00:00,38.31,22.65,210.0,19.51,200.0,441.45,0.34,243.0,96903.0,False,3,16,78
2019-03-19 17:00:00,37.85,22.9,203.0,335.57,109.0,437.85,0.34,310.0,96845.0,False,3,17,78
2019-03-19 18:00:00,37.02,23.7,0.0,0.0,0.0,434.25,0.69,227.0,96913.0,False,3,18,78
2019-03-19 19:00:00,34.82,28.6,0.0,-0.0,0.0,430.25,0.83,88.0,97009.0,False,3,19,78
2019-03-19 20:00:00,33.81,30.55,0.0,-0.0,0.0,422.65,1.1,97.0,97106.0,False,3,20,78
2019-03-19 21:00:00,32.56,33.8,0.0,-0.0,0.0,421.85,1.03,95.0,97222.0,False,3,21,78
2019-03-19 22:00:00,32.19,34.1,0.0,-0.0,0.0,420.45,0.62,66.0,97212.0,False,3,22,78
2019-03-19 23:00:00,31.76,36.5,0.0,-0.0,0.0,425.65,0.28,175.0,97231.0,False,3,23,78
2019-03-20 00:00:00,30.2,39.5,0.0,-0.0,0.0,417.65,1.17,200.0,97231.0,False,3,0,79
2019-03-20 01:00:00,29.7,41.05,0.0,-0.0,0.0,420.45,1.79,222.0,97173.0,False,3,1,79
2019-03-20 02:00:00,29.22,43.25,0.0,-0.0,0.0,410.05,1.86,237.0,97086.0,False,3,2,79
2019-03-20 03:00:00,29.17,44.75,0.0,-0.0,0.0,422.25,2.0,239.0,97067.0,False,3,3,79
2019-03-20 04:00:00,28.75,47.45,0.0,-0.0,0.0,415.85,2.21,229.0,97048.0,False,3,4,79
2019-03-20 05:00:00,28.53,49.55,0.0,-0.0,0.0,418.25,2.41,229.0,97125.0,False,3,5,79
2019-03-20 06:00:00,28.42,51.45,0.0,-0.0,0.0,426.85,1.86,245.0,97173.0,False,3,6,79
2019-03-20 07:00:00,28.98,47.75,141.0,223.34,91.0,410.25,1.72,216.0,97231.0,False,3,7,79
2019-03-20 08:00:00,30.8,43.15,253.0,93.02,210.0,408.25,2.07,238.0,97308.0,False,3,8,79
2019-03-20 09:00:00,32.77,38.25,479.0,236.13,321.0,425.65,2.41,262.0,97366.0,False,3,9,79
2019-03-20 10:00:00,34.05,34.8,797.0,644.31,262.0,440.45,2.76,268.0,97414.0,False,3,10,79
2019-03-20 11:00:00,36.2,29.65,958.0,780.8,228.0,426.05,2.83,262.0,97376.0,False,3,11,79
2019-03-20 12:00:00,37.54,26.05,999.0,767.59,250.0,434.65,2.41,263.0,97241.0,False,3,12,79
2019-03-20 13:00:00,38.44,23.25,972.0,772.57,238.0,439.85,1.79,272.0,97125.0,False,3,13,79
2019-03-20 14:00:00,38.94,21.6,865.0,749.19,221.0,442.85,1.1,278.0,97009.0,False,3,14,79
2019-03-20 15:00:00,38.98,21.2,669.0,627.73,223.0,449.65,0.9,276.0,96884.0,False,3,15,79
2019-03-20 16:00:00,38.64,21.55,439.0,497.14,184.0,452.85,0.97,266.0,96836.0,False,3,16,79
2019-03-20 17:00:00,37.67,23.0,195.0,292.47,113.0,437.85,1.86,215.0,96826.0,False,3,17,79
2019-03-20 18:00:00,36.07,26.75,0.0,0.0,0.0,434.45,2.14,225.0,96855.0,False,3,18,79
2019-03-20 19:00:00,35.8,23.35,0.0,-0.0,0.0,426.65,1.79,286.0,96922.0,False,3,19,79
2019-03-20 20:00:00,34.53,25.5,0.0,-0.0,0.0,426.05,2.07,286.0,97029.0,False,3,20,79
2019-03-20 21:00:00,33.48,27.35,0.0,-0.0,0.0,420.65,2.14,289.0,97115.0,False,3,21,79
2019-03-20 22:00:00,32.61,28.9,0.0,-0.0,0.0,418.05,2.07,295.0,97125.0,False,3,22,79
2019-03-20 23:00:00,31.73,30.4,0.0,-0.0,0.0,409.05,2.0,298.0,97154.0,False,3,23,79
2019-03-21 00:00:00,30.95,32.15,0.0,-0.0,0.0,405.65,2.07,295.0,97183.0,False,3,0,80
2019-03-21 01:00:00,30.17,34.15,0.0,-0.0,0.0,399.65,2.14,297.0,97115.0,False,3,1,80
2019-03-21 02:00:00,29.56,35.6,0.0,-0.0,0.0,399.25,2.14,303.0,97106.0,False,3,2,80
2019-03-21 03:00:00,29.02,35.65,0.0,-0.0,0.0,398.65,2.14,314.0,97096.0,False,3,3,80
2019-03-21 04:00:00,28.31,33.75,0.0,-0.0,0.0,381.8,2.28,318.0,97115.0,False,3,4,80
2019-03-21 05:00:00,28.0,29.15,0.0,-0.0,0.0,392.2,2.14,315.0,97144.0,False,3,5,80
2019-03-21 06:00:00,27.21,26.3,0.0,-0.0,0.0,373.0,1.93,315.0,97173.0,False,3,6,80
2019-03-21 07:00:00,27.42,28.05,165.0,353.0,85.0,346.8,1.59,339.0,97241.0,False,3,7,80
2019-03-21 08:00:00,29.97,15.55,410.0,529.14,164.0,346.6,1.59,353.0,97366.0,False,3,8,80
2019-03-21 09:00:00,32.63,7.95,667.0,713.26,188.0,352.8,1.86,12.0,97414.0,False,3,9,80
2019-03-21 10:00:00,34.82,6.5,849.0,736.33,236.0,358.6,2.0,24.0,97424.0,False,3,10,80
2019-03-21 11:00:00,36.73,5.85,995.0,823.02,224.0,366.0,2.28,26.0,97414.0,False,3,11,80
2019-03-21 12:00:00,38.09,5.65,1019.0,763.33,273.0,374.0,2.41,20.0,97270.0,False,3,12,80
2019-03-21 13:00:00,39.04,5.55,1019.0,844.15,216.0,376.4,2.41,18.0,97183.0,False,3,13,80
2019-03-21 14:00:00,39.55,5.65,854.0,665.93,281.0,380.0,2.21,17.0,97038.0,False,3,14,80
2019-03-21 15:00:00,39.59,5.9,716.0,735.51,193.0,381.0,2.07,16.0,96951.0,False,3,15,80
2019-03-21 16:00:00,39.46,6.15,457.0,529.91,185.0,381.4,2.14,15.0,96865.0,False,3,16,80
2019-03-21 17:00:00,38.83,6.4,214.0,377.76,108.0,380.0,2.07,12.0,96855.0,False,3,17,80
2019-03-21 18:00:00,37.55,7.2,0.0,0.0,0.0,377.0,1.79,3.0,96894.0,False,3,18,80
2019-03-21 19:00:00,35.13,7.9,0.0,-0.0,0.0,367.6,2.48,346.0,96932.0,False,3,19,80
2019-03-21 20:00:00,33.42,8.65,0.0,-0.0,0.0,363.2,2.9,349.0,97048.0,False,3,20,80
2019-03-21 21:00:00,32.06,10.1,0.0,-0.0,0.0,359.6,3.03,355.0,97173.0,False,3,21,80
2019-03-21 22:00:00,30.85,12.15,0.0,-0.0,0.0,358.4,2.69,353.0,97193.0,False,3,22,80
2019-03-21 23:00:00,29.72,14.1,0.0,-0.0,0.0,354.2,2.55,346.0,97270.0,False,3,23,80
2019-03-22 00:00:00,28.76,15.7,0.0,-0.0,0.0,354.0,2.48,346.0,97202.0,False,3,0,81
2019-03-22 01:00:00,27.95,16.95,0.0,-0.0,0.0,349.85,2.62,350.0,97135.0,False,3,1,81
2019-03-22 02:00:00,27.47,17.4,0.0,-0.0,0.0,350.8,2.76,355.0,97154.0,False,3,2,81
2019-03-22 03:00:00,27.0,16.6,0.0,-0.0,0.0,345.2,2.83,4.0,97164.0,False,3,3,81
2019-03-22 04:00:00,26.55,14.95,0.0,-0.0,0.0,343.2,2.76,11.0,97144.0,False,3,4,81
2019-03-22 05:00:00,25.99,13.9,0.0,-0.0,0.0,343.8,2.34,18.0,97183.0,False,3,5,81
2019-03-22 06:00:00,25.66,15.4,0.0,-0.0,0.0,338.6,1.24,86.0,97212.0,False,3,6,81
2019-03-22 07:00:00,25.85,16.4,136.0,170.02,97.0,359.2,1.66,42.0,97270.0,False,3,7,81
2019-03-22 08:00:00,28.42,13.9,341.0,269.51,215.0,373.8,1.24,66.0,97366.0,False,3,8,81
2019-03-22 09:00:00,30.96,12.35,663.0,689.95,198.0,368.0,1.1,78.0,97482.0,False,3,9,81
2019-03-22 10:00:00,32.89,11.75,875.0,811.13,198.0,373.6,0.69,358.0,97434.0,False,3,10,81
2019-03-22 11:00:00,34.81,10.9,998.0,825.7,223.0,383.8,1.86,344.0,97434.0,False,3,11,81
2019-03-22 12:00:00,36.56,9.55,1022.0,765.26,273.0,374.0,2.48,356.0,97328.0,False,3,12,81
2019-03-22 13:00:00,37.63,8.55,978.0,726.61,286.0,377.6,2.48,2.0,97231.0,False,3,13,81
2019-03-22 14:00:00,38.26,7.75,881.0,736.14,247.0,380.2,2.34,2.0,97135.0,False,3,14,81
2019-03-22 15:00:00,38.48,7.2,698.0,671.72,220.0,381.2,2.28,1.0,97038.0,False,3,15,81
2019-03-22 16:00:00,38.36,6.9,484.0,642.5,154.0,380.4,2.21,0.0,96990.0,False,3,16,81
2019-03-22 17:00:00,37.83,6.85,222.0,427.36,102.0,376.2,2.0,2.0,96951.0,False,3,17,81
2019-03-22 18:00:00,36.69,7.6,0.0,0.0,0.0,372.2,1.45,4.0,97009.0,False,3,18,81
2019-03-22 19:00:00,35.21,8.7,0.0,-0.0,0.0,368.2,1.52,333.0,97067.0,False,3,19,81
2019-03-22 20:00:00,32.72,11.3,0.0,-0.0,0.0,364.8,1.45,320.0,97183.0,False,3,20,81
2019-03-22 21:00:00,30.56,12.75,0.0,-0.0,0.0,362.2,1.79,315.0,97279.0,False,3,21,81
2019-03-22 22:00:00,29.41,12.95,0.0,-0.0,0.0,360.4,2.62,327.0,97270.0,False,3,22,81
2019-03-22 23:00:00,28.93,12.95,0.0,-0.0,0.0,358.4,2.97,339.0,97318.0,False,3,23,81
2019-03-23 00:00:00,28.39,12.75,0.0,-0.0,0.0,354.8,2.97,348.0,97299.0,False,3,0,82
2019-03-23 01:00:00,27.76,11.85,0.0,-0.0,0.0,351.25,2.9,357.0,97308.0,False,3,1,82
2019-03-23 02:00:00,27.15,10.85,0.0,-0.0,0.0,345.4,2.97,3.0,97250.0,False,3,2,82
2019-03-23 03:00:00,26.61,10.25,0.0,-0.0,0.0,345.4,2.9,8.0,97241.0,False,3,3,82
2019-03-23 04:00:00,26.14,10.05,0.0,-0.0,0.0,346.8,2.9,11.0,97250.0,False,3,4,82
2019-03-23 05:00:00,25.74,10.0,0.0,-0.0,0.0,347.8,2.55,17.0,97270.0,False,3,5,82
2019-03-23 06:00:00,25.3,10.95,0.0,-0.0,0.0,353.0,1.38,55.0,97318.0,False,3,6,82
2019-03-23 07:00:00,26.33,14.65,103.0,51.7,91.0,370.2,1.24,53.0,97424.0,False,3,7,82
2019-03-23 08:00:00,28.19,11.7,260.0,89.34,218.0,380.6,1.1,66.0,97559.0,False,3,8,82
2019-03-23 09:00:00,31.07,8.55,664.0,694.92,194.0,376.4,2.07,37.0,97617.0,False,3,9,82
2019-03-23 10:00:00,33.42,7.7,834.0,690.79,256.0,363.8,2.69,36.0,97569.0,False,3,10,82
2019-03-23 11:00:00,35.32,7.3,890.0,558.3,365.0,380.8,2.76,45.0,97521.0,False,3,11,82
2019-03-23 12:00:00,36.82,7.15,947.0,593.78,365.0,391.6,2.69,52.0,97405.0,False,3,12,82
2019-03-23 13:00:00,37.86,7.0,905.0,562.17,369.0,393.25,2.62,51.0,97299.0,False,3,13,82
2019-03-23 14:00:00,38.48,6.7,889.0,770.29,225.0,402.45,2.48,46.0,97212.0,False,3,14,82
2019-03-23 15:00:00,38.71,6.65,719.0,755.52,181.0,397.05,2.28,41.0,97125.0,False,3,15,82
2019-03-23 16:00:00,38.54,6.7,227.0,27.24,213.0,397.45,2.21,35.0,97067.0,False,3,16,82
2019-03-23 17:00:00,37.94,6.85,225.0,452.01,98.0,394.25,2.14,28.0,97077.0,False,3,17,82
2019-03-23 18:00:00,36.64,7.7,0.0,0.0,0.0,391.0,1.72,25.0,97115.0,False,3,18,82
2019-03-23 19:00:00,35.09,7.9,0.0,-0.0,0.0,390.0,2.07,49.0,97115.0,False,3,19,82
2019-03-23 20:00:00,33.34,8.75,0.0,-0.0,0.0,376.4,2.21,39.0,97212.0,False,3,20,82
2019-03-23 21:00:00,31.65,9.75,0.0,-0.0,0.0,362.4,2.41,24.0,97308.0,False,3,21,82
2019-03-23 22:00:00,30.39,10.95,0.0,-0.0,0.0,366.0,2.55,14.0,97328.0,False,3,22,82
2019-03-23 23:00:00,29.64,12.65,0.0,-0.0,0.0,369.8,2.62,13.0,97318.0,False,3,23,82
2019-03-24 00:00:00,29.23,14.45,0.0,-0.0,0.0,382.2,2.48,17.0,97337.0,False,3,0,83
2019-03-24 01:00:00,28.57,16.0,0.0,-0.0,0.0,371.85,2.55,21.0,97250.0,False,3,1,83
2019-03-24 02:00:00,27.84,16.95,0.0,-0.0,0.0,354.6,2.83,20.0,97222.0,False,3,2,83
2019-03-24 03:00:00,27.21,17.5,0.0,-0.0,0.0,356.2,2.9,5.0,97183.0,False,3,3,83
2019-03-24 04:00:00,26.6,17.95,0.0,-0.0,0.0,353.8,2.97,352.0,97202.0,False,3,4,83
2019-03-24 05:00:00,26.13,18.0,0.0,-0.0,0.0,348.0,2.9,357.0,97231.0,False,3,5,83
2019-03-24 06:00:00,25.79,17.9,0.0,-0.0,0.0,352.0,2.62,7.0,97260.0,False,3,6,83
2019-03-24 07:00:00,27.08,15.6,160.0,281.01,94.0,360.8,2.62,22.0,97337.0,False,3,7,83
2019-03-24 08:00:00,29.23,13.7,401.0,471.76,178.0,355.4,2.34,27.0,97405.0,False,3,8,83
2019-03-24 09:00:00,31.72,12.3,482.0,216.6,335.0,372.8,2.48,37.0,97482.0,False,3,9,83
2019-03-24 10:00:00,33.69,11.9,860.0,768.98,215.0,392.85,2.41,44.0,97443.0,False,3,10,83
2019-03-24 11:00:00,36.22,10.8,980.0,782.32,243.0,374.6,2.76,48.0,97424.0,False,3,11,83
2019-03-24 12:00:00,38.15,9.2,1018.0,767.17,265.0,382.2,3.1,58.0,97299.0,False,3,12,83
2019-03-24 13:00:00,39.23,8.15,1007.0,817.21,227.0,388.6,2.83,66.0,97173.0,False,3,13,83
2019-03-24 14:00:00,39.79,7.75,886.0,765.03,226.0,388.8,2.41,69.0,97086.0,False,3,14,83
2019-03-24 15:00:00,40.01,7.6,716.0,749.43,182.0,392.4,2.07,67.0,97019.0,False,3,15,83
2019-03-24 16:00:00,39.84,7.65,339.0,178.93,247.0,389.0,2.0,66.0,96971.0,False,3,16,83
2019-03-24 17:00:00,39.31,7.8,194.0,273.9,117.0,387.6,1.79,61.0,96990.0,False,3,17,83
2019-03-24 18:00:00,38.16,8.95,0.0,0.0,0.0,386.6,1.03,53.0,97058.0,False,3,18,83
2019-03-24 19:00:00,36.51,9.9,0.0,-0.0,0.0,396.85,1.86,44.0,97096.0,False,3,19,83
2019-03-24 20:00:00,34.85,10.95,0.0,-0.0,0.0,403.65,2.14,47.0,97144.0,False,3,20,83
2019-03-24 21:00:00,33.59,11.7,0.0,-0.0,0.0,407.05,2.34,51.0,97241.0,False,3,21,83
2019-03-24 22:00:00,32.73,12.15,0.0,-0.0,0.0,406.45,2.41,56.0,97279.0,False,3,22,83
2019-03-24 23:00:00,31.98,12.65,0.0,-0.0,0.0,397.05,2.55,57.0,97299.0,False,3,23,83
2019-03-25 00:00:00,31.22,13.25,0.0,-0.0,0.0,389.0,2.55,60.0,97279.0,False,3,0,84
2019-03-25 01:00:00,30.74,13.6,0.0,-0.0,0.0,395.05,2.41,65.0,97212.0,False,3,1,84
2019-03-25 02:00:00,30.07,14.2,0.0,-0.0,0.0,386.0,2.28,70.0,97135.0,False,3,2,84
2019-03-25 03:00:00,29.26,15.1,0.0,-0.0,0.0,383.0,2.0,100.0,97125.0,False,3,3,84
2019-03-25 04:00:00,28.16,16.2,0.0,-0.0,0.0,372.8,2.21,138.0,97144.0,False,3,4,84
2019-03-25 05:00:00,27.08,17.35,0.0,-0.0,0.0,354.0,2.28,168.0,97193.0,False,3,5,84
2019-03-25 06:00:00,26.32,19.15,0.0,-0.0,0.0,351.8,2.07,192.0,97250.0,False,3,6,84
2019-03-25 07:00:00,27.27,22.0,170.0,332.49,91.0,359.8,1.59,198.0,97289.0,False,3,7,84
2019-03-25 08:00:00,30.88,22.15,419.0,544.97,160.0,368.6,1.38,204.0,97376.0,False,3,8,84
2019-03-25 09:00:00,33.36,26.8,651.0,647.58,210.0,385.0,1.72,210.0,97434.0,False,3,9,84
2019-03-25 10:00:00,35.02,27.95,853.0,748.11,224.0,399.85,2.0,218.0,97463.0,False,3,10,84
2019-03-25 11:00:00,36.61,25.35,949.0,704.64,284.0,413.45,2.07,218.0,97424.0,False,3,11,84
2019-03-25 12:00:00,37.59,21.9,1025.0,790.56,248.0,433.05,1.93,213.0,97308.0,False,3,12,84
2019-03-25 13:00:00,38.01,20.4,985.0,766.14,253.0,439.65,1.66,208.0,97183.0,False,3,13,84
2019-03-25 14:00:00,38.42,19.55,900.0,816.56,195.0,432.85,1.66,202.0,97067.0,False,3,14,84
2019-03-25 15:00:00,38.76,19.0,719.0,768.64,171.0,436.85,1.79,197.0,96961.0,False,3,15,84
2019-03-25 16:00:00,38.69,18.95,471.0,606.54,159.0,428.85,1.93,192.0,96922.0,False,3,16,84
2019-03-25 17:00:00,38.04,19.7,212.0,376.89,106.0,427.05,1.79,195.0,96922.0,False,3,17,84
2019-03-25 18:00:00,37.19,21.0,0.0,0.0,0.0,424.85,1.24,208.0,96951.0,False,3,18,84
2019-03-25 19:00:00,36.26,18.9,0.0,-0.0,0.0,407.85,0.76,128.0,97000.0,False,3,19,84
2019-03-25 20:00:00,34.98,20.9,0.0,-0.0,0.0,408.05,0.69,125.0,97106.0,False,3,20,84
2019-03-25 21:00:00,33.4,22.75,0.0,-0.0,0.0,404.85,1.03,150.0,97193.0,False,3,21,84
2019-03-25 22:00:00,31.53,25.1,0.0,-0.0,0.0,403.25,1.86,171.0,97222.0,False,3,22,84
2019-03-25 23:00:00,30.61,26.5,0.0,-0.0,0.0,402.25,2.28,186.0,97270.0,False,3,23,84
2019-03-26 00:00:00,30.57,27.65,0.0,-0.0,0.0,407.25,2.62,196.0,97231.0,False,3,0,85
2019-03-26 01:00:00,30.35,31.85,0.0,-0.0,0.0,407.05,2.9,203.0,97183.0,False,3,1,85
2019-03-26 02:00:00,29.85,38.75,0.0,-0.0,0.0,401.25,2.76,203.0,97164.0,False,3,2,85
2019-03-26 03:00:00,29.37,44.45,0.0,-0.0,0.0,402.65,2.41,196.0,97164.0,False,3,3,85
2019-03-26 04:00:00,28.81,48.75,0.0,-0.0,0.0,401.85,1.93,186.0,97183.0,False,3,4,85
2019-03-26 05:00:00,28.32,51.9,0.0,-0.0,0.0,405.25,1.66,176.0,97241.0,False,3,5,85
2019-03-26 06:00:00,27.84,54.7,0.0,-0.0,0.0,402.85,1.52,177.0,97299.0,False,3,6,85
2019-03-26 07:00:00,28.85,51.9,169.0,328.73,90.0,402.05,1.66,180.0,97347.0,False,3,7,85
2019-03-26 08:00:00,31.07,46.3,412.0,535.79,156.0,409.45,2.97,188.0,97424.0,False,3,8,85
2019-03-26 09:00:00,32.7,43.95,646.0,661.52,194.0,415.65,3.66,201.0,97463.0,False,3,9,85
2019-03-26 10:00:00,34.33,40.35,752.0,509.05,323.0,425.05,3.45,207.0,97463.0,False,3,10,85
2019-03-26 11:00:00,35.82,36.4,959.0,772.19,229.0,434.65,3.03,208.0,97424.0,False,3,11,85
2019-03-26 12:00:00,37.04,32.75,969.0,688.95,291.0,445.65,2.41,202.0,97318.0,False,3,12,85
2019-03-26 13:00:00,37.88,29.25,757.0,312.65,458.0,452.45,1.79,185.0,97193.0,False,3,13,85
2019-03-26 14:00:00,37.71,28.85,77.0,0.0,77.0,462.25,1.66,167.0,97096.0,False,3,14,85
2019-03-26 15:00:00,36.57,30.95,75.0,0.0,75.0,464.25,0.97,185.0,97009.0,False,3,15,85
2019-03-26 16:00:00,36.31,31.55,442.0,514.98,177.0,455.85,0.34,195.0,97009.0,False,3,16,85
2019-03-26 17:00:00,31.01,53.25,161.0,149.28,119.0,455.45,2.55,149.0,97135.0,False,3,17,85
2019-03-26 18:00:00,27.78,70.45,0.0,0.0,0.0,438.05,2.41,88.0,97318.0,False,3,18,85
2019-03-26 19:00:00,29.39,57.7,0.0,-0.0,0.0,431.65,1.66,0.0,97337.0,False,3,19,85
2019-03-26 20:00:00,29.37,58.95,0.0,-0.0,0.0,430.45,1.1,358.0,97414.0,False,3,20,85
2019-03-26 21:00:00,28.96,59.4,0.0,-0.0,0.0,428.45,0.9,178.0,97636.0,False,3,21,85
2019-03-26 22:00:00,28.41,62.75,0.0,-0.0,0.0,421.05,1.17,244.0,97521.0,False,3,22,85
2019-03-26 23:00:00,27.84,65.85,0.0,-0.0,0.0,419.65,1.17,273.0,97627.0,False,3,23,85
2019-03-27 00:00:00,27.39,67.95,0.0,-0.0,0.0,419.45,1.31,299.0,97598.0,False,3,0,86
2019-03-27 01:00:00,26.99,69.75,0.0,-0.0,0.0,413.85,1.45,283.0,97540.0,False,3,1,86
2019-03-27 02:00:00,26.53,72.15,0.0,-0.0,0.0,410.25,2.0,276.0,97549.0,False,3,2,86
2019-03-27 03:00:00,26.01,74.8,0.0,-0.0,0.0,407.85,2.41,282.0,97549.0,False,3,3,86
2019-03-27 04:00:00,25.73,74.95,0.0,-0.0,0.0,413.45,2.62,281.0,97540.0,False,3,4,86
2019-03-27 05:00:00,25.55,74.25,0.0,-0.0,0.0,413.45,2.55,277.0,97598.0,False,3,5,86
2019-03-27 06:00:00,25.5,73.5,0.0,-0.0,0.0,415.05,1.86,286.0,97617.0,False,3,6,86
2019-03-27 07:00:00,25.09,89.4,63.0,4.11,62.0,407.85,1.1,255.0,97675.0,False,3,7,86
2019-03-27 08:00:00,26.45,81.8,232.0,56.21,205.0,409.25,1.17,242.0,97723.0,False,3,8,86
2019-03-27 09:00:00,28.97,66.7,369.0,72.94,319.0,411.05,1.17,237.0,97771.0,False,3,9,86
2019-03-27 10:00:00,31.06,47.6,144.0,0.0,144.0,422.45,0.48,168.0,97733.0,False,3,10,86
2019-03-27 11:00:00,31.21,46.7,386.0,10.56,376.0,438.05,0.9,204.0,97704.0,False,3,11,86
2019-03-27 12:00:00,32.19,43.1,362.0,4.06,358.0,438.45,0.97,205.0,97675.0,False,3,12,86
2019-03-27 13:00:00,33.22,39.1,568.0,96.11,476.0,440.25,1.03,204.0,97578.0,False,3,13,86
2019-03-27 14:00:00,33.73,36.8,248.0,0.0,248.0,446.65,0.62,143.0,97501.0,False,3,14,86
2019-03-27 15:00:00,33.89,36.25,107.0,0.0,107.0,448.85,0.9,105.0,97405.0,False,3,15,86
2019-03-27 16:00:00,33.97,36.05,230.0,34.97,212.0,448.45,1.17,96.0,97385.0,False,3,16,86
2019-03-27 17:00:00,33.62,37.75,137.0,78.17,115.0,445.45,0.97,90.0,97376.0,False,3,17,86
2019-03-27 18:00:00,32.48,49.55,0.0,0.0,0.0,444.65,0.55,150.0,97376.0,False,3,18,86
2019-03-27 19:00:00,32.19,35.0,0.0,-0.0,0.0,432.85,1.86,344.0,97405.0,False,3,19,86
2019-03-27 20:00:00,31.09,37.8,0.0,-0.0,0.0,429.05,1.86,344.0,97501.0,False,3,20,86
2019-03-27 21:00:00,30.21,39.15,0.0,-0.0,0.0,420.25,1.93,345.0,97598.0,False,3,21,86
2019-03-27 22:00:00,29.46,40.45,0.0,-0.0,0.0,415.05,1.86,341.0,97588.0,False,3,22,86
2019-03-27 23:00:00,28.88,41.9,0.0,-0.0,0.0,418.05,1.79,328.0,97588.0,False,3,23,86
2019-03-28 00:00:00,28.3,43.05,0.0,-0.0,0.0,411.45,1.79,328.0,97530.0,False,3,0,87
2019-03-28 01:00:00,27.49,45.45,0.0,-0.0,0.0,393.85,1.86,348.0,97492.0,False,3,1,87
2019-03-28 02:00:00,26.73,48.0,0.0,-0.0,0.0,387.0,1.79,356.0,97463.0,False,3,2,87
2019-03-28 03:00:00,26.2,48.75,0.0,-0.0,0.0,382.8,1.86,344.0,97405.0,False,3,3,87
2019-03-28 04:00:00,25.71,49.75,0.0,-0.0,0.0,380.2,1.79,336.0,97424.0,False,3,4,87
2019-03-28 05:00:00,25.15,53.85,0.0,-0.0,0.0,385.6,1.66,344.0,97453.0,False,3,5,87
2019-03-28 06:00:00,24.73,55.1,0.0,-0.0,0.0,375.0,1.72,8.0,97511.0,False,3,6,87
2019-03-28 07:00:00,25.58,58.15,182.0,374.4,90.0,365.2,1.17,14.0,97588.0,False,3,7,87
2019-03-28 08:00:00,29.19,39.25,431.0,559.24,161.0,362.2,1.03,23.0,97665.0,False,3,8,87
2019-03-28 09:00:00,32.33,25.8,681.0,721.21,185.0,368.4,1.66,39.0,97685.0,False,3,9,87
2019-03-28 10:00:00,35.08,18.5,864.0,757.19,223.0,376.6,2.48,46.0,97665.0,False,3,10,87
2019-03-28 11:00:00,37.25,14.55,948.0,684.27,299.0,385.6,3.1,55.0,97617.0,False,3,11,87
2019-03-28 12:00:00,38.58,12.35,1046.0,829.21,228.0,393.65,3.52,72.0,97472.0,False,3,12,87
2019-03-28 13:00:00,39.38,11.3,1004.0,802.68,235.0,399.85,3.66,80.0,97357.0,False,3,13,87
2019-03-28 14:00:00,39.83,10.85,878.0,737.5,240.0,401.45,3.45,79.0,97241.0,False,3,14,87
2019-03-28 15:00:00,39.97,10.7,698.0,683.54,210.0,404.25,3.1,74.0,97154.0,False,3,15,87
2019-03-28 16:00:00,39.78,10.8,460.0,549.64,177.0,401.05,2.9,69.0,97125.0,False,3,16,87
2019-03-28 17:00:00,38.99,12.2,187.0,241.55,119.0,398.25,2.14,63.0,97154.0,False,3,17,87
2019-03-28 18:00:00,37.11,15.85,0.0,0.0,0.0,394.25,1.86,46.0,97173.0,False,3,18,87
2019-03-28 19:00:00,34.9,17.15,0.0,-0.0,0.0,386.6,2.34,37.0,97212.0,False,3,19,87
2019-03-28 20:00:00,33.07,18.65,0.0,-0.0,0.0,381.4,2.48,35.0,97260.0,False,3,20,87
2019-03-28 21:00:00,31.75,19.8,0.0,-0.0,0.0,377.0,2.48,36.0,97328.0,False,3,21,87
2019-03-28 22:00:00,30.64,20.7,0.0,-0.0,0.0,374.2,2.62,34.0,97376.0,False,3,22,87
2019-03-28 23:00:00,29.75,21.15,0.0,-0.0,0.0,371.2,2.76,38.0,97347.0,False,3,23,87
2019-03-29 00:00:00,29.0,21.4,0.0,-0.0,0.0,367.2,2.83,39.0,97347.0,False,3,0,88
2019-03-29 01:00:00,28.26,21.75,0.0,-0.0,0.0,362.85,2.76,41.0,97308.0,False,3,1,88
2019-03-29 02:00:00,27.51,22.3,0.0,-0.0,0.0,358.6,2.62,43.0,97279.0,False,3,2,88
2019-03-29 03:00:00,26.79,23.1,0.0,-0.0,0.0,355.8,2.48,46.0,97270.0,False,3,3,88
2019-03-29 04:00:00,26.18,23.55,0.0,-0.0,0.0,353.4,2.48,45.0,97260.0,False,3,4,88
2019-03-29 05:00:00,25.42,26.7,0.0,-0.0,0.0,352.6,2.07,65.0,97308.0,False,3,5,88
2019-03-29 06:00:00,24.62,28.85,0.0,-0.0,0.0,349.6,1.93,115.0,97366.0,False,3,6,88
2019-03-29 07:00:00,25.21,29.2,191.0,414.64,88.0,348.6,2.07,116.0,97453.0,False,3,7,88
2019-03-29 08:00:00,29.32,19.95,446.0,612.04,149.0,350.6,2.07,100.0,97501.0,False,3,8,88
2019-03-29 09:00:00,33.05,14.7,688.0,730.54,184.0,359.2,2.9,94.0,97530.0,False,3,9,88
2019-03-29 10:00:00,35.52,15.0,877.0,780.3,215.0,370.2,3.17,104.0,97521.0,False,3,10,88
2019-03-29 11:00:00,37.42,15.6,994.0,791.64,242.0,381.8,3.1,113.0,97521.0,False,3,11,88
2019-03-29 12:00:00,38.9,15.3,1048.0,821.19,237.0,392.6,3.17,116.0,97347.0,False,3,12,88
2019-03-29 13:00:00,39.94,14.7,1000.0,780.13,252.0,402.05,3.17,113.0,97231.0,False,3,13,88
2019-03-29 14:00:00,40.33,14.3,879.0,730.16,247.0,415.05,2.97,111.0,97144.0,False,3,14,88
2019-03-29 15:00:00,40.49,14.0,722.0,757.51,181.0,412.25,2.69,108.0,97029.0,False,3,15,88
2019-03-29 16:00:00,40.1,14.2,481.0,634.96,154.0,417.45,2.48,107.0,97000.0,False,3,16,88
2019-03-29 17:00:00,39.55,14.8,216.0,390.67,106.0,413.25,2.0,106.0,96971.0,False,3,17,88
2019-03-29 18:00:00,38.01,20.0,0.0,0.0,0.0,407.25,1.24,117.0,97000.0,False,3,18,88
2019-03-29 19:00:00,35.32,23.45,0.0,-0.0,0.0,387.6,1.45,72.0,97048.0,False,3,19,88
2019-03-29 20:00:00,32.87,28.6,0.0,-0.0,0.0,389.0,1.52,69.0,97125.0,False,3,20,88
2019-03-29 21:00:00,31.25,29.7,0.0,-0.0,0.0,377.8,1.52,59.0,97193.0,False,3,21,88
2019-03-29 22:00:00,29.86,29.05,0.0,-0.0,0.0,377.0,1.79,45.0,97212.0,False,3,22,88
2019-03-29 23:00:00,28.72,27.0,0.0,-0.0,0.0,371.0,2.07,37.0,97222.0,False,3,23,88
2019-03-30 00:00:00,27.71,26.0,0.0,-0.0,0.0,367.0,2.21,29.0,97222.0,False,3,0,89
2019-03-30 01:00:00,26.54,30.9,0.0,-0.0,0.0,365.05,1.86,36.0,97164.0,False,3,1,89
2019-03-30 02:00:00,26.37,31.05,0.0,-0.0,0.0,361.4,1.52,108.0,97135.0,False,3,2,89
2019-03-30 03:00:00,25.46,27.65,0.0,-0.0,0.0,358.4,2.14,151.0,97144.0,False,3,3,89
2019-03-30 04:00:00,24.99,32.5,0.0,-0.0,0.0,364.6,2.07,174.0,97193.0,False,3,4,89
2019-03-30 05:00:00,24.82,39.8,0.0,-0.0,0.0,366.2,2.21,196.0,97231.0,False,3,5,89
2019-03-30 06:00:00,25.0,47.95,0.0,-0.0,0.0,370.2,2.48,207.0,97279.0,False,3,6,89
2019-03-30 07:00:00,25.89,50.2,187.0,378.38,92.0,374.6,1.86,202.0,97357.0,False,3,7,89
2019-03-30 08:00:00,29.63,47.4,435.0,563.88,160.0,378.8,2.62,214.0,97424.0,False,3,8,89
2019-03-30 09:00:00,31.9,47.2,685.0,729.73,180.0,390.8,2.9,228.0,97463.0,False,3,9,89
2019-03-30 10:00:00,34.11,41.7,858.0,738.66,230.0,403.45,2.28,241.0,97463.0,False,3,10,89
2019-03-30 11:00:00,36.12,35.25,979.0,764.17,252.0,417.45,2.07,254.0,97434.0,False,3,11,89
2019-03-30 12:00:00,37.69,28.85,1059.0,868.86,200.0,429.45,1.31,253.0,97308.0,False,3,12,89
2019-03-30 13:00:00,38.72,24.1,1021.0,857.71,198.0,439.45,0.55,221.0,97183.0,False,3,13,89
2019-03-30 14:00:00,39.41,20.25,907.0,832.57,186.0,441.45,0.83,127.0,97067.0,False,3,14,89
2019-03-30 15:00:00,39.58,18.85,709.0,729.29,188.0,440.05,1.24,122.0,97000.0,False,3,15,89
2019-03-30 16:00:00,39.44,18.5,459.0,553.32,174.0,434.85,1.24,118.0,96922.0,False,3,16,89
2019-03-30 17:00:00,39.09,18.65,211.0,372.86,106.0,431.05,1.1,111.0,96932.0,False,3,17,89
2019-03-30 18:00:00,38.26,20.25,0.0,0.0,0.0,431.05,0.55,104.0,96932.0,False,3,18,89
2019-03-30 19:00:00,36.73,22.7,0.0,-0.0,0.0,424.65,0.34,131.0,97019.0,False,3,19,89
2019-03-30 20:00:00,34.26,37.05,0.0,-0.0,0.0,414.05,0.76,181.0,97077.0,False,3,20,89
2019-03-30 21:00:00,32.78,32.75,0.0,-0.0,0.0,415.25,1.59,194.0,97164.0,False,3,21,89
2019-03-30 22:00:00,31.61,33.45,0.0,-0.0,0.0,412.05,1.79,194.0,97212.0,False,3,22,89
2019-03-30 23:00:00,31.02,32.65,0.0,-0.0,0.0,411.65,1.93,186.0,97183.0,False,3,23,89
2019-03-31 00:00:00,30.28,34.8,0.0,-0.0,0.0,410.85,2.14,190.0,97231.0,False,3,0,90
2019-03-31 01:00:00,30.46,33.95,0.0,-0.0,0.0,409.05,2.76,194.0,97125.0,False,3,1,90
2019-03-31 02:00:00,30.73,35.65,0.0,-0.0,0.0,409.65,3.38,200.0,97096.0,False,3,2,90
2019-03-31 03:00:00,30.52,39.55,0.0,-0.0,0.0,408.65,3.45,210.0,97077.0,False,3,3,90
2019-03-31 04:00:00,30.08,45.7,0.0,-0.0,0.0,414.85,3.45,220.0,97115.0,False,3,4,90
2019-03-31 05:00:00,29.39,53.5,0.0,-0.0,0.0,414.65,3.59,229.0,97183.0,False,3,5,90
2019-03-31 06:00:00,28.63,60.1,0.0,0.0,0.0,412.85,3.59,231.0,97212.0,False,3,6,90
2019-03-31 07:00:00,28.99,58.5,103.0,39.41,93.0,402.65,3.79,232.0,97289.0,False,3,7,90
2019-03-31 08:00:00,29.88,57.5,355.0,291.78,212.0,405.05,4.0,229.0,97385.0,False,3,8,90
2019-03-31 09:00:00,31.34,52.9,176.0,0.0,176.0,417.25,3.79,231.0,97405.0,False,3,9,90
2019-03-31 10:00:00,33.07,46.55,671.0,325.14,394.0,427.85,3.38,231.0,97472.0,False,3,10,90
2019-03-31 11:00:00,34.75,40.5,822.0,439.79,403.0,438.05,3.1,237.0,97453.0,False,3,11,90
2019-03-31 12:00:00,36.2,34.95,829.0,388.01,445.0,446.85,2.76,256.0,97347.0,False,3,12,90
2019-03-31 13:00:00,35.47,32.1,736.0,279.11,468.0,452.05,2.97,282.0,97250.0,False,3,13,90
2019-03-31 14:00:00,35.11,32.85,774.0,512.47,330.0,448.25,2.97,280.0,97164.0,False,3,14,90
2019-03-31 15:00:00,34.85,33.9,650.0,577.97,237.0,451.25,2.0,254.0,97029.0,False,3,15,90
2019-03-31 16:00:00,34.91,35.72,338.0,194.13,238.0,450.27,1.61,270.0,97009.0,False,3,16,90
2019-03-31 17:00:00,34.17,34.33,164.0,156.23,120.0,441.83,1.65,252.0,97009.0,False,3,17,90
2019-03-31 18:00:00,33.43,32.95,0.0,0.0,0.0,433.4,1.69,244.0,97019.0,False,3,18,90
2019-03-31 19:00:00,32.69,31.57,0.0,-0.0,0.0,424.96,1.73,242.0,97106.0,False,3,19,90
2019-03-31 20:00:00,31.95,30.19,0.0,-0.0,0.0,416.53,1.77,223.0,97173.0,False,3,20,90
2019-03-31 21:00:00,31.2,28.81,0.0,-0.0,0.0,408.09,1.81,208.0,97231.0,False,3,21,90
2019-03-31 22:00:00,30.46,27.43,0.0,-0.0,0.0,399.66,1.85,205.0,97366.0,False,3,22,90
2019-03-31 23:00:00,29.72,26.05,0.0,-0.0,0.0,391.22,1.89,214.0,97347.0,False,3,23,90
2008-04-01 00:00:00,28.98,24.67,0.0,-0.0,0.0,382.79,1.92,46.0,96894.0,False,4,0,92
2008-04-01 01:00:00,28.24,23.29,0.0,-0.0,0.0,374.35,1.96,64.0,96845.0,False,4,1,92
2008-04-01 02:00:00,27.5,21.91,0.0,-0.0,0.0,365.92,2.0,97.0,96826.0,False,4,2,92
2008-04-01 03:00:00,26.76,20.53,0.0,-0.0,0.0,357.48,2.04,124.0,96845.0,False,4,3,92
2008-04-01 04:00:00,26.02,19.15,0.0,-0.0,0.0,349.05,2.08,132.0,96874.0,False,4,4,92
2008-04-01 05:00:00,25.28,17.76,0.0,-0.0,0.0,340.61,2.12,152.0,96845.0,False,4,5,92
2008-04-01 06:00:00,24.54,16.38,0.0,0.0,0.0,332.18,2.16,175.0,96913.0,False,4,6,92
2008-04-01 07:00:00,23.8,15.0,178.0,281.93,105.0,323.74,2.2,225.0,96932.0,False,4,7,92
2008-04-01 08:00:00,29.22,31.45,411.0,442.61,192.0,358.8,1.17,243.0,97029.0,False,4,8,92
2008-04-01 09:00:00,31.7,36.55,635.0,547.12,253.0,372.2,1.52,254.0,97096.0,False,4,9,92
2008-04-01 10:00:00,33.88,32.45,842.0,682.82,258.0,386.8,1.1,267.0,97058.0,False,4,10,92
2008-04-01 11:00:00,35.89,23.9,962.0,718.08,276.0,399.45,0.34,10.0,97019.0,False,4,11,92
2008-04-01 12:00:00,37.68,17.6,1007.0,729.17,284.0,404.85,1.24,59.0,96903.0,False,4,12,92
2008-04-01 13:00:00,38.99,13.45,981.0,748.89,261.0,404.05,1.86,61.0,96797.0,False,4,13,92
2008-04-01 14:00:00,39.72,10.8,900.0,814.26,194.0,401.85,2.14,55.0,96710.0,False,4,14,92
2008-04-01 15:00:00,39.98,9.1,677.0,625.32,230.0,398.85,2.28,49.0,96633.0,False,4,15,92
2008-04-01 16:00:00,39.79,8.05,476.0,632.8,150.0,392.0,2.34,47.0,96623.0,False,4,16,92
2008-04-01 17:00:00,39.25,7.4,223.0,450.9,96.0,385.2,2.34,45.0,96633.0,False,4,17,92
2008-04-01 18:00:00,37.94,7.35,0.0,0.0,0.0,379.2,1.86,36.0,96652.0,False,4,18,92
2008-04-01 19:00:00,35.71,9.15,0.0,-0.0,0.0,376.4,2.28,28.0,96701.0,False,4,19,92
2008-04-01 20:00:00,33.91,9.2,0.0,-0.0,0.0,366.6,2.34,28.0,96759.0,False,4,20,92
2008-04-01 21:00:00,32.34,9.35,0.0,-0.0,0.0,359.8,2.34,29.0,96855.0,False,4,21,92
2008-04-01 22:00:00,31.0,9.7,0.0,-0.0,0.0,356.0,2.34,32.0,96855.0,False,4,22,92
2008-04-01 23:00:00,29.86,10.3,0.0,-0.0,0.0,353.6,2.34,35.0,96903.0,False,4,23,92
2008-04-02 00:00:00,28.85,11.0,0.0,-0.0,0.0,354.4,2.21,41.0,96913.0,False,4,0,93
2008-04-02 01:00:00,27.8,12.0,0.0,-0.0,0.0,351.65,1.72,84.0,96855.0,False,4,1,93
2008-04-02 02:00:00,26.51,14.1,0.0,-0.0,0.0,348.8,1.59,141.0,96845.0,False,4,2,93
2008-04-02 03:00:00,25.22,19.4,0.0,-0.0,0.0,340.6,2.14,162.0,96826.0,False,4,3,93
2008-04-02 04:00:00,25.03,27.0,0.0,-0.0,0.0,343.2,2.07,182.0,96855.0,False,4,4,93
2008-04-02 05:00:00,24.59,36.9,0.0,-0.0,0.0,350.6,2.14,200.0,96913.0,False,4,5,93
2008-04-02 06:00:00,24.27,47.85,0.0,0.0,0.0,355.0,2.14,220.0,97000.0,False,4,6,93
2008-04-02 07:00:00,25.37,56.1,191.0,348.0,100.0,367.4,1.66,255.0,97058.0,False,4,7,93
2008-04-02 08:00:00,28.98,47.25,443.0,563.28,163.0,375.0,2.34,263.0,97115.0,False,4,8,93
2008-04-02 09:00:00,31.55,41.6,685.0,706.98,190.0,386.4,2.76,261.0,97144.0,False,4,9,93
2008-04-02 10:00:00,34.07,34.55,881.0,794.74,200.0,397.45,2.76,258.0,97183.0,False,4,10,93
2008-04-02 11:00:00,36.12,26.85,996.0,804.97,226.0,408.05,1.86,255.0,97115.0,False,4,11,93
2008-04-02 12:00:00,37.75,20.2,1036.0,803.11,239.0,416.25,0.76,248.0,97029.0,False,4,12,93
2008-04-02 13:00:00,38.76,16.4,1003.0,807.73,226.0,420.65,0.14,274.0,96922.0,False,4,13,93
2008-04-02 14:00:00,39.4,14.35,890.0,785.18,209.0,418.25,0.48,17.0,96778.0,False,4,14,93
2008-04-02 15:00:00,39.68,13.3,711.0,741.34,181.0,413.45,1.03,21.0,96720.0,False,4,15,93
2008-04-02 16:00:00,39.41,13.05,478.0,642.51,147.0,414.45,1.38,26.0,96672.0,False,4,16,93
2008-04-02 17:00:00,38.89,13.05,213.0,383.45,105.0,405.25,1.66,31.0,96662.0,False,4,17,93
2008-04-02 18:00:00,37.97,13.55,0.0,0.0,0.0,412.65,1.59,36.0,96691.0,False,4,18,93
2008-04-02 19:00:00,35.99,11.3,0.0,-0.0,0.0,390.45,2.14,32.0,96749.0,False,4,19,93
2008-04-02 20:00:00,34.34,11.95,0.0,-0.0,0.0,381.8,2.21,36.0,96865.0,False,4,20,93
2008-04-02 21:00:00,32.74,12.6,0.0,-0.0,0.0,368.8,2.28,39.0,96942.0,False,4,21,93
2008-04-02 22:00:00,31.38,13.15,0.0,-0.0,0.0,367.6,2.28,40.0,97038.0,False,4,22,93
2008-04-02 23:00:00,30.11,13.85,0.0,-0.0,0.0,364.6,2.14,30.0,97019.0,False,4,23,93
2008-04-03 00:00:00,28.91,14.5,0.0,-0.0,0.0,359.4,2.34,6.0,97048.0,False,4,0,94
2008-04-03 01:00:00,28.13,14.5,0.0,-0.0,0.0,359.45,2.76,354.0,96990.0,False,4,1,94
2008-04-03 02:00:00,27.69,14.05,0.0,-0.0,0.0,351.0,2.9,359.0,96961.0,False,4,2,94
2008-04-03 03:00:00,27.24,13.9,0.0,-0.0,0.0,346.6,2.97,6.0,96951.0,False,4,3,94
2008-04-03 04:00:00,26.57,14.2,0.0,-0.0,0.0,351.2,2.21,15.0,96961.0,False,4,4,94
2008-04-03 05:00:00,26.37,14.65,0.0,-0.0,0.0,338.4,1.03,135.0,97000.0,False,4,5,94
2008-04-03 06:00:00,24.33,18.1,0.0,0.0,0.0,333.8,1.38,187.0,97067.0,False,4,6,94
2008-04-03 07:00:00,25.71,17.0,179.0,268.91,108.0,338.4,1.17,173.0,97222.0,False,4,7,94
2008-04-03 08:00:00,29.12,12.9,420.0,464.6,188.0,343.0,0.76,193.0,97270.0,False,4,8,94
2008-04-03 09:00:00,31.71,10.25,665.0,630.97,222.0,347.0,0.41,126.0,97328.0,False,4,9,94
2008-04-03 10:00:00,33.86,9.0,850.0,696.62,252.0,354.0,0.83,60.0,97318.0,False,4,10,94
2008-04-03 11:00:00,35.77,8.05,981.0,761.18,252.0,361.0,1.38,42.0,97299.0,False,4,11,94
2008-04-03 12:00:00,37.25,7.4,1030.0,788.36,247.0,367.4,1.79,32.0,97183.0,False,4,12,94
2008-04-03 13:00:00,38.3,6.95,987.0,762.64,253.0,370.8,1.93,25.0,97067.0,False,4,13,94
2008-04-03 14:00:00,38.92,6.75,875.0,741.17,232.0,373.6,2.0,18.0,96951.0,False,4,14,94
2008-04-03 15:00:00,39.07,6.7,695.0,688.13,203.0,375.0,2.07,12.0,96855.0,False,4,15,94
2008-04-03 16:00:00,38.83,6.8,466.0,586.25,164.0,374.0,2.21,9.0,96797.0,False,4,16,94
2008-04-03 17:00:00,38.22,7.05,206.0,340.86,110.0,371.2,2.21,10.0,96797.0,False,4,17,94
2008-04-03 18:00:00,37.04,7.6,0.0,0.0,0.0,367.4,1.52,11.0,96807.0,False,4,18,94
2008-04-03 19:00:00,34.97,8.4,0.0,-0.0,0.0,365.6,2.07,3.0,96874.0,False,4,19,94
2008-04-03 20:00:00,33.38,9.35,0.0,-0.0,0.0,366.8,2.07,8.0,96990.0,False,4,20,94
2008-04-03 21:00:00,31.71,10.35,0.0,-0.0,0.0,357.8,2.34,4.0,97086.0,False,4,21,94
2008-04-03 22:00:00,30.46,10.9,0.0,-0.0,0.0,357.6,2.62,357.0,97173.0,False,4,22,94
2008-04-03 23:00:00,29.57,10.55,0.0,-0.0,0.0,349.8,3.17,355.0,97164.0,False,4,23,94
2008-04-04 00:00:00,28.86,9.0,0.0,-0.0,0.0,341.8,3.86,357.0,97164.0,False,4,0,95
2008-04-04 01:00:00,27.93,8.05,0.0,-0.0,0.0,338.25,2.97,9.0,97144.0,False,4,1,95
2008-04-04 02:00:00,26.44,8.7,0.0,-0.0,0.0,332.2,1.86,78.0,97125.0,False,4,2,95
2008-04-04 03:00:00,25.44,10.1,0.0,-0.0,0.0,333.2,1.66,93.0,97202.0,False,4,3,95
2008-04-04 04:00:00,24.73,11.2,0.0,-0.0,0.0,325.2,1.59,27.0,97270.0,False,4,4,95
2008-04-04 05:00:00,23.26,12.1,0.0,-0.0,0.0,319.4,2.21,1.0,97318.0,False,4,5,95
2008-04-04 06:00:00,22.77,11.8,0.0,0.0,0.0,320.0,2.41,358.0,97357.0,False,4,6,95
2008-04-04 07:00:00,23.44,11.85,171.0,221.35,112.0,315.6,1.59,9.0,97395.0,False,4,7,95
2008-04-04 08:00:00,27.22,7.3,440.0,534.32,172.0,318.0,2.14,11.0,97511.0,False,4,8,95
2008-04-04 09:00:00,29.25,6.25,689.0,707.42,191.0,322.8,2.83,14.0,97530.0,False,4,9,95
2008-04-04 10:00:00,31.21,5.55,875.0,766.34,216.0,328.6,2.9,11.0,97549.0,False,4,10,95
2008-04-04 11:00:00,33.03,4.95,992.0,790.53,234.0,335.6,2.83,5.0,97492.0,False,4,11,95
2008-04-04 12:00:00,34.55,4.6,1031.0,787.76,248.0,342.2,2.76,359.0,97414.0,False,4,12,95
2008-04-04 13:00:00,35.66,4.65,959.0,691.67,293.0,348.0,2.83,353.0,97250.0,False,4,13,95
2008-04-04 14:00:00,36.38,4.85,875.0,741.0,232.0,352.4,3.03,348.0,97164.0,False,4,14,95
2008-04-04 15:00:00,36.69,5.1,645.0,531.46,265.0,356.6,3.24,345.0,97048.0,False,4,15,95
2008-04-04 16:00:00,36.43,5.4,376.0,273.74,235.0,359.2,3.31,343.0,96980.0,False,4,16,95
2008-04-04 17:00:00,35.79,5.65,170.0,173.99,121.0,358.2,3.38,344.0,96980.0,False,4,17,95
2008-04-04 18:00:00,34.46,6.15,0.0,0.0,0.0,355.0,2.48,349.0,96980.0,False,4,18,95
2008-04-04 19:00:00,32.25,6.9,0.0,-0.0,0.0,347.8,2.28,354.0,97048.0,False,4,19,95
2008-04-04 20:00:00,30.67,7.55,0.0,-0.0,0.0,346.6,2.34,359.0,97135.0,False,4,20,95
2008-04-04 21:00:00,29.31,8.05,0.0,-0.0,0.0,345.2,2.48,5.0,97260.0,False,4,21,95
2008-04-04 22:00:00,28.19,8.35,0.0,-0.0,0.0,344.6,2.55,6.0,97308.0,False,4,22,95
2008-04-04 23:00:00,27.11,8.55,0.0,-0.0,0.0,336.6,2.69,5.0,97366.0,False,4,23,95
2008-04-05 00:00:00,26.13,8.7,0.0,-0.0,0.0,332.0,2.69,3.0,97318.0,False,4,0,96
2008-04-05 01:00:00,25.14,9.0,0.0,-0.0,0.0,323.45,2.76,4.0,97289.0,False,4,1,96
2008-04-05 02:00:00,24.25,9.35,0.0,-0.0,0.0,318.8,2.83,7.0,97241.0,False,4,2,96
2008-04-05 03:00:00,23.49,9.7,0.0,-0.0,0.0,315.6,2.9,9.0,97212.0,False,4,3,96
2008-04-05 04:00:00,22.81,10.05,0.0,-0.0,0.0,312.6,2.9,12.0,97250.0,False,4,4,96
2008-04-05 05:00:00,22.18,10.35,0.0,-0.0,0.0,309.4,2.9,14.0,97250.0,False,4,5,96
2008-04-05 06:00:00,21.61,10.7,0.0,0.0,0.0,306.8,2.9,15.0,97308.0,False,4,6,96
2008-04-05 07:00:00,22.12,10.65,204.0,397.74,97.0,304.0,2.62,15.0,97366.0,False,4,7,96
2008-04-05 08:00:00,24.64,9.15,459.0,611.42,151.0,305.0,3.24,20.0,97434.0,False,4,8,96
2008-04-05 09:00:00,27.55,7.85,698.0,735.34,179.0,309.2,3.52,24.0,97501.0,False,4,9,96
2008-04-05 10:00:00,30.3,6.65,871.0,752.28,223.0,316.0,3.72,29.0,97482.0,False,4,10,96
2008-04-05 11:00:00,32.47,5.7,982.0,760.48,252.0,322.8,3.52,30.0,97424.0,False,4,11,96
2008-04-05 12:00:00,34.04,5.15,1014.0,742.96,275.0,329.6,2.97,25.0,97337.0,False,4,12,96
2008-04-05 13:00:00,35.15,4.9,987.0,761.97,253.0,334.6,2.48,15.0,97231.0,False,4,13,96
2008-04-05 14:00:00,35.82,4.6,880.0,754.69,225.0,338.4,2.21,3.0,97164.0,False,4,14,96
2008-04-05 15:00:00,36.07,4.3,698.0,700.69,197.0,338.6,2.28,356.0,97067.0,False,4,15,96
2008-04-05 16:00:00,35.82,4.15,472.0,619.37,153.0,337.4,2.34,356.0,97019.0,False,4,16,96
2008-04-05 17:00:00,35.15,4.2,203.0,326.7,111.0,334.6,2.48,0.0,97038.0,False,4,17,96
2008-04-05 18:00:00,33.72,4.6,0.0,0.0,0.0,332.0,2.07,5.0,97077.0,False,4,18,96
2008-04-05 19:00:00,31.44,5.55,0.0,-0.0,0.0,326.6,2.34,11.0,97164.0,False,4,19,96
2008-04-05 20:00:00,29.64,6.3,0.0,-0.0,0.0,324.4,2.55,14.0,97260.0,False,4,20,96
2008-04-05 21:00:00,28.09,7.2,0.0,-0.0,0.0,318.2,2.69,16.0,97366.0,False,4,21,96
2008-04-05 22:00:00,26.86,8.05,0.0,-0.0,0.0,316.4,2.83,15.0,97395.0,False,4,22,96
2008-04-05 23:00:00,25.81,8.85,0.0,-0.0,0.0,313.0,2.9,13.0,97414.0,False,4,23,96
2008-04-06 00:00:00,24.9,9.6,0.0,-0.0,0.0,311.2,2.83,14.0,97376.0,False,4,0,97
2008-04-06 01:00:00,24.03,10.35,0.0,-0.0,0.0,309.2,2.76,16.0,97308.0,False,4,1,97
2008-04-06 02:00:00,23.24,11.1,0.0,-0.0,0.0,309.4,2.55,18.0,97289.0,False,4,2,97
2008-04-06 03:00:00,22.5,11.9,0.0,-0.0,0.0,308.4,2.48,17.0,97279.0,False,4,3,97
2008-04-06 04:00:00,21.95,12.6,0.0,-0.0,0.0,310.8,2.48,16.0,97289.0,False,4,4,97
2008-04-06 05:00:00,21.46,13.3,0.0,-0.0,0.0,312.0,2.48,16.0,97318.0,False,4,5,97
2008-04-06 06:00:00,21.07,14.05,0.0,0.0,0.0,311.4,2.62,17.0,97357.0,False,4,6,97
2008-04-06 07:00:00,22.51,13.8,178.0,235.76,114.0,317.0,2.34,20.0,97434.0,False,4,7,97
2008-04-06 08:00:00,25.61,11.8,424.0,456.62,193.0,316.8,2.69,28.0,97530.0,False,4,8,97
2008-04-06 09:00:00,28.89,10.05,662.0,607.71,232.0,321.2,2.83,47.0,97588.0,False,4,9,97
2008-04-06 10:00:00,31.73,8.6,882.0,781.19,208.0,329.6,2.97,70.0,97598.0,False,4,10,97
2008-04-06 11:00:00,33.96,7.1,994.0,789.86,235.0,339.8,3.31,83.0,97549.0,False,4,11,97
2008-04-06 12:00:00,35.35,6.1,974.0,646.01,331.0,350.0,2.97,89.0,97443.0,False,4,12,97
2008-04-06 13:00:00,36.31,5.6,909.0,573.86,356.0,352.4,2.34,95.0,97299.0,False,4,13,97
2008-04-06 14:00:00,36.8,5.35,845.0,658.97,273.0,355.8,1.79,96.0,97222.0,False,4,14,97
2008-04-06 15:00:00,36.86,5.3,683.0,648.96,219.0,363.2,1.31,88.0,97135.0,False,4,15,97
2008-04-06 16:00:00,36.69,5.3,449.0,522.37,180.0,359.0,1.24,74.0,97106.0,False,4,16,97
2008-04-06 17:00:00,36.08,5.45,185.0,237.94,118.0,359.4,1.31,63.0,97096.0,False,4,17,97
2008-04-06 18:00:00,35.09,5.95,0.0,0.0,0.0,358.0,1.31,61.0,97096.0,False,4,18,97
2008-04-06 19:00:00,33.09,6.85,0.0,-0.0,0.0,351.0,1.79,63.0,97173.0,False,4,19,97
2008-04-06 20:00:00,30.95,7.95,0.0,-0.0,0.0,347.0,2.0,68.0,97260.0,False,4,20,97
2008-04-06 21:00:00,29.12,9.0,0.0,-0.0,0.0,345.4,2.07,71.0,97366.0,False,4,21,97
2008-04-06 22:00:00,27.67,10.05,0.0,-0.0,0.0,345.2,2.07,68.0,97376.0,False,4,22,97
2008-04-06 23:00:00,26.38,11.15,0.0,-0.0,0.0,341.8,2.07,58.0,97434.0,False,4,23,97
2008-04-07 00:00:00,25.22,12.3,0.0,-0.0,0.0,340.4,2.21,44.0,97376.0,False,4,0,98
2008-04-07 01:00:00,24.39,13.2,0.0,-0.0,0.0,338.05,2.34,37.0,97376.0,False,4,1,98
2008-04-07 02:00:00,23.93,13.65,0.0,-0.0,0.0,336.8,2.48,37.0,97366.0,False,4,2,98
2008-04-07 03:00:00,23.68,13.65,0.0,-0.0,0.0,333.8,2.62,39.0,97357.0,False,4,3,98
2008-04-07 04:00:00,23.52,13.3,0.0,-0.0,0.0,334.8,2.62,42.0,97376.0,False,4,4,98
2008-04-07 05:00:00,23.25,12.95,0.0,-0.0,0.0,330.2,2.69,42.0,97376.0,False,4,5,98
2008-04-07 06:00:00,22.89,12.8,0.0,0.0,0.0,326.2,2.69,42.0,97434.0,False,4,6,98
2008-04-07 07:00:00,23.61,12.2,200.0,346.88,105.0,326.4,2.34,45.0,97511.0,False,4,7,98
2008-04-07 08:00:00,27.23,9.35,459.0,590.57,159.0,327.8,2.48,50.0,97607.0,False,4,8,98
2008-04-07 09:00:00,30.73,7.35,694.0,709.14,191.0,333.4,3.31,56.0,97646.0,False,4,9,98
2008-04-07 10:00:00,33.82,6.15,859.0,710.54,245.0,339.2,3.86,61.0,97636.0,False,4,10,98
2008-04-07 11:00:00,36.05,5.3,973.0,731.88,269.0,347.2,4.34,66.0,97588.0,False,4,11,98
2008-04-07 12:00:00,37.32,5.0,1014.0,743.01,274.0,353.4,3.66,64.0,97501.0,False,4,12,98
2008-04-07 13:00:00,38.07,4.75,981.0,746.92,261.0,359.2,2.83,58.0,97357.0,False,4,13,98
2008-04-07 14:00:00,38.53,4.6,879.0,754.51,224.0,361.6,2.41,49.0,97241.0,False,4,14,98
2008-04-07 15:00:00,38.63,4.55,697.0,699.36,197.0,363.4,2.41,40.0,97154.0,False,4,15,98
2008-04-07 16:00:00,38.4,4.65,459.0,563.24,169.0,362.2,2.62,36.0,97135.0,False,4,16,98
2008-04-07 17:00:00,37.69,4.85,208.0,355.17,108.0,361.0,2.69,33.0,97096.0,False,4,17,98
2008-04-07 18:00:00,36.13,5.4,0.0,0.0,0.0,357.4,2.07,29.0,97115.0,False,4,18,98
2008-04-07 19:00:00,33.88,6.5,0.0,-0.0,0.0,352.8,2.34,37.0,97193.0,False,4,19,98
2008-04-07 20:00:00,32.23,7.15,0.0,-0.0,0.0,361.0,2.41,38.0,97260.0,False,4,20,98
2008-04-07 21:00:00,30.68,7.85,0.0,-0.0,0.0,349.2,2.48,37.0,97385.0,False,4,21,98
2008-04-07 22:00:00,29.29,8.5,0.0,-0.0,0.0,343.8,2.55,36.0,97385.0,False,4,22,98
2008-04-07 23:00:00,28.22,9.1,0.0,-0.0,0.0,347.8,2.55,33.0,97434.0,False,4,23,98
2008-04-08 00:00:00,27.32,9.8,0.0,-0.0,0.0,345.4,2.69,32.0,97405.0,False,4,0,99
2008-04-08 01:00:00,26.63,10.9,0.0,-0.0,0.0,344.45,2.83,36.0,97366.0,False,4,1,99
2008-04-08 02:00:00,25.99,12.5,0.0,-0.0,0.0,338.8,2.76,43.0,97318.0,False,4,2,99
2008-04-08 03:00:00,25.36,14.1,0.0,-0.0,0.0,335.8,2.62,49.0,97318.0,False,4,3,99
2008-04-08 04:00:00,24.89,15.25,0.0,-0.0,0.0,339.8,2.62,55.0,97299.0,False,4,4,99
2008-04-08 05:00:00,24.38,16.1,0.0,-0.0,0.0,334.4,2.55,56.0,97347.0,False,4,5,99
2008-04-08 06:00:00,24.06,16.6,0.0,0.0,0.0,341.0,2.62,54.0,97366.0,False,4,6,99
2008-04-08 07:00:00,25.3,14.9,195.0,311.33,109.0,330.4,3.03,56.0,97453.0,False,4,7,99
2008-04-08 08:00:00,28.09,11.65,441.0,507.81,182.0,332.6,3.59,73.0,97559.0,False,4,8,99
2008-04-08 09:00:00,30.67,8.9,685.0,670.89,208.0,336.2,4.41,83.0,97578.0,False,4,9,99
2008-04-08 10:00:00,33.19,7.3,865.0,724.49,238.0,341.4,4.62,87.0,97636.0,False,4,10,99
2008-04-08 11:00:00,35.35,6.8,995.0,790.39,234.0,348.4,4.48,89.0,97549.0,False,4,11,99
2008-04-08 12:00:00,37.04,6.4,1043.0,816.84,229.0,357.0,4.48,89.0,97443.0,False,4,12,99
2008-04-08 13:00:00,38.1,6.3,997.0,790.26,235.0,363.0,4.28,87.0,97318.0,False,4,13,99
2008-04-08 14:00:00,38.66,6.25,878.0,753.31,224.0,367.0,3.86,84.0,97212.0,False,4,14,99
2008-04-08 15:00:00,38.84,6.15,682.0,647.67,219.0,368.8,3.52,78.0,97115.0,False,4,15,99
2008-04-08 16:00:00,38.61,6.05,448.0,520.61,180.0,368.2,3.31,72.0,97086.0,False,4,16,99
2008-04-08 17:00:00,37.93,5.95,204.0,333.89,110.0,364.8,3.1,68.0,97086.0,False,4,17,99
2008-04-08 18:00:00,36.3,6.25,0.0,0.0,0.0,359.8,2.34,56.0,97135.0,False,4,18,99
2008-04-08 19:00:00,33.75,6.7,0.0,-0.0,0.0,351.2,2.55,48.0,97183.0,False,4,19,99
2008-04-08 20:00:00,32.01,7.35,0.0,-0.0,0.0,346.4,2.69,47.0,97299.0,False,4,20,99
2008-04-08 21:00:00,30.56,7.95,0.0,-0.0,0.0,342.4,2.76,47.0,97405.0,False,4,21,99
2008-04-08 22:00:00,29.34,8.45,0.0,-0.0,0.0,338.6,2.83,45.0,97424.0,False,4,22,99
2008-04-08 23:00:00,28.29,8.85,0.0,-0.0,0.0,335.4,2.83,44.0,97472.0,False,4,23,99
2008-04-09 00:00:00,27.36,9.1,0.0,-0.0,0.0,332.0,2.9,47.0,97424.0,False,4,0,100
2008-04-09 01:00:00,26.55,9.2,0.0,-0.0,0.0,328.65,2.9,51.0,97395.0,False,4,1,100
2008-04-09 02:00:00,25.81,9.15,0.0,-0.0,0.0,326.2,2.83,54.0,97366.0,False,4,2,100
2008-04-09 03:00:00,25.07,9.1,0.0,-0.0,0.0,323.4,2.76,56.0,97337.0,False,4,3,100
2008-04-09 04:00:00,24.36,8.95,0.0,-0.0,0.0,320.8,2.69,56.0,97318.0,False,4,4,100
2008-04-09 05:00:00,23.75,8.7,0.0,-0.0,0.0,318.8,2.69,56.0,97366.0,False,4,5,100
2008-04-09 06:00:00,23.19,8.45,0.0,0.0,0.0,317.0,2.55,57.0,97414.0,False,4,6,100
2008-04-09 07:00:00,24.1,7.8,198.0,319.49,109.0,318.2,2.07,63.0,97501.0,False,4,7,100
2008-04-09 08:00:00,27.59,5.5,465.0,603.48,156.0,320.2,2.34,67.0,97569.0,False,4,8,100
2008-04-09 09:00:00,30.67,4.1,698.0,710.05,192.0,324.4,3.03,71.0,97588.0,False,4,9,100
2008-04-09 10:00:00,33.48,3.25,876.0,752.3,224.0,330.2,3.31,76.0,97549.0,False,4,10,100
2008-04-09 11:00:00,35.68,2.8,996.0,789.68,235.0,336.0,3.45,80.0,97472.0,False,4,11,100
2008-04-09 12:00:00,37.14,2.85,1037.0,801.37,238.0,340.8,2.97,78.0,97414.0,False,4,12,100
2008-04-09 13:00:00,38.01,3.05,997.0,790.07,235.0,345.4,2.48,66.0,97260.0,False,4,13,100
2008-04-09 14:00:00,38.57,3.2,892.0,797.05,200.0,347.8,2.28,52.0,97164.0,False,4,14,100
2008-04-09 15:00:00,38.6,3.4,700.0,712.11,191.0,348.4,2.21,42.0,97058.0,False,4,15,100
2008-04-09 16:00:00,38.33,3.55,466.0,594.56,160.0,348.0,2.21,34.0,97029.0,False,4,16,100
2008-04-09 17:00:00,37.69,3.6,204.0,333.92,110.0,345.8,2.28,28.0,97019.0,False,4,17,100
2008-04-09 18:00:00,36.18,3.9,0.0,0.0,0.0,341.2,1.93,28.0,97029.0,False,4,18,100
2008-04-09 19:00:00,33.81,5.0,0.0,-0.0,0.0,339.6,2.41,36.0,97096.0,False,4,19,100
2008-04-09 20:00:00,31.74,5.4,0.0,-0.0,0.0,334.6,2.62,38.0,97135.0,False,4,20,100
2008-04-09 21:00:00,30.1,5.55,0.0,-0.0,0.0,329.0,2.83,42.0,97260.0,False,4,21,100
2008-04-09 22:00:00,28.71,5.55,0.0,-0.0,0.0,323.0,2.9,46.0,97279.0,False,4,22,100
2008-04-09 23:00:00,27.49,5.55,0.0,-0.0,0.0,317.8,2.97,48.0,97328.0,False,4,23,100
2008-04-10 00:00:00,26.43,5.7,0.0,-0.0,0.0,313.4,2.9,50.0,97318.0,False,4,0,101
2008-04-10 01:00:00,25.46,6.0,0.0,-0.0,0.0,310.0,2.76,52.0,97260.0,False,4,1,101
2008-04-10 02:00:00,24.55,6.45,0.0,-0.0,0.0,307.2,2.69,52.0,97212.0,False,4,2,101
2008-04-10 03:00:00,23.73,7.05,0.0,-0.0,0.0,306.4,2.55,51.0,97173.0,False,4,3,101
2008-04-10 04:00:00,23.01,7.75,0.0,-0.0,0.0,304.4,2.55,51.0,97164.0,False,4,4,101
2008-04-10 05:00:00,22.35,8.55,0.0,-0.0,0.0,303.8,2.41,54.0,97202.0,False,4,5,101
2008-04-10 06:00:00,21.76,9.5,0.0,0.0,0.0,302.8,2.34,59.0,97241.0,False,4,6,101
2008-04-10 07:00:00,23.08,9.95,211.0,380.98,104.0,304.4,2.0,65.0,97289.0,False,4,7,101
2008-04-10 08:00:00,27.22,7.8,460.0,572.0,166.0,308.4,2.21,72.0,97385.0,False,4,8,101
2008-04-10 09:00:00,31.12,6.4,707.0,737.88,180.0,316.2,2.83,78.0,97405.0,False,4,9,101
2008-04-10 10:00:00,34.3,5.35,882.0,767.4,216.0,326.4,3.66,85.0,97395.0,False,4,10,101
2008-04-10 11:00:00,36.37,4.45,991.0,774.5,244.0,335.0,3.79,93.0,97337.0,False,4,11,101
2008-04-10 12:00:00,37.68,3.95,1032.0,785.95,248.0,341.6,2.97,100.0,97270.0,False,4,12,101
2008-04-10 13:00:00,38.38,3.8,991.0,775.4,243.0,346.8,2.0,107.0,97125.0,False,4,13,101
2008-04-10 14:00:00,38.69,3.6,882.0,767.11,216.0,349.8,1.17,112.0,97009.0,False,4,14,101
2008-04-10 15:00:00,38.71,3.5,692.0,685.63,202.0,351.2,0.76,109.0,96922.0,False,4,15,101
2008-04-10 16:00:00,38.38,3.55,450.0,530.56,177.0,349.2,0.55,96.0,96865.0,False,4,16,101
2008-04-10 17:00:00,37.71,3.6,198.0,301.97,113.0,345.6,0.55,79.0,96826.0,False,4,17,101
2008-04-10 18:00:00,36.82,3.9,0.0,0.0,0.0,342.4,0.9,74.0,96845.0,False,4,18,101
2008-04-10 19:00:00,34.07,5.0,0.0,-0.0,0.0,337.2,1.52,107.0,96894.0,False,4,19,101
2008-04-10 20:00:00,31.3,6.15,0.0,-0.0,0.0,334.2,1.86,113.0,96980.0,False,4,20,101
2008-04-10 21:00:00,29.43,7.0,0.0,-0.0,0.0,331.6,1.86,118.0,97048.0,False,4,21,101
2008-04-10 22:00:00,27.8,7.95,0.0,-0.0,0.0,328.0,1.79,114.0,97067.0,False,4,22,101
2008-04-10 23:00:00,26.08,9.4,0.0,-0.0,0.0,324.8,1.66,98.0,97125.0,False,4,23,101
2008-04-11 00:00:00,24.61,10.55,0.0,-0.0,0.0,321.6,1.72,75.0,97096.0,False,4,0,102
2008-04-11 01:00:00,23.39,11.4,0.0,-0.0,0.0,318.65,1.86,56.0,97058.0,False,4,1,102
2008-04-11 02:00:00,22.27,12.4,0.0,-0.0,0.0,316.4,2.0,49.0,97038.0,False,4,2,102
2008-04-11 03:00:00,21.57,12.95,0.0,-0.0,0.0,313.8,2.21,50.0,97019.0,False,4,3,102
2008-04-11 04:00:00,21.24,12.8,0.0,-0.0,0.0,312.0,2.28,57.0,97086.0,False,4,4,102
2008-04-11 05:00:00,21.21,12.35,0.0,-0.0,0.0,310.2,2.28,65.0,97077.0,False,4,5,102
2008-04-11 06:00:00,20.77,12.7,0.0,0.0,0.0,309.2,2.34,68.0,97154.0,False,4,6,102
2008-04-11 07:00:00,22.45,12.7,199.0,303.77,113.0,314.2,1.72,89.0,97202.0,False,4,7,102
2008-04-11 08:00:00,27.47,8.15,446.0,509.79,183.0,318.6,1.72,121.0,97308.0,False,4,8,102
2008-04-11 09:00:00,31.51,6.2,689.0,672.03,208.0,325.4,2.28,136.0,97357.0,False,4,9,102
2008-04-11 10:00:00,34.67,5.6,873.0,738.77,231.0,335.6,2.9,141.0,97328.0,False,4,10,102
2008-04-11 11:00:00,36.78,5.6,997.0,789.42,235.0,345.6,3.52,138.0,97289.0,False,4,11,102
2008-04-11 12:00:00,38.05,5.2,1037.0,801.65,237.0,361.4,3.31,132.0,97222.0,False,4,12,102
2008-04-11 13:00:00,38.73,5.05,991.0,774.23,244.0,359.4,2.69,129.0,97096.0,False,4,13,102
2008-04-11 14:00:00,39.13,5.1,872.0,738.34,231.0,362.4,2.28,126.0,96990.0,False,4,14,102
2008-04-11 15:00:00,39.19,5.2,680.0,646.57,218.0,365.6,2.07,124.0,96884.0,False,4,15,102
2008-04-11 16:00:00,38.93,5.3,445.0,509.3,183.0,368.0,1.93,118.0,96855.0,False,4,16,102
2008-04-11 17:00:00,38.25,5.5,198.0,301.99,113.0,372.0,1.72,109.0,96836.0,False,4,17,102
2008-04-11 18:00:00,37.06,5.9,0.0,0.0,0.0,361.0,1.45,96.0,96845.0,False,4,18,102
2008-04-11 19:00:00,34.74,8.8,0.0,-0.0,0.0,368.8,1.86,92.0,96922.0,False,4,19,102
2008-04-11 20:00:00,32.73,9.55,0.0,-0.0,0.0,364.8,2.0,100.0,97000.0,False,4,20,102
2008-04-11 21:00:00,31.08,10.2,0.0,-0.0,0.0,363.2,2.07,111.0,97115.0,False,4,21,102
2008-04-11 22:00:00,29.73,11.05,0.0,-0.0,0.0,359.2,2.14,124.0,97125.0,False,4,22,102
2008-04-11 23:00:00,28.48,12.55,0.0,-0.0,0.0,355.8,2.14,145.0,97154.0,False,4,23,102
2008-04-12 00:00:00,27.3,15.25,0.0,-0.0,0.0,350.4,2.07,166.0,97086.0,False,4,0,103
2008-04-12 01:00:00,26.52,18.8,0.0,-0.0,0.0,355.05,1.93,188.0,97077.0,False,4,1,103
2008-04-12 02:00:00,26.09,22.0,0.0,-0.0,0.0,353.0,1.66,210.0,97019.0,False,4,2,103
2008-04-12 03:00:00,26.45,23.7,0.0,-0.0,0.0,356.0,1.03,243.0,97009.0,False,4,3,103
2008-04-12 04:00:00,26.93,23.15,0.0,-0.0,0.0,359.0,0.62,351.0,97058.0,False,4,4,103
2008-04-12 05:00:00,23.94,27.1,0.0,-0.0,0.0,367.2,1.59,46.0,97086.0,False,4,5,103
2008-04-12 06:00:00,23.77,26.65,0.0,0.0,0.0,361.4,1.24,76.0,97164.0,False,4,6,103
2008-04-12 07:00:00,26.86,22.9,196.0,280.4,116.0,370.0,0.62,144.0,97241.0,False,4,7,103
2008-04-12 08:00:00,29.77,24.15,435.0,461.61,196.0,371.8,0.83,170.0,97289.0,False,4,8,103
2008-04-12 09:00:00,32.31,28.2,683.0,646.95,219.0,374.4,1.24,221.0,97328.0,False,4,9,103
2008-04-12 10:00:00,34.56,25.6,874.0,739.0,231.0,382.4,0.97,239.0,97308.0,False,4,10,103
2008-04-12 11:00:00,36.57,19.15,1002.0,804.37,225.0,391.4,0.41,125.0,97260.0,False,4,11,103
2008-04-12 12:00:00,38.48,13.45,1048.0,831.39,218.0,397.45,1.79,95.0,97164.0,False,4,12,103
2008-04-12 13:00:00,39.59,10.5,990.0,774.14,243.0,397.45,2.41,89.0,97067.0,False,4,13,103
2008-04-12 14:00:00,40.03,9.35,872.0,738.39,231.0,398.85,2.48,86.0,96951.0,False,4,14,103
2008-04-12 15:00:00,40.11,8.75,668.0,608.91,233.0,394.25,2.48,83.0,96874.0,False,4,15,103
2008-04-12 16:00:00,39.88,8.35,437.0,480.27,190.0,390.8,2.41,81.0,96807.0,False,4,16,103
2008-04-12 17:00:00,39.26,8.0,192.0,270.03,116.0,384.8,2.34,77.0,96836.0,False,4,17,103
2008-04-12 18:00:00,37.86,8.25,0.0,0.0,0.0,377.6,1.72,71.0,96836.0,False,4,18,103
2008-04-12 19:00:00,35.76,10.6,0.0,-0.0,0.0,378.6,2.07,76.0,96913.0,False,4,19,103
2008-04-12 20:00:00,33.72,11.25,0.0,-0.0,0.0,369.0,2.28,68.0,96951.0,False,4,20,103
2008-04-12 21:00:00,32.12,11.3,0.0,-0.0,0.0,365.6,2.34,67.0,97058.0,False,4,21,103
2008-04-12 22:00:00,30.75,10.95,0.0,-0.0,0.0,356.6,2.48,66.0,97135.0,False,4,22,103
2008-04-12 23:00:00,29.66,10.6,0.0,-0.0,0.0,352.8,2.48,66.0,97135.0,False,4,23,103
2008-04-13 00:00:00,28.69,10.65,0.0,-0.0,0.0,348.0,2.41,64.0,97067.0,False,4,0,104
2008-04-13 01:00:00,27.94,11.05,0.0,-0.0,0.0,344.65,2.28,62.0,97019.0,False,4,1,104
2008-04-13 02:00:00,27.45,11.35,0.0,-0.0,0.0,345.2,2.07,63.0,96971.0,False,4,2,104
2008-04-13 03:00:00,26.2,13.2,0.0,-0.0,0.0,342.2,1.52,75.0,96971.0,False,4,3,104
2008-04-13 04:00:00,25.38,13.9,0.0,-0.0,0.0,337.0,1.38,100.0,96961.0,False,4,4,104
2008-04-13 05:00:00,23.88,15.25,0.0,-0.0,0.0,333.4,1.72,113.0,97029.0,False,4,5,104
2008-04-13 06:00:00,23.08,16.7,0.0,0.0,0.0,329.4,1.86,117.0,97058.0,False,4,6,104
2008-04-13 07:00:00,25.39,15.4,197.0,274.81,118.0,330.4,1.1,99.0,97115.0,False,4,7,104
2008-04-13 08:00:00,29.79,10.7,437.0,463.85,196.0,334.2,1.17,94.0,97164.0,False,4,8,104
2008-04-13 09:00:00,34.18,7.75,677.0,623.4,229.0,343.2,1.93,110.0,97212.0,False,4,9,104
2008-04-13 10:00:00,36.86,6.45,860.0,696.8,253.0,353.0,3.24,128.0,97231.0,False,4,10,104
2008-04-13 11:00:00,38.3,6.3,981.0,744.84,261.0,359.2,3.66,134.0,97173.0,False,4,11,104
2008-04-13 12:00:00,39.46,6.0,1026.0,771.02,256.0,365.8,3.38,122.0,97086.0,False,4,12,104
2008-04-13 13:00:00,40.23,5.4,979.0,745.05,260.0,371.0,3.03,104.0,96971.0,False,4,13,104
2008-04-13 14:00:00,40.57,5.0,856.0,695.84,252.0,372.2,2.69,93.0,96874.0,False,4,14,104
2008-04-13 15:00:00,40.64,4.85,656.0,574.04,246.0,372.2,2.55,89.0,96807.0,False,4,15,104
2008-04-13 16:00:00,40.36,4.8,426.0,441.49,199.0,370.4,2.48,87.0,96759.0,False,4,16,104
2008-04-13 17:00:00,39.68,4.9,186.0,241.61,118.0,367.6,2.34,87.0,96759.0,False,4,17,104
2008-04-13 18:00:00,38.2,5.45,0.0,0.0,0.0,363.6,1.86,102.0,96759.0,False,4,18,104
2008-04-13 19:00:00,35.7,6.45,0.0,-0.0,0.0,357.2,2.14,108.0,96836.0,False,4,19,104
2008-04-13 20:00:00,33.57,7.4,0.0,-0.0,0.0,353.6,2.28,109.0,96903.0,False,4,20,104
2008-04-13 21:00:00,31.76,8.3,0.0,-0.0,0.0,349.6,2.21,106.0,97000.0,False,4,21,104
2008-04-13 22:00:00,30.17,9.3,0.0,-0.0,0.0,346.4,2.07,99.0,97029.0,False,4,22,104
2008-04-13 23:00:00,28.91,10.2,0.0,-0.0,0.0,343.2,1.93,80.0,97029.0,False,4,23,104
2008-04-14 00:00:00,27.33,11.25,0.0,-0.0,0.0,339.8,2.14,52.0,97000.0,False,4,0,105
2008-04-14 01:00:00,25.92,12.1,0.0,-0.0,0.0,336.05,2.41,38.0,96951.0,False,4,1,105
2008-04-14 02:00:00,25.1,12.4,0.0,-0.0,0.0,330.6,2.34,46.0,96932.0,False,4,2,105
2008-04-14 03:00:00,24.45,12.6,0.0,-0.0,0.0,326.2,2.21,70.0,96932.0,False,4,3,105
2008-04-14 04:00:00,23.82,12.95,0.0,-0.0,0.0,323.4,2.07,87.0,96951.0,False,4,4,105
2008-04-14 05:00:00,23.1,13.55,0.0,-0.0,0.0,321.0,2.0,99.0,97009.0,False,4,5,105
2008-04-14 06:00:00,22.45,14.45,0.0,0.0,0.0,319.4,2.07,98.0,97029.0,False,4,6,105
2008-04-14 07:00:00,24.04,15.05,201.0,290.07,117.0,323.6,1.52,104.0,97086.0,False,4,7,105
2008-04-14 08:00:00,29.29,9.35,449.0,502.57,187.0,326.8,2.07,135.0,97193.0,False,4,8,105
2008-04-14 09:00:00,32.92,9.75,693.0,673.6,208.0,333.2,2.97,152.0,97241.0,False,4,9,105
2008-04-14 10:00:00,35.55,10.4,880.0,753.34,223.0,346.4,2.83,152.0,97202.0,False,4,10,105
2008-04-14 11:00:00,37.6,8.75,997.0,788.83,234.0,360.0,2.69,128.0,97173.0,False,4,11,105
2008-04-14 12:00:00,39.16,6.9,1037.0,799.82,238.0,369.4,3.03,102.0,97096.0,False,4,12,105
2008-04-14 13:00:00,39.98,5.7,989.0,772.99,243.0,372.8,2.97,86.0,96971.0,False,4,13,105
2008-04-14 14:00:00,40.28,5.05,865.0,723.58,237.0,372.2,2.62,75.0,96874.0,False,4,14,105
2008-04-14 15:00:00,40.33,4.7,671.0,620.4,228.0,369.6,2.41,70.0,96826.0,False,4,15,105
2008-04-14 16:00:00,40.0,4.55,446.0,519.43,179.0,366.6,2.34,66.0,96759.0,False,4,16,105
2008-04-14 17:00:00,39.3,4.5,185.0,241.61,117.0,362.8,2.21,63.0,96749.0,False,4,17,105
2008-04-14 18:00:00,37.84,4.9,0.0,0.0,0.0,357.8,1.79,59.0,96768.0,False,4,18,105
2008-04-14 19:00:00,35.41,6.9,0.0,-0.0,0.0,355.8,2.14,64.0,96807.0,False,4,19,105
2008-04-14 20:00:00,33.29,7.9,0.0,-0.0,0.0,353.0,2.21,65.0,96884.0,False,4,20,105
2008-04-14 21:00:00,31.42,8.9,0.0,-0.0,0.0,350.0,2.07,66.0,96980.0,False,4,21,105
2008-04-14 22:00:00,29.91,9.95,0.0,-0.0,0.0,348.0,1.86,67.0,96990.0,False,4,22,105
2008-04-14 23:00:00,28.51,11.55,0.0,-0.0,0.0,346.0,1.52,74.0,97019.0,False,4,23,105
2008-04-15 00:00:00,27.96,12.85,0.0,-0.0,0.0,344.8,1.24,105.0,96971.0,False,4,0,106
2008-04-15 01:00:00,27.02,15.15,0.0,-0.0,0.0,344.05,1.31,162.0,96961.0,False,4,1,106
2008-04-15 02:00:00,25.01,19.45,0.0,-0.0,0.0,345.4,1.93,198.0,96922.0,False,4,2,106
2008-04-15 03:00:00,24.48,24.0,0.0,-0.0,0.0,348.4,2.14,206.0,96942.0,False,4,3,106
2008-04-15 04:00:00,24.55,29.3,0.0,-0.0,0.0,349.6,2.14,199.0,96951.0,False,4,4,106
2008-04-15 05:00:00,24.61,35.0,0.0,-0.0,0.0,353.6,1.93,196.0,96990.0,False,4,5,106
2008-04-15 06:00:00,24.45,40.5,11.0,23.27,10.0,355.0,1.72,199.0,97038.0,False,4,6,106
2008-04-15 07:00:00,24.93,39.5,205.0,301.73,117.0,356.4,1.45,184.0,97125.0,False,4,7,106
2008-04-15 08:00:00,29.75,36.55,458.0,533.43,179.0,365.2,1.93,182.0,97212.0,False,4,8,106
2008-04-15 09:00:00,32.2,37.7,702.0,700.1,197.0,378.8,2.97,195.0,97289.0,False,4,9,106
2008-04-15 10:00:00,34.44,33.75,891.0,781.18,209.0,392.0,2.76,204.0,97337.0,False,4,10,106
2008-04-15 11:00:00,36.52,26.3,1008.0,819.36,215.0,404.65,1.93,202.0,97270.0,False,4,11,106
2008-04-15 12:00:00,38.19,18.8,1053.0,845.65,208.0,414.05,1.45,162.0,97164.0,False,4,12,106
2008-04-15 13:00:00,39.13,14.4,1005.0,817.53,216.0,424.05,1.93,128.0,97029.0,False,4,13,106
2008-04-15 14:00:00,39.5,13.25,889.0,793.99,200.0,419.45,2.07,116.0,96971.0,False,4,14,106
2008-04-15 15:00:00,39.34,13.2,700.0,721.42,185.0,413.05,2.14,113.0,96884.0,False,4,15,106
2008-04-15 16:00:00,39.1,13.35,458.0,570.16,165.0,423.45,2.07,111.0,96855.0,False,4,16,106
2008-04-15 17:00:00,38.55,13.85,204.0,337.53,109.0,439.65,1.79,107.0,96865.0,False,4,17,106
2008-04-15 18:00:00,37.6,14.9,0.0,0.0,0.0,431.65,1.1,104.0,96845.0,False,4,18,106
2008-04-15 19:00:00,35.66,18.45,0.0,-0.0,0.0,419.65,1.79,148.0,96951.0,False,4,19,106
2008-04-15 20:00:00,33.93,21.6,0.0,-0.0,0.0,398.45,2.14,172.0,97048.0,False,4,20,106
2008-04-15 21:00:00,32.59,25.2,0.0,-0.0,0.0,400.65,2.21,192.0,97154.0,False,4,21,106
2008-04-15 22:00:00,31.45,28.8,0.0,-0.0,0.0,394.6,2.07,204.0,97154.0,False,4,22,106
2008-04-15 23:00:00,30.48,31.95,0.0,-0.0,0.0,393.65,1.93,205.0,97193.0,False,4,23,106
2008-04-16 00:00:00,29.53,34.75,0.0,-0.0,0.0,389.4,1.93,192.0,97135.0,False,4,0,107
2008-04-16 01:00:00,28.84,37.0,0.0,-0.0,0.0,388.65,2.14,184.0,97154.0,False,4,1,107
2008-04-16 02:00:00,28.48,38.95,0.0,-0.0,0.0,389.65,2.28,186.0,97115.0,False,4,2,107
2008-04-16 03:00:00,28.29,40.95,0.0,-0.0,0.0,391.4,2.41,193.0,97154.0,False,4,3,107
2008-04-16 04:00:00,28.01,43.3,0.0,-0.0,0.0,391.65,2.41,202.0,97144.0,False,4,4,107
2008-04-16 05:00:00,27.57,46.05,0.0,-0.0,0.0,388.0,2.28,210.0,97183.0,False,4,5,107
2008-04-16 06:00:00,27.08,49.15,13.0,44.15,11.0,384.4,2.07,216.0,97222.0,False,4,6,107
2008-04-16 07:00:00,28.4,47.75,218.0,364.35,111.0,388.0,1.52,214.0,97299.0,False,4,7,107
2008-04-16 08:00:00,30.88,44.3,473.0,588.93,164.0,394.65,2.48,222.0,97366.0,False,4,8,107
2008-04-16 09:00:00,32.91,40.4,703.0,700.25,197.0,404.05,2.83,225.0,97424.0,False,4,9,107
2008-04-16 10:00:00,34.87,35.25,901.0,811.29,192.0,414.45,2.55,227.0,97385.0,False,4,10,107
2008-04-16 11:00:00,36.59,29.65,1009.0,818.92,216.0,424.85,1.66,225.0,97376.0,False,4,11,107
2008-04-16 12:00:00,37.8,23.2,1031.0,784.44,247.0,440.65,0.55,176.0,97241.0,False,4,12,107
2008-04-16 13:00:00,38.24,19.7,933.0,634.14,321.0,450.25,1.03,92.0,97135.0,False,4,13,107
2008-04-16 14:00:00,38.8,18.2,801.0,555.55,319.0,440.65,1.31,86.0,97009.0,False,4,14,107
2008-04-16 15:00:00,39.24,17.2,715.0,776.27,161.0,434.65,1.31,88.0,96951.0,False,4,15,107
2008-04-16 16:00:00,38.87,16.9,443.0,508.03,182.0,430.25,1.1,92.0,96922.0,False,4,16,107
2008-04-16 17:00:00,38.26,16.85,203.0,330.4,110.0,438.85,0.9,95.0,96913.0,False,4,17,107
2008-04-16 18:00:00,37.49,17.55,0.0,0.0,0.0,425.65,0.97,149.0,96922.0,False,4,18,107
2008-04-16 19:00:00,36.08,19.2,0.0,-0.0,0.0,412.85,1.59,187.0,96990.0,False,4,19,107
2008-04-16 20:00:00,34.45,21.6,0.0,-0.0,0.0,404.85,1.86,190.0,97086.0,False,4,20,107
2008-04-16 21:00:00,33.14,24.05,0.0,-0.0,0.0,401.85,2.14,199.0,97173.0,False,4,21,107
2008-04-16 22:00:00,32.0,28.0,0.0,-0.0,0.0,396.85,2.34,209.0,97154.0,False,4,22,107
2008-04-16 23:00:00,31.18,33.1,0.0,-0.0,0.0,408.25,2.28,217.0,97164.0,False,4,23,107
2008-04-17 00:00:00,30.37,38.35,0.0,-0.0,0.0,403.05,2.14,220.0,97144.0,False,4,0,108
2008-04-17 01:00:00,29.63,42.8,0.0,-0.0,0.0,398.25,2.28,223.0,97125.0,False,4,1,108
2008-04-17 02:00:00,28.81,47.05,0.0,-0.0,0.0,388.0,2.21,233.0,97096.0,False,4,2,108
2008-04-17 03:00:00,28.17,50.6,0.0,-0.0,0.0,390.2,2.0,240.0,97154.0,False,4,3,108
2008-04-17 04:00:00,27.59,53.85,0.0,-0.0,0.0,387.2,2.0,237.0,97212.0,False,4,4,108
2008-04-17 05:00:00,27.2,56.65,0.0,-0.0,0.0,387.6,2.28,229.0,97270.0,False,4,5,108
2008-04-17 06:00:00,26.93,58.9,10.0,0.0,10.0,388.2,2.48,230.0,97347.0,False,4,6,108
2008-04-17 07:00:00,28.23,54.3,180.0,179.27,127.0,384.4,2.69,230.0,97395.0,False,4,7,108
2008-04-17 08:00:00,29.91,52.95,412.0,359.12,223.0,390.2,4.14,236.0,97472.0,False,4,8,108
2008-04-17 09:00:00,31.83,48.05,681.0,624.48,229.0,400.05,4.0,242.0,97521.0,False,4,9,108
2008-04-17 10:00:00,34.02,41.05,824.0,593.31,305.0,408.45,3.52,248.0,97501.0,False,4,10,108
2008-04-17 11:00:00,36.03,33.55,844.0,435.58,422.0,419.65,2.48,254.0,97472.0,False,4,11,108
2008-04-17 12:00:00,37.45,25.95,654.0,137.05,517.0,438.65,1.24,254.0,97337.0,False,4,12,108
2008-04-17 13:00:00,38.35,20.05,840.0,434.18,421.0,443.05,0.21,233.0,97222.0,False,4,13,108
2008-04-17 14:00:00,38.93,16.5,594.0,177.54,440.0,446.45,0.62,81.0,97115.0,False,4,14,108
2008-04-17 15:00:00,39.17,15.1,220.0,1.4,219.0,426.25,0.97,79.0,97048.0,False,4,15,108
2008-04-17 16:00:00,39.09,14.65,211.0,19.47,201.0,428.65,0.9,81.0,97000.0,False,4,16,108
2008-04-17 17:00:00,38.54,14.85,126.0,49.73,112.0,419.85,0.55,73.0,97009.0,False,4,17,108
2008-04-17 18:00:00,37.78,15.4,0.0,0.0,0.0,411.85,0.21,63.0,96990.0,False,4,18,108
2008-04-17 19:00:00,36.12,16.9,0.0,-0.0,0.0,403.25,0.97,133.0,97067.0,False,4,19,108
2008-04-17 20:00:00,34.04,19.8,0.0,-0.0,0.0,396.65,1.24,154.0,97135.0,False,4,20,108
2008-04-17 21:00:00,32.26,22.1,0.0,-0.0,0.0,392.0,1.66,167.0,97231.0,False,4,21,108
2008-04-17 22:00:00,31.17,23.75,0.0,-0.0,0.0,389.45,1.93,175.0,97231.0,False,4,22,108
2008-04-17 23:00:00,30.12,25.7,0.0,-0.0,0.0,390.8,2.07,185.0,97260.0,False,4,23,108
2008-04-18 00:00:00,29.44,27.4,0.0,-0.0,0.0,388.4,2.14,195.0,97241.0,False,4,0,109
2008-04-18 01:00:00,28.99,29.45,0.0,-0.0,0.0,384.85,2.34,200.0,97231.0,False,4,1,109
2008-04-18 02:00:00,28.64,32.4,0.0,-0.0,0.0,383.8,2.34,205.0,97173.0,False,4,2,109
2008-04-18 03:00:00,28.32,35.8,0.0,-0.0,0.0,384.4,2.28,214.0,97164.0,False,4,3,109
2008-04-18 04:00:00,27.93,39.35,0.0,-0.0,0.0,384.2,2.14,223.0,97173.0,False,4,4,109
2008-04-18 05:00:00,27.58,42.6,0.0,-0.0,0.0,385.4,2.07,231.0,97173.0,False,4,5,109
2008-04-18 06:00:00,27.34,45.4,16.0,60.19,13.0,388.8,2.07,240.0,97231.0,False,4,6,109
2008-04-18 07:00:00,28.45,47.1,238.0,463.78,100.0,386.4,2.07,235.0,97279.0,False,4,7,109
2008-04-18 08:00:00,30.93,42.15,494.0,670.67,140.0,389.8,2.97,232.0,97366.0,False,4,8,109
2008-04-18 09:00:00,33.04,37.25,732.0,795.9,155.0,397.85,3.1,229.0,97395.0,False,4,9,109
2008-04-18 10:00:00,35.19,31.5,911.0,840.64,175.0,408.85,3.03,230.0,97357.0,False,4,10,109
2008-04-18 11:00:00,37.12,25.8,1019.0,849.11,196.0,420.45,2.34,234.0,97308.0,False,4,11,109
2008-04-18 12:00:00,38.43,21.55,1058.0,860.21,198.0,430.85,1.31,241.0,97222.0,False,4,12,109
2008-04-18 13:00:00,39.28,17.65,1014.0,846.67,197.0,430.65,0.07,1.0,97058.0,False,4,13,109
2008-04-18 14:00:00,39.8,15.45,891.0,807.16,191.0,441.85,0.97,68.0,96980.0,False,4,14,109
2008-04-18 15:00:00,40.09,14.6,695.0,706.63,191.0,433.45,1.38,78.0,96913.0,False,4,15,109
2008-04-18 16:00:00,39.99,14.35,455.0,558.94,168.0,427.85,1.66,85.0,96865.0,False,4,16,109
2008-04-18 17:00:00,39.47,14.55,199.0,312.56,111.0,422.45,1.79,90.0,96855.0,False,4,17,109
2008-04-18 18:00:00,38.56,15.5,0.0,0.0,0.0,431.85,1.72,110.0,96865.0,False,4,18,109
2008-04-18 19:00:00,36.5,19.0,0.0,-0.0,0.0,419.05,2.14,117.0,96951.0,False,4,19,109
2008-04-18 20:00:00,35.23,20.9,0.0,-0.0,0.0,418.45,2.41,129.0,97038.0,False,4,20,109
2008-04-18 21:00:00,34.47,22.45,0.0,-0.0,0.0,425.45,2.62,139.0,97154.0,False,4,21,109
2008-04-18 22:00:00,33.79,24.4,0.0,-0.0,0.0,420.05,3.59,149.0,97183.0,False,4,22,109
2008-04-18 23:00:00,32.8,30.15,0.0,-0.0,0.0,417.05,5.24,155.0,97241.0,False,4,23,109
2008-04-19 00:00:00,31.42,40.9,0.0,-0.0,0.0,433.05,5.72,159.0,97299.0,False,4,0,110
2008-04-19 01:00:00,29.91,51.75,0.0,-0.0,0.0,412.45,4.97,164.0,97222.0,False,4,1,110
2008-04-19 02:00:00,28.98,57.95,0.0,-0.0,0.0,407.05,3.45,178.0,97231.0,False,4,2,110
2008-04-19 03:00:00,28.46,60.9,0.0,-0.0,0.0,405.05,3.38,191.0,97231.0,False,4,3,110
2008-04-19 04:00:00,28.06,62.95,0.0,-0.0,0.0,401.05,3.31,195.0,97260.0,False,4,4,110
2008-04-19 05:00:00,27.78,64.65,0.0,-0.0,0.0,405.45,3.24,196.0,97299.0,False,4,5,110
2008-04-19 06:00:00,27.5,66.2,13.0,19.22,12.0,406.65,3.03,195.0,97328.0,False,4,6,110
2008-04-19 07:00:00,28.35,63.5,197.0,237.12,126.0,411.25,3.38,197.0,97424.0,False,4,7,110
2008-04-19 08:00:00,29.67,57.8,344.0,177.59,250.0,417.05,3.45,197.0,97463.0,False,4,8,110
2008-04-19 09:00:00,31.57,50.2,282.0,9.64,275.0,415.65,3.17,194.0,97521.0,False,4,9,110
2008-04-19 10:00:00,33.57,42.7,864.0,697.29,253.0,421.25,2.9,197.0,97463.0,False,4,10,110
2008-04-19 11:00:00,34.83,38.05,1014.0,833.31,206.0,441.85,2.48,194.0,97434.0,False,4,11,110
2008-04-19 12:00:00,36.34,33.05,1052.0,844.13,208.0,446.65,2.0,184.0,97328.0,False,4,12,110
2008-04-19 13:00:00,38.14,27.1,1008.0,831.22,206.0,444.05,1.66,162.0,97212.0,False,4,13,110
2008-04-19 14:00:00,39.1,23.1,881.0,777.38,207.0,445.85,1.72,131.0,97086.0,False,4,14,110
2008-04-19 15:00:00,39.37,21.35,671.0,631.12,221.0,447.65,1.93,119.0,97019.0,False,4,15,110
2008-04-19 16:00:00,39.44,20.65,416.0,412.98,204.0,442.65,1.86,113.0,96961.0,False,4,16,110
2008-04-19 17:00:00,38.83,20.7,204.0,337.36,109.0,442.65,1.79,106.0,96961.0,False,4,17,110
2008-04-19 18:00:00,37.72,21.45,0.0,0.0,0.0,440.05,1.31,64.0,96961.0,False,4,18,110
2008-04-19 19:00:00,37.08,20.0,0.0,-0.0,0.0,441.85,1.24,58.0,97058.0,False,4,19,110
2008-04-19 20:00:00,35.65,21.6,0.0,-0.0,0.0,427.85,1.17,43.0,97115.0,False,4,20,110
2008-04-19 21:00:00,34.39,25.6,0.0,-0.0,0.0,424.25,0.69,83.0,97212.0,False,4,21,110
2008-04-19 22:00:00,33.19,25.5,0.0,-0.0,0.0,415.25,1.17,156.0,97202.0,False,4,22,110
2008-04-19 23:00:00,31.71,27.7,0.0,-0.0,0.0,409.45,2.0,184.0,97250.0,False,4,23,110
2008-04-20 00:00:00,31.01,29.1,0.0,-0.0,0.0,400.85,2.21,203.0,97212.0,False,4,0,111
2008-04-20 01:00:00,30.59,30.4,0.0,-0.0,0.0,397.85,2.28,215.0,97183.0,False,4,1,111
2008-04-20 02:00:00,30.17,31.85,0.0,-0.0,0.0,398.45,2.28,217.0,97164.0,False,4,2,111
2008-04-20 03:00:00,29.78,33.35,0.0,-0.0,0.0,398.65,2.28,219.0,97125.0,False,4,3,111
2008-04-20 04:00:00,29.36,35.15,0.0,-0.0,0.0,396.05,2.21,219.0,97154.0,False,4,4,111
2008-04-20 05:00:00,29.01,37.15,0.0,-0.0,0.0,397.05,2.21,219.0,97173.0,False,4,5,111
2008-04-20 06:00:00,28.75,39.25,17.0,55.36,14.0,400.65,2.28,217.0,97250.0,False,4,6,111
2008-04-20 07:00:00,29.83,39.7,222.0,348.56,117.0,391.2,2.14,218.0,97347.0,False,4,7,111
2008-04-20 08:00:00,31.98,35.75,476.0,580.3,168.0,399.05,3.52,220.0,97414.0,False,4,8,111
2008-04-20 09:00:00,34.04,31.45,715.0,727.54,186.0,404.85,3.52,222.0,97472.0,False,4,9,111
2008-04-20 10:00:00,35.99,27.55,898.0,795.97,200.0,413.85,2.97,218.0,97395.0,False,4,10,111
2008-04-20 11:00:00,37.66,24.2,1014.0,833.02,206.0,423.05,2.21,209.0,97395.0,False,4,11,111
2008-04-20 12:00:00,38.96,21.55,1057.0,859.08,198.0,430.05,1.45,188.0,97279.0,False,4,12,111
2008-04-20 13:00:00,39.96,19.15,1007.0,830.3,206.0,435.85,1.17,145.0,97154.0,False,4,13,111
2008-04-20 14:00:00,40.67,17.05,885.0,791.43,199.0,438.25,1.45,104.0,97058.0,False,4,14,111
2008-04-20 15:00:00,40.96,16.05,648.0,558.37,250.0,437.05,1.79,90.0,96971.0,False,4,15,111
2008-04-20 16:00:00,40.76,15.9,454.0,557.27,168.0,436.05,1.86,85.0,96922.0,False,4,16,111
2008-04-20 17:00:00,40.18,16.3,197.0,298.22,113.0,429.85,1.66,81.0,96903.0,False,4,17,111
2008-04-20 18:00:00,38.94,16.65,0.0,0.0,0.0,425.45,0.97,97.0,96903.0,False,4,18,111
2008-04-20 19:00:00,37.66,17.85,0.0,-0.0,0.0,431.65,1.45,132.0,96980.0,False,4,19,111
2008-04-20 20:00:00,36.26,19.75,0.0,-0.0,0.0,421.25,1.72,129.0,97038.0,False,4,20,111
2008-04-20 21:00:00,34.89,21.7,0.0,-0.0,0.0,412.45,1.79,130.0,97125.0,False,4,21,111
2008-04-20 22:00:00,33.63,23.65,0.0,-0.0,0.0,409.85,1.93,153.0,97183.0,False,4,22,111
2008-04-20 23:00:00,32.84,24.95,0.0,-0.0,0.0,414.05,2.28,177.0,97164.0,False,4,23,111
2008-04-21 00:00:00,32.2,26.6,0.0,-0.0,0.0,406.85,2.83,188.0,97144.0,False,4,0,112
2008-04-21 01:00:00,31.59,29.2,0.0,-0.0,0.0,400.05,3.1,194.0,97077.0,False,4,1,112
2008-04-21 02:00:00,31.02,32.75,0.0,-0.0,0.0,399.85,3.1,201.0,97067.0,False,4,2,112
2008-04-21 03:00:00,30.39,36.95,0.0,-0.0,0.0,395.45,2.9,206.0,97019.0,False,4,3,112
2008-04-21 04:00:00,29.88,40.6,0.0,-0.0,0.0,394.0,2.83,211.0,97038.0,False,4,4,112
2008-04-21 05:00:00,29.47,43.0,0.0,-0.0,0.0,393.25,2.83,215.0,97096.0,False,4,5,112
2008-04-21 06:00:00,29.18,43.9,18.0,53.29,15.0,392.05,2.97,221.0,97154.0,False,4,6,112
2008-04-21 07:00:00,30.07,40.7,210.0,283.83,124.0,392.4,2.41,245.0,97250.0,False,4,7,112
2008-04-21 08:00:00,31.95,37.05,304.0,103.36,249.0,401.65,3.31,255.0,97318.0,False,4,8,112
2008-04-21 09:00:00,34.12,33.55,677.0,600.19,240.0,408.25,3.52,256.0,97357.0,False,4,9,112
2008-04-21 10:00:00,36.19,29.55,884.0,752.11,224.0,418.25,3.86,258.0,97308.0,False,4,10,112
2008-04-21 11:00:00,37.91,26.0,1014.0,832.77,206.0,427.05,3.52,264.0,97250.0,False,4,11,112
2008-04-21 12:00:00,39.3,22.9,1057.0,859.06,198.0,437.45,2.9,280.0,97183.0,False,4,12,112
2008-04-21 13:00:00,39.67,20.6,1001.0,814.88,215.0,452.85,2.21,301.0,97048.0,False,4,13,112
2008-04-21 14:00:00,39.94,18.8,875.0,761.65,215.0,457.45,1.59,326.0,96961.0,False,4,14,112
2008-04-21 15:00:00,40.02,17.05,655.0,581.01,241.0,450.85,1.45,5.0,96855.0,False,4,15,112
2008-04-21 16:00:00,40.16,15.65,198.0,13.64,191.0,446.45,1.59,28.0,96836.0,False,4,16,112
2008-04-21 17:00:00,39.75,15.45,217.0,422.36,98.0,444.65,1.45,33.0,96807.0,False,4,17,112
2008-04-21 18:00:00,39.03,16.05,0.0,0.0,0.0,431.05,0.83,33.0,96787.0,False,4,18,112
2008-04-21 19:00:00,37.38,19.6,0.0,-0.0,0.0,428.85,1.52,236.0,96865.0,False,4,19,112
2008-04-21 20:00:00,35.58,22.3,0.0,-0.0,0.0,422.05,1.93,214.0,96932.0,False,4,20,112
2008-04-21 21:00:00,34.5,24.4,0.0,-0.0,0.0,422.05,2.07,206.0,97019.0,False,4,21,112
2008-04-21 22:00:00,33.62,26.5,0.0,-0.0,0.0,416.25,2.21,211.0,97077.0,False,4,22,112
2008-04-21 23:00:00,33.01,28.45,0.0,-0.0,0.0,419.25,2.41,215.0,97125.0,False,4,23,112
2008-04-22 00:00:00,32.16,31.4,0.0,-0.0,0.0,403.85,2.48,209.0,97135.0,False,4,0,113
2008-04-22 01:00:00,31.45,35.0,0.0,-0.0,0.0,404.05,2.41,202.0,97086.0,False,4,1,113
2008-04-22 02:00:00,30.85,38.8,0.0,-0.0,0.0,406.65,2.41,202.0,97067.0,False,4,2,113
2008-04-22 03:00:00,30.25,42.5,0.0,-0.0,0.0,398.45,2.55,215.0,97038.0,False,4,3,113
2008-04-22 04:00:00,29.88,45.05,0.0,-0.0,0.0,399.45,2.83,228.0,97029.0,False,4,4,113
2008-04-22 05:00:00,29.55,47.15,0.0,-0.0,0.0,396.65,2.97,231.0,97038.0,False,4,5,113
2008-04-22 06:00:00,29.23,49.1,18.0,34.28,16.0,394.65,2.97,229.0,97077.0,False,4,6,113
2008-04-22 07:00:00,29.27,52.95,221.0,331.47,120.0,391.45,3.03,225.0,97106.0,False,4,7,113
2008-04-22 08:00:00,31.11,49.15,452.0,478.0,197.0,395.05,3.72,230.0,97164.0,False,4,8,113
2008-04-22 09:00:00,33.43,42.5,674.0,588.44,245.0,402.85,3.66,234.0,97164.0,False,4,9,113
2008-04-22 10:00:00,35.72,35.3,845.0,643.43,280.0,414.25,3.17,234.0,97183.0,False,4,10,113
2008-04-22 11:00:00,37.66,29.6,970.0,715.1,276.0,426.25,2.69,237.0,97115.0,False,4,11,113
2008-04-22 12:00:00,39.09,24.9,982.0,669.05,313.0,437.05,1.66,236.0,97058.0,False,4,12,113
2008-04-22 13:00:00,39.62,21.7,908.0,580.69,348.0,452.05,0.83,227.0,96894.0,False,4,13,113
2008-04-22 14:00:00,40.0,19.85,874.0,760.73,215.0,461.45,0.41,164.0,96797.0,False,4,14,113
2008-04-22 15:00:00,40.18,18.65,567.0,349.57,318.0,454.25,0.76,116.0,96739.0,False,4,15,113
2008-04-22 16:00:00,39.93,18.15,428.0,456.17,194.0,449.05,1.1,99.0,96662.0,False,4,16,113
2008-04-22 17:00:00,39.51,17.95,209.0,372.54,104.0,449.45,1.31,82.0,96681.0,False,4,17,113
2008-04-22 18:00:00,38.59,18.65,0.0,0.0,0.0,443.05,1.1,71.0,96681.0,False,4,18,113
2008-04-22 19:00:00,37.12,18.5,0.0,-0.0,0.0,418.85,1.86,165.0,96749.0,False,4,19,113
2008-04-22 20:00:00,35.55,20.5,0.0,-0.0,0.0,414.25,2.07,183.0,96807.0,False,4,20,113
2008-04-22 21:00:00,34.36,22.05,0.0,-0.0,0.0,405.05,2.14,191.0,96845.0,False,4,21,113
2008-04-22 22:00:00,33.43,23.4,0.0,-0.0,0.0,407.65,2.07,194.0,96826.0,False,4,22,113
2008-04-22 23:00:00,32.44,25.1,0.0,-0.0,0.0,401.65,2.21,192.0,96865.0,False,4,23,113
2008-04-23 00:00:00,31.55,27.85,0.0,-0.0,0.0,397.05,2.55,189.0,96826.0,False,4,0,114
2008-04-23 01:00:00,30.73,33.55,0.0,-0.0,0.0,393.05,2.69,190.0,96816.0,False,4,1,114
2008-04-23 02:00:00,30.01,41.1,0.0,-0.0,0.0,394.25,2.62,199.0,96836.0,False,4,2,114
2008-04-23 03:00:00,29.59,47.2,0.0,-0.0,0.0,401.45,2.48,211.0,96855.0,False,4,3,114
2008-04-23 04:00:00,29.32,50.9,0.0,-0.0,0.0,404.25,2.41,217.0,96903.0,False,4,4,114
2008-04-23 05:00:00,29.13,52.85,0.0,-0.0,0.0,407.45,2.41,219.0,96942.0,False,4,5,114
2008-04-23 06:00:00,28.85,54.55,23.0,82.84,18.0,401.85,2.41,219.0,97009.0,False,4,6,114
2008-04-23 07:00:00,30.15,50.7,216.0,300.3,124.0,415.25,2.55,207.0,97077.0,False,4,7,114
2008-04-23 08:00:00,31.81,47.45,467.0,529.23,184.0,404.85,4.0,202.0,97183.0,False,4,8,114
2008-04-23 09:00:00,33.72,42.7,713.0,713.77,192.0,414.85,4.14,212.0,97250.0,False,4,9,114
2008-04-23 10:00:00,35.71,36.8,889.0,765.97,216.0,424.25,3.79,229.0,97260.0,False,4,10,114
2008-04-23 11:00:00,37.46,31.35,980.0,742.76,259.0,434.65,3.24,237.0,97231.0,False,4,11,114
2008-04-23 12:00:00,38.78,27.3,1016.0,752.09,264.0,444.05,2.69,240.0,97164.0,False,4,12,114
2008-04-23 13:00:00,39.66,24.05,961.0,712.53,274.0,451.05,2.0,241.0,97038.0,False,4,13,114
2008-04-23 14:00:00,40.01,22.35,854.0,705.54,243.0,453.25,1.31,244.0,96942.0,False,4,14,114
2008-04-23 15:00:00,39.95,21.05,537.0,283.68,335.0,463.45,0.55,228.0,96874.0,False,4,15,114
2008-04-23 16:00:00,39.8,20.55,382.0,306.12,225.0,449.45,0.62,121.0,96845.0,False,4,16,114
2008-04-23 17:00:00,38.92,19.85,176.0,198.61,120.0,451.65,1.66,110.0,96816.0,False,4,17,114
2008-04-23 18:00:00,37.74,20.6,0.0,0.0,0.0,439.65,1.03,127.0,96836.0,False,4,18,114
2008-04-23 19:00:00,36.53,24.15,0.0,-0.0,0.0,450.45,1.38,111.0,96913.0,False,4,19,114
2008-04-23 20:00:00,35.17,26.55,0.0,-0.0,0.0,428.85,1.66,143.0,96990.0,False,4,20,114
2008-04-23 21:00:00,33.91,29.85,0.0,-0.0,0.0,420.25,2.34,166.0,97115.0,False,4,21,114
2008-04-23 22:00:00,32.98,35.2,0.0,-0.0,0.0,428.45,3.1,180.0,97183.0,False,4,22,114
2008-04-23 23:00:00,32.19,41.95,0.0,-0.0,0.0,432.25,3.59,182.0,97250.0,False,4,23,114
2008-04-24 00:00:00,31.34,47.9,0.0,-0.0,0.0,420.45,3.93,184.0,97231.0,False,4,0,115
2008-04-24 01:00:00,30.61,52.45,0.0,-0.0,0.0,416.25,4.07,187.0,97231.0,False,4,1,115
2008-04-24 02:00:00,29.96,56.45,0.0,-0.0,0.0,414.45,4.0,190.0,97193.0,False,4,2,115
2008-04-24 03:00:00,29.55,59.2,0.0,-0.0,0.0,420.85,3.86,196.0,97144.0,False,4,3,115
2008-04-24 04:00:00,29.18,61.15,0.0,-0.0,0.0,417.25,3.72,203.0,97154.0,False,4,4,115
2008-04-24 05:00:00,28.84,62.3,0.0,-0.0,0.0,414.45,3.52,212.0,97154.0,False,4,5,115
2008-04-24 06:00:00,28.46,63.25,20.0,48.15,17.0,408.45,3.38,216.0,97193.0,False,4,6,115
2008-04-24 07:00:00,28.77,61.3,228.0,353.95,119.0,399.45,3.03,202.0,97222.0,False,4,7,115
2008-04-24 08:00:00,30.46,54.65,449.0,458.99,203.0,400.45,3.52,209.0,97289.0,False,4,8,115
2008-04-24 09:00:00,32.65,46.75,722.0,740.32,181.0,406.25,3.45,217.0,97299.0,False,4,9,115
2008-04-24 10:00:00,34.91,39.05,806.0,544.88,327.0,415.05,2.76,218.0,97231.0,False,4,10,115
2008-04-24 11:00:00,36.94,32.25,947.0,659.21,307.0,424.65,1.86,211.0,97183.0,False,4,11,115
2008-04-24 12:00:00,38.66,25.9,1021.0,766.15,255.0,433.85,1.1,174.0,97106.0,False,4,12,115
2008-04-24 13:00:00,40.04,20.35,977.0,754.2,250.0,439.45,1.31,117.0,96990.0,False,4,13,115
2008-04-24 14:00:00,40.67,16.85,829.0,638.78,276.0,447.85,1.79,95.0,96913.0,False,4,14,115
2008-04-24 15:00:00,40.5,15.25,446.0,134.86,350.0,450.85,2.34,89.0,96836.0,False,4,15,115
2008-04-24 16:00:00,40.17,14.95,322.0,157.97,241.0,449.65,2.55,87.0,96778.0,False,4,16,115
2008-04-24 17:00:00,39.58,15.1,126.0,49.63,112.0,438.65,2.48,81.0,96739.0,False,4,17,115
2008-04-24 18:00:00,38.65,15.95,0.0,0.0,0.0,438.45,1.45,71.0,96739.0,False,4,18,115
2008-04-24 19:00:00,37.12,17.5,0.0,-0.0,0.0,410.65,0.97,105.0,96807.0,False,4,19,115
2008-04-24 20:00:00,35.44,19.7,0.0,-0.0,0.0,410.65,1.24,142.0,96874.0,False,4,20,115
2008-04-24 21:00:00,33.52,22.45,0.0,-0.0,0.0,405.85,1.66,169.0,96990.0,False,4,21,115
2008-04-24 22:00:00,32.63,24.6,0.0,-0.0,0.0,410.45,2.21,178.0,97086.0,False,4,22,115
2008-04-24 23:00:00,32.26,28.0,0.0,-0.0,0.0,426.85,2.55,187.0,97125.0,False,4,23,115
2008-04-25 00:00:00,31.82,32.1,0.0,-0.0,0.0,427.25,2.48,194.0,97115.0,False,4,0,116
2008-04-25 01:00:00,31.44,36.1,0.0,-0.0,0.0,430.85,2.69,189.0,97077.0,False,4,1,116
2008-04-25 02:00:00,31.08,40.2,0.0,-0.0,0.0,428.65,2.97,184.0,97038.0,False,4,2,116
2008-04-25 03:00:00,30.89,43.45,0.0,-0.0,0.0,431.45,3.66,180.0,96990.0,False,4,3,116
2008-04-25 04:00:00,30.67,46.45,0.0,-0.0,0.0,438.65,4.21,178.0,97086.0,False,4,4,116
2008-04-25 05:00:00,29.98,50.05,0.0,-0.0,0.0,416.45,4.07,184.0,97125.0,False,4,5,116
2008-04-25 06:00:00,29.32,52.95,20.0,31.15,18.0,409.65,3.79,188.0,97241.0,False,4,6,116
2008-04-25 07:00:00,27.14,67.05,196.0,203.56,133.0,391.85,4.34,176.0,97347.0,False,4,7,116
2008-04-25 08:00:00,28.36,62.8,410.0,329.54,233.0,397.85,4.48,188.0,97443.0,False,4,8,116
2008-04-25 09:00:00,30.45,55.1,555.0,288.43,344.0,405.05,4.34,199.0,97414.0,False,4,9,116
2008-04-25 10:00:00,32.67,47.05,733.0,386.57,393.0,415.05,4.21,206.0,97385.0,False,4,10,116
2008-04-25 11:00:00,34.58,40.0,711.0,226.57,491.0,424.65,3.79,213.0,97318.0,False,4,11,116
2008-04-25 12:00:00,36.21,34.2,884.0,461.14,423.0,433.05,3.52,217.0,97202.0,False,4,12,116
2008-04-25 13:00:00,37.42,30.0,938.0,656.86,305.0,440.05,3.03,220.0,97067.0,False,4,13,116
2008-04-25 14:00:00,38.09,27.25,781.0,517.67,333.0,444.45,2.28,222.0,96961.0,False,4,14,116
2008-04-25 15:00:00,38.28,25.45,630.0,512.94,265.0,448.25,1.38,224.0,96874.0,False,4,15,116
2008-04-25 16:00:00,37.98,24.9,462.0,598.82,155.0,458.65,0.9,226.0,96836.0,False,4,16,116
2008-04-25 17:00:00,37.53,24.7,220.0,442.89,95.0,452.25,0.69,204.0,96807.0,False,4,17,116
2008-04-25 18:00:00,37.15,23.95,0.0,0.0,0.0,451.85,1.1,177.0,96845.0,False,4,18,116
2008-04-25 19:00:00,35.33,25.6,0.0,-0.0,0.0,446.85,0.62,218.0,96951.0,False,4,19,116
2008-04-25 20:00:00,33.97,29.0,0.0,-0.0,0.0,415.05,2.07,243.0,96971.0,False,4,20,116
2008-04-25 21:00:00,32.84,32.95,0.0,-0.0,0.0,417.45,2.28,237.0,97048.0,False,4,21,116
2008-04-25 22:00:00,31.94,36.9,0.0,-0.0,0.0,410.85,2.34,227.0,97029.0,False,4,22,116
2008-04-25 23:00:00,31.36,40.5,0.0,-0.0,0.0,416.45,2.41,211.0,97048.0,False,4,23,116
2008-04-26 00:00:00,30.81,44.8,0.0,-0.0,0.0,412.45,2.76,204.0,97048.0,False,4,0,117
2008-04-26 01:00:00,30.25,49.65,0.0,-0.0,0.0,411.85,3.03,210.0,97019.0,False,4,1,117
2008-04-26 02:00:00,29.57,54.6,0.0,-0.0,0.0,406.65,2.9,219.0,96961.0,False,4,2,117
2008-04-26 03:00:00,28.89,58.7,0.0,-0.0,0.0,401.45,2.62,230.0,96942.0,False,4,3,117
2008-04-26 04:00:00,28.38,61.8,0.0,-0.0,0.0,399.85,2.48,238.0,96951.0,False,4,4,117
2008-04-26 05:00:00,27.89,64.55,0.0,-0.0,0.0,395.05,2.28,236.0,97000.0,False,4,5,117
2008-04-26 06:00:00,27.49,66.9,28.0,105.98,21.0,394.65,2.07,223.0,97038.0,False,4,6,117
2008-04-26 07:00:00,28.32,63.15,144.0,57.88,126.0,395.25,2.34,205.0,97115.0,False,4,7,117
2008-04-26 08:00:00,30.12,56.9,496.0,639.15,152.0,403.45,2.69,221.0,97183.0,False,4,8,117
2008-04-26 09:00:00,32.39,48.55,621.0,437.0,301.0,410.25,2.97,234.0,97212.0,False,4,9,117
2008-04-26 10:00:00,34.69,39.85,821.0,580.75,310.0,425.25,3.03,240.0,97212.0,False,4,10,117
2008-04-26 11:00:00,36.63,32.65,902.0,557.12,361.0,431.65,2.69,241.0,97115.0,False,4,11,117
2008-04-26 12:00:00,38.12,27.4,1037.0,810.36,227.0,438.65,1.93,236.0,97019.0,False,4,12,117
2008-04-26 13:00:00,39.07,23.55,693.0,211.75,489.0,443.85,1.1,208.0,96894.0,False,4,13,117
2008-04-26 14:00:00,39.57,20.95,684.0,320.19,407.0,451.65,0.97,157.0,96836.0,False,4,14,117
2008-04-26 15:00:00,39.23,20.65,580.0,383.78,307.0,452.65,1.03,143.0,96768.0,False,4,15,117
2008-04-26 16:00:00,38.63,21.55,474.0,655.49,138.0,454.45,1.59,133.0,96778.0,False,4,16,117
2008-04-26 17:00:00,36.52,27.15,207.0,357.64,106.0,447.85,2.97,159.0,96797.0,False,4,17,117
2008-04-26 18:00:00,34.47,33.05,0.0,0.0,0.0,439.65,3.03,174.0,96826.0,False,4,18,117
2008-04-26 19:00:00,35.39,22.3,0.0,-0.0,0.0,438.05,1.79,168.0,96961.0,False,4,19,117
2008-04-26 20:00:00,34.13,25.5,0.0,-0.0,0.0,433.65,2.55,165.0,97029.0,False,4,20,117
2008-04-26 21:00:00,33.11,28.55,0.0,-0.0,0.0,434.65,2.14,152.0,97144.0,False,4,21,117
2008-04-26 22:00:00,32.52,31.8,0.0,-0.0,0.0,439.65,2.14,162.0,97154.0,False,4,22,117
2008-04-26 23:00:00,32.09,33.25,0.0,-0.0,0.0,435.85,2.55,168.0,97164.0,False,4,23,117
2008-04-27 00:00:00,30.99,37.5,0.0,-0.0,0.0,418.25,2.55,175.0,97154.0,False,4,0,118
2008-04-27 01:00:00,30.44,40.3,0.0,-0.0,0.0,416.45,2.34,175.0,97154.0,False,4,1,118
2008-04-27 02:00:00,29.99,42.9,0.0,-0.0,0.0,427.45,2.34,170.0,97144.0,False,4,2,118
2008-04-27 03:00:00,29.45,46.75,0.0,-0.0,0.0,430.85,2.62,172.0,97144.0,False,4,3,118
2008-04-27 04:00:00,28.83,51.9,0.0,-0.0,0.0,427.65,2.48,177.0,97193.0,False,4,4,118
2008-04-27 05:00:00,28.1,56.85,0.0,-0.0,0.0,406.85,2.34,174.0,97241.0,False,4,5,118
2008-04-27 06:00:00,27.58,60.5,24.0,44.22,21.0,401.25,1.93,169.0,97279.0,False,4,6,118
2008-04-27 07:00:00,28.33,57.95,249.0,457.73,106.0,422.85,2.97,180.0,97347.0,False,4,7,118
2008-04-27 08:00:00,29.21,56.0,107.0,0.0,107.0,417.25,2.9,186.0,97405.0,False,4,8,118
2008-04-27 09:00:00,31.01,50.3,477.0,158.27,361.0,412.25,2.83,196.0,97434.0,False,4,9,118
2008-04-27 10:00:00,33.53,41.2,350.0,9.09,342.0,416.45,2.97,202.0,97492.0,False,4,10,118
2008-04-27 11:00:00,35.6,33.2,503.0,45.31,459.0,421.85,2.9,197.0,97424.0,False,4,11,118
2008-04-27 12:00:00,37.27,27.15,1053.0,856.53,197.0,424.05,2.55,184.0,97318.0,False,4,12,118
2008-04-27 13:00:00,38.52,21.95,1007.0,842.05,196.0,428.45,2.21,160.0,97164.0,False,4,13,118
2008-04-27 14:00:00,39.08,18.4,889.0,816.38,183.0,432.65,2.41,132.0,97058.0,False,4,14,118
2008-04-27 15:00:00,39.06,17.15,713.0,793.13,149.0,432.45,2.83,118.0,96980.0,False,4,15,118
2008-04-27 16:00:00,38.78,16.8,434.0,483.88,186.0,426.65,3.1,113.0,96951.0,False,4,16,118
2008-04-27 17:00:00,37.9,17.45,193.0,279.56,114.0,428.45,2.97,111.0,96922.0,False,4,17,118
2008-04-27 18:00:00,36.88,18.95,0.0,0.0,0.0,424.65,2.34,114.0,96942.0,False,4,18,118
2008-04-27 19:00:00,34.61,27.95,0.0,-0.0,0.0,423.45,1.66,160.0,96990.0,False,4,19,118
2008-04-27 20:00:00,33.61,30.6,0.0,-0.0,0.0,423.25,1.86,168.0,97096.0,False,4,20,118
2008-04-27 21:00:00,32.46,33.75,0.0,-0.0,0.0,406.85,2.07,165.0,97164.0,False,4,21,118
2008-04-27 22:00:00,31.56,36.85,0.0,-0.0,0.0,405.85,2.41,162.0,97154.0,False,4,22,118
2008-04-27 23:00:00,30.96,40.3,0.0,-0.0,0.0,415.25,2.83,165.0,97173.0,False,4,23,118
2008-04-28 00:00:00,30.23,44.9,0.0,-0.0,0.0,410.65,2.76,173.0,97164.0,False,4,0,119
2008-04-28 01:00:00,29.45,49.3,0.0,-0.0,0.0,400.45,2.55,179.0,97144.0,False,4,1,119
2008-04-28 02:00:00,28.81,52.7,0.0,-0.0,0.0,398.25,2.21,187.0,97106.0,False,4,2,119
2008-04-28 03:00:00,28.25,55.5,0.0,-0.0,0.0,394.85,1.93,199.0,97096.0,False,4,3,119
2008-04-28 04:00:00,27.75,58.15,0.0,-0.0,0.0,390.65,1.86,205.0,97115.0,False,4,4,119
2008-04-28 05:00:00,27.31,60.6,0.0,-0.0,0.0,390.2,1.66,208.0,97135.0,False,4,5,119
2008-04-28 06:00:00,26.91,62.9,26.0,71.86,21.0,389.8,1.52,211.0,97183.0,False,4,6,119
2008-04-28 07:00:00,28.26,57.75,248.0,442.98,109.0,394.25,2.0,192.0,97270.0,False,4,7,119
2008-04-28 08:00:00,29.96,52.75,482.0,573.8,172.0,401.45,2.9,195.0,97328.0,False,4,8,119
2008-04-28 09:00:00,31.99,46.05,739.0,796.12,155.0,408.85,3.03,198.0,97366.0,False,4,9,119
2008-04-28 10:00:00,33.93,39.4,908.0,823.38,183.0,418.85,2.48,193.0,97289.0,False,4,10,119
2008-04-28 11:00:00,35.58,33.7,995.0,784.66,233.0,428.65,1.93,175.0,97250.0,False,4,11,119
2008-04-28 12:00:00,37.01,28.25,1024.0,779.63,245.0,437.25,2.14,144.0,97144.0,False,4,12,119
2008-04-28 13:00:00,38.07,25.0,735.0,269.0,476.0,440.45,2.69,133.0,97038.0,False,4,13,119
2008-04-28 14:00:00,38.43,23.4,850.0,702.16,243.0,447.85,2.9,130.0,96961.0,False,4,14,119
2008-04-28 15:00:00,38.21,22.8,699.0,741.34,172.0,448.85,2.83,127.0,96874.0,False,4,15,119
2008-04-28 16:00:00,37.76,22.4,475.0,661.5,136.0,444.05,2.62,125.0,96836.0,False,4,16,119
2008-04-28 17:00:00,37.22,21.7,211.0,378.37,104.0,436.45,2.48,118.0,96797.0,False,4,17,119
2008-04-28 18:00:00,36.38,22.85,0.0,0.0,0.0,434.85,1.79,122.0,96836.0,False,4,18,119
2008-04-28 19:00:00,35.34,24.4,0.0,-0.0,0.0,431.05,2.34,144.0,96951.0,False,4,19,119
2008-04-28 20:00:00,34.08,27.4,0.0,-0.0,0.0,428.45,2.55,160.0,97048.0,False,4,20,119
2008-04-28 21:00:00,33.38,30.5,0.0,-0.0,0.0,439.45,2.9,169.0,97144.0,False,4,21,119
2008-04-28 22:00:00,32.54,35.15,0.0,-0.0,0.0,430.65,3.1,169.0,97125.0,False,4,22,119
2008-04-28 23:00:00,31.77,40.2,0.0,-0.0,0.0,435.45,3.03,169.0,97125.0,False,4,23,119
2008-04-29 00:00:00,30.95,44.95,0.0,-0.0,0.0,428.65,2.9,172.0,97115.0,False,4,0,120
2008-04-29 01:00:00,30.26,48.2,0.0,-0.0,0.0,421.85,2.62,185.0,97077.0,False,4,1,120
2008-04-29 02:00:00,29.77,49.9,0.0,-0.0,0.0,418.85,2.55,192.0,97048.0,False,4,2,120
2008-04-29 03:00:00,29.32,51.15,0.0,-0.0,0.0,413.85,2.69,186.0,97029.0,False,4,3,120
2008-04-29 04:00:00,29.05,51.85,0.0,-0.0,0.0,417.65,2.55,188.0,97086.0,False,4,4,120
2008-04-29 05:00:00,28.68,52.95,0.0,-0.0,0.0,409.65,2.21,197.0,97106.0,False,4,5,120
2008-04-29 06:00:00,28.49,53.9,23.0,42.1,20.0,416.85,2.07,210.0,97183.0,False,4,6,120
2008-04-29 07:00:00,29.47,52.25,238.0,380.83,118.0,432.45,2.34,186.0,97222.0,False,4,7,120
2008-04-29 08:00:00,30.25,52.4,496.0,630.09,155.0,434.65,3.31,194.0,97299.0,False,4,8,120
2008-04-29 09:00:00,31.84,48.85,517.0,216.58,358.0,425.65,3.66,204.0,97308.0,False,4,9,120
2008-04-29 10:00:00,33.22,44.15,806.0,543.85,327.0,429.05,3.1,204.0,97308.0,False,4,10,120
2008-04-29 11:00:00,35.39,35.15,994.0,784.69,232.0,436.25,2.48,181.0,97241.0,False,4,11,120
2008-04-29 12:00:00,37.06,27.65,1017.0,763.79,254.0,436.45,2.41,155.0,97164.0,False,4,12,120
2008-04-29 13:00:00,38.06,23.4,908.0,591.17,339.0,438.85,2.69,137.0,97009.0,False,4,13,120
2008-04-29 14:00:00,38.44,21.35,749.0,451.31,359.0,441.65,2.97,130.0,96922.0,False,4,14,120
2008-04-29 15:00:00,38.05,21.75,665.0,626.2,220.0,448.85,2.83,131.0,96845.0,False,4,15,120
2008-04-29 16:00:00,37.53,22.55,455.0,575.69,160.0,451.25,2.97,128.0,96797.0,False,4,16,120
2008-04-29 17:00:00,37.09,23.1,220.0,438.13,96.0,445.05,2.97,125.0,96778.0,False,4,17,120
2008-04-29 18:00:00,36.26,24.15,0.0,0.0,0.0,433.85,2.07,125.0,96807.0,False,4,18,120
2008-04-29 19:00:00,34.98,27.5,0.0,-0.0,0.0,445.25,1.38,97.0,96990.0,False,4,19,120
2008-04-29 20:00:00,33.57,30.85,0.0,-0.0,0.0,435.05,1.17,68.0,97096.0,False,4,20,120
2008-04-29 21:00:00,32.03,35.3,0.0,-0.0,0.0,433.85,2.07,12.0,97193.0,False,4,21,120
2008-04-29 22:00:00,30.79,40.4,0.0,-0.0,0.0,430.85,2.62,21.0,97289.0,False,4,22,120
2008-04-29 23:00:00,29.05,48.5,0.0,-0.0,0.0,418.25,3.45,28.0,97299.0,False,4,23,120
2008-04-30 00:00:00,28.07,53.8,0.0,-0.0,0.0,413.85,2.14,31.0,97260.0,False,4,0,121
2008-04-30 01:00:00,27.87,54.7,0.0,-0.0,0.0,415.25,1.45,340.0,97222.0,False,4,1,121
2008-04-30 02:00:00,27.67,55.65,0.0,-0.0,0.0,409.85,2.28,314.0,97135.0,False,4,2,121
2008-04-30 03:00:00,27.36,57.75,0.0,-0.0,0.0,402.05,2.41,314.0,97086.0,False,4,3,121
2008-04-30 04:00:00,26.94,60.7,0.0,-0.0,0.0,394.25,2.14,324.0,97115.0,False,4,4,121
2008-04-30 05:00:00,26.53,63.0,0.0,-0.0,0.0,391.05,2.07,340.0,97154.0,False,4,5,121
2008-04-30 06:00:00,26.19,64.4,30.0,82.33,24.0,390.6,2.0,353.0,97202.0,False,4,6,121
2008-04-30 07:00:00,26.4,62.6,246.0,420.41,113.0,392.25,2.07,8.0,97279.0,False,4,7,121
2008-04-30 08:00:00,28.04,55.65,331.0,138.36,256.0,393.45,2.21,10.0,97347.0,False,4,8,121
2008-04-30 09:00:00,30.24,47.15,697.0,649.3,220.0,403.45,2.41,15.0,97414.0,False,4,9,121
2008-04-30 10:00:00,32.09,40.6,908.0,822.98,183.0,413.85,2.34,22.0,97376.0,False,4,10,121
2008-04-30 11:00:00,33.51,36.2,731.0,254.37,484.0,424.85,1.66,25.0,97366.0,False,4,11,121
2008-04-30 12:00:00,34.13,34.1,1028.0,793.02,236.0,434.05,1.38,33.0,97270.0,False,4,12,121
2008-04-30 13:00:00,34.75,32.25,1004.0,840.82,195.0,439.25,1.31,36.0,97144.0,False,4,13,121
2008-04-30 14:00:00,35.7,29.55,767.0,493.16,341.0,438.45,1.45,53.0,97058.0,False,4,14,121
2008-04-30 15:00:00,35.85,28.15,552.0,322.35,323.0,433.65,1.66,60.0,96961.0,False,4,15,121
2008-04-30 16:00:00,35.62,22.71,318.0,152.22,240.0,436.88,0.92,65.0,96913.0,False,4,16,121
2008-04-30 17:00:00,35.05,25.84,122.0,45.89,109.0,435.76,1.07,66.0,96903.0,False,4,17,121
2008-04-30 18:00:00,34.48,28.97,0.0,0.0,0.0,434.65,1.23,64.0,96922.0,False,4,18,121
2008-04-30 19:00:00,33.91,32.09,0.0,-0.0,0.0,433.54,1.38,80.0,96980.0,False,4,19,121
2008-04-30 20:00:00,33.34,35.22,0.0,-0.0,0.0,432.42,1.53,131.0,97048.0,False,4,20,121
2008-04-30 21:00:00,32.77,38.35,0.0,-0.0,0.0,431.31,1.69,154.0,97125.0,False,4,21,121
2008-04-30 22:00:00,32.2,41.48,0.0,-0.0,0.0,430.2,1.84,229.0,97193.0,False,4,22,121
2008-04-30 23:00:00,31.63,44.6,0.0,-0.0,0.0,429.08,1.99,277.0,97222.0,False,4,23,121
2010-05-01 00:00:00,31.06,47.73,0.0,-0.0,0.0,427.97,2.15,221.0,97347.0,False,5,0,121
2010-05-01 01:00:00,30.49,50.86,0.0,-0.0,0.0,426.85,2.3,214.0,97328.0,False,5,1,121
2010-05-01 02:00:00,29.92,53.98,0.0,-0.0,0.0,425.74,2.45,215.0,97299.0,False,5,2,121
2010-05-01 03:00:00,29.35,57.11,0.0,-0.0,0.0,424.63,2.61,219.0,97279.0,False,5,3,121
2010-05-01 04:00:00,28.78,60.24,0.0,-0.0,0.0,423.51,2.76,225.0,97337.0,False,5,4,121
2010-05-01 05:00:00,28.21,63.36,0.0,-0.0,0.0,422.4,2.91,231.0,97366.0,False,5,5,121
2010-05-01 06:00:00,27.64,66.49,30.0,82.33,24.0,421.29,3.07,239.0,97395.0,False,5,6,121
2010-05-01 07:00:00,27.07,69.62,241.0,420.41,108.0,420.17,3.22,248.0,97414.0,False,5,7,121
2010-05-01 08:00:00,30.65,55.3,474.0,573.73,163.0,418.65,3.52,251.0,97463.0,False,5,8,121
2010-05-01 09:00:00,32.51,49.5,695.0,690.13,188.0,426.85,3.72,252.0,97501.0,False,5,9,121
2010-05-01 10:00:00,34.34,43.65,871.0,767.35,195.0,436.05,3.31,254.0,97492.0,False,5,10,121
2010-05-01 11:00:00,35.84,39.0,969.0,771.35,220.0,446.65,2.76,264.0,97443.0,False,5,11,121
2010-05-01 12:00:00,36.97,35.5,1002.0,781.0,222.0,451.25,2.28,278.0,97337.0,False,5,12,121
2010-05-01 13:00:00,38.11,32.35,969.0,798.21,201.0,456.45,2.21,294.0,97193.0,False,5,13,121
2010-05-01 14:00:00,38.91,30.15,850.0,759.42,194.0,460.85,2.41,307.0,97058.0,False,5,14,121
2010-05-01 15:00:00,39.25,28.2,677.0,715.07,169.0,467.45,2.34,319.0,96990.0,False,5,15,121
2010-05-01 16:00:00,35.89,37.35,462.0,647.93,130.0,462.45,2.9,299.0,96961.0,False,5,16,121
2010-05-01 17:00:00,33.49,47.25,207.0,374.21,101.0,455.85,2.9,257.0,96961.0,False,5,17,121
2010-05-01 18:00:00,32.26,52.45,0.0,0.0,0.0,450.05,2.55,261.0,96961.0,False,5,18,121
2010-05-01 19:00:00,35.52,27.7,0.0,-0.0,0.0,435.85,0.14,168.0,97096.0,False,5,19,121
2010-05-01 20:00:00,34.08,32.85,0.0,-0.0,0.0,434.65,1.17,209.0,97154.0,False,5,20,121
2010-05-01 21:00:00,33.01,35.7,0.0,-0.0,0.0,444.25,2.0,201.0,97279.0,False,5,21,121
2010-05-01 22:00:00,32.07,40.1,0.0,-0.0,0.0,437.45,2.55,196.0,97347.0,False,5,22,121
2010-05-01 23:00:00,30.86,48.6,0.0,-0.0,0.0,426.85,2.97,199.0,97376.0,False,5,23,121
2010-05-02 00:00:00,29.94,56.25,0.0,-0.0,0.0,425.05,3.24,204.0,97366.0,False,5,0,122
2010-05-02 01:00:00,29.13,62.45,0.0,-0.0,0.0,417.05,3.66,209.0,97337.0,False,5,1,122
2010-05-02 02:00:00,28.52,66.8,0.0,-0.0,0.0,418.85,3.45,210.0,97308.0,False,5,2,122
2010-05-02 03:00:00,28.17,68.45,0.0,-0.0,0.0,425.05,3.52,216.0,97308.0,False,5,3,122
2010-05-02 04:00:00,27.74,69.55,0.0,-0.0,0.0,419.05,3.72,225.0,97328.0,False,5,4,122
2010-05-02 05:00:00,27.25,71.25,0.0,-0.0,0.0,409.85,3.59,232.0,97376.0,False,5,5,122
2010-05-02 06:00:00,26.92,72.9,22.0,26.86,20.0,405.45,2.97,235.0,97443.0,False,5,6,122
2010-05-02 07:00:00,26.9,74.5,250.0,466.06,102.0,416.45,3.52,244.0,97501.0,False,5,7,122
2010-05-02 08:00:00,28.32,68.5,361.0,208.14,248.0,417.05,3.79,248.0,97559.0,False,5,8,122
2010-05-02 09:00:00,30.23,60.6,631.0,491.08,270.0,419.45,3.86,249.0,97617.0,False,5,9,122
2010-05-02 10:00:00,32.32,51.95,866.0,752.47,203.0,429.25,3.72,256.0,97530.0,False,5,10,122
2010-05-02 11:00:00,34.19,44.5,963.0,757.01,228.0,440.65,3.24,268.0,97482.0,False,5,11,122
2010-05-02 12:00:00,35.85,38.7,1002.0,781.21,222.0,447.45,2.97,278.0,97347.0,False,5,12,122
2010-05-02 13:00:00,37.07,34.1,957.0,768.35,218.0,451.65,2.69,281.0,97270.0,False,5,13,122
2010-05-02 14:00:00,37.98,30.8,836.0,716.86,217.0,456.85,2.34,280.0,97135.0,False,5,14,122
2010-05-02 15:00:00,38.4,28.45,662.0,663.19,191.0,455.05,2.28,288.0,97038.0,False,5,15,122
2010-05-02 16:00:00,38.37,27.05,441.0,552.32,158.0,452.05,2.07,302.0,96980.0,False,5,16,122
2010-05-02 17:00:00,37.98,26.65,210.0,395.02,98.0,450.65,1.79,317.0,96990.0,False,5,17,122
2010-05-02 18:00:00,37.15,28.05,0.0,0.0,0.0,443.65,1.24,312.0,96971.0,False,5,18,122
2010-05-02 19:00:00,35.94,25.9,0.0,-0.0,0.0,429.65,1.86,316.0,97106.0,False,5,19,122
2010-05-02 20:00:00,34.46,29.95,0.0,-0.0,0.0,427.05,1.79,300.0,97173.0,False,5,20,122
2010-05-02 21:00:00,33.52,36.2,0.0,-0.0,0.0,438.05,0.9,255.0,97279.0,False,5,21,122
2010-05-02 22:00:00,33.01,34.1,0.0,-0.0,0.0,446.05,2.62,178.0,97241.0,False,5,22,122
2010-05-02 23:00:00,31.55,43.85,0.0,-0.0,0.0,443.65,4.34,189.0,97357.0,False,5,23,122
2010-05-03 00:00:00,29.98,56.4,0.0,-0.0,0.0,430.85,4.55,202.0,97385.0,False,5,0,123
2010-05-03 01:00:00,29.1,62.55,0.0,-0.0,0.0,426.05,4.21,211.0,97347.0,False,5,1,123
2010-05-03 02:00:00,28.48,65.65,0.0,-0.0,0.0,418.45,3.93,218.0,97318.0,False,5,2,123
2010-05-03 03:00:00,27.88,67.9,0.0,-0.0,0.0,411.05,3.52,221.0,97318.0,False,5,3,123
2010-05-03 04:00:00,27.45,69.1,0.0,-0.0,0.0,411.05,3.1,220.0,97337.0,False,5,4,123
2010-05-03 05:00:00,27.08,70.2,0.0,-0.0,0.0,408.45,2.69,217.0,97395.0,False,5,5,123
2010-05-03 06:00:00,26.84,70.95,20.0,13.17,19.0,408.25,2.34,219.0,97424.0,False,5,6,123
2010-05-03 07:00:00,28.46,63.45,193.0,178.85,136.0,412.05,3.45,232.0,97472.0,False,5,7,123
2010-05-03 08:00:00,29.77,58.9,345.0,174.74,250.0,417.05,3.72,233.0,97521.0,False,5,8,123
2010-05-03 09:00:00,31.64,52.75,521.0,239.28,345.0,421.05,4.0,237.0,97549.0,False,5,9,123
2010-05-03 10:00:00,33.67,46.35,762.0,480.02,339.0,427.25,4.07,241.0,97530.0,False,5,10,123
2010-05-03 11:00:00,35.42,40.8,825.0,435.73,402.0,437.25,3.93,248.0,97453.0,False,5,11,123
2010-05-03 12:00:00,36.9,35.55,913.0,566.05,348.0,446.65,3.72,259.0,97337.0,False,5,12,123
2010-05-03 13:00:00,38.05,31.05,883.0,580.38,325.0,450.05,3.24,266.0,97260.0,False,5,13,123
2010-05-03 14:00:00,38.77,28.1,748.0,485.43,329.0,452.45,2.62,271.0,97125.0,False,5,14,123
2010-05-03 15:00:00,38.84,27.2,625.0,545.08,238.0,463.25,2.07,272.0,97077.0,False,5,15,123
2010-05-03 16:00:00,38.44,27.0,325.0,179.55,233.0,459.65,1.72,274.0,97038.0,False,5,16,123
2010-05-03 17:00:00,38.24,26.25,211.0,401.67,97.0,458.05,1.52,276.0,97038.0,False,5,17,123
2010-05-03 18:00:00,37.36,27.0,0.0,0.0,0.0,447.45,1.86,247.0,97038.0,False,5,18,123
2010-05-03 19:00:00,35.13,30.95,0.0,-0.0,0.0,443.25,2.97,216.0,97125.0,False,5,19,123
2010-05-03 20:00:00,33.65,36.2,0.0,-0.0,0.0,429.05,3.38,211.0,97164.0,False,5,20,123
2010-05-03 21:00:00,32.69,40.8,0.0,-0.0,0.0,428.05,3.45,211.0,97260.0,False,5,21,123
2010-05-03 22:00:00,31.86,45.25,0.0,-0.0,0.0,422.65,3.45,214.0,97270.0,False,5,22,123
2010-05-03 23:00:00,31.15,49.2,0.0,-0.0,0.0,422.85,3.45,219.0,97308.0,False,5,23,123
2010-05-04 00:00:00,30.59,52.35,0.0,-0.0,0.0,423.25,3.17,219.0,97308.0,False,5,0,124
2010-05-04 01:00:00,30.03,55.25,0.0,-0.0,0.0,418.05,2.76,215.0,97260.0,False,5,1,124
2010-05-04 02:00:00,29.5,58.2,0.0,-0.0,0.0,414.45,2.48,215.0,97250.0,False,5,2,124
2010-05-04 03:00:00,29.06,61.0,0.0,-0.0,0.0,413.45,2.41,219.0,97250.0,False,5,3,124
2010-05-04 04:00:00,28.73,63.45,0.0,-0.0,0.0,414.25,2.41,223.0,97260.0,False,5,4,124
2010-05-04 05:00:00,28.34,66.05,0.0,-0.0,0.0,408.65,2.28,225.0,97308.0,False,5,5,124
2010-05-04 06:00:00,28.02,68.2,27.0,51.68,23.0,405.85,2.14,215.0,97347.0,False,5,6,124
2010-05-04 07:00:00,28.66,63.35,237.0,378.39,116.0,407.85,3.24,194.0,97443.0,False,5,7,124
2010-05-04 08:00:00,30.22,57.95,416.0,356.37,222.0,414.05,3.79,201.0,97463.0,False,5,8,124
2010-05-04 09:00:00,32.2,51.1,665.0,589.76,231.0,421.65,4.14,209.0,97482.0,False,5,9,124
2010-05-04 10:00:00,34.08,45.15,809.0,594.59,285.0,430.45,3.79,216.0,97414.0,False,5,10,124
2010-05-04 11:00:00,35.83,39.5,946.0,713.97,253.0,438.85,3.24,224.0,97376.0,False,5,11,124
2010-05-04 12:00:00,37.34,34.45,1000.0,779.69,222.0,446.25,2.76,231.0,97250.0,False,5,12,124
2010-05-04 13:00:00,38.26,30.4,955.0,766.85,218.0,453.85,2.0,235.0,97144.0,False,5,13,124
2010-05-04 14:00:00,38.76,27.95,848.0,757.98,194.0,467.25,1.38,229.0,97067.0,False,5,14,124
2010-05-04 15:00:00,38.79,27.15,675.0,714.29,168.0,461.65,1.17,213.0,96961.0,False,5,15,124
2010-05-04 16:00:00,38.28,27.6,455.0,616.7,139.0,464.25,1.17,205.0,96932.0,False,5,16,124
2010-05-04 17:00:00,37.68,28.5,203.0,348.44,104.0,459.45,1.72,177.0,96903.0,False,5,17,124
2010-05-04 18:00:00,35.71,33.1,0.0,0.0,0.0,451.45,2.9,193.0,96874.0,False,5,18,124
2010-05-04 19:00:00,36.29,24.55,0.0,-0.0,0.0,438.85,1.93,200.0,96922.0,False,5,19,124
2010-05-04 20:00:00,34.78,27.75,0.0,-0.0,0.0,422.85,2.28,203.0,96971.0,False,5,20,124
2010-05-04 21:00:00,33.54,32.35,0.0,-0.0,0.0,416.85,2.83,202.0,97077.0,False,5,21,124
2010-05-04 22:00:00,32.41,40.1,0.0,-0.0,0.0,414.85,3.38,199.0,97086.0,False,5,22,124
2010-05-04 23:00:00,31.47,47.9,0.0,-0.0,0.0,416.05,3.45,196.0,97096.0,False,5,23,124
2010-05-05 00:00:00,30.9,52.85,0.0,-0.0,0.0,422.05,3.24,200.0,97106.0,False,5,0,125
2010-05-05 01:00:00,30.33,56.1,0.0,-0.0,0.0,414.25,2.97,207.0,97086.0,False,5,1,125
2010-05-05 02:00:00,29.89,58.35,0.0,-0.0,0.0,413.85,2.83,210.0,97038.0,False,5,2,125
2010-05-05 03:00:00,29.5,60.5,0.0,-0.0,0.0,413.85,2.83,208.0,97019.0,False,5,3,125
2010-05-05 04:00:00,29.14,62.75,0.0,-0.0,0.0,414.45,2.76,205.0,97038.0,False,5,4,125
2010-05-05 05:00:00,28.75,65.0,0.0,-0.0,0.0,410.85,2.62,205.0,97106.0,False,5,5,125
2010-05-05 06:00:00,28.41,66.85,27.0,38.07,24.0,409.45,2.41,206.0,97164.0,False,5,6,125
2010-05-05 07:00:00,29.68,62.0,191.0,171.44,136.0,414.65,2.97,209.0,97202.0,False,5,7,125
2010-05-05 08:00:00,31.35,55.6,461.0,510.06,183.0,416.45,3.17,209.0,97279.0,False,5,8,125
2010-05-05 09:00:00,33.38,48.3,586.0,373.53,311.0,426.45,3.24,208.0,97308.0,False,5,9,125
2010-05-05 10:00:00,35.27,42.05,842.0,683.08,240.0,438.25,3.1,209.0,97308.0,False,5,10,125
2010-05-05 11:00:00,36.87,36.75,967.0,769.76,220.0,445.25,2.62,210.0,97289.0,False,5,11,125
2010-05-05 12:00:00,37.88,33.15,999.0,778.95,222.0,454.65,2.21,205.0,97164.0,False,5,12,125
2010-05-05 13:00:00,38.86,29.95,918.0,669.31,275.0,460.25,1.59,192.0,97077.0,False,5,13,125
2010-05-05 14:00:00,38.89,29.2,787.0,587.83,280.0,470.05,1.24,192.0,96971.0,False,5,14,125
2010-05-05 15:00:00,38.8,28.75,624.0,543.97,238.0,471.05,1.38,175.0,96913.0,False,5,15,125
2010-05-05 16:00:00,34.35,43.35,40.0,0.0,40.0,468.05,2.97,176.0,97009.0,False,5,16,125
2010-05-05 17:00:00,33.36,47.5,19.0,0.0,19.0,442.25,2.76,180.0,96980.0,False,5,17,125
2010-05-05 18:00:00,33.25,47.4,0.0,0.0,0.0,440.25,1.86,163.0,97009.0,False,5,18,125
2010-05-05 19:00:00,32.61,52.35,0.0,-0.0,0.0,442.85,1.86,157.0,97086.0,False,5,19,125
2010-05-05 20:00:00,32.18,54.3,0.0,-0.0,0.0,445.45,1.93,169.0,97144.0,False,5,20,125
2010-05-05 21:00:00,31.53,56.4,0.0,-0.0,0.0,438.25,2.62,174.0,97222.0,False,5,21,125
2010-05-05 22:00:00,30.76,59.25,0.0,-0.0,0.0,431.05,3.1,176.0,97308.0,False,5,22,125
2010-05-05 23:00:00,30.07,61.8,0.0,-0.0,0.0,429.45,3.31,180.0,97328.0,False,5,23,125
2010-05-06 00:00:00,29.71,63.5,0.0,-0.0,0.0,434.85,2.9,191.0,97289.0,False,5,0,126
2010-05-06 01:00:00,29.38,65.2,0.0,-0.0,0.0,432.45,2.76,203.0,97173.0,False,5,1,126
2010-05-06 02:00:00,28.9,67.45,0.0,-0.0,0.0,423.65,2.97,204.0,97144.0,False,5,2,126
2010-05-06 03:00:00,28.4,69.95,0.0,-0.0,0.0,420.05,3.17,200.0,97115.0,False,5,3,126
2010-05-06 04:00:00,27.98,72.05,0.0,-0.0,0.0,425.65,2.97,201.0,97144.0,False,5,4,126
2010-05-06 05:00:00,27.57,74.05,0.0,-0.0,0.0,421.65,2.76,196.0,97173.0,False,5,5,126
2010-05-06 06:00:00,27.22,75.75,31.0,62.4,26.0,420.05,2.62,193.0,97202.0,False,5,6,126
2010-05-06 07:00:00,28.21,68.2,244.0,407.12,113.0,426.65,2.76,193.0,97270.0,False,5,7,126
2010-05-06 08:00:00,29.49,62.8,464.0,520.48,180.0,425.25,3.24,196.0,97357.0,False,5,8,126
2010-05-06 09:00:00,31.47,55.35,691.0,676.18,193.0,425.25,3.59,201.0,97424.0,False,5,9,126
2010-05-06 10:00:00,33.04,49.5,771.0,500.4,330.0,435.25,3.59,204.0,97434.0,False,5,10,126
2010-05-06 11:00:00,34.6,44.1,369.0,6.18,363.0,442.05,3.45,200.0,97405.0,False,5,11,126
2010-05-06 12:00:00,35.36,41.45,106.0,0.0,106.0,452.65,3.1,194.0,97357.0,False,5,12,126
2010-05-06 13:00:00,36.1,39.25,151.0,0.0,151.0,460.25,2.41,197.0,97289.0,False,5,13,126
2010-05-06 14:00:00,36.69,37.55,626.0,250.53,410.0,457.85,1.79,213.0,97193.0,False,5,14,126
2010-05-06 15:00:00,36.81,36.9,483.0,208.62,335.0,460.45,1.52,222.0,97135.0,False,5,15,126
2010-05-06 16:00:00,36.55,37.4,372.0,304.39,216.0,459.45,1.17,214.0,97106.0,False,5,16,126
2010-05-06 17:00:00,32.73,49.1,190.0,273.88,112.0,455.25,1.17,195.0,97125.0,False,5,17,126
2010-05-06 18:00:00,31.9,51.8,11.0,47.79,9.0,446.65,1.86,212.0,97135.0,False,5,18,126
2010-05-06 19:00:00,33.07,44.5,0.0,-0.0,0.0,439.25,1.45,192.0,97125.0,False,5,19,126
2010-05-06 20:00:00,32.19,47.7,0.0,-0.0,0.0,429.45,1.72,179.0,97212.0,False,5,20,126
2010-05-06 21:00:00,31.39,50.55,0.0,-0.0,0.0,424.05,1.93,174.0,97318.0,False,5,21,126
2010-05-06 22:00:00,30.74,53.3,0.0,-0.0,0.0,422.65,2.07,185.0,97318.0,False,5,22,126
2010-05-06 23:00:00,30.23,56.0,0.0,-0.0,0.0,421.65,2.41,198.0,97328.0,False,5,23,126
2010-05-07 00:00:00,29.75,59.1,0.0,-0.0,0.0,419.25,2.76,206.0,97328.0,False,5,0,127
2010-05-07 01:00:00,29.26,61.95,0.0,-0.0,0.0,418.05,2.9,212.0,97270.0,False,5,1,127
2010-05-07 02:00:00,28.87,63.85,0.0,-0.0,0.0,418.85,2.76,218.0,97231.0,False,5,2,127
2010-05-07 03:00:00,28.5,65.35,0.0,-0.0,0.0,414.25,2.69,218.0,97231.0,False,5,3,127
2010-05-07 04:00:00,28.22,66.7,0.0,-0.0,0.0,413.85,2.69,216.0,97250.0,False,5,4,127
2010-05-07 05:00:00,27.91,68.4,0.0,-0.0,0.0,412.25,2.76,213.0,97260.0,False,5,5,127
2010-05-07 06:00:00,27.63,70.25,28.0,49.14,24.0,412.05,2.83,213.0,97318.0,False,5,6,127
2010-05-07 07:00:00,28.86,65.1,170.0,105.37,136.0,413.65,3.31,207.0,97414.0,False,5,7,127
2010-05-07 08:00:00,29.97,61.85,389.0,272.79,240.0,424.45,3.72,208.0,97453.0,False,5,8,127
2010-05-07 09:00:00,31.27,57.15,430.0,107.23,351.0,437.05,3.24,196.0,97530.0,False,5,9,127
2010-05-07 10:00:00,32.7,51.75,587.0,174.75,433.0,443.05,3.03,185.0,97598.0,False,5,10,127
2010-05-07 11:00:00,33.82,48.3,690.0,221.66,475.0,443.45,2.97,174.0,97540.0,False,5,11,127
2010-05-07 12:00:00,34.38,47.3,98.0,0.0,98.0,449.65,2.62,159.0,97511.0,False,5,12,127
2010-05-07 13:00:00,33.08,51.8,87.0,0.0,87.0,464.05,2.14,144.0,97472.0,False,5,13,127
2010-05-07 14:00:00,33.05,52.45,76.0,0.0,76.0,455.65,0.9,141.0,97376.0,False,5,14,127
2010-05-07 15:00:00,33.47,51.0,60.0,0.0,60.0,447.65,0.28,119.0,97299.0,False,5,15,127
2010-05-07 16:00:00,33.34,50.55,40.0,0.0,40.0,447.65,0.41,357.0,97270.0,False,5,16,127
2010-05-07 17:00:00,32.89,51.75,41.0,0.0,41.0,444.45,0.9,356.0,97241.0,False,5,17,127
2010-05-07 18:00:00,32.45,53.05,5.0,0.0,5.0,442.85,0.48,347.0,97241.0,False,5,18,127
2010-05-07 19:00:00,30.61,62.75,0.0,-0.0,0.0,431.25,1.79,234.0,97289.0,False,5,19,127
2010-05-07 20:00:00,30.06,65.75,0.0,-0.0,0.0,431.05,1.79,238.0,97366.0,False,5,20,127
2010-05-07 21:00:00,29.59,68.55,0.0,-0.0,0.0,426.05,1.59,238.0,97463.0,False,5,21,127
2010-05-07 22:00:00,29.13,71.15,0.0,-0.0,0.0,424.85,1.66,228.0,97482.0,False,5,22,127
2010-05-07 23:00:00,28.78,73.2,0.0,-0.0,0.0,429.65,1.72,223.0,97424.0,False,5,23,127
2010-05-08 00:00:00,28.36,75.45,0.0,-0.0,0.0,422.65,1.79,216.0,97318.0,False,5,0,128
2010-05-08 01:00:00,28.01,77.2,0.0,-0.0,0.0,419.45,1.86,210.0,97250.0,False,5,1,128
2010-05-08 02:00:00,27.75,78.3,0.0,-0.0,0.0,421.65,1.86,220.0,97202.0,False,5,2,128
2010-05-08 03:00:00,27.5,79.3,0.0,-0.0,0.0,419.05,1.86,232.0,97173.0,False,5,3,128
2010-05-08 04:00:00,27.26,80.15,0.0,-0.0,0.0,414.65,2.0,234.0,97222.0,False,5,4,128
2010-05-08 05:00:00,27.15,80.65,0.0,-0.0,0.0,420.05,1.86,232.0,97308.0,False,5,5,128
2010-05-08 06:00:00,27.0,81.4,25.0,24.21,23.0,417.65,1.93,233.0,97357.0,False,5,6,128
2010-05-08 07:00:00,27.65,77.8,136.0,37.09,124.0,421.05,1.86,256.0,97472.0,False,5,7,128
2010-05-08 08:00:00,28.81,72.25,279.0,67.68,242.0,422.25,2.55,255.0,97559.0,False,5,8,128
2010-05-08 09:00:00,30.21,65.45,321.0,23.07,304.0,432.85,2.69,258.0,97607.0,False,5,9,128
2010-05-08 10:00:00,32.23,55.25,666.0,291.66,409.0,439.25,2.83,260.0,97578.0,False,5,10,128
2010-05-08 11:00:00,33.94,46.55,774.0,347.54,437.0,442.45,2.69,261.0,97559.0,False,5,11,128
2010-05-08 12:00:00,35.08,41.95,969.0,706.55,265.0,445.05,2.21,258.0,97463.0,False,5,12,128
2010-05-08 13:00:00,35.9,39.35,915.0,668.06,274.0,450.25,1.79,252.0,97376.0,False,5,13,128
2010-05-08 14:00:00,36.24,38.25,835.0,727.8,208.0,458.85,1.66,248.0,97318.0,False,5,14,128
2010-05-08 15:00:00,36.54,37.25,615.0,521.79,245.0,455.45,1.52,256.0,97231.0,False,5,15,128
2010-05-08 16:00:00,36.47,36.85,449.0,592.99,145.0,454.85,1.31,270.0,97202.0,False,5,16,128
2010-05-08 17:00:00,35.52,38.75,208.0,374.7,101.0,455.85,0.9,255.0,97154.0,False,5,17,128
2010-05-08 18:00:00,33.86,43.25,10.0,23.09,9.0,446.85,0.9,199.0,97202.0,False,5,18,128
2010-05-08 19:00:00,33.26,42.7,0.0,-0.0,0.0,442.45,0.48,238.0,97289.0,False,5,19,128
2010-05-08 20:00:00,32.3,46.1,0.0,-0.0,0.0,431.85,1.1,213.0,97357.0,False,5,20,128
2010-05-08 21:00:00,31.39,49.65,0.0,-0.0,0.0,426.25,1.38,208.0,97443.0,False,5,21,128
2010-05-08 22:00:00,30.81,51.85,0.0,-0.0,0.0,431.05,1.45,212.0,97511.0,False,5,22,128
2010-05-08 23:00:00,30.27,54.1,0.0,-0.0,0.0,427.65,1.59,228.0,97511.0,False,5,23,128
2010-05-09 00:00:00,29.74,56.9,0.0,-0.0,0.0,427.45,1.59,227.0,97443.0,False,5,0,129
2010-05-09 01:00:00,29.29,59.4,0.0,-0.0,0.0,426.05,1.59,222.0,97366.0,False,5,1,129
2010-05-09 02:00:00,29.01,60.9,0.0,-0.0,0.0,430.45,1.66,226.0,97308.0,False,5,2,129
2010-05-09 03:00:00,28.58,62.75,0.0,-0.0,0.0,419.05,1.86,230.0,97270.0,False,5,3,129
2010-05-09 04:00:00,28.29,64.1,0.0,-0.0,0.0,419.05,1.93,230.0,97279.0,False,5,4,129
2010-05-09 05:00:00,27.96,65.5,0.0,-0.0,0.0,414.85,1.86,236.0,97299.0,False,5,5,129
2010-05-09 06:00:00,27.71,66.7,33.0,59.68,28.0,414.65,1.93,244.0,97347.0,False,5,6,129
2010-05-09 07:00:00,28.36,65.8,243.0,394.65,115.0,409.05,2.14,229.0,97405.0,False,5,7,129
2010-05-09 08:00:00,30.29,58.85,483.0,595.81,157.0,411.65,2.34,234.0,97463.0,False,5,8,129
2010-05-09 09:00:00,32.49,50.9,691.0,675.68,193.0,419.45,2.48,239.0,97482.0,False,5,9,129
2010-05-09 10:00:00,34.48,44.0,859.0,735.49,211.0,429.65,2.21,246.0,97472.0,False,5,10,129
2010-05-09 11:00:00,36.11,39.05,963.0,768.54,218.0,440.65,1.59,250.0,97405.0,False,5,11,129
2010-05-09 12:00:00,37.27,35.45,1001.0,792.18,212.0,449.65,0.9,240.0,97328.0,False,5,12,129
2010-05-09 13:00:00,38.04,32.65,946.0,749.67,227.0,456.45,0.69,175.0,97241.0,False,5,13,129
2010-05-09 14:00:00,38.57,30.8,844.0,754.77,194.0,460.05,1.1,148.0,97125.0,False,5,14,129
2010-05-09 15:00:00,38.49,30.4,644.0,612.17,210.0,460.85,1.24,151.0,97048.0,False,5,15,129
2010-05-09 16:00:00,38.23,30.4,430.0,509.01,169.0,459.25,1.31,142.0,97029.0,False,5,16,129
2010-05-09 17:00:00,36.32,34.65,197.0,307.71,109.0,457.45,1.03,105.0,97038.0,False,5,17,129
2010-05-09 18:00:00,35.35,37.3,9.0,0.0,9.0,460.05,1.03,53.0,97115.0,False,5,18,129
2010-05-09 19:00:00,34.61,34.95,0.0,-0.0,0.0,441.45,1.59,225.0,97135.0,False,5,19,129
2010-05-09 20:00:00,33.53,37.8,0.0,-0.0,0.0,430.65,1.86,242.0,97193.0,False,5,20,129
2010-05-09 21:00:00,32.59,40.2,0.0,-0.0,0.0,429.65,2.21,230.0,97279.0,False,5,21,129
2010-05-09 22:00:00,31.93,42.85,0.0,-0.0,0.0,439.65,2.55,216.0,97289.0,False,5,22,129
2010-05-09 23:00:00,30.91,48.1,0.0,-0.0,0.0,423.45,2.55,214.0,97308.0,False,5,23,129
2010-05-10 00:00:00,30.25,52.75,0.0,-0.0,0.0,428.05,2.34,214.0,97279.0,False,5,0,130
2010-05-10 01:00:00,29.61,56.6,0.0,-0.0,0.0,418.05,2.34,207.0,97212.0,False,5,1,130
2010-05-10 02:00:00,29.22,58.95,0.0,-0.0,0.0,416.85,2.69,203.0,97202.0,False,5,2,130
2010-05-10 03:00:00,28.89,61.1,0.0,-0.0,0.0,414.85,3.03,204.0,97202.0,False,5,3,130
2010-05-10 04:00:00,28.45,64.45,0.0,-0.0,0.0,412.85,3.1,204.0,97222.0,False,5,4,130
2010-05-10 05:00:00,28.07,67.65,0.0,-0.0,0.0,413.25,2.97,202.0,97241.0,False,5,5,130
2010-05-10 06:00:00,27.83,70.0,24.0,11.78,23.0,412.65,2.69,200.0,97308.0,False,5,6,130
2010-05-10 07:00:00,28.82,67.9,231.0,326.07,125.0,408.65,2.83,203.0,97395.0,False,5,7,130
2010-05-10 08:00:00,30.48,61.55,481.0,584.42,161.0,415.45,2.83,210.0,97443.0,False,5,8,130
2010-05-10 09:00:00,32.46,54.45,698.0,700.01,182.0,423.25,2.69,222.0,97482.0,False,5,9,130
2010-05-10 10:00:00,34.37,47.8,0.0,0.0,0.0,433.65,2.55,231.0,97463.0,False,5,10,130
2010-05-10 11:00:00,36.01,42.25,978.0,812.14,191.0,442.05,2.48,237.0,97395.0,False,5,11,130
2010-05-10 12:00:00,37.48,37.45,1005.0,806.57,202.0,448.45,2.28,244.0,97308.0,False,5,12,130
2010-05-10 13:00:00,38.55,33.8,965.0,807.36,191.0,454.05,1.86,249.0,97193.0,False,5,13,130
2010-05-10 14:00:00,39.29,30.1,847.0,768.98,185.0,457.65,0.9,234.0,97077.0,False,5,14,130
2010-05-10 15:00:00,39.63,27.35,672.0,711.04,168.0,459.25,0.69,163.0,97009.0,False,5,15,130
2010-05-10 16:00:00,39.59,26.25,459.0,637.57,132.0,464.65,1.1,136.0,96980.0,False,5,16,130
2010-05-10 17:00:00,39.15,26.4,205.0,356.12,103.0,464.05,1.59,132.0,96971.0,False,5,17,130
2010-05-10 18:00:00,37.85,28.9,11.0,22.3,10.0,453.85,2.0,142.0,96951.0,False,5,18,130
2010-05-10 19:00:00,36.07,34.45,0.0,-0.0,0.0,449.45,1.86,201.0,97058.0,False,5,19,130
2010-05-10 20:00:00,34.87,39.25,0.0,-0.0,0.0,452.25,1.93,180.0,97144.0,False,5,20,130
2010-05-10 21:00:00,33.85,43.55,0.0,-0.0,0.0,443.45,2.14,183.0,97241.0,False,5,21,130
2010-05-10 22:00:00,33.06,46.95,0.0,-0.0,0.0,439.85,2.34,198.0,97308.0,False,5,22,130
2010-05-10 23:00:00,32.38,49.65,0.0,-0.0,0.0,434.25,2.48,207.0,97308.0,False,5,23,130
2010-05-11 00:00:00,31.82,51.9,0.0,-0.0,0.0,431.05,2.62,212.0,97279.0,False,5,0,131
2010-05-11 01:00:00,31.29,54.05,0.0,-0.0,0.0,428.05,2.55,212.0,97241.0,False,5,1,131
2010-05-11 02:00:00,30.73,56.4,0.0,-0.0,0.0,424.45,2.62,212.0,97212.0,False,5,2,131
2010-05-11 03:00:00,30.16,58.85,0.0,-0.0,0.0,422.45,2.69,217.0,97202.0,False,5,3,131
2010-05-11 04:00:00,29.62,61.3,0.0,-0.0,0.0,422.05,2.83,219.0,97212.0,False,5,4,131
2010-05-11 05:00:00,29.11,63.8,0.0,-0.0,0.0,419.65,2.83,221.0,97279.0,False,5,5,131
2010-05-11 06:00:00,28.68,65.95,29.0,34.92,26.0,416.65,2.69,221.0,97308.0,False,5,6,131
2010-05-11 07:00:00,29.59,63.3,235.0,346.87,122.0,417.05,3.24,222.0,97366.0,False,5,7,131
2010-05-11 08:00:00,31.09,57.05,463.0,511.04,183.0,419.85,3.86,228.0,97395.0,False,5,8,131
2010-05-11 09:00:00,32.77,50.9,672.0,613.15,220.0,425.85,3.93,233.0,97414.0,False,5,9,131
2010-05-11 10:00:00,34.58,45.45,839.0,681.27,239.0,433.65,3.52,238.0,97414.0,False,5,10,131
2010-05-11 11:00:00,36.2,40.8,946.0,724.69,244.0,441.65,3.17,246.0,97347.0,False,5,11,131
2010-05-11 12:00:00,37.58,36.6,977.0,732.56,248.0,449.45,2.76,251.0,97289.0,False,5,12,131
2010-05-11 13:00:00,38.66,33.15,949.0,762.83,218.0,455.25,2.21,254.0,97193.0,False,5,13,131
2010-05-11 14:00:00,39.29,30.6,810.0,660.03,242.0,459.45,1.66,251.0,97077.0,False,5,14,131
2010-05-11 15:00:00,39.63,29.3,639.0,599.68,214.0,462.85,1.45,246.0,96980.0,False,5,15,131
2010-05-11 16:00:00,39.37,29.1,434.0,530.18,162.0,466.65,1.45,233.0,96951.0,False,5,16,131
2010-05-11 17:00:00,38.0,31.2,199.0,317.21,108.0,458.25,1.79,206.0,96942.0,False,5,17,131
2010-05-11 18:00:00,35.86,37.15,10.0,21.9,9.0,462.25,2.0,173.0,96990.0,False,5,18,131
2010-05-11 19:00:00,34.68,38.95,0.0,-0.0,0.0,444.45,2.62,177.0,97164.0,False,5,19,131
2010-05-11 20:00:00,33.69,42.5,0.0,-0.0,0.0,448.05,2.0,151.0,97212.0,False,5,20,131
2010-05-11 21:00:00,33.02,45.25,0.0,-0.0,0.0,445.85,1.66,145.0,97308.0,False,5,21,131
2010-05-11 22:00:00,32.28,48.05,0.0,-0.0,0.0,431.65,1.86,160.0,97492.0,False,5,22,131
2010-05-11 23:00:00,31.8,50.3,0.0,-0.0,0.0,430.05,1.66,173.0,97521.0,False,5,23,131
2010-05-12 00:00:00,31.34,52.4,0.0,-0.0,0.0,430.45,1.79,187.0,97463.0,False,5,0,132
2010-05-12 01:00:00,30.91,54.8,0.0,-0.0,0.0,430.45,2.07,202.0,97405.0,False,5,1,132
2010-05-12 02:00:00,30.51,57.55,0.0,-0.0,0.0,429.45,2.41,217.0,97337.0,False,5,2,132
2010-05-12 03:00:00,30.14,60.0,0.0,-0.0,0.0,425.45,2.62,222.0,97260.0,False,5,3,132
2010-05-12 04:00:00,29.9,61.35,0.0,-0.0,0.0,425.65,2.69,218.0,97260.0,False,5,4,132
2010-05-12 05:00:00,29.67,62.35,0.0,-0.0,0.0,426.25,2.62,215.0,97279.0,False,5,5,132
2010-05-12 06:00:00,29.48,63.1,34.0,57.54,29.0,427.85,2.55,217.0,97347.0,False,5,6,132
2010-05-12 07:00:00,28.84,68.5,201.0,193.02,138.0,425.65,1.93,231.0,97482.0,False,5,7,132
2010-05-12 08:00:00,30.08,62.85,405.0,317.4,231.0,425.45,2.48,223.0,97521.0,False,5,8,132
2010-05-12 09:00:00,31.9,55.2,664.0,588.72,230.0,423.05,2.69,220.0,97549.0,False,5,9,132
2010-05-12 10:00:00,33.98,47.15,847.0,707.57,224.0,431.05,2.76,224.0,97511.0,False,5,10,132
2010-05-12 11:00:00,35.72,41.25,924.0,669.2,276.0,438.85,2.55,231.0,97443.0,False,5,11,132
2010-05-12 12:00:00,37.1,37.05,960.0,690.65,273.0,448.85,2.14,239.0,97385.0,False,5,12,132
2010-05-12 13:00:00,38.08,34.1,803.0,421.77,399.0,451.65,1.59,250.0,97260.0,False,5,13,132
2010-05-12 14:00:00,38.74,31.6,687.0,363.84,374.0,455.05,0.9,257.0,97183.0,False,5,14,132
2010-05-12 15:00:00,39.21,29.3,581.0,429.01,277.0,456.25,0.28,273.0,97106.0,False,5,15,132
2010-05-12 16:00:00,39.05,28.25,384.0,341.0,209.0,458.05,0.21,52.0,97048.0,False,5,16,132
2010-05-12 17:00:00,38.82,27.95,190.0,267.96,113.0,453.45,0.34,103.0,97058.0,False,5,17,132
2010-05-12 18:00:00,37.98,29.05,10.0,21.52,9.0,441.45,0.83,154.0,97019.0,False,5,18,132
2010-05-12 19:00:00,35.97,34.85,0.0,-0.0,0.0,434.65,1.59,175.0,97125.0,False,5,19,132
2010-05-12 20:00:00,34.78,38.4,0.0,-0.0,0.0,437.65,2.0,181.0,97202.0,False,5,20,132
2010-05-12 21:00:00,33.84,41.9,0.0,-0.0,0.0,443.45,2.28,181.0,97279.0,False,5,21,132
2010-05-12 22:00:00,32.99,45.95,0.0,-0.0,0.0,440.85,2.48,186.0,97337.0,False,5,22,132
2010-05-12 23:00:00,32.07,50.55,0.0,-0.0,0.0,430.45,2.48,197.0,97347.0,False,5,23,132
2010-05-13 00:00:00,31.42,54.3,0.0,-0.0,0.0,433.65,2.62,213.0,97318.0,False,5,0,133
2010-05-13 01:00:00,30.8,57.55,0.0,-0.0,0.0,431.25,2.62,226.0,97260.0,False,5,1,133
2010-05-13 02:00:00,30.2,60.3,0.0,-0.0,0.0,422.45,2.41,226.0,97222.0,False,5,2,133
2010-05-13 03:00:00,29.76,62.3,0.0,-0.0,0.0,422.25,2.28,222.0,97231.0,False,5,3,133
2010-05-13 04:00:00,29.37,64.0,0.0,-0.0,0.0,419.45,2.41,221.0,97241.0,False,5,4,133
2010-05-13 05:00:00,29.09,65.35,0.0,-0.0,0.0,420.45,2.83,222.0,97318.0,False,5,5,133
2010-05-13 06:00:00,28.79,67.0,36.0,68.32,30.0,417.65,3.1,224.0,97347.0,False,5,6,133
2010-05-13 07:00:00,29.85,64.3,241.0,376.18,118.0,417.85,3.24,213.0,97395.0,False,5,7,133
2010-05-13 08:00:00,31.1,60.4,484.0,596.22,157.0,419.05,3.86,218.0,97492.0,False,5,8,133
2010-05-13 09:00:00,32.68,54.65,701.0,712.2,176.0,425.65,3.72,222.0,97521.0,False,5,9,133
2010-05-13 10:00:00,34.4,48.3,875.0,790.7,179.0,432.25,3.03,223.0,97492.0,False,5,10,133
2010-05-13 11:00:00,36.11,41.75,970.0,795.52,200.0,439.85,2.28,218.0,97405.0,False,5,11,133
2010-05-13 12:00:00,37.53,36.15,1002.0,804.62,202.0,446.85,1.72,212.0,97328.0,False,5,12,133
2010-05-13 13:00:00,38.71,31.15,957.0,791.69,199.0,452.05,1.38,191.0,97241.0,False,5,13,133
2010-05-13 14:00:00,39.46,27.75,841.0,753.5,193.0,453.65,1.38,167.0,97164.0,False,5,14,133
2010-05-13 15:00:00,39.8,25.6,656.0,659.12,189.0,457.65,1.59,146.0,97058.0,False,5,15,133
2010-05-13 16:00:00,39.54,25.0,446.0,580.47,148.0,466.65,1.79,137.0,97038.0,False,5,16,133
2010-05-13 17:00:00,38.91,25.35,202.0,330.02,107.0,461.85,1.93,134.0,97000.0,False,5,17,133
2010-05-13 18:00:00,38.03,25.95,10.0,21.13,9.0,448.45,1.66,139.0,97038.0,False,5,18,133
2010-05-13 19:00:00,37.02,26.7,0.0,-0.0,0.0,443.65,1.72,166.0,97086.0,False,5,19,133
2010-05-13 20:00:00,35.85,29.35,0.0,-0.0,0.0,445.65,1.93,174.0,97154.0,False,5,20,133
2010-05-13 21:00:00,34.75,31.9,0.0,-0.0,0.0,434.25,2.14,175.0,97231.0,False,5,21,133
2010-05-13 22:00:00,33.8,34.5,0.0,-0.0,0.0,427.85,2.48,173.0,97299.0,False,5,22,133
2010-05-13 23:00:00,33.03,37.65,0.0,-0.0,0.0,427.05,3.03,175.0,97318.0,False,5,23,133
2010-05-14 00:00:00,32.35,42.05,0.0,-0.0,0.0,420.65,3.66,184.0,97337.0,False,5,0,134
2010-05-14 01:00:00,31.68,47.5,0.0,-0.0,0.0,420.05,3.93,193.0,97270.0,False,5,1,134
2010-05-14 02:00:00,31.04,52.9,0.0,-0.0,0.0,420.85,3.79,201.0,97260.0,False,5,2,134
2010-05-14 03:00:00,30.49,57.45,0.0,-0.0,0.0,423.05,3.59,210.0,97270.0,False,5,3,134
2010-05-14 04:00:00,29.99,61.05,0.0,-0.0,0.0,420.05,3.38,221.0,97289.0,False,5,4,134
2010-05-14 05:00:00,29.6,63.75,0.0,-0.0,0.0,419.65,3.31,231.0,97318.0,False,5,5,134
2010-05-14 06:00:00,29.28,65.85,29.0,33.83,26.0,419.45,3.1,236.0,97357.0,False,5,6,134
2010-05-14 07:00:00,29.66,65.35,238.0,354.2,122.0,411.65,3.52,231.0,97434.0,False,5,7,134
2010-05-14 08:00:00,30.96,60.9,471.0,541.32,174.0,416.85,3.93,231.0,97472.0,False,5,8,134
2010-05-14 09:00:00,32.74,54.6,697.0,700.05,181.0,423.65,3.93,232.0,97530.0,False,5,9,134
2010-05-14 10:00:00,34.61,47.65,869.0,776.18,186.0,432.85,3.66,237.0,97511.0,False,5,10,134
2010-05-14 11:00:00,36.32,41.5,969.0,794.82,200.0,442.05,3.17,242.0,97453.0,False,5,11,134
2010-05-14 12:00:00,37.78,36.55,1012.0,834.17,183.0,449.65,2.69,245.0,97414.0,False,5,12,134
2010-05-14 13:00:00,38.85,32.95,962.0,805.61,191.0,455.45,2.34,248.0,97308.0,False,5,13,134
2010-05-14 14:00:00,39.5,30.5,854.0,795.62,170.0,460.25,1.72,253.0,97222.0,False,5,14,134
2010-05-14 15:00:00,39.59,29.15,670.0,710.0,167.0,462.65,1.31,256.0,97154.0,False,5,15,134
2010-05-14 16:00:00,39.34,29.1,460.0,644.49,129.0,466.25,1.24,249.0,97135.0,False,5,16,134
2010-05-14 17:00:00,37.7,32.35,208.0,364.1,103.0,465.25,1.38,240.0,97125.0,False,5,17,134
2010-05-14 18:00:00,36.85,34.65,14.0,41.5,12.0,460.45,2.0,199.0,97154.0,False,5,18,134
2010-05-14 19:00:00,35.63,36.95,0.0,-0.0,0.0,459.05,1.86,181.0,97212.0,False,5,19,134
2010-05-14 20:00:00,34.32,41.75,0.0,-0.0,0.0,444.25,2.55,170.0,97279.0,False,5,20,134
2010-05-14 21:00:00,33.35,46.15,0.0,-0.0,0.0,443.25,2.55,174.0,97366.0,False,5,21,134
2010-05-14 22:00:00,32.53,50.0,0.0,-0.0,0.0,434.25,2.41,183.0,97453.0,False,5,22,134
2010-05-14 23:00:00,31.92,52.8,0.0,-0.0,0.0,430.65,2.48,194.0,97482.0,False,5,23,134
2010-05-15 00:00:00,31.52,54.25,0.0,-0.0,0.0,431.25,2.76,205.0,97443.0,False,5,0,135
2010-05-15 01:00:00,31.2,54.95,0.0,-0.0,0.0,430.05,2.76,211.0,97366.0,False,5,1,135
2010-05-15 02:00:00,30.82,55.9,0.0,-0.0,0.0,423.85,2.62,212.0,97347.0,False,5,2,135
2010-05-15 03:00:00,30.5,57.05,0.0,-0.0,0.0,425.05,2.62,208.0,97299.0,False,5,3,135
2010-05-15 04:00:00,30.16,58.6,0.0,-0.0,0.0,423.05,2.76,204.0,97328.0,False,5,4,135
2010-05-15 05:00:00,29.79,60.6,0.0,-0.0,0.0,422.45,2.76,206.0,97347.0,False,5,5,135
2010-05-15 06:00:00,29.43,62.6,30.0,33.52,27.0,419.25,2.69,209.0,97395.0,False,5,6,135
2010-05-15 07:00:00,29.38,64.4,126.0,24.39,118.0,416.05,3.31,221.0,97434.0,False,5,7,135
2010-05-15 08:00:00,30.53,60.75,332.0,145.77,252.0,425.25,4.07,238.0,97530.0,False,5,8,135
2010-05-15 09:00:00,31.97,55.75,535.0,267.31,338.0,428.45,4.28,248.0,97540.0,False,5,9,135
2010-05-15 10:00:00,33.76,49.35,658.0,283.07,409.0,438.65,4.0,250.0,97521.0,False,5,10,135
2010-05-15 11:00:00,35.3,44.35,785.0,374.32,423.0,453.05,3.38,248.0,97501.0,False,5,11,135
2010-05-15 12:00:00,36.84,39.55,962.0,702.68,264.0,450.65,2.97,252.0,97405.0,False,5,12,135
2010-05-15 13:00:00,37.99,36.0,945.0,761.01,217.0,456.65,2.55,258.0,97270.0,False,5,13,135
2010-05-15 14:00:00,38.77,33.35,830.0,724.89,207.0,456.25,2.07,261.0,97164.0,False,5,14,135
2010-05-15 15:00:00,39.17,30.95,655.0,657.82,189.0,459.05,1.24,254.0,97106.0,False,5,15,135
2010-05-15 16:00:00,39.08,29.95,430.0,507.97,169.0,459.45,0.9,232.0,97086.0,False,5,16,135
2010-05-15 17:00:00,38.67,29.75,195.0,287.27,112.0,456.05,0.9,200.0,97077.0,False,5,17,135
2010-05-15 18:00:00,36.99,32.7,12.0,20.38,11.0,456.05,0.97,167.0,97115.0,False,5,18,135
2010-05-15 19:00:00,34.42,44.3,0.0,-0.0,0.0,441.45,3.24,219.0,97173.0,False,5,19,135
2010-05-15 20:00:00,33.11,51.5,0.0,-0.0,0.0,447.05,3.59,227.0,97299.0,False,5,20,135
2010-05-15 21:00:00,32.04,57.5,0.0,-0.0,0.0,437.25,3.17,235.0,97395.0,False,5,21,135
2010-05-15 22:00:00,31.42,60.65,0.0,-0.0,0.0,443.65,2.9,228.0,97453.0,False,5,22,135
2010-05-15 23:00:00,30.88,62.65,0.0,-0.0,0.0,439.85,2.9,221.0,97414.0,False,5,23,135
2010-05-16 00:00:00,30.32,64.4,0.0,-0.0,0.0,431.45,2.97,220.0,97385.0,False,5,0,136
2010-05-16 01:00:00,29.8,65.95,0.0,-0.0,0.0,426.05,3.24,218.0,97318.0,False,5,1,136
2010-05-16 02:00:00,29.37,67.2,0.0,-0.0,0.0,422.85,3.1,218.0,97289.0,False,5,2,136
2010-05-16 03:00:00,29.07,68.05,0.0,-0.0,0.0,421.85,2.76,217.0,97260.0,False,5,3,136
2010-05-16 04:00:00,28.77,69.15,0.0,-0.0,0.0,417.25,2.62,218.0,97289.0,False,5,4,136
2010-05-16 05:00:00,28.51,70.35,0.0,-0.0,0.0,416.25,2.48,221.0,97357.0,False,5,5,136
2010-05-16 06:00:00,28.29,71.7,36.0,66.5,30.0,415.85,2.48,222.0,97405.0,False,5,6,136
2010-05-16 07:00:00,28.56,70.85,248.0,405.02,115.0,409.25,2.9,227.0,97463.0,False,5,7,136
2010-05-16 08:00:00,30.03,65.2,492.0,628.5,147.0,414.25,3.17,230.0,97492.0,False,5,8,136
2010-05-16 09:00:00,31.94,56.95,708.0,738.29,164.0,421.25,3.38,232.0,97521.0,False,5,9,136
2010-05-16 10:00:00,33.79,49.55,873.0,789.25,179.0,430.25,3.17,233.0,97453.0,False,5,10,136
2010-05-16 11:00:00,35.39,43.9,962.0,778.98,209.0,439.25,2.83,231.0,97472.0,False,5,11,136
2010-05-16 12:00:00,36.66,39.8,994.0,788.62,211.0,448.65,2.28,229.0,97385.0,False,5,12,136
2010-05-16 13:00:00,37.64,37.05,955.0,789.56,200.0,456.05,1.93,220.0,97328.0,False,5,13,136
2010-05-16 14:00:00,37.75,36.35,825.0,709.98,215.0,460.65,1.86,216.0,97250.0,False,5,14,136
2010-05-16 15:00:00,37.5,35.6,666.0,695.97,173.0,466.65,1.59,211.0,97193.0,False,5,15,136
2010-05-16 16:00:00,36.59,37.8,427.0,498.0,171.0,463.85,1.17,236.0,97183.0,False,5,16,136
2010-05-16 17:00:00,35.66,39.3,213.0,390.34,100.0,458.25,0.28,310.0,97164.0,False,5,17,136
2010-05-16 18:00:00,33.31,46.2,12.0,20.01,11.0,450.25,0.28,195.0,97125.0,False,5,18,136
2010-05-16 19:00:00,35.32,34.0,0.0,-0.0,0.0,442.05,1.17,219.0,97193.0,False,5,19,136
2010-05-16 20:00:00,34.07,38.15,0.0,-0.0,0.0,438.05,1.45,228.0,97231.0,False,5,20,136
2010-05-16 21:00:00,33.2,40.6,0.0,-0.0,0.0,436.85,1.72,224.0,97337.0,False,5,21,136
2010-05-16 22:00:00,32.28,43.45,0.0,-0.0,0.0,425.05,2.07,221.0,97347.0,False,5,22,136
2010-05-16 23:00:00,31.46,46.9,0.0,-0.0,0.0,420.65,2.28,217.0,97395.0,False,5,23,136
2010-05-17 00:00:00,30.79,50.5,0.0,-0.0,0.0,420.05,2.34,215.0,97328.0,False,5,0,137
2010-05-17 01:00:00,30.22,53.75,0.0,-0.0,0.0,415.05,2.41,218.0,97328.0,False,5,1,137
2010-05-17 02:00:00,29.82,56.15,0.0,-0.0,0.0,415.65,2.62,221.0,97270.0,False,5,2,137
2010-05-17 03:00:00,29.55,57.75,0.0,-0.0,0.0,416.65,2.76,222.0,97260.0,False,5,3,137
2010-05-17 04:00:00,29.23,59.4,0.0,-0.0,0.0,413.45,2.69,221.0,97289.0,False,5,4,137
2010-05-17 05:00:00,28.89,60.8,0.0,-0.0,0.0,411.85,2.55,222.0,97318.0,False,5,5,137
2010-05-17 06:00:00,28.61,61.8,39.0,87.99,31.0,410.05,2.48,226.0,97328.0,False,5,6,137
2010-05-17 07:00:00,29.68,59.65,250.0,413.7,114.0,408.85,2.69,230.0,97395.0,False,5,7,137
2010-05-17 08:00:00,31.28,54.6,494.0,641.18,142.0,416.45,3.31,234.0,97434.0,False,5,8,137
2010-05-17 09:00:00,33.26,48.35,703.0,724.9,169.0,422.05,3.45,242.0,97472.0,False,5,9,137
2010-05-17 10:00:00,35.09,42.4,858.0,746.34,202.0,433.25,3.31,252.0,97434.0,False,5,10,137
2010-05-17 11:00:00,36.58,37.65,961.0,778.32,209.0,444.85,2.76,259.0,97405.0,False,5,11,137
2010-05-17 12:00:00,37.84,33.55,987.0,772.87,220.0,451.85,2.21,270.0,97308.0,False,5,12,137
2010-05-17 13:00:00,38.67,30.75,928.0,717.7,242.0,453.85,1.66,290.0,97222.0,False,5,13,137
2010-05-17 14:00:00,39.2,29.35,833.0,736.95,200.0,466.25,0.76,324.0,97115.0,False,5,14,137
2010-05-17 15:00:00,38.8,28.7,454.0,166.58,336.0,460.85,1.1,331.0,97038.0,False,5,15,137
2010-05-17 16:00:00,37.04,33.45,40.0,0.0,40.0,459.85,2.9,310.0,97058.0,False,5,16,137
2010-05-17 17:00:00,35.94,35.85,34.0,0.0,34.0,450.45,3.1,298.0,97048.0,False,5,17,137
2010-05-17 18:00:00,35.12,37.85,5.0,0.0,5.0,452.25,2.48,295.0,97019.0,False,5,18,137
2010-05-17 19:00:00,34.57,37.8,0.0,-0.0,0.0,441.85,2.14,206.0,97135.0,False,5,19,137
2010-05-17 20:00:00,33.38,41.0,0.0,-0.0,0.0,440.45,2.62,206.0,97202.0,False,5,20,137
2010-05-17 21:00:00,32.55,43.65,0.0,-0.0,0.0,439.65,2.55,208.0,97289.0,False,5,21,137
2010-05-17 22:00:00,31.74,46.15,0.0,-0.0,0.0,426.65,2.41,217.0,97337.0,False,5,22,137
2010-05-17 23:00:00,31.27,47.8,0.0,-0.0,0.0,430.05,2.48,218.0,97337.0,False,5,23,137
2010-05-18 00:00:00,30.71,49.85,0.0,-0.0,0.0,420.25,2.48,219.0,97289.0,False,5,0,138
2010-05-18 01:00:00,30.17,52.05,0.0,-0.0,0.0,414.65,2.55,223.0,97241.0,False,5,1,138
2010-05-18 02:00:00,29.63,54.6,0.0,-0.0,0.0,412.05,2.48,220.0,97183.0,False,5,2,138
2010-05-18 03:00:00,29.1,57.55,0.0,-0.0,0.0,409.25,2.62,217.0,97173.0,False,5,3,138
2010-05-18 04:00:00,28.63,60.8,0.0,-0.0,0.0,409.45,2.76,216.0,97193.0,False,5,4,138
2010-05-18 05:00:00,28.1,64.7,0.0,-0.0,0.0,403.45,2.83,215.0,97270.0,False,5,5,138
2010-05-18 06:00:00,27.68,68.0,32.0,43.69,28.0,401.45,2.69,212.0,97299.0,False,5,6,138
2010-05-18 07:00:00,28.19,66.95,260.0,477.13,103.0,401.85,2.83,207.0,97385.0,False,5,7,138
2010-05-18 08:00:00,29.73,61.7,478.0,573.76,163.0,406.05,3.24,214.0,97414.0,False,5,8,138
2010-05-18 09:00:00,31.73,54.55,695.0,697.95,181.0,413.45,3.31,224.0,97453.0,False,5,9,138
2010-05-18 10:00:00,33.7,47.75,862.0,760.32,194.0,423.45,3.38,237.0,97472.0,False,5,10,138
2010-05-18 11:00:00,35.37,42.45,955.0,764.2,217.0,433.65,3.38,248.0,97424.0,False,5,11,138
2010-05-18 12:00:00,36.76,38.1,900.0,560.52,344.0,441.25,3.1,255.0,97308.0,False,5,12,138
2010-05-18 13:00:00,37.75,35.2,937.0,745.21,225.0,448.85,2.62,257.0,97212.0,False,5,13,138
2010-05-18 14:00:00,38.29,33.15,837.0,751.13,192.0,453.25,2.0,257.0,97144.0,False,5,14,138
2010-05-18 15:00:00,38.69,31.6,647.0,632.45,199.0,455.05,1.31,246.0,97048.0,False,5,15,138
2010-05-18 16:00:00,38.39,31.15,278.0,95.22,229.0,461.25,0.9,208.0,97019.0,False,5,16,138
2010-05-18 17:00:00,37.94,31.7,81.0,3.44,80.0,454.45,1.17,162.0,96980.0,False,5,17,138
2010-05-18 18:00:00,36.27,35.15,11.0,19.3,10.0,448.25,1.72,153.0,97019.0,False,5,18,138
2010-05-18 19:00:00,34.9,36.7,0.0,-0.0,0.0,445.05,1.52,129.0,97096.0,False,5,19,138
2010-05-18 20:00:00,33.86,39.9,0.0,-0.0,0.0,437.45,1.79,149.0,97164.0,False,5,20,138
2010-05-18 21:00:00,32.84,43.9,0.0,-0.0,0.0,431.65,2.0,183.0,97222.0,False,5,21,138
2010-05-18 22:00:00,32.01,48.1,0.0,-0.0,0.0,432.85,2.14,202.0,97202.0,False,5,22,138
2010-05-18 23:00:00,31.18,52.4,0.0,-0.0,0.0,422.85,2.21,207.0,97231.0,False,5,23,138
2010-05-19 00:00:00,30.52,55.8,0.0,-0.0,0.0,421.25,2.34,207.0,97164.0,False,5,0,139
2010-05-19 01:00:00,29.96,58.65,0.0,-0.0,0.0,416.45,2.48,210.0,97077.0,False,5,1,139
2010-05-19 02:00:00,29.53,61.1,0.0,-0.0,0.0,413.85,2.62,215.0,97038.0,False,5,2,139
2010-05-19 03:00:00,29.15,63.4,0.0,-0.0,0.0,411.25,2.69,219.0,97019.0,False,5,3,139
2010-05-19 04:00:00,28.82,65.4,0.0,-0.0,0.0,408.85,2.62,218.0,97058.0,False,5,4,139
2010-05-19 05:00:00,28.54,66.9,0.0,-0.0,0.0,410.45,2.55,214.0,97086.0,False,5,5,139
2010-05-19 06:00:00,28.27,68.3,41.0,97.69,32.0,407.85,2.55,214.0,97144.0,False,5,6,139
2010-05-19 07:00:00,28.99,67.05,249.0,406.91,115.0,408.45,2.97,214.0,97202.0,False,5,7,139
2010-05-19 08:00:00,30.55,61.1,486.0,606.57,153.0,413.85,3.66,219.0,97260.0,False,5,8,139
2010-05-19 09:00:00,32.48,53.85,695.0,696.82,182.0,420.85,3.93,225.0,97289.0,False,5,9,139
2010-05-19 10:00:00,34.32,47.35,865.0,773.2,186.0,430.25,3.79,231.0,97308.0,False,5,10,139
2010-05-19 11:00:00,35.95,41.7,954.0,763.55,217.0,438.45,3.45,236.0,97231.0,False,5,11,139
2010-05-19 12:00:00,37.29,36.9,985.0,771.59,220.0,446.05,2.83,243.0,97173.0,False,5,12,139
2010-05-19 13:00:00,38.15,33.5,936.0,744.47,225.0,452.85,2.28,250.0,97096.0,False,5,13,139
2010-05-19 14:00:00,38.81,31.4,791.0,618.53,260.0,454.85,1.72,248.0,96971.0,False,5,14,139
2010-05-19 15:00:00,38.98,29.35,439.0,145.4,336.0,460.05,1.1,231.0,96913.0,False,5,15,139
2010-05-19 16:00:00,38.13,29.9,358.0,262.18,223.0,460.45,1.24,214.0,96865.0,False,5,16,139
2010-05-19 17:00:00,36.44,33.85,220.0,429.11,95.0,455.85,1.59,192.0,96922.0,False,5,17,139
2010-05-19 18:00:00,34.47,40.8,16.0,37.9,14.0,448.45,2.62,158.0,96951.0,False,5,18,139
2010-05-19 19:00:00,34.11,39.15,0.0,-0.0,0.0,433.85,0.62,213.0,97067.0,False,5,19,139
2010-05-19 20:00:00,33.02,42.55,0.0,-0.0,0.0,436.25,1.03,147.0,97183.0,False,5,20,139
2010-05-19 21:00:00,32.01,46.85,0.0,-0.0,0.0,435.85,1.59,112.0,97279.0,False,5,21,139
2010-05-19 22:00:00,31.33,51.45,0.0,-0.0,0.0,428.45,0.69,146.0,97511.0,False,5,22,139
2010-05-19 23:00:00,30.85,51.75,0.0,-0.0,0.0,426.85,1.66,180.0,97472.0,False,5,23,139
2010-05-20 00:00:00,30.49,53.5,0.0,-0.0,0.0,436.05,2.41,181.0,97385.0,False,5,0,140
2010-05-20 01:00:00,29.72,58.0,0.0,-0.0,0.0,423.85,2.83,186.0,97308.0,False,5,1,140
2010-05-20 02:00:00,29.0,63.25,0.0,-0.0,0.0,430.05,3.03,192.0,97241.0,False,5,2,140
2010-05-20 03:00:00,28.25,67.6,0.0,-0.0,0.0,432.85,3.17,194.0,97241.0,False,5,3,140
2010-05-20 04:00:00,27.44,71.6,0.0,-0.0,0.0,418.65,3.24,197.0,97250.0,False,5,4,140
2010-05-20 05:00:00,27.07,74.25,0.0,-0.0,0.0,420.45,2.83,202.0,97289.0,False,5,5,140
2010-05-20 06:00:00,26.68,76.0,24.0,10.79,23.0,417.65,2.76,209.0,97328.0,False,5,6,140
2010-05-20 07:00:00,26.56,76.4,90.0,3.03,89.0,424.05,2.83,219.0,97366.0,False,5,7,140
2010-05-20 08:00:00,27.13,74.25,232.0,25.5,218.0,426.65,2.9,219.0,97414.0,False,5,8,140
2010-05-20 09:00:00,28.15,69.9,99.0,0.0,99.0,430.05,2.97,222.0,97434.0,False,5,9,140
2010-05-20 10:00:00,29.38,64.65,274.0,1.14,273.0,435.85,2.83,224.0,97405.0,False,5,10,140
2010-05-20 11:00:00,30.79,58.95,87.0,0.0,87.0,441.05,2.69,221.0,97366.0,False,5,11,140
2010-05-20 12:00:00,32.3,53.05,242.0,0.0,242.0,447.85,2.76,213.0,97347.0,False,5,12,140
2010-05-20 13:00:00,34.02,46.55,457.0,34.57,424.0,451.25,2.83,213.0,97299.0,False,5,13,140
2010-05-20 14:00:00,35.47,41.45,592.0,207.39,414.0,454.05,2.83,214.0,97212.0,False,5,14,140
2010-05-20 15:00:00,35.8,39.6,685.0,769.33,140.0,448.45,2.55,212.0,97193.0,False,5,15,140
2010-05-20 16:00:00,35.53,39.75,428.0,498.8,171.0,453.25,2.28,215.0,97135.0,False,5,16,140
2010-05-20 17:00:00,33.88,44.2,213.0,380.21,102.0,446.85,2.41,216.0,97135.0,False,5,17,140
2010-05-20 18:00:00,33.05,47.25,15.0,37.22,13.0,434.65,2.07,197.0,97202.0,False,5,18,140
2010-05-20 19:00:00,31.53,52.8,0.0,-0.0,0.0,437.65,1.31,247.0,97212.0,False,5,19,140
2010-05-20 20:00:00,31.08,55.05,0.0,-0.0,0.0,430.45,0.83,202.0,97308.0,False,5,20,140
2010-05-20 21:00:00,30.6,57.75,0.0,-0.0,0.0,430.25,1.1,155.0,97414.0,False,5,21,140
2010-05-20 22:00:00,30.18,59.9,0.0,-0.0,0.0,431.65,1.38,154.0,97405.0,False,5,22,140
2010-05-20 23:00:00,29.86,61.6,0.0,-0.0,0.0,433.85,1.59,162.0,97434.0,False,5,23,140
2010-05-21 00:00:00,29.53,63.2,0.0,-0.0,0.0,435.85,1.52,186.0,97395.0,False,5,0,141
2010-05-21 01:00:00,29.2,64.9,0.0,-0.0,0.0,433.25,1.52,201.0,97414.0,False,5,1,141
2010-05-21 02:00:00,28.75,67.2,0.0,-0.0,0.0,424.25,1.79,191.0,97443.0,False,5,2,141
2010-05-21 03:00:00,28.33,69.6,0.0,-0.0,0.0,420.05,1.86,202.0,97501.0,False,5,3,141
2010-05-21 04:00:00,27.98,71.6,0.0,-0.0,0.0,416.05,2.14,218.0,97501.0,False,5,4,141
2010-05-21 05:00:00,27.76,72.6,0.0,-0.0,0.0,419.65,2.28,227.0,97521.0,False,5,5,141
2010-05-21 06:00:00,27.53,73.45,32.0,32.22,29.0,416.85,2.34,233.0,97569.0,False,5,6,141
2010-05-21 07:00:00,26.25,80.5,95.0,3.03,94.0,406.05,2.21,212.0,97578.0,False,5,7,141
2010-05-21 08:00:00,27.66,73.05,394.0,286.06,237.0,408.85,2.07,214.0,97607.0,False,5,8,141
2010-05-21 09:00:00,29.71,63.7,307.0,19.03,293.0,416.05,2.0,218.0,97656.0,False,5,9,141
2010-05-21 10:00:00,31.72,55.7,580.0,173.26,428.0,426.45,1.93,220.0,97627.0,False,5,10,141
2010-05-21 11:00:00,32.95,51.3,697.0,240.6,465.0,438.65,1.72,210.0,97598.0,False,5,11,141
2010-05-21 12:00:00,33.92,48.0,763.0,305.91,460.0,445.45,1.66,196.0,97540.0,False,5,12,141
2010-05-21 13:00:00,34.79,45.2,693.0,246.25,458.0,452.65,1.72,185.0,97434.0,False,5,13,141
2010-05-21 14:00:00,34.57,45.35,519.0,118.87,417.0,457.85,1.79,175.0,97385.0,False,5,14,141
2010-05-21 15:00:00,34.49,44.5,564.0,389.57,288.0,458.45,1.79,170.0,97318.0,False,5,15,141
2010-05-21 16:00:00,34.19,44.45,368.0,288.99,219.0,448.85,1.79,173.0,97366.0,False,5,16,141
2010-05-21 17:00:00,33.85,44.7,156.0,119.61,121.0,442.45,1.86,170.0,97366.0,False,5,17,141
2010-05-21 18:00:00,33.17,46.5,16.0,36.55,14.0,437.05,1.66,169.0,97376.0,False,5,18,141
2010-05-21 19:00:00,30.31,58.4,0.0,-0.0,0.0,439.25,2.62,119.0,97424.0,False,5,19,141
2010-05-21 20:00:00,29.75,60.9,0.0,-0.0,0.0,437.45,1.52,135.0,97482.0,False,5,20,141
2010-05-21 21:00:00,29.46,62.4,0.0,-0.0,0.0,430.25,1.17,205.0,97549.0,False,5,21,141
2010-05-21 22:00:00,29.19,63.8,0.0,-0.0,0.0,423.65,1.1,219.0,97453.0,False,5,22,141
2010-05-21 23:00:00,29.03,64.55,0.0,-0.0,0.0,431.05,1.24,194.0,97492.0,False,5,23,141
2010-05-22 00:00:00,28.47,66.85,0.0,-0.0,0.0,426.45,1.72,214.0,97492.0,False,5,0,142
2010-05-22 01:00:00,28.23,67.55,0.0,-0.0,0.0,427.25,2.0,217.0,97521.0,False,5,1,142
2010-05-22 02:00:00,28.1,67.55,0.0,-0.0,0.0,433.85,2.14,214.0,97511.0,False,5,2,142
2010-05-22 03:00:00,27.9,68.1,0.0,-0.0,0.0,432.85,2.14,212.0,97472.0,False,5,3,142
2010-05-22 04:00:00,27.68,69.1,0.0,-0.0,0.0,432.25,2.07,214.0,97472.0,False,5,4,142
2010-05-22 05:00:00,27.31,71.05,0.0,-0.0,0.0,420.05,2.28,220.0,97492.0,False,5,5,142
2010-05-22 06:00:00,27.09,72.7,28.0,21.39,26.0,422.45,2.21,228.0,97501.0,False,5,6,142
2010-05-22 07:00:00,27.86,72.25,248.0,397.22,117.0,424.45,2.07,238.0,97559.0,False,5,7,142
2010-05-22 08:00:00,29.1,66.8,381.0,251.51,243.0,420.85,2.48,245.0,97578.0,False,5,8,142
2010-05-22 09:00:00,30.79,59.25,670.0,621.54,213.0,419.25,2.9,252.0,97578.0,False,5,9,142
2010-05-22 10:00:00,32.47,51.45,821.0,650.07,251.0,429.25,2.69,256.0,97530.0,False,5,10,142
2010-05-22 11:00:00,33.79,46.35,941.0,733.61,234.0,439.65,2.14,246.0,97492.0,False,5,11,142
2010-05-22 12:00:00,34.79,42.55,950.0,685.84,271.0,447.25,1.72,225.0,97395.0,False,5,12,142
2010-05-22 13:00:00,35.7,39.25,816.0,460.19,377.0,446.25,1.45,216.0,97308.0,False,5,13,142
2010-05-22 14:00:00,36.43,36.3,803.0,655.06,241.0,450.25,1.17,209.0,97222.0,False,5,14,142
2010-05-22 15:00:00,36.83,34.65,643.0,619.58,204.0,451.25,1.1,198.0,97173.0,False,5,15,142
2010-05-22 16:00:00,36.78,34.35,428.0,498.11,171.0,449.65,1.03,192.0,97144.0,False,5,16,142
2010-05-22 17:00:00,36.05,35.0,203.0,313.69,111.0,446.65,0.62,190.0,97135.0,False,5,17,142
2010-05-22 18:00:00,34.97,37.15,17.0,35.9,15.0,452.05,1.1,195.0,97270.0,False,5,18,142
2010-05-22 19:00:00,31.75,47.1,0.0,-0.0,0.0,444.25,2.48,200.0,97299.0,False,5,19,142
2010-05-22 20:00:00,30.93,51.25,0.0,-0.0,0.0,426.25,2.14,203.0,97337.0,False,5,20,142
2010-05-22 21:00:00,30.34,55.5,0.0,-0.0,0.0,428.65,2.07,204.0,97443.0,False,5,21,142
2010-05-22 22:00:00,29.69,60.3,0.0,-0.0,0.0,420.65,2.14,209.0,97424.0,False,5,22,142
2010-05-22 23:00:00,29.21,64.5,0.0,-0.0,0.0,422.25,2.28,215.0,97414.0,False,5,23,142
2010-05-23 00:00:00,28.87,67.55,0.0,-0.0,0.0,424.85,2.48,218.0,97395.0,False,5,0,143
2010-05-23 01:00:00,28.53,69.75,0.0,-0.0,0.0,418.05,2.48,216.0,97318.0,False,5,1,143
2010-05-23 02:00:00,28.31,71.0,0.0,-0.0,0.0,420.85,2.34,214.0,97279.0,False,5,2,143
2010-05-23 03:00:00,28.08,72.15,0.0,-0.0,0.0,420.65,2.21,214.0,97260.0,False,5,3,143
2010-05-23 04:00:00,27.76,73.7,0.0,-0.0,0.0,412.85,2.14,217.0,97279.0,False,5,4,143
2010-05-23 05:00:00,27.6,74.35,0.0,-0.0,0.0,417.85,2.0,224.0,97318.0,False,5,5,143
2010-05-23 06:00:00,27.34,75.35,43.0,106.53,33.0,410.45,1.79,234.0,97347.0,False,5,6,143
2010-05-23 07:00:00,28.35,70.4,208.0,215.24,137.0,412.85,1.72,256.0,97414.0,False,5,7,143
2010-05-23 08:00:00,30.01,62.9,409.0,331.81,227.0,422.85,1.93,259.0,97482.0,False,5,8,143
2010-05-23 09:00:00,31.92,54.9,482.0,180.97,349.0,431.65,2.07,256.0,97492.0,False,5,9,143
2010-05-23 10:00:00,33.94,47.15,843.0,715.46,216.0,434.05,2.0,256.0,97434.0,False,5,10,143
2010-05-23 11:00:00,35.64,41.0,955.0,775.53,208.0,444.65,1.66,260.0,97395.0,False,5,11,143
2010-05-23 12:00:00,36.86,36.6,997.0,814.51,191.0,449.05,1.1,267.0,97337.0,False,5,12,143
2010-05-23 13:00:00,37.9,33.5,948.0,786.5,198.0,454.85,0.48,284.0,97241.0,False,5,13,143
2010-05-23 14:00:00,38.59,31.6,825.0,721.63,206.0,459.45,0.07,352.0,97164.0,False,5,14,143
2010-05-23 15:00:00,38.67,30.45,646.0,632.2,198.0,460.25,0.21,93.0,97067.0,False,5,15,143
2010-05-23 16:00:00,38.64,29.45,450.0,590.7,145.0,461.45,0.55,120.0,97000.0,False,5,16,143
2010-05-23 17:00:00,38.17,29.5,204.0,319.75,110.0,452.05,0.69,111.0,96990.0,False,5,17,143
2010-05-23 18:00:00,37.07,31.05,15.0,17.63,14.0,457.65,0.41,123.0,96971.0,False,5,18,143
2010-05-23 19:00:00,36.0,31.05,0.0,-0.0,0.0,436.45,2.21,169.0,97009.0,False,5,19,143
2010-05-23 20:00:00,34.68,34.65,0.0,-0.0,0.0,437.85,2.83,175.0,97086.0,False,5,20,143
2010-05-23 21:00:00,33.49,40.2,0.0,-0.0,0.0,429.05,3.03,185.0,97222.0,False,5,21,143
2010-05-23 22:00:00,32.54,46.85,0.0,-0.0,0.0,432.85,3.03,194.0,97260.0,False,5,22,143
2010-05-23 23:00:00,31.77,53.2,0.0,-0.0,0.0,431.45,3.17,199.0,97279.0,False,5,23,143
2010-05-24 00:00:00,31.16,58.05,0.0,-0.0,0.0,428.25,3.38,201.0,97260.0,False,5,0,144
2010-05-24 01:00:00,30.73,60.85,0.0,-0.0,0.0,430.25,3.31,203.0,97241.0,False,5,1,144
2010-05-24 02:00:00,30.22,63.05,0.0,-0.0,0.0,423.65,2.97,210.0,97260.0,False,5,2,144
2010-05-24 03:00:00,29.83,64.7,0.0,-0.0,0.0,425.65,2.62,219.0,97260.0,False,5,3,144
2010-05-24 04:00:00,29.47,66.3,0.0,-0.0,0.0,422.25,2.34,229.0,97299.0,False,5,4,144
2010-05-24 05:00:00,29.15,67.85,0.0,-0.0,0.0,422.85,2.07,240.0,97376.0,False,5,5,144
2010-05-24 06:00:00,28.94,69.0,4.0,0.0,4.0,421.85,2.07,238.0,97443.0,False,5,6,144
2010-05-24 07:00:00,28.99,72.1,47.0,0.0,47.0,428.05,3.38,202.0,97521.0,False,5,7,144
2010-05-24 08:00:00,30.13,66.55,43.0,0.0,43.0,437.45,3.79,210.0,97559.0,False,5,8,144
2010-05-24 09:00:00,31.92,58.25,69.0,0.0,69.0,438.45,4.0,224.0,97549.0,False,5,9,144
2010-05-24 10:00:00,33.73,51.1,123.0,0.0,123.0,443.65,3.72,240.0,97530.0,False,5,10,144
2010-05-24 11:00:00,34.9,46.45,404.0,14.54,390.0,458.25,3.38,253.0,97376.0,False,5,11,144
2010-05-24 12:00:00,36.15,42.15,610.0,122.33,489.0,465.45,3.03,261.0,97357.0,False,5,12,144
2010-05-24 13:00:00,37.09,38.95,625.0,161.55,471.0,460.25,2.83,262.0,97260.0,False,5,13,144
2010-05-24 14:00:00,37.79,36.55,608.0,234.36,407.0,465.25,2.41,253.0,97183.0,False,5,14,144
2010-05-24 15:00:00,37.91,36.2,471.0,194.71,333.0,466.65,2.14,226.0,97096.0,False,5,15,144
2010-05-24 16:00:00,36.87,38.4,308.0,143.2,234.0,465.65,2.14,206.0,97106.0,False,5,16,144
2010-05-24 17:00:00,35.94,39.9,155.0,111.98,122.0,462.65,2.34,189.0,97260.0,False,5,17,144
2010-05-24 18:00:00,35.09,42.55,19.0,51.96,16.0,458.45,1.52,213.0,97183.0,False,5,18,144
2010-05-24 19:00:00,31.42,57.2,0.0,-0.0,0.0,438.85,2.41,224.0,97250.0,False,5,19,144
2010-05-24 20:00:00,30.81,60.7,0.0,-0.0,0.0,433.25,2.14,232.0,97357.0,False,5,20,144
2010-05-24 21:00:00,30.36,63.45,0.0,-0.0,0.0,430.85,2.21,236.0,97472.0,False,5,21,144
2010-05-24 22:00:00,29.86,66.4,0.0,-0.0,0.0,428.45,2.14,228.0,97463.0,False,5,22,144
2010-05-24 23:00:00,29.42,69.0,0.0,-0.0,0.0,429.65,2.28,209.0,97492.0,False,5,23,144
2010-05-25 00:00:00,28.9,71.8,0.0,-0.0,0.0,424.85,2.48,199.0,97453.0,False,5,0,145
2010-05-25 01:00:00,28.46,74.05,0.0,-0.0,0.0,422.05,2.62,197.0,97385.0,False,5,1,145
2010-05-25 02:00:00,28.13,75.4,0.0,-0.0,0.0,422.05,2.41,205.0,97318.0,False,5,2,145
2010-05-25 03:00:00,27.86,76.35,0.0,-0.0,0.0,422.25,2.34,220.0,97270.0,False,5,3,145
2010-05-25 04:00:00,27.62,76.85,0.0,-0.0,0.0,412.85,2.76,227.0,97308.0,False,5,4,145
2010-05-25 05:00:00,27.41,77.15,0.0,-0.0,0.0,411.25,2.69,233.0,97328.0,False,5,5,145
2010-05-25 06:00:00,27.3,77.2,38.0,74.14,31.0,412.05,2.55,238.0,97347.0,False,5,6,145
2010-05-25 07:00:00,27.15,77.1,230.0,306.19,129.0,402.85,2.9,240.0,97395.0,False,5,7,145
2010-05-25 08:00:00,28.83,69.35,458.0,498.14,185.0,406.25,2.9,240.0,97424.0,False,5,8,145
2010-05-25 09:00:00,30.92,60.45,661.0,595.29,224.0,414.05,2.83,240.0,97443.0,False,5,9,145
2010-05-25 10:00:00,33.01,52.35,837.0,701.43,223.0,425.85,2.62,240.0,97443.0,False,5,10,145
2010-05-25 11:00:00,34.8,45.9,948.0,759.75,217.0,435.05,2.34,243.0,97376.0,False,5,11,145
2010-05-25 12:00:00,36.2,41.45,979.0,768.74,219.0,443.85,2.07,247.0,97357.0,False,5,12,145
2010-05-25 13:00:00,37.23,38.05,932.0,741.92,225.0,452.45,1.59,254.0,97279.0,False,5,13,145
2010-05-25 14:00:00,37.41,37.2,811.0,679.86,228.0,460.25,1.1,267.0,97193.0,False,5,14,145
2010-05-25 15:00:00,37.27,36.95,632.0,584.01,218.0,462.05,1.24,285.0,97183.0,False,5,15,145
2010-05-25 16:00:00,36.93,37.25,426.0,489.2,173.0,460.85,1.31,297.0,97115.0,False,5,16,145
2010-05-25 17:00:00,36.62,37.65,201.0,297.88,113.0,461.05,1.24,302.0,97058.0,False,5,17,145
2010-05-25 18:00:00,35.17,40.55,14.0,17.02,13.0,450.65,0.55,273.0,97019.0,False,5,18,145
2010-05-25 19:00:00,34.23,46.1,0.0,-0.0,0.0,439.25,0.97,197.0,97115.0,False,5,19,145
2010-05-25 20:00:00,33.52,48.75,0.0,-0.0,0.0,447.65,1.66,191.0,97183.0,False,5,20,145
2010-05-25 21:00:00,32.65,51.6,0.0,-0.0,0.0,437.45,2.34,202.0,97289.0,False,5,21,145
2010-05-25 22:00:00,31.95,54.35,0.0,-0.0,0.0,437.85,2.76,216.0,97289.0,False,5,22,145
2010-05-25 23:00:00,31.19,58.25,0.0,-0.0,0.0,432.85,2.9,223.0,97318.0,False,5,23,145
2010-05-26 00:00:00,30.52,62.3,0.0,-0.0,0.0,432.45,2.83,225.0,97289.0,False,5,0,146
2010-05-26 01:00:00,29.91,65.7,0.0,-0.0,0.0,427.05,2.83,225.0,97231.0,False,5,1,146
2010-05-26 02:00:00,29.48,67.95,0.0,-0.0,0.0,423.85,2.76,225.0,97183.0,False,5,2,146
2010-05-26 03:00:00,29.08,69.85,0.0,-0.0,0.0,417.65,2.69,226.0,97164.0,False,5,3,146
2010-05-26 04:00:00,28.77,71.35,0.0,-0.0,0.0,414.85,2.69,227.0,97173.0,False,5,4,146
2010-05-26 05:00:00,28.52,72.6,0.0,-0.0,0.0,414.05,2.62,228.0,97202.0,False,5,5,146
2010-05-26 06:00:00,28.34,73.55,37.0,52.85,32.0,414.45,2.62,229.0,97260.0,False,5,6,146
2010-05-26 07:00:00,28.95,70.0,197.0,172.84,140.0,411.85,3.17,238.0,97299.0,False,5,7,146
2010-05-26 08:00:00,30.56,63.15,397.0,299.4,233.0,416.45,3.79,241.0,97366.0,False,5,8,146
2010-05-26 09:00:00,32.41,55.55,537.0,279.42,332.0,423.85,3.93,245.0,97357.0,False,5,9,146
2010-05-26 10:00:00,34.36,48.35,706.0,382.93,371.0,433.05,3.79,251.0,97376.0,False,5,10,146
2010-05-26 11:00:00,35.98,43.15,812.0,439.87,389.0,441.65,3.45,255.0,97318.0,False,5,11,146
2010-05-26 12:00:00,37.34,38.95,877.0,522.18,361.0,450.25,3.03,258.0,97270.0,False,5,12,146
2010-05-26 13:00:00,38.36,35.4,875.0,596.25,307.0,457.05,2.55,260.0,97144.0,False,5,13,146
2010-05-26 14:00:00,39.06,32.85,716.0,437.36,341.0,463.45,2.21,260.0,97067.0,False,5,14,146
2010-05-26 15:00:00,39.44,31.4,589.0,455.54,266.0,469.25,1.86,259.0,96980.0,False,5,15,146
2010-05-26 16:00:00,39.12,31.2,299.0,125.58,234.0,462.45,1.72,259.0,96951.0,False,5,16,146
2010-05-26 17:00:00,38.57,31.8,183.0,209.34,121.0,466.85,1.59,251.0,96922.0,False,5,17,146
2010-05-26 18:00:00,36.65,35.85,5.0,0.0,5.0,456.45,1.79,262.0,96961.0,False,5,18,146
2010-05-26 19:00:00,35.79,38.85,0.0,-0.0,0.0,458.05,2.07,200.0,97048.0,False,5,19,146
2010-05-26 20:00:00,34.59,43.3,0.0,-0.0,0.0,445.25,2.48,207.0,97086.0,False,5,20,146
2010-05-26 21:00:00,33.77,46.9,0.0,-0.0,0.0,440.05,2.83,210.0,97173.0,False,5,21,146
2010-05-26 22:00:00,33.08,49.9,0.0,-0.0,0.0,434.05,3.1,206.0,97154.0,False,5,22,146
2010-05-26 23:00:00,32.35,53.3,0.0,-0.0,0.0,431.85,3.52,203.0,97212.0,False,5,23,146
2010-05-27 00:00:00,31.55,57.2,0.0,-0.0,0.0,431.65,3.72,203.0,97164.0,False,5,0,147
2010-05-27 01:00:00,30.82,60.5,0.0,-0.0,0.0,428.45,3.66,206.0,97164.0,False,5,1,147
2010-05-27 02:00:00,30.24,63.0,0.0,-0.0,0.0,427.45,3.59,207.0,97106.0,False,5,2,147
2010-05-27 03:00:00,29.74,65.1,0.0,-0.0,0.0,425.25,3.45,208.0,97135.0,False,5,3,147
2010-05-27 04:00:00,29.26,67.15,0.0,-0.0,0.0,421.65,3.24,211.0,97135.0,False,5,4,147
2010-05-27 05:00:00,28.86,68.95,0.0,-0.0,0.0,420.05,3.1,213.0,97144.0,False,5,5,147
2010-05-27 06:00:00,28.55,70.4,42.0,94.99,33.0,418.05,2.9,212.0,97183.0,False,5,6,147
2010-05-27 07:00:00,28.74,72.2,243.0,376.13,119.0,420.05,3.72,211.0,97231.0,False,5,7,147
2010-05-27 08:00:00,29.88,67.4,423.0,378.12,216.0,424.05,4.0,212.0,97308.0,False,5,8,147
2010-05-27 09:00:00,32.01,58.0,559.0,325.97,320.0,431.85,4.55,224.0,97347.0,False,5,9,147
2010-05-27 10:00:00,33.51,52.25,724.0,420.91,356.0,450.85,3.79,230.0,97347.0,False,5,10,147
2010-05-27 11:00:00,34.67,47.6,832.0,482.78,368.0,469.45,3.31,231.0,97328.0,False,5,11,147
2010-05-27 12:00:00,35.59,43.95,924.0,631.75,300.0,474.25,2.97,226.0,97250.0,False,5,12,147
2010-05-27 13:00:00,36.73,39.8,879.0,607.98,300.0,468.85,2.62,216.0,97193.0,False,5,13,147
2010-05-27 14:00:00,37.16,37.85,792.0,628.69,253.0,470.25,2.41,206.0,97106.0,False,5,14,147
2010-05-27 15:00:00,37.73,36.0,607.0,506.19,248.0,464.65,2.21,201.0,97058.0,False,5,15,147
2010-05-27 16:00:00,37.65,35.7,437.0,528.88,163.0,468.25,2.28,196.0,97038.0,False,5,16,147
2010-05-27 17:00:00,37.16,36.6,193.0,252.59,118.0,463.25,2.34,189.0,97038.0,False,5,17,147
2010-05-27 18:00:00,36.25,39.2,20.0,49.31,17.0,461.85,2.41,186.0,97067.0,False,5,18,147
2010-05-27 19:00:00,32.54,50.55,0.0,-0.0,0.0,451.25,2.62,184.0,97193.0,False,5,19,147
2010-05-27 20:00:00,31.99,52.15,0.0,-0.0,0.0,443.85,2.0,181.0,97260.0,False,5,20,147
2010-05-27 21:00:00,31.71,53.35,0.0,-0.0,0.0,438.05,2.07,171.0,97376.0,False,5,21,147
2010-05-27 22:00:00,31.43,55.55,0.0,-0.0,0.0,435.25,2.83,170.0,97453.0,False,5,22,147
2010-05-27 23:00:00,31.09,59.4,0.0,-0.0,0.0,436.25,3.45,177.0,97443.0,False,5,23,147
2010-05-28 00:00:00,30.57,63.25,0.0,-0.0,0.0,440.25,3.79,185.0,97434.0,False,5,0,148
2010-05-28 01:00:00,29.92,66.15,0.0,-0.0,0.0,431.25,3.72,190.0,97395.0,False,5,1,148
2010-05-28 02:00:00,29.41,67.85,0.0,-0.0,0.0,427.85,3.59,189.0,97385.0,False,5,2,148
2010-05-28 03:00:00,29.0,68.8,0.0,-0.0,0.0,424.65,3.52,189.0,97357.0,False,5,3,148
2010-05-28 04:00:00,28.69,69.35,0.0,-0.0,0.0,423.85,3.31,191.0,97366.0,False,5,4,148
2010-05-28 05:00:00,28.4,70.05,0.0,-0.0,0.0,421.45,3.03,195.0,97405.0,False,5,5,148
2010-05-28 06:00:00,28.12,70.9,33.0,42.18,29.0,417.45,2.9,197.0,97424.0,False,5,6,148
2010-05-28 07:00:00,28.55,70.05,132.0,30.35,122.0,413.05,2.9,195.0,97463.0,False,5,7,148
2010-05-28 08:00:00,29.9,64.15,176.0,3.66,174.0,414.85,3.45,198.0,97492.0,False,5,8,148
2010-05-28 09:00:00,31.69,57.15,424.0,106.45,346.0,419.45,3.52,201.0,97521.0,False,5,9,148
2010-05-28 10:00:00,33.37,51.05,548.0,139.63,426.0,427.05,3.24,198.0,97559.0,False,5,10,148
2010-05-28 11:00:00,35.02,45.35,857.0,538.22,340.0,436.65,2.97,191.0,97492.0,False,5,11,148
2010-05-28 12:00:00,36.39,40.05,987.0,797.13,200.0,444.25,2.62,178.0,97453.0,False,5,12,148
2010-05-28 13:00:00,37.41,36.1,929.0,741.56,223.0,450.85,2.41,166.0,97347.0,False,5,13,148
2010-05-28 14:00:00,38.0,33.7,702.0,407.1,353.0,456.05,2.28,156.0,97260.0,False,5,14,148
2010-05-28 15:00:00,38.1,32.7,464.0,183.25,334.0,461.65,2.07,151.0,97173.0,False,5,15,148
2010-05-28 16:00:00,38.03,32.6,432.0,509.11,168.0,463.25,1.86,148.0,97144.0,False,5,16,148
2010-05-28 17:00:00,36.84,34.8,213.0,356.07,107.0,459.45,1.93,147.0,97164.0,False,5,17,148
2010-05-28 18:00:00,35.48,38.0,20.0,48.48,17.0,454.65,2.14,163.0,97193.0,False,5,18,148
2010-05-28 19:00:00,33.73,45.05,0.0,-0.0,0.0,444.05,2.0,185.0,97212.0,False,5,19,148
2010-05-28 20:00:00,32.75,49.25,0.0,-0.0,0.0,432.25,2.34,186.0,97318.0,False,5,20,148
2010-05-28 21:00:00,31.88,53.5,0.0,-0.0,0.0,429.45,2.48,190.0,97424.0,False,5,21,148
2010-05-28 22:00:00,31.31,56.65,0.0,-0.0,0.0,436.45,2.34,190.0,97501.0,False,5,22,148
2010-05-28 23:00:00,30.7,59.65,0.0,-0.0,0.0,427.25,2.34,189.0,97549.0,False,5,23,148
2010-05-29 00:00:00,30.23,62.0,0.0,-0.0,0.0,426.05,2.28,195.0,97492.0,False,5,0,149
2010-05-29 01:00:00,29.84,64.0,0.0,-0.0,0.0,426.25,2.28,205.0,97434.0,False,5,1,149
2010-05-29 02:00:00,29.45,66.05,0.0,-0.0,0.0,422.85,2.14,210.0,97357.0,False,5,2,149
2010-05-29 03:00:00,29.1,67.9,0.0,-0.0,0.0,422.05,2.07,211.0,97357.0,False,5,3,149
2010-05-29 04:00:00,28.82,69.45,0.0,-0.0,0.0,423.45,2.07,211.0,97395.0,False,5,4,149
2010-05-29 05:00:00,28.5,71.15,0.0,-0.0,0.0,422.25,2.07,211.0,97405.0,False,5,5,149
2010-05-29 06:00:00,28.21,72.6,40.0,73.78,33.0,419.05,2.07,211.0,97424.0,False,5,6,149
2010-05-29 07:00:00,28.91,71.95,244.0,382.6,118.0,417.85,2.69,208.0,97511.0,False,5,7,149
2010-05-29 08:00:00,30.35,65.35,476.0,579.83,159.0,424.45,2.83,203.0,97588.0,False,5,8,149
2010-05-29 09:00:00,31.97,58.55,684.0,680.13,186.0,433.25,2.83,188.0,97656.0,False,5,9,149
2010-05-29 10:00:00,32.48,56.95,833.0,699.73,222.0,444.45,2.55,168.0,97694.0,False,5,10,149
2010-05-29 11:00:00,34.21,49.35,872.0,573.93,321.0,453.05,1.93,180.0,97636.0,False,5,11,149
2010-05-29 12:00:00,35.33,45.05,89.0,0.0,89.0,454.85,2.34,163.0,97578.0,False,5,12,149
2010-05-29 13:00:00,35.4,44.3,85.0,0.0,85.0,462.05,2.14,166.0,97521.0,False,5,13,149
2010-05-29 14:00:00,35.11,45.55,75.0,0.0,75.0,470.05,1.72,176.0,97414.0,False,5,14,149
2010-05-29 15:00:00,35.4,44.3,103.0,0.0,103.0,462.85,1.1,160.0,97308.0,False,5,15,149
2010-05-29 16:00:00,34.59,46.4,295.0,117.52,234.0,466.45,1.31,176.0,97357.0,False,5,16,149
2010-05-29 17:00:00,34.19,48.1,160.0,120.61,124.0,449.25,1.17,174.0,97337.0,False,5,17,149
2010-05-29 18:00:00,30.96,62.35,18.0,31.77,16.0,456.65,0.83,109.0,97347.0,False,5,18,149
2010-05-29 19:00:00,30.57,63.6,0.0,-0.0,0.0,433.25,1.66,194.0,97385.0,False,5,19,149
2010-05-29 20:00:00,30.27,65.05,0.0,-0.0,0.0,431.45,1.59,195.0,97463.0,False,5,20,149
2010-05-29 21:00:00,29.92,67.15,0.0,-0.0,0.0,427.65,1.52,203.0,97588.0,False,5,21,149
2010-05-29 22:00:00,29.61,68.75,0.0,-0.0,0.0,432.25,1.52,208.0,97627.0,False,5,22,149
2010-05-29 23:00:00,29.34,70.05,0.0,-0.0,0.0,434.25,1.45,219.0,97627.0,False,5,23,149
2010-05-30 00:00:00,29.0,71.55,0.0,-0.0,0.0,430.65,1.59,221.0,97569.0,False,5,0,150
2010-05-30 01:00:00,28.59,73.35,0.0,-0.0,0.0,422.05,1.59,221.0,97511.0,False,5,1,150
2010-05-30 02:00:00,28.3,74.75,0.0,-0.0,0.0,421.25,1.45,227.0,97443.0,False,5,2,150
2010-05-30 03:00:00,28.04,76.05,0.0,-0.0,0.0,417.85,1.38,237.0,97414.0,False,5,3,150
2010-05-30 04:00:00,27.82,77.15,0.0,-0.0,0.0,417.25,1.38,238.0,97443.0,False,5,4,150
2010-05-30 05:00:00,27.6,78.3,0.0,-0.0,0.0,415.65,1.52,240.0,97472.0,False,5,5,150
2010-05-30 06:00:00,27.46,79.1,36.0,52.7,31.0,415.05,1.72,246.0,97559.0,False,5,6,150
2010-05-30 07:00:00,28.1,74.05,216.0,252.21,133.0,414.25,2.69,227.0,97627.0,False,5,7,150
2010-05-30 08:00:00,29.48,67.0,486.0,624.2,145.0,416.65,2.9,234.0,97636.0,False,5,8,150
2010-05-30 09:00:00,31.08,59.95,694.0,718.88,168.0,422.45,2.48,239.0,97627.0,False,5,9,150
2010-05-30 10:00:00,32.75,53.4,864.0,796.43,169.0,430.25,2.07,239.0,97627.0,False,5,10,150
2010-05-30 11:00:00,34.31,47.35,964.0,816.03,181.0,437.25,1.72,236.0,97569.0,False,5,11,150
2010-05-30 12:00:00,35.46,43.05,991.0,811.0,191.0,447.25,1.45,231.0,97511.0,False,5,12,150
2010-05-30 13:00:00,36.44,39.35,943.0,782.94,198.0,451.25,1.31,222.0,97414.0,False,5,13,150
2010-05-30 14:00:00,37.09,36.8,836.0,760.61,184.0,455.25,1.17,227.0,97337.0,False,5,14,150
2010-05-30 15:00:00,37.44,35.0,653.0,655.05,188.0,454.65,0.9,231.0,97299.0,False,5,15,150
2010-05-30 16:00:00,37.22,34.8,428.0,488.86,174.0,452.45,0.69,259.0,97241.0,False,5,16,150
2010-05-30 17:00:00,37.05,34.3,203.0,294.04,115.0,446.65,0.62,287.0,97212.0,False,5,17,150
2010-05-30 18:00:00,35.5,35.85,16.0,15.62,15.0,443.25,0.62,299.0,97173.0,False,5,18,150
2010-05-30 19:00:00,34.91,38.45,0.0,-0.0,0.0,445.85,1.17,242.0,97250.0,False,5,19,150
2010-05-30 20:00:00,33.78,42.15,0.0,-0.0,0.0,435.85,1.59,234.0,97299.0,False,5,20,150
2010-05-30 21:00:00,32.79,45.75,0.0,-0.0,0.0,427.45,1.66,227.0,97414.0,False,5,21,150
2010-05-30 22:00:00,31.96,49.25,0.0,-0.0,0.0,425.85,1.66,220.0,97405.0,False,5,22,150
2010-05-30 23:00:00,31.34,52.1,0.0,-0.0,0.0,430.05,1.93,212.0,97492.0,False,5,23,150
2010-05-31 00:00:00,30.85,54.6,0.0,-0.0,0.0,434.65,2.14,209.0,97453.0,False,5,0,151
2010-05-31 01:00:00,30.4,56.7,0.0,-0.0,0.0,433.45,2.28,217.0,97443.0,False,5,1,151
2010-05-31 02:00:00,29.81,59.2,0.0,-0.0,0.0,422.25,2.41,226.0,97405.0,False,5,2,151
2010-05-31 03:00:00,29.4,61.15,0.0,-0.0,0.0,424.65,2.34,230.0,97405.0,False,5,3,151
2010-05-31 04:00:00,28.95,63.5,0.0,-0.0,0.0,418.25,2.28,230.0,97424.0,False,5,4,151
2010-05-31 05:00:00,28.57,65.75,0.0,-0.0,0.0,415.85,2.34,234.0,97453.0,False,5,5,151
2010-05-31 06:00:00,28.3,67.9,30.0,21.09,28.0,414.45,2.48,239.0,97434.0,False,5,6,151
2010-05-31 07:00:00,28.97,68.55,134.0,33.45,123.0,415.65,3.72,232.0,97501.0,False,5,7,151
2010-05-31 08:00:00,30.31,63.3,367.0,225.33,244.0,418.05,4.07,236.0,97540.0,False,5,8,151
2010-05-31 09:00:00,31.91,57.15,634.0,525.19,250.0,425.05,4.14,242.0,97549.0,False,5,9,151
2010-05-31 10:00:00,33.6,50.4,808.0,632.97,256.0,433.05,3.93,249.0,97559.0,False,5,10,151
2010-05-31 11:00:00,35.13,44.15,927.0,715.32,241.0,442.85,3.59,258.0,97530.0,False,5,11,151
2010-05-31 12:00:00,36.38,39.05,985.0,796.12,200.0,449.45,2.97,265.0,97434.0,False,5,12,151
2010-05-31 13:00:00,37.4,34.9,933.0,753.7,216.0,461.85,2.28,276.0,97376.0,False,5,13,151
2010-05-31 14:00:00,38.34,31.5,827.0,732.62,199.0,450.85,1.66,289.0,97260.0,False,5,14,151
2010-05-31 15:00:00,38.75,29.3,632.0,583.0,218.0,454.05,1.17,299.0,97202.0,False,5,15,151
2010-05-31 16:00:00,37.93,29.34,441.0,538.35,161.0,457.56,1.2,314.0,97144.0,False,5,16,151
2010-05-31 17:00:00,37.09,31.34,162.0,123.3,125.0,452.73,1.31,326.0,97077.0,False,5,17,151
2010-05-31 18:00:00,36.24,33.34,17.0,15.37,16.0,447.91,1.42,358.0,97058.0,False,5,18,151
2010-05-31 19:00:00,35.39,35.34,0.0,-0.0,0.0,443.08,1.53,193.0,97173.0,False,5,19,151
2010-05-31 20:00:00,34.54,37.34,0.0,-0.0,0.0,438.25,1.64,201.0,97328.0,False,5,20,151
2010-05-31 21:00:00,33.69,39.34,0.0,-0.0,0.0,433.42,1.76,190.0,97453.0,False,5,21,151
2010-05-31 22:00:00,32.84,41.34,0.0,-0.0,0.0,428.59,1.87,190.0,97607.0,False,5,22,151
2010-05-31 23:00:00,32.0,43.34,0.0,-0.0,0.0,423.76,1.98,211.0,97578.0,False,5,23,151
2008-06-01 00:00:00,31.15,45.34,0.0,-0.0,0.0,418.94,2.09,221.0,97395.0,False,6,0,153
2008-06-01 01:00:00,30.3,47.34,0.0,-0.0,0.0,414.11,2.2,221.0,97337.0,False,6,1,153
2008-06-01 02:00:00,29.45,49.35,0.0,-0.0,0.0,409.28,2.31,215.0,97337.0,False,6,2,153
2008-06-01 03:00:00,28.6,51.35,0.0,-0.0,0.0,404.45,2.42,208.0,97318.0,False,6,3,153
2008-06-01 04:00:00,27.76,53.35,0.0,-0.0,0.0,399.62,2.54,202.0,97337.0,False,6,4,153
2008-06-01 05:00:00,26.91,55.35,0.0,-0.0,0.0,394.79,2.65,206.0,97366.0,False,6,5,153
2008-06-01 06:00:00,26.06,57.35,42.0,95.18,33.0,389.97,2.76,211.0,97385.0,False,6,6,153
2008-06-01 07:00:00,25.21,59.35,217.0,255.97,133.0,385.14,2.87,220.0,97453.0,False,6,7,153
2008-06-01 08:00:00,29.42,53.75,431.0,411.07,207.0,402.25,3.1,223.0,97492.0,False,6,8,153
2008-06-01 09:00:00,31.57,47.45,633.0,520.52,253.0,405.05,3.17,234.0,97540.0,False,6,9,153
2008-06-01 10:00:00,33.63,40.9,822.0,669.4,239.0,418.25,3.31,250.0,97492.0,False,6,10,153
2008-06-01 11:00:00,35.32,35.75,934.0,728.62,236.0,427.05,3.24,263.0,97453.0,False,6,11,153
2008-06-01 12:00:00,36.39,32.2,966.0,737.88,239.0,436.05,2.62,272.0,97318.0,False,6,12,153
2008-06-01 13:00:00,37.34,29.3,915.0,698.29,251.0,443.05,2.07,285.0,97231.0,False,6,13,153
2008-06-01 14:00:00,38.03,27.15,779.0,589.09,274.0,444.05,1.66,306.0,97135.0,False,6,14,153
2008-06-01 15:00:00,38.3,26.05,603.0,491.07,254.0,447.05,1.38,329.0,97077.0,False,6,15,153
2008-06-01 16:00:00,38.29,25.5,401.0,381.8,202.0,446.45,1.03,353.0,96980.0,False,6,16,153
2008-06-01 17:00:00,37.83,25.75,156.0,106.05,124.0,442.45,1.03,7.0,96932.0,False,6,17,153
2008-06-01 18:00:00,37.04,26.45,17.0,14.88,16.0,438.65,1.45,18.0,96922.0,False,6,18,153
2008-06-01 19:00:00,35.37,31.05,0.0,-0.0,0.0,433.65,1.72,136.0,97000.0,False,6,19,153
2008-06-01 20:00:00,34.02,34.65,0.0,-0.0,0.0,442.65,2.55,156.0,97115.0,False,6,20,153
2008-06-01 21:00:00,32.72,38.75,0.0,-0.0,0.0,429.05,2.55,160.0,97270.0,False,6,21,153
2008-06-01 22:00:00,31.73,42.35,0.0,-0.0,0.0,423.85,2.14,177.0,97193.0,False,6,22,153
2008-06-01 23:00:00,30.84,45.85,0.0,-0.0,0.0,416.25,2.34,198.0,97279.0,False,6,23,153
2008-06-02 00:00:00,30.07,49.1,0.0,-0.0,0.0,407.85,2.69,200.0,97241.0,False,6,0,154
2008-06-02 01:00:00,29.47,51.7,0.0,-0.0,0.0,401.25,2.9,196.0,97202.0,False,6,1,154
2008-06-02 02:00:00,29.01,53.8,0.0,-0.0,0.0,399.85,3.17,201.0,97183.0,False,6,2,154
2008-06-02 03:00:00,28.6,55.95,0.0,-0.0,0.0,401.05,3.03,213.0,97222.0,False,6,3,154
2008-06-02 04:00:00,28.22,58.1,0.0,-0.0,0.0,405.65,2.83,228.0,97260.0,False,6,4,154
2008-06-02 05:00:00,27.83,60.35,0.0,-0.0,0.0,403.45,2.97,232.0,97308.0,False,6,5,154
2008-06-02 06:00:00,27.5,62.55,36.0,52.99,31.0,403.05,2.97,230.0,97376.0,False,6,6,154
2008-06-02 07:00:00,27.95,63.1,186.0,146.44,138.0,402.05,3.59,227.0,97492.0,False,6,7,154
2008-06-02 08:00:00,29.23,59.65,402.0,323.29,226.0,408.65,4.0,227.0,97530.0,False,6,8,154
2008-06-02 09:00:00,30.87,54.55,613.0,468.84,271.0,412.85,4.07,226.0,97540.0,False,6,9,154
2008-06-02 10:00:00,32.7,48.35,803.0,618.14,265.0,421.05,4.07,228.0,97598.0,False,6,10,154
2008-06-02 11:00:00,34.34,42.85,933.0,727.96,236.0,429.65,3.66,229.0,97530.0,False,6,11,154
2008-06-02 12:00:00,35.72,38.1,965.0,737.14,239.0,435.65,3.17,229.0,97453.0,False,6,12,154
2008-06-02 13:00:00,36.79,34.5,924.0,724.71,235.0,441.65,2.76,231.0,97347.0,False,6,13,154
2008-06-02 14:00:00,37.49,32.25,801.0,649.71,244.0,448.85,2.34,230.0,97241.0,False,6,14,154
2008-06-02 15:00:00,37.67,31.1,643.0,610.4,209.0,451.05,1.86,224.0,97135.0,False,6,15,154
2008-06-02 16:00:00,37.12,31.8,425.0,467.61,181.0,455.85,1.31,212.0,97077.0,False,6,16,154
2008-06-02 17:00:00,36.37,33.05,200.0,267.71,119.0,450.45,1.1,214.0,97077.0,False,6,17,154
2008-06-02 18:00:00,35.27,35.05,19.0,29.3,17.0,447.65,1.24,213.0,97086.0,False,6,18,154
2008-06-02 19:00:00,34.27,37.65,0.0,-0.0,0.0,433.45,1.52,204.0,97135.0,False,6,19,154
2008-06-02 20:00:00,33.31,40.6,0.0,-0.0,0.0,432.25,1.79,207.0,97231.0,False,6,20,154
2008-06-02 21:00:00,32.25,43.95,0.0,-0.0,0.0,420.45,2.14,211.0,97318.0,False,6,21,154
2008-06-02 22:00:00,31.44,47.05,0.0,-0.0,0.0,423.85,2.28,213.0,97357.0,False,6,22,154
2008-06-02 23:00:00,30.76,49.9,0.0,-0.0,0.0,421.85,2.34,215.0,97405.0,False,6,23,154
2008-06-03 00:00:00,30.21,52.3,0.0,-0.0,0.0,420.65,2.34,215.0,97385.0,False,6,0,155
2008-06-03 01:00:00,29.7,54.5,0.0,-0.0,0.0,416.65,2.41,214.0,97376.0,False,6,1,155
2008-06-03 02:00:00,29.23,56.65,0.0,-0.0,0.0,412.85,2.55,212.0,97328.0,False,6,2,155
2008-06-03 03:00:00,28.86,58.7,0.0,-0.0,0.0,414.25,2.69,214.0,97318.0,False,6,3,155
2008-06-03 04:00:00,28.44,61.25,0.0,-0.0,0.0,411.05,2.83,213.0,97337.0,False,6,4,155
2008-06-03 05:00:00,28.03,64.05,0.0,-0.0,0.0,408.85,2.9,210.0,97376.0,False,6,5,155
2008-06-03 06:00:00,27.7,66.5,38.0,63.74,32.0,409.25,2.76,209.0,97424.0,False,6,6,155
2008-06-03 07:00:00,28.35,64.75,230.0,320.74,125.0,405.05,2.9,215.0,97482.0,False,6,7,155
2008-06-03 08:00:00,29.97,58.65,447.0,474.38,189.0,408.65,3.1,214.0,97549.0,False,6,8,155
2008-06-03 09:00:00,31.91,51.15,660.0,609.16,216.0,416.85,3.17,216.0,97588.0,False,6,9,155
2008-06-03 10:00:00,33.65,44.8,811.0,642.69,252.0,426.45,2.83,216.0,97569.0,False,6,10,155
2008-06-03 11:00:00,35.04,39.65,912.0,674.0,267.0,436.85,2.34,208.0,97530.0,False,6,11,155
2008-06-03 12:00:00,35.59,37.25,838.0,446.91,398.0,449.05,1.86,198.0,97434.0,False,6,12,155
2008-06-03 13:00:00,36.14,35.1,863.0,571.24,320.0,449.85,1.52,192.0,97385.0,False,6,13,155
2008-06-03 14:00:00,37.0,31.9,761.0,542.35,296.0,447.85,1.24,167.0,97250.0,False,6,14,155
2008-06-03 15:00:00,36.99,30.75,614.0,521.55,243.0,447.05,1.52,147.0,97144.0,False,6,15,155
2008-06-03 16:00:00,37.03,29.95,373.0,290.97,221.0,442.85,1.72,136.0,97077.0,False,6,16,155
2008-06-03 17:00:00,36.45,30.1,156.0,105.47,124.0,442.05,1.66,122.0,97048.0,False,6,17,155
2008-06-03 18:00:00,34.89,32.7,17.0,14.42,16.0,436.85,0.97,99.0,97106.0,False,6,18,155
2008-06-03 19:00:00,33.87,37.8,0.0,-0.0,0.0,434.45,2.28,113.0,97299.0,False,6,19,155
2008-06-03 20:00:00,30.3,51.85,0.0,-0.0,0.0,434.45,3.1,152.0,97530.0,False,6,20,155
2008-06-03 21:00:00,28.55,61.15,0.0,-0.0,0.0,419.45,2.97,194.0,97598.0,False,6,21,155
2008-06-03 22:00:00,27.74,66.1,0.0,-0.0,0.0,415.25,2.62,193.0,97482.0,False,6,22,155
2008-06-03 23:00:00,27.28,69.3,0.0,-0.0,0.0,411.85,2.97,192.0,97559.0,False,6,23,155
2008-06-04 00:00:00,26.69,72.8,0.0,-0.0,0.0,410.45,3.79,198.0,97549.0,False,6,0,156
2008-06-04 01:00:00,25.99,76.25,0.0,-0.0,0.0,407.65,3.72,202.0,97521.0,False,6,1,156
2008-06-04 02:00:00,25.52,78.7,0.0,-0.0,0.0,405.25,3.45,210.0,97492.0,False,6,2,156
2008-06-04 03:00:00,25.2,80.45,0.0,-0.0,0.0,402.25,3.03,216.0,97501.0,False,6,3,156
2008-06-04 04:00:00,25.02,81.4,0.0,-0.0,0.0,399.85,2.55,214.0,97540.0,False,6,4,156
2008-06-04 05:00:00,24.87,82.2,0.0,-0.0,0.0,396.85,2.21,211.0,97578.0,False,6,5,156
2008-06-04 06:00:00,24.78,82.6,34.0,42.62,30.0,395.65,1.93,210.0,97607.0,False,6,6,156
2008-06-04 07:00:00,26.27,74.2,230.0,321.18,125.0,398.25,2.48,218.0,97685.0,False,6,7,156
2008-06-04 08:00:00,27.79,67.1,444.0,463.82,192.0,400.05,2.76,217.0,97762.0,False,6,8,156
2008-06-04 09:00:00,29.66,59.25,659.0,608.29,216.0,404.85,2.9,215.0,97791.0,False,6,9,156
2008-06-04 10:00:00,31.52,51.65,829.0,693.74,226.0,414.25,3.03,211.0,97781.0,False,6,10,156
2008-06-04 11:00:00,33.24,45.35,911.0,673.29,267.0,419.65,3.1,207.0,97733.0,False,6,11,156
2008-06-04 12:00:00,34.8,39.55,953.0,709.21,255.0,425.45,2.76,197.0,97646.0,False,6,12,156
2008-06-04 13:00:00,35.91,35.5,858.0,559.75,326.0,431.05,2.28,188.0,97540.0,False,6,13,156
2008-06-04 14:00:00,36.61,32.05,814.0,688.07,224.0,434.05,1.79,177.0,97414.0,False,6,14,156
2008-06-04 15:00:00,36.9,29.5,650.0,633.7,199.0,434.05,1.52,166.0,97337.0,False,6,15,156
2008-06-04 16:00:00,36.96,27.9,443.0,535.37,163.0,433.05,1.45,157.0,97299.0,False,6,16,156
2008-06-04 17:00:00,36.5,27.85,218.0,354.95,110.0,439.25,1.59,143.0,97279.0,False,6,17,156
2008-06-04 18:00:00,35.6,28.5,19.0,14.21,18.0,435.65,1.24,144.0,97270.0,False,6,18,156
2008-06-04 19:00:00,33.95,33.15,0.0,-0.0,0.0,422.65,1.66,190.0,97318.0,False,6,19,156
2008-06-04 20:00:00,32.7,37.6,0.0,-0.0,0.0,426.05,2.34,186.0,97434.0,False,6,20,156
2008-06-04 21:00:00,31.3,43.6,0.0,-0.0,0.0,412.85,2.97,192.0,97540.0,False,6,21,156
2008-06-04 22:00:00,30.33,49.15,0.0,-0.0,0.0,411.65,3.1,202.0,97656.0,False,6,22,156
2008-06-04 23:00:00,29.57,53.65,0.0,-0.0,0.0,410.85,2.83,211.0,97656.0,False,6,23,156
2008-06-05 00:00:00,28.9,57.05,0.0,-0.0,0.0,404.45,2.76,220.0,97646.0,False,6,0,157
2008-06-05 01:00:00,28.33,59.65,0.0,-0.0,0.0,403.65,2.76,228.0,97588.0,False,6,1,157
2008-06-05 02:00:00,27.75,62.1,0.0,-0.0,0.0,396.65,2.62,228.0,97559.0,False,6,2,157
2008-06-05 03:00:00,27.24,64.45,0.0,-0.0,0.0,393.25,2.34,227.0,97549.0,False,6,3,157
2008-06-05 04:00:00,26.85,66.3,0.0,-0.0,0.0,394.65,2.07,227.0,97588.0,False,6,4,157
2008-06-05 05:00:00,26.42,68.35,0.0,-0.0,0.0,390.6,1.93,228.0,97617.0,False,6,5,157
2008-06-05 06:00:00,26.11,70.0,39.0,74.85,32.0,390.4,1.93,230.0,97627.0,False,6,6,157
2008-06-05 07:00:00,26.94,69.1,244.0,395.17,115.0,388.0,2.41,227.0,97685.0,False,6,7,157
2008-06-05 08:00:00,28.67,61.4,474.0,582.23,158.0,390.8,2.83,231.0,97713.0,False,6,8,157
2008-06-05 09:00:00,30.76,52.25,669.0,643.15,201.0,398.85,3.1,234.0,97723.0,False,6,9,157
2008-06-05 10:00:00,32.71,44.35,841.0,733.34,204.0,408.25,3.03,239.0,97685.0,False,6,10,157
2008-06-05 11:00:00,34.42,38.9,946.0,768.82,211.0,416.65,2.76,247.0,97636.0,False,6,11,157
2008-06-05 12:00:00,35.84,34.3,963.0,736.88,238.0,424.45,2.41,253.0,97511.0,False,6,12,157
2008-06-05 13:00:00,36.98,30.25,933.0,751.34,219.0,429.45,2.0,257.0,97414.0,False,6,13,157
2008-06-05 14:00:00,37.68,27.65,836.0,754.44,189.0,433.25,1.45,263.0,97318.0,False,6,14,157
2008-06-05 15:00:00,38.05,25.7,654.0,646.01,194.0,438.25,0.76,280.0,97222.0,False,6,15,157
2008-06-05 16:00:00,37.97,24.7,446.0,546.2,160.0,438.25,0.34,357.0,97183.0,False,6,16,157
2008-06-05 17:00:00,37.34,25.2,218.0,347.4,112.0,437.45,0.62,67.0,97144.0,False,6,17,157
2008-06-05 18:00:00,36.15,27.55,23.0,41.99,20.0,435.05,1.31,135.0,97144.0,False,6,18,157
2008-06-05 19:00:00,35.59,28.6,0.0,-0.0,0.0,436.45,0.76,149.0,97173.0,False,6,19,157
2008-06-05 20:00:00,34.19,33.6,0.0,-0.0,0.0,424.65,0.62,147.0,97260.0,False,6,20,157
2008-06-05 21:00:00,33.15,35.35,0.0,-0.0,0.0,418.85,0.83,180.0,97385.0,False,6,21,157
2008-06-05 22:00:00,31.66,38.65,0.0,-0.0,0.0,417.05,1.52,210.0,97357.0,False,6,22,157
2008-06-05 23:00:00,31.05,40.05,0.0,-0.0,0.0,422.25,2.0,210.0,97385.0,False,6,23,157
2008-06-06 00:00:00,30.54,41.75,0.0,-0.0,0.0,419.05,2.48,196.0,97395.0,False,6,0,158
2008-06-06 01:00:00,30.0,45.05,0.0,-0.0,0.0,414.05,2.97,201.0,97376.0,False,6,1,158
2008-06-06 02:00:00,29.56,48.75,0.0,-0.0,0.0,411.45,3.1,218.0,97279.0,False,6,2,158
2008-06-06 03:00:00,29.43,50.15,0.0,-0.0,0.0,419.65,2.83,227.0,97260.0,False,6,3,158
2008-06-06 04:00:00,29.03,51.7,0.0,-0.0,0.0,409.45,2.34,226.0,97289.0,False,6,4,158
2008-06-06 05:00:00,28.49,53.75,0.0,-0.0,0.0,399.85,2.07,222.0,97337.0,False,6,5,158
2008-06-06 06:00:00,28.18,55.2,38.0,75.14,31.0,405.25,2.0,224.0,97376.0,False,6,6,158
2008-06-06 07:00:00,29.02,54.35,44.0,0.0,44.0,405.65,2.28,212.0,97443.0,False,6,7,158
2008-06-06 08:00:00,30.58,49.6,463.0,540.45,170.0,409.05,3.31,211.0,97501.0,False,6,8,158
2008-06-06 09:00:00,32.13,45.75,225.0,1.38,224.0,424.25,3.66,219.0,97521.0,False,6,9,158
2008-06-06 10:00:00,34.05,40.55,831.0,706.18,218.0,424.25,3.59,229.0,97549.0,False,6,10,158
2008-06-06 11:00:00,35.69,36.25,904.0,659.31,274.0,431.05,3.03,232.0,97511.0,False,6,11,158
2008-06-06 12:00:00,36.8,33.25,947.0,695.43,263.0,442.85,2.62,237.0,97434.0,False,6,12,158
2008-06-06 13:00:00,37.78,30.25,852.0,547.25,332.0,444.85,2.34,254.0,97318.0,False,6,13,158
2008-06-06 14:00:00,38.37,27.65,823.0,713.51,211.0,445.05,2.07,275.0,97289.0,False,6,14,158
2008-06-06 15:00:00,38.57,26.35,622.0,543.2,235.0,447.45,1.86,285.0,97183.0,False,6,15,158
2008-06-06 16:00:00,38.65,25.55,435.0,497.85,174.0,444.85,1.66,289.0,97135.0,False,6,16,158
2008-06-06 17:00:00,38.27,25.2,209.0,300.67,117.0,449.45,1.45,284.0,97115.0,False,6,17,158
2008-06-06 18:00:00,37.54,25.75,21.0,27.58,19.0,440.45,1.1,260.0,97144.0,False,6,18,158
2008-06-06 19:00:00,32.56,46.25,0.0,-0.0,0.0,433.05,3.38,210.0,97212.0,False,6,19,158
2008-06-06 20:00:00,31.57,50.45,0.0,-0.0,0.0,425.85,3.03,206.0,97289.0,False,6,20,158
2008-06-06 21:00:00,30.84,53.65,0.0,-0.0,0.0,422.45,3.03,201.0,97366.0,False,6,21,158
2008-06-06 22:00:00,30.24,56.1,0.0,-0.0,0.0,418.85,3.03,194.0,97337.0,False,6,22,158
2008-06-06 23:00:00,29.86,57.85,0.0,-0.0,0.0,420.05,3.24,191.0,97366.0,False,6,23,158
2008-06-07 00:00:00,29.46,59.75,0.0,-0.0,0.0,417.25,3.45,190.0,97405.0,False,6,0,159
2008-06-07 01:00:00,28.94,62.25,0.0,-0.0,0.0,411.45,3.38,199.0,97366.0,False,6,1,159
2008-06-07 02:00:00,28.36,65.0,0.0,-0.0,0.0,405.45,3.45,209.0,97318.0,False,6,2,159
2008-06-07 03:00:00,27.79,67.55,0.0,-0.0,0.0,402.65,3.52,212.0,97299.0,False,6,3,159
2008-06-07 04:00:00,27.28,69.5,0.0,-0.0,0.0,399.05,3.31,214.0,97299.0,False,6,4,159
2008-06-07 05:00:00,26.89,70.6,0.0,-0.0,0.0,397.25,3.1,218.0,97318.0,False,6,5,159
2008-06-07 06:00:00,26.57,71.4,38.0,75.47,31.0,396.25,2.83,223.0,97376.0,False,6,6,159
2008-06-07 07:00:00,27.53,66.25,241.0,387.22,115.0,396.65,3.38,204.0,97482.0,False,6,7,159
2008-06-07 08:00:00,28.76,61.2,467.0,559.52,164.0,399.45,3.79,210.0,97530.0,False,6,8,159
2008-06-07 09:00:00,30.49,55.05,667.0,642.87,200.0,406.25,3.86,216.0,97578.0,False,6,9,159
2008-06-07 10:00:00,32.34,48.95,839.0,732.0,204.0,414.85,3.93,221.0,97559.0,False,6,10,159
2008-06-07 11:00:00,34.09,43.25,939.0,753.85,219.0,423.85,3.86,222.0,97472.0,False,6,11,159
2008-06-07 12:00:00,35.52,38.6,967.0,749.53,230.0,435.65,3.79,222.0,97434.0,False,6,12,159
2008-06-07 13:00:00,36.56,35.3,932.0,751.48,218.0,437.25,3.86,222.0,97308.0,False,6,13,159
2008-06-07 14:00:00,37.3,32.55,827.0,727.37,203.0,439.25,3.52,223.0,97231.0,False,6,14,159
2008-06-07 15:00:00,37.45,31.1,658.0,657.92,189.0,445.85,2.97,225.0,97154.0,False,6,15,159
2008-06-07 16:00:00,36.54,33.15,450.0,556.29,158.0,446.85,2.69,228.0,97125.0,False,6,16,159
2008-06-07 17:00:00,34.81,37.5,219.0,351.97,111.0,447.45,2.0,208.0,97125.0,False,6,17,159
2008-06-07 18:00:00,33.28,41.85,23.0,27.19,21.0,442.25,3.03,215.0,97173.0,False,6,18,159
2008-06-07 19:00:00,33.11,38.6,0.0,-0.0,0.0,429.65,2.55,206.0,97260.0,False,6,19,159
2008-06-07 20:00:00,32.32,41.05,0.0,-0.0,0.0,425.05,2.48,213.0,97328.0,False,6,20,159
2008-06-07 21:00:00,31.57,43.95,0.0,-0.0,0.0,419.25,2.83,209.0,97443.0,False,6,21,159
2008-06-07 22:00:00,30.81,47.7,0.0,-0.0,0.0,417.45,3.38,210.0,97424.0,False,6,22,159
2008-06-07 23:00:00,30.03,51.7,0.0,-0.0,0.0,415.45,3.72,216.0,97463.0,False,6,23,159
2008-06-08 00:00:00,29.43,54.45,0.0,-0.0,0.0,418.65,3.52,220.0,97424.0,False,6,0,160
2008-06-08 01:00:00,28.8,57.0,0.0,-0.0,0.0,409.65,3.31,223.0,97414.0,False,6,1,160
2008-06-08 02:00:00,28.29,59.0,0.0,-0.0,0.0,408.45,3.17,224.0,97395.0,False,6,2,160
2008-06-08 03:00:00,27.79,61.0,0.0,-0.0,0.0,404.45,2.83,221.0,97405.0,False,6,3,160
2008-06-08 04:00:00,27.35,62.7,0.0,-0.0,0.0,401.85,2.9,216.0,97424.0,False,6,4,160
2008-06-08 05:00:00,26.96,64.2,0.0,-0.0,0.0,399.65,3.31,215.0,97463.0,False,6,5,160
2008-06-08 06:00:00,26.6,65.65,30.0,32.5,27.0,397.25,3.66,216.0,97511.0,False,6,6,160
2008-06-08 07:00:00,26.84,66.25,28.0,0.0,28.0,396.25,4.0,203.0,97588.0,False,6,7,160
2008-06-08 08:00:00,27.84,63.05,48.0,0.0,48.0,398.25,4.41,205.0,97617.0,False,6,8,160
2008-06-08 09:00:00,29.34,57.55,60.0,0.0,60.0,407.65,4.28,215.0,97636.0,False,6,9,160
2008-06-08 10:00:00,31.1,51.2,135.0,0.0,135.0,412.65,4.07,231.0,97665.0,False,6,10,160
2008-06-08 11:00:00,33.17,43.55,268.0,0.0,268.0,428.85,4.07,247.0,97598.0,False,6,11,160
2008-06-08 12:00:00,34.88,38.1,383.0,9.16,374.0,437.85,3.45,251.0,97511.0,False,6,12,160
2008-06-08 13:00:00,35.84,34.9,438.0,28.42,411.0,447.25,2.76,252.0,97434.0,False,6,13,160
2008-06-08 14:00:00,36.59,32.7,360.0,17.48,345.0,446.65,2.34,254.0,97347.0,False,6,14,160
2008-06-08 15:00:00,36.95,31.5,506.0,253.76,325.0,440.65,2.28,261.0,97260.0,False,6,15,160
2008-06-08 16:00:00,37.05,30.8,446.0,536.57,164.0,441.45,2.41,271.0,97222.0,False,6,16,160
2008-06-08 17:00:00,36.67,31.15,133.0,48.75,118.0,436.85,2.41,279.0,97202.0,False,6,17,160
2008-06-08 18:00:00,35.71,30.4,25.0,40.22,22.0,433.45,1.38,277.0,97222.0,False,6,18,160
2008-06-08 19:00:00,33.19,41.5,0.0,-0.0,0.0,447.85,1.17,272.0,97308.0,False,6,19,160
2008-06-08 20:00:00,32.23,44.95,0.0,-0.0,0.0,433.45,2.0,303.0,97347.0,False,6,20,160
2008-06-08 21:00:00,31.29,48.15,0.0,-0.0,0.0,430.45,1.66,281.0,97395.0,False,6,21,160
2008-06-08 22:00:00,30.73,50.25,0.0,-0.0,0.0,431.25,1.45,244.0,97328.0,False,6,22,160
2008-06-08 23:00:00,30.05,52.85,0.0,-0.0,0.0,417.65,1.79,225.0,97347.0,False,6,23,160
2008-06-09 00:00:00,29.42,55.5,0.0,-0.0,0.0,412.05,2.21,215.0,97337.0,False,6,0,161
2008-06-09 01:00:00,28.75,58.55,0.0,-0.0,0.0,411.45,2.34,211.0,97270.0,False,6,1,161
2008-06-09 02:00:00,28.13,61.6,0.0,-0.0,0.0,410.45,2.0,208.0,97289.0,False,6,2,161
2008-06-09 03:00:00,27.73,63.6,0.0,-0.0,0.0,410.65,1.66,205.0,97318.0,False,6,3,161
2008-06-09 04:00:00,27.31,65.5,0.0,-0.0,0.0,409.45,1.93,205.0,97357.0,False,6,4,161
2008-06-09 05:00:00,27.02,66.6,0.0,-0.0,0.0,408.85,2.28,216.0,97385.0,False,6,5,161
2008-06-09 06:00:00,26.79,66.95,31.0,32.67,28.0,400.65,2.48,221.0,97424.0,False,6,6,161
2008-06-09 07:00:00,27.42,65.1,237.0,370.1,117.0,402.05,3.1,194.0,97492.0,False,6,7,161
2008-06-09 08:00:00,28.77,59.8,317.0,133.27,245.0,406.65,3.45,199.0,97530.0,False,6,8,161
2008-06-09 09:00:00,30.6,53.4,550.0,322.68,316.0,410.25,3.03,206.0,97569.0,False,6,9,161
2008-06-09 10:00:00,32.33,47.95,811.0,653.3,245.0,420.45,2.62,216.0,97569.0,False,6,10,161
2008-06-09 11:00:00,33.97,43.35,800.0,429.67,390.0,430.25,2.28,224.0,97559.0,False,6,11,161
2008-06-09 12:00:00,35.16,40.25,887.0,556.59,340.0,438.65,1.93,225.0,97492.0,False,6,12,161
2008-06-09 13:00:00,36.07,37.9,851.0,547.35,331.0,446.05,1.59,234.0,97395.0,False,6,13,161
2008-06-09 14:00:00,36.71,35.7,320.0,6.99,314.0,450.45,1.38,258.0,97328.0,False,6,14,161
2008-06-09 15:00:00,37.02,33.85,623.0,543.64,235.0,452.05,1.38,280.0,97231.0,False,6,15,161
2008-06-09 16:00:00,37.12,32.5,415.0,416.17,196.0,449.45,1.59,300.0,97202.0,False,6,16,161
2008-06-09 17:00:00,36.91,32.1,203.0,262.49,122.0,442.65,1.79,318.0,97144.0,False,6,17,161
2008-06-09 18:00:00,36.34,33.1,23.0,26.45,21.0,434.65,1.52,334.0,97135.0,False,6,18,161
2008-06-09 19:00:00,34.29,40.95,0.0,-0.0,0.0,429.65,1.31,160.0,97144.0,False,6,19,161
2008-06-09 20:00:00,33.16,44.55,0.0,-0.0,0.0,428.65,2.21,149.0,97279.0,False,6,20,161
2008-06-09 21:00:00,32.32,47.1,0.0,-0.0,0.0,431.45,2.48,161.0,97443.0,False,6,21,161
2008-06-09 22:00:00,31.44,49.9,0.0,-0.0,0.0,435.45,2.28,185.0,97424.0,False,6,22,161
2008-06-09 23:00:00,30.5,53.2,0.0,-0.0,0.0,426.25,2.07,176.0,97395.0,False,6,23,161
2008-06-10 00:00:00,29.62,56.4,0.0,-0.0,0.0,418.85,2.41,164.0,97385.0,False,6,0,162
2008-06-10 01:00:00,28.89,59.4,0.0,-0.0,0.0,416.65,2.41,170.0,97357.0,False,6,1,162
2008-06-10 02:00:00,28.36,62.1,0.0,-0.0,0.0,419.05,2.55,174.0,97318.0,False,6,2,162
2008-06-10 03:00:00,27.9,65.05,0.0,-0.0,0.0,417.45,2.62,183.0,97337.0,False,6,3,162
2008-06-10 04:00:00,27.48,68.1,0.0,-0.0,0.0,414.25,2.76,193.0,97366.0,False,6,4,162
2008-06-10 05:00:00,27.05,70.9,0.0,-0.0,0.0,410.05,2.69,198.0,97424.0,False,6,5,162
2008-06-10 06:00:00,26.64,73.05,29.0,32.85,26.0,402.85,2.34,202.0,97443.0,False,6,6,162
2008-06-10 07:00:00,27.5,69.4,120.0,21.63,113.0,400.65,2.76,199.0,97549.0,False,6,7,162
2008-06-10 08:00:00,28.91,63.85,252.0,48.18,226.0,405.65,3.03,201.0,97578.0,False,6,8,162
2008-06-10 09:00:00,30.74,56.75,0.0,0.0,0.0,416.45,2.97,201.0,97607.0,False,6,9,162
2008-06-10 10:00:00,32.44,50.4,814.0,665.27,238.0,423.85,2.83,198.0,97636.0,False,6,10,162
2008-06-10 11:00:00,33.6,46.25,957.0,809.38,185.0,434.85,2.48,194.0,97588.0,False,6,11,162
2008-06-10 12:00:00,33.95,45.0,976.0,777.58,212.0,439.05,2.21,190.0,97521.0,False,6,12,162
2008-06-10 13:00:00,34.9,42.35,932.0,750.51,219.0,443.25,1.66,185.0,97395.0,False,6,13,162
2008-06-10 14:00:00,35.17,41.5,823.0,712.89,211.0,448.65,1.03,182.0,97357.0,False,6,14,162
2008-06-10 15:00:00,35.5,40.6,652.0,634.31,199.0,451.65,0.62,201.0,97222.0,False,6,15,162
2008-06-10 16:00:00,35.38,40.4,437.0,499.14,174.0,449.85,0.83,149.0,97164.0,False,6,16,162
2008-06-10 17:00:00,31.07,56.15,212.0,303.76,118.0,447.85,2.69,126.0,97250.0,False,6,17,162
2008-06-10 18:00:00,29.06,65.75,23.0,26.1,21.0,431.25,0.28,192.0,97202.0,False,6,18,162
2008-06-10 19:00:00,32.11,44.2,0.0,-0.0,0.0,425.65,1.17,38.0,97299.0,False,6,19,162
2008-06-10 20:00:00,31.13,53.4,0.0,-0.0,0.0,420.65,0.62,52.0,97376.0,False,6,20,162
2008-06-10 21:00:00,30.62,51.25,0.0,-0.0,0.0,420.05,1.24,116.0,97463.0,False,6,21,162
2008-06-10 22:00:00,29.75,54.35,0.0,-0.0,0.0,420.25,2.0,146.0,97482.0,False,6,22,162
2008-06-10 23:00:00,28.99,57.75,0.0,-0.0,0.0,422.85,2.62,170.0,97540.0,False,6,23,162
2008-06-11 00:00:00,27.49,66.0,0.0,-0.0,0.0,418.85,3.24,166.0,97521.0,False,6,0,163
2008-06-11 01:00:00,25.55,78.25,0.0,-0.0,0.0,417.45,3.1,158.0,97521.0,False,6,1,163
2008-06-11 02:00:00,25.07,80.95,0.0,-0.0,0.0,409.85,2.14,161.0,97482.0,False,6,2,163
2008-06-11 03:00:00,24.88,81.45,0.0,-0.0,0.0,401.85,2.28,169.0,97472.0,False,6,3,163
2008-06-11 04:00:00,24.73,82.1,0.0,-0.0,0.0,397.85,2.28,174.0,97530.0,False,6,4,163
2008-06-11 05:00:00,24.52,83.65,0.0,-0.0,0.0,397.85,2.48,180.0,97578.0,False,6,5,163
2008-06-11 06:00:00,24.36,84.75,38.0,77.13,31.0,398.25,2.48,184.0,97636.0,False,6,6,163
2008-06-11 07:00:00,26.0,74.85,246.0,424.17,109.0,397.45,2.9,192.0,97704.0,False,6,7,163
2008-06-11 08:00:00,27.32,70.0,478.0,617.88,145.0,400.85,2.76,193.0,97733.0,False,6,8,163
2008-06-11 09:00:00,28.97,63.2,664.0,640.97,200.0,409.25,2.83,190.0,97752.0,False,6,9,163
2008-06-11 10:00:00,30.93,54.55,543.0,142.15,420.0,423.65,2.97,176.0,97685.0,False,6,10,163
2008-06-11 11:00:00,32.26,48.8,359.0,7.34,352.0,432.45,2.97,169.0,97617.0,False,6,11,163
2008-06-11 12:00:00,33.63,43.9,907.0,603.67,314.0,430.05,2.83,167.0,97530.0,False,6,12,163
2008-06-11 13:00:00,34.67,40.35,785.0,409.46,396.0,433.05,2.83,159.0,97424.0,False,6,13,163
2008-06-11 14:00:00,35.31,38.15,827.0,726.66,203.0,436.05,2.76,152.0,97357.0,False,6,14,163
2008-06-11 15:00:00,35.63,36.8,659.0,659.08,188.0,437.45,2.76,146.0,97279.0,False,6,15,163
2008-06-11 16:00:00,35.55,36.5,447.0,538.3,163.0,437.25,2.69,146.0,97241.0,False,6,16,163
2008-06-11 17:00:00,34.86,37.1,221.0,348.03,113.0,435.05,2.41,146.0,97202.0,False,6,17,163
2008-06-11 18:00:00,33.75,38.9,24.0,25.76,22.0,431.45,2.55,165.0,97270.0,False,6,18,163
2008-06-11 19:00:00,32.29,44.55,0.0,-0.0,0.0,429.05,2.0,173.0,97308.0,False,6,19,163
2008-06-11 20:00:00,31.29,47.75,0.0,-0.0,0.0,422.65,2.0,185.0,97366.0,False,6,20,163
2008-06-11 21:00:00,30.41,50.7,0.0,-0.0,0.0,417.25,2.07,199.0,97463.0,False,6,21,163
2008-06-11 22:00:00,29.62,53.65,0.0,-0.0,0.0,410.45,2.21,206.0,97511.0,False,6,22,163
2008-06-11 23:00:00,28.98,56.45,0.0,-0.0,0.0,409.05,2.21,212.0,97501.0,False,6,23,163
2008-06-12 00:00:00,28.46,59.2,0.0,-0.0,0.0,409.25,2.14,217.0,97472.0,False,6,0,164
2008-06-12 01:00:00,28.04,61.7,0.0,-0.0,0.0,409.45,2.14,223.0,97443.0,False,6,1,164
2008-06-12 02:00:00,27.61,64.3,0.0,-0.0,0.0,405.65,2.14,228.0,97414.0,False,6,2,164
2008-06-12 03:00:00,27.28,66.65,0.0,-0.0,0.0,405.45,2.14,229.0,97405.0,False,6,3,164
2008-06-12 04:00:00,26.98,68.55,0.0,-0.0,0.0,404.45,2.14,231.0,97434.0,False,6,4,164
2008-06-12 05:00:00,26.69,70.1,0.0,-0.0,0.0,403.05,2.14,233.0,97414.0,False,6,5,164
2008-06-12 06:00:00,26.48,71.15,33.0,44.36,29.0,401.65,2.28,240.0,97453.0,False,6,6,164
2008-06-12 07:00:00,27.54,66.75,225.0,316.45,123.0,399.85,2.9,245.0,97492.0,False,6,7,164
2008-06-12 08:00:00,29.16,60.05,448.0,497.9,180.0,404.45,3.38,249.0,97521.0,False,6,8,164
2008-06-12 09:00:00,30.94,52.9,641.0,571.02,228.0,412.25,3.45,251.0,97540.0,False,6,9,164
2008-06-12 10:00:00,32.59,47.25,633.0,265.97,403.0,422.05,2.83,254.0,97559.0,False,6,10,164
2008-06-12 11:00:00,34.06,42.95,854.0,547.72,332.0,430.65,2.14,255.0,97530.0,False,6,11,164
2008-06-12 12:00:00,35.11,40.0,200.0,0.0,200.0,439.05,1.66,253.0,97434.0,False,6,12,164
2008-06-12 13:00:00,35.8,38.05,84.0,0.0,84.0,443.85,1.24,267.0,97405.0,False,6,13,164
2008-06-12 14:00:00,36.14,36.95,342.0,12.81,331.0,448.45,1.24,315.0,97328.0,False,6,14,164
2008-06-12 15:00:00,36.51,36.0,71.0,0.0,71.0,454.65,1.38,332.0,97231.0,False,6,15,164
2008-06-12 16:00:00,36.54,35.6,66.0,0.0,66.0,453.25,1.38,332.0,97193.0,False,6,16,164
2008-06-12 17:00:00,36.05,36.05,52.0,0.0,52.0,446.65,1.59,341.0,97173.0,False,6,17,164
2008-06-12 18:00:00,35.66,36.95,20.0,12.72,19.0,439.05,1.24,323.0,97183.0,False,6,18,164
2008-06-12 19:00:00,31.18,56.4,0.0,-0.0,0.0,437.25,2.9,228.0,97241.0,False,6,19,164
2008-06-12 20:00:00,29.98,62.2,0.0,-0.0,0.0,426.05,3.1,232.0,97337.0,False,6,20,164
2008-06-12 21:00:00,29.27,65.8,0.0,-0.0,0.0,421.25,2.76,233.0,97424.0,False,6,21,164
2008-06-12 22:00:00,28.84,67.9,0.0,-0.0,0.0,423.65,2.55,216.0,97463.0,False,6,22,164
2008-06-12 23:00:00,28.19,70.75,0.0,-0.0,0.0,418.25,3.17,209.0,97453.0,False,6,23,164
2008-06-13 00:00:00,27.59,73.25,0.0,-0.0,0.0,421.45,2.83,225.0,97385.0,False,6,0,165
2008-06-13 01:00:00,27.25,74.9,0.0,-0.0,0.0,412.25,2.34,240.0,97289.0,False,6,1,165
2008-06-13 02:00:00,27.02,76.1,0.0,-0.0,0.0,409.05,2.41,226.0,97231.0,False,6,2,165
2008-06-13 03:00:00,26.7,77.6,0.0,-0.0,0.0,407.65,2.69,203.0,97279.0,False,6,3,165
2008-06-13 04:00:00,26.35,79.45,0.0,-0.0,0.0,405.45,2.41,199.0,97318.0,False,6,4,165
2008-06-13 05:00:00,26.08,80.85,0.0,-0.0,0.0,402.85,2.41,216.0,97328.0,False,6,5,165
2008-06-13 06:00:00,25.94,81.25,36.0,67.0,30.0,398.65,2.48,230.0,97347.0,False,6,6,165
2008-06-13 07:00:00,25.86,82.75,216.0,273.59,128.0,402.65,3.59,193.0,97511.0,False,6,7,165
2008-06-13 08:00:00,26.94,76.7,435.0,450.17,193.0,422.65,4.07,208.0,97559.0,False,6,8,165
2008-06-13 09:00:00,27.85,71.35,626.0,525.85,246.0,419.65,4.41,219.0,97578.0,False,6,9,165
2008-06-13 10:00:00,29.39,64.1,735.0,468.63,330.0,432.85,4.48,230.0,97549.0,False,6,10,165
2008-06-13 11:00:00,30.57,59.0,859.0,559.48,326.0,451.45,4.34,237.0,97530.0,False,6,11,165
2008-06-13 12:00:00,30.87,58.15,880.0,543.81,346.0,458.45,4.0,244.0,97463.0,False,6,12,165
2008-06-13 13:00:00,31.1,57.65,840.0,524.15,342.0,458.45,3.59,250.0,97405.0,False,6,13,165
2008-06-13 14:00:00,32.36,53.15,694.0,388.71,360.0,446.65,3.31,248.0,97337.0,False,6,14,165
2008-06-13 15:00:00,32.86,50.95,568.0,387.08,291.0,440.65,3.17,245.0,97289.0,False,6,15,165
2008-06-13 16:00:00,33.04,49.7,407.0,383.76,204.0,435.25,2.9,238.0,97241.0,False,6,16,165
2008-06-13 17:00:00,32.15,50.8,103.0,12.82,99.0,435.85,2.14,221.0,97289.0,False,6,17,165
2008-06-13 18:00:00,31.48,53.7,6.0,0.0,6.0,436.65,1.45,235.0,97250.0,False,6,18,165
2008-06-13 19:00:00,30.48,54.6,0.0,-0.0,0.0,416.05,1.59,210.0,97299.0,False,6,19,165
2008-06-13 20:00:00,29.57,58.7,0.0,-0.0,0.0,409.45,1.66,198.0,97385.0,False,6,20,165
2008-06-13 21:00:00,28.86,62.2,0.0,-0.0,0.0,409.85,1.66,185.0,97511.0,False,6,21,165
2008-06-13 22:00:00,28.25,65.35,0.0,-0.0,0.0,409.05,1.59,190.0,97501.0,False,6,22,165
2008-06-13 23:00:00,27.64,68.05,0.0,-0.0,0.0,404.25,2.07,187.0,97492.0,False,6,23,165
2008-06-14 00:00:00,27.14,70.5,0.0,-0.0,0.0,404.25,2.9,182.0,97521.0,False,6,0,166
2008-06-14 01:00:00,26.85,71.9,0.0,-0.0,0.0,407.25,3.03,186.0,97492.0,False,6,1,166
2008-06-14 02:00:00,26.48,73.4,0.0,-0.0,0.0,406.25,2.69,189.0,97434.0,False,6,2,166
2008-06-14 03:00:00,26.06,75.3,0.0,-0.0,0.0,404.25,2.28,192.0,97414.0,False,6,3,166
2008-06-14 04:00:00,25.64,77.3,0.0,-0.0,0.0,399.45,1.93,194.0,97463.0,False,6,4,166
2008-06-14 05:00:00,25.27,79.05,0.0,-0.0,0.0,398.25,1.79,191.0,97472.0,False,6,5,166
2008-06-14 06:00:00,24.99,80.6,39.0,89.98,31.0,395.65,1.72,191.0,97549.0,False,6,6,166
2008-06-14 07:00:00,25.36,79.4,238.0,386.36,114.0,396.85,2.62,173.0,97627.0,False,6,7,166
2008-06-14 08:00:00,26.78,72.75,449.0,506.63,177.0,397.45,2.69,176.0,97665.0,False,6,8,166
2008-06-14 09:00:00,28.75,64.0,661.0,638.49,200.0,403.85,2.62,181.0,97675.0,False,6,9,166
2008-06-14 10:00:00,30.72,55.8,735.0,467.75,331.0,412.45,2.21,185.0,97704.0,False,6,10,166
2008-06-14 11:00:00,32.55,49.0,914.0,696.19,251.0,421.05,1.79,189.0,97598.0,False,6,11,166
2008-06-14 12:00:00,34.03,43.95,964.0,747.59,230.0,429.05,1.45,186.0,97501.0,False,6,12,166
2008-06-14 13:00:00,35.17,39.85,916.0,708.29,243.0,435.25,1.24,170.0,97328.0,False,6,13,166
2008-06-14 14:00:00,35.76,37.15,801.0,649.17,243.0,441.05,1.31,145.0,97260.0,False,6,14,166
2008-06-14 15:00:00,36.27,35.1,568.0,386.8,291.0,440.45,1.59,125.0,97212.0,False,6,15,166
2008-06-14 16:00:00,36.28,34.35,432.0,471.98,182.0,445.65,1.72,122.0,97173.0,False,6,16,166
2008-06-14 17:00:00,36.05,33.55,219.0,322.77,118.0,437.45,1.66,111.0,97183.0,False,6,17,166
2008-06-14 18:00:00,34.45,37.15,28.0,49.63,24.0,434.85,2.34,140.0,97270.0,False,6,18,166
2008-06-14 19:00:00,32.96,39.1,0.0,-0.0,0.0,433.05,2.62,171.0,97357.0,False,6,19,166
2008-06-14 20:00:00,31.61,44.0,0.0,-0.0,0.0,426.05,2.76,175.0,97463.0,False,6,20,166
2008-06-14 21:00:00,30.42,48.7,0.0,-0.0,0.0,415.05,2.83,189.0,97569.0,False,6,21,166
2008-06-14 22:00:00,29.47,53.75,0.0,-0.0,0.0,411.45,2.69,197.0,97530.0,False,6,22,166
2008-06-14 23:00:00,28.67,58.3,0.0,-0.0,0.0,405.45,2.55,204.0,97549.0,False,6,23,166
2008-06-15 00:00:00,28.05,61.75,0.0,-0.0,0.0,403.05,2.48,214.0,97540.0,False,6,0,167
2008-06-15 01:00:00,27.58,64.3,0.0,-0.0,0.0,405.65,2.28,221.0,97492.0,False,6,1,167
2008-06-15 02:00:00,27.1,66.7,0.0,-0.0,0.0,399.45,2.14,224.0,97472.0,False,6,2,167
2008-06-15 03:00:00,26.73,68.6,0.0,-0.0,0.0,399.05,2.28,225.0,97453.0,False,6,3,167
2008-06-15 04:00:00,26.36,70.5,0.0,-0.0,0.0,396.25,2.48,226.0,97463.0,False,6,4,167
2008-06-15 05:00:00,26.0,72.45,0.0,-0.0,0.0,393.0,2.62,227.0,97472.0,False,6,5,167
2008-06-15 06:00:00,25.69,74.2,33.0,56.67,28.0,391.05,2.76,231.0,97511.0,False,6,6,167
2008-06-15 07:00:00,26.61,70.45,221.0,299.79,125.0,392.05,3.17,238.0,97549.0,False,6,7,167
2008-06-15 08:00:00,28.11,64.2,445.0,496.1,179.0,396.05,3.24,244.0,97607.0,False,6,8,167
2008-06-15 09:00:00,30.08,56.25,646.0,591.92,219.0,403.45,3.03,247.0,97598.0,False,6,9,167
2008-06-15 10:00:00,32.1,49.05,819.0,689.29,224.0,413.05,2.76,252.0,97598.0,False,6,10,167
2008-06-15 11:00:00,33.93,43.15,933.0,751.05,218.0,422.85,2.48,258.0,97540.0,False,6,11,167
2008-06-15 12:00:00,35.54,38.3,963.0,747.69,229.0,430.25,2.34,264.0,97405.0,False,6,12,167
2008-06-15 13:00:00,36.74,34.55,921.0,721.9,235.0,436.85,2.07,269.0,97289.0,False,6,13,167
2008-06-15 14:00:00,37.45,32.0,806.0,661.73,237.0,441.45,1.66,275.0,97202.0,False,6,14,167
2008-06-15 15:00:00,37.79,30.05,636.0,577.68,222.0,443.05,1.1,300.0,97106.0,False,6,15,167
2008-06-15 16:00:00,37.81,28.95,431.0,461.92,186.0,444.25,1.03,325.0,97067.0,False,6,16,167
2008-06-15 17:00:00,37.61,28.75,205.0,254.97,125.0,441.65,1.03,329.0,97038.0,False,6,17,167
2008-06-15 18:00:00,37.05,30.0,25.0,24.53,23.0,440.65,0.9,283.0,97029.0,False,6,18,167
2008-06-15 19:00:00,35.25,34.5,0.0,-0.0,0.0,432.65,1.93,215.0,97115.0,False,6,19,167
2008-06-15 20:00:00,33.64,38.05,0.0,-0.0,0.0,428.05,2.34,227.0,97193.0,False,6,20,167
2008-06-15 21:00:00,32.32,41.8,0.0,-0.0,0.0,432.85,2.48,225.0,97270.0,False,6,21,167
2008-06-15 22:00:00,31.13,46.45,0.0,-0.0,0.0,423.85,2.41,202.0,97270.0,False,6,22,167
2008-06-15 23:00:00,30.41,49.95,0.0,-0.0,0.0,422.25,2.83,199.0,97270.0,False,6,23,167
2008-06-16 00:00:00,29.73,53.85,0.0,-0.0,0.0,414.85,2.97,204.0,97270.0,False,6,0,168
2008-06-16 01:00:00,29.18,57.05,0.0,-0.0,0.0,407.85,3.24,206.0,97250.0,False,6,1,168
2008-06-16 02:00:00,28.74,59.55,0.0,-0.0,0.0,406.65,3.52,210.0,97241.0,False,6,2,168
2008-06-16 03:00:00,28.31,61.65,0.0,-0.0,0.0,409.85,3.59,219.0,97212.0,False,6,3,168
2008-06-16 04:00:00,27.87,63.45,0.0,-0.0,0.0,405.65,3.66,231.0,97173.0,False,6,4,168
2008-06-16 05:00:00,27.41,65.05,0.0,-0.0,0.0,396.45,3.52,238.0,97202.0,False,6,5,168
2008-06-16 06:00:00,27.02,66.3,32.0,45.71,28.0,395.05,3.45,241.0,97231.0,False,6,6,168
2008-06-16 07:00:00,28.29,61.85,213.0,272.31,126.0,395.05,3.45,233.0,97328.0,False,6,7,168
2008-06-16 08:00:00,29.64,55.9,432.0,448.2,192.0,397.45,4.28,236.0,97385.0,False,6,8,168
2008-06-16 09:00:00,31.52,49.4,627.0,535.54,241.0,403.45,4.41,240.0,97414.0,False,6,9,168
2008-06-16 10:00:00,33.47,43.6,810.0,663.01,238.0,410.65,4.28,247.0,97385.0,False,6,10,168
2008-06-16 11:00:00,35.26,38.4,917.0,709.27,242.0,420.85,3.86,256.0,97347.0,False,6,11,168
2008-06-16 12:00:00,36.77,34.0,958.0,733.51,238.0,427.65,3.38,264.0,97279.0,False,6,12,168
2008-06-16 13:00:00,37.98,30.55,911.0,695.51,250.0,433.85,2.9,269.0,97202.0,False,6,13,168
2008-06-16 14:00:00,38.78,28.1,784.0,599.86,268.0,438.85,2.21,271.0,97096.0,False,6,14,168
2008-06-16 15:00:00,39.17,26.5,612.0,501.95,252.0,441.45,1.59,269.0,97038.0,False,6,15,168
2008-06-16 16:00:00,39.2,25.7,395.0,337.03,216.0,443.85,1.03,250.0,97000.0,False,6,16,168
2008-06-16 17:00:00,38.71,25.2,195.0,209.78,129.0,443.85,0.97,195.0,96980.0,False,6,17,168
2008-06-16 18:00:00,37.61,26.95,23.0,24.25,21.0,447.45,1.66,170.0,97038.0,False,6,18,168
2008-06-16 19:00:00,34.38,35.95,0.0,-0.0,0.0,431.05,1.79,230.0,97144.0,False,6,19,168
2008-06-16 20:00:00,33.3,38.75,0.0,-0.0,0.0,420.45,2.28,221.0,97202.0,False,6,20,168
2008-06-16 21:00:00,32.25,42.3,0.0,-0.0,0.0,414.65,2.62,209.0,97308.0,False,6,21,168
2008-06-16 22:00:00,31.29,46.95,0.0,-0.0,0.0,413.25,2.97,206.0,97308.0,False,6,22,168
2008-06-16 23:00:00,30.48,51.55,0.0,-0.0,0.0,413.45,3.03,203.0,97308.0,False,6,23,168
2008-06-17 00:00:00,29.86,55.1,0.0,-0.0,0.0,409.05,3.31,203.0,97289.0,False,6,0,169
2008-06-17 01:00:00,29.38,57.75,0.0,-0.0,0.0,407.85,3.59,205.0,97270.0,False,6,1,169
2008-06-17 02:00:00,28.87,60.0,0.0,-0.0,0.0,406.85,3.52,208.0,97250.0,False,6,2,169
2008-06-17 03:00:00,28.35,61.8,0.0,-0.0,0.0,401.85,3.31,213.0,97299.0,False,6,3,169
2008-06-17 04:00:00,27.84,63.4,0.0,-0.0,0.0,398.65,3.31,216.0,97328.0,False,6,4,169
2008-06-17 05:00:00,27.36,65.05,0.0,-0.0,0.0,395.65,3.17,213.0,97385.0,False,6,5,169
2008-06-17 06:00:00,26.95,66.75,32.0,57.62,27.0,394.85,3.1,209.0,97395.0,False,6,6,169
2008-06-17 07:00:00,27.47,65.9,205.0,238.44,129.0,399.05,3.66,211.0,97511.0,False,6,7,169
2008-06-17 08:00:00,28.57,61.7,424.0,422.62,198.0,401.25,4.0,220.0,97540.0,False,6,8,169
2008-06-17 09:00:00,30.21,55.75,147.0,0.0,147.0,407.45,4.14,226.0,97578.0,False,6,9,169
2008-06-17 10:00:00,31.95,49.8,74.0,0.0,74.0,414.85,4.0,231.0,97540.0,False,6,10,169
2008-06-17 11:00:00,33.59,44.55,84.0,0.0,84.0,422.45,3.72,235.0,97501.0,False,6,11,169
2008-06-17 12:00:00,34.98,40.3,132.0,0.0,132.0,430.05,3.24,238.0,97501.0,False,6,12,169
2008-06-17 13:00:00,36.06,37.0,316.0,2.1,314.0,440.25,2.62,239.0,97414.0,False,6,13,169
2008-06-17 14:00:00,36.74,34.3,356.0,16.27,342.0,444.85,1.79,235.0,97328.0,False,6,14,169
2008-06-17 15:00:00,37.1,32.45,299.0,19.51,285.0,450.05,1.17,213.0,97260.0,False,6,15,169
2008-06-17 16:00:00,36.92,32.05,293.0,103.42,238.0,453.05,1.1,189.0,97222.0,False,6,16,169
2008-06-17 17:00:00,36.49,32.25,193.0,199.71,130.0,451.65,1.24,172.0,97154.0,False,6,17,169
2008-06-17 18:00:00,35.47,33.8,18.0,11.99,17.0,450.65,1.52,169.0,97173.0,False,6,18,169
2008-06-17 19:00:00,32.33,50.45,0.0,-0.0,0.0,436.65,2.28,209.0,97279.0,False,6,19,169
2008-06-17 20:00:00,31.4,54.8,0.0,-0.0,0.0,442.45,2.83,197.0,97376.0,False,6,20,169
2008-06-17 21:00:00,30.45,59.2,0.0,-0.0,0.0,425.85,2.9,199.0,97501.0,False,6,21,169
2008-06-17 22:00:00,29.78,62.35,0.0,-0.0,0.0,426.85,2.97,201.0,97511.0,False,6,22,169
2008-06-17 23:00:00,29.16,65.0,0.0,-0.0,0.0,418.05,2.97,198.0,97511.0,False,6,23,169
2008-06-18 00:00:00,28.61,67.25,0.0,-0.0,0.0,414.85,3.03,197.0,97501.0,False,6,0,170
2008-06-18 01:00:00,28.11,69.2,0.0,-0.0,0.0,412.85,3.1,202.0,97463.0,False,6,1,170
2008-06-18 02:00:00,27.67,70.45,0.0,-0.0,0.0,411.65,3.17,207.0,97443.0,False,6,2,170
2008-06-18 03:00:00,27.32,71.1,0.0,-0.0,0.0,409.65,2.97,208.0,97443.0,False,6,3,170
2008-06-18 04:00:00,26.97,71.9,0.0,-0.0,0.0,404.85,2.62,206.0,97501.0,False,6,4,170
2008-06-18 05:00:00,26.63,72.9,0.0,-0.0,0.0,401.85,2.41,205.0,97511.0,False,6,5,170
2008-06-18 06:00:00,26.34,73.95,31.0,46.5,27.0,399.45,2.41,203.0,97578.0,False,6,6,170
2008-06-18 07:00:00,26.12,76.0,183.0,157.25,133.0,398.85,3.1,195.0,97646.0,False,6,7,170
2008-06-18 08:00:00,27.28,70.0,342.0,190.99,240.0,401.25,3.86,198.0,97656.0,False,6,8,170
2008-06-18 09:00:00,28.78,62.7,647.0,601.78,214.0,417.85,3.66,197.0,97685.0,False,6,9,170
2008-06-18 10:00:00,30.28,55.7,593.0,210.03,412.0,429.45,3.31,192.0,97675.0,False,6,10,170
2008-06-18 11:00:00,31.64,50.1,916.0,708.63,242.0,440.85,3.31,190.0,97646.0,False,6,11,170
2008-06-18 12:00:00,32.61,47.35,894.0,578.74,326.0,440.85,3.52,194.0,97569.0,False,6,12,170
2008-06-18 13:00:00,33.59,44.15,916.0,707.92,243.0,427.45,3.38,194.0,97492.0,False,6,13,170
2008-06-18 14:00:00,34.32,41.25,722.0,446.03,338.0,431.45,3.03,189.0,97424.0,False,6,14,170
2008-06-18 15:00:00,34.76,39.2,648.0,612.55,208.0,430.85,2.76,182.0,97357.0,False,6,15,170
2008-06-18 16:00:00,34.72,38.75,447.0,520.15,170.0,432.05,2.55,178.0,97318.0,False,6,16,170
2008-06-18 17:00:00,34.24,39.45,222.0,325.66,119.0,435.25,2.34,180.0,97250.0,False,6,17,170
2008-06-18 18:00:00,32.98,42.75,33.0,71.19,27.0,427.65,2.14,192.0,97279.0,False,6,18,170
2008-06-18 19:00:00,31.24,49.0,0.0,-0.0,0.0,422.25,2.34,175.0,97385.0,False,6,19,170
2008-06-18 20:00:00,30.41,53.05,0.0,-0.0,0.0,426.65,2.9,181.0,97521.0,False,6,20,170
2008-06-18 21:00:00,29.65,57.3,0.0,-0.0,0.0,427.45,2.97,184.0,97627.0,False,6,21,170
2008-06-18 22:00:00,28.94,61.35,0.0,-0.0,0.0,417.45,2.76,192.0,97665.0,False,6,22,170
2008-06-18 23:00:00,28.37,64.55,0.0,-0.0,0.0,418.05,2.76,200.0,97656.0,False,6,23,170
2008-06-19 00:00:00,27.81,67.3,0.0,-0.0,0.0,413.25,2.83,203.0,97656.0,False,6,0,171
2008-06-19 01:00:00,27.23,69.8,0.0,-0.0,0.0,409.45,2.97,201.0,97617.0,False,6,1,171
2008-06-19 02:00:00,26.7,71.85,0.0,-0.0,0.0,408.05,2.83,202.0,97656.0,False,6,2,171
2008-06-19 03:00:00,26.25,73.0,0.0,-0.0,0.0,412.05,3.03,208.0,97607.0,False,6,3,171
2008-06-19 04:00:00,25.72,74.4,0.0,-0.0,0.0,401.05,3.1,210.0,97656.0,False,6,4,171
2008-06-19 05:00:00,25.31,75.55,0.0,-0.0,0.0,402.45,2.97,213.0,97675.0,False,6,5,171
2008-06-19 06:00:00,24.91,77.15,32.0,58.67,27.0,394.25,2.83,220.0,97704.0,False,6,6,171
2008-06-19 07:00:00,25.09,77.4,225.0,337.34,118.0,392.6,3.1,220.0,97762.0,False,6,7,171
2008-06-19 08:00:00,26.53,70.75,383.0,296.25,225.0,395.85,3.24,222.0,97771.0,False,6,8,171
2008-06-19 09:00:00,28.95,59.2,684.0,733.03,157.0,404.05,3.45,225.0,97781.0,False,6,9,171
2008-06-19 10:00:00,30.79,51.35,803.0,648.98,244.0,422.65,2.9,223.0,97810.0,False,6,10,171
2008-06-19 11:00:00,32.42,45.3,588.0,129.35,465.0,421.85,2.55,221.0,97752.0,False,6,11,171
2008-06-19 12:00:00,33.78,41.3,878.0,543.1,345.0,426.85,2.28,219.0,97636.0,False,6,12,171
2008-06-19 13:00:00,34.74,38.85,800.0,438.55,383.0,432.65,1.86,216.0,97569.0,False,6,13,171
2008-06-19 14:00:00,35.1,37.5,776.0,575.87,280.0,437.65,1.38,211.0,97463.0,False,6,14,171
2008-06-19 15:00:00,35.28,36.8,570.0,386.71,292.0,438.65,1.1,208.0,97385.0,False,6,15,171
2008-06-19 16:00:00,34.89,37.25,421.0,420.06,197.0,438.45,0.97,204.0,97347.0,False,6,16,171
2008-06-19 17:00:00,34.44,37.95,197.0,208.13,131.0,439.65,1.24,208.0,97289.0,False,6,17,171
2008-06-19 18:00:00,32.48,42.85,29.0,35.23,26.0,433.85,2.69,204.0,97250.0,False,6,18,171
2008-06-19 19:00:00,32.46,41.95,0.0,-0.0,0.0,421.65,1.45,200.0,97299.0,False,6,19,171
2008-06-19 20:00:00,31.51,45.1,0.0,-0.0,0.0,418.25,1.59,206.0,97385.0,False,6,20,171
2008-06-19 21:00:00,30.57,48.15,0.0,-0.0,0.0,414.65,1.93,205.0,97482.0,False,6,21,171
2008-06-19 22:00:00,29.76,50.95,0.0,-0.0,0.0,412.05,2.28,205.0,97521.0,False,6,22,171
2008-06-19 23:00:00,29.11,53.5,0.0,-0.0,0.0,413.05,2.55,205.0,97530.0,False,6,23,171
2008-06-20 00:00:00,28.43,56.55,0.0,-0.0,0.0,408.45,2.55,207.0,97521.0,False,6,0,172
2008-06-20 01:00:00,27.8,59.6,0.0,-0.0,0.0,404.85,2.83,209.0,97463.0,False,6,1,172
2008-06-20 02:00:00,27.24,62.35,0.0,-0.0,0.0,400.65,3.03,211.0,97443.0,False,6,2,172
2008-06-20 03:00:00,26.76,64.5,0.0,-0.0,0.0,397.25,3.1,218.0,97424.0,False,6,3,172
2008-06-20 04:00:00,26.38,65.9,0.0,-0.0,0.0,396.65,3.03,226.0,97424.0,False,6,4,172
2008-06-20 05:00:00,26.02,67.2,0.0,-0.0,0.0,394.85,2.97,225.0,97414.0,False,6,5,172
2008-06-20 06:00:00,25.73,68.35,31.0,59.23,26.0,393.4,2.9,219.0,97424.0,False,6,6,172
2008-06-20 07:00:00,26.48,69.15,220.0,316.06,120.0,397.45,3.24,222.0,97463.0,False,6,7,172
2008-06-20 08:00:00,28.15,61.85,429.0,446.85,191.0,400.65,3.66,224.0,97453.0,False,6,8,172
2008-06-20 09:00:00,30.34,53.15,631.0,556.84,231.0,407.25,3.79,224.0,97482.0,False,6,9,172
2008-06-20 10:00:00,32.19,46.95,811.0,674.86,230.0,419.85,3.59,226.0,97443.0,False,6,10,172
2008-06-20 11:00:00,34.01,41.8,926.0,735.29,227.0,423.05,3.03,232.0,97434.0,False,6,11,172
2008-06-20 12:00:00,35.39,37.7,962.0,746.9,229.0,433.65,2.48,240.0,97337.0,False,6,12,172
2008-06-20 13:00:00,36.23,35.1,921.0,722.36,234.0,443.45,2.14,241.0,97260.0,False,6,13,172
2008-06-20 14:00:00,36.81,33.15,807.0,661.47,237.0,442.25,1.93,241.0,97144.0,False,6,14,172
2008-06-20 15:00:00,37.0,32.3,646.0,600.45,214.0,444.65,1.79,247.0,97038.0,False,6,15,172
2008-06-20 16:00:00,36.93,32.25,437.0,473.8,184.0,445.25,1.79,251.0,97019.0,False,6,16,172
2008-06-20 17:00:00,34.21,39.1,220.0,308.26,122.0,447.45,1.59,256.0,96971.0,False,6,17,172
2008-06-20 18:00:00,32.69,44.35,35.0,81.4,28.0,441.65,0.9,275.0,97038.0,False,6,18,172
2008-06-20 19:00:00,32.84,42.8,0.0,-0.0,0.0,435.65,1.86,226.0,97115.0,False,6,19,172
2008-06-20 20:00:00,31.83,46.25,0.0,-0.0,0.0,427.05,2.55,215.0,97144.0,False,6,20,172
2008-06-20 21:00:00,31.11,49.4,0.0,-0.0,0.0,425.45,2.76,205.0,97222.0,False,6,21,172
2008-06-20 22:00:00,30.58,51.8,0.0,-0.0,0.0,424.05,2.83,203.0,97231.0,False,6,22,172
2008-06-20 23:00:00,30.07,53.9,0.0,-0.0,0.0,418.85,2.76,206.0,97231.0,False,6,23,172
2008-06-21 00:00:00,29.62,55.65,0.0,-0.0,0.0,418.85,3.03,210.0,97183.0,False,6,0,173
2008-06-21 01:00:00,29.09,57.7,0.0,-0.0,0.0,417.05,3.52,212.0,97154.0,False,6,1,173
2008-06-21 02:00:00,28.51,60.0,0.0,-0.0,0.0,412.85,3.66,208.0,97135.0,False,6,2,173
2008-06-21 03:00:00,28.07,61.75,0.0,-0.0,0.0,413.25,3.52,206.0,97086.0,False,6,3,173
2008-06-21 04:00:00,27.65,63.35,0.0,-0.0,0.0,407.45,3.38,207.0,97115.0,False,6,4,173
2008-06-21 05:00:00,27.23,64.65,0.0,-0.0,0.0,403.05,3.1,207.0,97106.0,False,6,5,173
2008-06-21 06:00:00,26.94,65.3,33.0,71.79,27.0,401.85,2.97,205.0,97154.0,False,6,6,173
2008-06-21 07:00:00,27.53,64.75,228.0,361.23,114.0,400.25,3.52,206.0,97231.0,False,6,7,173
2008-06-21 08:00:00,28.92,58.4,455.0,550.86,162.0,404.05,4.21,210.0,97318.0,False,6,8,173
2008-06-21 09:00:00,30.64,51.25,655.0,635.31,199.0,409.85,4.48,215.0,97366.0,False,6,9,173
2008-06-21 10:00:00,32.34,45.4,829.0,726.31,204.0,415.85,4.48,219.0,97395.0,False,6,10,173
2008-06-21 11:00:00,33.61,41.75,940.0,777.54,201.0,423.65,4.28,221.0,97385.0,False,6,11,173
2008-06-21 12:00:00,34.89,38.55,967.0,761.17,220.0,429.65,4.0,223.0,97347.0,False,6,12,173
2008-06-21 13:00:00,35.73,36.35,931.0,749.52,218.0,437.25,3.45,221.0,97270.0,False,6,13,173
2008-06-21 14:00:00,35.78,36.05,816.0,687.83,223.0,452.25,3.17,218.0,97173.0,False,6,14,173
2008-06-21 15:00:00,35.6,36.45,607.0,481.92,260.0,450.05,3.03,218.0,97135.0,False,6,15,173
2008-06-21 16:00:00,35.0,37.5,435.0,465.69,186.0,446.45,2.9,220.0,97096.0,False,6,16,173
2008-06-21 17:00:00,33.59,40.9,218.0,298.08,123.0,440.85,3.45,206.0,97067.0,False,6,17,173
2008-06-21 18:00:00,32.67,43.55,28.0,34.56,25.0,440.85,3.59,201.0,97096.0,False,6,18,173
2008-06-21 19:00:00,30.98,49.35,0.0,-0.0,0.0,433.45,2.83,206.0,97193.0,False,6,19,173
2008-06-21 20:00:00,30.31,52.0,0.0,-0.0,0.0,423.25,2.41,210.0,97260.0,False,6,20,173
2008-06-21 21:00:00,29.9,53.8,0.0,-0.0,0.0,427.65,2.28,206.0,97376.0,False,6,21,173
2008-06-21 22:00:00,29.61,55.1,0.0,-0.0,0.0,433.05,2.41,204.0,97395.0,False,6,22,173
2008-06-21 23:00:00,29.22,56.55,0.0,-0.0,0.0,430.45,2.76,202.0,97414.0,False,6,23,173
2008-06-22 00:00:00,28.88,57.8,0.0,-0.0,0.0,432.25,2.9,205.0,97385.0,False,6,0,174
2008-06-22 01:00:00,28.39,59.6,0.0,-0.0,0.0,421.25,2.83,210.0,97385.0,False,6,1,174
2008-06-22 02:00:00,28.01,61.15,0.0,-0.0,0.0,418.85,2.69,209.0,97347.0,False,6,2,174
2008-06-22 03:00:00,27.61,62.85,0.0,-0.0,0.0,410.85,2.55,207.0,97357.0,False,6,3,174
2008-06-22 04:00:00,27.25,64.45,0.0,-0.0,0.0,407.05,2.41,205.0,97376.0,False,6,4,174
2008-06-22 05:00:00,26.92,65.85,0.0,-0.0,0.0,404.85,2.34,201.0,97395.0,False,6,5,174
2008-06-22 06:00:00,26.63,67.05,22.0,12.09,21.0,403.85,2.34,197.0,97405.0,False,6,6,174
2008-06-22 07:00:00,27.02,67.25,190.0,190.61,130.0,400.05,2.76,207.0,97492.0,False,6,7,174
2008-06-22 08:00:00,28.42,61.4,398.0,346.4,214.0,402.45,3.59,213.0,97530.0,False,6,8,174
2008-06-22 09:00:00,30.12,54.6,633.0,566.1,227.0,408.65,4.07,221.0,97559.0,False,6,9,174
2008-06-22 10:00:00,31.76,48.65,828.0,726.64,203.0,413.05,4.14,226.0,97569.0,False,6,10,174
2008-06-22 11:00:00,33.46,43.1,915.0,708.24,242.0,420.45,3.93,230.0,97511.0,False,6,11,174
2008-06-22 12:00:00,34.73,39.05,946.0,705.1,254.0,425.65,3.52,232.0,97453.0,False,6,12,174
2008-06-22 13:00:00,35.68,35.55,830.0,501.31,353.0,431.45,2.9,229.0,97337.0,False,6,13,174
2008-06-22 14:00:00,36.22,33.5,732.0,467.21,329.0,435.65,2.28,225.0,97250.0,False,6,14,174
2008-06-22 15:00:00,36.57,32.6,525.0,283.08,321.0,441.85,1.86,221.0,97173.0,False,6,15,174
2008-06-22 16:00:00,36.42,32.55,278.0,80.31,235.0,441.65,1.66,227.0,97125.0,False,6,16,174
2008-06-22 17:00:00,34.98,35.3,123.0,28.17,114.0,445.85,0.97,246.0,97086.0,False,6,17,174
2008-06-22 18:00:00,32.62,42.9,29.0,34.24,26.0,450.65,1.03,59.0,97193.0,False,6,18,174
2008-06-22 19:00:00,30.14,53.1,0.0,-0.0,0.0,428.05,0.76,280.0,97308.0,False,6,19,174
2008-06-22 20:00:00,29.84,54.45,0.0,-0.0,0.0,423.05,0.55,293.0,97376.0,False,6,20,174
2008-06-22 21:00:00,29.63,55.4,0.0,-0.0,0.0,418.05,0.21,305.0,97472.0,False,6,21,174
2008-06-22 22:00:00,29.03,58.0,0.0,-0.0,0.0,417.25,0.48,163.0,97453.0,False,6,22,174
2008-06-22 23:00:00,28.21,61.05,0.0,-0.0,0.0,416.65,1.1,176.0,97463.0,False,6,23,174
2008-06-23 00:00:00,28.0,61.45,0.0,-0.0,0.0,413.45,1.45,183.0,97424.0,False,6,0,175
2008-06-23 01:00:00,27.83,61.95,0.0,-0.0,0.0,412.45,1.93,200.0,97453.0,False,6,1,175
2008-06-23 02:00:00,26.88,66.75,0.0,-0.0,0.0,411.65,2.48,209.0,97424.0,False,6,2,175
2008-06-23 03:00:00,26.19,70.55,0.0,-0.0,0.0,405.05,2.34,216.0,97405.0,False,6,3,175
2008-06-23 04:00:00,25.85,72.35,0.0,-0.0,0.0,402.65,2.21,213.0,97347.0,False,6,4,175
2008-06-23 05:00:00,25.71,72.9,0.0,-0.0,0.0,407.05,2.28,206.0,97337.0,False,6,5,175
2008-06-23 06:00:00,25.49,73.75,30.0,61.09,25.0,395.05,2.34,205.0,97337.0,False,6,6,175
2008-06-23 07:00:00,26.93,67.8,221.0,324.89,119.0,396.45,2.62,200.0,97414.0,False,6,7,175
2008-06-23 08:00:00,28.88,59.0,443.0,510.87,172.0,403.05,3.1,209.0,97434.0,False,6,8,175
2008-06-23 09:00:00,30.82,51.4,650.0,623.76,203.0,416.25,3.17,227.0,97453.0,False,6,9,175
2008-06-23 10:00:00,32.58,45.8,827.0,725.8,203.0,420.05,2.97,242.0,97492.0,False,6,10,175
2008-06-23 11:00:00,34.0,41.85,935.0,763.09,210.0,430.25,2.48,248.0,97424.0,False,6,11,175
2008-06-23 12:00:00,35.25,38.9,962.0,746.84,229.0,436.85,1.86,246.0,97385.0,False,6,12,175
2008-06-23 13:00:00,35.95,35.45,891.0,643.01,279.0,445.65,1.17,245.0,97270.0,False,6,13,175
2008-06-23 14:00:00,36.0,34.9,701.0,398.61,357.0,452.45,0.76,244.0,97183.0,False,6,14,175
2008-06-23 15:00:00,36.49,33.1,382.0,74.87,328.0,447.65,0.69,251.0,97115.0,False,6,15,175
2008-06-23 16:00:00,34.46,38.6,79.0,0.0,79.0,453.65,2.34,198.0,97106.0,False,6,16,175
2008-06-23 17:00:00,30.91,55.55,21.0,0.0,21.0,444.25,3.38,200.0,97144.0,False,6,17,175
2008-06-23 18:00:00,28.61,67.45,10.0,0.0,10.0,429.65,1.31,239.0,97144.0,False,6,18,175
2008-06-23 19:00:00,29.04,62.4,0.0,-0.0,0.0,425.65,0.55,217.0,97308.0,False,6,19,175
2008-06-23 20:00:00,27.13,75.25,0.0,-0.0,0.0,425.05,1.45,156.0,97424.0,False,6,20,175
2008-06-23 21:00:00,26.46,80.95,0.0,-0.0,0.0,418.45,1.45,128.0,97492.0,False,6,21,175
2008-06-23 22:00:00,26.4,81.85,0.0,-0.0,0.0,417.45,1.72,119.0,97521.0,False,6,22,175
2008-06-23 23:00:00,25.88,85.15,0.0,-0.0,0.0,415.45,1.38,118.0,97588.0,False,6,23,175
2008-06-24 00:00:00,25.73,85.45,0.0,-0.0,0.0,414.45,1.45,114.0,97578.0,False,6,0,176
2008-06-24 01:00:00,25.4,87.0,0.0,-0.0,0.0,412.65,2.0,140.0,97511.0,False,6,1,176
2008-06-24 02:00:00,24.27,91.55,0.0,-0.0,0.0,415.65,3.59,162.0,97501.0,False,6,2,176
2008-06-24 03:00:00,23.44,93.75,0.0,-0.0,0.0,425.65,3.86,184.0,97530.0,False,6,3,176
2008-06-24 04:00:00,22.95,95.25,0.0,-0.0,0.0,421.85,2.83,208.0,97501.0,False,6,4,176
2008-06-24 05:00:00,22.86,95.35,0.0,-0.0,0.0,414.05,2.28,201.0,97463.0,False,6,5,176
2008-06-24 06:00:00,22.87,95.4,27.0,37.06,24.0,408.65,2.34,211.0,97463.0,False,6,6,176
2008-06-24 07:00:00,23.73,90.45,157.0,92.61,128.0,412.45,3.24,209.0,97521.0,False,6,7,176
2008-06-24 08:00:00,24.97,83.75,438.0,490.79,178.0,416.85,3.52,201.0,97569.0,False,6,8,176
2008-06-24 09:00:00,26.71,74.65,568.0,386.83,291.0,426.65,4.07,200.0,97598.0,False,6,9,176
2008-06-24 10:00:00,27.87,68.75,720.0,445.67,337.0,440.45,3.79,202.0,97627.0,False,6,10,176
2008-06-24 11:00:00,28.95,64.55,899.0,668.47,264.0,445.65,3.31,201.0,97627.0,False,6,11,176
2008-06-24 12:00:00,29.63,62.9,951.0,719.28,245.0,451.05,2.9,204.0,97549.0,False,6,12,176
2008-06-24 13:00:00,30.4,60.85,871.0,593.46,306.0,448.05,2.76,214.0,97492.0,False,6,13,176
2008-06-24 14:00:00,31.18,58.65,764.0,542.0,296.0,431.65,2.62,220.0,97424.0,False,6,14,176
2008-06-24 15:00:00,31.35,57.7,587.0,423.91,281.0,429.05,2.21,221.0,97347.0,False,6,15,176
2008-06-24 16:00:00,31.14,57.45,350.0,206.77,239.0,427.45,1.72,212.0,97289.0,False,6,16,176
2008-06-24 17:00:00,30.77,58.05,123.0,24.92,115.0,425.65,1.72,205.0,97241.0,False,6,17,176
2008-06-24 18:00:00,29.0,64.45,30.0,33.66,27.0,425.25,2.07,206.0,97289.0,False,6,18,176
2008-06-24 19:00:00,28.54,62.85,0.0,-0.0,0.0,421.25,3.17,214.0,97443.0,False,6,19,176
2008-06-24 20:00:00,27.46,69.15,0.0,-0.0,0.0,421.05,3.03,209.0,97540.0,False,6,20,176
2008-06-24 21:00:00,26.65,74.5,0.0,-0.0,0.0,416.85,2.55,207.0,97627.0,False,6,21,176
2008-06-24 22:00:00,26.27,76.8,0.0,-0.0,0.0,412.45,2.14,213.0,97588.0,False,6,22,176
2008-06-24 23:00:00,25.96,78.15,0.0,-0.0,0.0,408.65,2.34,219.0,97540.0,False,6,23,176
2008-06-25 00:00:00,25.63,79.6,0.0,-0.0,0.0,403.05,2.14,218.0,97492.0,False,6,0,177
2008-06-25 01:00:00,25.38,80.8,0.0,-0.0,0.0,403.05,2.0,218.0,97472.0,False,6,1,177
2008-06-25 02:00:00,25.1,82.1,0.0,-0.0,0.0,400.65,2.0,218.0,97463.0,False,6,2,177
2008-06-25 03:00:00,24.87,83.2,0.0,-0.0,0.0,400.45,1.93,215.0,97482.0,False,6,3,177
2008-06-25 04:00:00,24.64,84.25,0.0,-0.0,0.0,398.65,1.93,215.0,97492.0,False,6,4,177
2008-06-25 05:00:00,24.44,85.05,0.0,-0.0,0.0,400.65,2.14,219.0,97511.0,False,6,5,177
2008-06-25 06:00:00,24.24,85.95,27.0,37.48,24.0,397.65,2.21,220.0,97549.0,False,6,6,177
2008-06-25 07:00:00,24.96,82.35,95.0,6.4,93.0,398.85,2.76,216.0,97607.0,False,6,7,177
2008-06-25 08:00:00,26.22,75.4,138.0,0.0,138.0,404.25,3.93,222.0,97656.0,False,6,8,177
2008-06-25 09:00:00,27.41,69.55,124.0,0.0,124.0,413.05,3.1,221.0,97675.0,False,6,9,177
2008-06-25 10:00:00,28.13,67.1,337.0,11.64,327.0,431.65,2.69,222.0,97675.0,False,6,10,177
2008-06-25 11:00:00,28.4,67.0,83.0,0.0,83.0,433.25,2.21,211.0,97704.0,False,6,11,177
2008-06-25 12:00:00,28.23,68.55,87.0,0.0,87.0,442.85,2.07,207.0,97598.0,False,6,12,177
2008-06-25 13:00:00,27.93,70.65,91.0,0.0,91.0,434.05,2.48,184.0,97521.0,False,6,13,177
2008-06-25 14:00:00,25.5,79.45,74.0,0.0,74.0,426.85,2.55,146.0,97665.0,False,6,14,177
2008-06-25 15:00:00,25.03,83.5,83.0,0.0,83.0,415.45,2.83,191.0,97646.0,False,6,15,177
2008-06-25 16:00:00,24.75,86.5,153.0,1.86,152.0,422.65,2.28,196.0,97569.0,False,6,16,177
2008-06-25 17:00:00,24.85,84.25,94.0,6.22,92.0,414.05,2.0,175.0,97521.0,False,6,17,177
2008-06-25 18:00:00,25.0,83.3,23.0,11.13,22.0,404.05,1.52,169.0,97472.0,False,6,18,177
2008-06-25 19:00:00,24.09,87.6,0.0,-0.0,0.0,400.25,1.1,155.0,97482.0,False,6,19,177
2008-06-25 20:00:00,23.85,89.6,0.0,-0.0,0.0,399.65,1.31,184.0,97540.0,False,6,20,177
2008-06-25 21:00:00,23.74,90.6,0.0,-0.0,0.0,402.65,1.59,193.0,97627.0,False,6,21,177
2008-06-25 22:00:00,23.76,90.6,0.0,-0.0,0.0,405.25,1.52,198.0,97617.0,False,6,22,177
2008-06-25 23:00:00,23.74,90.95,0.0,-0.0,0.0,406.45,1.38,197.0,97636.0,False,6,23,177
2008-06-26 00:00:00,23.62,91.9,0.0,-0.0,0.0,404.05,1.52,180.0,97636.0,False,6,0,178
2008-06-26 01:00:00,23.52,93.1,0.0,-0.0,0.0,409.05,1.45,185.0,97636.0,False,6,1,178
2008-06-26 02:00:00,23.39,94.05,0.0,-0.0,0.0,405.65,1.59,184.0,97665.0,False,6,2,178
2008-06-26 03:00:00,23.19,96.05,0.0,-0.0,0.0,408.25,1.52,186.0,97675.0,False,6,3,178
2008-06-26 04:00:00,23.09,96.7,0.0,-0.0,0.0,410.85,1.52,186.0,97694.0,False,6,4,178
2008-06-26 05:00:00,22.96,96.95,0.0,-0.0,0.0,409.25,1.72,187.0,97675.0,False,6,5,178
2008-06-26 06:00:00,22.74,94.4,21.0,12.64,20.0,408.25,2.0,206.0,97713.0,False,6,6,178
2008-06-26 07:00:00,22.98,92.1,141.0,61.0,122.0,403.45,2.34,201.0,97877.0,False,6,7,178
2008-06-26 08:00:00,23.76,88.55,232.0,35.96,213.0,418.65,2.76,199.0,97868.0,False,6,8,178
2008-06-26 09:00:00,25.21,81.95,371.0,67.13,323.0,408.65,3.1,202.0,97897.0,False,6,9,178
2008-06-26 10:00:00,26.69,75.8,244.0,0.0,244.0,412.65,3.17,209.0,97906.0,False,6,10,178
2008-06-26 11:00:00,27.98,67.85,758.0,361.16,415.0,426.05,3.66,218.0,97897.0,False,6,11,178
2008-06-26 12:00:00,27.11,71.9,915.0,627.45,299.0,430.85,3.31,205.0,97848.0,False,6,12,178
2008-06-26 13:00:00,27.65,70.25,902.0,668.66,265.0,426.85,3.03,215.0,97810.0,False,6,13,178
2008-06-26 14:00:00,28.7,66.15,841.0,754.26,189.0,426.25,3.59,219.0,97771.0,False,6,14,178
2008-06-26 15:00:00,28.74,67.5,657.0,625.11,205.0,428.85,3.45,226.0,97713.0,False,6,15,178
2008-06-26 16:00:00,28.54,68.8,287.0,89.18,239.0,429.05,3.1,235.0,97646.0,False,6,16,178
2008-06-26 17:00:00,27.93,69.35,238.0,387.65,113.0,427.45,2.9,244.0,97646.0,False,6,17,178
2008-06-26 18:00:00,27.33,69.8,33.0,55.24,28.0,421.85,2.34,253.0,97627.0,False,6,18,178
2008-06-26 19:00:00,26.12,72.7,0.0,-0.0,0.0,413.45,1.38,253.0,97704.0,False,6,19,178
2008-06-26 20:00:00,25.62,76.6,0.0,-0.0,0.0,409.05,1.31,225.0,97791.0,False,6,20,178
2008-06-26 21:00:00,25.18,79.2,0.0,-0.0,0.0,400.45,1.24,219.0,97868.0,False,6,21,178
2008-06-26 22:00:00,24.71,82.15,0.0,-0.0,0.0,395.85,1.1,216.0,97839.0,False,6,22,178
2008-06-26 23:00:00,24.4,83.45,0.0,-0.0,0.0,396.0,1.17,218.0,97858.0,False,6,23,178
2008-06-27 00:00:00,23.99,85.45,0.0,-0.0,0.0,391.25,1.38,229.0,97820.0,False,6,0,179
2008-06-27 01:00:00,23.82,85.95,0.0,-0.0,0.0,389.85,1.66,238.0,97800.0,False,6,1,179
2008-06-27 02:00:00,23.59,86.95,0.0,-0.0,0.0,388.2,1.72,242.0,97781.0,False,6,2,179
2008-06-27 03:00:00,23.4,87.85,0.0,-0.0,0.0,388.0,1.72,249.0,97742.0,False,6,3,179
2008-06-27 04:00:00,23.22,88.6,0.0,-0.0,0.0,388.4,1.52,255.0,97733.0,False,6,4,179
2008-06-27 05:00:00,22.91,90.25,0.0,-0.0,0.0,382.8,1.1,264.0,97742.0,False,6,5,179
2008-06-27 06:00:00,23.22,87.65,31.0,76.75,25.0,382.0,0.28,338.0,97762.0,False,6,6,179
2008-06-27 07:00:00,24.08,84.9,233.0,408.87,106.0,384.2,0.76,334.0,97848.0,False,6,7,179
2008-06-27 08:00:00,25.4,77.95,464.0,608.35,143.0,389.6,1.03,318.0,97887.0,False,6,8,179
2008-06-27 09:00:00,26.96,69.35,658.0,657.8,188.0,396.05,1.31,293.0,97897.0,False,6,9,179
2008-06-27 10:00:00,28.33,62.45,728.0,465.97,328.0,415.85,1.31,278.0,97945.0,False,6,10,179
2008-06-27 11:00:00,29.34,57.5,727.0,309.59,433.0,427.45,1.31,266.0,97858.0,False,6,11,179
2008-06-27 12:00:00,30.44,53.35,768.0,332.02,442.0,435.85,1.24,249.0,97791.0,False,6,12,179
2008-06-27 13:00:00,31.15,51.7,867.0,581.33,313.0,432.45,1.31,234.0,97704.0,False,6,13,179
2008-06-27 14:00:00,31.68,50.65,716.0,427.78,346.0,430.45,1.45,233.0,97646.0,False,6,14,179
2008-06-27 15:00:00,31.94,50.2,604.0,462.91,269.0,427.45,1.52,230.0,97588.0,False,6,15,179
2008-06-27 16:00:00,31.81,50.6,365.0,237.52,237.0,426.65,1.66,229.0,97530.0,False,6,16,179
2008-06-27 17:00:00,31.09,52.3,237.0,380.63,114.0,424.05,1.72,238.0,97501.0,False,6,17,179
2008-06-27 18:00:00,29.38,58.0,30.0,32.91,27.0,424.85,1.24,236.0,97443.0,False,6,18,179
2008-06-27 19:00:00,28.92,57.5,0.0,-0.0,0.0,415.65,1.45,199.0,97540.0,False,6,19,179
2008-06-27 20:00:00,28.07,62.05,0.0,-0.0,0.0,417.05,1.72,201.0,97636.0,False,6,20,179
2008-06-27 21:00:00,27.24,67.95,0.0,-0.0,0.0,415.45,1.72,210.0,97723.0,False,6,21,179
2008-06-27 22:00:00,26.63,71.55,0.0,-0.0,0.0,409.05,1.59,215.0,97752.0,False,6,22,179
2008-06-27 23:00:00,26.15,75.45,0.0,-0.0,0.0,412.45,1.17,218.0,97723.0,False,6,23,179
2008-06-28 00:00:00,25.71,79.15,0.0,-0.0,0.0,409.45,1.03,216.0,97733.0,False,6,0,180
2008-06-28 01:00:00,25.52,79.1,0.0,-0.0,0.0,409.45,1.17,221.0,97656.0,False,6,1,180
2008-06-28 02:00:00,25.18,81.3,0.0,-0.0,0.0,408.05,1.17,234.0,97636.0,False,6,2,180
2008-06-28 03:00:00,25.03,82.5,0.0,-0.0,0.0,411.25,1.03,251.0,97627.0,False,6,3,180
2008-06-28 04:00:00,25.02,81.9,0.0,-0.0,0.0,411.85,1.17,256.0,97665.0,False,6,4,180
2008-06-28 05:00:00,24.97,81.9,0.0,-0.0,0.0,413.85,1.17,249.0,97665.0,False,6,5,180
2008-06-28 06:00:00,24.86,83.6,22.0,25.9,20.0,412.65,1.1,231.0,97694.0,False,6,6,180
2008-06-28 07:00:00,25.9,77.35,178.0,158.18,129.0,413.25,1.38,208.0,97742.0,False,6,7,180
2008-06-28 08:00:00,27.42,70.25,456.0,578.78,151.0,411.45,1.52,213.0,97752.0,False,6,8,180
2008-06-28 09:00:00,29.28,61.05,668.0,694.67,172.0,411.25,1.66,221.0,97771.0,False,6,9,180
2008-06-28 10:00:00,30.56,55.3,803.0,659.55,237.0,417.25,1.38,221.0,97723.0,False,6,10,180
2008-06-28 11:00:00,31.45,52.5,868.0,592.9,305.0,424.05,1.17,208.0,97839.0,False,6,11,180
2008-06-28 12:00:00,32.4,50.6,821.0,424.63,404.0,432.25,1.1,209.0,97791.0,False,6,12,180
2008-06-28 13:00:00,32.97,49.65,185.0,0.0,185.0,439.05,1.03,215.0,97646.0,False,6,13,180
2008-06-28 14:00:00,33.27,48.85,420.0,42.75,383.0,445.45,0.9,220.0,97627.0,False,6,14,180
2008-06-28 15:00:00,33.21,46.55,60.0,0.0,60.0,444.25,0.83,205.0,97540.0,False,6,15,180
2008-06-28 16:00:00,32.32,48.65,41.0,0.0,41.0,449.25,0.69,204.0,97530.0,False,6,16,180
2008-06-28 17:00:00,31.54,50.8,39.0,0.0,39.0,438.65,0.34,194.0,97549.0,False,6,17,180
2008-06-28 18:00:00,30.77,54.6,19.0,0.0,19.0,432.25,0.48,196.0,97472.0,False,6,18,180
2008-06-28 19:00:00,27.42,74.85,0.0,-0.0,0.0,418.25,1.93,185.0,97521.0,False,6,19,180
2008-06-28 20:00:00,26.93,77.65,0.0,-0.0,0.0,417.05,1.72,200.0,97627.0,False,6,20,180
2008-06-28 21:00:00,26.49,80.25,0.0,-0.0,0.0,412.45,1.66,208.0,97685.0,False,6,21,180
2008-06-28 22:00:00,26.11,82.6,0.0,-0.0,0.0,409.85,1.52,200.0,97733.0,False,6,22,180
2008-06-28 23:00:00,25.74,84.7,0.0,-0.0,0.0,409.65,1.52,195.0,97742.0,False,6,23,180
2008-06-29 00:00:00,25.36,86.7,0.0,-0.0,0.0,407.65,1.59,195.0,97762.0,False,6,0,181
2008-06-29 01:00:00,25.05,88.15,0.0,-0.0,0.0,407.05,1.59,194.0,97675.0,False,6,1,181
2008-06-29 02:00:00,24.77,89.25,0.0,-0.0,0.0,404.25,1.59,183.0,97723.0,False,6,2,181
2008-06-29 03:00:00,24.55,89.8,0.0,-0.0,0.0,405.25,1.52,175.0,97694.0,False,6,3,181
2008-06-29 04:00:00,24.36,90.25,0.0,-0.0,0.0,403.05,1.45,165.0,97685.0,False,6,4,181
2008-06-29 05:00:00,24.23,90.5,0.0,-0.0,0.0,404.45,1.45,166.0,97713.0,False,6,5,181
2008-06-29 06:00:00,24.08,91.15,22.0,26.23,20.0,401.65,1.52,169.0,97723.0,False,6,6,181
2008-06-29 07:00:00,24.18,88.1,117.0,25.9,109.0,398.45,1.86,184.0,97810.0,False,6,7,181
2008-06-29 08:00:00,25.4,80.95,443.0,526.32,166.0,403.05,2.07,193.0,97848.0,False,6,8,181
2008-06-29 09:00:00,27.12,72.1,431.0,133.14,336.0,410.85,1.86,187.0,97848.0,False,6,9,181
2008-06-29 10:00:00,28.56,65.8,834.0,751.84,189.0,422.45,1.45,174.0,97848.0,False,6,10,181
2008-06-29 11:00:00,29.84,61.8,823.0,489.71,358.0,419.05,1.24,164.0,97839.0,False,6,11,181
2008-06-29 12:00:00,30.79,59.35,883.0,553.85,339.0,425.05,1.17,163.0,97781.0,False,6,12,181
2008-06-29 13:00:00,31.7,53.45,948.0,792.7,192.0,435.45,1.24,147.0,97694.0,False,6,13,181
2008-06-29 14:00:00,31.89,51.1,825.0,700.97,218.0,437.85,1.45,139.0,97656.0,False,6,14,181
2008-06-29 15:00:00,31.17,54.6,655.0,615.24,209.0,433.25,1.59,143.0,97569.0,False,6,15,181
2008-06-29 16:00:00,31.3,54.8,463.0,555.32,163.0,431.45,1.03,151.0,97540.0,False,6,16,181
2008-06-29 17:00:00,30.34,57.5,241.0,397.57,112.0,434.85,1.59,201.0,97482.0,False,6,17,181
2008-06-29 18:00:00,28.25,66.55,32.0,43.31,28.0,425.45,1.86,217.0,97434.0,False,6,18,181
2008-06-29 19:00:00,28.86,63.4,0.0,-0.0,0.0,422.45,0.97,146.0,97530.0,False,6,19,181
2008-06-29 20:00:00,28.15,66.9,0.0,-0.0,0.0,415.05,1.38,183.0,97685.0,False,6,20,181
2008-06-29 21:00:00,26.95,73.55,0.0,-0.0,0.0,419.65,2.07,202.0,97839.0,False,6,21,181
2008-06-29 22:00:00,25.32,81.95,0.0,-0.0,0.0,407.25,2.21,220.0,97887.0,False,6,22,181
2008-06-29 23:00:00,24.63,86.85,0.0,-0.0,0.0,411.85,1.52,245.0,97839.0,False,6,23,181
2008-06-30 00:00:00,24.39,86.95,0.0,-0.0,0.0,407.45,0.97,252.0,97781.0,False,6,0,182
2008-06-30 01:00:00,24.34,86.8,0.0,-0.0,0.0,404.05,0.9,212.0,97713.0,False,6,1,182
2008-06-30 02:00:00,24.23,87.0,0.0,-0.0,0.0,400.25,1.1,208.0,97713.0,False,6,2,182
2008-06-30 03:00:00,24.1,87.45,0.0,-0.0,0.0,399.45,1.17,214.0,97646.0,False,6,3,182
2008-06-30 04:00:00,23.83,88.45,0.0,-0.0,0.0,392.45,1.1,224.0,97713.0,False,6,4,182
2008-06-30 05:00:00,23.63,89.3,0.0,-0.0,0.0,393.45,1.1,220.0,97742.0,False,6,5,182
2008-06-30 06:00:00,23.54,89.45,14.0,0.0,14.0,391.8,1.59,217.0,97781.0,False,6,6,182
2008-06-30 07:00:00,24.23,86.45,27.0,0.0,27.0,400.25,1.72,201.0,97887.0,False,6,7,182
2008-06-30 08:00:00,25.3,81.05,54.0,0.0,54.0,409.45,2.28,211.0,97945.0,False,6,8,182
2008-06-30 09:00:00,26.37,75.55,93.0,0.0,93.0,416.45,1.79,202.0,97955.0,False,6,9,182
2008-06-30 10:00:00,26.71,75.25,150.0,0.0,150.0,428.25,1.17,184.0,98041.0,False,6,10,182
2008-06-30 11:00:00,26.94,74.65,556.0,101.1,460.0,432.45,1.1,160.0,98022.0,False,6,11,182
2008-06-30 12:00:00,26.7,77.1,852.0,486.56,374.0,433.05,0.97,170.0,97945.0,False,6,12,182
2008-06-30 13:00:00,27.98,70.3,863.0,570.18,319.0,426.05,1.31,155.0,97858.0,False,6,13,182
2008-06-30 14:00:00,28.4,68.1,682.0,353.16,376.0,430.25,1.79,179.0,97791.0,False,6,14,182
2008-06-30 15:00:00,28.63,67.65,691.0,734.64,158.0,433.05,2.55,195.0,97694.0,False,6,15,182
2008-06-30 16:00:00,26.34,75.13,478.0,615.66,145.0,420.92,1.77,186.0,97646.0,False,6,16,182
2008-06-30 17:00:00,26.1,76.54,247.0,424.49,109.0,418.81,1.73,139.0,97598.0,False,6,17,182
2008-06-30 18:00:00,25.86,77.95,35.0,53.82,30.0,416.71,1.7,148.0,97549.0,False,6,18,182
2008-06-30 19:00:00,25.62,79.36,0.0,-0.0,0.0,414.6,1.67,183.0,97607.0,False,6,19,182
2008-06-30 20:00:00,25.38,80.77,0.0,-0.0,0.0,412.49,1.64,205.0,97646.0,False,6,20,182
2008-06-30 21:00:00,25.14,82.18,0.0,-0.0,0.0,410.39,1.6,192.0,97781.0,False,6,21,182
2008-06-30 22:00:00,24.9,83.6,0.0,-0.0,0.0,408.28,1.57,188.0,97742.0,False,6,22,182
2008-06-30 23:00:00,24.66,85.01,0.0,-0.0,0.0,406.17,1.54,196.0,97800.0,False,6,23,182
2008-07-01 00:00:00,24.42,86.42,0.0,-0.0,0.0,404.07,1.51,203.0,97820.0,True,7,0,183
2008-07-01 01:00:00,24.18,87.83,0.0,-0.0,0.0,401.96,1.47,201.0,97829.0,True,7,1,183
2008-07-01 02:00:00,23.94,89.24,0.0,-0.0,0.0,399.85,1.44,194.0,97829.0,True,7,2,183
2008-07-01 03:00:00,23.7,90.65,0.0,-0.0,0.0,397.74,1.41,194.0,97848.0,True,7,3,183
2008-07-01 04:00:00,23.47,92.06,0.0,-0.0,0.0,395.64,1.37,197.0,97868.0,True,7,4,183
2008-07-01 05:00:00,23.23,93.48,0.0,-0.0,0.0,393.53,1.34,202.0,97848.0,True,7,5,183
2008-07-01 06:00:00,22.99,94.89,25.0,40.38,22.0,391.42,1.31,205.0,97897.0,True,7,6,183
2008-07-01 07:00:00,22.75,96.3,222.0,371.04,108.0,389.32,1.28,171.0,97974.0,True,7,7,183
2008-07-01 08:00:00,24.63,82.85,431.0,491.46,173.0,403.85,2.14,170.0,97984.0,True,7,8,183
2008-07-01 09:00:00,26.32,72.3,657.0,676.37,175.0,398.05,2.14,183.0,98022.0,True,7,9,183
2008-07-01 10:00:00,27.81,65.15,845.0,809.38,151.0,409.05,2.41,191.0,98051.0,True,7,10,183
2008-07-01 11:00:00,29.3,58.45,945.0,816.19,170.0,413.45,2.62,197.0,97964.0,True,7,11,183
2008-07-01 12:00:00,30.47,53.95,885.0,569.9,325.0,410.25,2.55,203.0,97926.0,True,7,12,183
2008-07-01 13:00:00,31.3,50.95,890.0,649.57,270.0,415.25,2.48,208.0,97810.0,True,7,13,183
2008-07-01 14:00:00,31.87,48.9,779.0,585.93,271.0,416.45,2.28,210.0,97723.0,True,7,14,183
2008-07-01 15:00:00,32.08,48.1,504.0,236.87,332.0,418.85,2.07,210.0,97656.0,True,7,15,183
2008-07-01 16:00:00,31.99,48.25,430.0,433.97,195.0,421.25,2.0,211.0,97636.0,True,7,16,183
2008-07-01 17:00:00,31.35,49.7,202.0,211.85,133.0,422.65,1.66,218.0,97636.0,True,7,17,183
2008-07-01 18:00:00,30.12,52.4,4.0,0.0,4.0,422.45,0.48,194.0,97617.0,True,7,18,183
2008-07-01 19:00:00,29.44,54.1,0.0,-0.0,0.0,425.85,1.1,220.0,97656.0,True,7,19,183
2008-07-01 20:00:00,28.3,60.75,0.0,-0.0,0.0,410.65,1.66,237.0,97704.0,True,7,20,183
2008-07-01 21:00:00,27.36,64.7,0.0,-0.0,0.0,403.05,2.14,253.0,97791.0,True,7,21,183
2008-07-01 22:00:00,26.63,68.35,0.0,-0.0,0.0,398.25,2.55,260.0,97800.0,True,7,22,183
2008-07-01 23:00:00,26.1,71.35,0.0,-0.0,0.0,397.85,2.28,258.0,97771.0,True,7,23,183
2008-07-02 00:00:00,25.59,74.3,0.0,-0.0,0.0,394.65,1.86,256.0,97781.0,True,7,0,184
2008-07-02 01:00:00,25.25,75.95,0.0,-0.0,0.0,398.45,1.86,261.0,97752.0,True,7,1,184
2008-07-02 02:00:00,24.92,77.35,0.0,-0.0,0.0,396.45,1.93,265.0,97704.0,True,7,2,184
2008-07-02 03:00:00,24.59,78.8,0.0,-0.0,0.0,392.85,1.93,265.0,97694.0,True,7,3,184
2008-07-02 04:00:00,24.26,80.45,0.0,-0.0,0.0,390.0,1.86,265.0,97713.0,True,7,4,184
2008-07-02 05:00:00,23.95,82.0,0.0,-0.0,0.0,388.0,1.86,272.0,97704.0,True,7,5,184
2008-07-02 06:00:00,23.71,83.55,22.0,27.29,20.0,387.0,1.79,275.0,97762.0,True,7,6,184
2008-07-02 07:00:00,24.52,82.25,66.0,0.0,66.0,393.05,1.72,270.0,97829.0,True,7,7,184
2008-07-02 08:00:00,25.96,75.85,413.0,425.31,190.0,390.4,1.93,266.0,97858.0,True,7,8,184
2008-07-02 09:00:00,27.67,68.25,631.0,591.12,210.0,396.25,1.86,265.0,97897.0,True,7,9,184
2008-07-02 10:00:00,29.18,61.6,482.0,89.82,405.0,407.85,1.72,268.0,97906.0,True,7,10,184
2008-07-02 11:00:00,30.62,56.15,935.0,786.67,188.0,415.65,1.45,272.0,97829.0,True,7,11,184
2008-07-02 12:00:00,31.66,51.85,974.0,798.68,189.0,418.45,1.1,266.0,97723.0,True,7,12,184
2008-07-02 13:00:00,32.28,48.45,895.0,662.9,262.0,425.05,1.1,246.0,97646.0,True,7,13,184
2008-07-02 14:00:00,32.74,46.55,830.0,728.5,198.0,428.65,1.45,237.0,97549.0,True,7,14,184
2008-07-02 15:00:00,32.69,46.5,424.0,115.58,340.0,429.25,1.17,225.0,97472.0,True,7,15,184
2008-07-02 16:00:00,32.17,48.0,476.0,617.93,141.0,431.85,0.69,219.0,97414.0,True,7,16,184
2008-07-02 17:00:00,31.93,48.4,231.0,337.14,121.0,426.05,0.62,240.0,97385.0,True,7,17,184
2008-07-02 18:00:00,31.04,51.9,36.0,63.92,30.0,424.45,0.76,290.0,97347.0,True,7,18,184
2008-07-02 19:00:00,29.91,57.8,0.0,-0.0,0.0,422.25,1.17,298.0,97405.0,True,7,19,184
2008-07-02 20:00:00,28.88,63.2,0.0,-0.0,0.0,414.05,1.1,284.0,97492.0,True,7,20,184
2008-07-02 21:00:00,28.28,64.1,0.0,-0.0,0.0,411.65,1.45,257.0,97578.0,True,7,21,184
2008-07-02 22:00:00,27.65,66.95,0.0,-0.0,0.0,409.85,1.59,246.0,97617.0,True,7,22,184
2008-07-02 23:00:00,27.19,68.85,0.0,-0.0,0.0,408.45,1.66,240.0,97723.0,True,7,23,184
2008-07-03 00:00:00,26.79,70.85,0.0,-0.0,0.0,408.85,1.86,238.0,97636.0,True,7,0,185
2008-07-03 01:00:00,26.4,73.05,0.0,-0.0,0.0,408.25,1.93,246.0,97578.0,True,7,1,185
2008-07-03 02:00:00,26.06,74.7,0.0,-0.0,0.0,404.85,1.93,266.0,97530.0,True,7,2,185
2008-07-03 03:00:00,25.77,76.05,0.0,-0.0,0.0,405.65,1.79,266.0,97501.0,True,7,3,185
2008-07-03 04:00:00,25.47,77.6,0.0,-0.0,0.0,402.85,1.66,232.0,97549.0,True,7,4,185
2008-07-03 05:00:00,24.7,81.95,0.0,-0.0,0.0,406.05,3.1,173.0,97656.0,True,7,5,185
2008-07-03 06:00:00,23.29,90.65,29.0,82.99,23.0,408.05,4.0,174.0,97762.0,True,7,6,185
2008-07-03 07:00:00,23.92,88.3,108.0,16.36,103.0,405.65,2.07,243.0,97704.0,True,7,7,185
2008-07-03 08:00:00,25.1,82.85,220.0,26.73,206.0,400.65,2.62,252.0,97704.0,True,7,8,185
2008-07-03 09:00:00,27.42,73.1,652.0,663.11,180.0,396.65,2.76,260.0,97723.0,True,7,9,185
2008-07-03 10:00:00,29.63,63.8,817.0,724.56,196.0,406.65,2.55,263.0,97675.0,True,7,10,185
2008-07-03 11:00:00,31.55,56.25,945.0,816.11,170.0,415.05,2.34,263.0,97656.0,True,7,11,185
2008-07-03 12:00:00,32.63,52.35,964.0,768.97,208.0,423.85,1.86,244.0,97598.0,True,7,12,185
2008-07-03 13:00:00,33.29,49.8,957.0,833.23,161.0,430.25,1.72,226.0,97501.0,True,7,13,185
2008-07-03 14:00:00,33.62,48.6,798.0,635.89,246.0,435.45,1.66,223.0,97414.0,True,7,14,185
2008-07-03 15:00:00,33.75,47.5,611.0,485.32,258.0,439.65,1.52,223.0,97357.0,True,7,15,185
2008-07-03 16:00:00,33.62,47.3,362.0,226.63,239.0,437.05,1.45,218.0,97308.0,True,7,16,185
2008-07-03 17:00:00,32.93,47.9,227.0,318.22,123.0,431.25,1.1,189.0,97308.0,True,7,17,185
2008-07-03 18:00:00,29.93,56.55,31.0,31.81,28.0,435.05,1.31,181.0,97270.0,True,7,18,185
2008-07-03 19:00:00,30.75,53.95,0.0,-0.0,0.0,424.85,1.59,228.0,97318.0,True,7,19,185
2008-07-03 20:00:00,29.56,58.2,0.0,-0.0,0.0,410.65,1.72,234.0,97357.0,True,7,20,185
2008-07-03 21:00:00,28.5,62.6,0.0,-0.0,0.0,405.05,1.72,228.0,97482.0,True,7,21,185
2008-07-03 22:00:00,27.55,69.25,0.0,-0.0,0.0,403.65,1.66,226.0,97540.0,True,7,22,185
2008-07-03 23:00:00,27.08,70.9,0.0,-0.0,0.0,404.25,1.79,215.0,97530.0,True,7,23,185
2008-07-04 00:00:00,26.65,73.05,0.0,-0.0,0.0,402.45,2.21,202.0,97559.0,True,7,0,186
2008-07-04 01:00:00,26.25,75.85,0.0,-0.0,0.0,401.05,2.41,196.0,97511.0,True,7,1,186
2008-07-04 02:00:00,25.86,78.75,0.0,-0.0,0.0,400.25,2.62,193.0,97443.0,True,7,2,186
2008-07-04 03:00:00,25.49,81.45,0.0,-0.0,0.0,399.85,2.76,195.0,97453.0,True,7,3,186
2008-07-04 04:00:00,25.15,83.45,0.0,-0.0,0.0,398.85,2.69,203.0,97482.0,True,7,4,186
2008-07-04 05:00:00,24.85,84.7,0.0,-0.0,0.0,397.25,2.9,211.0,97501.0,True,7,5,186
2008-07-04 06:00:00,24.61,85.5,26.0,56.11,22.0,395.25,3.03,214.0,97578.0,True,7,6,186
2008-07-04 07:00:00,25.32,81.35,204.0,282.21,118.0,395.65,3.03,223.0,97636.0,True,7,7,186
2008-07-04 08:00:00,26.49,76.25,429.0,491.33,172.0,399.65,3.52,226.0,97685.0,True,7,8,186
2008-07-04 09:00:00,27.95,70.55,641.0,625.52,196.0,405.65,3.59,225.0,97713.0,True,7,9,186
2008-07-04 10:00:00,29.68,62.8,750.0,536.8,290.0,413.45,4.21,227.0,97694.0,True,7,10,186
2008-07-04 11:00:00,30.86,59.05,399.0,15.79,384.0,436.45,3.72,225.0,97694.0,True,7,11,186
2008-07-04 12:00:00,31.19,59.0,88.0,0.0,88.0,436.65,3.38,220.0,97665.0,True,7,12,186
2008-07-04 13:00:00,31.22,59.7,85.0,0.0,85.0,438.05,3.31,219.0,97627.0,True,7,13,186
2008-07-04 14:00:00,31.44,59.8,76.0,0.0,76.0,435.05,3.24,219.0,97598.0,True,7,14,186
2008-07-04 15:00:00,31.05,61.45,61.0,0.0,61.0,436.05,2.97,219.0,97636.0,True,7,15,186
2008-07-04 16:00:00,29.68,66.9,42.0,0.0,42.0,435.45,2.28,222.0,97578.0,True,7,16,186
2008-07-04 17:00:00,29.69,66.05,40.0,0.0,40.0,431.85,2.0,223.0,97598.0,True,7,17,186
2008-07-04 18:00:00,27.87,72.1,24.0,10.56,23.0,430.05,0.76,232.0,97511.0,True,7,18,186
2008-07-04 19:00:00,25.41,79.6,0.0,-0.0,0.0,410.25,1.93,149.0,97598.0,True,7,19,186
2008-07-04 20:00:00,25.05,81.45,0.0,-0.0,0.0,406.45,2.28,165.0,97704.0,True,7,20,186
2008-07-04 21:00:00,24.77,82.75,0.0,-0.0,0.0,403.25,2.0,177.0,97810.0,True,7,21,186
2008-07-04 22:00:00,24.54,83.35,0.0,-0.0,0.0,402.25,1.38,190.0,97665.0,True,7,22,186
2008-07-04 23:00:00,24.31,84.8,0.0,-0.0,0.0,399.65,1.24,208.0,97636.0,True,7,23,186
2008-07-05 00:00:00,24.06,85.95,0.0,-0.0,0.0,393.85,1.59,205.0,97665.0,True,7,0,187
2008-07-05 01:00:00,23.79,87.05,0.0,-0.0,0.0,394.45,1.86,204.0,97588.0,True,7,1,187
2008-07-05 02:00:00,23.57,87.8,0.0,-0.0,0.0,393.45,1.93,204.0,97540.0,True,7,2,187
2008-07-05 03:00:00,23.42,88.15,0.0,-0.0,0.0,392.2,2.0,198.0,97530.0,True,7,3,187
2008-07-05 04:00:00,23.3,88.8,0.0,-0.0,0.0,390.45,1.86,195.0,97588.0,True,7,4,187
2008-07-05 05:00:00,23.17,89.75,0.0,-0.0,0.0,389.2,1.86,200.0,97598.0,True,7,5,187
2008-07-05 06:00:00,23.06,90.95,18.0,14.23,17.0,388.2,2.14,198.0,97656.0,True,7,6,187
2008-07-05 07:00:00,23.67,88.05,179.0,177.68,125.0,381.0,2.07,196.0,97752.0,True,7,7,187
2008-07-05 08:00:00,25.27,79.0,379.0,317.73,213.0,386.0,3.93,205.0,97781.0,True,7,8,187
2008-07-05 09:00:00,26.81,70.95,563.0,392.38,284.0,403.85,3.86,213.0,97858.0,True,7,9,187
2008-07-05 10:00:00,28.09,64.1,697.0,409.67,346.0,430.45,3.72,218.0,97858.0,True,7,10,187
2008-07-05 11:00:00,29.05,59.6,475.0,47.38,430.0,437.45,3.66,223.0,97868.0,True,7,11,187
2008-07-05 12:00:00,29.72,56.95,970.0,783.78,199.0,444.05,3.45,223.0,97781.0,True,7,12,187
2008-07-05 13:00:00,30.38,54.3,943.0,789.58,188.0,447.85,3.03,222.0,97752.0,True,7,13,187
2008-07-05 14:00:00,30.47,54.1,750.0,506.23,310.0,446.65,2.76,219.0,97704.0,True,7,14,187
2008-07-05 15:00:00,30.81,52.7,657.0,621.79,204.0,448.85,2.83,221.0,97636.0,True,7,15,187
2008-07-05 16:00:00,30.86,52.15,450.0,501.93,177.0,435.65,2.9,222.0,97578.0,True,7,16,187
2008-07-05 17:00:00,30.51,53.5,216.0,262.34,130.0,428.45,2.83,228.0,97569.0,True,7,17,187
2008-07-05 18:00:00,29.55,58.2,39.0,73.66,32.0,417.45,2.41,236.0,97521.0,True,7,18,187
2008-07-05 19:00:00,28.29,63.75,0.0,-0.0,0.0,416.45,2.07,225.0,97530.0,True,7,19,187
2008-07-05 20:00:00,27.38,67.6,0.0,-0.0,0.0,406.45,2.14,224.0,97607.0,True,7,20,187
2008-07-05 21:00:00,26.86,70.15,0.0,-0.0,0.0,410.65,2.07,226.0,97742.0,True,7,21,187
2008-07-05 22:00:00,26.34,72.7,0.0,-0.0,0.0,407.85,1.93,227.0,97752.0,True,7,22,187
2008-07-05 23:00:00,25.74,75.5,0.0,-0.0,0.0,396.8,2.0,230.0,97752.0,True,7,23,187
2008-07-06 00:00:00,25.27,77.7,0.0,-0.0,0.0,395.45,2.0,231.0,97771.0,True,7,0,188
2008-07-06 01:00:00,24.93,79.15,0.0,-0.0,0.0,397.65,2.14,228.0,97704.0,True,7,1,188
2008-07-06 02:00:00,24.57,80.55,0.0,-0.0,0.0,391.0,2.28,226.0,97685.0,True,7,2,188
2008-07-06 03:00:00,24.27,81.7,0.0,-0.0,0.0,390.0,2.34,225.0,97646.0,True,7,3,188
2008-07-06 04:00:00,24.02,82.75,0.0,-0.0,0.0,389.0,2.41,219.0,97636.0,True,7,4,188
2008-07-06 05:00:00,23.74,84.05,0.0,-0.0,0.0,386.4,2.34,217.0,97665.0,True,7,5,188
2008-07-06 06:00:00,23.53,85.35,26.0,72.18,21.0,386.8,2.21,222.0,97713.0,True,7,6,188
2008-07-06 07:00:00,24.42,82.2,217.0,359.63,108.0,388.0,2.07,225.0,97791.0,True,7,7,188
2008-07-06 08:00:00,25.93,76.15,423.0,471.38,177.0,391.0,2.83,232.0,97791.0,True,7,8,188
2008-07-06 09:00:00,27.5,69.65,623.0,567.05,220.0,398.25,3.24,234.0,97800.0,True,7,9,188
2008-07-06 10:00:00,29.01,61.9,812.0,710.88,203.0,407.65,3.31,236.0,97762.0,True,7,10,188
2008-07-06 11:00:00,30.27,56.5,940.0,801.13,179.0,426.25,3.1,231.0,97704.0,True,7,11,188
2008-07-06 12:00:00,31.16,53.5,954.0,740.85,225.0,438.65,2.97,228.0,97636.0,True,7,12,188
2008-07-06 13:00:00,31.64,52.35,913.0,704.54,239.0,433.45,2.83,230.0,97549.0,True,7,13,188
2008-07-06 14:00:00,31.81,51.6,709.0,412.78,350.0,431.25,2.69,231.0,97511.0,True,7,14,188
2008-07-06 15:00:00,31.71,51.4,485.0,198.87,340.0,433.45,2.62,242.0,97434.0,True,7,15,188
2008-07-06 16:00:00,31.66,50.6,161.0,1.84,160.0,427.25,2.62,254.0,97434.0,True,7,16,188
2008-07-06 17:00:00,31.3,51.4,102.0,6.09,100.0,431.05,2.21,250.0,97385.0,True,7,17,188
2008-07-06 18:00:00,30.51,55.2,31.0,31.47,28.0,423.85,1.59,237.0,97357.0,True,7,18,188
2008-07-06 19:00:00,28.95,65.15,0.0,-0.0,0.0,419.85,0.83,209.0,97443.0,True,7,19,188
2008-07-06 20:00:00,28.47,64.85,0.0,-0.0,0.0,423.25,0.97,197.0,97482.0,True,7,20,188
2008-07-06 21:00:00,27.55,72.95,0.0,-0.0,0.0,421.85,0.9,210.0,97617.0,True,7,21,188
2008-07-06 22:00:00,27.2,71.6,0.0,-0.0,0.0,418.65,1.03,231.0,97549.0,True,7,22,188
2008-07-06 23:00:00,26.53,75.55,0.0,-0.0,0.0,415.05,1.17,233.0,97578.0,True,7,23,188
2008-07-07 00:00:00,25.97,78.0,0.0,-0.0,0.0,406.65,1.1,227.0,97540.0,True,7,0,189
2008-07-07 01:00:00,25.52,79.1,0.0,-0.0,0.0,402.65,1.31,221.0,97472.0,True,7,1,189
2008-07-07 02:00:00,25.18,79.6,0.0,-0.0,0.0,400.25,1.52,223.0,97443.0,True,7,2,189
2008-07-07 03:00:00,25.02,79.4,0.0,-0.0,0.0,400.85,1.66,225.0,97443.0,True,7,3,189
2008-07-07 04:00:00,24.82,79.65,0.0,-0.0,0.0,400.65,1.86,223.0,97482.0,True,7,4,189
2008-07-07 05:00:00,24.56,80.4,0.0,-0.0,0.0,395.85,2.07,221.0,97482.0,True,7,5,189
2008-07-07 06:00:00,24.37,81.15,21.0,29.3,19.0,396.65,2.21,219.0,97521.0,True,7,6,189
2008-07-07 07:00:00,24.79,81.1,206.0,304.35,114.0,390.2,2.62,201.0,97559.0,True,7,7,189
2008-07-07 08:00:00,26.32,74.8,434.0,519.86,163.0,398.25,3.17,202.0,97617.0,True,7,8,189
2008-07-07 09:00:00,28.02,67.9,647.0,650.37,185.0,404.45,3.31,207.0,97694.0,True,7,9,189
2008-07-07 10:00:00,29.11,62.8,812.0,710.95,203.0,414.65,3.45,218.0,97636.0,True,7,10,189
2008-07-07 11:00:00,29.44,63.1,865.0,597.86,297.0,425.65,3.1,216.0,97665.0,True,7,11,189
2008-07-07 12:00:00,29.5,65.4,88.0,0.0,88.0,427.45,2.83,208.0,97646.0,True,7,12,189
2008-07-07 13:00:00,29.63,66.75,85.0,0.0,85.0,433.05,2.62,207.0,97723.0,True,7,13,189
2008-07-07 14:00:00,29.32,67.95,102.0,0.0,102.0,431.65,2.34,226.0,97656.0,True,7,14,189
2008-07-07 15:00:00,29.97,62.95,220.0,1.37,219.0,434.45,2.69,251.0,97588.0,True,7,15,189
2008-07-07 16:00:00,30.2,61.25,43.0,0.0,43.0,428.25,2.48,254.0,97549.0,True,7,16,189
2008-07-07 17:00:00,28.96,66.05,25.0,0.0,25.0,428.85,2.0,271.0,97405.0,True,7,17,189
2008-07-07 18:00:00,26.24,80.4,7.0,0.0,7.0,424.05,0.28,356.0,97405.0,True,7,18,189
2008-07-07 19:00:00,25.63,79.05,0.0,-0.0,0.0,415.45,2.48,199.0,97501.0,True,7,19,189
2008-07-07 20:00:00,24.64,85.7,0.0,-0.0,0.0,409.65,1.66,205.0,97636.0,True,7,20,189
2008-07-07 21:00:00,23.8,90.95,0.0,-0.0,0.0,407.05,1.31,215.0,97704.0,True,7,21,189
2008-07-07 22:00:00,23.37,93.05,0.0,-0.0,0.0,400.65,1.38,206.0,97607.0,True,7,22,189
2008-07-07 23:00:00,23.06,95.5,0.0,-0.0,0.0,402.05,1.45,193.0,97627.0,True,7,23,189
2008-07-08 00:00:00,22.89,95.05,0.0,-0.0,0.0,402.65,1.31,196.0,97665.0,True,7,0,190
2008-07-08 01:00:00,22.74,96.35,0.0,-0.0,0.0,410.65,0.9,217.0,97598.0,True,7,1,190
2008-07-08 02:00:00,22.73,96.4,0.0,-0.0,0.0,416.45,1.59,192.0,97559.0,True,7,2,190
2008-07-08 03:00:00,22.33,95.9,0.0,-0.0,0.0,393.25,2.28,192.0,97598.0,True,7,3,190
2008-07-08 04:00:00,22.18,95.55,0.0,-0.0,0.0,390.4,1.79,201.0,97665.0,True,7,4,190
2008-07-08 05:00:00,22.07,95.55,0.0,-0.0,0.0,390.4,1.66,198.0,97665.0,True,7,5,190
2008-07-08 06:00:00,22.11,95.3,20.0,29.74,18.0,398.45,1.93,189.0,97694.0,True,7,6,190
2008-07-08 07:00:00,23.42,88.55,198.0,268.67,117.0,407.85,2.07,224.0,97771.0,True,7,7,190
2008-07-08 08:00:00,24.11,87.1,464.0,656.77,122.0,408.25,2.14,230.0,97791.0,True,7,8,190
2008-07-08 09:00:00,25.32,83.6,476.0,208.44,328.0,410.45,1.79,238.0,97829.0,True,7,9,190
2008-07-08 10:00:00,26.99,76.8,853.0,838.26,135.0,407.05,1.66,245.0,97762.0,True,7,10,190
2008-07-08 11:00:00,28.27,71.7,531.0,82.09,453.0,417.65,1.38,245.0,97733.0,True,7,11,190
2008-07-08 12:00:00,29.37,67.9,1003.0,875.41,141.0,415.05,1.24,232.0,97723.0,True,7,12,190
2008-07-08 13:00:00,30.15,65.0,979.0,891.81,125.0,426.65,1.31,214.0,97675.0,True,7,13,190
2008-07-08 14:00:00,30.51,63.8,838.0,742.97,191.0,437.65,1.52,207.0,97607.0,True,7,14,190
2008-07-08 15:00:00,30.64,62.7,692.0,736.73,154.0,432.65,1.79,201.0,97569.0,True,7,15,190
2008-07-08 16:00:00,27.49,73.4,419.0,383.15,210.0,443.65,2.07,176.0,97549.0,True,7,16,190
2008-07-08 17:00:00,26.22,78.95,257.0,471.01,102.0,428.85,2.28,174.0,97559.0,True,7,17,190
2008-07-08 18:00:00,25.96,77.6,43.0,104.37,33.0,411.65,1.86,169.0,97559.0,True,7,18,190
2008-07-08 19:00:00,26.06,77.25,0.0,-0.0,0.0,404.65,1.72,191.0,97607.0,True,7,19,190
2008-07-08 20:00:00,25.63,79.6,0.0,-0.0,0.0,404.45,1.86,193.0,97646.0,True,7,20,190
2008-07-08 21:00:00,25.11,82.1,0.0,-0.0,0.0,393.45,1.93,193.0,97742.0,True,7,21,190
2008-07-08 22:00:00,24.66,84.4,0.0,-0.0,0.0,391.45,1.93,195.0,97781.0,True,7,22,190
2008-07-08 23:00:00,24.31,85.5,0.0,-0.0,0.0,391.65,1.72,196.0,97791.0,True,7,23,190
2008-07-09 00:00:00,23.96,86.6,0.0,-0.0,0.0,390.6,1.66,187.0,97800.0,True,7,0,191
2008-07-09 01:00:00,23.65,87.6,0.0,-0.0,0.0,390.85,1.79,184.0,97781.0,True,7,1,191
2008-07-09 02:00:00,23.31,88.85,0.0,-0.0,0.0,386.8,1.93,188.0,97762.0,True,7,2,191
2008-07-09 03:00:00,23.06,89.8,0.0,-0.0,0.0,385.6,1.93,196.0,97771.0,True,7,3,191
2008-07-09 04:00:00,22.83,90.6,0.0,-0.0,0.0,384.2,2.0,203.0,97752.0,True,7,4,191
2008-07-09 05:00:00,22.64,90.9,0.0,-0.0,0.0,384.2,2.0,209.0,97771.0,True,7,5,191
2008-07-09 06:00:00,22.52,90.8,19.0,30.2,17.0,386.0,1.93,215.0,97810.0,True,7,6,191
2008-07-09 07:00:00,23.32,88.55,113.0,23.28,106.0,391.4,1.79,185.0,97897.0,True,7,7,191
2008-07-09 08:00:00,24.46,82.5,65.0,0.0,65.0,395.45,2.48,192.0,97945.0,True,7,8,191
2008-07-09 09:00:00,26.0,73.4,59.0,0.0,59.0,402.65,3.93,206.0,97935.0,True,7,9,191
2008-07-09 10:00:00,27.16,67.25,74.0,0.0,74.0,415.45,4.07,212.0,97974.0,True,7,10,191
2008-07-09 11:00:00,28.13,62.15,647.0,198.87,458.0,424.25,4.14,214.0,97926.0,True,7,11,191
2008-07-09 12:00:00,29.39,57.05,602.0,122.84,481.0,420.85,4.07,219.0,97820.0,True,7,12,191
2008-07-09 13:00:00,30.1,54.75,623.0,162.82,467.0,424.85,3.79,224.0,97723.0,True,7,13,191
2008-07-09 14:00:00,30.51,53.7,874.0,854.97,129.0,420.85,3.24,226.0,97646.0,True,7,14,191
2008-07-09 15:00:00,30.76,52.65,350.0,43.79,318.0,421.05,2.83,227.0,97617.0,True,7,15,191
2008-07-09 16:00:00,30.46,53.55,489.0,655.73,131.0,418.45,2.55,230.0,97607.0,True,7,16,191
2008-07-09 17:00:00,29.46,57.3,162.0,81.96,135.0,417.45,2.07,234.0,97578.0,True,7,17,191
2008-07-09 18:00:00,28.78,60.55,29.0,20.84,27.0,413.05,1.79,223.0,97530.0,True,7,18,191
2008-07-09 19:00:00,27.56,69.45,0.0,-0.0,0.0,419.25,0.9,223.0,97636.0,True,7,19,191
2008-07-09 20:00:00,27.03,71.6,0.0,-0.0,0.0,417.85,1.59,186.0,97733.0,True,7,20,191
2008-07-09 21:00:00,26.53,74.1,0.0,-0.0,0.0,417.05,1.79,183.0,97848.0,True,7,21,191
2008-07-09 22:00:00,25.91,76.9,0.0,-0.0,0.0,401.05,1.93,181.0,97868.0,True,7,22,191
2008-07-09 23:00:00,25.45,78.9,0.0,-0.0,0.0,397.6,2.0,182.0,97868.0,True,7,23,191
2008-07-10 00:00:00,24.95,80.9,0.0,-0.0,0.0,392.05,2.14,187.0,97848.0,True,7,0,192
2008-07-10 01:00:00,24.5,82.85,0.0,-0.0,0.0,390.25,2.28,191.0,97829.0,True,7,1,192
2008-07-10 02:00:00,24.07,84.9,0.0,-0.0,0.0,389.4,2.41,196.0,97781.0,True,7,2,192
2008-07-10 03:00:00,23.65,86.9,0.0,-0.0,0.0,387.0,2.55,202.0,97771.0,True,7,3,192
2008-07-10 04:00:00,23.28,88.25,0.0,-0.0,0.0,383.6,2.76,208.0,97762.0,True,7,4,192
2008-07-10 05:00:00,23.05,88.7,0.0,-0.0,0.0,388.0,2.76,211.0,97781.0,True,7,5,192
2008-07-10 06:00:00,22.81,89.45,24.0,61.33,20.0,389.2,2.55,213.0,97800.0,True,7,6,192
2008-07-10 07:00:00,23.85,86.95,199.0,280.08,115.0,385.0,3.17,216.0,97858.0,True,7,7,192
2008-07-10 08:00:00,25.17,79.05,374.0,309.82,213.0,390.8,4.62,225.0,97868.0,True,7,8,192
2008-07-10 09:00:00,26.69,71.15,681.0,775.2,131.0,398.05,4.48,231.0,97916.0,True,7,9,192
2008-07-10 10:00:00,27.77,65.8,830.0,765.93,174.0,419.85,3.66,235.0,97868.0,True,7,10,192
2008-07-10 11:00:00,28.86,60.85,643.0,192.51,460.0,433.25,2.97,233.0,97868.0,True,7,11,192
2008-07-10 12:00:00,29.71,57.05,866.0,522.62,351.0,437.65,2.69,229.0,97820.0,True,7,12,192
2008-07-10 13:00:00,29.9,56.45,618.0,157.52,467.0,446.25,2.48,228.0,97800.0,True,7,13,192
2008-07-10 14:00:00,30.32,55.45,671.0,330.31,383.0,430.45,2.41,231.0,97752.0,True,7,14,192
2008-07-10 15:00:00,30.37,55.5,594.0,426.62,282.0,426.05,2.21,230.0,97694.0,True,7,15,192
2008-07-10 16:00:00,30.42,55.2,461.0,534.4,169.0,429.05,2.0,229.0,97656.0,True,7,16,192
2008-07-10 17:00:00,30.25,55.2,196.0,178.93,137.0,419.65,1.93,225.0,97598.0,True,7,17,192
2008-07-10 18:00:00,29.48,58.8,39.0,72.84,32.0,420.85,1.59,210.0,97569.0,True,7,18,192
2008-07-10 19:00:00,28.32,65.0,0.0,-0.0,0.0,416.05,1.79,212.0,97627.0,True,7,19,192
2008-07-10 20:00:00,27.43,68.65,0.0,-0.0,0.0,409.45,2.07,211.0,97723.0,True,7,20,192
2008-07-10 21:00:00,26.82,71.4,0.0,-0.0,0.0,410.25,2.21,216.0,97820.0,True,7,21,192
2008-07-10 22:00:00,26.21,74.1,0.0,-0.0,0.0,403.65,2.28,218.0,97810.0,True,7,22,192
2008-07-10 23:00:00,25.83,75.9,0.0,-0.0,0.0,413.05,2.14,217.0,97800.0,True,7,23,192
2008-07-11 00:00:00,25.33,78.0,0.0,-0.0,0.0,405.85,1.86,216.0,97820.0,True,7,0,193
2008-07-11 01:00:00,24.86,79.9,0.0,-0.0,0.0,399.65,1.79,216.0,97742.0,True,7,1,193
2008-07-11 02:00:00,24.46,81.3,0.0,-0.0,0.0,395.85,1.93,216.0,97752.0,True,7,2,193
2008-07-11 03:00:00,24.15,82.35,0.0,-0.0,0.0,396.05,2.14,216.0,97704.0,True,7,3,193
2008-07-11 04:00:00,23.81,83.75,0.0,-0.0,0.0,389.6,2.21,219.0,97723.0,True,7,4,193
2008-07-11 05:00:00,23.51,85.1,0.0,-0.0,0.0,388.2,2.14,224.0,97733.0,True,7,5,193
2008-07-11 06:00:00,23.26,86.45,15.0,15.57,14.0,387.0,2.14,229.0,97762.0,True,7,6,193
2008-07-11 07:00:00,24.64,81.8,165.0,140.4,123.0,386.0,2.69,232.0,97829.0,True,7,7,193
2008-07-11 08:00:00,26.06,75.75,405.0,414.13,190.0,391.8,3.24,235.0,97829.0,True,7,8,193
2008-07-11 09:00:00,27.53,70.1,621.0,566.79,219.0,396.45,3.38,239.0,97877.0,True,7,9,193
2008-07-11 10:00:00,29.03,64.05,790.0,644.5,238.0,404.25,3.45,245.0,97839.0,True,7,10,193
2008-07-11 11:00:00,30.58,57.1,896.0,675.22,254.0,417.65,3.03,249.0,97771.0,True,7,11,193
2008-07-11 12:00:00,31.33,54.4,88.0,0.0,88.0,430.45,2.28,246.0,97704.0,True,7,12,193
2008-07-11 13:00:00,31.71,53.6,85.0,0.0,85.0,435.65,1.72,244.0,97685.0,True,7,13,193
2008-07-11 14:00:00,31.93,53.05,76.0,0.0,76.0,432.85,1.59,241.0,97627.0,True,7,14,193
2008-07-11 15:00:00,32.24,52.25,107.0,0.0,107.0,428.85,1.45,235.0,97588.0,True,7,15,193
2008-07-11 16:00:00,31.96,52.8,162.0,1.83,161.0,429.05,1.52,227.0,97530.0,True,7,16,193
2008-07-11 17:00:00,30.29,57.15,178.0,118.17,139.0,428.05,1.38,235.0,97540.0,True,7,17,193
2008-07-11 18:00:00,29.76,60.0,32.0,31.19,29.0,424.65,1.59,248.0,97521.0,True,7,18,193
2008-07-11 19:00:00,28.52,68.95,0.0,-0.0,0.0,424.25,1.1,194.0,97607.0,True,7,19,193
2008-07-11 20:00:00,27.86,73.6,0.0,-0.0,0.0,422.65,0.97,168.0,97646.0,True,7,20,193
2008-07-11 21:00:00,27.42,74.55,0.0,-0.0,0.0,418.25,1.31,177.0,97752.0,True,7,21,193
2008-07-11 22:00:00,26.83,77.0,0.0,-0.0,0.0,413.05,1.66,205.0,97675.0,True,7,22,193
2008-07-11 23:00:00,26.36,79.2,0.0,-0.0,0.0,408.25,1.66,214.0,97665.0,True,7,23,193
2008-07-12 00:00:00,25.92,82.05,0.0,-0.0,0.0,407.65,1.24,220.0,97617.0,True,7,0,194
2008-07-12 01:00:00,25.71,82.45,0.0,-0.0,0.0,409.05,1.59,215.0,97559.0,True,7,1,194
2008-07-12 02:00:00,25.44,83.4,0.0,-0.0,0.0,410.05,1.93,215.0,97443.0,True,7,2,194
2008-07-12 03:00:00,25.25,83.8,0.0,-0.0,0.0,409.05,1.93,218.0,97405.0,True,7,3,194
2008-07-12 04:00:00,25.03,84.1,0.0,-0.0,0.0,409.45,1.86,218.0,97424.0,True,7,4,194
2008-07-12 05:00:00,24.63,85.5,0.0,-0.0,0.0,410.25,2.0,200.0,97492.0,True,7,5,194
2008-07-12 06:00:00,23.84,88.85,19.0,31.64,17.0,410.05,2.28,179.0,97501.0,True,7,6,194
2008-07-12 07:00:00,24.63,86.1,168.0,150.81,123.0,410.65,2.41,234.0,97578.0,True,7,7,194
2008-07-12 08:00:00,24.68,85.0,412.0,441.52,183.0,408.85,2.62,227.0,97636.0,True,7,8,194
2008-07-12 09:00:00,25.38,81.95,642.0,637.49,190.0,407.65,3.24,231.0,97656.0,True,7,9,194
2008-07-12 10:00:00,25.69,79.7,799.0,670.17,225.0,424.45,3.17,228.0,97685.0,True,7,10,194
2008-07-12 11:00:00,25.64,81.0,916.0,729.73,222.0,418.85,2.55,229.0,97636.0,True,7,11,194
2008-07-12 12:00:00,25.41,83.0,957.0,741.23,226.0,432.85,2.21,233.0,97569.0,True,7,12,194
2008-07-12 13:00:00,25.7,82.05,845.0,528.36,338.0,426.45,1.86,221.0,97540.0,True,7,13,194
2008-07-12 14:00:00,26.68,76.25,850.0,773.2,175.0,425.25,1.38,217.0,97463.0,True,7,14,194
2008-07-12 15:00:00,27.56,72.1,691.0,725.06,160.0,418.25,0.83,238.0,97405.0,True,7,15,194
2008-07-12 16:00:00,28.42,68.4,477.0,599.38,149.0,419.65,0.41,230.0,97366.0,True,7,16,194
2008-07-12 17:00:00,28.57,67.6,244.0,393.63,114.0,416.05,0.83,198.0,97318.0,True,7,17,194
2008-07-12 18:00:00,28.3,68.55,43.0,103.95,33.0,413.85,1.17,177.0,97231.0,True,7,18,194
2008-07-12 19:00:00,28.02,69.6,0.0,-0.0,0.0,419.05,1.17,280.0,97337.0,True,7,19,194
2008-07-12 20:00:00,27.05,74.4,0.0,-0.0,0.0,412.45,1.52,248.0,97424.0,True,7,20,194
2008-07-12 21:00:00,26.38,78.65,0.0,-0.0,0.0,414.85,1.17,227.0,97472.0,True,7,21,194
2008-07-12 22:00:00,26.02,81.1,0.0,-0.0,0.0,418.85,1.1,217.0,97530.0,True,7,22,194
2008-07-12 23:00:00,25.65,81.9,0.0,-0.0,0.0,413.65,1.52,214.0,97472.0,True,7,23,194
2008-07-13 00:00:00,25.11,84.25,0.0,-0.0,0.0,404.25,1.93,215.0,97443.0,True,7,0,195
2008-07-13 01:00:00,24.61,86.45,0.0,-0.0,0.0,400.25,2.07,220.0,97385.0,True,7,1,195
2008-07-13 02:00:00,24.19,88.25,0.0,-0.0,0.0,395.45,2.0,222.0,97357.0,True,7,2,195
2008-07-13 03:00:00,23.86,89.35,0.0,-0.0,0.0,395.25,1.79,223.0,97366.0,True,7,3,195
2008-07-13 04:00:00,23.61,90.05,0.0,-0.0,0.0,395.0,1.66,223.0,97376.0,True,7,4,195
2008-07-13 05:00:00,23.38,90.65,0.0,-0.0,0.0,393.25,1.52,215.0,97414.0,True,7,5,195
2008-07-13 06:00:00,23.15,91.35,22.0,48.22,19.0,391.0,1.52,204.0,97434.0,True,7,6,195
2008-07-13 07:00:00,23.96,86.2,215.0,376.28,103.0,382.6,2.0,199.0,97511.0,True,7,7,195
2008-07-13 08:00:00,25.4,79.7,448.0,590.51,142.0,388.0,2.55,205.0,97540.0,True,7,8,195
2008-07-13 09:00:00,27.11,72.45,660.0,699.75,164.0,393.05,2.9,212.0,97569.0,True,7,9,195
2008-07-13 10:00:00,28.43,64.7,826.0,751.86,182.0,401.05,2.97,210.0,97540.0,True,7,10,195
2008-07-13 11:00:00,29.45,59.1,907.0,702.2,239.0,410.45,2.69,207.0,97511.0,True,7,11,195
2008-07-13 12:00:00,30.21,55.0,910.0,620.31,298.0,418.65,2.41,208.0,97453.0,True,7,12,195
2008-07-13 13:00:00,30.84,52.25,809.0,452.04,375.0,426.65,2.07,209.0,97405.0,True,7,13,195
2008-07-13 14:00:00,31.3,50.35,759.0,518.59,306.0,425.85,1.59,200.0,97366.0,True,7,14,195
2008-07-13 15:00:00,31.61,48.95,640.0,554.01,234.0,420.45,1.45,188.0,97299.0,True,7,15,195
2008-07-13 16:00:00,31.65,48.45,398.0,312.27,227.0,416.85,1.45,187.0,97279.0,True,7,16,195
2008-07-13 17:00:00,31.25,49.3,230.0,314.72,126.0,416.25,1.52,191.0,97299.0,True,7,17,195
2008-07-13 18:00:00,30.44,52.95,40.0,83.18,32.0,411.05,1.38,191.0,97241.0,True,7,18,195
2008-07-13 19:00:00,29.24,58.35,0.0,-0.0,0.0,404.25,1.52,199.0,97299.0,True,7,19,195
2008-07-13 20:00:00,28.15,62.75,0.0,-0.0,0.0,404.85,1.66,191.0,97376.0,True,7,20,195
2008-07-13 21:00:00,27.22,66.4,0.0,-0.0,0.0,397.05,1.93,199.0,97453.0,True,7,21,195
2008-07-13 22:00:00,26.51,69.75,0.0,-0.0,0.0,394.0,2.07,211.0,97492.0,True,7,22,195
2008-07-13 23:00:00,25.88,73.0,0.0,-0.0,0.0,393.0,2.07,215.0,97443.0,True,7,23,195
2008-07-14 00:00:00,25.36,75.7,0.0,-0.0,0.0,390.05,2.14,216.0,97453.0,True,7,0,196
2008-07-14 01:00:00,24.95,77.8,0.0,-0.0,0.0,388.45,2.21,223.0,97405.0,True,7,1,196
2008-07-14 02:00:00,24.61,79.55,0.0,-0.0,0.0,386.6,2.07,229.0,97366.0,True,7,2,196
2008-07-14 03:00:00,24.3,81.1,0.0,-0.0,0.0,384.0,2.07,232.0,97385.0,True,7,3,196
2008-07-14 04:00:00,24.06,82.35,0.0,-0.0,0.0,383.2,2.14,233.0,97443.0,True,7,4,196
2008-07-14 05:00:00,23.84,83.45,0.0,-0.0,0.0,382.2,2.07,234.0,97424.0,True,7,5,196
2008-07-14 06:00:00,23.67,84.6,19.0,32.67,17.0,382.8,2.07,238.0,97443.0,True,7,6,196
2008-07-14 07:00:00,25.3,79.35,191.0,249.22,117.0,388.4,2.14,233.0,97530.0,True,7,7,196
2008-07-14 08:00:00,27.05,72.4,399.0,395.95,194.0,391.85,2.83,237.0,97540.0,True,7,8,196
2008-07-14 09:00:00,28.75,65.75,617.0,554.58,224.0,397.45,3.38,243.0,97569.0,True,7,9,196
2008-07-14 10:00:00,30.19,59.7,786.0,632.72,244.0,406.05,3.59,245.0,97569.0,True,7,10,196
2008-07-14 11:00:00,31.37,55.45,897.0,675.73,254.0,413.05,3.31,247.0,97492.0,True,7,11,196
2008-07-14 12:00:00,32.42,51.8,927.0,659.55,276.0,418.65,3.1,247.0,97434.0,True,7,12,196
2008-07-14 13:00:00,33.29,48.4,918.0,705.82,240.0,423.45,2.83,247.0,97328.0,True,7,13,196
2008-07-14 14:00:00,33.84,45.7,810.0,650.99,241.0,426.85,2.34,251.0,97270.0,True,7,14,196
2008-07-14 15:00:00,34.0,44.35,648.0,576.84,225.0,430.05,1.93,261.0,97231.0,True,7,15,196
2008-07-14 16:00:00,33.82,44.45,458.0,514.65,176.0,434.85,1.79,267.0,97231.0,True,7,16,196
2008-07-14 17:00:00,33.52,45.05,230.0,314.57,126.0,431.45,1.66,264.0,97173.0,True,7,17,196
2008-07-14 18:00:00,32.29,51.0,39.0,72.84,32.0,426.05,1.38,249.0,97173.0,True,7,18,196
2008-07-14 19:00:00,30.63,57.1,0.0,-0.0,0.0,423.85,2.0,221.0,97212.0,True,7,19,196
2008-07-14 20:00:00,29.56,61.4,0.0,-0.0,0.0,418.05,2.07,215.0,97241.0,True,7,20,196
2008-07-14 21:00:00,28.87,64.5,0.0,-0.0,0.0,418.85,2.21,214.0,97376.0,True,7,21,196
2008-07-14 22:00:00,28.41,66.4,0.0,-0.0,0.0,422.85,2.62,218.0,97347.0,True,7,22,196
2008-07-14 23:00:00,27.98,67.85,0.0,-0.0,0.0,416.45,2.97,224.0,97347.0,True,7,23,196
2008-07-15 00:00:00,27.73,68.2,0.0,-0.0,0.0,417.65,3.17,231.0,97318.0,True,7,0,197
2008-07-15 01:00:00,27.41,69.05,0.0,-0.0,0.0,413.05,2.97,240.0,97376.0,True,7,1,197
2008-07-15 02:00:00,26.97,70.55,0.0,-0.0,0.0,416.05,3.24,235.0,97357.0,True,7,2,197
2008-07-15 03:00:00,26.18,73.55,0.0,-0.0,0.0,411.65,3.59,220.0,97328.0,True,7,3,197
2008-07-15 04:00:00,25.52,76.45,0.0,-0.0,0.0,412.65,3.52,211.0,97376.0,True,7,4,197
2008-07-15 05:00:00,25.09,78.75,0.0,-0.0,0.0,414.25,2.9,217.0,97385.0,True,7,5,197
2008-07-15 06:00:00,24.6,81.1,19.0,33.2,17.0,399.05,3.1,219.0,97385.0,True,7,6,197
2008-07-15 07:00:00,25.33,79.95,191.0,253.2,116.0,397.45,2.76,216.0,97453.0,True,7,7,197
2008-07-15 08:00:00,26.57,74.9,427.0,506.46,165.0,401.25,3.38,211.0,97521.0,True,7,8,197
2008-07-15 09:00:00,27.99,69.35,599.0,501.07,244.0,414.05,3.59,221.0,97559.0,True,7,9,197
2008-07-15 10:00:00,29.63,63.45,710.0,438.89,334.0,414.65,3.72,228.0,97463.0,True,7,10,197
2008-07-15 11:00:00,31.29,57.3,689.0,254.24,447.0,422.85,4.07,239.0,97434.0,True,7,11,197
2008-07-15 12:00:00,31.78,57.0,127.0,0.0,127.0,439.65,3.72,232.0,97453.0,True,7,12,197
2008-07-15 13:00:00,32.13,56.85,115.0,0.0,115.0,442.45,3.66,226.0,97424.0,True,7,13,197
2008-07-15 14:00:00,32.03,57.85,76.0,0.0,76.0,451.45,3.52,223.0,97395.0,True,7,14,197
2008-07-15 15:00:00,31.92,58.95,62.0,0.0,62.0,440.05,3.45,222.0,97366.0,True,7,15,197
2008-07-15 16:00:00,31.17,61.7,106.0,0.0,106.0,436.85,3.1,228.0,97385.0,True,7,16,197
2008-07-15 17:00:00,29.54,67.45,82.0,0.0,82.0,433.25,2.55,244.0,97337.0,True,7,17,197
2008-07-15 18:00:00,28.39,73.45,28.0,20.84,26.0,430.85,2.34,205.0,97395.0,True,7,18,197
2008-07-15 19:00:00,25.94,80.25,0.0,-0.0,0.0,416.45,2.9,195.0,97472.0,True,7,19,197
2008-07-15 20:00:00,25.77,81.25,0.0,-0.0,0.0,417.25,2.83,198.0,97540.0,True,7,20,197
2008-07-15 21:00:00,25.62,81.95,0.0,-0.0,0.0,416.25,2.55,192.0,97607.0,True,7,21,197
2008-07-15 22:00:00,25.49,82.65,0.0,-0.0,0.0,418.25,2.34,183.0,97569.0,True,7,22,197
2008-07-15 23:00:00,25.29,84.1,0.0,-0.0,0.0,420.25,2.14,177.0,97549.0,True,7,23,197
2008-07-16 00:00:00,25.06,85.1,0.0,-0.0,0.0,416.85,2.07,179.0,97540.0,True,7,0,198
2008-07-16 01:00:00,24.7,86.75,0.0,-0.0,0.0,404.45,2.28,188.0,97492.0,True,7,1,198
2008-07-16 02:00:00,24.41,87.75,0.0,-0.0,0.0,407.85,2.76,184.0,97443.0,True,7,2,198
2008-07-16 03:00:00,23.87,89.25,0.0,-0.0,0.0,407.85,3.31,178.0,97453.0,True,7,3,198
2008-07-16 04:00:00,23.38,89.7,0.0,-0.0,0.0,419.05,3.17,174.0,97521.0,True,7,4,198
2008-07-16 05:00:00,22.9,90.05,0.0,-0.0,0.0,419.85,2.83,171.0,97559.0,True,7,5,198
2008-07-16 06:00:00,22.06,94.15,8.0,0.0,8.0,418.25,2.55,158.0,97588.0,True,7,6,198
2008-07-16 07:00:00,22.95,91.15,176.0,186.11,121.0,427.65,3.45,168.0,97636.0,True,7,7,198
2008-07-16 08:00:00,23.27,88.8,367.0,294.06,215.0,428.45,4.28,175.0,97713.0,True,7,8,198
2008-07-16 09:00:00,23.71,86.45,663.0,712.92,158.0,429.45,4.0,180.0,97752.0,True,7,9,198
2008-07-16 10:00:00,23.88,85.9,831.0,765.63,175.0,430.85,3.86,180.0,97762.0,True,7,10,198
2008-07-16 11:00:00,23.47,90.75,972.0,889.56,125.0,425.25,3.24,180.0,97771.0,True,7,11,198
2008-07-16 12:00:00,23.61,92.15,992.0,831.05,171.0,428.05,2.76,195.0,97742.0,True,7,12,198
2008-07-16 13:00:00,23.89,89.8,971.0,851.7,152.0,428.65,3.17,206.0,97656.0,True,7,13,198
2008-07-16 14:00:00,24.41,84.8,853.0,773.66,176.0,427.25,3.59,204.0,97598.0,True,7,14,198
2008-07-16 15:00:00,24.42,83.1,679.0,674.23,184.0,429.45,3.52,205.0,97540.0,True,7,15,198
2008-07-16 16:00:00,25.07,78.2,402.0,319.04,227.0,421.45,3.38,201.0,97511.0,True,7,16,198
2008-07-16 17:00:00,25.47,75.25,248.0,408.12,113.0,418.65,2.83,194.0,97472.0,True,7,17,198
2008-07-16 18:00:00,25.23,75.8,44.0,114.84,33.0,421.65,2.0,190.0,97453.0,True,7,18,198
2008-07-16 19:00:00,25.84,72.7,0.0,-0.0,0.0,413.85,1.79,196.0,97530.0,True,7,19,198
2008-07-16 20:00:00,25.1,76.45,0.0,-0.0,0.0,403.65,2.28,191.0,97636.0,True,7,20,198
2008-07-16 21:00:00,24.4,80.4,0.0,-0.0,0.0,395.65,2.55,190.0,97723.0,True,7,21,198
2008-07-16 22:00:00,23.79,83.95,0.0,-0.0,0.0,390.25,2.48,195.0,97675.0,True,7,22,198
2008-07-16 23:00:00,23.34,86.3,0.0,-0.0,0.0,386.8,2.28,201.0,97694.0,True,7,23,198
2008-07-17 00:00:00,23.08,87.2,0.0,-0.0,0.0,386.4,2.14,206.0,97685.0,True,7,0,199
2008-07-17 01:00:00,23.02,86.75,0.0,-0.0,0.0,390.05,2.14,212.0,97685.0,True,7,1,199
2008-07-17 02:00:00,23.04,85.8,0.0,-0.0,0.0,391.05,2.28,219.0,97627.0,True,7,2,199
2008-07-17 03:00:00,22.89,86.05,0.0,-0.0,0.0,383.8,2.28,222.0,97627.0,True,7,3,199
2008-07-17 04:00:00,22.69,87.25,0.0,-0.0,0.0,383.0,2.07,219.0,97617.0,True,7,4,199
2008-07-17 05:00:00,22.4,88.95,0.0,-0.0,0.0,379.4,1.79,212.0,97636.0,True,7,5,199
2008-07-17 06:00:00,22.14,90.45,18.0,34.3,16.0,378.6,1.79,207.0,97685.0,True,7,6,199
2008-07-17 07:00:00,23.26,86.8,212.0,373.08,102.0,384.0,2.21,197.0,97752.0,True,7,7,199
2008-07-17 08:00:00,24.77,78.6,434.0,536.28,157.0,389.6,4.48,206.0,97752.0,True,7,8,199
2008-07-17 09:00:00,26.37,69.85,648.0,660.79,180.0,404.65,4.55,212.0,97791.0,True,7,9,199
2008-07-17 10:00:00,27.5,64.4,782.0,619.65,251.0,434.45,4.14,216.0,97752.0,True,7,10,199
2008-07-17 11:00:00,28.05,62.25,832.0,515.5,341.0,442.05,3.66,218.0,97742.0,True,7,11,199
2008-07-17 12:00:00,28.79,60.65,902.0,595.94,313.0,427.85,3.45,222.0,97742.0,True,7,12,199
2008-07-17 13:00:00,29.09,60.55,755.0,345.07,423.0,427.85,3.24,222.0,97694.0,True,7,13,199
2008-07-17 14:00:00,29.52,60.35,620.0,237.56,412.0,423.45,3.17,222.0,97636.0,True,7,14,199
2008-07-17 15:00:00,29.54,61.0,364.0,51.73,326.0,429.85,3.1,223.0,97588.0,True,7,15,199
2008-07-17 16:00:00,28.71,64.05,384.0,269.7,236.0,434.25,2.83,231.0,97549.0,True,7,16,199
2008-07-17 17:00:00,28.51,63.1,215.0,247.88,133.0,417.45,2.62,227.0,97501.0,True,7,17,199
2008-07-17 18:00:00,27.25,69.55,45.0,115.13,34.0,416.45,1.59,206.0,97530.0,True,7,18,199
2008-07-17 19:00:00,27.04,68.25,0.0,-0.0,0.0,424.45,1.59,198.0,97617.0,True,7,19,199
2008-07-17 20:00:00,26.45,71.45,0.0,-0.0,0.0,419.25,1.93,211.0,97656.0,True,7,20,199
2008-07-17 21:00:00,25.99,73.6,0.0,-0.0,0.0,411.25,2.14,231.0,97742.0,True,7,21,199
2008-07-17 22:00:00,25.62,75.4,0.0,-0.0,0.0,409.85,2.34,238.0,97665.0,True,7,22,199
2008-07-17 23:00:00,25.5,74.8,0.0,-0.0,0.0,415.45,2.41,245.0,97685.0,True,7,23,199
2008-07-18 00:00:00,25.28,74.65,0.0,-0.0,0.0,412.25,2.28,247.0,97694.0,True,7,0,200
2008-07-18 01:00:00,25.06,74.15,0.0,-0.0,0.0,412.85,2.48,249.0,97646.0,True,7,1,200
2008-07-18 02:00:00,24.73,75.4,0.0,-0.0,0.0,413.25,3.1,256.0,97636.0,True,7,2,200
2008-07-18 03:00:00,24.45,76.2,0.0,-0.0,0.0,402.05,2.76,267.0,97627.0,True,7,3,200
2008-07-18 04:00:00,24.16,77.6,0.0,-0.0,0.0,398.25,2.34,271.0,97607.0,True,7,4,200
2008-07-18 05:00:00,23.76,79.55,0.0,-0.0,0.0,388.4,2.21,264.0,97627.0,True,7,5,200
2008-07-18 06:00:00,23.4,81.7,12.0,0.0,12.0,384.2,2.14,258.0,97646.0,True,7,6,200
2008-07-18 07:00:00,24.34,78.9,69.0,0.0,69.0,393.8,2.34,251.0,97685.0,True,7,7,200
2008-07-18 08:00:00,25.8,73.1,383.0,346.8,204.0,395.85,2.9,260.0,97733.0,True,7,8,200
2008-07-18 09:00:00,27.2,67.8,393.0,93.2,327.0,403.65,3.1,268.0,97762.0,True,7,9,200
2008-07-18 10:00:00,28.66,62.2,415.0,42.0,379.0,408.85,3.31,274.0,97781.0,True,7,10,200
2008-07-18 11:00:00,30.27,56.2,823.0,493.28,353.0,416.45,3.66,277.0,97704.0,True,7,11,200
2008-07-18 12:00:00,31.3,52.3,903.0,595.67,314.0,419.45,3.72,281.0,97588.0,True,7,12,200
2008-07-18 13:00:00,32.2,49.95,941.0,763.54,206.0,424.25,3.45,286.0,97521.0,True,7,13,200
2008-07-18 14:00:00,32.61,49.0,730.0,444.05,341.0,433.45,3.03,290.0,97472.0,True,7,14,200
2008-07-18 15:00:00,32.55,48.9,208.0,0.0,208.0,436.25,2.48,293.0,97395.0,True,7,15,200
2008-07-18 16:00:00,32.13,49.55,85.0,0.0,85.0,444.45,2.34,292.0,97376.0,True,7,16,200
2008-07-18 17:00:00,31.49,50.35,23.0,0.0,23.0,443.85,1.59,281.0,97385.0,True,7,17,200
2008-07-18 18:00:00,27.85,67.7,16.0,0.0,16.0,435.05,0.69,120.0,97395.0,True,7,18,200
2008-07-18 19:00:00,27.9,73.9,0.0,-0.0,0.0,424.25,0.14,159.0,97453.0,True,7,19,200
2008-07-18 20:00:00,27.7,71.55,0.0,-0.0,0.0,419.45,0.21,38.0,97501.0,True,7,20,200
2008-07-18 21:00:00,26.8,76.55,0.0,-0.0,0.0,424.45,1.03,153.0,97588.0,True,7,21,200
2008-07-18 22:00:00,26.21,79.2,0.0,-0.0,0.0,417.85,1.24,136.0,97549.0,True,7,22,200
2008-07-18 23:00:00,25.84,80.3,0.0,-0.0,0.0,415.65,1.52,132.0,97511.0,True,7,23,200
2008-07-19 00:00:00,25.42,83.1,0.0,-0.0,0.0,416.05,1.17,141.0,97472.0,True,7,0,201
2008-07-19 01:00:00,25.05,86.9,0.0,-0.0,0.0,417.05,0.83,187.0,97414.0,True,7,1,201
2008-07-19 02:00:00,25.11,83.15,0.0,-0.0,0.0,416.65,1.72,232.0,97337.0,True,7,2,201
2008-07-19 03:00:00,25.17,80.2,0.0,-0.0,0.0,414.65,2.69,241.0,97270.0,True,7,3,201
2008-07-19 04:00:00,25.17,78.45,0.0,-0.0,0.0,410.85,2.83,252.0,97270.0,True,7,4,201
2008-07-19 05:00:00,25.1,78.5,0.0,-0.0,0.0,408.65,2.69,265.0,97318.0,True,7,5,201
2008-07-19 06:00:00,25.05,77.65,11.0,0.0,11.0,409.45,2.0,254.0,97395.0,True,7,6,201
2008-07-19 07:00:00,24.02,87.6,77.0,3.41,76.0,408.05,0.9,207.0,97511.0,True,7,7,201
2008-07-19 08:00:00,23.7,93.2,40.0,0.0,40.0,412.25,1.79,180.0,97559.0,True,7,8,201
2008-07-19 09:00:00,23.4,94.55,163.0,0.0,163.0,412.05,2.55,199.0,97607.0,True,7,9,201
2008-07-19 10:00:00,23.64,92.3,738.0,502.77,307.0,411.85,2.9,219.0,97559.0,True,7,10,201
2008-07-19 11:00:00,25.0,85.4,239.0,0.0,239.0,410.05,3.93,238.0,97549.0,True,7,11,201
2008-07-19 12:00:00,25.1,85.05,88.0,0.0,88.0,417.45,4.0,244.0,97511.0,True,7,12,201
2008-07-19 13:00:00,25.52,82.9,86.0,0.0,86.0,418.65,4.07,248.0,97521.0,True,7,13,201
2008-07-19 14:00:00,26.16,78.9,76.0,0.0,76.0,422.65,4.9,245.0,97443.0,True,7,14,201
2008-07-19 15:00:00,27.09,73.55,62.0,0.0,62.0,427.45,5.03,247.0,97357.0,True,7,15,201
2008-07-19 16:00:00,27.12,74.95,89.0,0.0,89.0,431.05,3.86,252.0,97308.0,True,7,16,201
2008-07-19 17:00:00,26.38,80.1,112.0,12.1,108.0,439.65,2.76,265.0,97289.0,True,7,17,201
2008-07-19 18:00:00,24.41,91.65,28.0,21.07,26.0,434.05,2.0,293.0,97270.0,True,7,18,201
2008-07-19 19:00:00,23.15,95.3,0.0,-0.0,0.0,420.65,1.79,223.0,97289.0,True,7,19,201
2008-07-19 20:00:00,22.96,95.85,0.0,-0.0,0.0,417.25,1.93,207.0,97395.0,True,7,20,201
2008-07-19 21:00:00,22.86,96.1,0.0,-0.0,0.0,427.65,2.21,189.0,97463.0,True,7,21,201
2008-07-19 22:00:00,22.7,96.4,0.0,-0.0,0.0,428.25,2.34,175.0,97656.0,True,7,22,201
2008-07-19 23:00:00,22.51,96.75,0.0,-0.0,0.0,423.25,2.34,164.0,97656.0,True,7,23,201
2008-07-20 00:00:00,22.38,96.55,0.0,-0.0,0.0,422.65,2.28,155.0,97636.0,True,7,0,202
2008-07-20 01:00:00,22.3,97.6,0.0,-0.0,0.0,421.85,2.28,146.0,97559.0,True,7,1,202
2008-07-20 02:00:00,22.29,96.75,0.0,-0.0,0.0,426.85,3.38,146.0,97540.0,True,7,2,202
2008-07-20 03:00:00,22.29,95.15,0.0,-0.0,0.0,426.05,4.14,143.0,97540.0,True,7,3,202
2008-07-20 04:00:00,22.07,96.0,0.0,-0.0,0.0,423.65,4.55,141.0,97521.0,True,7,4,202
2008-07-20 05:00:00,21.84,96.85,0.0,-0.0,0.0,421.45,4.48,150.0,97569.0,True,7,5,202
2008-07-20 06:00:00,21.83,96.9,7.0,0.0,7.0,423.45,4.14,157.0,97598.0,True,7,6,202
2008-07-20 07:00:00,21.97,96.0,98.0,13.66,94.0,424.85,2.83,150.0,97646.0,True,7,7,202
2008-07-20 08:00:00,22.42,93.4,191.0,13.58,184.0,424.85,3.59,156.0,97723.0,True,7,8,202
2008-07-20 09:00:00,23.26,88.7,492.0,241.51,321.0,418.25,3.66,157.0,97752.0,True,7,9,202
2008-07-20 10:00:00,24.94,80.9,264.0,1.17,263.0,413.65,3.52,162.0,97781.0,True,7,10,202
2008-07-20 11:00:00,26.39,73.6,194.0,0.0,194.0,415.25,3.66,168.0,97713.0,True,7,11,202
2008-07-20 12:00:00,27.15,71.0,547.0,76.79,471.0,424.45,3.17,175.0,97704.0,True,7,12,202
2008-07-20 13:00:00,27.87,67.45,922.0,707.75,240.0,421.25,2.97,178.0,97636.0,True,7,13,202
2008-07-20 14:00:00,28.36,64.7,847.0,746.92,192.0,424.25,3.03,178.0,97598.0,True,7,14,202
2008-07-20 15:00:00,28.5,63.5,603.0,439.09,280.0,420.25,3.03,180.0,97549.0,True,7,15,202
2008-07-20 16:00:00,27.12,68.5,467.0,548.01,166.0,419.05,3.1,185.0,97530.0,True,7,16,202
2008-07-20 17:00:00,26.08,72.95,211.0,229.89,135.0,409.45,2.34,189.0,97521.0,True,7,17,202
2008-07-20 18:00:00,25.83,73.65,44.0,116.39,33.0,410.45,1.79,177.0,97472.0,True,7,18,202
2008-07-20 19:00:00,26.65,71.65,0.0,-0.0,0.0,417.45,2.0,173.0,97578.0,True,7,19,202
2008-07-20 20:00:00,25.3,78.55,0.0,-0.0,0.0,417.05,2.55,177.0,97713.0,True,7,20,202
2008-07-20 21:00:00,24.54,83.05,0.0,-0.0,0.0,411.85,1.93,186.0,97781.0,True,7,21,202
2008-07-20 22:00:00,24.14,84.95,0.0,-0.0,0.0,401.45,1.45,195.0,97810.0,True,7,22,202
2008-07-20 23:00:00,23.88,86.25,0.0,-0.0,0.0,402.45,1.38,197.0,97791.0,True,7,23,202
2008-07-21 00:00:00,23.68,87.4,0.0,-0.0,0.0,405.85,1.31,194.0,97820.0,True,7,0,203
2008-07-21 01:00:00,23.46,88.7,0.0,-0.0,0.0,405.05,1.31,200.0,97791.0,True,7,1,203
2008-07-21 02:00:00,23.07,90.6,0.0,-0.0,0.0,395.65,1.66,211.0,97791.0,True,7,2,203
2008-07-21 03:00:00,22.72,91.45,0.0,-0.0,0.0,399.45,1.79,213.0,97781.0,True,7,3,203
2008-07-21 04:00:00,22.52,92.6,0.0,-0.0,0.0,403.65,1.59,206.0,97810.0,True,7,4,203
2008-07-21 05:00:00,22.41,93.2,0.0,-0.0,0.0,410.45,1.31,200.0,97820.0,True,7,5,203
2008-07-21 06:00:00,22.18,94.15,19.0,54.93,16.0,396.65,1.17,195.0,97829.0,True,7,6,203
2008-07-21 07:00:00,23.05,90.4,218.0,420.76,95.0,393.05,1.93,207.0,97858.0,True,7,7,203
2008-07-21 08:00:00,24.27,83.85,454.0,632.77,128.0,402.85,2.28,215.0,97916.0,True,7,8,203
2008-07-21 09:00:00,25.73,76.8,677.0,765.53,135.0,404.05,2.62,223.0,97935.0,True,7,9,203
2008-07-21 10:00:00,27.27,68.85,846.0,810.36,151.0,406.45,3.03,233.0,97935.0,True,7,10,203
2008-07-21 11:00:00,28.35,65.3,875.0,612.23,291.0,417.05,2.69,239.0,97877.0,True,7,11,203
2008-07-21 12:00:00,29.13,64.45,798.0,377.7,424.0,427.25,2.48,239.0,97800.0,True,7,12,203
2008-07-21 13:00:00,29.74,64.65,876.0,590.19,307.0,424.85,2.34,241.0,97723.0,True,7,13,203
2008-07-21 14:00:00,29.98,63.35,824.0,679.31,228.0,436.45,2.21,249.0,97646.0,True,7,14,203
2008-07-21 15:00:00,29.5,65.55,566.0,347.88,310.0,430.65,2.0,254.0,97578.0,True,7,15,203
2008-07-21 16:00:00,29.63,64.6,429.0,402.3,208.0,429.05,1.86,256.0,97521.0,True,7,16,203
2008-07-21 17:00:00,28.81,67.85,214.0,242.11,134.0,427.65,1.45,256.0,97453.0,True,7,17,203
2008-07-21 18:00:00,27.62,73.3,38.0,74.43,31.0,418.45,1.79,250.0,97443.0,True,7,18,203
2008-07-21 19:00:00,26.72,72.55,0.0,-0.0,0.0,418.85,1.24,247.0,97492.0,True,7,19,203
2008-07-21 20:00:00,26.28,75.05,0.0,-0.0,0.0,413.85,1.1,235.0,97598.0,True,7,20,203
2008-07-21 21:00:00,25.63,78.6,0.0,-0.0,0.0,408.65,1.24,224.0,97685.0,True,7,21,203
2008-07-21 22:00:00,25.23,81.5,0.0,-0.0,0.0,412.05,1.24,231.0,97723.0,True,7,22,203
2008-07-21 23:00:00,24.72,84.45,0.0,-0.0,0.0,405.85,1.24,251.0,97723.0,True,7,23,203
2008-07-22 00:00:00,24.59,83.05,0.0,-0.0,0.0,402.25,1.66,244.0,97656.0,True,7,0,204
2008-07-22 01:00:00,24.5,83.3,0.0,-0.0,0.0,404.45,1.79,246.0,97617.0,True,7,1,204
2008-07-22 02:00:00,24.29,84.25,0.0,-0.0,0.0,399.25,1.86,255.0,97598.0,True,7,2,204
2008-07-22 03:00:00,24.18,84.6,0.0,-0.0,0.0,402.05,1.93,253.0,97578.0,True,7,3,204
2008-07-22 04:00:00,24.06,85.2,0.0,-0.0,0.0,400.65,2.14,250.0,97549.0,True,7,4,204
2008-07-22 05:00:00,23.87,85.55,0.0,-0.0,0.0,397.05,2.21,251.0,97540.0,True,7,5,204
2008-07-22 06:00:00,23.71,85.95,14.0,18.61,13.0,396.85,2.21,253.0,97521.0,True,7,6,204
2008-07-22 07:00:00,24.11,85.5,158.0,130.25,120.0,392.8,2.14,266.0,97588.0,True,7,7,204
2008-07-22 08:00:00,25.65,79.0,291.0,118.47,230.0,396.05,2.9,270.0,97636.0,True,7,8,204
2008-07-22 09:00:00,27.27,72.35,553.0,374.29,288.0,403.25,3.24,274.0,97675.0,True,7,9,204
2008-07-22 10:00:00,28.88,65.35,815.0,711.07,205.0,410.25,3.38,275.0,97713.0,True,7,10,204
2008-07-22 11:00:00,30.08,60.7,947.0,803.75,180.0,418.65,3.24,274.0,97723.0,True,7,11,204
2008-07-22 12:00:00,31.02,58.3,942.0,688.42,260.0,423.05,3.03,273.0,97685.0,True,7,12,204
2008-07-22 13:00:00,31.52,57.9,603.0,136.85,471.0,429.85,2.9,269.0,97646.0,True,7,13,204
2008-07-22 14:00:00,31.55,56.0,396.0,27.34,372.0,438.85,2.48,268.0,97588.0,True,7,14,204
2008-07-22 15:00:00,30.66,61.0,220.0,1.36,219.0,437.45,2.28,272.0,97501.0,True,7,15,204
2008-07-22 16:00:00,29.56,67.15,333.0,151.08,250.0,433.45,1.79,274.0,97472.0,True,7,16,204
2008-07-22 17:00:00,28.47,71.45,175.0,109.02,139.0,433.65,0.97,291.0,97385.0,True,7,17,204
2008-07-22 18:00:00,28.0,74.25,30.0,21.38,28.0,425.85,1.03,255.0,97385.0,True,7,18,204
2008-07-22 19:00:00,27.09,72.5,0.0,-0.0,0.0,413.85,0.83,215.0,97472.0,True,7,19,204
2008-07-22 20:00:00,26.33,77.5,0.0,-0.0,0.0,409.45,1.1,188.0,97559.0,True,7,20,204
2008-07-22 21:00:00,25.51,83.0,0.0,-0.0,0.0,403.25,1.1,225.0,97598.0,True,7,21,204
2008-07-22 22:00:00,25.18,83.65,0.0,-0.0,0.0,407.25,1.31,236.0,97607.0,True,7,22,204
2008-07-22 23:00:00,24.92,84.2,0.0,-0.0,0.0,402.25,1.66,222.0,97607.0,True,7,23,204
2008-07-23 00:00:00,24.52,86.35,0.0,-0.0,0.0,397.6,1.79,221.0,97559.0,True,7,0,205
2008-07-23 01:00:00,24.15,88.25,0.0,-0.0,0.0,395.25,1.66,224.0,97530.0,True,7,1,205
2008-07-23 02:00:00,23.79,89.95,0.0,-0.0,0.0,392.25,1.66,214.0,97501.0,True,7,2,205
2008-07-23 03:00:00,23.45,91.55,0.0,-0.0,0.0,388.4,1.72,209.0,97492.0,True,7,3,205
2008-07-23 04:00:00,23.18,92.85,0.0,-0.0,0.0,388.0,1.66,211.0,97472.0,True,7,4,205
2008-07-23 05:00:00,22.93,94.0,0.0,-0.0,0.0,386.6,1.66,206.0,97482.0,True,7,5,205
2008-07-23 06:00:00,22.69,95.1,14.0,18.92,13.0,384.4,1.86,198.0,97482.0,True,7,6,205
2008-07-23 07:00:00,23.09,90.45,200.0,315.94,108.0,377.6,3.03,198.0,97569.0,True,7,7,205
2008-07-23 08:00:00,24.37,84.55,439.0,567.36,147.0,391.0,3.17,198.0,97607.0,True,7,8,205
2008-07-23 09:00:00,26.11,75.75,631.0,601.67,205.0,402.85,3.66,198.0,97665.0,True,7,9,205
2008-07-23 10:00:00,27.53,68.7,842.0,795.94,159.0,406.65,3.59,195.0,97627.0,True,7,10,205
2008-07-23 11:00:00,28.67,63.3,963.0,849.5,152.0,422.05,3.52,191.0,97627.0,True,7,11,205
2008-07-23 12:00:00,29.54,59.1,986.0,803.1,190.0,423.45,3.52,187.0,97549.0,True,7,12,205
2008-07-23 13:00:00,30.23,56.1,873.0,578.21,315.0,429.25,3.45,181.0,97492.0,True,7,13,205
2008-07-23 14:00:00,30.51,55.2,655.0,291.52,399.0,417.85,3.52,180.0,97414.0,True,7,14,205
2008-07-23 15:00:00,30.58,54.15,675.0,651.83,195.0,416.85,3.45,178.0,97357.0,True,7,15,205
2008-07-23 16:00:00,30.21,54.15,473.0,569.72,160.0,415.65,3.17,178.0,97347.0,True,7,16,205
2008-07-23 17:00:00,29.59,56.65,251.0,427.36,110.0,422.65,2.9,184.0,97347.0,True,7,17,205
2008-07-23 18:00:00,28.07,64.5,42.0,107.58,32.0,418.45,1.93,200.0,97347.0,True,7,18,205
2008-07-23 19:00:00,27.33,70.1,0.0,-0.0,0.0,410.85,1.17,235.0,97414.0,True,7,19,205
2008-07-23 20:00:00,26.63,74.0,0.0,-0.0,0.0,409.05,1.17,234.0,97521.0,True,7,20,205
2008-07-23 21:00:00,25.74,80.45,0.0,-0.0,0.0,402.25,1.03,197.0,97578.0,True,7,21,205
2008-07-23 22:00:00,25.18,81.9,0.0,-0.0,0.0,397.25,1.24,177.0,97627.0,True,7,22,205
2008-07-23 23:00:00,24.67,83.65,0.0,-0.0,0.0,394.85,1.45,178.0,97665.0,True,7,23,205
2008-07-24 00:00:00,24.38,84.25,0.0,-0.0,0.0,394.25,1.72,182.0,97656.0,True,7,0,206
2008-07-24 01:00:00,24.13,85.25,0.0,-0.0,0.0,396.65,1.93,178.0,97617.0,True,7,1,206
2008-07-24 02:00:00,23.82,86.8,0.0,-0.0,0.0,395.05,1.93,176.0,97617.0,True,7,2,206
2008-07-24 03:00:00,23.45,88.6,0.0,-0.0,0.0,388.2,2.0,180.0,97607.0,True,7,3,206
2008-07-24 04:00:00,23.17,89.9,0.0,-0.0,0.0,388.8,2.14,183.0,97617.0,True,7,4,206
2008-07-24 05:00:00,22.91,91.05,0.0,-0.0,0.0,387.2,2.14,183.0,97627.0,True,7,5,206
2008-07-24 06:00:00,22.65,92.25,15.0,38.46,13.0,384.0,1.93,182.0,97646.0,True,7,6,206
2008-07-24 07:00:00,23.93,86.9,104.0,20.64,98.0,389.4,2.28,183.0,97713.0,True,7,7,206
2008-07-24 08:00:00,25.23,81.55,239.0,46.65,215.0,389.4,2.83,183.0,97752.0,True,7,8,206
2008-07-24 09:00:00,26.89,72.75,347.0,50.84,311.0,395.05,3.66,184.0,97791.0,True,7,9,206
2008-07-24 10:00:00,27.92,68.4,789.0,633.77,245.0,411.45,3.03,178.0,97829.0,True,7,10,206
2008-07-24 11:00:00,28.92,64.35,892.0,651.25,270.0,419.45,2.69,174.0,97800.0,True,7,11,206
2008-07-24 12:00:00,29.67,61.25,901.0,584.9,321.0,423.05,2.48,171.0,97723.0,True,7,12,206
2008-07-24 13:00:00,30.52,58.15,961.0,808.89,180.0,422.45,2.28,168.0,97646.0,True,7,13,206
2008-07-24 14:00:00,30.86,56.65,812.0,640.85,249.0,424.45,2.28,163.0,97569.0,True,7,14,206
2008-07-24 15:00:00,30.93,55.95,694.0,715.47,167.0,423.85,2.34,160.0,97521.0,True,7,15,206
2008-07-24 16:00:00,30.84,55.85,432.0,411.39,206.0,426.05,2.28,158.0,97472.0,True,7,16,206
2008-07-24 17:00:00,29.68,58.6,250.0,424.74,110.0,422.45,2.07,155.0,97492.0,True,7,17,206
2008-07-24 18:00:00,28.99,62.4,42.0,97.48,33.0,418.65,1.59,157.0,97463.0,True,7,18,206
2008-07-24 19:00:00,28.02,65.05,0.0,-0.0,0.0,412.45,1.38,159.0,97540.0,True,7,19,206
2008-07-24 20:00:00,27.28,68.1,0.0,-0.0,0.0,415.65,1.79,168.0,97569.0,True,7,20,206
2008-07-24 21:00:00,26.55,71.65,0.0,-0.0,0.0,407.45,1.93,172.0,97665.0,True,7,21,206
2008-07-24 22:00:00,25.98,74.95,0.0,-0.0,0.0,403.45,1.79,180.0,97685.0,True,7,22,206
2008-07-24 23:00:00,25.5,77.55,0.0,-0.0,0.0,402.85,1.79,190.0,97742.0,True,7,23,206
2008-07-25 00:00:00,25.11,79.65,0.0,-0.0,0.0,402.65,1.86,201.0,97704.0,True,7,0,207
2008-07-25 01:00:00,24.78,81.35,0.0,-0.0,0.0,401.45,1.86,207.0,97723.0,True,7,1,207
2008-07-25 02:00:00,24.51,82.65,0.0,-0.0,0.0,403.05,1.66,214.0,97713.0,True,7,2,207
2008-07-25 03:00:00,24.3,83.65,0.0,-0.0,0.0,403.05,1.59,215.0,97723.0,True,7,3,207
2008-07-25 04:00:00,24.04,84.65,0.0,-0.0,0.0,399.45,1.72,213.0,97742.0,True,7,4,207
2008-07-25 05:00:00,23.73,85.9,0.0,-0.0,0.0,392.8,1.86,213.0,97742.0,True,7,5,207
2008-07-25 06:00:00,23.57,86.75,17.0,58.63,14.0,395.45,1.86,214.0,97781.0,True,7,6,207
2008-07-25 07:00:00,24.47,81.35,211.0,389.45,98.0,399.65,2.41,230.0,97839.0,True,7,7,207
2008-07-25 08:00:00,25.71,75.95,444.0,587.29,142.0,393.85,3.03,236.0,97868.0,True,7,8,207
2008-07-25 09:00:00,27.18,70.15,645.0,649.6,185.0,400.65,3.31,241.0,97887.0,True,7,9,207
2008-07-25 10:00:00,28.37,65.4,785.0,620.75,252.0,407.05,3.31,246.0,97877.0,True,7,10,207
2008-07-25 11:00:00,29.27,61.6,903.0,678.18,255.0,417.45,2.69,244.0,97887.0,True,7,11,207
2008-07-25 12:00:00,30.01,59.95,950.0,702.55,253.0,423.45,2.28,245.0,97762.0,True,7,12,207
2008-07-25 13:00:00,30.76,58.75,672.0,213.26,466.0,422.85,2.07,250.0,97694.0,True,7,13,207
2008-07-25 14:00:00,30.8,59.1,614.0,225.29,416.0,430.25,1.93,252.0,97617.0,True,7,14,207
2008-07-25 15:00:00,31.05,59.2,683.0,677.31,184.0,427.85,1.93,254.0,97569.0,True,7,15,207
2008-07-25 16:00:00,30.86,60.2,481.0,602.62,150.0,428.65,2.14,253.0,97530.0,True,7,16,207
2008-07-25 17:00:00,29.69,63.5,204.0,203.5,137.0,425.25,2.0,249.0,97453.0,True,7,17,207
2008-07-25 18:00:00,28.49,66.45,41.0,98.22,32.0,428.65,2.76,238.0,97376.0,True,7,18,207
2008-07-25 19:00:00,27.91,68.95,0.0,-0.0,0.0,413.05,1.79,225.0,97405.0,True,7,19,207
2008-07-25 20:00:00,27.09,73.65,0.0,-0.0,0.0,405.05,1.72,224.0,97530.0,True,7,20,207
2008-07-25 21:00:00,26.5,75.95,0.0,-0.0,0.0,403.85,2.0,247.0,97675.0,True,7,21,207
2008-07-25 22:00:00,26.02,77.55,0.0,-0.0,0.0,399.45,2.21,253.0,97665.0,True,7,22,207
2008-07-25 23:00:00,25.63,78.75,0.0,-0.0,0.0,399.25,2.28,250.0,97694.0,True,7,23,207
2008-07-26 00:00:00,25.25,79.95,0.0,-0.0,0.0,397.85,2.28,251.0,97627.0,True,7,0,208
2008-07-26 01:00:00,24.94,81.1,0.0,-0.0,0.0,395.85,2.14,256.0,97598.0,True,7,1,208
2008-07-26 02:00:00,24.79,81.85,0.0,-0.0,0.0,403.05,1.93,269.0,97549.0,True,7,2,208
2008-07-26 03:00:00,24.63,83.05,0.0,-0.0,0.0,408.25,1.59,293.0,97636.0,True,7,3,208
2008-07-26 04:00:00,24.23,88.15,0.0,-0.0,0.0,406.05,0.69,302.0,97685.0,True,7,4,208
2008-07-26 05:00:00,24.57,83.15,0.0,-0.0,0.0,406.05,0.21,72.0,97704.0,True,7,5,208
2008-07-26 06:00:00,23.86,89.85,7.0,0.0,7.0,404.85,0.48,119.0,97762.0,True,7,6,208
2008-07-26 07:00:00,23.4,95.35,53.0,0.0,53.0,409.45,0.69,128.0,97810.0,True,7,7,208
2008-07-26 08:00:00,23.8,94.85,82.0,0.0,82.0,410.25,0.48,188.0,97868.0,True,7,8,208
2008-07-26 09:00:00,24.38,92.65,97.0,0.0,97.0,411.85,1.03,242.0,97897.0,True,7,9,208
2008-07-26 10:00:00,24.82,91.4,260.0,0.0,260.0,414.65,1.66,257.0,97897.0,True,7,10,208
2008-07-26 11:00:00,25.55,88.1,515.0,68.0,450.0,417.85,2.0,268.0,97848.0,True,7,11,208
2008-07-26 12:00:00,26.26,79.1,732.0,266.98,467.0,418.45,2.48,274.0,97800.0,True,7,12,208
2008-07-26 13:00:00,26.82,68.9,797.0,412.87,398.0,419.65,2.9,279.0,97752.0,True,7,13,208
2008-07-26 14:00:00,27.54,62.45,647.0,275.25,405.0,421.85,2.83,284.0,97685.0,True,7,14,208
2008-07-26 15:00:00,28.91,55.1,497.0,207.64,344.0,421.85,2.41,290.0,97598.0,True,7,15,208
2008-07-26 16:00:00,29.65,51.75,432.0,411.55,206.0,404.65,1.52,308.0,97521.0,True,7,16,208
2008-07-26 17:00:00,29.71,50.75,217.0,258.51,132.0,402.25,1.03,342.0,97472.0,True,7,17,208
2008-07-26 18:00:00,29.05,53.7,44.0,121.04,33.0,404.45,0.21,20.0,97453.0,True,7,18,208
2008-07-26 19:00:00,27.19,69.15,0.0,-0.0,0.0,399.65,0.62,40.0,97482.0,True,7,19,208
2008-07-26 20:00:00,26.25,71.2,0.0,-0.0,0.0,397.45,1.03,130.0,97588.0,True,7,20,208
2008-07-26 21:00:00,25.19,75.0,0.0,-0.0,0.0,395.25,1.38,153.0,97675.0,True,7,21,208
2008-07-26 22:00:00,24.7,77.45,0.0,-0.0,0.0,400.45,1.45,166.0,97713.0,True,7,22,208
2008-07-26 23:00:00,24.38,78.5,0.0,-0.0,0.0,400.05,1.66,175.0,97723.0,True,7,23,208
2008-07-27 00:00:00,23.98,80.85,0.0,-0.0,0.0,394.85,1.72,176.0,97704.0,True,7,0,209
2008-07-27 01:00:00,23.63,83.2,0.0,-0.0,0.0,393.65,1.79,179.0,97723.0,True,7,1,209
2008-07-27 02:00:00,23.42,84.85,0.0,-0.0,0.0,396.65,1.86,191.0,97704.0,True,7,2,209
2008-07-27 03:00:00,23.22,86.25,0.0,-0.0,0.0,395.25,1.79,206.0,97694.0,True,7,3,209
2008-07-27 04:00:00,23.02,87.45,0.0,-0.0,0.0,393.65,1.66,219.0,97704.0,True,7,4,209
2008-07-27 05:00:00,22.86,88.5,0.0,-0.0,0.0,394.85,1.52,227.0,97685.0,True,7,5,209
2008-07-27 06:00:00,22.6,90.15,5.0,0.0,5.0,387.6,1.52,237.0,97733.0,True,7,6,209
2008-07-27 07:00:00,23.46,87.3,90.0,6.92,88.0,391.4,1.38,200.0,97771.0,True,7,7,209
2008-07-27 08:00:00,24.72,82.0,324.0,186.81,228.0,401.45,1.72,198.0,97820.0,True,7,8,209
2008-07-27 09:00:00,26.05,75.85,372.0,72.0,321.0,404.65,2.14,189.0,97839.0,True,7,9,209
2008-07-27 10:00:00,26.67,72.4,592.0,215.31,407.0,414.25,2.48,183.0,97810.0,True,7,10,209
2008-07-27 11:00:00,27.32,69.1,914.0,705.82,239.0,416.65,2.62,171.0,97820.0,True,7,11,209
2008-07-27 12:00:00,28.0,68.15,994.0,818.7,181.0,430.45,2.48,169.0,97713.0,True,7,12,209
2008-07-27 13:00:00,28.79,65.95,798.0,412.69,399.0,436.05,2.34,172.0,97675.0,True,7,13,209
2008-07-27 14:00:00,29.27,64.9,606.0,211.49,420.0,422.25,2.21,177.0,97607.0,True,7,14,209
2008-07-27 15:00:00,29.48,64.7,687.0,690.68,178.0,421.85,1.93,186.0,97588.0,True,7,15,209
2008-07-27 16:00:00,29.47,64.15,487.0,626.63,143.0,426.45,1.45,184.0,97549.0,True,7,16,209
2008-07-27 17:00:00,28.88,65.5,254.0,450.77,106.0,431.05,1.52,137.0,97434.0,True,7,17,209
2008-07-27 18:00:00,25.58,81.15,40.0,99.93,31.0,423.25,2.83,120.0,97492.0,True,7,18,209
2008-07-27 19:00:00,26.59,74.35,0.0,-0.0,0.0,418.85,1.66,107.0,97578.0,True,7,19,209
2008-07-27 20:00:00,25.05,83.15,0.0,-0.0,0.0,408.05,2.07,116.0,97694.0,True,7,20,209
2008-07-27 21:00:00,24.12,88.8,0.0,-0.0,0.0,410.85,1.86,127.0,97800.0,True,7,21,209
2008-07-27 22:00:00,23.63,91.1,0.0,-0.0,0.0,414.25,1.93,134.0,97820.0,True,7,22,209
2008-07-27 23:00:00,23.07,92.9,0.0,-0.0,0.0,406.25,2.0,134.0,97877.0,True,7,23,209
2008-07-28 00:00:00,22.67,93.9,0.0,-0.0,0.0,408.65,2.0,139.0,97868.0,True,7,0,210
2008-07-28 01:00:00,22.3,94.75,0.0,-0.0,0.0,402.65,1.93,148.0,97820.0,True,7,1,210
2008-07-28 02:00:00,21.99,96.3,0.0,-0.0,0.0,398.25,2.21,166.0,97820.0,True,7,2,210
2008-07-28 03:00:00,21.74,96.5,0.0,-0.0,0.0,395.85,2.34,178.0,97762.0,True,7,3,210
2008-07-28 04:00:00,21.72,96.3,0.0,-0.0,0.0,406.85,1.59,187.0,97723.0,True,7,4,210
2008-07-28 05:00:00,21.75,95.7,0.0,-0.0,0.0,409.25,1.38,188.0,97752.0,True,7,5,210
2008-07-28 06:00:00,21.69,95.75,9.0,0.0,9.0,404.45,1.38,178.0,97742.0,True,7,6,210
2008-07-28 07:00:00,22.51,91.4,136.0,72.73,115.0,396.45,3.86,183.0,97829.0,True,7,7,210
2008-07-28 08:00:00,23.83,83.4,172.0,5.84,169.0,409.05,3.86,192.0,97858.0,True,7,8,210
2008-07-28 09:00:00,24.87,77.85,202.0,0.0,202.0,432.45,4.14,197.0,97916.0,True,7,9,210
2008-07-28 10:00:00,25.69,73.7,310.0,5.82,305.0,435.25,4.0,201.0,97887.0,True,7,10,210
2008-07-28 11:00:00,26.73,68.55,910.0,691.91,248.0,439.05,3.86,203.0,97877.0,True,7,11,210
2008-07-28 12:00:00,27.31,66.05,797.0,369.4,430.0,440.85,3.45,204.0,97829.0,True,7,12,210
2008-07-28 13:00:00,27.5,66.3,710.0,263.64,455.0,442.25,3.17,204.0,97723.0,True,7,13,210
2008-07-28 14:00:00,28.37,63.0,828.0,682.02,228.0,434.25,2.9,203.0,97656.0,True,7,14,210
2008-07-28 15:00:00,28.9,61.75,602.0,430.12,285.0,423.65,2.41,203.0,97588.0,True,7,15,210
2008-07-28 16:00:00,28.85,61.9,450.0,477.45,188.0,426.25,2.21,200.0,97530.0,True,7,16,210
2008-07-28 17:00:00,28.64,61.6,241.0,378.29,117.0,427.25,2.07,197.0,97540.0,True,7,17,210
2008-07-28 18:00:00,27.89,64.65,41.0,112.12,31.0,411.05,1.86,192.0,97511.0,True,7,18,210
2008-07-28 19:00:00,26.86,69.85,0.0,-0.0,0.0,419.05,1.93,196.0,97559.0,True,7,19,210
2008-07-28 20:00:00,25.97,74.1,0.0,-0.0,0.0,406.05,2.0,191.0,97559.0,True,7,20,210
2008-07-28 21:00:00,25.23,77.95,0.0,-0.0,0.0,393.8,1.93,192.0,97656.0,True,7,21,210
2008-07-28 22:00:00,24.65,81.0,0.0,-0.0,0.0,389.6,1.86,208.0,97704.0,True,7,22,210
2008-07-28 23:00:00,24.16,83.5,0.0,-0.0,0.0,387.65,1.93,220.0,97704.0,True,7,23,210
2008-07-29 00:00:00,23.8,85.05,0.0,-0.0,0.0,390.0,1.93,226.0,97685.0,True,7,0,211
2008-07-29 01:00:00,23.42,86.6,0.0,-0.0,0.0,385.45,1.86,232.0,97675.0,True,7,1,211
2008-07-29 02:00:00,23.09,87.85,0.0,-0.0,0.0,384.0,1.79,231.0,97607.0,True,7,2,211
2008-07-29 03:00:00,22.8,88.95,0.0,-0.0,0.0,382.4,1.66,232.0,97607.0,True,7,3,211
2008-07-29 04:00:00,22.53,90.15,0.0,-0.0,0.0,381.8,1.45,231.0,97598.0,True,7,4,211
2008-07-29 05:00:00,22.28,91.25,0.0,-0.0,0.0,382.4,1.38,234.0,97656.0,True,7,5,211
2008-07-29 06:00:00,22.21,91.75,13.0,20.82,12.0,388.8,1.31,239.0,97665.0,True,7,6,211
2008-07-29 07:00:00,23.42,87.6,207.0,371.09,100.0,382.0,1.59,235.0,97771.0,True,7,7,211
2008-07-29 08:00:00,25.16,80.65,434.0,545.13,154.0,388.0,2.21,243.0,97829.0,True,7,8,211
2008-07-29 09:00:00,26.87,71.35,646.0,650.6,185.0,394.85,3.86,251.0,97829.0,True,7,9,211
2008-07-29 10:00:00,27.93,65.85,769.0,573.34,276.0,414.45,3.72,255.0,97800.0,True,7,10,211
2008-07-29 11:00:00,28.98,61.35,798.0,431.46,385.0,412.65,3.31,257.0,97752.0,True,7,11,211
2008-07-29 12:00:00,29.8,58.7,610.0,123.75,487.0,428.05,2.83,258.0,97704.0,True,7,12,211
2008-07-29 13:00:00,30.93,55.7,711.0,264.57,455.0,421.05,2.62,254.0,97617.0,True,7,13,211
2008-07-29 14:00:00,31.39,54.2,787.0,568.19,287.0,421.65,2.69,248.0,97549.0,True,7,14,211
2008-07-29 15:00:00,31.42,54.1,628.0,502.02,258.0,426.05,2.76,244.0,97463.0,True,7,15,211
2008-07-29 16:00:00,30.6,56.85,471.0,559.74,164.0,423.45,2.55,243.0,97434.0,True,7,16,211
2008-07-29 17:00:00,29.44,59.8,220.0,278.12,129.0,426.45,2.0,247.0,97366.0,True,7,17,211
2008-07-29 18:00:00,28.97,61.8,36.0,67.98,30.0,413.85,1.31,249.0,97366.0,True,7,18,211
2008-07-29 19:00:00,27.63,69.0,0.0,-0.0,0.0,415.25,1.52,211.0,97424.0,True,7,19,211
2008-07-29 20:00:00,26.82,72.9,0.0,-0.0,0.0,413.05,1.93,204.0,97530.0,True,7,20,211
2008-07-29 21:00:00,26.21,76.2,0.0,-0.0,0.0,412.65,2.07,206.0,97607.0,True,7,21,211
2008-07-29 22:00:00,25.7,79.2,0.0,-0.0,0.0,406.85,2.0,206.0,97675.0,True,7,22,211
2008-07-29 23:00:00,25.21,82.15,0.0,-0.0,0.0,400.05,1.86,218.0,97617.0,True,7,23,211
2008-07-30 00:00:00,24.82,84.55,0.0,-0.0,0.0,396.8,1.93,234.0,97598.0,True,7,0,212
2008-07-30 01:00:00,24.53,86.45,0.0,-0.0,0.0,395.85,2.07,241.0,97559.0,True,7,1,212
2008-07-30 02:00:00,24.25,88.0,0.0,-0.0,0.0,393.85,2.07,242.0,97540.0,True,7,2,212
2008-07-30 03:00:00,24.02,89.0,0.0,-0.0,0.0,393.45,2.07,243.0,97501.0,True,7,3,212
2008-07-30 04:00:00,23.82,89.4,0.0,-0.0,0.0,394.25,2.21,245.0,97530.0,True,7,4,212
2008-07-30 05:00:00,23.64,89.35,0.0,-0.0,0.0,394.45,2.21,250.0,97521.0,True,7,5,212
2008-07-30 06:00:00,23.48,89.25,14.0,42.27,12.0,394.05,2.21,252.0,97588.0,True,7,6,212
2008-07-30 07:00:00,24.28,87.4,206.0,364.65,101.0,392.25,2.28,221.0,97675.0,True,7,7,212
2008-07-30 08:00:00,25.63,80.9,431.0,535.49,156.0,397.45,2.69,230.0,97694.0,True,7,8,212
2008-07-30 09:00:00,27.28,73.6,654.0,675.85,175.0,401.85,2.9,242.0,97713.0,True,7,9,212
2008-07-30 10:00:00,28.69,68.95,292.0,2.33,290.0,411.65,2.55,247.0,97723.0,True,7,10,212
2008-07-30 11:00:00,29.65,66.75,85.0,0.0,85.0,425.05,2.34,246.0,97665.0,True,7,11,212
2008-07-30 12:00:00,30.51,65.05,89.0,0.0,89.0,426.05,2.14,244.0,97617.0,True,7,12,212
2008-07-30 13:00:00,30.98,64.3,112.0,0.0,112.0,439.25,2.0,241.0,97549.0,True,7,13,212
2008-07-30 14:00:00,31.22,59.65,255.0,0.0,255.0,447.05,1.52,239.0,97463.0,True,7,14,212
2008-07-30 15:00:00,31.05,59.75,411.0,92.27,343.0,435.25,1.24,240.0,97385.0,True,7,15,212
2008-07-30 16:00:00,30.75,61.45,296.0,93.04,245.0,429.65,1.17,242.0,97308.0,True,7,16,212
2008-07-30 17:00:00,29.08,68.05,131.0,30.62,121.0,428.85,1.03,236.0,97299.0,True,7,17,212
2008-07-30 18:00:00,27.88,73.95,36.0,68.76,30.0,419.85,1.45,233.0,97385.0,True,7,18,212
2008-07-30 19:00:00,25.21,87.35,0.0,-0.0,0.0,416.65,1.31,328.0,97414.0,True,7,19,212
2008-07-30 20:00:00,24.98,87.7,0.0,-0.0,0.0,413.65,0.83,306.0,97530.0,True,7,20,212
2008-07-30 21:00:00,24.84,88.45,0.0,-0.0,0.0,408.25,0.83,285.0,97598.0,True,7,21,212
2008-07-30 22:00:00,24.46,92.95,0.0,-0.0,0.0,402.65,0.55,226.0,97588.0,True,7,22,212
2008-07-30 23:00:00,24.05,93.15,0.0,-0.0,0.0,398.45,0.9,210.0,97617.0,True,7,23,212
2008-07-31 00:00:00,23.87,93.45,0.0,-0.0,0.0,398.85,1.17,225.0,97549.0,True,7,0,213
2008-07-31 01:00:00,23.57,94.6,0.0,-0.0,0.0,393.05,1.17,237.0,97521.0,True,7,1,213
2008-07-31 02:00:00,23.32,95.4,0.0,-0.0,0.0,390.45,1.24,241.0,97463.0,True,7,2,213
2008-07-31 03:00:00,23.17,95.9,0.0,-0.0,0.0,390.4,1.38,235.0,97453.0,True,7,3,213
2008-07-31 04:00:00,23.05,96.3,0.0,-0.0,0.0,388.0,1.59,230.0,97463.0,True,7,4,213
2008-07-31 05:00:00,22.96,96.7,0.0,-0.0,0.0,388.0,1.66,226.0,97453.0,True,7,5,213
2008-07-31 06:00:00,22.84,96.95,13.0,42.91,11.0,387.6,1.66,222.0,97472.0,True,7,6,213
2008-07-31 07:00:00,23.46,95.2,204.0,358.16,101.0,381.2,1.66,221.0,97530.0,True,7,7,213
2008-07-31 08:00:00,25.22,87.3,446.0,599.82,138.0,383.2,2.07,220.0,97578.0,True,7,8,213
2008-07-31 09:00:00,27.05,77.7,668.0,727.87,152.0,389.0,2.62,217.0,97617.0,True,7,9,213
2008-07-31 10:00:00,28.71,68.55,846.0,798.31,159.0,406.85,2.83,215.0,97656.0,True,7,10,213
2008-07-31 11:00:00,30.02,61.8,979.0,884.05,132.0,407.25,2.83,214.0,97598.0,True,7,11,213
2008-07-31 12:00:00,31.12,56.85,987.0,791.07,200.0,414.65,2.97,216.0,97569.0,True,7,12,213
2008-07-31 13:00:00,31.63,54.05,868.0,556.62,329.0,420.05,2.97,219.0,97453.0,True,7,13,213
2008-07-31 14:00:00,32.25,51.3,719.0,406.65,361.0,423.45,2.83,219.0,97395.0,True,7,14,213
2008-07-31 15:00:00,32.54,49.75,647.0,557.73,236.0,428.45,2.69,218.0,97347.0,True,7,15,213
2008-07-31 16:00:00,31.01,54.09,431.0,412.58,205.0,429.01,2.05,220.0,97328.0,True,7,16,213
2008-07-31 17:00:00,30.33,57.54,241.0,386.7,115.0,427.14,1.99,227.0,97308.0,True,7,17,213
2008-07-31 18:00:00,29.65,60.99,8.0,0.0,8.0,425.26,1.93,231.0,97337.0,True,7,18,213
2008-07-31 19:00:00,28.97,64.44,0.0,-0.0,0.0,423.39,1.87,236.0,97414.0,True,7,19,213
2008-07-31 20:00:00,28.29,67.89,0.0,-0.0,0.0,421.51,1.81,215.0,97501.0,True,7,20,213
2008-07-31 21:00:00,27.61,71.34,0.0,-0.0,0.0,419.64,1.74,213.0,97607.0,True,7,21,213
2008-07-31 22:00:00,26.93,74.79,0.0,-0.0,0.0,417.76,1.68,233.0,97713.0,True,7,22,213
2008-07-31 23:00:00,26.25,78.24,0.0,-0.0,0.0,415.89,1.62,274.0,97733.0,True,7,23,213
2007-08-01 00:00:00,25.57,81.69,0.0,-0.0,0.0,414.01,1.56,205.0,97665.0,True,8,0,213
2007-08-01 01:00:00,24.89,85.14,0.0,-0.0,0.0,412.14,1.5,208.0,97656.0,True,8,1,213
2007-08-01 02:00:00,24.21,88.59,0.0,-0.0,0.0,410.26,1.44,205.0,97636.0,True,8,2,213
2007-08-01 03:00:00,23.53,92.04,0.0,-0.0,0.0,408.39,1.38,200.0,97627.0,True,8,3,213
2007-08-01 04:00:00,22.85,95.49,0.0,-0.0,0.0,406.51,1.31,189.0,97636.0,True,8,4,213
2007-08-01 05:00:00,22.18,98.94,0.0,-0.0,0.0,404.64,1.25,171.0,97607.0,True,8,5,213
2007-08-01 06:00:00,21.5,100.0,1.0,0.0,1.0,402.76,1.19,152.0,97713.0,True,8,6,213
2007-08-01 07:00:00,20.82,100.0,173.0,198.2,116.0,400.89,1.13,213.0,97800.0,True,8,7,213
2007-08-01 08:00:00,23.46,90.25,369.0,307.7,211.0,416.65,2.48,217.0,97868.0,True,8,8,213
2007-08-01 09:00:00,23.36,91.9,259.0,8.46,253.0,424.25,1.52,221.0,97916.0,True,8,9,213
2007-08-01 10:00:00,24.17,86.0,638.0,289.34,389.0,423.65,2.83,217.0,97955.0,True,8,10,213
2007-08-01 11:00:00,24.4,84.0,951.0,808.9,176.0,425.85,2.9,214.0,97955.0,True,8,11,213
2007-08-01 12:00:00,24.57,83.35,974.0,762.92,215.0,428.25,3.17,219.0,97848.0,True,8,12,213
2007-08-01 13:00:00,25.77,78.3,994.0,901.54,121.0,428.45,3.1,234.0,97781.0,True,8,13,213
2007-08-01 14:00:00,26.38,76.25,846.0,738.33,196.0,422.05,2.76,243.0,97733.0,True,8,14,213
2007-08-01 15:00:00,26.8,73.8,672.0,643.22,198.0,420.85,2.69,247.0,97646.0,True,8,15,213
2007-08-01 16:00:00,27.08,72.5,449.0,480.12,186.0,419.05,2.41,247.0,97627.0,True,8,16,213
2007-08-01 17:00:00,26.78,72.3,231.0,337.6,121.0,422.05,2.41,248.0,97598.0,True,8,17,213
2007-08-01 18:00:00,26.29,74.6,21.0,11.6,20.0,412.45,1.52,242.0,97598.0,True,8,18,213
2007-08-01 19:00:00,25.85,77.7,0.0,-0.0,0.0,409.05,1.45,209.0,97675.0,True,8,19,213
2007-08-01 20:00:00,25.15,80.7,0.0,-0.0,0.0,401.85,1.72,204.0,97733.0,True,8,20,213
2007-08-01 21:00:00,24.64,83.0,0.0,-0.0,0.0,400.25,1.72,225.0,97800.0,True,8,21,213
2007-08-01 22:00:00,24.16,85.15,0.0,-0.0,0.0,393.6,2.07,240.0,97858.0,True,8,22,213
2007-08-01 23:00:00,23.73,87.1,0.0,-0.0,0.0,391.65,2.14,252.0,97868.0,True,8,23,213
2007-08-02 00:00:00,23.34,88.75,0.0,-0.0,0.0,388.8,2.21,256.0,97800.0,True,8,0,214
2007-08-02 01:00:00,22.98,90.1,0.0,-0.0,0.0,386.45,2.14,260.0,97723.0,True,8,1,214
2007-08-02 02:00:00,22.65,91.25,0.0,-0.0,0.0,384.2,1.93,261.0,97665.0,True,8,2,214
2007-08-02 03:00:00,22.39,92.2,0.0,-0.0,0.0,384.2,1.79,263.0,97656.0,True,8,3,214
2007-08-02 04:00:00,22.13,93.2,0.0,-0.0,0.0,382.0,1.52,267.0,97665.0,True,8,4,214
2007-08-02 05:00:00,21.86,94.3,0.0,-0.0,0.0,381.2,1.17,268.0,97723.0,True,8,5,214
2007-08-02 06:00:00,21.62,95.25,12.0,21.77,11.0,379.0,0.9,259.0,97752.0,True,8,6,214
2007-08-02 07:00:00,22.59,90.4,164.0,163.63,117.0,379.6,1.17,224.0,97820.0,True,8,7,214
2007-08-02 08:00:00,24.25,83.1,162.0,3.9,160.0,384.6,1.72,231.0,97839.0,True,8,8,214
2007-08-02 09:00:00,26.13,75.15,249.0,5.64,245.0,391.0,2.21,238.0,97839.0,True,8,9,214
2007-08-02 10:00:00,27.83,67.2,450.0,62.72,396.0,400.05,2.69,247.0,97984.0,True,8,10,214
2007-08-02 11:00:00,29.31,60.4,148.0,0.0,148.0,407.45,3.03,260.0,97974.0,True,8,11,214
2007-08-02 12:00:00,29.8,57.45,471.0,33.16,438.0,428.65,2.9,270.0,97887.0,True,8,12,214
2007-08-02 13:00:00,30.44,54.9,825.0,466.62,373.0,439.05,2.83,276.0,97762.0,True,8,13,214
2007-08-02 14:00:00,30.47,55.8,856.0,766.6,181.0,446.85,2.62,275.0,97675.0,True,8,14,214
2007-08-02 15:00:00,30.21,57.05,631.0,515.74,251.0,447.65,2.34,277.0,97559.0,True,8,15,214
2007-08-02 16:00:00,30.04,57.95,436.0,432.99,199.0,445.65,2.34,277.0,97482.0,True,8,16,214
2007-08-02 17:00:00,29.91,58.95,45.0,0.0,45.0,433.65,2.41,272.0,97472.0,True,8,17,214
2007-08-02 18:00:00,29.11,63.85,32.0,47.01,28.0,423.85,1.79,256.0,97463.0,True,8,18,214
2007-08-02 19:00:00,27.59,69.85,0.0,-0.0,0.0,422.45,1.31,255.0,97530.0,True,8,19,214
2007-08-02 20:00:00,26.86,72.75,0.0,-0.0,0.0,420.25,1.86,257.0,97569.0,True,8,20,214
2007-08-02 21:00:00,26.11,75.5,0.0,-0.0,0.0,404.05,2.21,256.0,97598.0,True,8,21,214
2007-08-02 22:00:00,25.61,77.75,0.0,-0.0,0.0,400.65,2.07,251.0,97588.0,True,8,22,214
2007-08-02 23:00:00,25.21,80.1,0.0,-0.0,0.0,403.65,1.66,252.0,97617.0,True,8,23,214
2007-08-03 00:00:00,24.88,82.2,0.0,-0.0,0.0,406.85,1.52,259.0,97656.0,True,8,0,215
2007-08-03 01:00:00,24.52,83.9,0.0,-0.0,0.0,401.85,1.59,250.0,97636.0,True,8,1,215
2007-08-03 02:00:00,24.26,85.15,0.0,-0.0,0.0,402.65,1.79,237.0,97598.0,True,8,2,215
2007-08-03 03:00:00,23.94,86.95,0.0,-0.0,0.0,400.85,1.93,237.0,97617.0,True,8,3,215
2007-08-03 04:00:00,23.66,88.4,0.0,-0.0,0.0,398.85,1.93,242.0,97636.0,True,8,4,215
2007-08-03 05:00:00,23.54,89.6,0.0,-0.0,0.0,404.65,1.86,246.0,97636.0,True,8,5,215
2007-08-03 06:00:00,23.38,90.9,9.0,0.0,9.0,402.45,2.07,243.0,97704.0,True,8,6,215
2007-08-03 07:00:00,23.98,89.9,199.0,331.1,104.0,409.25,1.93,220.0,97791.0,True,8,7,215
2007-08-03 08:00:00,25.28,83.6,435.0,558.99,148.0,405.85,2.76,248.0,97800.0,True,8,8,215
2007-08-03 09:00:00,26.79,76.3,664.0,717.58,155.0,410.45,2.97,267.0,97781.0,True,8,9,215
2007-08-03 10:00:00,28.21,69.3,778.0,600.25,261.0,423.85,2.62,263.0,97762.0,True,8,10,215
2007-08-03 11:00:00,29.55,62.25,871.0,591.25,304.0,428.65,2.21,248.0,97656.0,True,8,11,215
2007-08-03 12:00:00,30.63,57.25,1024.0,900.86,127.0,438.65,1.59,239.0,97646.0,True,8,12,215
2007-08-03 13:00:00,31.37,55.95,773.0,366.36,418.0,432.85,1.45,242.0,97559.0,True,8,13,215
2007-08-03 14:00:00,31.68,56.15,579.0,174.88,425.0,431.25,1.52,248.0,97530.0,True,8,14,215
2007-08-03 15:00:00,31.54,56.95,519.0,248.42,336.0,434.65,1.66,244.0,97463.0,True,8,15,215
2007-08-03 16:00:00,30.11,62.4,448.0,480.91,185.0,441.65,1.52,227.0,97443.0,True,8,16,215
2007-08-03 17:00:00,28.49,70.6,175.0,120.28,136.0,432.85,1.1,260.0,97405.0,True,8,17,215
2007-08-03 18:00:00,26.96,79.05,33.0,59.59,28.0,435.05,1.93,260.0,97424.0,True,8,18,215
2007-08-03 19:00:00,27.61,67.7,0.0,-0.0,0.0,426.45,1.72,289.0,97521.0,True,8,19,215
2007-08-03 20:00:00,26.66,72.75,0.0,-0.0,0.0,424.25,2.07,278.0,97656.0,True,8,20,215
2007-08-03 21:00:00,25.88,77.2,0.0,-0.0,0.0,419.85,1.79,269.0,97762.0,True,8,21,215
2007-08-03 22:00:00,25.57,79.35,0.0,-0.0,0.0,421.85,1.52,244.0,97752.0,True,8,22,215
2007-08-03 23:00:00,25.04,82.3,0.0,-0.0,0.0,405.85,1.86,231.0,97752.0,True,8,23,215
2007-08-04 00:00:00,24.62,84.65,0.0,-0.0,0.0,401.85,2.14,230.0,97685.0,True,8,0,216
2007-08-04 01:00:00,24.22,86.75,0.0,-0.0,0.0,395.65,2.28,231.0,97627.0,True,8,1,216
2007-08-04 02:00:00,23.87,88.7,0.0,-0.0,0.0,392.05,2.41,232.0,97578.0,True,8,2,216
2007-08-04 03:00:00,23.5,90.9,0.0,-0.0,0.0,389.8,2.62,228.0,97549.0,True,8,3,216
2007-08-04 04:00:00,23.13,92.85,0.0,-0.0,0.0,388.4,2.69,227.0,97540.0,True,8,4,216
2007-08-04 05:00:00,22.86,93.9,0.0,-0.0,0.0,390.6,2.62,232.0,97549.0,True,8,5,216
2007-08-04 06:00:00,22.67,94.15,12.0,22.4,11.0,394.05,2.48,241.0,97569.0,True,8,6,216
2007-08-04 07:00:00,23.01,89.7,110.0,27.91,102.0,392.25,3.38,249.0,97617.0,True,8,7,216
2007-08-04 08:00:00,24.3,81.95,364.0,294.1,213.0,387.2,4.28,250.0,97646.0,True,8,8,216
2007-08-04 09:00:00,26.41,70.9,515.0,286.09,312.0,397.05,4.69,250.0,97675.0,True,8,9,216
2007-08-04 10:00:00,27.94,65.2,585.0,204.25,409.0,414.65,4.34,250.0,97598.0,True,8,10,216
2007-08-04 11:00:00,28.96,61.35,702.0,263.7,449.0,431.45,4.0,250.0,97559.0,True,8,11,216
2007-08-04 12:00:00,29.69,58.7,799.0,371.44,429.0,439.65,3.72,249.0,97482.0,True,8,12,216
2007-08-04 13:00:00,29.68,59.25,753.0,331.18,432.0,452.45,3.31,245.0,97414.0,True,8,13,216
2007-08-04 14:00:00,29.75,59.3,649.0,277.05,405.0,452.85,3.31,238.0,97366.0,True,8,14,216
2007-08-04 15:00:00,29.47,60.95,571.0,358.48,307.0,453.85,3.38,233.0,97328.0,True,8,15,216
2007-08-04 16:00:00,29.14,62.95,365.0,225.13,242.0,444.65,3.45,229.0,97318.0,True,8,16,216
2007-08-04 17:00:00,28.78,65.25,215.0,265.96,129.0,429.25,3.52,226.0,97289.0,True,8,17,216
2007-08-04 18:00:00,28.08,69.05,30.0,48.39,26.0,422.85,2.9,226.0,97279.0,True,8,18,216
2007-08-04 19:00:00,27.34,72.4,0.0,-0.0,0.0,419.45,3.38,228.0,97366.0,True,8,19,216
2007-08-04 20:00:00,26.67,74.95,0.0,-0.0,0.0,418.05,3.72,228.0,97414.0,True,8,20,216
2007-08-04 21:00:00,26.23,76.35,0.0,-0.0,0.0,416.45,3.24,232.0,97540.0,True,8,21,216
2007-08-04 22:00:00,25.14,80.85,0.0,-0.0,0.0,415.45,2.55,230.0,97636.0,True,8,22,216
2007-08-04 23:00:00,23.82,87.2,0.0,-0.0,0.0,419.85,2.34,219.0,97578.0,True,8,23,216
2007-08-05 00:00:00,23.63,88.4,0.0,-0.0,0.0,416.65,3.38,222.0,97395.0,True,8,0,217
2007-08-05 01:00:00,23.42,89.75,0.0,-0.0,0.0,410.85,4.0,231.0,97299.0,True,8,1,217
2007-08-05 02:00:00,23.41,88.9,0.0,-0.0,0.0,408.05,4.41,230.0,97289.0,True,8,2,217
2007-08-05 03:00:00,23.45,87.5,0.0,-0.0,0.0,399.25,4.07,236.0,97279.0,True,8,3,217
2007-08-05 04:00:00,23.54,86.0,0.0,-0.0,0.0,402.45,3.52,243.0,97279.0,True,8,4,217
2007-08-05 05:00:00,23.6,84.9,0.0,-0.0,0.0,406.45,3.72,241.0,97299.0,True,8,5,217
2007-08-05 06:00:00,23.63,84.45,5.0,0.0,5.0,408.25,4.28,239.0,97328.0,True,8,6,217
2007-08-05 07:00:00,23.48,87.8,25.0,0.0,25.0,409.25,3.52,249.0,97405.0,True,8,7,217
2007-08-05 08:00:00,23.43,89.75,40.0,0.0,40.0,415.05,3.38,251.0,97482.0,True,8,8,217
2007-08-05 09:00:00,23.46,90.5,59.0,0.0,59.0,424.85,3.17,246.0,97569.0,True,8,9,217
2007-08-05 10:00:00,23.34,93.4,75.0,0.0,75.0,423.45,2.62,247.0,97578.0,True,8,10,217
2007-08-05 11:00:00,23.56,93.1,96.0,0.0,96.0,422.05,2.48,243.0,97588.0,True,8,11,217
2007-08-05 12:00:00,23.93,91.75,387.0,8.03,379.0,417.05,4.21,243.0,97549.0,True,8,12,217
2007-08-05 13:00:00,23.89,92.45,499.0,53.63,447.0,419.85,3.66,242.0,97443.0,True,8,13,217
2007-08-05 14:00:00,24.46,90.7,667.0,309.97,394.0,415.05,4.41,249.0,97366.0,True,8,14,217
2007-08-05 15:00:00,24.71,87.85,392.0,73.35,338.0,425.05,3.66,256.0,97347.0,True,8,15,217
2007-08-05 16:00:00,24.79,87.8,207.0,12.83,200.0,419.65,2.69,246.0,97279.0,True,8,16,217
2007-08-05 17:00:00,24.97,87.5,96.0,3.1,95.0,420.25,2.97,232.0,97299.0,True,8,17,217
2007-08-05 18:00:00,24.78,88.05,11.0,0.0,11.0,415.85,2.97,223.0,97222.0,True,8,18,217
2007-08-05 19:00:00,23.08,94.25,0.0,-0.0,0.0,421.45,3.03,222.0,97250.0,True,8,19,217
2007-08-05 20:00:00,23.04,94.0,0.0,-0.0,0.0,414.25,3.24,215.0,97299.0,True,8,20,217
2007-08-05 21:00:00,23.11,93.9,0.0,-0.0,0.0,412.65,3.17,213.0,97424.0,True,8,21,217
2007-08-05 22:00:00,23.04,93.5,0.0,-0.0,0.0,421.85,3.1,207.0,97434.0,True,8,22,217
2007-08-05 23:00:00,22.79,94.6,0.0,-0.0,0.0,426.25,3.52,197.0,97385.0,True,8,23,217
2007-08-06 00:00:00,22.62,93.75,0.0,-0.0,0.0,426.25,3.93,194.0,97385.0,True,8,0,218
2007-08-06 01:00:00,22.35,94.35,0.0,-0.0,0.0,424.25,4.07,199.0,97347.0,True,8,1,218
2007-08-06 02:00:00,22.12,94.05,0.0,-0.0,0.0,419.45,3.86,201.0,97366.0,True,8,2,218
2007-08-06 03:00:00,22.06,93.85,0.0,-0.0,0.0,419.25,3.59,194.0,97405.0,True,8,3,218
2007-08-06 04:00:00,22.05,93.9,0.0,-0.0,0.0,412.05,3.66,186.0,97443.0,True,8,4,218
2007-08-06 05:00:00,22.04,93.95,0.0,-0.0,0.0,408.65,4.0,183.0,97472.0,True,8,5,218
2007-08-06 06:00:00,21.98,93.3,7.0,0.0,7.0,398.45,4.07,187.0,97501.0,True,8,6,218
2007-08-06 07:00:00,22.15,91.8,66.0,0.0,66.0,405.05,3.79,188.0,97559.0,True,8,7,218
2007-08-06 08:00:00,22.95,88.65,148.0,1.95,147.0,400.65,4.14,184.0,97598.0,True,8,8,218
2007-08-06 09:00:00,24.13,81.75,484.0,222.51,326.0,403.25,5.66,189.0,97656.0,True,8,9,218
2007-08-06 10:00:00,25.48,73.45,329.0,9.28,321.0,420.45,5.45,197.0,97627.0,True,8,10,218
2007-08-06 11:00:00,26.36,70.75,668.0,213.47,463.0,429.25,4.83,200.0,97646.0,True,8,11,218
2007-08-06 12:00:00,27.37,68.55,612.0,124.39,488.0,439.25,4.48,204.0,97617.0,True,8,12,218
2007-08-06 13:00:00,27.55,69.05,744.0,313.48,440.0,444.05,4.28,203.0,97588.0,True,8,13,218
2007-08-06 14:00:00,26.99,71.55,390.0,23.84,369.0,438.85,3.93,211.0,97559.0,True,8,14,218
2007-08-06 15:00:00,27.3,70.7,448.0,135.89,348.0,438.25,3.52,216.0,97501.0,True,8,15,218
2007-08-06 16:00:00,27.1,71.0,339.0,168.77,247.0,428.65,3.52,211.0,97511.0,True,8,16,218
2007-08-06 17:00:00,27.07,69.8,163.0,93.34,133.0,414.25,3.31,207.0,97530.0,True,8,17,218
2007-08-06 18:00:00,26.54,73.2,29.0,50.0,25.0,409.05,2.14,200.0,97501.0,True,8,18,218
2007-08-06 19:00:00,25.17,78.1,0.0,-0.0,0.0,409.05,1.86,170.0,97540.0,True,8,19,218
2007-08-06 20:00:00,24.68,80.6,0.0,-0.0,0.0,406.05,1.86,170.0,97607.0,True,8,20,218
2007-08-06 21:00:00,24.25,82.75,0.0,-0.0,0.0,399.45,1.86,172.0,97733.0,True,8,21,218
2007-08-06 22:00:00,23.94,84.35,0.0,-0.0,0.0,399.25,1.79,173.0,97752.0,True,8,22,218
2007-08-06 23:00:00,23.6,85.75,0.0,-0.0,0.0,395.65,1.86,175.0,97781.0,True,8,23,218
2007-08-07 00:00:00,23.34,86.65,0.0,-0.0,0.0,396.85,1.86,183.0,97752.0,True,8,0,219
2007-08-07 01:00:00,23.05,87.45,0.0,-0.0,0.0,394.05,1.79,191.0,97704.0,True,8,1,219
2007-08-07 02:00:00,22.93,87.75,0.0,-0.0,0.0,401.45,1.59,199.0,97685.0,True,8,2,219
2007-08-07 03:00:00,22.69,88.65,0.0,-0.0,0.0,396.25,1.45,204.0,97665.0,True,8,3,219
2007-08-07 04:00:00,22.46,89.45,0.0,-0.0,0.0,393.25,1.38,208.0,97694.0,True,8,4,219
2007-08-07 05:00:00,22.23,90.15,0.0,-0.0,0.0,389.2,1.52,205.0,97704.0,True,8,5,219
2007-08-07 06:00:00,21.99,90.95,12.0,23.3,11.0,384.6,1.66,200.0,97723.0,True,8,6,219
2007-08-07 07:00:00,23.07,87.25,202.0,356.75,100.0,390.6,1.79,202.0,97781.0,True,8,7,219
2007-08-07 08:00:00,24.63,79.55,441.0,580.26,143.0,389.4,2.48,211.0,97810.0,True,8,8,219
2007-08-07 09:00:00,26.24,72.3,655.0,679.94,172.0,398.65,2.97,218.0,97848.0,True,8,9,219
2007-08-07 10:00:00,27.71,65.65,826.0,731.27,195.0,404.85,3.59,225.0,97877.0,True,8,10,219
2007-08-07 11:00:00,28.45,62.6,945.0,781.69,194.0,413.85,3.1,227.0,97839.0,True,8,11,219
2007-08-07 12:00:00,28.89,62.0,903.0,577.58,327.0,429.45,2.76,228.0,97742.0,True,8,12,219
2007-08-07 13:00:00,29.62,61.15,817.0,446.41,384.0,426.85,2.55,231.0,97665.0,True,8,13,219
2007-08-07 14:00:00,30.08,61.0,487.0,80.62,416.0,425.65,2.21,233.0,97617.0,True,8,14,219
2007-08-07 15:00:00,30.05,60.3,317.0,23.11,300.0,436.45,1.93,240.0,97588.0,True,8,15,219
2007-08-07 16:00:00,28.27,68.75,176.0,3.67,174.0,433.85,1.38,240.0,97588.0,True,8,16,219
2007-08-07 17:00:00,26.99,75.8,74.0,0.0,74.0,427.65,1.1,257.0,97588.0,True,8,17,219
2007-08-07 18:00:00,26.38,79.4,26.0,25.46,24.0,420.45,1.03,283.0,97569.0,True,8,18,219
2007-08-07 19:00:00,26.13,75.35,0.0,-0.0,0.0,423.05,1.24,266.0,97627.0,True,8,19,219
2007-08-07 20:00:00,25.66,78.15,0.0,-0.0,0.0,413.05,1.17,245.0,97646.0,True,8,20,219
2007-08-07 21:00:00,25.05,81.4,0.0,-0.0,0.0,401.25,1.52,255.0,97723.0,True,8,21,219
2007-08-07 22:00:00,24.58,84.2,0.0,-0.0,0.0,399.65,1.66,270.0,97752.0,True,8,22,219
2007-08-07 23:00:00,24.18,86.5,0.0,-0.0,0.0,397.65,1.59,277.0,97742.0,True,8,23,219
2007-08-08 00:00:00,23.84,88.2,0.0,-0.0,0.0,396.8,1.59,277.0,97694.0,True,8,0,220
2007-08-08 01:00:00,23.43,90.25,0.0,-0.0,0.0,392.85,1.38,281.0,97665.0,True,8,1,220
2007-08-08 02:00:00,22.93,93.25,0.0,-0.0,0.0,390.45,1.03,287.0,97636.0,True,8,2,220
2007-08-08 03:00:00,22.88,92.75,0.0,-0.0,0.0,389.6,0.62,304.0,97656.0,True,8,3,220
2007-08-08 04:00:00,22.48,94.8,0.0,-0.0,0.0,395.05,0.76,298.0,97665.0,True,8,4,220
2007-08-08 05:00:00,22.09,96.15,0.0,-0.0,0.0,391.25,1.1,287.0,97656.0,True,8,5,220
2007-08-08 06:00:00,22.1,95.75,12.0,23.59,11.0,393.05,1.24,288.0,97685.0,True,8,6,220
2007-08-08 07:00:00,23.37,92.2,199.0,339.49,102.0,395.45,1.45,264.0,97723.0,True,8,7,220
2007-08-08 08:00:00,24.86,85.4,448.0,613.25,133.0,398.85,1.72,272.0,97742.0,True,8,8,220
2007-08-08 09:00:00,26.74,75.2,624.0,571.31,218.0,400.65,2.34,281.0,97810.0,True,8,9,220
2007-08-08 10:00:00,27.94,68.0,592.0,210.82,410.0,412.65,2.28,294.0,97791.0,True,8,10,220
2007-08-08 11:00:00,28.25,65.45,442.0,28.09,415.0,427.85,2.07,308.0,97752.0,True,8,11,220
2007-08-08 12:00:00,28.4,64.45,920.0,615.47,306.0,430.45,1.66,315.0,97685.0,True,8,12,220
2007-08-08 13:00:00,29.0,62.95,797.0,406.13,403.0,437.65,1.66,306.0,97636.0,True,8,13,220
2007-08-08 14:00:00,29.48,61.85,496.0,87.44,419.0,437.85,1.66,308.0,97530.0,True,8,14,220
2007-08-08 15:00:00,29.37,62.3,597.0,423.03,286.0,432.25,1.52,323.0,97443.0,True,8,15,220
2007-08-08 16:00:00,29.38,61.8,418.0,378.89,212.0,434.05,1.52,336.0,97414.0,True,8,16,220
2007-08-08 17:00:00,29.17,62.55,54.0,0.0,54.0,429.05,1.45,8.0,97299.0,True,8,17,220
2007-08-08 18:00:00,28.4,66.7,18.0,12.97,17.0,420.25,1.1,41.0,97241.0,True,8,18,220
2007-08-08 19:00:00,28.41,67.3,0.0,-0.0,0.0,423.25,0.62,62.0,97414.0,True,8,19,220
2007-08-08 20:00:00,26.94,75.0,0.0,-0.0,0.0,433.25,0.9,133.0,97530.0,True,8,20,220
2007-08-08 21:00:00,25.83,79.5,0.0,-0.0,0.0,420.45,1.72,165.0,97588.0,True,8,21,220
2007-08-08 22:00:00,25.05,84.75,0.0,-0.0,0.0,418.65,2.0,174.0,97636.0,True,8,22,220
2007-08-08 23:00:00,24.63,87.05,0.0,-0.0,0.0,419.65,1.86,171.0,97636.0,True,8,23,220
2007-08-09 00:00:00,24.13,89.35,0.0,-0.0,0.0,411.85,1.72,167.0,97588.0,True,8,0,221
2007-08-09 01:00:00,23.71,91.1,0.0,-0.0,0.0,407.65,1.93,182.0,97559.0,True,8,1,221
2007-08-09 02:00:00,23.34,92.25,0.0,-0.0,0.0,401.25,1.79,193.0,97472.0,True,8,2,221
2007-08-09 03:00:00,23.14,93.25,0.0,-0.0,0.0,400.45,1.52,215.0,97472.0,True,8,3,221
2007-08-09 04:00:00,22.93,94.8,0.0,-0.0,0.0,397.45,1.86,229.0,97472.0,True,8,4,221
2007-08-09 05:00:00,22.78,95.95,0.0,-0.0,0.0,398.85,2.07,226.0,97463.0,True,8,5,221
2007-08-09 06:00:00,22.83,95.6,11.0,23.87,10.0,411.05,2.0,225.0,97482.0,True,8,6,221
2007-08-09 07:00:00,23.05,94.0,197.0,325.67,104.0,420.25,1.31,233.0,97530.0,True,8,7,221
2007-08-09 08:00:00,24.31,87.75,341.0,227.73,224.0,416.65,0.83,197.0,97569.0,True,8,8,221
2007-08-09 09:00:00,26.14,80.35,528.0,309.44,308.0,423.45,1.72,165.0,97646.0,True,8,9,221
2007-08-09 10:00:00,27.2,76.35,814.0,691.21,217.0,433.45,2.55,170.0,97694.0,True,8,10,221
2007-08-09 11:00:00,27.46,76.65,716.0,279.75,447.0,445.05,2.62,172.0,97607.0,True,8,11,221
2007-08-09 12:00:00,27.59,76.0,813.0,390.81,423.0,445.05,2.34,168.0,97559.0,True,8,12,221
2007-08-09 13:00:00,28.93,72.45,870.0,559.63,327.0,431.65,2.07,170.0,97482.0,True,8,13,221
2007-08-09 14:00:00,29.81,69.05,789.0,572.39,285.0,434.45,2.07,172.0,97366.0,True,8,14,221
2007-08-09 15:00:00,29.9,69.1,597.0,423.28,286.0,444.85,1.86,175.0,97308.0,True,8,15,221
2007-08-09 16:00:00,29.56,70.45,471.0,583.91,154.0,443.85,1.52,198.0,97231.0,True,8,16,221
2007-08-09 17:00:00,28.0,72.1,224.0,327.0,120.0,429.45,1.72,174.0,97173.0,True,8,17,221
2007-08-09 18:00:00,25.77,83.55,30.0,66.2,25.0,423.05,2.0,177.0,97183.0,True,8,18,221
2007-08-09 19:00:00,27.23,74.1,0.0,-0.0,0.0,424.45,2.69,183.0,97337.0,True,8,19,221
2007-08-09 20:00:00,25.68,81.2,0.0,-0.0,0.0,420.65,3.1,185.0,97463.0,True,8,20,221
2007-08-09 21:00:00,24.63,86.0,0.0,-0.0,0.0,417.25,2.62,200.0,97559.0,True,8,21,221
2007-08-09 22:00:00,24.21,87.5,0.0,-0.0,0.0,407.85,2.34,207.0,97511.0,True,8,22,221
2007-08-09 23:00:00,23.86,88.65,0.0,-0.0,0.0,401.05,2.14,202.0,97463.0,True,8,23,221
2007-08-10 00:00:00,23.67,89.25,0.0,-0.0,0.0,404.65,2.14,198.0,97443.0,True,8,0,222
2007-08-10 01:00:00,23.31,90.75,0.0,-0.0,0.0,393.05,2.07,199.0,97424.0,True,8,1,222
2007-08-10 02:00:00,23.06,91.85,0.0,-0.0,0.0,392.25,2.0,200.0,97385.0,True,8,2,222
2007-08-10 03:00:00,22.8,92.95,0.0,-0.0,0.0,390.25,2.0,201.0,97366.0,True,8,3,222
2007-08-10 04:00:00,22.55,94.0,0.0,-0.0,0.0,386.4,2.07,197.0,97376.0,True,8,4,222
2007-08-10 05:00:00,22.43,94.3,0.0,-0.0,0.0,392.2,2.21,194.0,97366.0,True,8,5,222
2007-08-10 06:00:00,22.3,94.65,0.0,0.0,0.0,392.0,2.48,198.0,97405.0,True,8,6,222
2007-08-10 07:00:00,23.32,89.15,188.0,276.78,109.0,387.4,3.86,218.0,97492.0,True,8,7,222
2007-08-10 08:00:00,24.41,82.85,417.0,478.7,171.0,400.65,3.66,227.0,97598.0,True,8,8,222
2007-08-10 09:00:00,25.95,74.55,532.0,317.74,306.0,415.65,3.45,227.0,97636.0,True,8,9,222
2007-08-10 10:00:00,26.94,69.7,416.0,40.5,381.0,432.05,3.1,227.0,97646.0,True,8,10,222
2007-08-10 11:00:00,27.63,67.25,608.0,142.41,471.0,442.05,2.69,227.0,97627.0,True,8,11,222
2007-08-10 12:00:00,27.66,67.75,744.0,276.48,468.0,445.25,2.41,224.0,97559.0,True,8,12,222
2007-08-10 13:00:00,28.27,65.55,922.0,687.34,255.0,435.85,2.41,230.0,97501.0,True,8,13,222
2007-08-10 14:00:00,28.93,62.2,831.0,686.09,227.0,429.85,2.28,236.0,97434.0,True,8,14,222
2007-08-10 15:00:00,29.2,61.35,671.0,644.2,198.0,436.85,2.14,244.0,97366.0,True,8,15,222
2007-08-10 16:00:00,29.25,60.85,419.0,387.43,209.0,433.65,2.0,251.0,97337.0,True,8,16,222
2007-08-10 17:00:00,29.06,61.55,183.0,154.67,134.0,426.85,1.79,250.0,97318.0,True,8,17,222
2007-08-10 18:00:00,28.43,65.75,26.0,40.59,23.0,425.25,1.52,207.0,97308.0,True,8,18,222
2007-08-10 19:00:00,27.03,69.85,0.0,-0.0,0.0,410.05,1.45,217.0,97366.0,True,8,19,222
2007-08-10 20:00:00,26.2,74.0,0.0,-0.0,0.0,407.45,1.59,211.0,97482.0,True,8,20,222
2007-08-10 21:00:00,25.63,77.1,0.0,-0.0,0.0,410.65,1.52,201.0,97607.0,True,8,21,222
2007-08-10 22:00:00,25.11,79.6,0.0,-0.0,0.0,407.65,1.72,195.0,97569.0,True,8,22,222
2007-08-10 23:00:00,24.73,81.55,0.0,-0.0,0.0,410.05,1.72,199.0,97559.0,True,8,23,222
2007-08-11 00:00:00,24.15,84.15,0.0,-0.0,0.0,393.45,1.72,192.0,97530.0,True,8,0,223
2007-08-11 01:00:00,23.71,86.0,0.0,-0.0,0.0,391.65,1.86,185.0,97501.0,True,8,1,223
2007-08-11 02:00:00,23.42,87.15,0.0,-0.0,0.0,392.2,2.07,185.0,97492.0,True,8,2,223
2007-08-11 03:00:00,23.11,88.5,0.0,-0.0,0.0,390.05,2.21,193.0,97472.0,True,8,3,223
2007-08-11 04:00:00,22.84,89.65,0.0,-0.0,0.0,391.2,2.28,197.0,97530.0,True,8,4,223
2007-08-11 05:00:00,22.57,90.65,0.0,-0.0,0.0,391.45,2.21,199.0,97559.0,True,8,5,223
2007-08-11 06:00:00,22.3,91.75,0.0,0.0,0.0,388.6,2.07,199.0,97578.0,True,8,6,223
2007-08-11 07:00:00,22.88,90.55,65.0,0.0,65.0,406.65,2.14,184.0,97646.0,True,8,7,223
2007-08-11 08:00:00,23.8,86.0,98.0,0.0,98.0,404.85,2.28,190.0,97694.0,True,8,8,223
2007-08-11 09:00:00,25.51,78.35,250.0,5.62,246.0,406.65,2.69,209.0,97704.0,True,8,9,223
2007-08-11 10:00:00,27.15,70.45,344.0,11.57,334.0,416.25,3.24,229.0,97694.0,True,8,10,223
2007-08-11 11:00:00,28.13,66.0,547.0,87.28,463.0,429.25,2.69,233.0,97598.0,True,8,11,223
2007-08-11 12:00:00,28.69,64.6,900.0,565.83,335.0,434.65,2.55,227.0,97559.0,True,8,12,223
2007-08-11 13:00:00,29.34,64.3,840.0,490.48,364.0,432.05,2.76,223.0,97511.0,True,8,13,223
2007-08-11 14:00:00,29.74,64.8,729.0,429.47,351.0,428.45,2.76,222.0,97453.0,True,8,14,223
2007-08-11 15:00:00,29.58,66.4,410.0,92.68,342.0,438.65,2.48,226.0,97405.0,True,8,15,223
2007-08-11 16:00:00,29.36,67.45,290.0,88.71,242.0,434.85,2.0,229.0,97376.0,True,8,16,223
2007-08-11 17:00:00,27.99,71.45,209.0,263.07,126.0,439.45,1.17,204.0,97366.0,True,8,17,223
2007-08-11 18:00:00,26.3,81.7,31.0,96.89,24.0,432.05,1.38,115.0,97318.0,True,8,18,223
2007-08-11 19:00:00,26.67,74.45,0.0,-0.0,0.0,416.65,0.76,126.0,97414.0,True,8,19,223
2007-08-11 20:00:00,25.76,79.15,0.0,-0.0,0.0,410.05,1.1,141.0,97549.0,True,8,20,223
2007-08-11 21:00:00,25.37,80.1,0.0,-0.0,0.0,414.45,1.31,155.0,97636.0,True,8,21,223
2007-08-11 22:00:00,25.14,80.4,0.0,-0.0,0.0,414.65,1.45,162.0,97627.0,True,8,22,223
2007-08-11 23:00:00,24.93,81.1,0.0,-0.0,0.0,417.45,1.52,166.0,97646.0,True,8,23,223
2007-08-12 00:00:00,24.58,82.6,0.0,-0.0,0.0,412.45,1.59,169.0,97617.0,True,8,0,224
2007-08-12 01:00:00,24.14,84.6,0.0,-0.0,0.0,405.65,1.52,181.0,97598.0,True,8,1,224
2007-08-12 02:00:00,23.64,87.05,0.0,-0.0,0.0,394.45,1.45,202.0,97578.0,True,8,2,224
2007-08-12 03:00:00,23.41,88.2,0.0,-0.0,0.0,401.05,1.52,214.0,97569.0,True,8,3,224
2007-08-12 04:00:00,23.16,89.6,0.0,-0.0,0.0,397.65,1.52,218.0,97588.0,True,8,4,224
2007-08-12 05:00:00,22.88,91.15,0.0,-0.0,0.0,393.05,1.45,222.0,97607.0,True,8,5,224
2007-08-12 06:00:00,22.61,92.8,0.0,0.0,0.0,390.4,1.38,218.0,97617.0,True,8,6,224
2007-08-12 07:00:00,23.65,88.15,214.0,434.75,90.0,391.6,1.79,201.0,97665.0,True,8,7,224
2007-08-12 08:00:00,25.12,81.45,397.0,396.72,193.0,393.05,2.07,204.0,97733.0,True,8,8,224
2007-08-12 09:00:00,26.62,74.9,622.0,560.44,223.0,404.45,2.41,207.0,97781.0,True,8,9,224
2007-08-12 10:00:00,27.81,71.85,775.0,578.07,275.0,408.05,2.48,205.0,97771.0,True,8,10,224
2007-08-12 11:00:00,28.75,70.35,495.0,52.97,444.0,425.65,2.62,202.0,97704.0,True,8,11,224
2007-08-12 12:00:00,29.13,70.25,264.0,0.0,264.0,438.25,2.62,200.0,97656.0,True,8,12,224
2007-08-12 13:00:00,29.33,69.8,584.0,113.34,474.0,449.05,2.48,200.0,97588.0,True,8,13,224
2007-08-12 14:00:00,29.1,70.3,404.0,29.55,378.0,447.25,2.14,200.0,97492.0,True,8,14,224
2007-08-12 15:00:00,29.04,70.5,656.0,596.09,219.0,451.65,2.0,196.0,97395.0,True,8,15,224
2007-08-12 16:00:00,28.88,70.1,118.0,0.0,118.0,437.65,1.86,198.0,97308.0,True,8,16,224
2007-08-12 17:00:00,28.55,69.8,61.0,0.0,61.0,431.05,1.45,199.0,97385.0,True,8,17,224
2007-08-12 18:00:00,27.27,73.1,30.0,85.09,24.0,420.25,1.17,176.0,97289.0,True,8,18,224
2007-08-12 19:00:00,25.97,77.65,0.0,-0.0,0.0,406.65,1.59,197.0,97501.0,True,8,19,224
2007-08-12 20:00:00,25.3,81.85,0.0,-0.0,0.0,405.45,1.72,207.0,97569.0,True,8,20,224
2007-08-12 21:00:00,24.91,84.1,0.0,-0.0,0.0,408.85,1.38,229.0,97646.0,True,8,21,224
2007-08-12 22:00:00,24.54,86.2,0.0,-0.0,0.0,407.45,1.1,253.0,97627.0,True,8,22,224
2007-08-12 23:00:00,24.03,88.85,0.0,-0.0,0.0,398.05,1.17,227.0,97636.0,True,8,23,224
2007-08-13 00:00:00,23.56,90.65,0.0,-0.0,0.0,393.25,1.59,219.0,97598.0,True,8,0,225
2007-08-13 01:00:00,23.14,92.25,0.0,-0.0,0.0,390.25,1.52,230.0,97578.0,True,8,1,225
2007-08-13 02:00:00,22.83,93.15,0.0,-0.0,0.0,388.2,1.52,242.0,97521.0,True,8,2,225
2007-08-13 03:00:00,22.6,93.7,0.0,-0.0,0.0,389.0,1.31,244.0,97492.0,True,8,3,225
2007-08-13 04:00:00,22.25,95.2,0.0,-0.0,0.0,385.6,1.03,231.0,97492.0,True,8,4,225
2007-08-13 05:00:00,21.98,95.95,0.0,-0.0,0.0,384.6,1.17,217.0,97482.0,True,8,5,225
2007-08-13 06:00:00,21.84,96.0,0.0,0.0,0.0,383.8,1.31,219.0,97492.0,True,8,6,225
2007-08-13 07:00:00,22.85,92.0,192.0,298.08,107.0,387.4,1.1,206.0,97559.0,True,8,7,225
2007-08-13 08:00:00,24.51,85.0,435.0,550.16,152.0,391.2,1.52,208.0,97665.0,True,8,8,225
2007-08-13 09:00:00,25.78,79.7,559.0,379.06,289.0,400.85,1.86,212.0,97675.0,True,8,9,225
2007-08-13 10:00:00,27.44,72.05,635.0,275.03,397.0,411.65,1.93,212.0,97723.0,True,8,10,225
2007-08-13 11:00:00,28.48,67.65,837.0,499.4,356.0,417.65,1.66,213.0,97656.0,True,8,11,225
2007-08-13 12:00:00,29.42,64.3,956.0,696.67,260.0,419.85,1.38,201.0,97617.0,True,8,12,225
2007-08-13 13:00:00,29.88,63.15,736.0,297.77,447.0,423.05,1.17,172.0,97511.0,True,8,13,225
2007-08-13 14:00:00,30.02,63.35,650.0,278.53,405.0,430.05,1.24,152.0,97366.0,True,8,14,225
2007-08-13 15:00:00,30.13,62.8,518.0,248.48,336.0,427.45,1.1,144.0,97289.0,True,8,15,225
2007-08-13 16:00:00,29.88,62.6,404.0,345.02,218.0,427.45,1.03,145.0,97202.0,True,8,16,225
2007-08-13 17:00:00,29.76,62.25,228.0,370.95,112.0,426.85,1.03,163.0,97222.0,True,8,17,225
2007-08-13 18:00:00,29.17,65.1,26.0,58.21,22.0,433.05,1.03,152.0,97337.0,True,8,18,225
2007-08-13 19:00:00,24.83,85.6,0.0,-0.0,0.0,410.65,1.79,165.0,97414.0,True,8,19,225
2007-08-13 20:00:00,24.31,88.15,0.0,-0.0,0.0,401.65,1.72,179.0,97492.0,True,8,20,225
2007-08-13 21:00:00,23.98,89.9,0.0,-0.0,0.0,394.65,1.59,188.0,97617.0,True,8,21,225
2007-08-13 22:00:00,23.8,90.7,0.0,-0.0,0.0,395.45,1.31,198.0,97559.0,True,8,22,225
2007-08-13 23:00:00,23.62,91.6,0.0,-0.0,0.0,395.65,1.24,208.0,97549.0,True,8,23,225
2007-08-14 00:00:00,23.4,92.75,0.0,-0.0,0.0,392.85,1.31,224.0,97540.0,True,8,0,226
2007-08-14 01:00:00,23.12,94.2,0.0,-0.0,0.0,389.05,1.45,234.0,97472.0,True,8,1,226
2007-08-14 02:00:00,22.92,95.3,0.0,-0.0,0.0,389.2,1.52,232.0,97434.0,True,8,2,226
2007-08-14 03:00:00,22.71,96.1,0.0,-0.0,0.0,387.6,1.52,232.0,97414.0,True,8,3,226
2007-08-14 04:00:00,22.59,96.45,0.0,-0.0,0.0,390.2,1.59,233.0,97434.0,True,8,4,226
2007-08-14 05:00:00,22.36,96.75,0.0,-0.0,0.0,385.2,1.66,233.0,97395.0,True,8,5,226
2007-08-14 06:00:00,22.19,96.8,0.0,0.0,0.0,385.2,1.59,239.0,97424.0,True,8,6,226
2007-08-14 07:00:00,23.14,93.05,109.0,28.06,101.0,388.6,1.93,240.0,97443.0,True,8,7,226
2007-08-14 08:00:00,24.55,86.45,192.0,13.6,185.0,400.25,2.14,242.0,97511.0,True,8,8,226
2007-08-14 09:00:00,26.11,79.8,272.0,11.23,264.0,412.45,1.79,234.0,97530.0,True,8,9,226
2007-08-14 10:00:00,27.29,73.9,223.0,0.0,223.0,421.85,1.38,231.0,97569.0,True,8,10,226
2007-08-14 11:00:00,27.46,73.1,388.0,11.42,377.0,428.65,1.17,240.0,97530.0,True,8,11,226
2007-08-14 12:00:00,27.71,73.75,115.0,0.0,115.0,427.45,0.62,256.0,97521.0,True,8,12,226
2007-08-14 13:00:00,27.5,75.8,929.0,702.71,247.0,435.05,0.48,330.0,97453.0,True,8,13,226
2007-08-14 14:00:00,27.61,76.65,77.0,0.0,77.0,424.45,1.1,308.0,97357.0,True,8,14,226
2007-08-14 15:00:00,26.58,83.0,91.0,0.0,91.0,429.65,0.41,327.0,97250.0,True,8,15,226
2007-08-14 16:00:00,25.81,86.1,97.0,0.0,97.0,424.65,0.97,107.0,97347.0,True,8,16,226
2007-08-14 17:00:00,24.4,92.7,151.0,77.11,127.0,420.25,2.48,85.0,97424.0,True,8,17,226
2007-08-14 18:00:00,23.55,93.25,25.0,59.82,21.0,423.45,3.03,91.0,97376.0,True,8,18,226
2007-08-14 19:00:00,22.87,93.15,0.0,-0.0,0.0,419.65,0.83,107.0,97366.0,True,8,19,226
2007-08-14 20:00:00,22.64,93.75,0.0,-0.0,0.0,399.25,1.45,124.0,97414.0,True,8,20,226
2007-08-14 21:00:00,22.4,94.25,0.0,-0.0,0.0,389.6,1.79,119.0,97559.0,True,8,21,226
2007-08-14 22:00:00,22.28,94.6,0.0,-0.0,0.0,393.05,1.86,124.0,97627.0,True,8,22,226
2007-08-14 23:00:00,22.19,95.05,0.0,-0.0,0.0,395.65,1.86,135.0,97617.0,True,8,23,226
2007-08-15 00:00:00,22.13,95.4,0.0,-0.0,0.0,399.85,1.86,142.0,97607.0,True,8,0,227
2007-08-15 01:00:00,22.06,95.65,0.0,-0.0,0.0,400.05,1.86,144.0,97569.0,True,8,1,227
2007-08-15 02:00:00,22.09,95.6,0.0,-0.0,0.0,408.45,2.07,143.0,97559.0,True,8,2,227
2007-08-15 03:00:00,22.13,95.35,0.0,-0.0,0.0,415.25,2.28,141.0,97530.0,True,8,3,227
2007-08-15 04:00:00,22.18,95.2,0.0,-0.0,0.0,423.25,2.48,142.0,97530.0,True,8,4,227
2007-08-15 05:00:00,22.23,94.75,0.0,-0.0,0.0,420.85,2.28,150.0,97559.0,True,8,5,227
2007-08-15 06:00:00,22.28,94.25,0.0,0.0,0.0,421.85,2.41,164.0,97588.0,True,8,6,227
2007-08-15 07:00:00,22.56,93.05,209.0,399.87,95.0,424.45,3.1,181.0,97627.0,True,8,7,227
2007-08-15 08:00:00,23.44,87.25,364.0,287.48,216.0,402.85,4.41,194.0,97685.0,True,8,8,227
2007-08-15 09:00:00,24.42,80.4,287.0,15.43,276.0,414.65,4.41,199.0,97762.0,True,8,9,227
2007-08-15 10:00:00,25.6,73.0,450.0,60.03,398.0,414.65,4.28,200.0,97713.0,True,8,10,227
2007-08-15 11:00:00,26.31,70.65,967.0,829.98,167.0,423.65,4.0,200.0,97704.0,True,8,11,227
2007-08-15 12:00:00,27.02,66.85,400.0,10.01,390.0,421.05,4.0,199.0,97636.0,True,8,12,227
2007-08-15 13:00:00,27.73,63.85,768.0,350.35,428.0,431.85,3.93,201.0,97588.0,True,8,13,227
2007-08-15 14:00:00,28.02,63.0,548.0,137.67,427.0,419.65,3.93,208.0,97492.0,True,8,14,227
2007-08-15 15:00:00,28.36,63.35,699.0,748.27,152.0,425.65,3.59,209.0,97453.0,True,8,15,227
2007-08-15 16:00:00,27.99,65.0,456.0,538.31,167.0,428.85,3.03,207.0,97443.0,True,8,16,227
2007-08-15 17:00:00,27.77,66.85,236.0,429.47,103.0,421.05,2.69,213.0,97463.0,True,8,17,227
2007-08-15 18:00:00,27.07,71.3,23.0,46.18,20.0,415.65,2.0,219.0,97424.0,True,8,18,227
2007-08-15 19:00:00,26.24,72.3,0.0,-0.0,0.0,418.25,1.72,196.0,97453.0,True,8,19,227
2007-08-15 20:00:00,25.58,75.9,0.0,-0.0,0.0,414.05,1.72,199.0,97501.0,True,8,20,227
2007-08-15 21:00:00,24.94,79.65,0.0,-0.0,0.0,400.85,1.59,200.0,97627.0,True,8,21,227
2007-08-15 22:00:00,24.61,82.15,0.0,-0.0,0.0,409.65,1.45,213.0,97733.0,True,8,22,227
2007-08-15 23:00:00,24.21,84.3,0.0,-0.0,0.0,403.45,1.45,232.0,97636.0,True,8,23,227
2007-08-16 00:00:00,23.83,86.1,0.0,-0.0,0.0,398.65,1.45,240.0,97665.0,True,8,0,228
2007-08-16 01:00:00,23.53,87.3,0.0,-0.0,0.0,397.25,1.45,239.0,97646.0,True,8,1,228
2007-08-16 02:00:00,23.19,88.25,0.0,-0.0,0.0,390.65,1.59,236.0,97607.0,True,8,2,228
2007-08-16 03:00:00,22.94,88.65,0.0,-0.0,0.0,387.6,1.79,240.0,97569.0,True,8,3,228
2007-08-16 04:00:00,22.71,88.9,0.0,-0.0,0.0,384.0,1.79,248.0,97549.0,True,8,4,228
2007-08-16 05:00:00,22.43,89.9,0.0,-0.0,0.0,382.4,1.45,267.0,97588.0,True,8,5,228
2007-08-16 06:00:00,22.11,91.6,0.0,0.0,0.0,380.6,1.1,293.0,97598.0,True,8,6,228
2007-08-16 07:00:00,23.49,86.25,205.0,378.81,97.0,380.4,1.38,262.0,97656.0,True,8,7,228
2007-08-16 08:00:00,25.17,78.45,448.0,605.76,136.0,384.2,2.21,257.0,97675.0,True,8,8,228
2007-08-16 09:00:00,26.68,71.35,664.0,695.28,168.0,389.4,2.76,258.0,97694.0,True,8,9,228
2007-08-16 10:00:00,28.29,62.75,842.0,762.76,181.0,395.65,3.79,264.0,97675.0,True,8,10,228
2007-08-16 11:00:00,29.38,58.05,947.0,770.58,204.0,416.65,3.59,261.0,97636.0,True,8,11,228
2007-08-16 12:00:00,30.08,54.75,1022.0,875.34,147.0,430.05,3.45,255.0,97521.0,True,8,12,228
2007-08-16 13:00:00,30.8,51.7,935.0,717.25,239.0,437.45,3.24,253.0,97453.0,True,8,13,228
2007-08-16 14:00:00,31.36,49.7,831.0,687.55,227.0,439.45,2.97,252.0,97376.0,True,8,14,228
2007-08-16 15:00:00,31.57,48.6,620.0,494.38,259.0,425.65,2.9,249.0,97318.0,True,8,15,228
2007-08-16 16:00:00,31.43,49.3,422.0,412.58,201.0,420.45,3.03,248.0,97308.0,True,8,16,228
2007-08-16 17:00:00,30.68,53.1,222.0,353.8,113.0,419.25,3.03,246.0,97289.0,True,8,17,228
2007-08-16 18:00:00,29.28,60.35,22.0,47.62,19.0,407.25,2.55,246.0,97289.0,True,8,18,228
2007-08-16 19:00:00,27.88,65.15,0.0,-0.0,0.0,416.05,2.69,246.0,97328.0,True,8,19,228
2007-08-16 20:00:00,26.87,69.9,0.0,-0.0,0.0,400.65,2.62,244.0,97405.0,True,8,20,228
2007-08-16 21:00:00,26.15,73.5,0.0,-0.0,0.0,396.6,2.48,242.0,97521.0,True,8,21,228
2007-08-16 22:00:00,25.59,76.15,0.0,-0.0,0.0,395.05,2.41,244.0,97511.0,True,8,22,228
2007-08-16 23:00:00,25.14,78.2,0.0,-0.0,0.0,391.8,2.34,246.0,97501.0,True,8,23,228
2007-08-17 00:00:00,24.79,79.85,0.0,-0.0,0.0,391.45,2.21,251.0,97482.0,True,8,0,229
2007-08-17 01:00:00,24.5,81.15,0.0,-0.0,0.0,393.25,2.07,258.0,97472.0,True,8,1,229
2007-08-17 02:00:00,24.15,82.75,0.0,-0.0,0.0,388.2,2.0,257.0,97405.0,True,8,2,229
2007-08-17 03:00:00,23.83,84.5,0.0,-0.0,0.0,386.6,1.86,245.0,97366.0,True,8,3,229
2007-08-17 04:00:00,23.47,86.7,0.0,-0.0,0.0,385.0,1.72,224.0,97405.0,True,8,4,229
2007-08-17 05:00:00,23.18,88.7,0.0,-0.0,0.0,385.8,1.72,213.0,97482.0,True,8,5,229
2007-08-17 06:00:00,23.01,90.2,0.0,0.0,0.0,387.4,1.86,228.0,97530.0,True,8,6,229
2007-08-17 07:00:00,24.42,86.0,159.0,147.3,117.0,398.45,1.93,220.0,97598.0,True,8,7,229
2007-08-17 08:00:00,25.76,80.1,151.0,1.94,150.0,405.85,2.28,231.0,97627.0,True,8,8,229
2007-08-17 09:00:00,27.06,74.3,284.0,14.01,274.0,409.05,2.76,240.0,97685.0,True,8,9,229
2007-08-17 10:00:00,28.3,68.3,76.0,0.0,76.0,416.05,3.24,246.0,97752.0,True,8,10,229
2007-08-17 11:00:00,29.2,63.1,86.0,0.0,86.0,423.65,3.31,248.0,97742.0,True,8,11,229
2007-08-17 12:00:00,29.86,59.4,530.0,60.02,470.0,430.45,3.24,246.0,97694.0,True,8,12,229
2007-08-17 13:00:00,30.44,56.6,115.0,0.0,115.0,436.85,3.03,249.0,97646.0,True,8,13,229
2007-08-17 14:00:00,30.98,55.25,854.0,756.26,190.0,441.25,2.62,258.0,97511.0,True,8,14,229
2007-08-17 15:00:00,31.17,55.05,501.0,222.12,339.0,433.85,2.07,262.0,97472.0,True,8,15,229
2007-08-17 16:00:00,31.02,55.45,261.0,58.01,230.0,439.05,1.72,258.0,97453.0,True,8,16,229
2007-08-17 17:00:00,29.22,61.45,117.0,22.84,110.0,431.25,1.59,268.0,97424.0,True,8,17,229
2007-08-17 18:00:00,28.72,65.05,21.0,32.8,19.0,429.25,1.1,293.0,97405.0,True,8,18,229
2007-08-17 19:00:00,27.17,69.7,0.0,-0.0,0.0,406.65,1.24,213.0,97482.0,True,8,19,229
2007-08-17 20:00:00,26.45,73.1,0.0,-0.0,0.0,412.65,1.52,222.0,97511.0,True,8,20,229
2007-08-17 21:00:00,25.84,76.45,0.0,-0.0,0.0,408.85,1.45,230.0,97607.0,True,8,21,229
2007-08-17 22:00:00,25.56,78.7,0.0,-0.0,0.0,420.25,1.31,226.0,97549.0,True,8,22,229
2007-08-17 23:00:00,25.25,80.55,0.0,-0.0,0.0,417.05,1.24,226.0,97588.0,True,8,23,229
2007-08-18 00:00:00,25.0,82.2,0.0,-0.0,0.0,417.85,1.17,233.0,97521.0,True,8,0,230
2007-08-18 01:00:00,24.54,84.4,0.0,-0.0,0.0,404.25,1.24,242.0,97492.0,True,8,1,230
2007-08-18 02:00:00,24.03,87.3,0.0,-0.0,0.0,398.05,1.1,229.0,97443.0,True,8,2,230
2007-08-18 03:00:00,23.6,89.65,0.0,-0.0,0.0,394.45,1.03,216.0,97443.0,True,8,3,230
2007-08-18 04:00:00,23.27,91.25,0.0,-0.0,0.0,392.6,1.17,201.0,97463.0,True,8,4,230
2007-08-18 05:00:00,23.06,92.15,0.0,-0.0,0.0,392.05,1.31,190.0,97482.0,True,8,5,230
2007-08-18 06:00:00,22.93,92.85,0.0,0.0,0.0,392.0,1.45,187.0,97540.0,True,8,6,230
2007-08-18 07:00:00,23.55,91.15,211.0,413.78,93.0,382.8,1.66,203.0,97588.0,True,8,7,230
2007-08-18 08:00:00,25.21,84.15,449.0,605.16,137.0,386.0,2.07,207.0,97665.0,True,8,8,230
2007-08-18 09:00:00,26.93,74.75,658.0,670.73,179.0,393.4,2.62,202.0,97685.0,True,8,9,230
2007-08-18 10:00:00,28.25,66.25,853.0,793.2,165.0,411.65,2.34,192.0,97704.0,True,8,10,230
2007-08-18 11:00:00,29.26,61.15,954.0,786.67,195.0,412.05,2.14,186.0,97713.0,True,8,11,230
2007-08-18 12:00:00,30.02,57.6,1035.0,908.14,127.0,416.05,2.0,181.0,97636.0,True,8,12,230
2007-08-18 13:00:00,30.65,56.1,1002.0,908.19,121.0,427.25,1.86,175.0,97598.0,True,8,13,230
2007-08-18 14:00:00,30.58,55.75,889.0,870.67,125.0,421.85,1.93,168.0,97530.0,True,8,14,230
2007-08-18 15:00:00,30.48,56.1,682.0,696.01,175.0,429.65,2.07,166.0,97492.0,True,8,15,230
2007-08-18 16:00:00,30.32,56.95,442.0,497.12,177.0,424.05,2.0,165.0,97492.0,True,8,16,230
2007-08-18 17:00:00,29.48,58.6,191.0,213.32,126.0,419.25,1.79,162.0,97453.0,True,8,17,230
2007-08-18 18:00:00,28.65,63.9,20.0,50.94,17.0,414.85,1.59,162.0,97424.0,True,8,18,230
2007-08-18 19:00:00,27.41,67.0,0.0,-0.0,0.0,414.05,1.79,176.0,97463.0,True,8,19,230
2007-08-18 20:00:00,26.51,70.95,0.0,-0.0,0.0,402.85,1.79,178.0,97530.0,True,8,20,230
2007-08-18 21:00:00,25.87,74.1,0.0,-0.0,0.0,402.05,1.72,182.0,97636.0,True,8,21,230
2007-08-18 22:00:00,25.35,77.1,0.0,-0.0,0.0,403.25,1.45,190.0,97646.0,True,8,22,230
2007-08-18 23:00:00,24.87,79.9,0.0,-0.0,0.0,401.45,1.38,195.0,97694.0,True,8,23,230
2007-08-19 00:00:00,24.49,81.35,0.0,-0.0,0.0,400.05,1.45,198.0,97646.0,True,8,0,231
2007-08-19 01:00:00,24.1,82.85,0.0,-0.0,0.0,396.85,1.52,204.0,97636.0,True,8,1,231
2007-08-19 02:00:00,23.75,84.4,0.0,-0.0,0.0,393.65,1.45,214.0,97598.0,True,8,2,231
2007-08-19 03:00:00,23.47,85.55,0.0,-0.0,0.0,394.65,1.38,217.0,97607.0,True,8,3,231
2007-08-19 04:00:00,23.22,86.55,0.0,-0.0,0.0,393.25,1.31,218.0,97578.0,True,8,4,231
2007-08-19 05:00:00,22.96,87.8,0.0,-0.0,0.0,391.0,1.17,212.0,97636.0,True,8,5,231
2007-08-19 06:00:00,22.78,88.95,0.0,0.0,0.0,392.05,1.17,204.0,97665.0,True,8,6,231
2007-08-19 07:00:00,23.84,85.0,197.0,326.03,104.0,392.85,1.1,201.0,97704.0,True,8,7,231
2007-08-19 08:00:00,25.6,77.3,279.0,96.93,229.0,393.05,1.31,203.0,97723.0,True,8,8,231
2007-08-19 09:00:00,27.35,69.0,674.0,723.56,157.0,400.45,1.59,205.0,97771.0,True,8,9,231
2007-08-19 10:00:00,28.81,63.1,835.0,736.38,196.0,407.25,1.52,197.0,97771.0,True,8,10,231
2007-08-19 11:00:00,29.91,59.1,908.0,661.07,270.0,413.65,1.38,181.0,97723.0,True,8,11,231
2007-08-19 12:00:00,30.66,56.55,970.0,726.06,244.0,420.25,1.24,156.0,97665.0,True,8,12,231
2007-08-19 13:00:00,31.04,56.1,957.0,775.38,205.0,435.05,1.17,158.0,97569.0,True,8,13,231
2007-08-19 14:00:00,31.45,55.3,830.0,687.64,227.0,427.65,1.03,161.0,97482.0,True,8,14,231
2007-08-19 15:00:00,31.34,55.75,482.0,189.7,344.0,437.65,0.9,177.0,97424.0,True,8,15,231
2007-08-19 16:00:00,31.09,56.65,419.0,411.89,200.0,433.25,0.83,200.0,97376.0,True,8,16,231
2007-08-19 17:00:00,29.95,59.75,220.0,366.43,109.0,430.25,0.97,239.0,97385.0,True,8,17,231
2007-08-19 18:00:00,28.92,64.85,19.0,35.24,17.0,421.25,2.07,226.0,97357.0,True,8,18,231
2007-08-19 19:00:00,28.16,65.6,0.0,-0.0,0.0,410.85,1.52,198.0,97405.0,True,8,19,231
2007-08-19 20:00:00,27.39,69.25,0.0,-0.0,0.0,414.05,1.52,193.0,97463.0,True,8,20,231
2007-08-19 21:00:00,26.61,74.6,0.0,-0.0,0.0,408.65,1.31,187.0,97578.0,True,8,21,231
2007-08-19 22:00:00,26.04,79.2,0.0,-0.0,0.0,410.85,1.1,191.0,97617.0,True,8,22,231
2007-08-19 23:00:00,25.75,80.05,0.0,-0.0,0.0,412.85,1.17,218.0,97617.0,True,8,23,231
2007-08-20 00:00:00,25.48,80.6,0.0,-0.0,0.0,413.65,1.31,237.0,97598.0,True,8,0,232
2007-08-20 01:00:00,25.32,80.6,0.0,-0.0,0.0,413.25,1.38,241.0,97569.0,True,8,1,232
2007-08-20 02:00:00,25.22,80.75,0.0,-0.0,0.0,416.85,1.52,238.0,97530.0,True,8,2,232
2007-08-20 03:00:00,25.1,81.2,0.0,-0.0,0.0,415.85,1.59,243.0,97540.0,True,8,3,232
2007-08-20 04:00:00,24.88,82.1,0.0,-0.0,0.0,410.25,1.66,248.0,97530.0,True,8,4,232
2007-08-20 05:00:00,24.65,83.05,0.0,-0.0,0.0,407.05,1.66,250.0,97540.0,True,8,5,232
2007-08-20 06:00:00,24.41,84.45,0.0,0.0,0.0,402.05,1.59,253.0,97549.0,True,8,6,232
2007-08-20 07:00:00,25.41,81.1,199.0,336.45,103.0,408.25,1.86,263.0,97607.0,True,8,7,232
2007-08-20 08:00:00,27.01,74.45,431.0,521.19,162.0,404.85,2.41,268.0,97588.0,True,8,8,232
2007-08-20 09:00:00,28.6,67.55,649.0,635.05,195.0,409.45,2.9,265.0,97646.0,True,8,9,232
2007-08-20 10:00:00,29.55,64.1,827.0,709.57,211.0,418.05,2.83,256.0,97675.0,True,8,10,232
2007-08-20 11:00:00,30.13,63.5,878.0,584.24,314.0,426.05,2.76,244.0,97607.0,True,8,11,232
2007-08-20 12:00:00,30.43,62.85,965.0,713.03,252.0,434.25,2.28,261.0,97511.0,True,8,12,232
2007-08-20 13:00:00,30.82,61.2,920.0,676.58,264.0,430.65,1.93,272.0,97434.0,True,8,13,232
2007-08-20 14:00:00,30.56,62.45,658.0,294.42,400.0,435.45,1.86,247.0,97366.0,True,8,14,232
2007-08-20 15:00:00,29.96,65.7,300.0,17.9,287.0,438.65,1.59,228.0,97299.0,True,8,15,232
2007-08-20 16:00:00,27.67,74.8,42.0,0.0,42.0,432.05,1.59,190.0,97366.0,True,8,16,232
2007-08-20 17:00:00,26.72,78.65,31.0,0.0,31.0,427.85,2.0,221.0,97424.0,True,8,17,232
2007-08-20 18:00:00,26.28,79.25,9.0,0.0,9.0,423.05,1.66,246.0,97376.0,True,8,18,232
2007-08-20 19:00:00,24.84,85.8,0.0,-0.0,0.0,412.45,1.45,213.0,97443.0,True,8,19,232
2007-08-20 20:00:00,24.72,86.55,0.0,-0.0,0.0,409.65,1.1,226.0,97540.0,True,8,20,232
2007-08-20 21:00:00,24.54,87.8,0.0,-0.0,0.0,410.45,1.31,207.0,97588.0,True,8,21,232
2007-08-20 22:00:00,24.44,88.4,0.0,-0.0,0.0,414.65,1.52,206.0,97665.0,True,8,22,232
2007-08-20 23:00:00,24.34,88.65,0.0,-0.0,0.0,410.85,1.59,235.0,97627.0,True,8,23,232
2007-08-21 00:00:00,24.36,88.95,0.0,-0.0,0.0,415.25,1.72,272.0,97559.0,True,8,0,233
2007-08-21 01:00:00,24.39,89.45,0.0,-0.0,0.0,422.05,1.72,278.0,97463.0,True,8,1,233
2007-08-21 02:00:00,24.29,90.15,0.0,-0.0,0.0,418.65,1.86,235.0,97376.0,True,8,2,233
2007-08-21 03:00:00,24.16,91.0,0.0,-0.0,0.0,413.05,1.66,214.0,97405.0,True,8,3,233
2007-08-21 04:00:00,24.06,91.55,0.0,-0.0,0.0,412.25,1.17,227.0,97414.0,True,8,4,233
2007-08-21 05:00:00,23.74,92.35,0.0,-0.0,0.0,409.05,1.24,236.0,97424.0,True,8,5,233
2007-08-21 06:00:00,23.11,95.1,0.0,0.0,0.0,408.25,1.59,218.0,97472.0,True,8,6,233
2007-08-21 07:00:00,23.38,94.2,176.0,217.21,114.0,400.85,3.03,234.0,97492.0,True,8,7,233
2007-08-21 08:00:00,24.71,85.8,337.0,211.07,228.0,413.25,2.83,234.0,97588.0,True,8,8,233
2007-08-21 09:00:00,25.74,81.8,610.0,508.88,246.0,422.65,2.34,239.0,97636.0,True,8,9,233
2007-08-21 10:00:00,26.63,79.85,809.0,656.31,239.0,434.65,1.59,240.0,97656.0,True,8,10,233
2007-08-21 11:00:00,27.52,78.0,795.0,407.0,402.0,438.85,1.59,263.0,97627.0,True,8,11,233
2007-08-21 12:00:00,28.32,74.15,808.0,374.01,434.0,425.25,0.97,286.0,97569.0,True,8,12,233
2007-08-21 13:00:00,29.05,70.8,983.0,851.15,158.0,427.45,0.14,214.0,97482.0,True,8,13,233
2007-08-21 14:00:00,29.18,69.45,820.0,662.39,240.0,431.25,1.1,160.0,97405.0,True,8,14,233
2007-08-21 15:00:00,27.73,73.8,676.0,682.42,181.0,431.25,2.9,191.0,97328.0,True,8,15,233
2007-08-21 16:00:00,25.64,83.05,456.0,567.37,156.0,426.85,2.41,200.0,97308.0,True,8,16,233
2007-08-21 17:00:00,24.97,90.05,228.0,427.81,100.0,425.25,1.38,199.0,97376.0,True,8,17,233
2007-08-21 18:00:00,24.69,87.4,18.0,57.33,15.0,421.45,1.31,214.0,97434.0,True,8,18,233
2007-08-21 19:00:00,24.33,86.8,0.0,-0.0,0.0,409.05,2.07,158.0,97511.0,True,8,19,233
2007-08-21 20:00:00,23.86,88.95,0.0,-0.0,0.0,404.45,2.0,166.0,97578.0,True,8,20,233
2007-08-21 21:00:00,23.52,90.5,0.0,-0.0,0.0,402.25,2.0,171.0,97685.0,True,8,21,233
2007-08-21 22:00:00,23.28,91.7,0.0,-0.0,0.0,404.65,1.59,176.0,97656.0,True,8,22,233
2007-08-21 23:00:00,23.1,92.65,0.0,-0.0,0.0,406.25,1.31,180.0,97656.0,True,8,23,233
2007-08-22 00:00:00,22.77,94.1,0.0,-0.0,0.0,394.65,1.24,178.0,97617.0,True,8,0,234
2007-08-22 01:00:00,22.53,95.15,0.0,-0.0,0.0,396.05,1.38,175.0,97607.0,True,8,1,234
2007-08-22 02:00:00,22.27,96.15,0.0,-0.0,0.0,390.45,1.52,171.0,97569.0,True,8,2,234
2007-08-22 03:00:00,22.09,96.85,0.0,-0.0,0.0,389.4,1.72,167.0,97578.0,True,8,3,234
2007-08-22 04:00:00,22.2,96.5,0.0,-0.0,0.0,404.45,1.93,166.0,97607.0,True,8,4,234
2007-08-22 05:00:00,22.34,95.95,0.0,-0.0,0.0,412.65,2.0,170.0,97607.0,True,8,5,234
2007-08-22 06:00:00,22.5,95.1,0.0,0.0,0.0,416.85,2.21,173.0,97694.0,True,8,6,234
2007-08-22 07:00:00,23.04,91.75,179.0,231.12,113.0,424.05,3.93,181.0,97704.0,True,8,7,234
2007-08-22 08:00:00,23.87,86.75,417.0,464.46,177.0,425.85,3.93,188.0,97771.0,True,8,8,234
2007-08-22 09:00:00,24.68,82.2,593.0,456.91,266.0,428.25,3.59,192.0,97762.0,True,8,9,234
2007-08-22 10:00:00,26.18,75.4,755.0,512.17,310.0,428.45,3.1,195.0,97810.0,True,8,10,234
2007-08-22 11:00:00,27.43,71.9,936.0,729.96,231.0,415.45,2.76,202.0,97742.0,True,8,11,234
2007-08-22 12:00:00,28.3,70.0,825.0,403.02,422.0,421.85,2.69,211.0,97675.0,True,8,12,234
2007-08-22 13:00:00,28.92,69.2,978.0,835.97,168.0,427.45,2.48,214.0,97549.0,True,8,13,234
2007-08-22 14:00:00,29.44,63.15,737.0,451.49,342.0,428.25,2.21,209.0,97492.0,True,8,14,234
2007-08-22 15:00:00,29.22,62.0,675.0,682.11,181.0,443.45,2.0,202.0,97434.0,True,8,15,234
2007-08-22 16:00:00,28.28,65.6,445.0,525.42,168.0,442.65,2.34,191.0,97366.0,True,8,16,234
2007-08-22 17:00:00,26.69,73.65,224.0,410.43,102.0,417.85,2.69,192.0,97395.0,True,8,17,234
2007-08-22 18:00:00,25.99,76.05,16.0,39.97,14.0,415.65,2.69,196.0,97395.0,True,8,18,234
2007-08-22 19:00:00,26.27,74.5,0.0,-0.0,0.0,412.85,1.86,189.0,97463.0,True,8,19,234
2007-08-22 20:00:00,25.6,78.8,0.0,-0.0,0.0,414.65,1.93,193.0,97521.0,True,8,20,234
2007-08-22 21:00:00,24.94,82.7,0.0,-0.0,0.0,404.25,1.86,192.0,97559.0,True,8,21,234
2007-08-22 22:00:00,24.42,85.5,0.0,-0.0,0.0,399.05,1.72,191.0,97588.0,True,8,22,234
2007-08-22 23:00:00,23.92,87.8,0.0,-0.0,0.0,394.65,1.72,193.0,97588.0,True,8,23,234
2007-08-23 00:00:00,23.57,89.2,0.0,-0.0,0.0,395.05,1.79,195.0,97549.0,True,8,0,235
2007-08-23 01:00:00,23.21,90.65,0.0,-0.0,0.0,391.45,1.72,197.0,97492.0,True,8,1,235
2007-08-23 02:00:00,22.94,91.8,0.0,-0.0,0.0,391.4,1.66,200.0,97492.0,True,8,2,235
2007-08-23 03:00:00,22.66,93.0,0.0,-0.0,0.0,389.4,1.59,209.0,97453.0,True,8,3,235
2007-08-23 04:00:00,22.49,93.65,0.0,-0.0,0.0,390.25,1.52,219.0,97472.0,True,8,4,235
2007-08-23 05:00:00,22.36,94.2,0.0,-0.0,0.0,388.0,1.59,227.0,97482.0,True,8,5,235
2007-08-23 06:00:00,22.17,94.9,0.0,0.0,0.0,385.4,1.45,232.0,97501.0,True,8,6,235
2007-08-23 07:00:00,23.29,90.45,195.0,311.5,106.0,386.4,1.66,222.0,97578.0,True,8,7,235
2007-08-23 08:00:00,25.11,80.7,442.0,564.74,150.0,391.0,2.9,232.0,97617.0,True,8,8,235
2007-08-23 09:00:00,26.37,74.85,582.0,427.34,276.0,412.85,2.97,235.0,97636.0,True,8,9,235
2007-08-23 10:00:00,27.46,69.5,522.0,117.35,420.0,413.05,3.03,237.0,97636.0,True,8,10,235
2007-08-23 11:00:00,28.42,65.4,739.0,306.42,443.0,424.65,3.03,239.0,97607.0,True,8,11,235
2007-08-23 12:00:00,28.92,63.05,982.0,756.09,226.0,433.25,2.83,244.0,97492.0,True,8,12,235
2007-08-23 13:00:00,29.4,60.7,591.0,118.74,476.0,426.65,2.62,249.0,97405.0,True,8,13,235
2007-08-23 14:00:00,29.54,61.35,532.0,123.55,424.0,426.85,2.55,246.0,97289.0,True,8,14,235
2007-08-23 15:00:00,29.69,63.5,700.0,775.9,139.0,428.05,2.55,247.0,97241.0,True,8,15,235
2007-08-23 16:00:00,29.13,66.35,478.0,677.33,122.0,432.45,2.07,263.0,97173.0,True,8,16,235
2007-08-23 17:00:00,28.65,67.35,192.0,243.87,120.0,425.85,2.0,254.0,97144.0,True,8,17,235
2007-08-23 18:00:00,26.1,77.65,17.0,41.94,15.0,419.85,1.17,237.0,97135.0,True,8,18,235
2007-08-23 19:00:00,25.98,78.65,0.0,-0.0,0.0,418.85,1.86,228.0,97212.0,True,8,19,235
2007-08-23 20:00:00,25.39,81.95,0.0,-0.0,0.0,405.25,1.86,217.0,97328.0,True,8,20,235
2007-08-23 21:00:00,24.91,84.85,0.0,-0.0,0.0,398.85,1.52,219.0,97405.0,True,8,21,235
2007-08-23 22:00:00,24.53,87.15,0.0,-0.0,0.0,399.65,1.52,224.0,97366.0,True,8,22,235
2007-08-23 23:00:00,24.19,89.35,0.0,-0.0,0.0,400.05,1.31,234.0,97385.0,True,8,23,235
2007-08-24 00:00:00,23.93,90.6,0.0,-0.0,0.0,398.25,1.52,231.0,97366.0,True,8,0,236
2007-08-24 01:00:00,23.75,91.55,0.0,-0.0,0.0,399.65,1.59,228.0,97289.0,True,8,1,236
2007-08-24 02:00:00,23.54,92.3,0.0,-0.0,0.0,396.05,1.66,232.0,97279.0,True,8,2,236
2007-08-24 03:00:00,23.35,92.9,0.0,-0.0,0.0,395.25,1.72,224.0,97250.0,True,8,3,236
2007-08-24 04:00:00,23.3,92.65,0.0,-0.0,0.0,399.85,1.79,214.0,97250.0,True,8,4,236
2007-08-24 05:00:00,23.19,92.4,0.0,-0.0,0.0,398.25,1.93,218.0,97318.0,True,8,5,236
2007-08-24 06:00:00,22.9,92.95,0.0,0.0,0.0,402.25,2.34,219.0,97405.0,True,8,6,236
2007-08-24 07:00:00,22.71,93.65,34.0,0.0,34.0,418.85,2.14,202.0,97472.0,True,8,7,236
2007-08-24 08:00:00,22.83,93.45,46.0,0.0,46.0,425.25,2.41,202.0,97492.0,True,8,8,236
2007-08-24 09:00:00,23.52,88.6,319.0,29.31,298.0,418.85,3.31,214.0,97530.0,True,8,9,236
2007-08-24 10:00:00,25.2,79.7,844.0,753.3,189.0,415.45,3.66,219.0,97434.0,True,8,10,236
2007-08-24 11:00:00,26.36,73.95,964.0,804.23,187.0,428.85,3.93,228.0,97414.0,True,8,11,236
2007-08-24 12:00:00,26.95,71.4,967.0,714.16,253.0,435.65,3.86,231.0,97347.0,True,8,12,236
2007-08-24 13:00:00,27.78,67.7,544.0,80.57,466.0,432.85,3.24,234.0,97337.0,True,8,13,236
2007-08-24 14:00:00,28.33,65.95,750.0,483.23,328.0,437.05,2.62,237.0,97260.0,True,8,14,236
2007-08-24 15:00:00,28.93,64.6,596.0,443.35,276.0,432.65,2.62,244.0,97222.0,True,8,15,236
2007-08-24 16:00:00,29.26,61.95,251.0,51.53,224.0,423.25,3.03,250.0,97164.0,True,8,16,236
2007-08-24 17:00:00,28.92,62.95,101.0,13.64,97.0,433.25,2.55,251.0,97115.0,True,8,17,236
2007-08-24 18:00:00,28.12,67.5,4.0,0.0,4.0,430.05,1.72,245.0,97115.0,True,8,18,236
2007-08-24 19:00:00,26.2,72.7,0.0,-0.0,0.0,426.65,1.24,194.0,97231.0,True,8,19,236
2007-08-24 20:00:00,25.38,76.1,0.0,-0.0,0.0,419.45,1.66,200.0,97395.0,True,8,20,236
2007-08-24 21:00:00,24.64,79.8,0.0,-0.0,0.0,410.45,1.86,198.0,97482.0,True,8,21,236
2007-08-24 22:00:00,24.09,82.55,0.0,-0.0,0.0,409.85,1.93,206.0,97521.0,True,8,22,236
2007-08-24 23:00:00,23.61,84.75,0.0,-0.0,0.0,411.85,2.14,211.0,97463.0,True,8,23,236
2007-08-25 00:00:00,23.17,86.85,0.0,-0.0,0.0,409.45,2.07,210.0,97453.0,True,8,0,237
2007-08-25 01:00:00,22.73,89.15,0.0,-0.0,0.0,411.85,2.0,209.0,97405.0,True,8,1,237
2007-08-25 02:00:00,22.02,94.75,0.0,-0.0,0.0,411.85,1.86,205.0,97366.0,True,8,2,237
2007-08-25 03:00:00,21.71,96.0,0.0,-0.0,0.0,406.05,1.72,202.0,97366.0,True,8,3,237
2007-08-25 04:00:00,21.52,96.4,0.0,-0.0,0.0,400.25,1.45,206.0,97385.0,True,8,4,237
2007-08-25 05:00:00,21.38,96.15,0.0,-0.0,0.0,394.45,1.17,213.0,97395.0,True,8,5,237
2007-08-25 06:00:00,21.4,96.65,0.0,0.0,0.0,400.65,1.03,225.0,97385.0,True,8,6,237
2007-08-25 07:00:00,21.42,96.05,126.0,55.93,110.0,404.25,1.38,162.0,97453.0,True,8,7,237
2007-08-25 08:00:00,21.65,95.2,332.0,195.09,231.0,413.85,1.31,158.0,97530.0,True,8,8,237
2007-08-25 09:00:00,22.11,94.35,214.0,1.4,213.0,414.65,1.17,145.0,97607.0,True,8,9,237
2007-08-25 10:00:00,22.38,93.15,344.0,10.35,335.0,416.45,0.97,158.0,97627.0,True,8,10,237
2007-08-25 11:00:00,22.95,90.2,229.0,0.0,229.0,421.65,1.17,198.0,97598.0,True,8,11,237
2007-08-25 12:00:00,23.45,91.3,630.0,135.05,495.0,422.45,1.31,199.0,97549.0,True,8,12,237
2007-08-25 13:00:00,23.79,91.4,581.0,109.55,475.0,424.85,1.38,189.0,97482.0,True,8,13,237
2007-08-25 14:00:00,24.24,90.0,791.0,586.88,279.0,429.45,1.52,176.0,97395.0,True,8,14,237
2007-08-25 15:00:00,25.32,84.6,591.0,433.05,279.0,426.05,1.59,174.0,97299.0,True,8,15,237
2007-08-25 16:00:00,25.91,81.35,319.0,155.11,238.0,426.65,1.93,185.0,97222.0,True,8,16,237
2007-08-25 17:00:00,25.8,79.55,123.0,41.23,111.0,419.45,2.41,201.0,97260.0,True,8,17,237
2007-08-25 18:00:00,25.27,81.4,3.0,0.0,3.0,403.65,2.41,210.0,97260.0,True,8,18,237
2007-08-25 19:00:00,24.75,81.0,0.0,-0.0,0.0,408.65,2.14,194.0,97337.0,True,8,19,237
2007-08-25 20:00:00,24.14,84.25,0.0,-0.0,0.0,407.85,2.07,197.0,97434.0,True,8,20,237
2007-08-25 21:00:00,23.88,85.55,0.0,-0.0,0.0,416.05,1.59,193.0,97521.0,True,8,21,237
2007-08-25 22:00:00,23.62,87.6,0.0,-0.0,0.0,413.65,1.31,192.0,97598.0,True,8,22,237
2007-08-25 23:00:00,23.42,88.85,0.0,-0.0,0.0,413.05,1.1,187.0,97598.0,True,8,23,237
2007-08-26 00:00:00,23.21,90.15,0.0,-0.0,0.0,413.45,0.9,182.0,97521.0,True,8,0,238
2007-08-26 01:00:00,23.0,91.25,0.0,-0.0,0.0,408.85,0.83,178.0,97463.0,True,8,1,238
2007-08-26 02:00:00,22.79,92.0,0.0,-0.0,0.0,407.45,0.9,182.0,97443.0,True,8,2,238
2007-08-26 03:00:00,22.61,92.1,0.0,-0.0,0.0,409.65,0.97,193.0,97443.0,True,8,3,238
2007-08-26 04:00:00,22.57,91.3,0.0,-0.0,0.0,408.25,1.1,212.0,97453.0,True,8,4,238
2007-08-26 05:00:00,22.37,91.75,0.0,-0.0,0.0,402.25,1.1,217.0,97492.0,True,8,5,238
2007-08-26 06:00:00,22.04,94.45,0.0,0.0,0.0,398.25,0.83,203.0,97530.0,True,8,6,238
2007-08-26 07:00:00,23.0,89.65,150.0,115.28,117.0,401.65,1.45,217.0,97569.0,True,8,7,238
2007-08-26 08:00:00,23.89,85.65,381.0,328.16,211.0,404.85,2.14,223.0,97617.0,True,8,8,238
2007-08-26 09:00:00,25.0,80.45,341.0,41.83,311.0,405.25,3.17,230.0,97675.0,True,8,9,238
2007-08-26 10:00:00,25.46,78.45,427.0,43.67,389.0,420.65,2.83,228.0,97752.0,True,8,10,238
2007-08-26 11:00:00,26.47,75.6,709.0,259.73,458.0,417.85,2.55,226.0,97675.0,True,8,11,238
2007-08-26 12:00:00,27.99,67.3,799.0,356.19,443.0,417.65,2.69,230.0,97598.0,True,8,12,238
2007-08-26 13:00:00,27.9,66.4,711.0,259.54,460.0,443.25,2.34,234.0,97472.0,True,8,13,238
2007-08-26 14:00:00,27.52,68.35,721.0,421.13,354.0,440.45,2.0,214.0,97434.0,True,8,14,238
2007-08-26 15:00:00,25.99,76.15,587.0,422.74,283.0,429.85,1.93,222.0,97357.0,True,8,15,238
2007-08-26 16:00:00,25.87,77.05,392.0,349.72,210.0,416.65,1.59,234.0,97337.0,True,8,16,238
2007-08-26 17:00:00,26.21,76.25,19.0,0.0,19.0,410.45,1.59,228.0,97260.0,True,8,17,238
2007-08-26 18:00:00,25.88,78.45,5.0,0.0,5.0,403.65,1.45,228.0,97289.0,True,8,18,238
2007-08-26 19:00:00,25.79,76.55,0.0,-0.0,0.0,410.65,1.86,211.0,97395.0,True,8,19,238
2007-08-26 20:00:00,25.09,80.7,0.0,-0.0,0.0,411.25,1.93,208.0,97501.0,True,8,20,238
2007-08-26 21:00:00,24.61,83.7,0.0,-0.0,0.0,409.25,1.72,208.0,97627.0,True,8,21,238
2007-08-26 22:00:00,24.34,85.25,0.0,-0.0,0.0,414.05,1.66,207.0,97685.0,True,8,22,238
2007-08-26 23:00:00,24.07,86.7,0.0,-0.0,0.0,412.25,1.45,214.0,97656.0,True,8,23,238
2007-08-27 00:00:00,23.75,87.85,0.0,-0.0,0.0,409.45,1.31,220.0,97627.0,True,8,0,239
2007-08-27 01:00:00,23.46,89.25,0.0,-0.0,0.0,411.05,1.24,234.0,97627.0,True,8,1,239
2007-08-27 02:00:00,23.19,90.95,0.0,-0.0,0.0,408.25,1.45,234.0,97588.0,True,8,2,239
2007-08-27 03:00:00,23.01,92.35,0.0,-0.0,0.0,408.65,1.52,236.0,97569.0,True,8,3,239
2007-08-27 04:00:00,22.75,93.65,0.0,-0.0,0.0,402.65,1.66,228.0,97559.0,True,8,4,239
2007-08-27 05:00:00,22.57,94.35,0.0,-0.0,0.0,401.25,1.72,223.0,97549.0,True,8,5,239
2007-08-27 06:00:00,22.37,95.4,0.0,0.0,0.0,403.65,1.79,229.0,97530.0,True,8,6,239
2007-08-27 07:00:00,22.3,96.2,145.0,97.75,117.0,423.45,2.41,223.0,97588.0,True,8,7,239
2007-08-27 08:00:00,22.48,95.35,337.0,206.42,230.0,424.45,2.28,221.0,97646.0,True,8,8,239
2007-08-27 09:00:00,22.67,94.4,174.0,0.0,174.0,424.45,2.55,221.0,97742.0,True,8,9,239
2007-08-27 10:00:00,22.81,93.7,575.0,175.79,422.0,426.45,2.69,226.0,97781.0,True,8,10,239
2007-08-27 11:00:00,23.03,92.9,144.0,0.0,144.0,427.45,2.55,230.0,97752.0,True,8,11,239
2007-08-27 12:00:00,23.29,91.25,234.0,0.0,234.0,428.05,2.28,237.0,97704.0,True,8,12,239
2007-08-27 13:00:00,24.0,88.15,314.0,1.03,313.0,428.05,2.21,248.0,97598.0,True,8,13,239
2007-08-27 14:00:00,24.81,85.25,632.0,256.18,409.0,427.05,2.41,261.0,97492.0,True,8,14,239
2007-08-27 15:00:00,25.79,79.4,498.0,228.51,334.0,413.05,3.38,262.0,97405.0,True,8,15,239
2007-08-27 16:00:00,26.12,76.45,295.0,113.77,236.0,416.85,3.38,267.0,97337.0,True,8,16,239
2007-08-27 17:00:00,25.97,75.8,153.0,115.11,120.0,414.25,3.03,270.0,97357.0,True,8,17,239
2007-08-27 18:00:00,25.54,78.0,0.0,0.0,0.0,420.85,1.79,259.0,97347.0,True,8,18,239
2007-08-27 19:00:00,24.54,81.05,0.0,-0.0,0.0,418.25,1.79,253.0,97405.0,True,8,19,239
2007-08-27 20:00:00,24.16,83.7,0.0,-0.0,0.0,415.85,1.31,247.0,97472.0,True,8,20,239
2007-08-27 21:00:00,23.72,87.25,0.0,-0.0,0.0,404.25,1.03,240.0,97646.0,True,8,21,239
2007-08-27 22:00:00,23.46,88.55,0.0,-0.0,0.0,406.45,1.24,252.0,97646.0,True,8,22,239
2007-08-27 23:00:00,23.06,90.75,0.0,-0.0,0.0,398.25,1.31,241.0,97627.0,True,8,23,239
2007-08-28 00:00:00,22.77,92.4,0.0,-0.0,0.0,397.25,1.31,242.0,97598.0,True,8,0,240
2007-08-28 01:00:00,22.39,94.15,0.0,-0.0,0.0,388.25,1.31,242.0,97549.0,True,8,1,240
2007-08-28 02:00:00,22.07,95.45,0.0,-0.0,0.0,385.8,1.45,234.0,97549.0,True,8,2,240
2007-08-28 03:00:00,21.85,96.25,0.0,-0.0,0.0,384.0,1.45,232.0,97521.0,True,8,3,240
2007-08-28 04:00:00,21.68,96.85,0.0,-0.0,0.0,383.8,1.52,230.0,97501.0,True,8,4,240
2007-08-28 05:00:00,21.57,97.25,0.0,-0.0,0.0,385.4,1.38,229.0,97501.0,True,8,5,240
2007-08-28 06:00:00,21.35,97.85,0.0,0.0,0.0,385.8,1.24,225.0,97578.0,True,8,6,240
2007-08-28 07:00:00,22.23,94.4,163.0,156.97,118.0,389.6,1.45,209.0,97636.0,True,8,7,240
2007-08-28 08:00:00,23.71,87.2,437.0,535.95,159.0,396.05,2.28,211.0,97685.0,True,8,8,240
2007-08-28 09:00:00,25.43,77.85,655.0,637.99,197.0,398.25,3.03,219.0,97694.0,True,8,9,240
2007-08-28 10:00:00,26.99,68.4,773.0,549.04,295.0,400.85,3.93,227.0,97656.0,True,8,10,240
2007-08-28 11:00:00,27.5,68.15,856.0,526.65,347.0,415.25,3.72,228.0,97656.0,True,8,11,240
2007-08-28 12:00:00,28.01,66.4,478.0,34.03,444.0,424.45,3.03,228.0,97617.0,True,8,12,240
2007-08-28 13:00:00,25.6,76.65,852.0,516.62,353.0,437.05,3.1,215.0,97569.0,True,8,13,240
2007-08-28 14:00:00,25.52,78.75,86.0,0.0,86.0,411.45,3.17,227.0,97559.0,True,8,14,240
2007-08-28 15:00:00,26.31,75.8,126.0,0.0,126.0,413.85,3.45,233.0,97424.0,True,8,15,240
2007-08-28 16:00:00,26.62,74.9,377.0,309.66,217.0,412.85,2.83,233.0,97328.0,True,8,16,240
2007-08-28 17:00:00,26.57,75.15,220.0,453.54,91.0,409.65,2.62,230.0,97347.0,True,8,17,240
2007-08-28 18:00:00,26.01,77.55,0.0,0.0,0.0,409.65,1.66,230.0,97414.0,True,8,18,240
2007-08-28 19:00:00,24.26,86.6,0.0,-0.0,0.0,413.25,1.72,224.0,97463.0,True,8,19,240
2007-08-28 20:00:00,23.92,88.75,0.0,-0.0,0.0,410.05,1.72,225.0,97559.0,True,8,20,240
2007-08-28 21:00:00,23.64,90.35,0.0,-0.0,0.0,405.25,1.66,228.0,97685.0,True,8,21,240
2007-08-28 22:00:00,23.41,91.4,0.0,-0.0,0.0,402.45,1.52,225.0,97752.0,True,8,22,240
2007-08-28 23:00:00,23.23,92.1,0.0,-0.0,0.0,402.05,1.24,217.0,97742.0,True,8,23,240
2007-08-29 00:00:00,23.04,92.65,0.0,-0.0,0.0,401.45,1.24,224.0,97685.0,True,8,0,241
2007-08-29 01:00:00,22.82,93.2,0.0,-0.0,0.0,400.05,1.38,229.0,97656.0,True,8,1,241
2007-08-29 02:00:00,22.7,93.35,0.0,-0.0,0.0,406.85,1.52,219.0,97607.0,True,8,2,241
2007-08-29 03:00:00,22.55,93.65,0.0,-0.0,0.0,406.25,1.38,206.0,97617.0,True,8,3,241
2007-08-29 04:00:00,22.41,94.15,0.0,-0.0,0.0,406.25,1.24,206.0,97607.0,True,8,4,241
2007-08-29 05:00:00,22.19,94.9,0.0,-0.0,0.0,400.05,1.31,207.0,97627.0,True,8,5,241
2007-08-29 06:00:00,22.1,95.3,0.0,0.0,0.0,401.85,1.24,200.0,97704.0,True,8,6,241
2007-08-29 07:00:00,22.46,95.75,47.0,0.0,47.0,406.85,1.24,194.0,97762.0,True,8,7,241
2007-08-29 08:00:00,23.35,91.85,234.0,38.53,214.0,398.25,2.41,212.0,97800.0,True,8,8,241
2007-08-29 09:00:00,24.52,88.15,550.0,338.34,307.0,406.65,2.34,220.0,97868.0,True,8,9,241
2007-08-29 10:00:00,25.77,83.7,691.0,361.72,376.0,412.45,2.41,225.0,97897.0,True,8,10,241
2007-08-29 11:00:00,27.22,73.5,799.0,408.69,404.0,413.85,2.97,232.0,97887.0,True,8,11,241
2007-08-29 12:00:00,25.63,78.2,484.0,36.05,448.0,437.65,3.38,239.0,97810.0,True,8,12,241
2007-08-29 13:00:00,26.56,76.2,925.0,692.07,257.0,410.45,2.69,244.0,97685.0,True,8,13,241
2007-08-29 14:00:00,26.88,75.15,148.0,0.0,148.0,426.05,2.97,246.0,97627.0,True,8,14,241
2007-08-29 15:00:00,27.73,71.0,412.0,103.54,338.0,420.45,2.41,261.0,97569.0,True,8,15,241
2007-08-29 16:00:00,27.27,69.35,356.0,252.55,226.0,411.25,3.1,259.0,97492.0,True,8,16,241
2007-08-29 17:00:00,26.12,74.2,175.0,205.59,117.0,413.25,2.14,245.0,97588.0,True,8,17,241
2007-08-29 18:00:00,25.55,77.85,0.0,0.0,0.0,411.65,1.1,225.0,97588.0,True,8,18,241
2007-08-29 19:00:00,23.84,88.85,0.0,-0.0,0.0,414.05,0.83,231.0,97656.0,True,8,19,241
2007-08-29 20:00:00,23.42,91.2,0.0,-0.0,0.0,405.25,1.31,227.0,97713.0,True,8,20,241
2007-08-29 21:00:00,23.25,92.25,0.0,-0.0,0.0,406.65,1.03,224.0,97742.0,True,8,21,241
2007-08-29 22:00:00,23.04,93.35,0.0,-0.0,0.0,402.65,1.24,227.0,97800.0,True,8,22,241
2007-08-29 23:00:00,22.89,94.3,0.0,-0.0,0.0,405.45,1.38,232.0,97800.0,True,8,23,241
2007-08-30 00:00:00,22.67,95.0,0.0,-0.0,0.0,399.85,1.45,241.0,97762.0,True,8,0,242
2007-08-30 01:00:00,22.53,95.4,0.0,-0.0,0.0,401.05,1.24,257.0,97733.0,True,8,1,242
2007-08-30 02:00:00,22.27,96.1,0.0,-0.0,0.0,395.05,1.1,268.0,97704.0,True,8,2,242
2007-08-30 03:00:00,22.15,96.4,0.0,-0.0,0.0,400.45,1.03,274.0,97694.0,True,8,3,242
2007-08-30 04:00:00,22.08,96.55,0.0,-0.0,0.0,402.25,1.17,263.0,97685.0,True,8,4,242
2007-08-30 05:00:00,22.06,96.35,0.0,-0.0,0.0,403.65,1.24,255.0,97694.0,True,8,5,242
2007-08-30 06:00:00,22.07,96.25,0.0,0.0,0.0,404.25,1.17,261.0,97685.0,True,8,6,242
2007-08-30 07:00:00,22.51,95.7,130.0,62.69,112.0,405.65,0.97,233.0,97713.0,True,8,7,242
2007-08-30 08:00:00,23.48,92.0,212.0,23.1,200.0,407.05,1.03,235.0,97771.0,True,8,8,242
2007-08-30 09:00:00,24.67,84.55,489.0,212.93,336.0,413.45,1.79,252.0,97791.0,True,8,9,242
2007-08-30 10:00:00,25.78,78.7,751.0,492.52,322.0,420.25,1.72,265.0,97791.0,True,8,10,242
2007-08-30 11:00:00,26.79,72.9,868.0,551.49,335.0,428.25,1.52,270.0,97791.0,True,8,11,242
2007-08-30 12:00:00,27.81,70.9,712.0,226.37,486.0,434.25,1.1,265.0,97704.0,True,8,12,242
2007-08-30 13:00:00,28.0,70.3,538.0,76.72,464.0,422.65,0.69,260.0,97578.0,True,8,13,242
2007-08-30 14:00:00,28.35,70.75,617.0,234.08,414.0,430.85,0.9,263.0,97501.0,True,8,14,242
2007-08-30 15:00:00,27.58,73.55,589.0,441.71,274.0,424.45,1.24,277.0,97414.0,True,8,15,242
2007-08-30 16:00:00,26.19,78.7,405.0,415.4,192.0,422.65,1.93,246.0,97385.0,True,8,16,242
2007-08-30 17:00:00,25.0,87.45,189.0,282.39,110.0,419.25,2.0,250.0,97347.0,True,8,17,242
2007-08-30 18:00:00,24.37,88.4,0.0,0.0,0.0,414.45,1.24,261.0,97443.0,True,8,18,242
2007-08-30 19:00:00,25.02,83.45,0.0,-0.0,0.0,426.25,1.17,250.0,97521.0,True,8,19,242
2007-08-30 20:00:00,24.23,89.85,0.0,-0.0,0.0,410.25,1.38,236.0,97578.0,True,8,20,242
2007-08-30 21:00:00,23.98,90.75,0.0,-0.0,0.0,413.05,1.45,229.0,97675.0,True,8,21,242
2007-08-30 22:00:00,23.67,90.5,0.0,-0.0,0.0,404.05,1.38,236.0,97685.0,True,8,22,242
2007-08-30 23:00:00,23.49,91.75,0.0,-0.0,0.0,407.25,1.17,252.0,97713.0,True,8,23,242
2007-08-31 00:00:00,23.22,93.1,0.0,-0.0,0.0,404.65,1.1,254.0,97685.0,True,8,0,243
2007-08-31 01:00:00,23.05,93.35,0.0,-0.0,0.0,403.85,1.24,245.0,97607.0,True,8,1,243
2007-08-31 02:00:00,22.83,94.1,0.0,-0.0,0.0,400.45,1.24,233.0,97559.0,True,8,2,243
2007-08-31 03:00:00,22.42,95.85,0.0,-0.0,0.0,394.45,1.03,236.0,97521.0,True,8,3,243
2007-08-31 04:00:00,21.99,96.9,0.0,-0.0,0.0,388.8,1.1,233.0,97501.0,True,8,4,243
2007-08-31 05:00:00,21.87,96.55,0.0,-0.0,0.0,385.8,1.52,241.0,97559.0,True,8,5,243
2007-08-31 06:00:00,21.79,96.45,0.0,0.0,0.0,385.0,1.45,247.0,97569.0,True,8,6,243
2007-08-31 07:00:00,22.95,93.75,216.0,428.0,93.0,385.8,1.17,242.0,97598.0,True,8,7,243
2007-08-31 08:00:00,24.8,86.15,393.0,361.73,205.0,390.8,1.17,244.0,97704.0,True,8,8,243
2007-08-31 09:00:00,26.25,78.75,628.0,545.31,236.0,404.65,1.66,246.0,97742.0,True,8,9,243
2007-08-31 10:00:00,27.48,74.85,853.0,770.19,182.0,412.25,1.79,240.0,97723.0,True,8,10,243
2007-08-31 11:00:00,28.63,72.0,753.0,324.91,439.0,416.05,1.86,244.0,97646.0,True,8,11,243
2007-08-31 12:00:00,29.16,69.55,772.0,312.64,460.0,434.65,1.72,258.0,97588.0,True,8,12,243
2007-08-31 13:00:00,29.39,64.5,496.0,50.84,447.0,430.65,1.52,267.0,97492.0,True,8,13,243
2007-08-31 14:00:00,27.96,71.15,156.0,0.0,156.0,437.45,2.28,253.0,97434.0,True,8,14,243
2007-08-31 15:00:00,26.93,76.15,283.0,14.05,273.0,426.85,2.55,244.0,97318.0,True,8,15,243
2007-08-31 16:00:00,26.18,80.54,454.0,626.57,134.0,421.19,1.37,274.0,97299.0,True,8,16,243
2007-08-31 17:00:00,25.95,81.37,200.0,356.96,101.0,419.18,1.35,347.0,97183.0,True,8,17,243
2007-08-31 18:00:00,25.73,82.19,0.0,0.0,0.0,417.16,1.33,37.0,97279.0,True,8,18,243
2007-08-31 19:00:00,25.5,83.02,0.0,-0.0,0.0,415.15,1.3,205.0,97434.0,True,8,19,243
2007-08-31 20:00:00,25.28,83.84,0.0,-0.0,0.0,413.14,1.28,212.0,97511.0,True,8,20,243
2007-08-31 21:00:00,25.06,84.67,0.0,-0.0,0.0,411.12,1.26,209.0,97627.0,True,8,21,243
2007-08-31 22:00:00,24.83,85.49,0.0,-0.0,0.0,409.11,1.24,206.0,97598.0,True,8,22,243
2007-08-31 23:00:00,24.61,86.32,0.0,-0.0,0.0,407.09,1.21,206.0,97617.0,True,8,23,243
2008-09-01 00:00:00,24.38,87.14,0.0,-0.0,0.0,405.08,1.19,72.0,97453.0,True,9,0,245
2008-09-01 01:00:00,24.16,87.97,0.0,-0.0,0.0,403.07,1.17,177.0,97434.0,True,9,1,245
2008-09-01 02:00:00,23.93,88.79,0.0,-0.0,0.0,401.05,1.15,228.0,97376.0,True,9,2,245
2008-09-01 03:00:00,23.71,89.61,0.0,-0.0,0.0,399.04,1.12,271.0,97376.0,True,9,3,245
2008-09-01 04:00:00,23.49,90.44,0.0,-0.0,0.0,397.03,1.1,229.0,97376.0,True,9,4,245
2008-09-01 05:00:00,23.26,91.26,0.0,-0.0,0.0,395.01,1.08,228.0,97414.0,True,9,5,245
2008-09-01 06:00:00,23.04,92.09,0.0,0.0,0.0,393.0,1.06,252.0,97414.0,True,9,6,245
2008-09-01 07:00:00,22.81,92.91,202.0,336.92,105.0,390.98,1.03,271.0,97424.0,True,9,7,245
2008-09-01 08:00:00,26.23,82.65,447.0,564.97,153.0,397.45,1.24,282.0,97492.0,True,9,8,245
2008-09-01 09:00:00,28.3,72.9,676.0,697.77,174.0,405.65,1.59,293.0,97530.0,True,9,9,245
2008-09-01 10:00:00,29.88,64.85,853.0,763.06,188.0,416.25,1.79,292.0,97530.0,True,9,10,245
2008-09-01 11:00:00,30.99,60.0,982.0,843.53,167.0,431.05,1.45,291.0,97472.0,True,9,11,245
2008-09-01 12:00:00,31.44,58.6,1021.0,855.52,168.0,434.05,0.34,325.0,97434.0,True,9,12,245
2008-09-01 13:00:00,31.71,58.85,974.0,828.46,177.0,435.25,0.55,86.0,97395.0,True,9,13,245
2008-09-01 14:00:00,31.91,59.35,847.0,763.21,188.0,436.65,0.76,85.0,97328.0,True,9,14,245
2008-09-01 15:00:00,31.86,59.8,667.0,697.66,173.0,442.25,0.83,53.0,97231.0,True,9,15,245
2008-09-01 16:00:00,31.69,59.85,438.0,564.68,152.0,434.25,1.03,28.0,97183.0,True,9,16,245
2008-09-01 17:00:00,31.21,60.25,170.0,209.26,113.0,429.85,0.76,52.0,97115.0,True,9,17,245
2008-09-01 18:00:00,29.94,66.45,0.0,0.0,0.0,427.05,0.83,97.0,97164.0,True,9,18,245
2008-09-01 19:00:00,27.26,73.85,0.0,-0.0,0.0,422.65,1.45,96.0,97328.0,True,9,19,245
2008-09-01 20:00:00,25.1,86.1,0.0,-0.0,0.0,413.25,2.0,132.0,97414.0,True,9,20,245
2008-09-01 21:00:00,24.12,91.75,0.0,-0.0,0.0,410.65,2.34,179.0,97511.0,True,9,21,245
2008-09-01 22:00:00,23.69,92.95,0.0,-0.0,0.0,411.05,1.93,196.0,97569.0,True,9,22,245
2008-09-01 23:00:00,23.45,92.9,0.0,-0.0,0.0,404.65,1.59,217.0,97521.0,True,9,23,245
2008-09-02 00:00:00,23.23,93.8,0.0,-0.0,0.0,397.45,1.52,221.0,97443.0,True,9,0,246
2008-09-02 01:00:00,22.96,94.75,0.0,-0.0,0.0,392.45,1.38,209.0,97405.0,True,9,1,246
2008-09-02 02:00:00,22.78,95.2,0.0,-0.0,0.0,393.25,1.38,205.0,97395.0,True,9,2,246
2008-09-02 03:00:00,22.6,95.5,0.0,-0.0,0.0,390.0,1.24,210.0,97366.0,True,9,3,246
2008-09-02 04:00:00,22.44,95.6,0.0,-0.0,0.0,389.4,1.17,195.0,97395.0,True,9,4,246
2008-09-02 05:00:00,22.34,95.55,0.0,-0.0,0.0,389.65,1.38,175.0,97405.0,True,9,5,246
2008-09-02 06:00:00,22.28,95.45,0.0,0.0,0.0,389.2,1.59,170.0,97453.0,True,9,6,246
2008-09-02 07:00:00,23.4,92.4,31.0,0.0,31.0,394.45,3.24,169.0,97511.0,True,9,7,246
2008-09-02 08:00:00,24.66,86.35,52.0,0.0,52.0,413.65,2.97,162.0,97569.0,True,9,8,246
2008-09-02 09:00:00,26.15,79.7,133.0,0.0,133.0,428.65,2.97,148.0,97617.0,True,9,9,246
2008-09-02 10:00:00,26.8,78.4,459.0,60.81,406.0,440.05,2.55,146.0,97646.0,True,9,10,246
2008-09-02 11:00:00,27.76,76.25,951.0,754.65,222.0,429.05,2.34,153.0,97588.0,True,9,11,246
2008-09-02 12:00:00,28.19,75.8,1026.0,872.02,157.0,428.85,1.93,162.0,97559.0,True,9,12,246
2008-09-02 13:00:00,29.18,68.4,968.0,813.65,186.0,434.25,1.86,151.0,97472.0,True,9,13,246
2008-09-02 14:00:00,27.75,71.95,740.0,475.58,330.0,430.05,2.9,140.0,97385.0,True,9,14,246
2008-09-02 15:00:00,27.13,75.2,608.0,506.87,250.0,423.05,1.86,167.0,97279.0,True,9,15,246
2008-09-02 16:00:00,26.79,76.3,421.0,501.7,168.0,425.05,1.66,187.0,97241.0,True,9,16,246
2008-09-02 17:00:00,26.59,77.4,160.0,177.87,112.0,419.85,1.52,192.0,97231.0,True,9,17,246
2008-09-02 18:00:00,26.36,77.85,0.0,0.0,0.0,417.05,0.76,193.0,97299.0,True,9,18,246
2008-09-02 19:00:00,25.82,82.95,0.0,-0.0,0.0,416.25,0.69,259.0,97405.0,True,9,19,246
2008-09-02 20:00:00,25.04,89.9,0.0,-0.0,0.0,417.45,0.55,337.0,97492.0,True,9,20,246
2008-09-02 21:00:00,24.34,89.95,0.0,-0.0,0.0,404.85,1.17,76.0,97598.0,True,9,21,246
2008-09-02 22:00:00,23.67,92.85,0.0,-0.0,0.0,400.85,1.17,86.0,97646.0,True,9,22,246
2008-09-02 23:00:00,23.44,92.55,0.0,-0.0,0.0,403.05,1.59,89.0,97646.0,True,9,23,246
2008-09-03 00:00:00,23.15,92.35,0.0,-0.0,0.0,394.4,2.07,89.0,97617.0,True,9,0,247
2008-09-03 01:00:00,23.01,92.55,0.0,-0.0,0.0,401.85,2.34,93.0,97598.0,True,9,1,247
2008-09-03 02:00:00,22.77,93.65,0.0,-0.0,0.0,398.85,2.14,113.0,97578.0,True,9,2,247
2008-09-03 03:00:00,22.56,94.85,0.0,-0.0,0.0,399.05,1.72,137.0,97549.0,True,9,3,247
2008-09-03 04:00:00,22.36,95.85,0.0,-0.0,0.0,395.25,1.52,156.0,97559.0,True,9,4,247
2008-09-03 05:00:00,22.32,96.2,0.0,-0.0,0.0,405.45,1.38,169.0,97588.0,True,9,5,247
2008-09-03 06:00:00,22.38,95.85,0.0,0.0,0.0,416.25,1.38,187.0,97636.0,True,9,6,247
2008-09-03 07:00:00,22.71,94.55,217.0,429.9,93.0,425.05,2.76,188.0,97656.0,True,9,7,247
2008-09-03 08:00:00,23.34,89.6,468.0,656.41,126.0,420.25,3.52,196.0,97694.0,True,9,8,247
2008-09-03 09:00:00,24.55,82.7,614.0,497.26,256.0,422.85,3.17,203.0,97762.0,True,9,9,247
2008-09-03 10:00:00,25.93,76.05,803.0,616.08,266.0,431.05,3.17,209.0,97733.0,True,9,10,247
2008-09-03 11:00:00,27.41,69.3,920.0,670.95,272.0,433.65,3.03,212.0,97742.0,True,9,11,247
2008-09-03 12:00:00,28.54,63.95,944.0,653.63,293.0,436.65,2.69,213.0,97733.0,True,9,12,247
2008-09-03 13:00:00,29.37,60.2,873.0,568.68,327.0,441.45,2.41,211.0,97646.0,True,9,13,247
2008-09-03 14:00:00,29.95,57.35,702.0,395.03,362.0,435.05,2.41,210.0,97588.0,True,9,14,247
2008-09-03 15:00:00,30.31,55.75,520.0,286.75,318.0,428.85,2.48,211.0,97521.0,True,9,15,247
2008-09-03 16:00:00,30.21,55.6,353.0,266.91,219.0,432.25,2.41,214.0,97492.0,True,9,16,247
2008-09-03 17:00:00,29.53,58.9,155.0,160.88,112.0,425.05,2.07,227.0,97463.0,True,9,17,247
2008-09-03 18:00:00,28.44,65.35,0.0,0.0,0.0,427.05,1.93,240.0,97434.0,True,9,18,247
2008-09-03 19:00:00,26.96,70.75,0.0,-0.0,0.0,415.05,2.14,258.0,97443.0,True,9,19,247
2008-09-03 20:00:00,26.17,74.15,0.0,-0.0,0.0,406.85,2.0,263.0,97482.0,True,9,20,247
2008-09-03 21:00:00,25.5,77.2,0.0,-0.0,0.0,397.25,1.93,268.0,97569.0,True,9,21,247
2008-09-03 22:00:00,24.96,79.5,0.0,-0.0,0.0,392.25,2.14,267.0,97540.0,True,9,22,247
2008-09-03 23:00:00,24.55,81.15,0.0,-0.0,0.0,391.0,2.28,266.0,97578.0,True,9,23,247
2008-09-04 00:00:00,24.26,82.45,0.0,-0.0,0.0,394.65,2.14,273.0,97492.0,True,9,0,248
2008-09-04 01:00:00,23.9,84.3,0.0,-0.0,0.0,389.05,2.07,273.0,97434.0,True,9,1,248
2008-09-04 02:00:00,23.57,86.1,0.0,-0.0,0.0,387.6,1.79,274.0,97501.0,True,9,2,248
2008-09-04 03:00:00,23.31,87.5,0.0,-0.0,0.0,387.8,1.86,269.0,97492.0,True,9,3,248
2008-09-04 04:00:00,23.09,88.6,0.0,-0.0,0.0,387.4,2.07,259.0,97463.0,True,9,4,248
2008-09-04 05:00:00,22.91,89.35,0.0,-0.0,0.0,386.2,2.21,251.0,97424.0,True,9,5,248
2008-09-04 06:00:00,22.77,90.0,0.0,0.0,0.0,386.0,2.34,252.0,97453.0,True,9,6,248
2008-09-04 07:00:00,23.6,89.85,28.0,0.0,28.0,385.4,2.07,269.0,97463.0,True,9,7,248
2008-09-04 08:00:00,25.39,83.25,274.0,80.56,232.0,392.4,2.28,277.0,97530.0,True,9,8,248
2008-09-04 09:00:00,27.13,76.85,497.0,223.56,336.0,404.45,2.14,276.0,97627.0,True,9,9,248
2008-09-04 10:00:00,28.67,70.95,636.0,258.12,411.0,412.85,2.21,277.0,97665.0,True,9,10,248
2008-09-04 11:00:00,30.08,65.7,546.0,81.82,467.0,418.05,2.07,275.0,97656.0,True,9,11,248
2008-09-04 12:00:00,30.65,64.1,1026.0,873.05,157.0,428.25,1.31,257.0,97569.0,True,9,12,248
2008-09-04 13:00:00,30.8,64.75,951.0,769.47,213.0,433.25,1.38,231.0,97511.0,True,9,13,248
2008-09-04 14:00:00,29.11,70.95,724.0,444.58,342.0,434.85,1.24,198.0,97453.0,True,9,14,248
2008-09-04 15:00:00,27.27,77.0,507.0,263.32,322.0,436.05,1.66,204.0,97414.0,True,9,15,248
2008-09-04 16:00:00,26.79,78.7,360.0,294.14,213.0,422.45,2.0,247.0,97453.0,True,9,16,248
2008-09-04 17:00:00,26.72,77.8,143.0,120.91,111.0,418.65,2.21,278.0,97472.0,True,9,17,248
2008-09-04 18:00:00,26.14,79.55,0.0,0.0,0.0,414.85,2.21,284.0,97492.0,True,9,18,248
2008-09-04 19:00:00,26.59,76.35,0.0,-0.0,0.0,422.65,1.52,275.0,97530.0,True,9,19,248
2008-09-04 20:00:00,26.13,78.5,0.0,-0.0,0.0,427.45,1.38,264.0,97540.0,True,9,20,248
2008-09-04 21:00:00,25.64,81.8,0.0,-0.0,0.0,418.05,1.1,251.0,97607.0,True,9,21,248
2008-09-04 22:00:00,25.31,82.85,0.0,-0.0,0.0,413.65,1.24,230.0,97588.0,True,9,22,248
2008-09-04 23:00:00,25.09,83.35,0.0,-0.0,0.0,413.85,1.31,244.0,97540.0,True,9,23,248
2008-09-05 00:00:00,24.87,84.25,0.0,-0.0,0.0,412.05,1.52,244.0,97530.0,True,9,0,249
2008-09-05 01:00:00,24.57,85.55,0.0,-0.0,0.0,406.45,1.66,221.0,97492.0,True,9,1,249
2008-09-05 02:00:00,24.4,86.75,0.0,-0.0,0.0,409.85,1.86,199.0,97511.0,True,9,2,249
2008-09-05 03:00:00,24.23,87.95,0.0,-0.0,0.0,410.65,2.07,188.0,97530.0,True,9,3,249
2008-09-05 04:00:00,24.1,88.75,0.0,-0.0,0.0,415.25,2.14,184.0,97569.0,True,9,4,249
2008-09-05 05:00:00,23.86,89.95,0.0,-0.0,0.0,411.85,2.14,178.0,97598.0,True,9,5,249
2008-09-05 06:00:00,23.56,91.5,0.0,0.0,0.0,406.45,2.0,169.0,97617.0,True,9,6,249
2008-09-05 07:00:00,23.65,87.9,150.0,107.27,119.0,400.05,2.34,162.0,97704.0,True,9,7,249
2008-09-05 08:00:00,24.74,81.7,212.0,21.09,201.0,398.85,2.69,166.0,97762.0,True,9,8,249
2008-09-05 09:00:00,26.2,76.3,509.0,242.93,334.0,400.85,2.9,166.0,97829.0,True,9,9,249
2008-09-05 10:00:00,28.07,68.1,855.0,765.19,188.0,407.25,3.45,165.0,97791.0,True,9,10,249
2008-09-05 11:00:00,29.37,65.1,973.0,815.33,186.0,417.25,2.76,168.0,97781.0,True,9,11,249
2008-09-05 12:00:00,29.86,65.25,1025.0,872.62,157.0,435.65,2.28,170.0,97665.0,True,9,12,249
2008-09-05 13:00:00,30.08,65.8,961.0,799.56,195.0,432.85,2.28,166.0,97598.0,True,9,13,249
2008-09-05 14:00:00,30.11,66.5,838.0,749.66,195.0,428.25,2.41,160.0,97482.0,True,9,14,249
2008-09-05 15:00:00,29.86,67.5,646.0,645.14,194.0,432.25,2.48,158.0,97434.0,True,9,15,249
2008-09-05 16:00:00,29.48,68.2,432.0,572.95,147.0,431.45,2.28,159.0,97395.0,True,9,16,249
2008-09-05 17:00:00,28.91,68.75,166.0,225.19,107.0,423.25,2.14,151.0,97366.0,True,9,17,249
2008-09-05 18:00:00,28.23,72.1,0.0,0.0,0.0,413.25,1.66,180.0,97376.0,True,9,18,249
2008-09-05 19:00:00,27.9,69.65,0.0,-0.0,0.0,411.05,1.93,165.0,97482.0,True,9,19,249
2008-09-05 20:00:00,26.98,73.55,0.0,-0.0,0.0,407.05,1.93,168.0,97607.0,True,9,20,249
2008-09-05 21:00:00,26.28,76.75,0.0,-0.0,0.0,405.65,1.86,171.0,97704.0,True,9,21,249
2008-09-05 22:00:00,25.69,79.4,0.0,-0.0,0.0,402.45,2.0,170.0,97694.0,True,9,22,249
2008-09-05 23:00:00,25.17,81.9,0.0,-0.0,0.0,399.25,2.0,169.0,97781.0,True,9,23,249
2008-09-06 00:00:00,24.69,84.4,0.0,-0.0,0.0,397.85,1.93,173.0,97762.0,True,9,0,250
2008-09-06 01:00:00,24.22,86.85,0.0,-0.0,0.0,394.45,1.79,177.0,97771.0,True,9,1,250
2008-09-06 02:00:00,23.82,89.0,0.0,-0.0,0.0,393.65,1.72,183.0,97723.0,True,9,2,250
2008-09-06 03:00:00,23.47,90.8,0.0,-0.0,0.0,391.05,1.66,189.0,97685.0,True,9,3,250
2008-09-06 04:00:00,23.23,91.95,0.0,-0.0,0.0,392.05,1.45,188.0,97713.0,True,9,4,250
2008-09-06 05:00:00,22.97,93.15,0.0,-0.0,0.0,390.0,1.31,182.0,97742.0,True,9,5,250
2008-09-06 06:00:00,22.88,93.5,0.0,0.0,0.0,395.85,1.24,181.0,97733.0,True,9,6,250
2008-09-06 07:00:00,24.05,88.8,189.0,255.84,115.0,397.45,1.31,164.0,97762.0,True,9,7,250
2008-09-06 08:00:00,25.47,82.6,445.0,546.09,160.0,407.25,1.79,165.0,97839.0,True,9,8,250
2008-09-06 09:00:00,26.95,75.95,664.0,649.51,196.0,406.25,2.21,170.0,97906.0,True,9,9,250
2008-09-06 10:00:00,28.32,69.95,842.0,722.77,212.0,410.85,2.28,174.0,97906.0,True,9,10,250
2008-09-06 11:00:00,29.51,65.0,967.0,800.07,195.0,420.65,2.07,174.0,97868.0,True,9,11,250
2008-09-06 12:00:00,30.15,62.2,867.0,482.9,387.0,427.05,1.72,178.0,97781.0,True,9,12,250
2008-09-06 13:00:00,31.14,57.75,902.0,644.79,285.0,431.25,1.31,163.0,97704.0,True,9,13,250
2008-09-06 14:00:00,31.64,55.85,832.0,734.68,203.0,429.25,1.1,136.0,97598.0,True,9,14,250
2008-09-06 15:00:00,31.61,55.25,655.0,682.77,178.0,433.85,1.17,126.0,97530.0,True,9,15,250
2008-09-06 16:00:00,31.43,55.35,432.0,581.75,144.0,424.25,1.17,129.0,97482.0,True,9,16,250
2008-09-06 17:00:00,31.07,56.2,158.0,192.82,108.0,419.85,1.03,130.0,97443.0,True,9,17,250
2008-09-06 18:00:00,30.18,63.2,0.0,0.0,0.0,426.65,0.76,148.0,97453.0,True,9,18,250
2008-09-06 19:00:00,28.72,68.35,0.0,-0.0,0.0,409.45,1.45,201.0,97501.0,True,9,19,250
2008-09-06 20:00:00,27.51,72.4,0.0,-0.0,0.0,407.85,1.66,210.0,97588.0,True,9,20,250
2008-09-06 21:00:00,26.71,74.6,0.0,-0.0,0.0,404.45,1.93,216.0,97646.0,True,9,21,250
2008-09-06 22:00:00,26.04,77.5,0.0,-0.0,0.0,402.45,2.0,221.0,97665.0,True,9,22,250
2008-09-06 23:00:00,25.42,80.75,0.0,-0.0,0.0,398.85,1.93,228.0,97627.0,True,9,23,250
2008-09-07 00:00:00,24.92,83.6,0.0,-0.0,0.0,397.05,1.93,235.0,97607.0,True,9,0,251
2008-09-07 01:00:00,24.49,86.05,0.0,-0.0,0.0,394.45,1.86,244.0,97559.0,True,9,1,251
2008-09-07 02:00:00,24.15,87.85,0.0,-0.0,0.0,393.05,1.93,249.0,97540.0,True,9,2,251
2008-09-07 03:00:00,23.91,89.05,0.0,-0.0,0.0,392.05,2.0,251.0,97501.0,True,9,3,251
2008-09-07 04:00:00,23.69,89.95,0.0,-0.0,0.0,391.25,1.93,252.0,97530.0,True,9,4,251
2008-09-07 05:00:00,23.46,90.9,0.0,-0.0,0.0,389.0,1.86,252.0,97549.0,True,9,5,251
2008-09-07 06:00:00,23.33,91.4,0.0,0.0,0.0,392.8,2.0,245.0,97588.0,True,9,6,251
2008-09-07 07:00:00,24.36,87.65,206.0,352.31,104.0,389.8,1.86,245.0,97617.0,True,9,7,251
2008-09-07 08:00:00,26.1,81.0,451.0,568.79,154.0,394.45,2.07,247.0,97675.0,True,9,8,251
2008-09-07 09:00:00,27.94,73.9,672.0,674.35,186.0,402.45,2.14,249.0,97704.0,True,9,9,251
2008-09-07 10:00:00,29.52,67.9,851.0,751.51,196.0,411.45,2.21,254.0,97713.0,True,9,10,251
2008-09-07 11:00:00,30.84,63.8,973.0,815.93,186.0,417.65,2.0,262.0,97646.0,True,9,11,251
2008-09-07 12:00:00,31.64,61.55,1003.0,811.48,197.0,424.65,1.59,270.0,97559.0,True,9,12,251
2008-09-07 13:00:00,32.19,60.8,933.0,726.15,239.0,429.65,1.38,277.0,97472.0,True,9,13,251
2008-09-07 14:00:00,31.97,62.05,840.0,762.98,188.0,436.25,1.17,287.0,97395.0,True,9,14,251
2008-09-07 15:00:00,30.73,66.85,639.0,631.65,199.0,439.45,0.97,283.0,97328.0,True,9,15,251
2008-09-07 16:00:00,30.83,66.05,434.0,602.87,137.0,436.25,1.31,273.0,97299.0,True,9,16,251
2008-09-07 17:00:00,30.59,66.8,161.0,218.25,105.0,438.25,1.52,270.0,97231.0,True,9,17,251
2008-09-07 18:00:00,29.81,70.55,0.0,0.0,0.0,426.85,1.52,251.0,97202.0,True,9,18,251
2008-09-07 19:00:00,28.96,69.05,0.0,-0.0,0.0,426.85,2.0,236.0,97308.0,True,9,19,251
2008-09-07 20:00:00,27.88,73.8,0.0,-0.0,0.0,414.25,1.79,238.0,97385.0,True,9,20,251
2008-09-07 21:00:00,27.19,77.6,0.0,-0.0,0.0,415.85,1.59,223.0,97521.0,True,9,21,251
2008-09-07 22:00:00,26.73,80.05,0.0,-0.0,0.0,417.45,1.93,223.0,97501.0,True,9,22,251
2008-09-07 23:00:00,26.19,82.75,0.0,-0.0,0.0,408.05,2.07,237.0,97453.0,True,9,23,251
2008-09-08 00:00:00,25.84,84.75,0.0,-0.0,0.0,406.05,2.14,250.0,97424.0,True,9,0,252
2008-09-08 01:00:00,25.62,86.2,0.0,-0.0,0.0,410.65,2.21,258.0,97424.0,True,9,1,252
2008-09-08 02:00:00,25.33,87.8,0.0,-0.0,0.0,404.05,2.34,257.0,97395.0,True,9,2,252
2008-09-08 03:00:00,25.13,88.8,0.0,-0.0,0.0,402.85,2.48,256.0,97337.0,True,9,3,252
2008-09-08 04:00:00,24.96,89.65,0.0,-0.0,0.0,400.05,2.48,261.0,97357.0,True,9,4,252
2008-09-08 05:00:00,24.76,90.65,0.0,-0.0,0.0,402.05,2.21,257.0,97385.0,True,9,5,252
2008-09-08 06:00:00,24.49,91.85,0.0,0.0,0.0,401.65,2.21,235.0,97414.0,True,9,6,252
2008-09-08 07:00:00,25.34,89.3,186.0,241.56,116.0,399.45,2.55,227.0,97453.0,True,9,7,252
2008-09-08 08:00:00,26.75,82.85,409.0,401.98,199.0,400.65,3.17,231.0,97492.0,True,9,8,252
2008-09-08 09:00:00,28.37,76.3,521.0,264.98,330.0,406.65,3.38,231.0,97559.0,True,9,9,252
2008-09-08 10:00:00,30.09,68.5,824.0,670.12,240.0,414.25,3.79,232.0,97569.0,True,9,10,252
2008-09-08 11:00:00,30.72,66.8,88.0,0.0,88.0,429.25,3.03,228.0,97549.0,True,9,11,252
2008-09-08 12:00:00,31.05,66.45,91.0,0.0,91.0,437.45,2.69,225.0,97540.0,True,9,12,252
2008-09-08 13:00:00,31.25,66.15,87.0,0.0,87.0,432.65,2.69,228.0,97434.0,True,9,13,252
2008-09-08 14:00:00,31.4,65.1,76.0,0.0,76.0,435.25,2.9,229.0,97385.0,True,9,14,252
2008-09-08 15:00:00,31.25,64.9,59.0,0.0,59.0,433.65,2.83,236.0,97337.0,True,9,15,252
2008-09-08 16:00:00,30.46,68.2,64.0,0.0,64.0,433.05,2.83,233.0,97279.0,True,9,16,252
2008-09-08 17:00:00,29.72,70.95,59.0,0.0,59.0,425.65,2.28,226.0,97385.0,True,9,17,252
2008-09-08 18:00:00,28.98,74.1,0.0,0.0,0.0,432.45,1.93,196.0,97492.0,True,9,18,252
2008-09-08 19:00:00,24.54,89.45,0.0,-0.0,0.0,427.45,0.83,129.0,97665.0,True,9,19,252
2008-09-08 20:00:00,24.6,89.2,0.0,-0.0,0.0,422.65,0.34,286.0,97675.0,True,9,20,252
2008-09-08 21:00:00,24.67,88.35,0.0,-0.0,0.0,408.25,0.69,75.0,97781.0,True,9,21,252
2008-09-08 22:00:00,24.41,91.9,0.0,-0.0,0.0,409.45,0.34,98.0,97800.0,True,9,22,252
2008-09-08 23:00:00,24.17,92.9,0.0,-0.0,0.0,405.25,0.69,263.0,97733.0,True,9,23,252
2008-09-09 00:00:00,24.05,92.65,0.0,-0.0,0.0,405.45,1.38,212.0,97665.0,True,9,0,253
2008-09-09 01:00:00,23.89,93.5,0.0,-0.0,0.0,407.25,1.79,199.0,97607.0,True,9,1,253
2008-09-09 02:00:00,23.71,94.0,0.0,-0.0,0.0,399.65,2.0,200.0,97578.0,True,9,2,253
2008-09-09 03:00:00,23.66,93.7,0.0,-0.0,0.0,401.05,1.93,207.0,97569.0,True,9,3,253
2008-09-09 04:00:00,23.7,93.0,0.0,-0.0,0.0,404.85,1.52,226.0,97617.0,True,9,4,253
2008-09-09 05:00:00,23.62,92.95,0.0,-0.0,0.0,401.65,1.17,265.0,97636.0,True,9,5,253
2008-09-09 06:00:00,23.59,93.25,0.0,0.0,0.0,404.45,1.17,277.0,97694.0,True,9,6,253
2008-09-09 07:00:00,23.9,91.9,81.0,3.45,80.0,413.65,1.24,243.0,97723.0,True,9,7,253
2008-09-09 08:00:00,25.34,86.05,199.0,13.39,192.0,405.85,1.66,241.0,97781.0,True,9,8,253
2008-09-09 09:00:00,27.13,78.9,466.0,169.23,344.0,402.25,1.79,239.0,97810.0,True,9,9,253
2008-09-09 10:00:00,28.81,71.4,866.0,795.33,173.0,408.85,1.86,238.0,97839.0,True,9,10,253
2008-09-09 11:00:00,29.67,67.15,989.0,862.34,158.0,423.25,1.66,240.0,97771.0,True,9,11,253
2008-09-09 12:00:00,30.34,64.45,1024.0,874.36,157.0,423.85,1.24,233.0,97733.0,True,9,12,253
2008-09-09 13:00:00,30.73,64.7,941.0,755.34,221.0,434.05,0.97,227.0,97675.0,True,9,13,253
2008-09-09 14:00:00,30.88,65.55,259.0,0.0,259.0,432.85,0.83,229.0,97617.0,True,9,14,253
2008-09-09 15:00:00,30.85,66.15,610.0,548.83,230.0,429.25,0.69,231.0,97569.0,True,9,15,253
2008-09-09 16:00:00,30.54,67.05,390.0,428.55,181.0,438.85,0.55,230.0,97530.0,True,9,16,253
2008-09-09 17:00:00,28.36,73.65,111.0,51.78,98.0,441.05,0.48,78.0,97472.0,True,9,17,253
2008-09-09 18:00:00,27.99,75.0,0.0,-0.0,0.0,423.45,0.21,6.0,97540.0,True,9,18,253
2008-09-09 19:00:00,28.07,71.65,0.0,-0.0,0.0,422.25,1.1,224.0,97617.0,True,9,19,253
2008-09-09 20:00:00,27.32,74.6,0.0,-0.0,0.0,417.05,1.79,232.0,97685.0,True,9,20,253
2008-09-09 21:00:00,26.79,77.8,0.0,-0.0,0.0,419.65,1.93,236.0,97752.0,True,9,21,253
2008-09-09 22:00:00,26.15,81.5,0.0,-0.0,0.0,410.05,1.86,239.0,97742.0,True,9,22,253
2008-09-09 23:00:00,25.54,84.75,0.0,-0.0,0.0,406.25,1.79,247.0,97762.0,True,9,23,253
2008-09-10 00:00:00,25.04,87.3,0.0,-0.0,0.0,402.65,1.66,249.0,97733.0,True,9,0,254
2008-09-10 01:00:00,24.67,89.25,0.0,-0.0,0.0,402.45,1.59,246.0,97713.0,True,9,1,254
2008-09-10 02:00:00,24.46,90.0,0.0,-0.0,0.0,408.45,1.45,240.0,97665.0,True,9,2,254
2008-09-10 03:00:00,24.27,90.4,0.0,-0.0,0.0,407.45,1.45,233.0,97627.0,True,9,3,254
2008-09-10 04:00:00,24.11,90.55,0.0,-0.0,0.0,407.05,1.59,226.0,97656.0,True,9,4,254
2008-09-10 05:00:00,23.85,90.95,0.0,-0.0,0.0,399.05,1.72,223.0,97675.0,True,9,5,254
2008-09-10 06:00:00,23.59,91.5,0.0,0.0,0.0,392.4,1.66,222.0,97713.0,True,9,6,254
2008-09-10 07:00:00,24.46,87.95,199.0,306.6,110.0,403.65,1.66,224.0,97752.0,True,9,7,254
2008-09-10 08:00:00,25.86,82.55,246.0,47.81,221.0,410.65,1.79,237.0,97829.0,True,9,8,254
2008-09-10 09:00:00,27.47,77.5,62.0,0.0,62.0,411.05,1.93,250.0,97877.0,True,9,9,254
2008-09-10 10:00:00,28.76,72.0,77.0,0.0,77.0,422.85,2.48,254.0,97887.0,True,9,10,254
2008-09-10 11:00:00,29.54,69.8,657.0,186.89,477.0,425.05,2.21,253.0,97848.0,True,9,11,254
2008-09-10 12:00:00,29.79,69.3,1018.0,857.99,168.0,424.65,1.93,255.0,97733.0,True,9,12,254
2008-09-10 13:00:00,29.8,69.35,982.0,876.15,148.0,432.05,1.79,260.0,97627.0,True,9,13,254
2008-09-10 14:00:00,29.86,69.3,849.0,806.45,164.0,427.85,1.59,267.0,97540.0,True,9,14,254
2008-09-10 15:00:00,29.74,70.0,650.0,693.99,171.0,427.05,1.59,295.0,97482.0,True,9,15,254
2008-09-10 16:00:00,28.05,74.0,429.0,610.1,133.0,427.65,1.72,334.0,97463.0,True,9,16,254
2008-09-10 17:00:00,27.96,73.85,158.0,233.64,100.0,425.05,1.1,301.0,97405.0,True,9,17,254
2008-09-10 18:00:00,27.45,76.3,0.0,-0.0,0.0,425.45,1.24,220.0,97414.0,True,9,18,254
2008-09-10 19:00:00,27.59,75.05,0.0,-0.0,0.0,417.65,1.24,200.0,97501.0,True,9,19,254
2008-09-10 20:00:00,26.72,79.7,0.0,-0.0,0.0,416.65,1.38,196.0,97540.0,True,9,20,254
2008-09-10 21:00:00,26.19,82.35,0.0,-0.0,0.0,412.05,1.59,198.0,97694.0,True,9,21,254
2008-09-10 22:00:00,25.72,84.75,0.0,-0.0,0.0,408.45,1.86,197.0,97704.0,True,9,22,254
2008-09-10 23:00:00,25.31,86.95,0.0,-0.0,0.0,409.45,2.0,200.0,97675.0,True,9,23,254
2008-09-11 00:00:00,24.96,88.6,0.0,-0.0,0.0,411.65,1.79,204.0,97578.0,True,9,0,255
2008-09-11 01:00:00,24.47,90.9,0.0,-0.0,0.0,402.45,1.72,204.0,97521.0,True,9,1,255
2008-09-11 02:00:00,24.06,92.6,0.0,-0.0,0.0,401.25,1.72,199.0,97424.0,True,9,2,255
2008-09-11 03:00:00,23.69,93.95,0.0,-0.0,0.0,395.85,1.66,195.0,97414.0,True,9,3,255
2008-09-11 04:00:00,23.4,94.75,0.0,-0.0,0.0,394.8,1.72,190.0,97434.0,True,9,4,255
2008-09-11 05:00:00,23.11,95.3,0.0,-0.0,0.0,391.25,1.79,189.0,97443.0,True,9,5,255
2008-09-11 06:00:00,22.9,95.5,0.0,0.0,0.0,391.2,1.86,192.0,97492.0,True,9,6,255
2008-09-11 07:00:00,23.75,92.0,140.0,79.17,117.0,385.6,2.14,205.0,97578.0,True,9,7,255
2008-09-11 08:00:00,25.23,85.9,187.0,7.65,183.0,392.25,2.62,209.0,97627.0,True,9,8,255
2008-09-11 09:00:00,27.13,76.9,429.0,117.89,344.0,403.25,3.24,209.0,97704.0,True,9,9,255
2008-09-11 10:00:00,28.71,69.35,526.0,114.82,426.0,417.05,3.03,205.0,97665.0,True,9,10,255
2008-09-11 11:00:00,29.98,63.75,741.0,303.35,449.0,416.85,2.83,204.0,97617.0,True,9,11,255
2008-09-11 12:00:00,30.42,63.45,489.0,38.39,451.0,433.25,2.9,211.0,97569.0,True,9,12,255
2008-09-11 13:00:00,30.55,64.6,934.0,740.66,230.0,435.85,3.03,219.0,97472.0,True,9,13,255
2008-09-11 14:00:00,30.47,65.65,802.0,666.6,237.0,422.25,2.62,217.0,97405.0,True,9,14,255
2008-09-11 15:00:00,30.34,66.65,641.0,667.15,182.0,430.05,2.14,216.0,97337.0,True,9,15,255
2008-09-11 16:00:00,29.44,69.4,424.0,596.76,136.0,432.05,1.66,210.0,97289.0,True,9,16,255
2008-09-11 17:00:00,28.67,71.55,143.0,167.07,102.0,425.85,1.72,264.0,97299.0,True,9,17,255
2008-09-11 18:00:00,27.48,77.9,0.0,-0.0,0.0,423.05,1.45,251.0,97250.0,True,9,18,255
2008-09-11 19:00:00,27.25,71.75,0.0,-0.0,0.0,409.25,1.45,216.0,97405.0,True,9,19,255
2008-09-11 20:00:00,26.48,75.7,0.0,-0.0,0.0,403.45,1.66,212.0,97540.0,True,9,20,255
2008-09-11 21:00:00,25.92,78.8,0.0,-0.0,0.0,406.45,1.52,220.0,97617.0,True,9,21,255
2008-09-11 22:00:00,25.51,80.9,0.0,-0.0,0.0,404.25,1.79,214.0,97588.0,True,9,22,255
2008-09-11 23:00:00,25.23,82.7,0.0,-0.0,0.0,402.65,2.0,213.0,97569.0,True,9,23,255
2008-09-12 00:00:00,24.96,84.6,0.0,-0.0,0.0,400.25,2.14,215.0,97530.0,True,9,0,256
2008-09-12 01:00:00,24.62,86.8,0.0,-0.0,0.0,396.45,2.34,216.0,97472.0,True,9,1,256
2008-09-12 02:00:00,24.33,88.35,0.0,-0.0,0.0,397.25,2.28,218.0,97472.0,True,9,2,256
2008-09-12 03:00:00,24.08,89.35,0.0,-0.0,0.0,397.85,2.28,221.0,97453.0,True,9,3,256
2008-09-12 04:00:00,23.8,90.35,0.0,-0.0,0.0,394.8,2.21,220.0,97492.0,True,9,4,256
2008-09-12 05:00:00,23.53,91.35,0.0,-0.0,0.0,393.45,2.14,217.0,97540.0,True,9,5,256
2008-09-12 06:00:00,23.23,92.7,0.0,0.0,0.0,390.6,2.28,209.0,97578.0,True,9,6,256
2008-09-12 07:00:00,23.45,93.15,74.0,0.0,74.0,410.45,2.55,208.0,97636.0,True,9,7,256
2008-09-12 08:00:00,24.3,87.85,197.0,13.38,190.0,416.45,3.66,216.0,97694.0,True,9,8,256
2008-09-12 09:00:00,26.15,76.95,233.0,1.39,232.0,416.65,3.52,225.0,97733.0,True,9,9,256
2008-09-12 10:00:00,27.24,71.15,671.0,314.69,397.0,440.65,3.17,223.0,97810.0,True,9,10,256
2008-09-12 11:00:00,28.09,67.25,257.0,0.0,257.0,444.65,2.9,222.0,97771.0,True,9,11,256
2008-09-12 12:00:00,28.8,65.35,462.0,27.31,435.0,444.05,2.55,223.0,97704.0,True,9,12,256
2008-09-12 13:00:00,28.9,65.25,529.0,73.76,459.0,435.05,2.34,217.0,97617.0,True,9,13,256
2008-09-12 14:00:00,29.36,64.55,303.0,3.55,300.0,429.05,2.0,216.0,97492.0,True,9,14,256
2008-09-12 15:00:00,29.49,65.0,608.0,558.52,225.0,432.05,1.66,227.0,97414.0,True,9,15,256
2008-09-12 16:00:00,29.34,65.25,347.0,295.83,205.0,423.25,1.52,235.0,97385.0,True,9,16,256
2008-09-12 17:00:00,28.43,68.2,101.0,41.23,91.0,421.85,0.9,263.0,97366.0,True,9,17,256
2008-09-12 18:00:00,27.82,72.1,0.0,-0.0,0.0,422.65,1.59,184.0,97318.0,True,9,18,256
2008-09-12 19:00:00,27.04,72.2,0.0,-0.0,0.0,413.25,1.1,219.0,97357.0,True,9,19,256
2008-09-12 20:00:00,26.16,79.05,0.0,-0.0,0.0,410.85,1.03,199.0,97453.0,True,9,20,256
2008-09-12 21:00:00,25.34,86.05,0.0,-0.0,0.0,410.65,0.9,188.0,97540.0,True,9,21,256
2008-09-12 22:00:00,24.8,86.75,0.0,-0.0,0.0,406.25,1.1,191.0,97540.0,True,9,22,256
2008-09-12 23:00:00,24.58,86.2,0.0,-0.0,0.0,407.85,1.31,200.0,97472.0,True,9,23,256
2008-09-13 00:00:00,24.33,86.75,0.0,-0.0,0.0,402.05,1.59,222.0,97492.0,True,9,0,257
2008-09-13 01:00:00,24.07,88.0,0.0,-0.0,0.0,400.65,1.72,234.0,97443.0,True,9,1,257
2008-09-13 02:00:00,23.84,89.0,0.0,-0.0,0.0,404.05,1.72,232.0,97434.0,True,9,2,257
2008-09-13 03:00:00,23.32,91.35,0.0,-0.0,0.0,400.25,1.17,214.0,97463.0,True,9,3,257
2008-09-13 04:00:00,22.65,94.85,0.0,-0.0,0.0,404.05,1.1,166.0,97472.0,True,9,4,257
2008-09-13 05:00:00,22.12,96.65,0.0,-0.0,0.0,404.25,1.38,140.0,97492.0,True,9,5,257
2008-09-13 06:00:00,21.92,97.45,0.0,0.0,0.0,404.05,1.24,184.0,97511.0,True,9,6,257
2008-09-13 07:00:00,23.49,91.35,180.0,209.64,119.0,395.05,1.72,240.0,97559.0,True,9,7,257
2008-09-13 08:00:00,25.26,83.25,352.0,225.46,234.0,396.45,2.34,246.0,97598.0,True,9,8,257
2008-09-13 09:00:00,26.71,77.9,445.0,137.31,346.0,411.25,1.72,249.0,97713.0,True,9,9,257
2008-09-13 10:00:00,27.41,76.65,424.0,39.06,390.0,420.85,1.17,242.0,97694.0,True,9,10,257
2008-09-13 11:00:00,28.57,69.45,857.0,523.22,354.0,426.25,1.17,252.0,97646.0,True,9,11,257
2008-09-13 12:00:00,28.73,70.0,380.0,7.09,373.0,435.25,0.97,244.0,97588.0,True,9,12,257
2008-09-13 13:00:00,27.92,72.95,184.0,0.0,184.0,434.45,0.48,233.0,97463.0,True,9,13,257
2008-09-13 14:00:00,27.71,74.85,280.0,1.19,279.0,425.45,0.55,72.0,97395.0,True,9,14,257
2008-09-13 15:00:00,26.3,79.65,378.0,84.86,320.0,421.45,0.76,36.0,97299.0,True,9,15,257
2008-09-13 16:00:00,25.69,83.3,302.0,178.06,217.0,426.65,0.21,272.0,97366.0,True,9,16,257
2008-09-13 17:00:00,25.27,84.1,173.0,363.0,86.0,421.05,0.14,168.0,97376.0,True,9,17,257
2008-09-13 18:00:00,24.69,89.55,0.0,-0.0,0.0,415.05,0.76,169.0,97405.0,True,9,18,257
2008-09-13 19:00:00,24.39,88.95,0.0,-0.0,0.0,410.85,0.07,230.0,97521.0,True,9,19,257
2008-09-13 20:00:00,23.89,93.5,0.0,-0.0,0.0,408.25,0.62,315.0,97588.0,True,9,20,257
2008-09-13 21:00:00,23.5,94.9,0.0,-0.0,0.0,408.05,0.97,18.0,97636.0,True,9,21,257
2008-09-13 22:00:00,23.25,95.05,0.0,-0.0,0.0,407.85,0.83,32.0,97685.0,True,9,22,257
2008-09-13 23:00:00,23.02,96.3,0.0,-0.0,0.0,404.85,0.9,77.0,97685.0,True,9,23,257
2008-09-14 00:00:00,22.71,96.95,0.0,-0.0,0.0,403.05,0.62,77.0,97607.0,True,9,0,258
2008-09-14 01:00:00,22.47,98.45,0.0,-0.0,0.0,399.05,0.28,98.0,97530.0,True,9,1,258
2008-09-14 02:00:00,22.27,99.0,0.0,-0.0,0.0,398.25,0.69,137.0,97530.0,True,9,2,258
2008-09-14 03:00:00,22.16,99.4,0.0,-0.0,0.0,403.05,0.9,168.0,97492.0,True,9,3,258
2008-09-14 04:00:00,22.05,99.3,0.0,-0.0,0.0,407.05,0.69,192.0,97511.0,True,9,4,258
2008-09-14 05:00:00,22.0,99.1,0.0,-0.0,0.0,409.65,0.62,195.0,97549.0,True,9,5,258
2008-09-14 06:00:00,21.95,99.25,0.0,0.0,0.0,410.85,0.48,204.0,97559.0,True,9,6,258
2008-09-14 07:00:00,22.96,95.45,189.0,247.27,117.0,391.65,0.76,145.0,97636.0,True,9,7,258
2008-09-14 08:00:00,24.59,86.8,417.0,422.16,196.0,400.05,1.24,171.0,97685.0,True,9,8,258
2008-09-14 09:00:00,26.12,78.65,668.0,651.92,198.0,404.45,1.38,189.0,97742.0,True,9,9,258
2008-09-14 10:00:00,26.94,74.65,769.0,524.11,313.0,413.45,1.1,189.0,97733.0,True,9,10,258
2008-09-14 11:00:00,27.88,72.35,935.0,715.14,248.0,423.25,1.17,199.0,97713.0,True,9,11,258
2008-09-14 12:00:00,28.44,71.4,945.0,668.98,285.0,432.65,1.1,200.0,97656.0,True,9,12,258
2008-09-14 13:00:00,28.89,67.3,672.0,218.8,465.0,436.65,0.97,181.0,97578.0,True,9,13,258
2008-09-14 14:00:00,28.65,68.25,770.0,589.16,274.0,448.65,1.1,174.0,97530.0,True,9,14,258
2008-09-14 15:00:00,27.1,74.75,624.0,628.38,196.0,434.65,2.0,178.0,97443.0,True,9,15,258
2008-09-14 16:00:00,26.55,77.05,374.0,406.56,181.0,429.85,1.17,176.0,97385.0,True,9,16,258
2008-09-14 17:00:00,26.71,76.0,84.0,16.89,80.0,408.65,1.45,183.0,97424.0,True,9,17,258
2008-09-14 18:00:00,26.34,77.6,0.0,-0.0,0.0,409.45,0.97,206.0,97472.0,True,9,18,258
2008-09-14 19:00:00,26.26,76.8,0.0,-0.0,0.0,418.65,1.72,182.0,97569.0,True,9,19,258
2008-09-14 20:00:00,25.69,80.05,0.0,-0.0,0.0,415.25,1.86,180.0,97665.0,True,9,20,258
2008-09-14 21:00:00,25.23,83.05,0.0,-0.0,0.0,409.65,1.59,186.0,97810.0,True,9,21,258
2008-09-14 22:00:00,24.77,86.7,0.0,-0.0,0.0,411.85,1.1,192.0,97713.0,True,9,22,258
2008-09-14 23:00:00,24.27,89.8,0.0,-0.0,0.0,402.65,0.97,186.0,97607.0,True,9,23,258
2008-09-15 00:00:00,23.8,91.1,0.0,-0.0,0.0,394.65,1.31,178.0,97636.0,True,9,0,259
2008-09-15 01:00:00,23.45,92.35,0.0,-0.0,0.0,394.45,1.31,186.0,97607.0,True,9,1,259
2008-09-15 02:00:00,23.19,93.3,0.0,-0.0,0.0,393.65,1.38,198.0,97598.0,True,9,2,259
2008-09-15 03:00:00,22.99,94.0,0.0,-0.0,0.0,394.25,1.52,206.0,97569.0,True,9,3,259
2008-09-15 04:00:00,22.77,95.0,0.0,-0.0,0.0,392.25,1.59,214.0,97588.0,True,9,4,259
2008-09-15 05:00:00,22.6,95.7,0.0,-0.0,0.0,392.4,1.59,223.0,97559.0,True,9,5,259
2008-09-15 06:00:00,22.49,96.15,0.0,0.0,0.0,394.25,1.52,227.0,97578.0,True,9,6,259
2008-09-15 07:00:00,23.28,91.1,213.0,377.53,103.0,385.6,1.72,227.0,97627.0,True,9,7,259
2008-09-15 08:00:00,24.99,82.2,460.0,593.96,149.0,387.6,2.55,221.0,97675.0,True,9,8,259
2008-09-15 09:00:00,26.61,74.55,579.0,391.21,297.0,396.65,3.31,221.0,97771.0,True,9,9,259
2008-09-15 10:00:00,27.74,68.3,685.0,341.51,388.0,423.85,3.03,220.0,97791.0,True,9,10,259
2008-09-15 11:00:00,28.46,64.75,699.0,240.65,468.0,429.05,2.55,212.0,97733.0,True,9,11,259
2008-09-15 12:00:00,29.07,63.9,792.0,352.13,445.0,439.25,2.21,204.0,97723.0,True,9,12,259
2008-09-15 13:00:00,29.4,64.4,738.0,319.75,436.0,431.25,1.93,199.0,97656.0,True,9,13,259
2008-09-15 14:00:00,29.4,65.8,530.0,138.11,414.0,435.05,1.79,197.0,97578.0,True,9,14,259
2008-09-15 15:00:00,29.11,67.5,58.0,0.0,58.0,437.65,1.1,199.0,97511.0,True,9,15,259
2008-09-15 16:00:00,29.06,67.95,53.0,0.0,53.0,423.05,1.59,193.0,97501.0,True,9,16,259
2008-09-15 17:00:00,27.14,75.3,52.0,0.0,52.0,429.65,1.24,196.0,97453.0,True,9,17,259
2008-09-15 18:00:00,26.68,77.4,0.0,-0.0,0.0,422.85,0.9,219.0,97521.0,True,9,18,259
2008-09-15 19:00:00,26.17,79.35,0.0,-0.0,0.0,415.25,1.38,151.0,97598.0,True,9,19,259
2008-09-15 20:00:00,25.65,82.35,0.0,-0.0,0.0,421.65,1.72,147.0,97685.0,True,9,20,259
2008-09-15 21:00:00,25.11,85.65,0.0,-0.0,0.0,416.45,1.79,144.0,97742.0,True,9,21,259
2008-09-15 22:00:00,24.6,87.9,0.0,-0.0,0.0,419.05,1.79,144.0,97742.0,True,9,22,259
2008-09-15 23:00:00,24.01,89.7,0.0,-0.0,0.0,420.25,1.79,150.0,97723.0,True,9,23,259
2008-09-16 00:00:00,23.55,91.2,0.0,-0.0,0.0,419.85,1.93,146.0,97723.0,True,9,0,260
2008-09-16 01:00:00,23.21,93.0,0.0,-0.0,0.0,419.65,1.66,152.0,97675.0,True,9,1,260
2008-09-16 02:00:00,23.01,94.55,0.0,-0.0,0.0,422.85,1.79,158.0,97627.0,True,9,2,260
2008-09-16 03:00:00,22.75,95.75,0.0,-0.0,0.0,418.85,2.0,170.0,97607.0,True,9,3,260
2008-09-16 04:00:00,22.4,96.65,0.0,-0.0,0.0,410.25,2.0,177.0,97646.0,True,9,4,260
2008-09-16 05:00:00,22.11,96.6,0.0,-0.0,0.0,405.65,1.86,187.0,97627.0,True,9,5,260
2008-09-16 06:00:00,22.02,96.1,0.0,0.0,0.0,410.45,1.52,194.0,97627.0,True,9,6,260
2008-09-16 07:00:00,22.21,94.4,102.0,17.15,97.0,405.05,2.34,183.0,97675.0,True,9,7,260
2008-09-16 08:00:00,23.14,88.3,330.0,173.77,239.0,405.45,2.83,191.0,97752.0,True,9,8,260
2008-09-16 09:00:00,24.3,82.9,561.0,346.88,311.0,418.45,2.97,189.0,97839.0,True,9,9,260
2008-09-16 10:00:00,25.39,77.5,886.0,858.23,140.0,429.25,3.31,189.0,97848.0,True,9,10,260
2008-09-16 11:00:00,25.45,77.75,614.0,140.75,479.0,435.45,3.59,186.0,97829.0,True,9,11,260
2008-09-16 12:00:00,26.31,73.3,792.0,351.54,446.0,425.85,3.93,185.0,97820.0,True,9,12,260
2008-09-16 13:00:00,26.95,70.55,691.0,247.12,458.0,435.05,3.52,181.0,97713.0,True,9,13,260
2008-09-16 14:00:00,27.43,68.75,623.0,272.12,395.0,430.05,3.17,177.0,97636.0,True,9,14,260
2008-09-16 15:00:00,28.14,65.4,595.0,545.59,226.0,417.05,2.83,174.0,97569.0,True,9,15,260
2008-09-16 16:00:00,28.2,64.6,334.0,279.13,203.0,416.85,2.69,171.0,97549.0,True,9,16,260
2008-09-16 17:00:00,27.01,69.35,127.0,134.25,96.0,416.65,3.17,184.0,97549.0,True,9,17,260
2008-09-16 18:00:00,25.46,76.6,0.0,-0.0,0.0,411.25,2.14,203.0,97559.0,True,9,18,260
2008-09-16 19:00:00,25.15,78.45,0.0,-0.0,0.0,407.45,1.79,187.0,97578.0,True,9,19,260
2008-09-16 20:00:00,24.48,81.65,0.0,-0.0,0.0,398.05,1.59,182.0,97685.0,True,9,20,260
2008-09-16 21:00:00,23.83,84.65,0.0,-0.0,0.0,390.45,1.59,200.0,97762.0,True,9,21,260
2008-09-16 22:00:00,23.29,86.95,0.0,-0.0,0.0,387.2,1.66,202.0,97742.0,True,9,22,260
2008-09-16 23:00:00,22.86,88.6,0.0,-0.0,0.0,384.8,1.66,207.0,97762.0,True,9,23,260
2008-09-17 00:00:00,22.52,90.05,0.0,-0.0,0.0,381.8,1.66,210.0,97704.0,True,9,0,261
2008-09-17 01:00:00,22.2,91.65,0.0,-0.0,0.0,380.25,1.52,224.0,97704.0,True,9,1,261
2008-09-17 02:00:00,21.85,93.5,0.0,-0.0,0.0,380.4,1.24,244.0,97685.0,True,9,2,261
2008-09-17 03:00:00,21.68,94.3,0.0,-0.0,0.0,378.0,0.69,269.0,97675.0,True,9,3,261
2008-09-17 04:00:00,22.01,92.7,0.0,-0.0,0.0,377.6,0.41,349.0,97704.0,True,9,4,261
2008-09-17 05:00:00,21.31,95.75,0.0,-0.0,0.0,378.0,0.62,2.0,97713.0,True,9,5,261
2008-09-17 06:00:00,21.0,97.05,0.0,0.0,0.0,377.8,0.69,342.0,97733.0,True,9,6,261
2008-09-17 07:00:00,22.66,94.25,187.0,239.98,117.0,381.0,0.14,340.0,97800.0,True,9,7,261
2008-09-17 08:00:00,24.82,84.05,445.0,530.83,167.0,387.4,0.07,252.0,97868.0,True,9,8,261
2008-09-17 09:00:00,26.53,75.2,695.0,745.28,158.0,397.45,0.83,241.0,97916.0,True,9,9,261
2008-09-17 10:00:00,27.82,68.75,816.0,646.9,254.0,420.85,1.17,250.0,97906.0,True,9,10,261
2008-09-17 11:00:00,28.76,63.85,661.0,193.06,476.0,431.85,1.1,261.0,97897.0,True,9,11,261
2008-09-17 12:00:00,29.59,60.9,948.0,682.62,277.0,436.45,1.1,281.0,97781.0,True,9,12,261
2008-09-17 13:00:00,30.25,59.7,953.0,814.92,186.0,425.25,1.1,297.0,97685.0,True,9,13,261
2008-09-17 14:00:00,30.54,58.35,800.0,691.57,222.0,427.05,0.9,308.0,97559.0,True,9,14,261
2008-09-17 15:00:00,30.82,56.1,500.0,290.85,304.0,427.85,0.76,307.0,97463.0,True,9,15,261
2008-09-17 16:00:00,30.89,55.25,230.0,60.01,202.0,423.65,0.62,293.0,97424.0,True,9,16,261
2008-09-17 17:00:00,30.62,55.75,69.0,8.77,67.0,417.05,0.69,296.0,97414.0,True,9,17,261
2008-09-17 18:00:00,29.5,68.15,0.0,-0.0,0.0,412.25,0.76,290.0,97395.0,True,9,18,261
2008-09-17 19:00:00,28.25,68.0,0.0,-0.0,0.0,421.05,1.66,313.0,97424.0,True,9,19,261
2008-09-17 20:00:00,27.45,71.6,0.0,-0.0,0.0,418.65,1.72,307.0,97530.0,True,9,20,261
2008-09-17 21:00:00,26.88,74.5,0.0,-0.0,0.0,420.45,1.59,311.0,97617.0,True,9,21,261
2008-09-17 22:00:00,26.36,76.8,0.0,-0.0,0.0,414.45,1.59,313.0,97617.0,True,9,22,261
2008-09-17 23:00:00,25.99,78.55,0.0,-0.0,0.0,417.25,1.59,311.0,97598.0,True,9,23,261
2008-09-18 00:00:00,25.77,79.2,0.0,-0.0,0.0,418.25,1.66,312.0,97617.0,True,9,0,262
2008-09-18 01:00:00,25.43,79.9,0.0,-0.0,0.0,409.45,1.93,311.0,97588.0,True,9,1,262
2008-09-18 02:00:00,25.04,80.9,0.0,-0.0,0.0,397.65,2.14,314.0,97521.0,True,9,2,262
2008-09-18 03:00:00,24.7,81.65,0.0,-0.0,0.0,391.65,2.28,319.0,97492.0,True,9,3,262
2008-09-18 04:00:00,24.41,82.25,0.0,-0.0,0.0,388.6,2.34,316.0,97501.0,True,9,4,262
2008-09-18 05:00:00,24.12,82.85,0.0,-0.0,0.0,386.6,2.34,314.0,97501.0,True,9,5,262
2008-09-18 06:00:00,23.88,83.75,0.0,0.0,0.0,386.2,2.28,318.0,97521.0,True,9,6,262
2008-09-18 07:00:00,24.69,84.55,170.0,164.48,122.0,385.0,1.79,320.0,97588.0,True,9,7,262
2008-09-18 08:00:00,26.74,76.2,426.0,452.53,189.0,388.8,2.14,326.0,97588.0,True,9,8,262
2008-09-18 09:00:00,28.71,68.65,669.0,653.87,198.0,396.65,2.41,330.0,97675.0,True,9,9,262
2008-09-18 10:00:00,30.39,62.15,853.0,755.55,197.0,407.05,2.62,337.0,97733.0,True,9,10,262
2008-09-18 11:00:00,31.7,57.5,971.0,818.9,187.0,415.65,2.62,346.0,97627.0,True,9,11,262
2008-09-18 12:00:00,32.68,54.4,985.0,783.35,216.0,423.85,2.48,356.0,97549.0,True,9,12,262
2008-09-18 13:00:00,33.42,51.9,941.0,784.48,204.0,429.65,2.34,7.0,97385.0,True,9,13,262
2008-09-18 14:00:00,33.87,49.9,825.0,774.9,179.0,436.45,2.21,17.0,97299.0,True,9,14,262
2008-09-18 15:00:00,33.98,49.0,643.0,726.82,155.0,440.25,2.21,22.0,97222.0,True,9,15,262
2008-09-18 16:00:00,33.81,49.25,379.0,465.69,163.0,437.85,2.34,21.0,97202.0,True,9,16,262
2008-09-18 17:00:00,31.01,60.55,80.0,17.78,76.0,436.65,2.07,37.0,97164.0,True,9,17,262
2008-09-18 18:00:00,30.01,64.55,0.0,-0.0,0.0,437.65,0.9,126.0,97193.0,True,9,18,262
2008-09-18 19:00:00,29.09,66.25,0.0,-0.0,0.0,430.25,1.93,135.0,97299.0,True,9,19,262
2008-09-18 20:00:00,27.95,71.45,0.0,-0.0,0.0,415.45,2.21,172.0,97385.0,True,9,20,262
2008-09-18 21:00:00,27.08,76.3,0.0,-0.0,0.0,412.45,2.07,196.0,97463.0,True,9,21,262
2008-09-18 22:00:00,26.54,78.55,0.0,-0.0,0.0,413.65,2.62,209.0,97492.0,True,9,22,262
2008-09-18 23:00:00,26.04,80.3,0.0,-0.0,0.0,412.85,3.1,215.0,97434.0,True,9,23,262
2008-09-19 00:00:00,25.67,81.55,0.0,-0.0,0.0,417.25,2.76,221.0,97405.0,True,9,0,263
2008-09-19 01:00:00,25.11,84.1,0.0,-0.0,0.0,402.85,2.34,215.0,97385.0,True,9,1,263
2008-09-19 02:00:00,24.6,86.6,0.0,-0.0,0.0,399.65,2.41,210.0,97424.0,True,9,2,263
2008-09-19 03:00:00,24.16,88.65,0.0,-0.0,0.0,396.25,2.28,213.0,97414.0,True,9,3,263
2008-09-19 04:00:00,23.88,89.95,0.0,-0.0,0.0,397.05,2.0,205.0,97463.0,True,9,4,263
2008-09-19 05:00:00,23.69,90.9,0.0,-0.0,0.0,400.25,1.86,194.0,97511.0,True,9,5,263
2008-09-19 06:00:00,23.49,92.1,0.0,0.0,0.0,395.65,2.07,196.0,97530.0,True,9,6,263
2008-09-19 07:00:00,24.65,89.9,218.0,407.62,99.0,403.45,4.28,197.0,97559.0,True,9,7,263
2008-09-19 08:00:00,25.75,85.35,463.0,607.22,145.0,419.85,3.79,201.0,97607.0,True,9,8,263
2008-09-19 09:00:00,27.19,79.4,687.0,719.37,169.0,428.85,3.52,200.0,97694.0,True,9,9,263
2008-09-19 10:00:00,28.88,72.85,867.0,799.84,173.0,432.85,3.31,197.0,97713.0,True,9,10,263
2008-09-19 11:00:00,29.73,69.3,960.0,789.39,205.0,438.45,2.97,195.0,97656.0,True,9,11,263
2008-09-19 12:00:00,30.24,68.45,962.0,724.25,252.0,435.65,2.83,194.0,97578.0,True,9,12,263
2008-09-19 13:00:00,30.87,67.6,934.0,769.96,212.0,437.45,2.76,196.0,97540.0,True,9,13,263
2008-09-19 14:00:00,30.89,68.45,801.0,703.55,216.0,442.85,2.76,193.0,97501.0,True,9,14,263
2008-09-19 15:00:00,30.04,70.75,606.0,600.97,204.0,445.05,2.83,182.0,97463.0,True,9,15,263
2008-09-19 16:00:00,28.15,73.5,390.0,522.72,149.0,434.05,2.0,214.0,97414.0,True,9,16,263
2008-09-19 17:00:00,27.95,74.2,134.0,193.64,91.0,424.85,1.38,275.0,97395.0,True,9,17,263
2008-09-19 18:00:00,27.49,76.45,0.0,-0.0,0.0,415.85,0.76,282.0,97443.0,True,9,18,263
2008-09-19 19:00:00,27.66,74.3,0.0,-0.0,0.0,413.45,1.52,186.0,97511.0,True,9,19,263
2008-09-19 20:00:00,26.93,77.25,0.0,-0.0,0.0,410.45,1.86,192.0,97636.0,True,9,20,263
2008-09-19 21:00:00,26.46,79.95,0.0,-0.0,0.0,409.85,1.93,203.0,97713.0,True,9,21,263
2008-09-19 22:00:00,25.84,83.15,0.0,-0.0,0.0,403.25,1.86,207.0,97713.0,True,9,22,263
2008-09-19 23:00:00,25.27,86.2,0.0,-0.0,0.0,398.05,1.93,200.0,97713.0,True,9,23,263
2008-09-20 00:00:00,24.85,88.3,0.0,-0.0,0.0,397.45,2.0,199.0,97704.0,True,9,0,264
2008-09-20 01:00:00,24.55,89.5,0.0,-0.0,0.0,399.45,2.07,199.0,97665.0,True,9,1,264
2008-09-20 02:00:00,24.21,90.65,0.0,-0.0,0.0,392.6,2.0,201.0,97646.0,True,9,2,264
2008-09-20 03:00:00,23.96,91.2,0.0,-0.0,0.0,391.05,2.0,205.0,97636.0,True,9,3,264
2008-09-20 04:00:00,23.75,91.5,0.0,-0.0,0.0,390.0,1.93,206.0,97656.0,True,9,4,264
2008-09-20 05:00:00,23.57,91.85,0.0,-0.0,0.0,389.2,1.86,206.0,97704.0,True,9,5,264
2008-09-20 06:00:00,23.37,92.45,0.0,0.0,0.0,387.6,1.86,202.0,97742.0,True,9,6,264
2008-09-20 07:00:00,24.42,89.1,220.0,417.76,98.0,387.4,2.07,203.0,97829.0,True,9,7,264
2008-09-20 08:00:00,25.81,82.55,469.0,630.2,139.0,390.8,2.97,209.0,97839.0,True,9,8,264
2008-09-20 09:00:00,27.37,74.0,550.0,322.32,318.0,396.85,3.52,210.0,97887.0,True,9,9,264
2008-09-20 10:00:00,28.76,67.4,294.0,2.31,292.0,414.45,3.1,207.0,97945.0,True,9,10,264
2008-09-20 11:00:00,29.8,62.35,87.0,0.0,87.0,423.05,2.76,200.0,97916.0,True,9,11,264
2008-09-20 12:00:00,30.54,58.45,90.0,0.0,90.0,448.85,2.48,195.0,97868.0,True,9,12,264
2008-09-20 13:00:00,30.92,56.65,182.0,0.0,182.0,448.45,2.34,198.0,97762.0,True,9,13,264
2008-09-20 14:00:00,31.02,57.25,377.0,25.32,356.0,430.45,2.14,200.0,97704.0,True,9,14,264
2008-09-20 15:00:00,30.79,59.2,447.0,193.58,318.0,425.05,1.79,202.0,97617.0,True,9,15,264
2008-09-20 16:00:00,29.4,64.45,112.0,0.0,112.0,430.25,1.45,208.0,97617.0,True,9,16,264
2008-09-20 17:00:00,28.82,67.45,123.0,150.62,90.0,430.25,1.1,214.0,97578.0,True,9,17,264
2008-09-20 18:00:00,28.27,70.3,0.0,-0.0,0.0,423.45,1.38,234.0,97559.0,True,9,18,264
2008-09-20 19:00:00,26.75,77.5,0.0,-0.0,0.0,411.05,1.79,256.0,97665.0,True,9,19,264
2008-09-20 20:00:00,26.09,80.5,0.0,-0.0,0.0,407.45,1.72,259.0,97723.0,True,9,20,264
2008-09-20 21:00:00,25.48,83.25,0.0,-0.0,0.0,399.85,1.79,257.0,97800.0,True,9,21,264
2008-09-20 22:00:00,25.06,85.05,0.0,-0.0,0.0,402.05,1.79,254.0,97810.0,True,9,22,264
2008-09-20 23:00:00,24.62,86.9,0.0,-0.0,0.0,396.25,1.66,249.0,97771.0,True,9,23,264
2008-09-21 00:00:00,24.38,87.95,0.0,-0.0,0.0,402.45,1.52,250.0,97810.0,True,9,0,265
2008-09-21 01:00:00,24.05,89.1,0.0,-0.0,0.0,396.85,1.59,257.0,97723.0,True,9,1,265
2008-09-21 02:00:00,23.74,90.0,0.0,-0.0,0.0,392.65,1.72,263.0,97685.0,True,9,2,265
2008-09-21 03:00:00,23.54,90.3,0.0,-0.0,0.0,393.05,1.79,261.0,97656.0,True,9,3,265
2008-09-21 04:00:00,23.3,90.75,0.0,-0.0,0.0,387.8,1.72,255.0,97627.0,True,9,4,265
2008-09-21 05:00:00,23.09,91.25,0.0,-0.0,0.0,386.2,1.66,257.0,97646.0,True,9,5,265
2008-09-21 06:00:00,22.87,91.85,0.0,0.0,0.0,384.0,1.66,261.0,97656.0,True,9,6,265
2008-09-21 07:00:00,23.59,90.4,219.0,410.82,99.0,380.2,1.72,250.0,97694.0,True,9,7,265
2008-09-21 08:00:00,25.49,82.75,466.0,618.85,142.0,382.4,2.14,251.0,97723.0,True,9,8,265
2008-09-21 09:00:00,27.42,75.6,691.0,733.91,163.0,390.2,2.28,252.0,97771.0,True,9,9,265
2008-09-21 10:00:00,29.14,68.15,862.0,784.86,182.0,395.85,2.28,255.0,97762.0,True,9,10,265
2008-09-21 11:00:00,30.59,61.8,980.0,849.74,169.0,406.65,2.07,261.0,97723.0,True,9,11,265
2008-09-21 12:00:00,31.6,57.4,1003.0,844.0,178.0,414.45,1.86,268.0,97656.0,True,9,12,265
2008-09-21 13:00:00,32.25,54.6,957.0,844.71,168.0,423.45,1.66,280.0,97540.0,True,9,13,265
2008-09-21 14:00:00,32.62,52.9,819.0,773.82,179.0,429.65,1.66,296.0,97472.0,True,9,14,265
2008-09-21 15:00:00,32.72,52.35,631.0,711.03,159.0,433.85,1.86,302.0,97424.0,True,9,15,265
2008-09-21 16:00:00,32.27,53.45,393.0,559.9,138.0,438.05,2.07,306.0,97414.0,True,9,16,265
2008-09-21 17:00:00,29.86,62.95,127.0,175.82,89.0,434.25,2.14,310.0,97357.0,True,9,17,265
2008-09-21 18:00:00,28.74,66.9,0.0,-0.0,0.0,428.25,2.21,273.0,97405.0,True,9,18,265
2008-09-21 19:00:00,28.56,64.4,0.0,-0.0,0.0,416.65,1.72,273.0,97492.0,True,9,19,265
2008-09-21 20:00:00,27.43,69.7,0.0,-0.0,0.0,410.05,1.86,256.0,97569.0,True,9,20,265
2008-09-21 21:00:00,26.66,73.1,0.0,-0.0,0.0,409.85,1.72,247.0,97646.0,True,9,21,265
2008-09-21 22:00:00,25.95,76.1,0.0,-0.0,0.0,401.45,1.72,246.0,97665.0,True,9,22,265
2008-09-21 23:00:00,25.37,78.1,0.0,-0.0,0.0,397.65,1.72,254.0,97588.0,True,9,23,265
2008-09-22 00:00:00,24.99,79.4,0.0,-0.0,0.0,397.25,1.79,258.0,97588.0,True,9,0,266
2008-09-22 01:00:00,24.57,81.15,0.0,-0.0,0.0,390.05,1.86,257.0,97511.0,True,9,1,266
2008-09-22 02:00:00,24.32,82.35,0.0,-0.0,0.0,393.05,1.86,252.0,97501.0,True,9,2,266
2008-09-22 03:00:00,24.02,83.8,0.0,-0.0,0.0,389.0,1.86,248.0,97463.0,True,9,3,266
2008-09-22 04:00:00,23.74,85.15,0.0,-0.0,0.0,385.0,2.0,246.0,97472.0,True,9,4,266
2008-09-22 05:00:00,23.62,85.8,0.0,-0.0,0.0,385.4,2.28,246.0,97482.0,True,9,5,266
2008-09-22 06:00:00,23.55,86.3,0.0,0.0,0.0,384.4,2.41,248.0,97492.0,True,9,6,266
2008-09-22 07:00:00,24.53,83.8,212.0,366.27,105.0,383.2,2.14,243.0,97521.0,True,9,7,266
2008-09-22 08:00:00,26.17,77.7,452.0,554.04,162.0,390.85,1.93,249.0,97607.0,True,9,8,266
2008-09-22 09:00:00,28.2,70.55,676.0,680.06,187.0,396.65,1.72,255.0,97685.0,True,9,9,266
2008-09-22 10:00:00,29.82,64.55,852.0,756.63,197.0,406.05,1.72,259.0,97713.0,True,9,10,266
2008-09-22 11:00:00,31.16,59.15,963.0,804.56,196.0,413.65,1.93,258.0,97665.0,True,9,11,266
2008-09-22 12:00:00,32.02,55.55,991.0,813.53,197.0,424.05,2.07,251.0,97569.0,True,9,12,266
2008-09-22 13:00:00,32.51,53.25,945.0,814.24,186.0,427.65,2.0,244.0,97434.0,True,9,13,266
2008-09-22 14:00:00,32.77,52.6,812.0,758.97,186.0,435.45,2.0,238.0,97366.0,True,9,14,266
2008-09-22 15:00:00,32.65,53.1,622.0,685.08,169.0,438.45,2.0,236.0,97270.0,True,9,15,266
2008-09-22 16:00:00,30.95,57.75,386.0,536.88,143.0,434.85,2.21,249.0,97241.0,True,9,16,266
2008-09-22 17:00:00,30.01,63.3,117.0,136.05,88.0,435.45,1.45,234.0,97250.0,True,9,17,266
2008-09-22 18:00:00,29.21,67.2,0.0,-0.0,0.0,431.25,1.59,223.0,97250.0,True,9,18,266
2008-09-22 19:00:00,28.86,68.35,0.0,-0.0,0.0,436.45,1.59,202.0,97337.0,True,9,19,266
2008-09-22 20:00:00,28.08,71.8,0.0,-0.0,0.0,424.45,1.66,191.0,97405.0,True,9,20,266
2008-09-22 21:00:00,27.45,75.0,0.0,-0.0,0.0,417.85,1.72,187.0,97549.0,True,9,21,266
2008-09-22 22:00:00,26.89,77.95,0.0,-0.0,0.0,416.05,1.59,186.0,97540.0,True,9,22,266
2008-09-22 23:00:00,26.45,78.65,0.0,-0.0,0.0,414.05,1.86,178.0,97549.0,True,9,23,266
2008-09-23 00:00:00,26.11,79.75,0.0,-0.0,0.0,410.45,2.28,183.0,97521.0,True,9,0,267
2008-09-23 01:00:00,26.11,79.0,0.0,-0.0,0.0,419.65,2.48,191.0,97424.0,True,9,1,267
2008-09-23 02:00:00,25.92,79.6,0.0,-0.0,0.0,418.25,2.62,191.0,97376.0,True,9,2,267
2008-09-23 03:00:00,25.62,81.0,0.0,-0.0,0.0,411.25,2.62,189.0,97376.0,True,9,3,267
2008-09-23 04:00:00,25.25,83.35,0.0,-0.0,0.0,404.05,2.28,193.0,97405.0,True,9,4,267
2008-09-23 05:00:00,24.9,86.0,0.0,-0.0,0.0,402.45,1.93,192.0,97453.0,True,9,5,267
2008-09-23 06:00:00,24.51,88.9,0.0,0.0,0.0,397.25,1.79,187.0,97530.0,True,9,6,267
2008-09-23 07:00:00,25.06,87.45,224.0,441.56,95.0,397.05,1.66,184.0,97598.0,True,9,7,267
2008-09-23 08:00:00,26.36,82.35,444.0,521.73,171.0,404.65,2.28,189.0,97675.0,True,9,8,267
2008-09-23 09:00:00,27.8,76.75,602.0,450.86,278.0,407.05,2.41,192.0,97704.0,True,9,9,267
2008-09-23 10:00:00,29.27,70.3,829.0,687.92,234.0,414.25,2.34,198.0,97704.0,True,9,10,267
2008-09-23 11:00:00,30.27,65.6,941.0,745.66,231.0,420.85,2.0,203.0,97636.0,True,9,11,267
2008-09-23 12:00:00,31.23,61.5,974.0,768.64,225.0,424.65,1.59,201.0,97540.0,True,9,12,267
2008-09-23 13:00:00,31.72,59.85,907.0,711.66,245.0,433.45,1.45,193.0,97453.0,True,9,13,267
2008-09-23 14:00:00,32.13,59.15,717.0,493.62,311.0,432.65,1.45,185.0,97376.0,True,9,14,267
2008-09-23 15:00:00,31.77,60.1,508.0,335.55,287.0,435.25,1.38,182.0,97318.0,True,9,15,267
2008-09-23 16:00:00,31.05,60.65,198.0,33.35,183.0,433.25,0.41,146.0,97270.0,True,9,16,267
2008-09-23 17:00:00,29.93,62.05,143.0,299.73,80.0,439.25,1.38,91.0,97231.0,True,9,17,267
2008-09-23 18:00:00,28.77,67.55,0.0,-0.0,0.0,422.25,1.52,115.0,97289.0,True,9,18,267
2008-09-23 19:00:00,28.32,72.4,0.0,-0.0,0.0,413.85,1.1,172.0,97376.0,True,9,19,267
2008-09-23 20:00:00,27.45,76.15,0.0,-0.0,0.0,412.05,1.38,194.0,97453.0,True,9,20,267
2008-09-23 21:00:00,26.73,79.5,0.0,-0.0,0.0,407.25,1.59,190.0,97540.0,True,9,21,267
2008-09-23 22:00:00,26.18,82.5,0.0,-0.0,0.0,404.45,1.79,176.0,97578.0,True,9,22,267
2008-09-23 23:00:00,25.74,85.5,0.0,-0.0,0.0,404.85,1.79,172.0,97569.0,True,9,23,267
2008-09-24 00:00:00,25.36,87.8,0.0,-0.0,0.0,403.45,1.86,170.0,97598.0,True,9,0,268
2008-09-24 01:00:00,25.05,89.6,0.0,-0.0,0.0,404.65,2.0,168.0,97549.0,True,9,1,268
2008-09-24 02:00:00,24.76,91.1,0.0,-0.0,0.0,403.45,1.93,163.0,97549.0,True,9,2,268
2008-09-24 03:00:00,24.54,92.2,0.0,-0.0,0.0,404.25,1.79,159.0,97521.0,True,9,3,268
2008-09-24 04:00:00,24.27,93.3,0.0,-0.0,0.0,399.45,1.59,154.0,97559.0,True,9,4,268
2008-09-24 05:00:00,24.07,94.0,0.0,-0.0,0.0,399.65,1.59,153.0,97598.0,True,9,5,268
2008-09-24 06:00:00,23.89,94.4,0.0,0.0,0.0,397.65,1.72,160.0,97665.0,True,9,6,268
2008-09-24 07:00:00,24.39,90.25,71.0,0.0,71.0,393.05,2.48,172.0,97704.0,True,9,7,268
2008-09-24 08:00:00,25.81,81.85,123.0,0.0,123.0,397.25,3.72,174.0,97791.0,True,9,8,268
2008-09-24 09:00:00,27.25,74.2,108.0,0.0,108.0,414.25,3.38,180.0,97839.0,True,9,9,268
2008-09-24 10:00:00,28.46,69.3,782.0,560.11,298.0,421.45,2.76,183.0,97839.0,True,9,10,268
2008-09-24 11:00:00,29.4,64.8,852.0,524.72,353.0,420.45,2.34,178.0,97762.0,True,9,11,268
2008-09-24 12:00:00,29.9,62.85,951.0,710.28,260.0,423.45,1.93,165.0,97636.0,True,9,12,268
2008-09-24 13:00:00,30.62,60.35,656.0,212.23,459.0,436.65,1.52,150.0,97521.0,True,9,13,268
2008-09-24 14:00:00,31.09,58.95,790.0,702.3,214.0,427.05,1.31,143.0,97472.0,True,9,14,268
2008-09-24 15:00:00,31.22,58.1,637.0,762.2,137.0,432.45,1.24,138.0,97405.0,True,9,15,268
2008-09-24 16:00:00,31.0,57.6,320.0,286.39,192.0,424.25,1.24,126.0,97395.0,True,9,16,268
2008-09-24 17:00:00,29.74,61.45,112.0,130.3,85.0,424.85,1.17,107.0,97376.0,True,9,17,268
2008-09-24 18:00:00,29.08,65.4,0.0,-0.0,0.0,422.85,0.83,97.0,97376.0,True,9,18,268
2008-09-24 19:00:00,28.23,64.55,0.0,-0.0,0.0,411.05,1.59,86.0,97424.0,True,9,19,268
2008-09-24 20:00:00,27.25,70.25,0.0,-0.0,0.0,404.25,1.45,103.0,97492.0,True,9,20,268
2008-09-24 21:00:00,26.34,76.6,0.0,-0.0,0.0,399.65,1.31,119.0,97598.0,True,9,21,268
2008-09-24 22:00:00,25.8,79.35,0.0,-0.0,0.0,397.25,1.1,146.0,97607.0,True,9,22,268
2008-09-24 23:00:00,25.44,80.0,0.0,-0.0,0.0,400.85,1.1,193.0,97588.0,True,9,23,268
2008-09-25 00:00:00,24.82,83.1,0.0,-0.0,0.0,400.05,1.31,221.0,97588.0,True,9,0,269
2008-09-25 01:00:00,24.43,84.2,0.0,-0.0,0.0,396.85,1.45,227.0,97521.0,True,9,1,269
2008-09-25 02:00:00,24.1,85.5,0.0,-0.0,0.0,394.05,1.45,227.0,97482.0,True,9,2,269
2008-09-25 03:00:00,23.77,87.3,0.0,-0.0,0.0,392.0,1.38,227.0,97472.0,True,9,3,269
2008-09-25 04:00:00,23.54,88.5,0.0,-0.0,0.0,390.8,1.45,226.0,97501.0,True,9,4,269
2008-09-25 05:00:00,23.43,88.85,0.0,-0.0,0.0,392.65,1.45,226.0,97521.0,True,9,5,269
2008-09-25 06:00:00,23.3,89.4,0.0,0.0,0.0,389.4,1.52,234.0,97569.0,True,9,6,269
2008-09-25 07:00:00,24.62,85.45,218.0,404.0,100.0,391.8,1.24,245.0,97656.0,True,9,7,269
2008-09-25 08:00:00,26.98,75.45,462.0,598.68,149.0,394.45,1.31,252.0,97685.0,True,9,8,269
2008-09-25 09:00:00,29.0,66.1,676.0,681.41,187.0,404.05,1.31,247.0,97742.0,True,9,9,269
2008-09-25 10:00:00,30.39,60.35,851.0,757.6,197.0,412.25,0.97,233.0,97762.0,True,9,10,269
2008-09-25 11:00:00,31.57,56.55,929.0,717.04,248.0,420.65,0.48,220.0,97704.0,True,9,11,269
2008-09-25 12:00:00,32.29,54.6,875.0,530.26,360.0,427.05,0.07,150.0,97617.0,True,9,12,269
2008-09-25 13:00:00,32.83,53.4,904.0,711.5,245.0,431.25,0.34,60.0,97501.0,True,9,13,269
2008-09-25 14:00:00,33.21,52.65,735.0,550.26,285.0,435.45,0.69,37.0,97414.0,True,9,14,269
2008-09-25 15:00:00,33.38,52.05,554.0,474.48,244.0,435.85,0.9,26.0,97318.0,True,9,15,269
2008-09-25 16:00:00,33.23,51.45,371.0,502.16,148.0,437.85,0.9,12.0,97318.0,True,9,16,269
2008-09-25 17:00:00,32.86,51.7,119.0,171.35,84.0,435.25,0.69,355.0,97299.0,True,9,17,269
2008-09-25 18:00:00,31.53,56.4,0.0,-0.0,0.0,433.65,0.28,51.0,97299.0,True,9,18,269
2008-09-25 19:00:00,28.86,68.55,0.0,-0.0,0.0,429.25,1.31,146.0,97414.0,True,9,19,269
2008-09-25 20:00:00,28.21,71.3,0.0,-0.0,0.0,422.85,1.72,168.0,97492.0,True,9,20,269
2008-09-25 21:00:00,27.66,73.65,0.0,-0.0,0.0,421.65,2.0,194.0,97578.0,True,9,21,269
2008-09-25 22:00:00,26.94,77.35,0.0,-0.0,0.0,410.85,2.28,210.0,97617.0,True,9,22,269
2008-09-25 23:00:00,26.23,81.5,0.0,-0.0,0.0,408.85,2.21,213.0,97588.0,True,9,23,269
2008-09-26 00:00:00,25.6,85.0,0.0,-0.0,0.0,403.25,2.21,213.0,97569.0,True,9,0,270
2008-09-26 01:00:00,25.08,87.45,0.0,-0.0,0.0,400.45,2.0,212.0,97492.0,True,9,1,270
2008-09-26 02:00:00,24.65,89.2,0.0,-0.0,0.0,397.25,1.93,209.0,97463.0,True,9,2,270
2008-09-26 03:00:00,24.32,90.45,0.0,-0.0,0.0,395.45,1.86,213.0,97443.0,True,9,3,270
2008-09-26 04:00:00,24.06,91.3,0.0,-0.0,0.0,393.05,1.79,220.0,97482.0,True,9,4,270
2008-09-26 05:00:00,23.85,91.85,0.0,-0.0,0.0,391.0,1.86,226.0,97511.0,True,9,5,270
2008-09-26 06:00:00,23.67,92.35,0.0,0.0,0.0,389.2,1.93,229.0,97569.0,True,9,6,270
2008-09-26 07:00:00,24.47,90.75,75.0,0.0,75.0,393.25,1.86,229.0,97627.0,True,9,7,270
2008-09-26 08:00:00,26.18,83.3,387.0,317.68,221.0,397.05,2.34,234.0,97646.0,True,9,8,270
2008-09-26 09:00:00,28.09,76.0,501.0,225.92,339.0,404.65,2.55,238.0,97694.0,True,9,9,270
2008-09-26 10:00:00,29.67,69.8,776.0,548.51,303.0,413.45,2.55,242.0,97713.0,True,9,10,270
2008-09-26 11:00:00,31.28,62.25,944.0,760.19,223.0,419.85,2.0,240.0,97656.0,True,9,11,270
2008-09-26 12:00:00,32.22,58.25,965.0,753.97,234.0,442.65,1.38,237.0,97569.0,True,9,12,270
2008-09-26 13:00:00,32.77,56.7,902.0,710.92,245.0,435.65,1.38,236.0,97443.0,True,9,13,270
2008-09-26 14:00:00,33.01,56.4,742.0,573.95,274.0,441.85,1.38,239.0,97385.0,True,9,14,270
2008-09-26 15:00:00,32.59,57.35,472.0,264.34,300.0,439.25,1.38,243.0,97289.0,True,9,15,270
2008-09-26 16:00:00,31.67,61.15,259.0,133.72,200.0,435.25,1.03,243.0,97318.0,True,9,16,270
2008-09-26 17:00:00,30.28,65.45,104.0,109.28,82.0,434.05,0.76,201.0,97308.0,True,9,17,270
2008-09-26 18:00:00,29.75,68.3,0.0,-0.0,0.0,425.05,0.97,131.0,97318.0,True,9,18,270
2008-09-26 19:00:00,27.41,79.0,0.0,-0.0,0.0,413.05,1.24,122.0,97405.0,True,9,19,270
2008-09-26 20:00:00,26.94,81.7,0.0,-0.0,0.0,410.85,1.38,150.0,97482.0,True,9,20,270
2008-09-26 21:00:00,26.57,83.4,0.0,-0.0,0.0,409.85,1.31,155.0,97617.0,True,9,21,270
2008-09-26 22:00:00,26.15,87.0,0.0,-0.0,0.0,414.65,1.03,160.0,97627.0,True,9,22,270
2008-09-26 23:00:00,26.21,86.3,0.0,-0.0,0.0,419.85,0.55,168.0,97559.0,True,9,23,270
2008-09-27 00:00:00,25.29,90.8,0.0,-0.0,0.0,405.25,0.97,189.0,97530.0,True,9,0,271
2008-09-27 01:00:00,25.13,89.9,0.0,-0.0,0.0,404.45,1.52,193.0,97472.0,True,9,1,271
2008-09-27 02:00:00,24.94,90.35,0.0,-0.0,0.0,403.45,1.72,199.0,97434.0,True,9,2,271
2008-09-27 03:00:00,24.76,90.7,0.0,-0.0,0.0,402.25,2.14,196.0,97472.0,True,9,3,271
2008-09-27 04:00:00,24.53,90.85,0.0,-0.0,0.0,404.45,3.31,196.0,97636.0,True,9,4,271
2008-09-27 05:00:00,23.96,91.85,0.0,-0.0,0.0,414.45,2.76,201.0,97656.0,True,9,5,271
2008-09-27 06:00:00,23.64,92.45,0.0,0.0,0.0,415.25,2.14,220.0,97752.0,True,9,6,271
2008-09-27 07:00:00,23.09,94.65,208.0,339.17,109.0,420.65,2.55,192.0,97733.0,True,9,7,271
2008-09-27 08:00:00,23.64,90.35,311.0,134.05,241.0,424.65,4.07,206.0,97800.0,True,9,8,271
2008-09-27 09:00:00,24.92,82.95,420.0,106.08,344.0,420.85,3.31,224.0,97820.0,True,9,9,271
2008-09-27 10:00:00,26.1,78.15,762.0,514.29,319.0,433.05,2.41,244.0,97848.0,True,9,10,271
2008-09-27 11:00:00,27.58,72.7,443.0,27.45,417.0,440.85,1.66,260.0,97791.0,True,9,11,271
2008-09-27 12:00:00,29.05,66.4,899.0,591.03,327.0,441.25,0.97,259.0,97694.0,True,9,12,271
2008-09-27 13:00:00,30.14,60.7,632.0,185.46,461.0,448.45,0.55,198.0,97521.0,True,9,13,271
2008-09-27 14:00:00,30.69,57.4,452.0,77.49,389.0,441.85,0.9,156.0,97424.0,True,9,14,271
2008-09-27 15:00:00,31.11,55.0,450.0,223.77,305.0,437.45,1.03,143.0,97337.0,True,9,15,271
2008-09-27 16:00:00,31.05,54.55,292.0,218.99,196.0,425.25,1.03,145.0,97347.0,True,9,16,271
2008-09-27 17:00:00,30.68,55.7,92.0,70.57,78.0,420.05,1.1,154.0,97328.0,True,9,17,271
2008-09-27 18:00:00,29.59,61.85,0.0,-0.0,0.0,417.65,1.24,161.0,97347.0,True,9,18,271
2008-09-27 19:00:00,28.0,73.4,0.0,-0.0,0.0,411.45,0.97,145.0,97424.0,True,9,19,271
2008-09-27 20:00:00,27.31,76.3,0.0,-0.0,0.0,412.45,0.9,175.0,97472.0,True,9,20,271
2008-09-27 21:00:00,26.71,76.4,0.0,-0.0,0.0,408.65,1.31,190.0,97598.0,True,9,21,271
2008-09-27 22:00:00,26.11,77.8,0.0,-0.0,0.0,406.05,1.52,200.0,97598.0,True,9,22,271
2008-09-27 23:00:00,25.6,78.35,0.0,-0.0,0.0,399.25,1.79,209.0,97588.0,True,9,23,271
2008-09-28 00:00:00,25.19,79.85,0.0,-0.0,0.0,399.65,1.93,216.0,97588.0,True,9,0,272
2008-09-28 01:00:00,24.65,82.8,0.0,-0.0,0.0,394.05,1.93,218.0,97588.0,True,9,1,272
2008-09-28 02:00:00,24.25,84.9,0.0,-0.0,0.0,392.85,2.0,216.0,97578.0,True,9,2,272
2008-09-28 03:00:00,23.97,86.2,0.0,-0.0,0.0,392.8,2.0,218.0,97549.0,True,9,3,272
2008-09-28 04:00:00,23.76,86.8,0.0,-0.0,0.0,391.85,2.0,232.0,97540.0,True,9,4,272
2008-09-28 05:00:00,23.63,86.75,0.0,-0.0,0.0,390.4,2.14,245.0,97540.0,True,9,5,272
2008-09-28 06:00:00,23.52,86.9,0.0,0.0,0.0,388.4,2.07,240.0,97588.0,True,9,6,272
2008-09-28 07:00:00,24.12,88.15,197.0,281.07,115.0,395.65,1.38,231.0,97656.0,True,9,7,272
2008-09-28 08:00:00,26.03,80.0,42.0,0.0,42.0,397.85,1.79,219.0,97723.0,True,9,8,272
2008-09-28 09:00:00,27.79,72.4,86.0,0.0,86.0,408.45,2.21,216.0,97781.0,True,9,9,272
2008-09-28 10:00:00,29.11,67.25,566.0,162.72,426.0,412.25,2.07,222.0,97858.0,True,9,10,272
2008-09-28 11:00:00,30.18,64.0,817.0,457.85,384.0,420.05,1.59,237.0,97829.0,True,9,11,272
2008-09-28 12:00:00,30.9,62.85,935.0,683.21,275.0,429.65,1.31,250.0,97742.0,True,9,12,272
2008-09-28 13:00:00,31.47,61.9,848.0,579.4,315.0,431.45,1.24,257.0,97646.0,True,9,13,272
2008-09-28 14:00:00,31.49,62.0,729.0,549.03,284.0,430.45,1.24,249.0,97569.0,True,9,14,272
2008-09-28 15:00:00,31.65,61.55,583.0,593.52,200.0,431.85,1.45,257.0,97453.0,True,9,15,272
2008-09-28 16:00:00,31.57,60.65,312.0,289.32,186.0,432.85,1.38,262.0,97530.0,True,9,16,272
2008-09-28 17:00:00,30.71,62.9,78.0,35.82,71.0,426.45,1.52,245.0,97569.0,True,9,17,272
2008-09-28 18:00:00,29.51,68.35,0.0,-0.0,0.0,424.85,1.86,223.0,97569.0,True,9,18,272
2008-09-28 19:00:00,26.15,78.0,0.0,-0.0,0.0,404.05,0.83,214.0,97656.0,True,9,19,272
2008-09-28 20:00:00,25.91,80.25,0.0,-0.0,0.0,404.25,0.62,178.0,97752.0,True,9,20,272
2008-09-28 21:00:00,25.47,83.5,0.0,-0.0,0.0,400.85,0.76,209.0,97781.0,True,9,21,272
2008-09-28 22:00:00,24.96,88.3,0.0,-0.0,0.0,401.65,0.69,203.0,97742.0,True,9,22,272
2008-09-28 23:00:00,24.59,88.8,0.0,-0.0,0.0,398.05,0.83,213.0,97704.0,True,9,23,272
2008-09-29 00:00:00,24.27,89.25,0.0,-0.0,0.0,396.0,0.9,234.0,97665.0,True,9,0,273
2008-09-29 01:00:00,23.88,91.25,0.0,-0.0,0.0,395.05,0.97,254.0,97578.0,True,9,1,273
2008-09-29 02:00:00,23.5,92.55,0.0,-0.0,0.0,387.6,1.03,267.0,97569.0,True,9,2,273
2008-09-29 03:00:00,23.25,92.95,0.0,-0.0,0.0,385.4,1.03,253.0,97540.0,True,9,3,273
2008-09-29 04:00:00,23.06,93.3,0.0,-0.0,0.0,383.8,1.03,222.0,97588.0,True,9,4,273
2008-09-29 05:00:00,22.72,94.75,0.0,-0.0,0.0,384.2,1.17,207.0,97607.0,True,9,5,273
2008-09-29 06:00:00,22.52,95.45,0.0,0.0,0.0,384.0,1.24,207.0,97646.0,True,9,6,273
2008-09-29 07:00:00,23.9,91.6,225.0,442.45,96.0,390.2,1.1,203.0,97694.0,True,9,7,273
2008-09-29 08:00:00,25.88,83.35,442.0,513.97,174.0,399.45,1.59,205.0,97733.0,True,9,8,273
2008-09-29 09:00:00,27.67,74.35,549.0,323.04,318.0,402.25,1.79,205.0,97820.0,True,9,9,273
2008-09-29 10:00:00,29.13,68.05,640.0,268.82,409.0,417.65,1.38,204.0,97820.0,True,9,10,273
2008-09-29 11:00:00,30.5,62.35,847.0,525.27,351.0,417.25,1.31,176.0,97810.0,True,9,11,273
2008-09-29 12:00:00,31.51,56.95,677.0,202.24,482.0,430.85,1.72,160.0,97713.0,True,9,12,273
2008-09-29 13:00:00,31.3,55.75,123.0,0.0,123.0,442.65,1.38,171.0,97607.0,True,9,13,273
2008-09-29 14:00:00,31.18,55.3,84.0,0.0,84.0,442.25,1.31,161.0,97530.0,True,9,14,273
2008-09-29 15:00:00,30.71,57.15,177.0,0.0,177.0,438.65,1.86,148.0,97492.0,True,9,15,273
2008-09-29 16:00:00,30.34,58.3,284.0,205.71,195.0,425.05,0.97,145.0,97492.0,True,9,16,273
2008-09-29 17:00:00,30.11,59.1,105.0,140.24,78.0,418.25,0.76,113.0,97453.0,True,9,17,273
2008-09-29 18:00:00,29.25,64.0,0.0,-0.0,0.0,414.05,1.03,113.0,97472.0,True,9,18,273
2008-09-29 19:00:00,27.66,72.1,0.0,-0.0,0.0,407.25,0.97,136.0,97559.0,True,9,19,273
2008-09-29 20:00:00,26.94,76.5,0.0,-0.0,0.0,405.25,0.83,127.0,97675.0,True,9,20,273
2008-09-29 21:00:00,26.57,75.9,0.0,-0.0,0.0,402.05,0.76,107.0,97742.0,True,9,21,273
2008-09-29 22:00:00,26.93,68.95,0.0,-0.0,0.0,397.45,0.48,125.0,97685.0,True,9,22,273
2008-09-29 23:00:00,25.73,77.4,0.0,-0.0,0.0,395.25,0.76,137.0,97694.0,True,9,23,273
2008-09-30 00:00:00,24.69,83.2,0.0,-0.0,0.0,392.85,1.1,136.0,97675.0,True,9,0,274
2008-09-30 01:00:00,24.28,84.0,0.0,-0.0,0.0,394.85,1.24,141.0,97656.0,True,9,1,274
2008-09-30 02:00:00,23.94,85.6,0.0,-0.0,0.0,395.45,1.38,145.0,97656.0,True,9,2,274
2008-09-30 03:00:00,23.69,86.7,0.0,-0.0,0.0,393.25,1.38,156.0,97646.0,True,9,3,274
2008-09-30 04:00:00,23.35,88.75,0.0,-0.0,0.0,389.2,1.31,177.0,97675.0,True,9,4,274
2008-09-30 05:00:00,23.15,89.9,0.0,-0.0,0.0,387.4,1.24,181.0,97636.0,True,9,5,274
2008-09-30 06:00:00,22.86,92.1,0.0,0.0,0.0,386.4,1.38,180.0,97675.0,True,9,6,274
2008-09-30 07:00:00,24.45,87.85,191.0,254.0,117.0,390.8,1.59,174.0,97713.0,True,9,7,274
2008-09-30 08:00:00,26.25,80.15,464.0,610.4,146.0,395.65,2.21,177.0,97781.0,True,9,8,274
2008-09-30 09:00:00,27.89,72.35,682.0,708.37,176.0,402.25,2.48,177.0,97820.0,True,9,9,274
2008-09-30 10:00:00,29.35,64.05,844.0,743.42,206.0,410.65,2.83,177.0,97810.0,True,9,10,274
2008-09-30 11:00:00,30.39,59.2,950.0,790.21,205.0,418.05,2.76,182.0,97762.0,True,9,11,274
2008-09-30 12:00:00,31.12,55.3,959.0,753.36,234.0,425.25,2.41,183.0,97665.0,True,9,12,274
2008-09-30 13:00:00,31.53,53.15,929.0,811.54,186.0,436.05,2.21,179.0,97521.0,True,9,13,274
2008-09-30 14:00:00,31.74,52.45,793.0,754.76,185.0,435.05,2.07,182.0,97492.0,True,9,14,274
2008-09-30 15:00:00,31.78,52.45,604.0,689.2,163.0,428.45,1.72,186.0,97414.0,True,9,15,274
2008-09-30 16:00:00,30.39,54.67,367.0,544.45,133.0,425.07,1.28,190.0,97414.0,True,9,16,274
2008-09-30 17:00:00,29.84,57.98,111.0,179.29,77.0,422.82,1.29,203.0,97376.0,True,9,17,274
2008-09-30 18:00:00,29.29,61.28,0.0,-0.0,0.0,420.56,1.31,215.0,97385.0,True,9,18,274
2008-09-30 19:00:00,28.74,64.58,0.0,-0.0,0.0,418.3,1.33,175.0,97414.0,True,9,19,274
2008-09-30 20:00:00,28.19,67.88,0.0,-0.0,0.0,416.05,1.34,184.0,97521.0,True,9,20,274
2008-09-30 21:00:00,27.63,71.18,0.0,-0.0,0.0,413.79,1.36,191.0,97656.0,True,9,21,274
2008-09-30 22:00:00,27.08,74.48,0.0,-0.0,0.0,411.53,1.38,199.0,97704.0,True,9,22,274
2008-09-30 23:00:00,26.53,77.78,0.0,-0.0,0.0,409.28,1.39,209.0,97675.0,True,9,23,274
2015-10-01 00:00:00,25.98,81.09,0.0,-0.0,0.0,407.02,1.41,185.0,97578.0,True,10,0,274
2015-10-01 01:00:00,25.43,84.39,0.0,-0.0,0.0,404.76,1.43,188.0,97540.0,True,10,1,274
2015-10-01 02:00:00,24.87,87.69,0.0,-0.0,0.0,402.5,1.44,190.0,97482.0,True,10,2,274
2015-10-01 03:00:00,24.32,90.99,0.0,-0.0,0.0,400.25,1.46,190.0,97463.0,True,10,3,274
2015-10-01 04:00:00,23.77,94.29,0.0,-0.0,0.0,397.99,1.48,199.0,97453.0,True,10,4,274
2015-10-01 05:00:00,23.22,97.59,0.0,-0.0,0.0,395.73,1.49,204.0,97472.0,True,10,5,274
2015-10-01 06:00:00,22.67,100.0,0.0,0.0,0.0,393.48,1.51,202.0,97472.0,True,10,6,274
2015-10-01 07:00:00,22.11,100.0,0.0,0.0,0.0,391.22,1.53,196.0,97530.0,True,10,7,274
2015-10-01 08:00:00,26.08,86.55,370.0,268.73,230.0,395.65,1.66,202.0,97598.0,True,10,8,274
2015-10-01 09:00:00,27.67,80.3,549.0,320.59,320.0,404.05,1.52,208.0,97636.0,True,10,9,274
2015-10-01 10:00:00,29.5,70.9,872.0,833.15,157.0,412.25,1.1,192.0,97636.0,True,10,10,274
2015-10-01 11:00:00,30.76,64.35,965.0,833.69,179.0,426.65,0.69,166.0,97607.0,True,10,11,274
2015-10-01 12:00:00,31.66,59.75,990.0,841.69,180.0,435.65,0.55,144.0,97501.0,True,10,12,274
2015-10-01 13:00:00,32.52,55.95,944.0,857.42,159.0,444.45,0.48,123.0,97385.0,True,10,13,274
2015-10-01 14:00:00,33.1,53.75,781.0,715.04,205.0,443.05,0.69,98.0,97328.0,True,10,14,274
2015-10-01 15:00:00,32.76,55.35,593.0,647.01,179.0,446.65,0.76,83.0,97279.0,True,10,15,274
2015-10-01 16:00:00,32.56,55.9,359.0,500.24,144.0,445.65,0.48,54.0,97357.0,True,10,16,274
2015-10-01 17:00:00,31.9,57.5,115.0,200.38,77.0,443.65,0.07,33.0,97357.0,True,10,17,274
2015-10-01 18:00:00,30.96,65.55,0.0,-0.0,0.0,445.45,0.62,208.0,97366.0,True,10,18,274
2015-10-01 19:00:00,28.53,76.75,0.0,-0.0,0.0,430.25,1.59,222.0,97405.0,True,10,19,274
2015-10-01 20:00:00,27.85,79.7,0.0,-0.0,0.0,423.85,1.52,226.0,97492.0,True,10,20,274
2015-10-01 21:00:00,27.1,82.75,0.0,-0.0,0.0,423.65,0.9,299.0,97617.0,True,10,21,274
2015-10-01 22:00:00,26.29,87.35,0.0,-0.0,0.0,424.05,1.1,298.0,97569.0,True,10,22,274
2015-10-01 23:00:00,26.01,89.1,0.0,-0.0,0.0,423.45,1.38,250.0,97549.0,True,10,23,274
2015-10-02 00:00:00,25.67,89.65,0.0,-0.0,0.0,414.25,1.86,238.0,97521.0,True,10,0,275
2015-10-02 01:00:00,25.36,89.7,0.0,-0.0,0.0,404.05,2.14,236.0,97414.0,True,10,1,275
2015-10-02 02:00:00,25.05,90.1,0.0,-0.0,0.0,399.45,2.21,233.0,97366.0,True,10,2,275
2015-10-02 03:00:00,24.8,90.75,0.0,-0.0,0.0,395.6,2.28,229.0,97318.0,True,10,3,275
2015-10-02 04:00:00,24.55,91.7,0.0,-0.0,0.0,391.65,2.14,231.0,97328.0,True,10,4,275
2015-10-02 05:00:00,24.34,92.65,0.0,-0.0,0.0,393.65,2.0,243.0,97357.0,True,10,5,275
2015-10-02 06:00:00,24.11,93.6,0.0,0.0,0.0,391.0,1.86,258.0,97376.0,True,10,6,275
2015-10-02 07:00:00,25.48,89.55,198.0,285.15,115.0,393.05,2.0,250.0,97414.0,True,10,7,275
2015-10-02 08:00:00,27.17,82.65,437.0,493.79,180.0,402.05,2.21,255.0,97482.0,True,10,8,275
2015-10-02 09:00:00,28.96,75.4,668.0,661.52,196.0,407.25,2.28,257.0,97530.0,True,10,9,275
2015-10-02 10:00:00,30.62,68.7,848.0,758.44,198.0,415.05,2.14,260.0,97482.0,True,10,10,275
2015-10-02 11:00:00,31.88,64.05,959.0,818.06,189.0,424.85,1.72,265.0,97424.0,True,10,11,275
2015-10-02 12:00:00,32.84,59.6,983.0,825.65,190.0,439.65,1.17,279.0,97357.0,True,10,12,275
2015-10-02 13:00:00,33.51,56.25,927.0,811.34,186.0,449.25,0.9,282.0,97222.0,True,10,13,275
2015-10-02 14:00:00,34.06,53.7,792.0,755.89,185.0,445.65,0.83,272.0,97164.0,True,10,14,275
2015-10-02 15:00:00,34.35,51.75,567.0,561.88,209.0,445.25,0.76,277.0,97096.0,True,10,15,275
2015-10-02 16:00:00,34.32,51.1,332.0,386.47,167.0,447.65,0.9,281.0,97067.0,True,10,16,275
2015-10-02 17:00:00,33.9,52.9,100.0,128.5,76.0,441.85,0.9,294.0,97077.0,True,10,17,275
2015-10-02 18:00:00,32.46,61.3,0.0,-0.0,0.0,443.45,1.31,271.0,97067.0,True,10,18,275
2015-10-02 19:00:00,31.24,64.8,0.0,-0.0,0.0,434.45,1.86,300.0,97164.0,True,10,19,275
2015-10-02 20:00:00,29.66,67.3,0.0,-0.0,0.0,428.85,1.79,343.0,97241.0,True,10,20,275
2015-10-02 21:00:00,28.23,73.35,0.0,-0.0,0.0,425.25,1.52,99.0,97337.0,True,10,21,275
2015-10-02 22:00:00,26.8,82.2,0.0,-0.0,0.0,422.45,4.41,156.0,97472.0,True,10,22,275
2015-10-02 23:00:00,25.33,86.8,0.0,-0.0,0.0,419.65,3.79,184.0,97549.0,True,10,23,275
2015-10-03 00:00:00,24.99,87.3,0.0,-0.0,0.0,405.25,2.55,218.0,97405.0,True,10,0,276
2015-10-03 01:00:00,24.64,88.1,0.0,-0.0,0.0,393.65,2.28,216.0,97366.0,True,10,1,276
2015-10-03 02:00:00,24.27,89.2,0.0,-0.0,0.0,389.0,1.66,210.0,97299.0,True,10,2,276
2015-10-03 03:00:00,23.95,90.35,0.0,-0.0,0.0,385.6,1.59,215.0,97328.0,True,10,3,276
2015-10-03 04:00:00,23.69,91.5,0.0,-0.0,0.0,385.2,1.79,224.0,97405.0,True,10,4,276
2015-10-03 05:00:00,23.57,92.0,0.0,-0.0,0.0,386.8,1.79,239.0,97453.0,True,10,5,276
2015-10-03 06:00:00,23.59,91.8,0.0,0.0,0.0,395.85,1.66,237.0,97511.0,True,10,6,276
2015-10-03 07:00:00,24.1,90.95,151.0,99.73,122.0,401.45,3.24,216.0,97559.0,True,10,7,276
2015-10-03 08:00:00,24.97,86.9,329.0,169.26,241.0,410.85,2.9,221.0,97588.0,True,10,8,276
2015-10-03 09:00:00,26.84,79.45,533.0,289.07,327.0,425.25,2.62,233.0,97656.0,True,10,9,276
2015-10-03 10:00:00,28.32,74.4,697.0,375.08,376.0,427.05,2.21,247.0,97665.0,True,10,10,276
2015-10-03 11:00:00,29.84,68.25,811.0,452.29,386.0,439.05,1.52,240.0,97617.0,True,10,11,276
2015-10-03 12:00:00,31.0,62.65,815.0,424.62,408.0,446.65,1.31,200.0,97598.0,True,10,12,276
2015-10-03 13:00:00,31.61,59.35,798.0,480.77,360.0,456.45,1.52,184.0,97501.0,True,10,13,276
2015-10-03 14:00:00,32.18,56.45,724.0,558.41,277.0,454.85,1.45,183.0,97443.0,True,10,14,276
2015-10-03 15:00:00,32.48,54.2,529.0,442.93,248.0,446.65,1.17,189.0,97366.0,True,10,15,276
2015-10-03 16:00:00,32.17,54.55,319.0,344.25,173.0,436.05,1.03,206.0,97337.0,True,10,16,276
2015-10-03 17:00:00,31.7,56.9,116.0,239.24,72.0,428.25,1.1,237.0,97357.0,True,10,17,276
2015-10-03 18:00:00,30.07,65.45,0.0,-0.0,0.0,420.65,1.24,270.0,97357.0,True,10,18,276
2015-10-03 19:00:00,28.77,76.25,0.0,-0.0,0.0,421.05,0.9,218.0,97434.0,True,10,19,276
2015-10-03 20:00:00,27.91,77.8,0.0,-0.0,0.0,414.45,1.24,183.0,97511.0,True,10,20,276
2015-10-03 21:00:00,27.31,79.35,0.0,-0.0,0.0,412.45,1.59,167.0,97665.0,True,10,21,276
2015-10-03 22:00:00,26.84,81.0,0.0,-0.0,0.0,411.25,1.66,181.0,97675.0,True,10,22,276
2015-10-03 23:00:00,26.45,82.8,0.0,-0.0,0.0,411.25,1.66,192.0,97665.0,True,10,23,276
2015-10-04 00:00:00,26.06,84.6,0.0,-0.0,0.0,409.05,1.66,200.0,97636.0,True,10,0,277
2015-10-04 01:00:00,25.65,86.4,0.0,-0.0,0.0,401.45,1.79,197.0,97636.0,True,10,1,277
2015-10-04 02:00:00,25.34,87.7,0.0,-0.0,0.0,397.65,2.21,190.0,97646.0,True,10,2,277
2015-10-04 03:00:00,25.15,88.6,0.0,-0.0,0.0,398.45,2.34,188.0,97656.0,True,10,3,277
2015-10-04 04:00:00,24.96,89.55,0.0,-0.0,0.0,400.25,2.07,197.0,97713.0,True,10,4,277
2015-10-04 05:00:00,24.66,91.05,0.0,-0.0,0.0,396.65,1.79,215.0,97704.0,True,10,5,277
2015-10-04 06:00:00,24.43,92.35,0.0,0.0,0.0,399.65,1.45,229.0,97752.0,True,10,6,277
2015-10-04 07:00:00,25.49,87.6,122.0,37.87,111.0,398.85,2.0,213.0,97791.0,True,10,7,277
2015-10-04 08:00:00,26.96,82.0,456.0,579.6,155.0,404.25,2.55,215.0,97858.0,True,10,8,277
2015-10-04 09:00:00,28.57,73.55,660.0,636.48,207.0,409.25,2.83,225.0,97858.0,True,10,9,277
2015-10-04 10:00:00,29.73,67.6,855.0,788.73,181.0,422.85,1.86,225.0,97877.0,True,10,10,277
2015-10-04 11:00:00,30.61,64.4,956.0,818.73,188.0,430.65,1.03,232.0,97848.0,True,10,11,277
2015-10-04 12:00:00,31.01,63.1,979.0,825.91,189.0,433.85,0.55,248.0,97810.0,True,10,12,277
2015-10-04 13:00:00,31.52,63.0,928.0,825.32,178.0,443.85,0.55,256.0,97685.0,True,10,13,277
2015-10-04 14:00:00,31.63,63.85,782.0,740.66,191.0,443.45,0.48,247.0,97578.0,True,10,14,277
2015-10-04 15:00:00,31.27,65.95,595.0,682.32,164.0,446.25,0.48,307.0,97559.0,True,10,15,277
2015-10-04 16:00:00,29.3,71.85,346.0,474.75,146.0,439.05,0.97,29.0,97521.0,True,10,16,277
2015-10-04 17:00:00,27.63,78.8,110.0,209.84,72.0,428.25,1.17,29.0,97501.0,True,10,17,277
2015-10-04 18:00:00,26.91,82.05,0.0,-0.0,0.0,424.45,0.97,81.0,97501.0,True,10,18,277
2015-10-04 19:00:00,28.1,72.95,0.0,-0.0,0.0,418.45,1.31,105.0,97617.0,True,10,19,277
2015-10-04 20:00:00,27.24,78.4,0.0,-0.0,0.0,417.05,1.31,119.0,97723.0,True,10,20,277
2015-10-04 21:00:00,26.71,82.8,0.0,-0.0,0.0,420.85,1.03,86.0,97810.0,True,10,21,277
2015-10-04 22:00:00,26.81,80.65,0.0,-0.0,0.0,419.65,0.76,44.0,97800.0,True,10,22,277
2015-10-04 23:00:00,27.3,75.55,0.0,-0.0,0.0,417.65,0.21,355.0,97742.0,True,10,23,277
2015-10-05 00:00:00,27.0,77.3,0.0,-0.0,0.0,415.45,0.28,210.0,97733.0,True,10,0,278
2015-10-05 01:00:00,25.59,87.35,0.0,-0.0,0.0,413.45,0.9,214.0,97704.0,True,10,1,278
2015-10-05 02:00:00,24.91,90.75,0.0,-0.0,0.0,407.25,1.17,226.0,97665.0,True,10,2,278
2015-10-05 03:00:00,24.55,92.25,0.0,-0.0,0.0,404.85,1.17,230.0,97636.0,True,10,3,278
2015-10-05 04:00:00,24.29,93.45,0.0,-0.0,0.0,404.05,0.97,237.0,97646.0,True,10,4,278
2015-10-05 05:00:00,24.42,92.3,0.0,-0.0,0.0,404.05,0.69,235.0,97704.0,True,10,5,278
2015-10-05 06:00:00,23.94,95.25,0.0,0.0,0.0,406.05,0.97,203.0,97752.0,True,10,6,278
2015-10-05 07:00:00,25.11,92.4,139.0,68.95,119.0,420.85,0.62,179.0,97791.0,True,10,7,278
2015-10-05 08:00:00,26.07,88.75,443.0,524.41,171.0,424.45,0.48,188.0,97839.0,True,10,8,278
2015-10-05 09:00:00,27.03,84.3,588.0,422.08,288.0,428.05,0.9,131.0,97877.0,True,10,9,278
2015-10-05 10:00:00,28.49,76.65,649.0,287.15,404.0,424.45,1.17,129.0,97935.0,True,10,10,278
2015-10-05 11:00:00,28.44,74.6,720.0,290.49,448.0,437.25,1.1,133.0,97877.0,True,10,11,278
2015-10-05 12:00:00,29.47,66.45,774.0,355.16,435.0,433.85,1.03,129.0,97800.0,True,10,12,278
2015-10-05 13:00:00,29.47,66.15,840.0,586.93,308.0,431.25,1.1,112.0,97704.0,True,10,13,278
2015-10-05 14:00:00,30.02,64.9,664.0,414.9,334.0,427.65,1.31,78.0,97646.0,True,10,14,278
2015-10-05 15:00:00,29.81,66.35,615.0,775.92,127.0,428.85,1.38,49.0,97617.0,True,10,15,278
2015-10-05 16:00:00,29.05,68.95,318.0,358.46,168.0,430.25,2.14,52.0,97569.0,True,10,16,278
2015-10-05 17:00:00,26.83,81.4,87.0,89.74,71.0,426.65,2.34,114.0,97549.0,True,10,17,278
2015-10-05 18:00:00,25.7,85.95,0.0,-0.0,0.0,424.85,1.86,141.0,97656.0,True,10,18,278
2015-10-05 19:00:00,26.54,78.7,0.0,-0.0,0.0,409.85,1.38,115.0,97733.0,True,10,19,278
2015-10-05 20:00:00,26.02,81.4,0.0,-0.0,0.0,415.05,1.52,148.0,97781.0,True,10,20,278
2015-10-05 21:00:00,25.52,84.2,0.0,-0.0,0.0,410.05,1.38,131.0,97810.0,True,10,21,278
2015-10-05 22:00:00,25.13,86.0,0.0,-0.0,0.0,407.65,1.45,139.0,97791.0,True,10,22,278
2015-10-05 23:00:00,24.69,88.4,0.0,-0.0,0.0,402.45,1.31,157.0,97800.0,True,10,23,278
2015-10-06 00:00:00,24.2,91.95,0.0,-0.0,0.0,402.05,0.97,174.0,97771.0,True,10,0,279
2015-10-06 01:00:00,23.99,92.65,0.0,-0.0,0.0,402.25,0.76,185.0,97694.0,True,10,1,279
2015-10-06 02:00:00,23.75,93.45,0.0,-0.0,0.0,398.65,0.76,188.0,97656.0,True,10,2,279
2015-10-06 03:00:00,23.65,93.65,0.0,-0.0,0.0,397.05,0.62,193.0,97636.0,True,10,3,279
2015-10-06 04:00:00,23.47,94.8,0.0,-0.0,0.0,403.85,0.69,197.0,97675.0,True,10,4,279
2015-10-06 05:00:00,23.29,96.15,0.0,-0.0,0.0,407.65,0.97,216.0,97685.0,True,10,5,279
2015-10-06 06:00:00,23.51,94.75,0.0,0.0,0.0,407.85,1.31,232.0,97733.0,True,10,6,279
2015-10-06 07:00:00,24.53,91.05,178.0,193.34,122.0,389.2,1.03,224.0,97733.0,True,10,7,279
2015-10-06 08:00:00,26.55,81.6,377.0,291.52,226.0,394.05,0.9,215.0,97820.0,True,10,8,279
2015-10-06 09:00:00,28.12,74.5,483.0,197.25,343.0,403.45,0.76,212.0,97877.0,True,10,9,279
2015-10-06 10:00:00,29.55,68.35,377.0,19.96,360.0,412.65,0.83,215.0,97974.0,True,10,10,279
2015-10-06 11:00:00,30.73,63.3,849.0,543.53,341.0,419.85,0.9,212.0,97820.0,True,10,11,279
2015-10-06 12:00:00,31.45,60.3,885.0,585.87,327.0,424.25,0.97,206.0,97762.0,True,10,12,279
2015-10-06 13:00:00,31.71,59.4,868.0,665.89,266.0,433.45,0.97,213.0,97656.0,True,10,13,279
2015-10-06 14:00:00,31.76,59.45,722.0,568.89,271.0,433.65,0.76,240.0,97588.0,True,10,14,279
2015-10-06 15:00:00,31.73,59.95,385.0,134.14,301.0,432.85,0.76,263.0,97549.0,True,10,15,279
2015-10-06 16:00:00,31.53,60.55,367.0,606.27,115.0,433.45,0.9,273.0,97559.0,True,10,16,279
2015-10-06 17:00:00,29.8,66.2,101.0,170.93,71.0,430.25,0.69,302.0,97607.0,True,10,17,279
2015-10-06 18:00:00,29.16,69.1,0.0,-0.0,0.0,429.25,0.69,323.0,97607.0,True,10,18,279
2015-10-06 19:00:00,29.06,64.9,0.0,-0.0,0.0,416.25,0.41,301.0,97656.0,True,10,19,279
2015-10-06 20:00:00,28.6,66.95,0.0,-0.0,0.0,415.05,0.41,280.0,97733.0,True,10,20,279
2015-10-06 21:00:00,26.77,80.6,0.0,-0.0,0.0,411.65,1.03,243.0,97781.0,True,10,21,279
2015-10-06 22:00:00,25.91,82.95,0.0,-0.0,0.0,406.45,1.45,240.0,97781.0,True,10,22,279
2015-10-06 23:00:00,25.77,81.8,0.0,-0.0,0.0,408.85,1.66,231.0,97704.0,True,10,23,279
2015-10-07 00:00:00,25.62,81.65,0.0,-0.0,0.0,404.65,1.86,227.0,97656.0,True,10,0,280
2015-10-07 01:00:00,25.37,82.5,0.0,-0.0,0.0,398.25,2.07,224.0,97588.0,True,10,1,280
2015-10-07 02:00:00,25.18,83.2,0.0,-0.0,0.0,399.45,2.07,226.0,97511.0,True,10,2,280
2015-10-07 03:00:00,24.86,85.1,0.0,-0.0,0.0,391.05,1.93,237.0,97530.0,True,10,3,280
2015-10-07 04:00:00,24.47,87.2,0.0,-0.0,0.0,387.8,1.79,272.0,97578.0,True,10,4,280
2015-10-07 05:00:00,24.29,88.05,0.0,-0.0,0.0,390.6,2.0,293.0,97617.0,True,10,5,280
2015-10-07 06:00:00,24.18,88.7,0.0,0.0,0.0,393.25,1.72,288.0,97665.0,True,10,6,280
2015-10-07 07:00:00,25.58,84.25,201.0,304.31,113.0,394.25,1.59,247.0,97742.0,True,10,7,280
2015-10-07 08:00:00,27.58,76.75,455.0,580.0,155.0,400.65,1.86,246.0,97771.0,True,10,8,280
2015-10-07 09:00:00,29.3,69.8,680.0,715.42,173.0,408.05,2.21,250.0,97810.0,True,10,9,280
2015-10-07 10:00:00,30.71,63.9,847.0,773.72,189.0,417.05,2.34,256.0,97781.0,True,10,10,280
2015-10-07 11:00:00,31.64,59.9,952.0,818.99,188.0,424.85,2.28,261.0,97704.0,True,10,11,280
2015-10-07 12:00:00,32.37,56.85,974.0,824.97,190.0,427.85,2.21,270.0,97598.0,True,10,12,280
2015-10-07 13:00:00,32.97,54.35,901.0,764.14,212.0,433.05,2.14,276.0,97472.0,True,10,13,280
2015-10-07 14:00:00,33.33,52.15,783.0,768.18,176.0,438.45,2.07,279.0,97376.0,True,10,14,280
2015-10-07 15:00:00,33.39,51.1,567.0,604.69,190.0,433.25,2.07,276.0,97299.0,True,10,15,280
2015-10-07 16:00:00,33.2,51.2,329.0,423.86,154.0,430.85,1.86,265.0,97279.0,True,10,16,280
2015-10-07 17:00:00,31.2,58.35,84.0,86.82,69.0,433.25,1.45,224.0,97279.0,True,10,17,280
2015-10-07 18:00:00,28.87,70.7,0.0,-0.0,0.0,438.25,2.83,175.0,97395.0,True,10,18,280
2015-10-07 19:00:00,29.02,67.2,0.0,-0.0,0.0,421.05,2.69,189.0,97492.0,True,10,19,280
2015-10-07 20:00:00,27.98,74.4,0.0,-0.0,0.0,422.65,2.9,189.0,97617.0,True,10,20,280
2015-10-07 21:00:00,27.11,80.25,0.0,-0.0,0.0,415.25,2.69,192.0,97685.0,True,10,21,280
2015-10-07 22:00:00,26.41,84.35,0.0,-0.0,0.0,411.05,2.9,195.0,97675.0,True,10,22,280
2015-10-07 23:00:00,25.9,86.25,0.0,-0.0,0.0,408.85,3.17,198.0,97665.0,True,10,23,280
2015-10-08 00:00:00,25.59,87.15,0.0,-0.0,0.0,413.05,3.24,203.0,97636.0,True,10,0,281
2015-10-08 01:00:00,25.22,88.65,0.0,-0.0,0.0,411.45,2.97,210.0,97578.0,True,10,1,281
2015-10-08 02:00:00,24.99,89.55,0.0,-0.0,0.0,420.05,2.34,216.0,97521.0,True,10,2,281
2015-10-08 03:00:00,24.69,90.4,0.0,-0.0,0.0,409.45,2.34,220.0,97492.0,True,10,3,281
2015-10-08 04:00:00,24.55,90.3,0.0,-0.0,0.0,415.45,2.21,220.0,97540.0,True,10,4,281
2015-10-08 05:00:00,24.36,90.15,0.0,-0.0,0.0,408.05,2.34,223.0,97569.0,True,10,5,281
2015-10-08 06:00:00,24.03,91.0,0.0,0.0,0.0,394.25,2.14,223.0,97598.0,True,10,6,281
2015-10-08 07:00:00,24.35,88.0,205.0,332.56,109.0,390.0,2.76,220.0,97704.0,True,10,7,281
2015-10-08 08:00:00,25.71,82.4,444.0,534.42,168.0,395.05,2.97,223.0,97742.0,True,10,8,281
2015-10-08 09:00:00,27.6,75.05,668.0,675.57,190.0,399.25,3.17,229.0,97791.0,True,10,9,281
2015-10-08 10:00:00,29.31,68.6,837.0,744.44,205.0,406.05,3.03,235.0,97839.0,True,10,10,281
2015-10-08 11:00:00,30.79,62.8,945.0,803.4,197.0,413.25,2.69,240.0,97704.0,True,10,11,281
2015-10-08 12:00:00,31.85,58.2,972.0,824.72,190.0,420.85,2.34,241.0,97617.0,True,10,12,281
2015-10-08 13:00:00,32.63,54.05,918.0,824.01,177.0,425.05,2.0,237.0,97492.0,True,10,13,281
2015-10-08 14:00:00,32.92,51.9,781.0,768.19,176.0,431.65,1.86,230.0,97414.0,True,10,14,281
2015-10-08 15:00:00,32.98,51.05,565.0,604.13,190.0,429.45,1.86,224.0,97357.0,True,10,15,281
2015-10-08 16:00:00,32.72,51.6,328.0,431.59,151.0,426.85,2.0,216.0,97347.0,True,10,16,281
2015-10-08 17:00:00,31.86,56.15,102.0,199.92,68.0,423.45,1.72,201.0,97308.0,True,10,17,281
2015-10-08 18:00:00,30.38,62.95,0.0,-0.0,0.0,418.65,1.86,186.0,97366.0,True,10,18,281
2015-10-08 19:00:00,29.02,69.85,0.0,-0.0,0.0,414.25,1.93,180.0,97463.0,True,10,19,281
2015-10-08 20:00:00,28.09,74.75,0.0,-0.0,0.0,409.65,2.07,176.0,97549.0,True,10,20,281
2015-10-08 21:00:00,27.41,78.4,0.0,-0.0,0.0,407.25,2.14,173.0,97685.0,True,10,21,281
2015-10-08 22:00:00,26.92,81.0,0.0,-0.0,0.0,408.65,2.14,173.0,97675.0,True,10,22,281
2015-10-08 23:00:00,26.52,82.9,0.0,-0.0,0.0,407.25,2.07,178.0,97685.0,True,10,23,281
2015-10-09 00:00:00,26.15,84.35,0.0,-0.0,0.0,404.65,2.14,183.0,97617.0,True,10,0,282
2015-10-09 01:00:00,25.92,85.05,0.0,-0.0,0.0,407.25,2.21,183.0,97588.0,True,10,1,282
2015-10-09 02:00:00,25.52,86.4,0.0,-0.0,0.0,400.45,2.21,181.0,97530.0,True,10,2,282
2015-10-09 03:00:00,25.18,87.45,0.0,-0.0,0.0,397.45,2.21,178.0,97521.0,True,10,3,282
2015-10-09 04:00:00,24.78,88.85,0.0,-0.0,0.0,393.4,2.21,177.0,97521.0,True,10,4,282
2015-10-09 05:00:00,24.43,89.9,0.0,-0.0,0.0,391.25,2.21,179.0,97559.0,True,10,5,282
2015-10-09 06:00:00,24.04,91.35,0.0,0.0,0.0,387.0,2.21,183.0,97607.0,True,10,6,282
2015-10-09 07:00:00,25.05,86.8,210.0,360.97,106.0,387.8,2.21,201.0,97694.0,True,10,7,282
2015-10-09 08:00:00,26.46,81.45,462.0,612.88,146.0,393.85,2.14,208.0,97752.0,True,10,8,282
2015-10-09 09:00:00,28.04,75.55,686.0,743.23,161.0,401.65,2.21,208.0,97810.0,True,10,9,282
2015-10-09 10:00:00,29.46,68.3,840.0,758.75,197.0,409.85,2.41,210.0,97810.0,True,10,10,282
2015-10-09 11:00:00,30.53,63.05,892.0,658.64,280.0,429.05,2.07,202.0,97704.0,True,10,11,282
2015-10-09 12:00:00,31.35,58.8,943.0,749.45,234.0,424.05,1.93,196.0,97598.0,True,10,12,282
2015-10-09 13:00:00,31.95,56.75,836.0,598.77,299.0,433.45,1.93,192.0,97501.0,True,10,13,282
2015-10-09 14:00:00,32.24,56.25,765.0,724.88,196.0,428.45,1.86,193.0,97414.0,True,10,14,282
2015-10-09 15:00:00,32.1,57.05,540.0,522.65,217.0,434.05,1.66,199.0,97385.0,True,10,15,282
2015-10-09 16:00:00,31.73,58.5,367.0,652.98,101.0,435.05,1.52,218.0,97279.0,True,10,16,282
2015-10-09 17:00:00,29.96,65.95,68.0,41.82,61.0,432.85,1.38,236.0,97347.0,True,10,17,282
2015-10-09 18:00:00,29.33,69.55,0.0,-0.0,0.0,431.85,1.24,196.0,97424.0,True,10,18,282
2015-10-09 19:00:00,28.42,73.4,0.0,-0.0,0.0,418.65,1.66,177.0,97511.0,True,10,19,282
2015-10-09 20:00:00,27.65,77.25,0.0,-0.0,0.0,412.85,1.79,179.0,97636.0,True,10,20,282
2015-10-09 21:00:00,27.15,79.75,0.0,-0.0,0.0,420.25,1.72,181.0,97752.0,True,10,21,282
2015-10-09 22:00:00,26.5,83.3,0.0,-0.0,0.0,407.45,1.66,182.0,97742.0,True,10,22,282
2015-10-09 23:00:00,25.99,85.5,0.0,-0.0,0.0,405.25,1.66,182.0,97752.0,True,10,23,282
2015-10-10 00:00:00,25.53,87.35,0.0,-0.0,0.0,402.05,1.66,182.0,97752.0,True,10,0,283
2015-10-10 01:00:00,25.18,88.7,0.0,-0.0,0.0,402.65,1.72,178.0,97675.0,True,10,1,283
2015-10-10 02:00:00,24.92,89.55,0.0,-0.0,0.0,403.25,1.72,172.0,97617.0,True,10,2,283
2015-10-10 03:00:00,24.69,90.3,0.0,-0.0,0.0,402.25,1.59,180.0,97598.0,True,10,3,283
2015-10-10 04:00:00,24.4,91.3,0.0,-0.0,0.0,395.25,1.66,192.0,97598.0,True,10,4,283
2015-10-10 05:00:00,24.15,92.2,0.0,-0.0,0.0,393.45,1.72,199.0,97646.0,True,10,5,283
2015-10-10 06:00:00,23.92,93.1,0.0,0.0,0.0,390.6,1.72,206.0,97694.0,True,10,6,283
2015-10-10 07:00:00,25.09,87.7,219.0,420.84,98.0,391.4,2.14,194.0,97762.0,True,10,7,283
2015-10-10 08:00:00,26.5,81.45,466.0,637.26,138.0,395.05,2.76,199.0,97781.0,True,10,8,283
2015-10-10 09:00:00,28.02,73.1,685.0,743.1,161.0,404.65,2.83,204.0,97848.0,True,10,9,283
2015-10-10 10:00:00,29.13,67.2,853.0,802.72,174.0,417.25,2.41,201.0,97848.0,True,10,10,283
2015-10-10 11:00:00,30.2,62.1,937.0,787.25,207.0,425.45,2.14,193.0,97713.0,True,10,11,283
2015-10-10 12:00:00,30.84,59.2,851.0,523.4,357.0,421.25,1.79,185.0,97646.0,True,10,12,283
2015-10-10 13:00:00,31.3,57.2,874.0,705.51,243.0,429.25,1.66,178.0,97530.0,True,10,13,283
2015-10-10 14:00:00,31.53,56.1,606.0,311.89,362.0,428.45,1.66,171.0,97482.0,True,10,14,283
2015-10-10 15:00:00,31.36,56.4,391.0,152.77,297.0,432.05,1.59,170.0,97434.0,True,10,15,283
2015-10-10 16:00:00,30.49,59.55,300.0,328.68,167.0,428.45,1.52,174.0,97434.0,True,10,16,283
2015-10-10 17:00:00,29.09,64.45,62.0,30.35,57.0,422.45,1.31,171.0,97482.0,True,10,17,283
2015-10-10 18:00:00,28.45,67.85,0.0,-0.0,0.0,421.05,1.66,158.0,97521.0,True,10,18,283
2015-10-10 19:00:00,27.48,77.1,0.0,-0.0,0.0,420.65,1.17,169.0,97588.0,True,10,19,283
2015-10-10 20:00:00,26.96,80.1,0.0,-0.0,0.0,412.45,1.38,172.0,97656.0,True,10,20,283
2015-10-10 21:00:00,26.5,83.05,0.0,-0.0,0.0,411.45,1.45,182.0,97829.0,True,10,21,283
2015-10-10 22:00:00,26.02,86.05,0.0,-0.0,0.0,409.65,1.31,207.0,97781.0,True,10,22,283
2015-10-10 23:00:00,25.62,88.0,0.0,-0.0,0.0,406.45,1.38,209.0,97781.0,True,10,23,283
2015-10-11 00:00:00,25.19,90.3,0.0,-0.0,0.0,404.45,1.17,198.0,97752.0,True,10,0,284
2015-10-11 01:00:00,24.85,91.8,0.0,-0.0,0.0,404.65,1.1,186.0,97704.0,True,10,1,284
2015-10-11 02:00:00,24.64,92.35,0.0,-0.0,0.0,405.85,1.24,184.0,97665.0,True,10,2,284
2015-10-11 03:00:00,24.6,91.8,0.0,-0.0,0.0,410.85,1.45,188.0,97665.0,True,10,3,284
2015-10-11 04:00:00,24.54,91.05,0.0,-0.0,0.0,417.85,1.38,196.0,97656.0,True,10,4,284
2015-10-11 05:00:00,24.5,90.4,0.0,-0.0,0.0,417.65,1.1,211.0,97704.0,True,10,5,284
2015-10-11 06:00:00,24.41,90.4,0.0,0.0,0.0,412.85,1.1,212.0,97742.0,True,10,6,284
2015-10-11 07:00:00,24.76,87.5,224.0,463.62,91.0,400.05,1.66,206.0,97800.0,True,10,7,284
2015-10-11 08:00:00,25.85,82.55,463.0,624.8,142.0,403.65,1.86,206.0,97848.0,True,10,8,284
2015-10-11 09:00:00,27.59,75.1,688.0,757.24,155.0,406.85,2.0,203.0,97906.0,True,10,9,284
2015-10-11 10:00:00,29.39,65.5,847.0,787.68,182.0,414.05,2.0,197.0,97897.0,True,10,10,284
2015-10-11 11:00:00,30.48,59.3,935.0,787.82,206.0,418.65,1.86,182.0,97771.0,True,10,11,284
2015-10-11 12:00:00,31.17,56.65,950.0,778.46,217.0,422.85,1.86,169.0,97723.0,True,10,12,284
2015-10-11 13:00:00,31.69,55.65,872.0,705.22,243.0,426.65,1.86,163.0,97617.0,True,10,13,284
2015-10-11 14:00:00,31.91,55.7,697.0,532.25,282.0,435.05,1.72,166.0,97521.0,True,10,14,284
2015-10-11 15:00:00,31.77,56.55,582.0,701.95,152.0,433.25,1.45,168.0,97482.0,True,10,15,284
2015-10-11 16:00:00,30.68,60.25,347.0,564.75,120.0,439.85,1.31,164.0,97463.0,True,10,16,284
2015-10-11 17:00:00,28.64,68.45,107.0,289.83,60.0,428.65,1.03,152.0,97472.0,True,10,17,284
2015-10-11 18:00:00,28.17,70.3,0.0,-0.0,0.0,417.25,0.62,116.0,97443.0,True,10,18,284
2015-10-11 19:00:00,27.87,70.9,0.0,-0.0,0.0,418.45,0.07,149.0,97588.0,True,10,19,284
2015-10-11 20:00:00,27.4,76.2,0.0,-0.0,0.0,421.05,0.34,200.0,97694.0,True,10,20,284
2015-10-11 21:00:00,26.55,83.65,0.0,-0.0,0.0,419.25,0.69,226.0,97781.0,True,10,21,284
2015-10-11 22:00:00,25.77,86.05,0.0,-0.0,0.0,407.85,1.1,249.0,97762.0,True,10,22,284
2015-10-11 23:00:00,25.34,88.05,0.0,-0.0,0.0,408.45,1.03,235.0,97858.0,True,10,23,284
2015-10-12 00:00:00,25.11,88.95,0.0,-0.0,0.0,408.65,0.9,215.0,97791.0,True,10,0,285
2015-10-12 01:00:00,24.63,91.0,0.0,-0.0,0.0,403.45,1.1,210.0,97762.0,True,10,1,285
2015-10-12 02:00:00,24.54,91.6,0.0,-0.0,0.0,409.45,1.1,216.0,97694.0,True,10,2,285
2015-10-12 03:00:00,24.31,92.75,0.0,-0.0,0.0,406.05,0.97,236.0,97675.0,True,10,3,285
2015-10-12 04:00:00,24.1,93.35,0.0,-0.0,0.0,403.25,0.97,256.0,97685.0,True,10,4,285
2015-10-12 05:00:00,23.75,94.55,0.0,-0.0,0.0,398.65,1.03,265.0,97675.0,True,10,5,285
2015-10-12 06:00:00,23.64,94.4,0.0,0.0,0.0,396.45,0.9,276.0,97723.0,True,10,6,285
2015-10-12 07:00:00,25.11,88.65,231.0,510.16,85.0,392.8,0.76,233.0,97781.0,True,10,7,285
2015-10-12 08:00:00,27.25,78.4,470.0,661.12,131.0,397.25,0.97,222.0,97839.0,True,10,8,285
2015-10-12 09:00:00,29.06,69.65,557.0,355.85,307.0,405.25,0.9,220.0,97897.0,True,10,9,285
2015-10-12 10:00:00,30.5,63.7,846.0,788.05,182.0,415.05,0.41,221.0,97906.0,True,10,10,285
2015-10-12 11:00:00,31.55,58.95,943.0,817.67,188.0,424.85,0.0,297.0,97868.0,True,10,11,285
2015-10-12 12:00:00,32.46,55.1,900.0,650.46,289.0,432.05,0.28,6.0,97762.0,True,10,12,285
2015-10-12 13:00:00,33.15,53.15,869.0,704.94,242.0,443.25,0.34,25.0,97656.0,True,10,13,285
2015-10-12 14:00:00,33.36,52.6,665.0,454.27,312.0,441.45,0.34,48.0,97578.0,True,10,14,285
2015-10-12 15:00:00,33.24,50.1,566.0,649.3,170.0,444.65,0.55,82.0,97549.0,True,10,15,285
2015-10-12 16:00:00,31.53,56.6,294.0,320.57,166.0,444.85,1.1,91.0,97530.0,True,10,16,285
2015-10-12 17:00:00,29.65,65.8,99.0,231.82,62.0,434.05,1.1,38.0,97511.0,True,10,17,285
2015-10-12 18:00:00,28.84,70.05,0.0,-0.0,0.0,426.25,0.76,3.0,97492.0,True,10,18,285
2015-10-12 19:00:00,29.09,70.8,0.0,-0.0,0.0,425.45,0.21,256.0,97598.0,True,10,19,285
2015-10-12 20:00:00,28.43,75.25,0.0,-0.0,0.0,418.85,0.41,314.0,97713.0,True,10,20,285
2015-10-12 21:00:00,27.1,81.0,0.0,-0.0,0.0,419.85,1.72,13.0,97839.0,True,10,21,285
2015-10-12 22:00:00,25.4,88.0,0.0,-0.0,0.0,420.05,0.97,25.0,97926.0,True,10,22,285
2015-10-12 23:00:00,25.3,89.15,0.0,-0.0,0.0,422.45,1.03,258.0,97897.0,True,10,23,285
2015-10-13 00:00:00,25.01,90.6,0.0,-0.0,0.0,415.65,1.72,245.0,97791.0,True,10,0,286
2015-10-13 01:00:00,24.69,90.65,0.0,-0.0,0.0,406.85,1.93,245.0,97704.0,True,10,1,286
2015-10-13 02:00:00,24.48,90.3,0.0,-0.0,0.0,405.65,1.79,248.0,97607.0,True,10,2,286
2015-10-13 03:00:00,24.25,90.5,0.0,-0.0,0.0,402.05,1.59,248.0,97569.0,True,10,3,286
2015-10-13 04:00:00,24.05,90.9,0.0,-0.0,0.0,401.65,1.59,245.0,97578.0,True,10,4,286
2015-10-13 05:00:00,23.81,91.6,0.0,-0.0,0.0,398.45,1.59,244.0,97636.0,True,10,5,286
2015-10-13 06:00:00,23.59,92.55,0.0,0.0,0.0,394.85,1.66,255.0,97636.0,True,10,6,286
2015-10-13 07:00:00,24.72,91.4,219.0,427.4,97.0,392.25,1.17,270.0,97713.0,True,10,7,286
2015-10-13 08:00:00,26.71,82.55,469.0,660.52,131.0,399.85,1.38,262.0,97791.0,True,10,8,286
2015-10-13 09:00:00,28.74,72.7,689.0,770.14,149.0,403.85,1.45,267.0,97839.0,True,10,9,286
2015-10-13 10:00:00,30.45,64.55,853.0,818.19,165.0,413.65,1.38,282.0,97820.0,True,10,10,286
2015-10-13 11:00:00,31.68,58.75,947.0,833.58,179.0,423.45,1.24,302.0,97762.0,True,10,11,286
2015-10-13 12:00:00,32.59,54.9,977.0,871.89,160.0,431.85,0.97,320.0,97675.0,True,10,12,286
2015-10-13 13:00:00,33.24,52.05,926.0,886.19,140.0,436.05,0.9,346.0,97569.0,True,10,13,286
2015-10-13 14:00:00,33.86,49.55,789.0,839.32,139.0,437.45,1.03,6.0,97492.0,True,10,14,286
2015-10-13 15:00:00,33.61,48.55,573.0,686.75,156.0,439.05,1.17,20.0,97395.0,True,10,15,286
2015-10-13 16:00:00,33.55,47.6,338.0,539.52,124.0,443.85,1.03,29.0,97366.0,True,10,16,286
2015-10-13 17:00:00,33.05,51.55,101.0,267.35,59.0,436.65,0.48,47.0,97366.0,True,10,17,286
2015-10-13 18:00:00,31.66,62.2,0.0,-0.0,0.0,435.85,0.83,194.0,97385.0,True,10,18,286
2015-10-13 19:00:00,29.86,65.55,0.0,-0.0,0.0,425.85,1.17,283.0,97472.0,True,10,19,286
2015-10-13 20:00:00,28.96,67.15,0.0,-0.0,0.0,419.65,1.59,252.0,97521.0,True,10,20,286
2015-10-13 21:00:00,28.13,69.9,0.0,-0.0,0.0,410.45,1.86,241.0,97549.0,True,10,21,286
2015-10-13 22:00:00,27.62,71.85,0.0,-0.0,0.0,410.45,2.07,236.0,97521.0,True,10,22,286
2015-10-13 23:00:00,27.03,74.8,0.0,-0.0,0.0,400.85,2.21,234.0,97511.0,True,10,23,286
2015-10-14 00:00:00,26.51,78.0,0.0,-0.0,0.0,394.85,2.21,233.0,97492.0,True,10,0,287
2015-10-14 01:00:00,26.01,81.25,0.0,-0.0,0.0,392.05,2.07,228.0,97443.0,True,10,1,287
2015-10-14 02:00:00,25.56,84.25,0.0,-0.0,0.0,390.65,2.07,219.0,97434.0,True,10,2,287
2015-10-14 03:00:00,25.24,86.65,0.0,-0.0,0.0,391.85,2.0,215.0,97414.0,True,10,3,287
2015-10-14 04:00:00,24.95,88.75,0.0,-0.0,0.0,391.0,1.86,218.0,97405.0,True,10,4,287
2015-10-14 05:00:00,24.76,89.95,0.0,-0.0,0.0,393.25,1.79,226.0,97434.0,True,10,5,287
2015-10-14 06:00:00,24.58,90.85,0.0,0.0,0.0,391.4,1.86,229.0,97492.0,True,10,6,287
2015-10-14 07:00:00,25.81,86.35,220.0,442.63,94.0,395.05,2.07,226.0,97530.0,True,10,7,287
2015-10-14 08:00:00,27.81,78.05,465.0,648.23,134.0,399.05,2.9,225.0,97607.0,True,10,8,287
2015-10-14 09:00:00,29.62,70.7,684.0,756.0,155.0,408.05,3.45,227.0,97656.0,True,10,9,287
2015-10-14 10:00:00,31.16,63.85,843.0,787.73,182.0,417.25,3.72,234.0,97656.0,True,10,10,287
2015-10-14 11:00:00,32.37,58.6,935.0,802.81,197.0,428.05,3.66,239.0,97559.0,True,10,11,287
2015-10-14 12:00:00,33.21,54.85,933.0,747.82,234.0,432.45,3.24,242.0,97482.0,True,10,12,287
2015-10-14 13:00:00,33.73,52.4,825.0,598.13,296.0,437.85,2.76,247.0,97385.0,True,10,13,287
2015-10-14 14:00:00,34.09,51.2,673.0,485.87,298.0,438.25,2.48,249.0,97279.0,True,10,14,287
2015-10-14 15:00:00,33.93,51.5,555.0,623.61,178.0,439.25,2.21,247.0,97222.0,True,10,15,287
2015-10-14 16:00:00,33.46,52.6,346.0,601.46,109.0,441.85,2.07,242.0,97173.0,True,10,16,287
2015-10-14 17:00:00,31.7,58.9,105.0,323.36,55.0,437.65,1.31,227.0,97202.0,True,10,17,287
2015-10-14 18:00:00,30.79,63.3,0.0,-0.0,0.0,439.25,1.38,212.0,97270.0,True,10,18,287
2015-10-14 19:00:00,30.11,68.55,0.0,-0.0,0.0,434.65,1.52,200.0,97357.0,True,10,19,287
2015-10-14 20:00:00,29.32,72.9,0.0,-0.0,0.0,431.65,1.72,195.0,97453.0,True,10,20,287
2015-10-14 21:00:00,28.76,77.0,0.0,-0.0,0.0,432.45,1.86,194.0,97530.0,True,10,21,287
2015-10-14 22:00:00,28.25,79.75,0.0,-0.0,0.0,425.65,2.07,196.0,97559.0,True,10,22,287
2015-10-14 23:00:00,27.69,82.35,0.0,-0.0,0.0,416.25,2.21,200.0,97588.0,True,10,23,287
2015-10-15 00:00:00,27.29,84.15,0.0,-0.0,0.0,415.65,2.34,202.0,97559.0,True,10,0,288
2015-10-15 01:00:00,26.94,85.65,0.0,-0.0,0.0,415.25,2.34,206.0,97521.0,True,10,1,288
2015-10-15 02:00:00,26.53,87.3,0.0,-0.0,0.0,410.85,2.28,210.0,97472.0,True,10,2,288
2015-10-15 03:00:00,26.17,88.6,0.0,-0.0,0.0,411.25,2.21,212.0,97463.0,True,10,3,288
2015-10-15 04:00:00,25.69,90.25,0.0,-0.0,0.0,400.65,2.28,210.0,97472.0,True,10,4,288
2015-10-15 05:00:00,25.31,91.1,0.0,-0.0,0.0,398.85,2.21,212.0,97492.0,True,10,5,288
2015-10-15 06:00:00,24.96,91.75,0.0,0.0,0.0,394.05,2.07,216.0,97530.0,True,10,6,288
2015-10-15 07:00:00,25.8,87.95,210.0,380.51,102.0,395.25,2.14,226.0,97569.0,True,10,7,288
2015-10-15 08:00:00,27.47,80.6,459.0,624.17,141.0,395.45,2.34,235.0,97627.0,True,10,8,288
2015-10-15 09:00:00,29.33,73.25,679.0,741.85,161.0,403.25,2.41,245.0,97665.0,True,10,9,288
2015-10-15 10:00:00,31.02,65.8,841.0,788.23,181.0,413.05,2.41,253.0,97713.0,True,10,10,288
2015-10-15 11:00:00,32.42,58.9,928.0,787.21,206.0,420.85,2.07,255.0,97588.0,True,10,11,288
2015-10-15 12:00:00,33.59,50.9,957.0,823.7,189.0,430.05,1.45,238.0,97482.0,True,10,12,288
2015-10-15 13:00:00,34.23,46.85,911.0,852.7,159.0,435.25,1.52,223.0,97366.0,True,10,13,288
2015-10-15 14:00:00,34.71,43.55,767.0,777.45,169.0,433.25,1.59,208.0,97289.0,True,10,14,288
2015-10-15 15:00:00,34.76,41.85,534.0,551.58,202.0,432.25,1.59,195.0,97231.0,True,10,15,288
2015-10-15 16:00:00,33.58,43.55,258.0,212.02,175.0,434.25,1.59,186.0,97202.0,True,10,16,288
2015-10-15 17:00:00,32.62,48.85,92.0,210.24,60.0,436.45,1.45,192.0,97260.0,True,10,17,288
2015-10-15 18:00:00,31.17,61.85,0.0,-0.0,0.0,423.45,0.69,210.0,97260.0,True,10,18,288
2015-10-15 19:00:00,30.09,61.55,0.0,-0.0,0.0,413.65,1.17,170.0,97347.0,True,10,19,288
2015-10-15 20:00:00,29.0,64.45,0.0,-0.0,0.0,412.25,1.45,179.0,97463.0,True,10,20,288
2015-10-15 21:00:00,28.26,67.7,0.0,-0.0,0.0,415.65,1.59,190.0,97549.0,True,10,21,288
2015-10-15 22:00:00,27.55,72.35,0.0,-0.0,0.0,413.85,1.72,197.0,97569.0,True,10,22,288
2015-10-15 23:00:00,27.25,74.05,0.0,-0.0,0.0,412.05,1.86,198.0,97559.0,True,10,23,288
2015-10-16 00:00:00,26.85,77.15,0.0,-0.0,0.0,411.05,1.93,201.0,97549.0,True,10,0,289
2015-10-16 01:00:00,26.54,79.55,0.0,-0.0,0.0,413.25,1.93,204.0,97482.0,True,10,1,289
2015-10-16 02:00:00,26.21,81.8,0.0,-0.0,0.0,408.65,1.93,210.0,97463.0,True,10,2,289
2015-10-16 03:00:00,25.92,83.8,0.0,-0.0,0.0,406.05,1.86,215.0,97443.0,True,10,3,289
2015-10-16 04:00:00,25.71,85.35,0.0,-0.0,0.0,405.05,1.93,221.0,97434.0,True,10,4,289
2015-10-16 05:00:00,25.51,86.8,0.0,-0.0,0.0,403.25,2.07,226.0,97472.0,True,10,5,289
2015-10-16 06:00:00,25.39,87.95,0.0,0.0,0.0,401.85,2.21,228.0,97492.0,True,10,6,289
2015-10-16 07:00:00,26.53,84.3,215.0,417.04,97.0,402.25,2.14,226.0,97549.0,True,10,7,289
2015-10-16 08:00:00,28.25,76.85,461.0,635.49,138.0,406.65,2.48,233.0,97607.0,True,10,8,289
2015-10-16 09:00:00,30.08,68.95,682.0,756.39,155.0,414.25,2.48,240.0,97656.0,True,10,9,289
2015-10-16 10:00:00,31.53,62.25,839.0,787.59,181.0,424.65,2.34,245.0,97685.0,True,10,10,289
2015-10-16 11:00:00,32.67,57.1,926.0,786.86,206.0,430.65,1.93,246.0,97578.0,True,10,11,289
2015-10-16 12:00:00,33.57,53.35,944.0,792.47,207.0,439.45,1.59,245.0,97472.0,True,10,12,289
2015-10-16 13:00:00,34.1,51.85,899.0,821.05,177.0,441.45,1.17,242.0,97385.0,True,10,13,289
2015-10-16 14:00:00,33.9,52.65,581.0,285.69,362.0,444.45,1.03,238.0,97337.0,True,10,14,289
2015-10-16 15:00:00,31.42,63.2,148.0,0.0,148.0,451.45,1.24,226.0,97337.0,True,10,15,289
2015-10-16 16:00:00,31.14,65.3,30.0,0.0,30.0,440.45,1.17,225.0,97318.0,True,10,16,289
2015-10-16 17:00:00,31.25,63.5,29.0,0.0,29.0,437.85,0.9,246.0,97289.0,True,10,17,289
2015-10-16 18:00:00,30.59,72.2,0.0,-0.0,0.0,435.05,0.62,334.0,97385.0,True,10,18,289
2015-10-16 19:00:00,28.75,74.2,0.0,-0.0,0.0,426.45,2.07,348.0,97443.0,True,10,19,289
2015-10-16 20:00:00,28.0,76.95,0.0,-0.0,0.0,422.65,1.52,334.0,97549.0,True,10,20,289
2015-10-16 21:00:00,27.33,84.85,0.0,-0.0,0.0,423.45,0.48,310.0,97578.0,True,10,21,289
2015-10-16 22:00:00,27.1,83.6,0.0,-0.0,0.0,419.45,0.83,233.0,97656.0,True,10,22,289
2015-10-16 23:00:00,26.78,84.15,0.0,-0.0,0.0,418.05,1.24,212.0,97627.0,True,10,23,289
2015-10-17 00:00:00,26.61,84.35,0.0,-0.0,0.0,416.45,1.45,211.0,97559.0,True,10,0,290
2015-10-17 01:00:00,26.53,84.6,0.0,-0.0,0.0,417.85,1.66,210.0,97492.0,True,10,1,290
2015-10-17 02:00:00,26.39,85.65,0.0,-0.0,0.0,414.85,1.93,206.0,97443.0,True,10,2,290
2015-10-17 03:00:00,26.28,86.5,0.0,-0.0,0.0,413.25,2.0,210.0,97414.0,True,10,3,290
2015-10-17 04:00:00,26.09,87.5,0.0,-0.0,0.0,407.85,2.0,215.0,97395.0,True,10,4,290
2015-10-17 05:00:00,25.87,88.15,0.0,-0.0,0.0,403.25,2.07,218.0,97443.0,True,10,5,290
2015-10-17 06:00:00,25.67,88.5,0.0,0.0,0.0,401.25,2.07,221.0,97443.0,True,10,6,290
2015-10-17 07:00:00,26.22,87.2,212.0,400.69,99.0,397.45,1.52,239.0,97559.0,True,10,7,290
2015-10-17 08:00:00,27.92,79.0,462.0,646.91,134.0,402.65,1.86,237.0,97607.0,True,10,8,290
2015-10-17 09:00:00,29.68,71.1,680.0,755.24,155.0,410.65,2.21,234.0,97675.0,True,10,9,290
2015-10-17 10:00:00,31.25,63.55,842.0,802.57,173.0,420.05,2.34,236.0,97704.0,True,10,10,290
2015-10-17 11:00:00,32.29,58.35,939.0,832.55,179.0,428.85,2.21,235.0,97646.0,True,10,11,290
2015-10-17 12:00:00,33.16,56.4,963.0,854.88,170.0,435.65,2.14,240.0,97521.0,True,10,12,290
2015-10-17 13:00:00,33.54,55.5,916.0,883.88,141.0,451.25,1.86,246.0,97463.0,True,10,13,290
2015-10-17 14:00:00,32.78,57.7,778.0,836.45,139.0,449.45,1.52,247.0,97366.0,True,10,14,290
2015-10-17 15:00:00,32.2,59.2,562.0,682.1,155.0,443.25,1.45,240.0,97328.0,True,10,15,290
2015-10-17 16:00:00,31.53,61.4,310.0,437.34,141.0,452.65,1.79,256.0,97337.0,True,10,16,290
2015-10-17 17:00:00,30.4,63.95,86.0,189.81,58.0,442.05,1.79,277.0,97337.0,True,10,17,290
2015-10-17 18:00:00,29.75,66.6,0.0,-0.0,0.0,436.05,1.1,280.0,97405.0,True,10,18,290
2015-10-17 19:00:00,29.52,74.7,0.0,-0.0,0.0,436.05,0.69,21.0,97482.0,True,10,19,290
2015-10-17 20:00:00,27.38,77.75,0.0,-0.0,0.0,431.85,1.59,40.0,97646.0,True,10,20,290
2015-10-17 21:00:00,25.9,89.85,0.0,-0.0,0.0,418.65,0.55,299.0,97762.0,True,10,21,290
2015-10-17 22:00:00,25.67,88.95,0.0,-0.0,0.0,418.65,0.83,251.0,97685.0,True,10,22,290
2015-10-17 23:00:00,25.73,86.75,0.0,-0.0,0.0,415.45,1.24,228.0,97656.0,True,10,23,290
2015-10-18 00:00:00,25.57,86.55,0.0,-0.0,0.0,408.85,1.52,220.0,97646.0,True,10,0,291
2015-10-18 01:00:00,25.52,86.1,0.0,-0.0,0.0,410.05,1.79,214.0,97569.0,True,10,1,291
2015-10-18 02:00:00,25.52,86.1,0.0,-0.0,0.0,410.85,1.93,209.0,97569.0,True,10,2,291
2015-10-18 03:00:00,25.54,86.2,0.0,-0.0,0.0,411.45,2.07,210.0,97549.0,True,10,3,291
2015-10-18 04:00:00,25.54,86.35,0.0,-0.0,0.0,411.85,2.14,217.0,97578.0,True,10,4,291
2015-10-18 05:00:00,25.43,86.9,0.0,-0.0,0.0,407.65,1.86,230.0,97607.0,True,10,5,291
2015-10-18 06:00:00,25.3,88.25,0.0,0.0,0.0,408.65,1.72,216.0,97627.0,True,10,6,291
2015-10-18 07:00:00,26.12,85.25,209.0,384.29,101.0,402.85,1.93,216.0,97723.0,True,10,7,291
2015-10-18 08:00:00,27.8,76.5,456.0,622.87,141.0,405.85,2.62,225.0,97771.0,True,10,8,291
2015-10-18 09:00:00,29.51,67.75,672.0,728.17,167.0,412.85,2.97,240.0,97791.0,True,10,9,291
2015-10-18 10:00:00,31.07,61.45,160.0,0.0,160.0,423.65,2.97,250.0,97868.0,True,10,10,291
2015-10-18 11:00:00,32.12,58.1,85.0,0.0,85.0,427.05,2.48,258.0,97781.0,True,10,11,291
2015-10-18 12:00:00,32.75,56.75,97.0,0.0,97.0,433.65,2.14,269.0,97694.0,True,10,12,291
2015-10-18 13:00:00,33.2,56.15,136.0,0.0,136.0,439.65,1.72,279.0,97578.0,True,10,13,291
2015-10-18 14:00:00,32.76,57.55,251.0,1.31,250.0,447.25,1.79,294.0,97472.0,True,10,14,291
2015-10-18 15:00:00,31.76,58.8,376.0,151.49,286.0,447.25,1.79,299.0,97434.0,True,10,15,291
2015-10-18 16:00:00,31.35,59.15,289.0,351.59,154.0,439.05,1.59,290.0,97414.0,True,10,16,291
2015-10-18 17:00:00,30.74,61.1,69.0,89.51,56.0,439.05,0.62,304.0,97395.0,True,10,17,291
2015-10-18 18:00:00,29.99,66.85,0.0,-0.0,0.0,437.05,0.34,194.0,97492.0,True,10,18,291
2015-10-18 19:00:00,28.59,71.8,0.0,-0.0,0.0,432.45,1.24,147.0,97627.0,True,10,19,291
2015-10-18 20:00:00,27.98,75.15,0.0,-0.0,0.0,426.45,1.24,185.0,97713.0,True,10,20,291
2015-10-18 21:00:00,27.33,80.1,0.0,-0.0,0.0,423.45,1.03,216.0,97762.0,True,10,21,291
2015-10-18 22:00:00,26.84,81.05,0.0,-0.0,0.0,416.25,1.38,224.0,97713.0,True,10,22,291
2015-10-18 23:00:00,26.55,82.4,0.0,-0.0,0.0,411.25,1.59,220.0,97723.0,True,10,23,291
2015-10-19 00:00:00,26.2,83.65,0.0,-0.0,0.0,409.85,1.66,218.0,97704.0,True,10,0,292
2015-10-19 01:00:00,25.93,84.4,0.0,-0.0,0.0,409.45,1.72,221.0,97656.0,True,10,1,292
2015-10-19 02:00:00,25.73,84.95,0.0,-0.0,0.0,409.65,1.79,222.0,97617.0,True,10,2,292
2015-10-19 03:00:00,25.51,85.85,0.0,-0.0,0.0,407.45,1.66,226.0,97617.0,True,10,3,292
2015-10-19 04:00:00,25.32,86.95,0.0,-0.0,0.0,407.65,1.59,228.0,97646.0,True,10,4,292
2015-10-19 05:00:00,25.07,88.4,0.0,-0.0,0.0,402.65,1.59,232.0,97636.0,True,10,5,292
2015-10-19 06:00:00,24.86,90.05,0.0,0.0,0.0,400.05,1.66,237.0,97685.0,True,10,6,292
2015-10-19 07:00:00,25.26,89.55,218.0,449.98,92.0,394.25,1.52,245.0,97704.0,True,10,7,292
2015-10-19 08:00:00,27.1,82.1,468.0,684.02,123.0,394.05,1.93,248.0,97762.0,True,10,8,292
2015-10-19 09:00:00,29.05,73.35,689.0,797.87,137.0,400.45,2.0,250.0,97791.0,True,10,9,292
2015-10-19 10:00:00,30.74,65.2,857.0,863.01,141.0,409.85,1.86,257.0,97839.0,True,10,10,292
2015-10-19 11:00:00,32.04,58.5,950.0,879.55,151.0,420.25,1.38,265.0,97742.0,True,10,11,292
2015-10-19 12:00:00,32.98,54.7,927.0,761.84,224.0,428.85,1.17,277.0,97685.0,True,10,12,292
2015-10-19 13:00:00,33.65,51.0,877.0,774.34,202.0,433.85,0.83,287.0,97559.0,True,10,13,292
2015-10-19 14:00:00,34.02,48.6,764.0,805.28,153.0,439.45,0.48,302.0,97492.0,True,10,14,292
2015-10-19 15:00:00,34.2,47.85,551.0,655.89,163.0,439.65,0.41,307.0,97424.0,True,10,15,292
2015-10-19 16:00:00,33.74,47.8,312.0,471.76,132.0,439.25,0.28,296.0,97414.0,True,10,16,292
2015-10-19 17:00:00,32.28,52.2,85.0,209.76,55.0,437.05,0.14,309.0,97414.0,True,10,17,292
2015-10-19 18:00:00,31.32,58.9,0.0,-0.0,0.0,441.05,1.03,268.0,97414.0,True,10,18,292
2015-10-19 19:00:00,30.35,57.8,0.0,-0.0,0.0,421.65,1.59,211.0,97492.0,True,10,19,292
2015-10-19 20:00:00,29.2,62.05,0.0,-0.0,0.0,416.45,1.79,208.0,97559.0,True,10,20,292
2015-10-19 21:00:00,28.37,65.3,0.0,-0.0,0.0,414.45,1.86,213.0,97607.0,True,10,21,292
2015-10-19 22:00:00,27.69,68.0,0.0,-0.0,0.0,407.45,1.93,215.0,97598.0,True,10,22,292
2015-10-19 23:00:00,27.29,70.25,0.0,-0.0,0.0,412.05,2.0,214.0,97617.0,True,10,23,292
2015-10-20 00:00:00,26.88,72.95,0.0,-0.0,0.0,407.65,2.0,216.0,97569.0,True,10,0,293
2015-10-20 01:00:00,26.47,75.5,0.0,-0.0,0.0,402.85,1.93,220.0,97540.0,True,10,1,293
2015-10-20 02:00:00,26.12,77.45,0.0,-0.0,0.0,400.65,2.0,222.0,97482.0,True,10,2,293
2015-10-20 03:00:00,25.8,79.05,0.0,-0.0,0.0,399.05,2.0,226.0,97492.0,True,10,3,293
2015-10-20 04:00:00,25.57,80.15,0.0,-0.0,0.0,400.25,1.93,230.0,97511.0,True,10,4,293
2015-10-20 05:00:00,25.3,81.25,0.0,-0.0,0.0,397.65,1.93,229.0,97549.0,True,10,5,293
2015-10-20 06:00:00,25.03,82.6,0.0,0.0,0.0,394.05,2.07,223.0,97607.0,True,10,6,293
2015-10-20 07:00:00,25.79,80.8,185.0,254.54,114.0,392.65,2.14,232.0,97675.0,True,10,7,293
2015-10-20 08:00:00,27.61,73.35,441.0,566.64,156.0,400.65,2.76,236.0,97704.0,True,10,8,293
2015-10-20 09:00:00,29.38,66.7,643.0,634.67,205.0,406.05,2.97,238.0,97752.0,True,10,9,293
2015-10-20 10:00:00,31.02,60.0,832.0,786.58,181.0,414.05,3.03,242.0,97771.0,True,10,10,293
2015-10-20 11:00:00,32.29,55.05,933.0,832.09,179.0,420.45,2.62,243.0,97694.0,True,10,11,293
2015-10-20 12:00:00,33.19,51.75,940.0,806.25,198.0,428.25,2.14,242.0,97636.0,True,10,12,293
2015-10-20 13:00:00,33.77,48.35,860.0,730.59,225.0,434.05,1.66,247.0,97530.0,True,10,13,293
2015-10-20 14:00:00,33.59,46.65,610.0,362.36,336.0,440.45,1.38,249.0,97482.0,True,10,14,293
2015-10-20 15:00:00,32.81,45.35,552.0,667.19,159.0,437.65,2.0,274.0,97414.0,True,10,15,293
2015-10-20 16:00:00,31.39,49.85,238.0,174.06,172.0,433.25,2.48,293.0,97405.0,True,10,16,293
2015-10-20 17:00:00,30.61,54.05,87.0,241.37,53.0,431.65,1.79,296.0,97434.0,True,10,17,293
2015-10-20 18:00:00,29.64,58.1,0.0,-0.0,0.0,427.45,1.72,290.0,97424.0,True,10,18,293
2015-10-20 19:00:00,28.29,70.2,0.0,-0.0,0.0,422.85,0.9,235.0,97521.0,True,10,19,293
2015-10-20 20:00:00,28.08,71.45,0.0,-0.0,0.0,417.65,0.69,226.0,97588.0,True,10,20,293
2015-10-20 21:00:00,28.38,63.4,0.0,-0.0,0.0,417.25,0.34,178.0,97665.0,True,10,21,293
2015-10-20 22:00:00,27.04,74.55,0.0,-0.0,0.0,411.45,1.03,164.0,97752.0,True,10,22,293
2015-10-20 23:00:00,26.39,77.65,0.0,-0.0,0.0,413.45,1.24,194.0,97723.0,True,10,23,293
2015-10-21 00:00:00,26.22,76.0,0.0,-0.0,0.0,409.25,1.59,215.0,97656.0,True,10,0,294
2015-10-21 01:00:00,26.05,76.0,0.0,-0.0,0.0,406.85,1.86,226.0,97627.0,True,10,1,294
2015-10-21 02:00:00,25.82,77.9,0.0,-0.0,0.0,405.25,2.0,235.0,97540.0,True,10,2,294
2015-10-21 03:00:00,25.59,80.65,0.0,-0.0,0.0,404.25,2.0,238.0,97549.0,True,10,3,294
2015-10-21 04:00:00,25.36,83.4,0.0,-0.0,0.0,403.65,1.93,237.0,97521.0,True,10,4,294
2015-10-21 05:00:00,25.14,85.65,0.0,-0.0,0.0,401.65,1.93,238.0,97549.0,True,10,5,294
2015-10-21 06:00:00,24.83,87.8,0.0,0.0,0.0,394.25,1.93,243.0,97549.0,True,10,6,294
2015-10-21 07:00:00,25.66,84.6,211.0,413.95,96.0,393.85,2.07,256.0,97646.0,True,10,7,294
2015-10-21 08:00:00,27.34,76.95,438.0,554.32,160.0,399.85,2.69,258.0,97685.0,True,10,8,294
2015-10-21 09:00:00,29.08,70.0,630.0,597.08,219.0,407.85,2.83,260.0,97713.0,True,10,9,294
2015-10-21 10:00:00,30.83,62.55,817.0,742.51,204.0,417.25,2.9,267.0,97723.0,True,10,10,294
2015-10-21 11:00:00,32.07,56.75,920.0,801.01,196.0,428.85,2.55,276.0,97598.0,True,10,11,294
2015-10-21 12:00:00,32.9,52.8,938.0,806.23,198.0,432.05,2.07,284.0,97549.0,True,10,12,294
2015-10-21 13:00:00,33.46,50.0,852.0,715.44,232.0,437.25,1.59,288.0,97443.0,True,10,13,294
2015-10-21 14:00:00,33.92,48.2,689.0,574.58,256.0,444.65,1.24,298.0,97337.0,True,10,14,294
2015-10-21 15:00:00,34.07,46.9,471.0,383.6,246.0,442.05,0.83,317.0,97241.0,True,10,15,294
2015-10-21 16:00:00,33.75,45.7,290.0,379.47,147.0,445.45,0.48,352.0,97202.0,True,10,16,294
2015-10-21 17:00:00,31.33,52.9,69.0,108.11,54.0,440.65,0.9,54.0,97241.0,True,10,17,294
2015-10-21 18:00:00,30.62,56.9,0.0,-0.0,0.0,439.25,1.31,105.0,97337.0,True,10,18,294
2015-10-21 19:00:00,29.55,59.05,0.0,-0.0,0.0,433.45,1.1,189.0,97424.0,True,10,19,294
2015-10-21 20:00:00,28.68,63.05,0.0,-0.0,0.0,422.85,1.93,211.0,97463.0,True,10,20,294
2015-10-21 21:00:00,28.14,67.7,0.0,-0.0,0.0,419.05,2.0,215.0,97530.0,True,10,21,294
2015-10-21 22:00:00,27.59,71.5,0.0,-0.0,0.0,409.65,2.07,221.0,97492.0,True,10,22,294
2015-10-21 23:00:00,27.13,75.05,0.0,-0.0,0.0,404.45,2.07,230.0,97492.0,True,10,23,294
2015-10-22 00:00:00,26.75,78.3,0.0,-0.0,0.0,403.25,2.14,237.0,97463.0,True,10,0,295
2015-10-22 01:00:00,26.29,82.1,0.0,-0.0,0.0,397.25,2.07,236.0,97414.0,True,10,1,295
2015-10-22 02:00:00,25.87,85.85,0.0,-0.0,0.0,394.85,2.0,232.0,97424.0,True,10,2,295
2015-10-22 03:00:00,25.48,89.3,0.0,-0.0,0.0,393.8,2.14,221.0,97405.0,True,10,3,295
2015-10-22 04:00:00,25.21,91.9,0.0,-0.0,0.0,395.65,2.14,210.0,97443.0,True,10,4,295
2015-10-22 05:00:00,25.02,93.15,0.0,-0.0,0.0,400.25,2.0,210.0,97492.0,True,10,5,295
2015-10-22 06:00:00,24.8,94.05,0.0,0.0,0.0,397.05,1.86,217.0,97530.0,True,10,6,295
2015-10-22 07:00:00,25.9,87.35,198.0,332.56,106.0,398.25,2.21,228.0,97598.0,True,10,7,295
2015-10-22 08:00:00,27.58,79.7,427.0,511.98,171.0,402.25,2.69,234.0,97646.0,True,10,8,295
2015-10-22 09:00:00,29.47,71.65,673.0,754.52,155.0,409.85,2.83,240.0,97694.0,True,10,9,295
2015-10-22 10:00:00,31.28,63.5,792.0,672.75,238.0,417.45,2.62,246.0,97694.0,True,10,10,295
2015-10-22 11:00:00,32.74,56.25,756.0,398.21,397.0,427.25,2.14,253.0,97598.0,True,10,11,295
2015-10-22 12:00:00,33.82,50.35,894.0,689.34,263.0,434.85,1.66,259.0,97511.0,True,10,12,295
2015-10-22 13:00:00,34.67,45.35,850.0,715.25,232.0,441.05,1.24,268.0,97385.0,True,10,13,295
2015-10-22 14:00:00,34.94,43.4,736.0,730.98,187.0,447.45,0.83,273.0,97318.0,True,10,14,295
2015-10-22 15:00:00,34.4,44.05,462.0,366.38,248.0,446.45,0.41,242.0,97279.0,True,10,15,295
2015-10-22 16:00:00,32.9,48.85,250.0,224.27,166.0,446.65,0.97,213.0,97270.0,True,10,16,295
2015-10-22 17:00:00,31.85,53.15,75.0,160.93,53.0,446.05,1.79,236.0,97308.0,True,10,17,295
2015-10-22 18:00:00,30.69,58.75,0.0,-0.0,0.0,439.45,1.79,225.0,97328.0,True,10,18,295
2015-10-22 19:00:00,30.03,62.7,0.0,-0.0,0.0,422.85,2.0,186.0,97434.0,True,10,19,295
2015-10-22 20:00:00,29.31,66.65,0.0,-0.0,0.0,427.05,2.34,193.0,97530.0,True,10,20,295
2015-10-22 21:00:00,28.57,71.0,0.0,-0.0,0.0,418.85,2.48,196.0,97598.0,True,10,21,295
2015-10-22 22:00:00,27.93,74.35,0.0,-0.0,0.0,415.45,2.55,198.0,97617.0,True,10,22,295
2015-10-22 23:00:00,27.42,76.55,0.0,-0.0,0.0,413.65,2.41,198.0,97627.0,True,10,23,295
2015-10-23 00:00:00,27.0,78.05,0.0,-0.0,0.0,411.05,2.34,197.0,97617.0,True,10,0,296
2015-10-23 01:00:00,26.6,79.6,0.0,-0.0,0.0,407.25,2.34,198.0,97549.0,True,10,1,296
2015-10-23 02:00:00,26.29,81.15,0.0,-0.0,0.0,404.85,2.41,200.0,97492.0,True,10,2,296
2015-10-23 03:00:00,26.03,82.95,0.0,-0.0,0.0,404.85,2.48,199.0,97492.0,True,10,3,296
2015-10-23 04:00:00,25.76,85.25,0.0,-0.0,0.0,401.85,2.48,196.0,97482.0,True,10,4,296
2015-10-23 05:00:00,25.54,87.35,0.0,-0.0,0.0,401.45,2.48,196.0,97559.0,True,10,5,296
2015-10-23 06:00:00,25.31,89.05,0.0,0.0,0.0,400.65,2.48,202.0,97636.0,True,10,6,296
2015-10-23 07:00:00,25.74,87.7,210.0,421.17,94.0,396.05,2.48,206.0,97704.0,True,10,7,296
2015-10-23 08:00:00,27.25,80.15,455.0,645.98,133.0,402.65,3.24,213.0,97791.0,True,10,8,296
2015-10-23 09:00:00,29.22,69.85,667.0,740.5,160.0,412.65,3.93,220.0,97839.0,True,10,9,296
2015-10-23 10:00:00,30.54,63.65,826.0,785.29,181.0,426.45,3.1,222.0,97820.0,True,10,10,296
2015-10-23 11:00:00,31.49,60.75,916.0,800.73,196.0,439.25,2.69,227.0,97742.0,True,10,11,296
2015-10-23 12:00:00,32.15,59.1,876.0,647.41,285.0,435.65,2.48,233.0,97598.0,True,10,12,296
2015-10-23 13:00:00,32.64,58.35,804.0,594.33,292.0,433.25,2.48,232.0,97511.0,True,10,13,296
2015-10-23 14:00:00,32.62,58.35,721.0,688.03,206.0,445.05,2.41,226.0,97434.0,True,10,14,296
2015-10-23 15:00:00,32.41,58.7,538.0,639.54,166.0,441.05,2.21,220.0,97376.0,True,10,15,296
2015-10-23 16:00:00,30.43,66.25,303.0,464.67,130.0,442.45,1.79,209.0,97385.0,True,10,16,296
2015-10-23 17:00:00,30.52,64.8,80.0,215.27,51.0,441.25,1.45,239.0,97424.0,True,10,17,296
2015-10-23 18:00:00,29.72,68.6,0.0,-0.0,0.0,418.25,1.24,267.0,97482.0,True,10,18,296
2015-10-23 19:00:00,29.34,66.95,0.0,-0.0,0.0,423.05,1.38,216.0,97540.0,True,10,19,296
2015-10-23 20:00:00,28.5,72.8,0.0,-0.0,0.0,425.25,1.24,211.0,97627.0,True,10,20,296
2015-10-23 21:00:00,28.12,72.55,0.0,-0.0,0.0,422.45,1.38,204.0,97656.0,True,10,21,296
2015-10-23 22:00:00,27.63,74.55,0.0,-0.0,0.0,419.65,1.66,212.0,97675.0,True,10,22,296
2015-10-23 23:00:00,27.27,74.85,0.0,-0.0,0.0,412.05,1.79,219.0,97578.0,True,10,23,296
2015-10-24 00:00:00,26.89,75.8,0.0,-0.0,0.0,408.85,1.93,222.0,97578.0,True,10,0,297
2015-10-24 01:00:00,26.46,76.9,0.0,-0.0,0.0,403.25,1.93,222.0,97453.0,True,10,1,297
2015-10-24 02:00:00,26.11,77.7,0.0,-0.0,0.0,401.65,1.93,224.0,97453.0,True,10,2,297
2015-10-24 03:00:00,25.76,78.8,0.0,-0.0,0.0,398.25,1.93,226.0,97414.0,True,10,3,297
2015-10-24 04:00:00,25.51,79.65,0.0,-0.0,0.0,399.45,1.93,228.0,97482.0,True,10,4,297
2015-10-24 05:00:00,25.17,81.05,0.0,-0.0,0.0,392.4,2.0,230.0,97501.0,True,10,5,297
2015-10-24 06:00:00,24.94,82.25,0.0,0.0,0.0,393.25,2.0,229.0,97569.0,True,10,6,297
2015-10-24 07:00:00,25.76,79.5,211.0,426.76,94.0,390.8,2.0,231.0,97636.0,True,10,7,297
2015-10-24 08:00:00,27.8,71.0,456.0,656.11,130.0,394.05,2.69,235.0,97713.0,True,10,8,297
2015-10-24 09:00:00,29.78,63.2,669.0,752.82,155.0,407.05,3.03,236.0,97762.0,True,10,9,297
2015-10-24 10:00:00,31.44,55.9,824.0,784.93,181.0,413.05,3.03,237.0,97781.0,True,10,10,297
2015-10-24 11:00:00,32.81,50.35,913.0,799.5,196.0,420.65,2.69,235.0,97694.0,True,10,11,297
2015-10-24 12:00:00,33.82,46.2,941.0,835.93,180.0,427.25,2.34,230.0,97559.0,True,10,12,297
2015-10-24 13:00:00,34.22,44.0,893.0,863.87,151.0,437.05,2.21,224.0,97443.0,True,10,13,297
2015-10-24 14:00:00,34.69,41.85,759.0,831.1,139.0,432.45,1.93,219.0,97328.0,True,10,14,297
2015-10-24 15:00:00,34.67,41.05,542.0,662.9,158.0,434.45,1.72,218.0,97289.0,True,10,15,297
2015-10-24 16:00:00,34.44,40.65,308.0,502.54,122.0,428.05,1.38,217.0,97270.0,True,10,16,297
2015-10-24 17:00:00,33.67,43.4,77.0,195.81,51.0,429.65,1.03,221.0,97299.0,True,10,17,297
2015-10-24 18:00:00,32.1,54.4,0.0,-0.0,0.0,420.85,0.69,228.0,97328.0,True,10,18,297
2015-10-24 19:00:00,31.17,53.15,0.0,-0.0,0.0,428.65,1.24,210.0,97424.0,True,10,19,297
2015-10-24 20:00:00,29.81,56.7,0.0,-0.0,0.0,419.25,1.72,211.0,97463.0,True,10,20,297
2015-10-24 21:00:00,28.99,59.0,0.0,-0.0,0.0,415.25,2.0,216.0,97540.0,True,10,21,297
2015-10-24 22:00:00,28.19,62.6,0.0,-0.0,0.0,406.45,2.07,223.0,97511.0,True,10,22,297
2015-10-24 23:00:00,27.56,65.7,0.0,-0.0,0.0,402.85,2.14,224.0,97501.0,True,10,23,297
2015-10-25 00:00:00,27.12,67.85,0.0,-0.0,0.0,404.65,2.14,222.0,97492.0,True,10,0,298
2015-10-25 01:00:00,26.63,69.75,0.0,-0.0,0.0,396.85,2.21,221.0,97434.0,True,10,1,298
2015-10-25 02:00:00,26.32,70.9,0.0,-0.0,0.0,399.65,2.21,220.0,97434.0,True,10,2,298
2015-10-25 03:00:00,26.02,72.1,0.0,-0.0,0.0,396.85,2.21,222.0,97434.0,True,10,3,298
2015-10-25 04:00:00,25.71,73.6,0.0,-0.0,0.0,393.85,2.21,226.0,97434.0,True,10,4,298
2015-10-25 05:00:00,25.54,74.75,0.0,-0.0,0.0,396.65,2.21,227.0,97501.0,True,10,5,298
2015-10-25 06:00:00,25.34,76.3,0.0,0.0,0.0,393.25,2.28,227.0,97521.0,True,10,6,298
2015-10-25 07:00:00,26.31,74.75,209.0,428.82,92.0,401.85,2.07,232.0,97636.0,True,10,7,298
2015-10-25 08:00:00,27.87,68.4,452.0,644.15,133.0,422.65,2.55,242.0,97694.0,True,10,8,298
2015-10-25 09:00:00,29.33,62.75,664.0,738.81,161.0,422.85,2.9,246.0,97752.0,True,10,9,298
2015-10-25 10:00:00,30.8,56.9,822.0,784.6,181.0,424.85,3.17,248.0,97752.0,True,10,10,298
2015-10-25 11:00:00,32.11,51.2,916.0,815.06,187.0,433.65,3.17,249.0,97685.0,True,10,11,298
2015-10-25 12:00:00,33.26,47.0,938.0,836.04,179.0,431.85,2.9,253.0,97540.0,True,10,12,298
2015-10-25 13:00:00,33.91,44.45,885.0,847.75,159.0,433.05,2.55,256.0,97414.0,True,10,13,298
2015-10-25 14:00:00,34.19,43.0,708.0,660.38,217.0,436.45,2.34,259.0,97337.0,True,10,14,298
2015-10-25 15:00:00,34.32,42.0,462.0,381.33,242.0,434.25,2.07,271.0,97279.0,True,10,15,298
2015-10-25 16:00:00,34.13,41.7,326.0,619.6,98.0,441.85,1.93,283.0,97289.0,True,10,16,298
2015-10-25 17:00:00,32.91,46.25,7.0,0.0,7.0,431.05,1.24,288.0,97250.0,True,10,17,298
2015-10-25 18:00:00,32.02,53.8,0.0,-0.0,0.0,442.45,0.62,255.0,97328.0,True,10,18,298
2015-10-25 19:00:00,31.08,53.85,0.0,-0.0,0.0,433.25,1.38,236.0,97414.0,True,10,19,298
2015-10-25 20:00:00,29.89,58.15,0.0,-0.0,0.0,427.05,1.66,213.0,97530.0,True,10,20,298
2015-10-25 21:00:00,29.13,60.8,0.0,-0.0,0.0,423.45,1.86,205.0,97607.0,True,10,21,298
2015-10-25 22:00:00,28.58,62.7,0.0,-0.0,0.0,417.65,2.14,203.0,97578.0,True,10,22,298
2015-10-25 23:00:00,28.31,64.45,0.0,-0.0,0.0,422.65,2.55,204.0,97578.0,True,10,23,298
2015-10-26 00:00:00,27.82,68.75,0.0,-0.0,0.0,414.45,2.97,209.0,97588.0,True,10,0,299
2015-10-26 01:00:00,27.23,74.05,0.0,-0.0,0.0,408.85,3.1,212.0,97521.0,True,10,1,299
2015-10-26 02:00:00,26.78,77.65,0.0,-0.0,0.0,408.85,2.83,213.0,97492.0,True,10,2,299
2015-10-26 03:00:00,26.37,80.2,0.0,-0.0,0.0,405.05,2.62,215.0,97472.0,True,10,3,299
2015-10-26 04:00:00,26.08,81.8,0.0,-0.0,0.0,405.45,2.55,221.0,97492.0,True,10,4,299
2015-10-26 05:00:00,25.84,82.85,0.0,-0.0,0.0,404.25,2.62,227.0,97521.0,True,10,5,299
2015-10-26 06:00:00,25.63,83.5,0.0,0.0,0.0,404.05,2.55,231.0,97588.0,True,10,6,299
2015-10-26 07:00:00,25.54,81.25,206.0,408.87,95.0,399.05,2.9,232.0,97646.0,True,10,7,299
2015-10-26 08:00:00,26.77,75.05,428.0,540.99,161.0,402.85,3.17,236.0,97723.0,True,10,8,299
2015-10-26 09:00:00,28.57,67.85,665.0,752.76,154.0,408.45,3.17,241.0,97771.0,True,10,9,299
2015-10-26 10:00:00,30.2,61.75,820.0,784.3,181.0,415.65,3.03,244.0,97762.0,True,10,10,299
2015-10-26 11:00:00,31.79,55.95,914.0,815.02,187.0,424.05,2.9,248.0,97713.0,True,10,11,299
2015-10-26 12:00:00,32.81,52.15,941.0,850.51,171.0,430.65,2.69,250.0,97598.0,True,10,12,299
2015-10-26 13:00:00,33.5,49.4,887.0,863.15,150.0,437.85,2.48,252.0,97492.0,True,10,13,299
2015-10-26 14:00:00,33.96,47.25,754.0,829.91,139.0,439.85,2.34,255.0,97405.0,True,10,14,299
2015-10-26 15:00:00,34.07,45.8,543.0,685.68,149.0,443.65,2.14,258.0,97337.0,True,10,15,299
2015-10-26 16:00:00,33.85,45.3,300.0,478.29,125.0,438.25,1.93,261.0,97318.0,True,10,16,299
2015-10-26 17:00:00,32.29,49.3,72.0,170.41,50.0,430.25,1.1,253.0,97260.0,True,10,17,299
2015-10-26 18:00:00,31.37,53.25,0.0,-0.0,0.0,439.45,1.38,187.0,97337.0,True,10,18,299
2015-10-26 19:00:00,30.28,59.9,0.0,-0.0,0.0,429.85,1.93,204.0,97463.0,True,10,19,299
2015-10-26 20:00:00,29.36,64.6,0.0,-0.0,0.0,423.65,2.07,204.0,97540.0,True,10,20,299
2015-10-26 21:00:00,28.63,68.85,0.0,-0.0,0.0,420.65,2.21,207.0,97627.0,True,10,21,299
2015-10-26 22:00:00,28.09,72.25,0.0,-0.0,0.0,421.25,2.21,214.0,97636.0,True,10,22,299
2015-10-26 23:00:00,27.56,74.95,0.0,-0.0,0.0,415.05,2.28,218.0,97627.0,True,10,23,299
2015-10-27 00:00:00,27.16,76.45,0.0,-0.0,0.0,413.25,2.28,227.0,97617.0,True,10,0,300
2015-10-27 01:00:00,26.73,77.9,0.0,-0.0,0.0,408.65,2.14,230.0,97559.0,True,10,1,300
2015-10-27 02:00:00,26.43,79.2,0.0,-0.0,0.0,411.25,2.0,227.0,97501.0,True,10,2,300
2015-10-27 03:00:00,26.09,80.9,0.0,-0.0,0.0,408.45,2.0,227.0,97492.0,True,10,3,300
2015-10-27 04:00:00,25.79,82.65,0.0,-0.0,0.0,405.65,2.0,227.0,97530.0,True,10,4,300
2015-10-27 05:00:00,25.5,84.45,0.0,-0.0,0.0,402.45,1.93,224.0,97559.0,True,10,5,300
2015-10-27 06:00:00,25.29,85.9,0.0,0.0,0.0,402.45,1.86,221.0,97607.0,True,10,6,300
2015-10-27 07:00:00,25.81,83.4,209.0,440.62,90.0,398.45,2.21,227.0,97665.0,True,10,7,300
2015-10-27 08:00:00,27.5,75.65,402.0,439.2,186.0,402.45,2.62,234.0,97733.0,True,10,8,300
2015-10-27 09:00:00,29.56,66.9,635.0,645.68,198.0,410.45,2.83,240.0,97791.0,True,10,9,300
2015-10-27 10:00:00,31.19,59.75,813.0,769.25,188.0,420.65,2.76,248.0,97771.0,True,10,10,300
2015-10-27 11:00:00,32.17,55.55,911.0,813.88,187.0,430.05,2.41,254.0,97656.0,True,10,11,300
2015-10-27 12:00:00,33.04,52.45,938.0,850.68,170.0,435.85,2.07,259.0,97617.0,True,10,12,300
2015-10-27 13:00:00,33.7,50.3,875.0,831.65,167.0,442.25,1.86,269.0,97511.0,True,10,13,300
2015-10-27 14:00:00,33.68,49.65,687.0,607.91,238.0,447.05,1.86,272.0,97414.0,True,10,14,300
2015-10-27 15:00:00,33.39,48.65,534.0,660.45,156.0,446.25,1.59,259.0,97318.0,True,10,15,300
2015-10-27 16:00:00,31.86,54.4,241.0,219.87,161.0,444.65,1.59,244.0,97270.0,True,10,16,300
2015-10-27 17:00:00,31.1,57.3,75.0,212.0,48.0,433.65,1.66,240.0,97289.0,True,10,17,300
2015-10-27 18:00:00,30.27,62.6,0.0,-0.0,0.0,427.85,1.24,217.0,97366.0,True,10,18,300
2015-10-27 19:00:00,29.64,65.0,0.0,-0.0,0.0,430.65,1.31,140.0,97443.0,True,10,19,300
2015-10-27 20:00:00,28.5,71.6,0.0,-0.0,0.0,425.25,1.24,95.0,97588.0,True,10,20,300
2015-10-27 21:00:00,27.85,75.8,0.0,-0.0,0.0,418.45,1.1,139.0,97636.0,True,10,21,300
2015-10-27 22:00:00,27.44,78.3,0.0,-0.0,0.0,417.05,1.72,166.0,97646.0,True,10,22,300
2015-10-27 23:00:00,26.95,83.1,0.0,-0.0,0.0,413.25,2.14,172.0,97636.0,True,10,23,300
2015-10-28 00:00:00,26.64,86.3,0.0,-0.0,0.0,415.45,2.07,180.0,97665.0,True,10,0,301
2015-10-28 01:00:00,26.29,88.0,0.0,-0.0,0.0,410.45,2.69,181.0,97627.0,True,10,1,301
2015-10-28 02:00:00,25.43,87.15,0.0,-0.0,0.0,412.65,3.24,185.0,97694.0,True,10,2,301
2015-10-28 03:00:00,24.79,86.75,0.0,-0.0,0.0,410.25,2.14,209.0,97569.0,True,10,3,301
2015-10-28 04:00:00,24.44,86.75,0.0,-0.0,0.0,401.85,1.79,215.0,97521.0,True,10,4,301
2015-10-28 05:00:00,24.19,86.95,0.0,-0.0,0.0,400.05,1.59,225.0,97521.0,True,10,5,301
2015-10-28 06:00:00,24.06,87.15,0.0,0.0,0.0,399.65,1.52,242.0,97540.0,True,10,6,301
2015-10-28 07:00:00,24.29,89.1,216.0,495.12,83.0,397.85,1.17,262.0,97598.0,True,10,7,301
2015-10-28 08:00:00,25.94,81.5,447.0,640.78,133.0,398.45,1.38,258.0,97704.0,True,10,8,301
2015-10-28 09:00:00,28.21,71.7,608.0,558.73,231.0,407.45,1.59,248.0,97723.0,True,10,9,301
2015-10-28 10:00:00,30.45,63.0,842.0,876.35,132.0,419.85,1.72,245.0,97733.0,True,10,10,301
2015-10-28 11:00:00,31.23,60.65,909.0,813.88,187.0,430.05,1.52,243.0,97627.0,True,10,11,301
2015-10-28 12:00:00,31.59,60.2,946.0,881.95,152.0,433.85,1.24,246.0,97530.0,True,10,12,301
2015-10-28 13:00:00,31.51,61.3,778.0,556.07,306.0,438.65,0.97,273.0,97434.0,True,10,13,301
2015-10-28 14:00:00,30.79,64.5,701.0,658.8,216.0,444.05,1.38,314.0,97357.0,True,10,14,301
2015-10-28 15:00:00,27.97,74.9,561.0,787.58,112.0,442.25,1.93,312.0,97289.0,True,10,15,301
2015-10-28 16:00:00,26.52,81.2,223.0,165.81,163.0,423.85,1.45,225.0,97241.0,True,10,16,301
2015-10-28 17:00:00,26.31,79.55,7.0,0.0,7.0,420.05,0.83,192.0,97318.0,True,10,17,301
2015-10-28 18:00:00,26.32,79.3,0.0,-0.0,0.0,417.45,0.83,246.0,97482.0,True,10,18,301
2015-10-28 19:00:00,25.08,88.95,0.0,-0.0,0.0,416.45,1.1,336.0,97530.0,True,10,19,301
2015-10-28 20:00:00,25.21,88.2,0.0,-0.0,0.0,416.05,0.62,320.0,97607.0,True,10,20,301
2015-10-28 21:00:00,24.72,89.05,0.0,-0.0,0.0,412.65,1.03,298.0,97694.0,True,10,21,301
2015-10-28 22:00:00,24.0,92.95,0.0,-0.0,0.0,412.25,1.72,270.0,97771.0,True,10,22,301
2015-10-28 23:00:00,23.61,95.5,0.0,-0.0,0.0,409.65,2.69,238.0,97723.0,True,10,23,301
2015-10-29 00:00:00,23.65,93.7,0.0,-0.0,0.0,414.25,2.48,239.0,97598.0,True,10,0,302
2015-10-29 01:00:00,23.68,92.6,0.0,-0.0,0.0,411.45,2.21,228.0,97578.0,True,10,1,302
2015-10-29 02:00:00,23.73,92.05,0.0,-0.0,0.0,412.05,1.93,226.0,97501.0,True,10,2,302
2015-10-29 03:00:00,23.68,91.8,0.0,-0.0,0.0,406.65,1.59,235.0,97463.0,True,10,3,302
2015-10-29 04:00:00,23.59,91.75,0.0,-0.0,0.0,401.85,1.31,248.0,97443.0,True,10,4,302
2015-10-29 05:00:00,23.48,91.95,0.0,-0.0,0.0,398.85,1.31,256.0,97434.0,True,10,5,302
2015-10-29 06:00:00,23.33,92.95,0.0,0.0,0.0,394.85,1.17,247.0,97453.0,True,10,6,302
2015-10-29 07:00:00,23.96,90.2,206.0,430.51,91.0,386.0,0.9,269.0,97549.0,True,10,7,302
2015-10-29 08:00:00,25.8,82.4,452.0,677.99,121.0,388.8,1.03,265.0,97617.0,True,10,8,302
2015-10-29 09:00:00,27.85,73.65,666.0,779.02,142.0,396.65,1.17,264.0,97665.0,True,10,9,302
2015-10-29 10:00:00,29.86,65.0,826.0,828.12,157.0,404.05,1.52,276.0,97665.0,True,10,10,302
2015-10-29 11:00:00,31.34,58.15,921.0,860.24,160.0,413.05,1.72,290.0,97559.0,True,10,11,302
2015-10-29 12:00:00,32.36,52.5,943.0,882.2,151.0,420.05,1.72,304.0,97501.0,True,10,12,302
2015-10-29 13:00:00,32.94,48.8,889.0,893.29,133.0,424.65,1.66,309.0,97376.0,True,10,13,302
2015-10-29 14:00:00,33.35,46.65,746.0,827.19,139.0,426.85,1.45,306.0,97308.0,True,10,14,302
2015-10-29 15:00:00,33.23,45.3,533.0,670.87,152.0,432.45,1.24,300.0,97231.0,True,10,15,302
2015-10-29 16:00:00,32.9,44.9,301.0,513.97,116.0,433.45,1.24,304.0,97212.0,True,10,16,302
2015-10-29 17:00:00,31.49,49.65,74.0,225.69,46.0,421.05,1.03,298.0,97202.0,True,10,17,302
2015-10-29 18:00:00,30.07,54.8,0.0,-0.0,0.0,426.45,1.31,237.0,97193.0,True,10,18,302
2015-10-29 19:00:00,29.41,57.25,0.0,-0.0,0.0,417.45,1.79,226.0,97279.0,True,10,19,302
2015-10-29 20:00:00,28.17,61.9,0.0,-0.0,0.0,397.85,1.93,222.0,97357.0,True,10,20,302
2015-10-29 21:00:00,27.13,66.85,0.0,-0.0,0.0,389.4,1.86,217.0,97405.0,True,10,21,302
2015-10-29 22:00:00,26.33,70.55,0.0,-0.0,0.0,385.25,1.93,214.0,97385.0,True,10,22,302
2015-10-29 23:00:00,25.88,73.45,0.0,-0.0,0.0,388.6,2.0,211.0,97405.0,True,10,23,302
2015-10-30 00:00:00,25.34,77.1,0.0,-0.0,0.0,381.0,2.07,211.0,97405.0,True,10,0,303
2015-10-30 01:00:00,24.96,80.55,0.0,-0.0,0.0,382.65,2.0,210.0,97395.0,True,10,1,303
2015-10-30 02:00:00,24.55,84.0,0.0,-0.0,0.0,380.4,1.86,205.0,97337.0,True,10,2,303
2015-10-30 03:00:00,24.2,87.1,0.0,-0.0,0.0,381.8,1.66,199.0,97328.0,True,10,3,303
2015-10-30 04:00:00,23.86,89.5,0.0,-0.0,0.0,381.6,1.52,192.0,97337.0,True,10,4,303
2015-10-30 05:00:00,23.65,91.2,0.0,-0.0,0.0,385.8,1.45,191.0,97395.0,True,10,5,303
2015-10-30 06:00:00,23.47,92.45,0.0,0.0,0.0,386.0,1.45,200.0,97453.0,True,10,6,303
2015-10-30 07:00:00,24.4,88.55,191.0,338.88,101.0,385.8,1.31,197.0,97511.0,True,10,7,303
2015-10-30 08:00:00,26.53,78.9,340.0,244.68,221.0,392.05,1.93,204.0,97578.0,True,10,8,303
2015-10-30 09:00:00,28.33,71.15,629.0,644.29,197.0,402.45,2.41,213.0,97617.0,True,10,9,303
2015-10-30 10:00:00,29.89,64.75,797.0,739.9,201.0,410.65,2.55,222.0,97598.0,True,10,10,303
2015-10-30 11:00:00,30.99,60.0,889.0,767.44,212.0,418.05,2.28,230.0,97521.0,True,10,11,303
2015-10-30 12:00:00,31.82,56.6,890.0,728.31,238.0,423.05,2.07,237.0,97424.0,True,10,12,303
2015-10-30 13:00:00,31.92,56.2,731.0,452.7,349.0,438.25,1.66,244.0,97376.0,True,10,13,303
2015-10-30 14:00:00,31.98,53.3,605.0,396.47,315.0,439.25,1.03,246.0,97318.0,True,10,14,303
2015-10-30 15:00:00,32.01,52.5,473.0,445.41,221.0,435.25,0.48,242.0,97270.0,True,10,15,303
2015-10-30 16:00:00,31.27,54.55,298.0,502.69,118.0,437.85,0.21,288.0,97241.0,True,10,16,303
2015-10-30 17:00:00,30.1,59.0,74.0,236.71,45.0,426.05,0.69,359.0,97241.0,True,10,17,303
2015-10-30 18:00:00,29.44,61.25,0.0,-0.0,0.0,422.05,0.0,68.0,97299.0,True,10,18,303
2015-10-30 19:00:00,28.4,67.25,0.0,-0.0,0.0,418.45,1.59,248.0,97347.0,True,10,19,303
2015-10-30 20:00:00,27.61,70.85,0.0,-0.0,0.0,412.65,1.72,240.0,97405.0,True,10,20,303
2015-10-30 21:00:00,27.04,73.55,0.0,-0.0,0.0,409.05,1.72,228.0,97453.0,True,10,21,303
2015-10-30 22:00:00,26.59,75.7,0.0,-0.0,0.0,406.45,1.72,210.0,97492.0,True,10,22,303
2015-10-30 23:00:00,26.15,78.0,0.0,-0.0,0.0,402.05,1.72,203.0,97511.0,True,10,23,303
2015-10-31 00:00:00,25.86,80.0,0.0,-0.0,0.0,407.65,1.59,200.0,97482.0,False,10,0,304
2015-10-31 01:00:00,25.46,82.5,0.0,-0.0,0.0,402.45,1.45,195.0,97434.0,False,10,1,304
2015-10-31 02:00:00,25.29,84.0,0.0,-0.0,0.0,411.45,1.31,189.0,97405.0,False,10,2,304
2015-10-31 03:00:00,24.9,86.2,0.0,-0.0,0.0,402.65,1.31,189.0,97385.0,False,10,3,304
2015-10-31 04:00:00,24.47,88.05,0.0,-0.0,0.0,394.45,1.38,182.0,97395.0,False,10,4,304
2015-10-31 05:00:00,24.29,88.7,0.0,-0.0,0.0,399.25,1.45,182.0,97385.0,False,10,5,304
2015-10-31 06:00:00,24.04,89.65,0.0,0.0,0.0,390.6,1.59,187.0,97443.0,False,10,6,304
2015-10-31 07:00:00,24.75,86.3,197.0,390.16,94.0,387.2,1.52,195.0,97501.0,False,10,7,304
2015-10-31 08:00:00,26.63,78.0,439.0,627.52,135.0,391.65,1.79,199.0,97607.0,False,10,8,304
2015-10-31 09:00:00,28.53,70.0,651.0,736.16,159.0,397.65,1.72,197.0,97675.0,False,10,9,304
2015-10-31 10:00:00,30.23,62.05,813.0,798.12,172.0,408.85,1.52,191.0,97665.0,False,10,10,304
2015-10-31 11:00:00,31.59,54.9,901.0,812.81,186.0,415.85,1.1,174.0,97607.0,False,10,11,304
2015-10-31 12:00:00,32.4,49.6,862.0,658.68,274.0,426.05,1.1,144.0,97501.0,False,10,12,304
2015-10-31 13:00:00,32.9,46.95,813.0,670.35,249.0,435.85,1.17,124.0,97395.0,False,10,13,304
2015-10-31 14:00:00,33.09,44.2,721.0,752.95,172.0,444.85,0.9,104.0,97347.0,False,10,14,304
2015-10-31 15:00:00,32.87,42.7,517.0,619.15,168.0,440.05,0.9,76.0,97260.0,False,10,15,304
2015-10-31 16:00:00,30.41,48.98,291.0,471.56,123.0,426.94,1.81,82.0,97202.0,False,10,16,304
2015-10-31 17:00:00,29.86,52.31,69.0,190.03,46.0,424.08,1.78,200.0,97222.0,False,10,17,304
2015-10-31 18:00:00,29.32,55.65,0.0,-0.0,0.0,421.22,1.74,184.0,97279.0,False,10,18,304
2015-10-31 19:00:00,28.77,58.98,0.0,-0.0,0.0,418.36,1.71,195.0,97376.0,False,10,19,304
2015-10-31 20:00:00,28.22,62.31,0.0,-0.0,0.0,415.51,1.68,196.0,97492.0,False,10,20,304
2015-10-31 21:00:00,27.68,65.65,0.0,-0.0,0.0,412.65,1.64,201.0,97578.0,False,10,21,304
2015-10-31 22:00:00,27.13,68.98,0.0,-0.0,0.0,409.79,1.61,206.0,97569.0,False,10,22,304
2015-10-31 23:00:00,26.59,72.31,0.0,-0.0,0.0,406.93,1.58,208.0,97530.0,False,10,23,304
2019-11-01 00:00:00,26.04,75.64,0.0,-0.0,0.0,404.07,1.54,228.0,97694.0,False,11,0,305
2019-11-01 01:00:00,25.49,78.98,0.0,-0.0,0.0,401.22,1.51,233.0,97646.0,False,11,1,305
2019-11-01 02:00:00,24.95,82.31,0.0,-0.0,0.0,398.36,1.48,251.0,97578.0,False,11,2,305
2019-11-01 03:00:00,24.4,85.64,0.0,-0.0,0.0,395.5,1.44,274.0,97569.0,False,11,3,305
2019-11-01 04:00:00,23.86,88.98,0.0,-0.0,0.0,392.64,1.41,268.0,97588.0,False,11,4,305
2019-11-01 05:00:00,23.31,92.31,0.0,-0.0,0.0,389.78,1.38,253.0,97598.0,False,11,5,305
2019-11-01 06:00:00,22.77,95.64,0.0,0.0,0.0,386.93,1.35,248.0,97627.0,False,11,6,305
2019-11-01 07:00:00,22.22,98.97,120.0,53.36,106.0,384.07,1.31,255.0,97694.0,False,11,7,305
2019-11-01 08:00:00,26.95,74.35,400.0,458.03,179.0,391.25,1.45,264.0,97742.0,False,11,8,305
2019-11-01 09:00:00,28.88,65.8,586.0,513.41,244.0,400.05,1.38,276.0,97771.0,False,11,9,305
2019-11-01 10:00:00,30.56,57.15,815.0,814.25,163.0,409.25,1.17,292.0,97733.0,False,11,10,305
2019-11-01 11:00:00,31.9,49.05,909.0,845.91,167.0,418.05,1.1,315.0,97646.0,False,11,11,305
2019-11-01 12:00:00,32.88,42.8,926.0,850.39,169.0,423.05,1.17,349.0,97530.0,False,11,12,305
2019-11-01 13:00:00,33.46,38.3,858.0,816.54,173.0,436.85,1.31,22.0,97443.0,False,11,13,305
2019-11-01 14:00:00,33.77,35.35,724.0,769.07,165.0,427.45,1.38,44.0,97366.0,False,11,14,305
2019-11-01 15:00:00,33.72,34.2,417.0,288.45,255.0,429.25,1.24,55.0,97299.0,False,11,15,305
2019-11-01 16:00:00,33.6,34.55,290.0,473.89,122.0,427.05,1.03,67.0,97279.0,False,11,16,305
2019-11-01 17:00:00,32.56,43.95,65.0,167.2,45.0,424.85,0.48,110.0,97270.0,False,11,17,305
2019-11-01 18:00:00,31.02,50.1,0.0,-0.0,0.0,410.05,0.9,193.0,97250.0,False,11,18,305
2019-11-01 19:00:00,29.52,54.95,0.0,-0.0,0.0,414.65,1.66,203.0,97299.0,False,11,19,305
2019-11-01 20:00:00,28.34,56.95,0.0,-0.0,0.0,402.45,1.93,207.0,97366.0,False,11,20,305
2019-11-01 21:00:00,27.5,60.1,0.0,-0.0,0.0,399.85,2.0,207.0,97453.0,False,11,21,305
2019-11-01 22:00:00,26.79,63.95,0.0,-0.0,0.0,396.65,1.93,213.0,97414.0,False,11,22,305
2019-11-01 23:00:00,26.2,67.75,0.0,-0.0,0.0,395.45,1.93,227.0,97434.0,False,11,23,305
2019-11-02 00:00:00,25.57,71.55,0.0,-0.0,0.0,388.2,1.86,240.0,97405.0,False,11,0,306
2019-11-02 01:00:00,25.05,74.45,0.0,-0.0,0.0,384.85,1.72,248.0,97347.0,False,11,1,306
2019-11-02 02:00:00,24.42,78.45,0.0,-0.0,0.0,381.4,1.66,253.0,97299.0,False,11,2,306
2019-11-02 03:00:00,24.05,80.35,0.0,-0.0,0.0,379.8,1.59,252.0,97289.0,False,11,3,306
2019-11-02 04:00:00,23.56,83.45,0.0,-0.0,0.0,377.6,1.45,254.0,97318.0,False,11,4,306
2019-11-02 05:00:00,23.18,85.4,0.0,-0.0,0.0,377.4,1.45,255.0,97366.0,False,11,5,306
2019-11-02 06:00:00,22.88,87.0,0.0,0.0,0.0,376.8,1.38,244.0,97414.0,False,11,6,306
2019-11-02 07:00:00,24.42,85.25,207.0,464.14,86.0,385.6,1.38,231.0,97482.0,False,11,7,306
2019-11-02 08:00:00,27.75,67.75,443.0,638.89,136.0,388.6,1.66,233.0,97501.0,False,11,8,306
2019-11-02 09:00:00,30.02,57.55,663.0,771.21,151.0,396.25,1.79,235.0,97501.0,False,11,9,306
2019-11-02 10:00:00,31.81,49.7,822.0,817.96,169.0,404.65,1.59,231.0,97501.0,False,11,10,306
2019-11-02 11:00:00,33.11,43.85,927.0,880.35,157.0,413.45,1.1,187.0,97414.0,False,11,11,306
2019-11-02 12:00:00,34.18,38.1,933.0,853.93,175.0,419.45,1.38,140.0,97337.0,False,11,12,306
2019-11-02 13:00:00,34.88,33.65,870.0,834.44,172.0,421.25,1.79,119.0,97241.0,False,11,13,306
2019-11-02 14:00:00,35.12,31.95,742.0,818.38,149.0,426.05,2.07,110.0,97183.0,False,11,14,306
2019-11-02 15:00:00,34.79,31.85,547.0,745.13,130.0,427.25,2.07,109.0,97115.0,False,11,15,306
2019-11-02 16:00:00,34.3,32.55,307.0,564.02,108.0,426.65,1.93,114.0,97135.0,False,11,16,306
2019-11-02 17:00:00,33.11,41.55,60.0,118.37,46.0,420.45,1.1,150.0,97154.0,False,11,17,306
2019-11-02 18:00:00,31.68,41.1,0.0,-0.0,0.0,414.65,1.93,200.0,97173.0,False,11,18,306
2019-11-02 19:00:00,30.08,43.9,0.0,-0.0,0.0,399.85,2.28,182.0,97250.0,False,11,19,306
2019-11-02 20:00:00,28.95,48.3,0.0,-0.0,0.0,398.65,2.48,183.0,97337.0,False,11,20,306
2019-11-02 21:00:00,28.01,52.25,0.0,-0.0,0.0,389.0,2.41,187.0,97424.0,False,11,21,306
2019-11-02 22:00:00,27.25,55.4,0.0,-0.0,0.0,386.6,2.34,192.0,97405.0,False,11,22,306
2019-11-02 23:00:00,26.59,58.35,0.0,-0.0,0.0,386.4,2.21,193.0,97463.0,False,11,23,306
2019-11-03 00:00:00,25.86,62.05,0.0,-0.0,0.0,381.2,2.07,195.0,97443.0,False,11,0,307
2019-11-03 01:00:00,25.09,66.85,0.0,-0.0,0.0,376.85,1.79,198.0,97405.0,False,11,1,307
2019-11-03 02:00:00,24.36,72.45,0.0,-0.0,0.0,374.6,1.52,196.0,97414.0,False,11,2,307
2019-11-03 03:00:00,23.88,77.15,0.0,-0.0,0.0,373.0,1.1,195.0,97405.0,False,11,3,307
2019-11-03 04:00:00,24.09,75.0,0.0,-0.0,0.0,370.8,0.83,206.0,97434.0,False,11,4,307
2019-11-03 05:00:00,23.58,77.7,0.0,-0.0,0.0,367.4,0.9,220.0,97472.0,False,11,5,307
2019-11-03 06:00:00,22.49,83.85,0.0,0.0,0.0,364.0,1.24,202.0,97521.0,False,11,6,307
2019-11-03 07:00:00,23.65,82.9,204.0,447.9,88.0,368.8,1.17,189.0,97617.0,False,11,7,307
2019-11-03 08:00:00,27.25,65.6,437.0,616.51,142.0,375.4,1.59,183.0,97694.0,False,11,8,307
2019-11-03 09:00:00,29.51,55.95,656.0,746.64,162.0,385.6,2.28,184.0,97723.0,False,11,9,307
2019-11-03 10:00:00,31.09,48.45,813.0,790.31,184.0,397.25,2.41,182.0,97694.0,False,11,10,307
2019-11-03 11:00:00,32.35,43.25,922.0,866.84,166.0,406.45,2.07,168.0,97675.0,False,11,11,307
2019-11-03 12:00:00,33.34,38.5,933.0,856.35,175.0,415.45,1.93,146.0,97588.0,False,11,12,307
2019-11-03 13:00:00,34.04,34.4,847.0,761.32,212.0,415.25,2.21,123.0,97511.0,False,11,13,307
2019-11-03 14:00:00,33.77,33.4,730.0,776.59,169.0,429.65,2.34,109.0,97434.0,False,11,14,307
2019-11-03 15:00:00,33.71,33.05,532.0,681.39,152.0,422.45,2.41,109.0,97385.0,False,11,15,307
2019-11-03 16:00:00,33.29,34.15,246.0,261.96,154.0,422.65,2.21,116.0,97357.0,False,11,16,307
2019-11-03 17:00:00,32.31,38.85,61.0,136.76,45.0,418.25,1.52,128.0,97366.0,False,11,17,307
2019-11-03 18:00:00,30.76,43.55,0.0,-0.0,0.0,407.65,1.93,160.0,97424.0,False,11,18,307
2019-11-03 19:00:00,29.55,47.5,0.0,-0.0,0.0,407.25,2.28,166.0,97559.0,False,11,19,307
2019-11-03 20:00:00,28.62,53.55,0.0,-0.0,0.0,408.25,2.28,175.0,97646.0,False,11,20,307
2019-11-03 21:00:00,27.8,60.15,0.0,-0.0,0.0,402.05,2.41,178.0,97704.0,False,11,21,307
2019-11-03 22:00:00,27.06,66.7,0.0,-0.0,0.0,394.85,2.34,182.0,97694.0,False,11,22,307
2019-11-03 23:00:00,26.63,71.15,0.0,-0.0,0.0,400.85,2.28,187.0,97704.0,False,11,23,307
2019-11-04 00:00:00,26.23,74.5,0.0,-0.0,0.0,399.45,2.21,193.0,97675.0,False,11,0,308
2019-11-04 01:00:00,25.72,77.8,0.0,-0.0,0.0,394.05,2.07,197.0,97627.0,False,11,1,308
2019-11-04 02:00:00,25.27,80.95,0.0,-0.0,0.0,393.05,1.86,198.0,97588.0,False,11,2,308
2019-11-04 03:00:00,24.78,84.5,0.0,-0.0,0.0,391.6,1.52,203.0,97569.0,False,11,3,308
2019-11-04 04:00:00,24.29,88.25,0.0,-0.0,0.0,389.0,1.1,211.0,97569.0,False,11,4,308
2019-11-04 05:00:00,23.97,90.7,0.0,-0.0,0.0,387.2,0.83,228.0,97598.0,False,11,5,308
2019-11-04 06:00:00,24.0,90.05,0.0,0.0,0.0,387.8,0.62,243.0,97675.0,False,11,6,308
2019-11-04 07:00:00,24.83,85.05,204.0,454.83,87.0,391.8,0.55,250.0,97742.0,False,11,7,308
2019-11-04 08:00:00,26.96,74.45,440.0,640.15,135.0,393.25,0.9,255.0,97791.0,False,11,8,308
2019-11-04 09:00:00,29.1,64.7,661.0,775.02,150.0,397.85,0.97,256.0,97810.0,False,11,9,308
2019-11-04 10:00:00,31.04,55.15,820.0,821.74,168.0,403.05,0.55,254.0,97752.0,False,11,10,308
2019-11-04 11:00:00,32.67,46.45,924.0,883.16,156.0,409.65,0.28,104.0,97723.0,False,11,11,308
2019-11-04 12:00:00,34.21,37.45,926.0,840.64,184.0,414.05,1.38,83.0,97588.0,False,11,12,308
2019-11-04 13:00:00,35.3,29.65,868.0,838.04,171.0,416.85,2.41,77.0,97521.0,False,11,13,308
2019-11-04 14:00:00,35.29,27.1,744.0,835.86,142.0,417.45,2.83,79.0,97414.0,False,11,14,308
2019-11-04 15:00:00,35.42,26.15,524.0,654.93,160.0,413.45,2.76,83.0,97405.0,False,11,15,308
2019-11-04 16:00:00,35.05,26.25,306.0,577.76,104.0,412.25,2.41,86.0,97385.0,False,11,16,308
2019-11-04 17:00:00,33.99,32.4,70.0,233.19,43.0,411.25,1.38,101.0,97405.0,False,11,17,308
2019-11-04 18:00:00,31.78,41.65,0.0,-0.0,0.0,396.45,1.38,154.0,97443.0,False,11,18,308
2019-11-04 19:00:00,30.25,39.7,0.0,-0.0,0.0,390.45,2.07,175.0,97492.0,False,11,19,308
2019-11-04 20:00:00,28.72,45.8,0.0,-0.0,0.0,384.8,2.14,187.0,97578.0,False,11,20,308
2019-11-04 21:00:00,27.46,52.25,0.0,-0.0,0.0,379.8,2.0,195.0,97636.0,False,11,21,308
2019-11-04 22:00:00,26.36,58.7,0.0,-0.0,0.0,375.8,1.86,204.0,97656.0,False,11,22,308
2019-11-04 23:00:00,25.41,64.5,0.0,-0.0,0.0,371.4,1.72,216.0,97656.0,False,11,23,308
2019-11-05 00:00:00,24.75,69.0,0.0,-0.0,0.0,369.0,1.45,221.0,97617.0,False,11,0,309
2019-11-05 01:00:00,24.82,68.35,0.0,-0.0,0.0,367.25,1.03,223.0,97578.0,False,11,1,309
2019-11-05 02:00:00,24.96,65.8,0.0,-0.0,0.0,366.0,0.76,240.0,97559.0,False,11,2,309
2019-11-05 03:00:00,23.75,72.8,0.0,-0.0,0.0,365.0,1.03,262.0,97540.0,False,11,3,309
2019-11-05 04:00:00,22.64,78.9,0.0,-0.0,0.0,362.4,1.38,267.0,97559.0,False,11,4,309
2019-11-05 05:00:00,22.17,80.6,0.0,-0.0,0.0,359.8,1.45,257.0,97559.0,False,11,5,309
2019-11-05 06:00:00,21.82,82.25,0.0,0.0,0.0,356.2,1.52,247.0,97617.0,False,11,6,309
2019-11-05 07:00:00,23.26,77.3,204.0,454.1,88.0,352.8,0.83,231.0,97665.0,False,11,7,309
2019-11-05 08:00:00,27.4,59.15,445.0,651.4,136.0,357.2,0.69,207.0,97733.0,False,11,8,309
2019-11-05 09:00:00,30.62,45.4,671.0,796.02,148.0,368.0,1.03,187.0,97742.0,False,11,9,309
2019-11-05 10:00:00,32.86,37.05,833.0,842.0,167.0,380.6,1.38,161.0,97733.0,False,11,10,309
2019-11-05 11:00:00,34.43,29.75,933.0,888.03,163.0,390.8,1.59,138.0,97656.0,False,11,11,309
2019-11-05 12:00:00,35.53,24.75,945.0,877.09,173.0,397.45,1.79,118.0,97569.0,False,11,12,309
2019-11-05 13:00:00,36.16,21.95,877.0,841.62,179.0,401.05,2.0,105.0,97443.0,False,11,13,309
2019-11-05 14:00:00,36.42,20.85,752.0,842.52,147.0,401.25,2.07,100.0,97376.0,False,11,14,309
2019-11-05 15:00:00,36.36,20.5,551.0,756.39,132.0,399.65,2.0,99.0,97328.0,False,11,15,309
2019-11-05 16:00:00,35.94,21.05,311.0,591.74,105.0,396.85,1.79,103.0,97299.0,False,11,16,309
2019-11-05 17:00:00,34.52,30.65,70.0,235.5,43.0,392.85,1.1,129.0,97337.0,False,11,17,309
2019-11-05 18:00:00,32.28,32.1,0.0,-0.0,0.0,386.8,1.59,175.0,97366.0,False,11,18,309
2019-11-05 19:00:00,30.26,37.65,0.0,-0.0,0.0,385.0,2.48,186.0,97463.0,False,11,19,309
2019-11-05 20:00:00,29.0,43.7,0.0,-0.0,0.0,383.2,2.62,191.0,97530.0,False,11,20,309
2019-11-05 21:00:00,28.04,49.05,0.0,-0.0,0.0,380.6,2.48,196.0,97578.0,False,11,21,309
2019-11-05 22:00:00,27.19,53.3,0.0,-0.0,0.0,377.2,2.34,203.0,97540.0,False,11,22,309
2019-11-05 23:00:00,26.42,56.8,0.0,-0.0,0.0,373.8,2.21,206.0,97569.0,False,11,23,309
2019-11-06 00:00:00,25.7,60.2,0.0,-0.0,0.0,371.4,2.14,211.0,97549.0,False,11,0,310
2019-11-06 01:00:00,25.04,63.55,0.0,-0.0,0.0,369.65,2.0,216.0,97472.0,False,11,1,310
2019-11-06 02:00:00,24.4,66.75,0.0,-0.0,0.0,367.6,1.86,221.0,97385.0,False,11,2,310
2019-11-06 03:00:00,23.91,69.1,0.0,-0.0,0.0,365.8,1.79,223.0,97376.0,False,11,3,310
2019-11-06 04:00:00,23.54,70.6,0.0,-0.0,0.0,363.8,1.72,226.0,97366.0,False,11,4,310
2019-11-06 05:00:00,23.04,73.75,0.0,-0.0,0.0,362.6,1.66,231.0,97395.0,False,11,5,310
2019-11-06 06:00:00,22.47,78.25,0.0,0.0,0.0,360.4,1.52,233.0,97453.0,False,11,6,310
2019-11-06 07:00:00,23.24,78.7,201.0,449.48,87.0,358.4,1.1,233.0,97501.0,False,11,7,310
2019-11-06 08:00:00,27.35,58.15,436.0,626.79,140.0,364.0,1.03,226.0,97598.0,False,11,8,310
2019-11-06 09:00:00,30.42,46.2,659.0,771.37,154.0,374.0,1.31,222.0,97607.0,False,11,9,310
2019-11-06 10:00:00,32.77,35.95,823.0,831.97,167.0,386.0,1.31,206.0,97578.0,False,11,10,310
2019-11-06 11:00:00,34.32,29.25,923.0,877.9,164.0,395.45,1.24,183.0,97492.0,False,11,11,310
2019-11-06 12:00:00,35.32,25.6,935.0,867.03,174.0,400.25,1.1,159.0,97395.0,False,11,12,310
2019-11-06 13:00:00,36.0,23.15,872.0,847.6,171.0,404.45,1.1,135.0,97250.0,False,11,13,310
2019-11-06 14:00:00,36.32,21.75,735.0,801.68,161.0,403.25,1.24,127.0,97173.0,False,11,14,310
2019-11-06 15:00:00,36.31,21.25,541.0,731.67,137.0,404.05,1.31,131.0,97144.0,False,11,15,310
2019-11-06 16:00:00,35.92,21.85,304.0,568.24,107.0,401.25,1.24,138.0,97135.0,False,11,16,310
2019-11-06 17:00:00,34.78,29.1,70.0,246.52,42.0,397.65,1.03,151.0,97183.0,False,11,17,310
2019-11-06 18:00:00,32.53,33.55,0.0,-0.0,0.0,393.0,1.45,174.0,97183.0,False,11,18,310
2019-11-06 19:00:00,30.68,36.0,0.0,-0.0,0.0,387.4,2.0,182.0,97289.0,False,11,19,310
2019-11-06 20:00:00,29.26,40.25,0.0,-0.0,0.0,384.4,2.34,189.0,97357.0,False,11,20,310
2019-11-06 21:00:00,28.34,44.5,0.0,-0.0,0.0,381.0,2.55,196.0,97443.0,False,11,21,310
2019-11-06 22:00:00,27.59,48.55,0.0,-0.0,0.0,378.0,2.48,203.0,97443.0,False,11,22,310
2019-11-06 23:00:00,26.93,51.95,0.0,-0.0,0.0,375.0,2.41,209.0,97443.0,False,11,23,310
2019-11-07 00:00:00,26.35,54.65,0.0,-0.0,0.0,372.8,2.41,212.0,97395.0,False,11,0,311
2019-11-07 01:00:00,25.82,56.95,0.0,-0.0,0.0,371.25,2.34,211.0,97347.0,False,11,1,311
2019-11-07 02:00:00,25.27,59.55,0.0,-0.0,0.0,370.0,2.21,208.0,97270.0,False,11,2,311
2019-11-07 03:00:00,24.75,62.55,0.0,-0.0,0.0,369.2,2.07,206.0,97241.0,False,11,3,311
2019-11-07 04:00:00,24.26,65.9,0.0,-0.0,0.0,368.2,1.93,207.0,97270.0,False,11,4,311
2019-11-07 05:00:00,23.78,69.45,0.0,-0.0,0.0,367.4,1.79,212.0,97279.0,False,11,5,311
2019-11-07 06:00:00,23.42,73.0,0.0,0.0,0.0,366.2,1.72,223.0,97347.0,False,11,6,311
2019-11-07 07:00:00,24.07,73.7,198.0,440.89,87.0,366.2,1.45,222.0,97405.0,False,11,7,311
2019-11-07 08:00:00,27.75,57.7,437.0,644.55,134.0,371.4,1.72,222.0,97453.0,False,11,8,311
2019-11-07 09:00:00,30.63,48.75,657.0,778.77,149.0,382.0,2.0,215.0,97492.0,False,11,9,311
2019-11-07 10:00:00,32.9,38.9,821.0,840.97,160.0,394.45,2.21,202.0,97492.0,False,11,10,311
2019-11-07 11:00:00,34.45,32.6,911.0,856.11,173.0,404.45,1.79,186.0,97405.0,False,11,11,311
2019-11-07 12:00:00,35.43,28.2,928.0,861.46,174.0,421.65,1.38,163.0,97289.0,False,11,12,311
2019-11-07 13:00:00,36.02,25.1,870.0,858.44,162.0,425.25,1.31,135.0,97193.0,False,11,13,311
2019-11-07 14:00:00,36.22,23.95,737.0,826.38,147.0,421.25,1.38,124.0,97096.0,False,11,14,311
2019-11-07 15:00:00,36.22,23.55,534.0,710.36,143.0,415.85,1.38,121.0,97077.0,False,11,15,311
2019-11-07 16:00:00,35.78,24.2,296.0,529.96,113.0,414.85,1.38,123.0,97067.0,False,11,16,311
2019-11-07 17:00:00,34.82,28.95,69.0,248.71,41.0,415.25,1.24,136.0,97115.0,False,11,17,311
2019-11-07 18:00:00,32.82,33.05,0.0,-0.0,0.0,405.45,1.59,162.0,97135.0,False,11,18,311
2019-11-07 19:00:00,31.19,34.75,0.0,-0.0,0.0,398.65,2.14,167.0,97231.0,False,11,19,311
2019-11-07 20:00:00,29.98,38.55,0.0,-0.0,0.0,394.6,2.41,179.0,97299.0,False,11,20,311
2019-11-07 21:00:00,29.03,42.65,0.0,-0.0,0.0,389.65,2.48,188.0,97357.0,False,11,21,311
2019-11-07 22:00:00,28.24,46.4,0.0,-0.0,0.0,387.0,2.34,195.0,97366.0,False,11,22,311
2019-11-07 23:00:00,27.45,50.05,0.0,-0.0,0.0,384.4,2.21,198.0,97337.0,False,11,23,311
2019-11-08 00:00:00,26.67,54.05,0.0,-0.0,0.0,380.8,2.07,198.0,97308.0,False,11,0,312
2019-11-08 01:00:00,25.92,58.55,0.0,-0.0,0.0,379.25,1.93,199.0,97250.0,False,11,1,312
2019-11-08 02:00:00,25.19,63.7,0.0,-0.0,0.0,377.6,1.72,202.0,97222.0,False,11,2,312
2019-11-08 03:00:00,24.63,68.15,0.0,-0.0,0.0,376.6,1.59,204.0,97222.0,False,11,3,312
2019-11-08 04:00:00,24.17,72.2,0.0,-0.0,0.0,377.4,1.52,204.0,97241.0,False,11,4,312
2019-11-08 05:00:00,23.79,75.9,0.0,-0.0,0.0,378.2,1.38,201.0,97299.0,False,11,5,312
2019-11-08 06:00:00,23.4,79.55,0.0,0.0,0.0,373.8,1.31,188.0,97328.0,False,11,6,312
2019-11-08 07:00:00,24.18,79.8,195.0,432.23,87.0,372.4,1.03,177.0,97395.0,False,11,7,312
2019-11-08 08:00:00,27.92,61.3,430.0,626.18,137.0,377.4,1.38,174.0,97463.0,False,11,8,312
2019-11-08 09:00:00,30.57,51.05,651.0,772.39,149.0,387.4,2.07,175.0,97492.0,False,11,9,312
2019-11-08 10:00:00,32.63,40.8,815.0,834.72,161.0,398.45,2.21,169.0,97492.0,False,11,10,312
2019-11-08 11:00:00,34.23,33.45,909.0,866.76,164.0,407.25,2.0,155.0,97385.0,False,11,11,312
2019-11-08 12:00:00,35.27,29.35,916.0,839.8,183.0,416.05,1.79,132.0,97289.0,False,11,12,312
2019-11-08 13:00:00,36.0,25.9,859.0,836.48,171.0,437.65,1.86,109.0,97202.0,False,11,13,312
2019-11-08 14:00:00,36.23,23.95,672.0,610.99,237.0,436.25,2.07,99.0,97125.0,False,11,14,312
2019-11-08 15:00:00,36.45,22.4,532.0,717.99,138.0,413.05,2.14,97.0,97077.0,False,11,15,312
2019-11-08 16:00:00,36.17,21.9,296.0,543.6,109.0,415.05,2.0,101.0,97115.0,False,11,16,312
2019-11-08 17:00:00,35.13,26.6,67.0,232.86,41.0,409.05,1.24,125.0,97125.0,False,11,17,312
2019-11-08 18:00:00,32.98,31.9,0.0,-0.0,0.0,400.05,1.52,174.0,97164.0,False,11,18,312
2019-11-08 19:00:00,31.34,32.75,0.0,-0.0,0.0,396.45,2.28,183.0,97260.0,False,11,19,312
2019-11-08 20:00:00,30.09,36.85,0.0,-0.0,0.0,392.0,2.41,188.0,97328.0,False,11,20,312
2019-11-08 21:00:00,29.13,41.1,0.0,-0.0,0.0,389.85,2.41,190.0,97405.0,False,11,21,312
2019-11-08 22:00:00,28.26,45.25,0.0,-0.0,0.0,387.8,2.28,192.0,97376.0,False,11,22,312
2019-11-08 23:00:00,27.4,49.55,0.0,-0.0,0.0,384.6,2.07,195.0,97405.0,False,11,23,312
2019-11-09 00:00:00,26.52,54.7,0.0,-0.0,0.0,382.4,1.86,204.0,97395.0,False,11,0,313
2019-11-09 01:00:00,25.67,60.1,0.0,-0.0,0.0,379.45,1.72,218.0,97347.0,False,11,1,313
2019-11-09 02:00:00,25.02,63.95,0.0,-0.0,0.0,376.8,1.66,238.0,97270.0,False,11,2,313
2019-11-09 03:00:00,24.39,69.15,0.0,-0.0,0.0,374.8,1.45,251.0,97289.0,False,11,3,313
2019-11-09 04:00:00,24.03,71.5,0.0,-0.0,0.0,374.4,1.31,240.0,97308.0,False,11,4,313
2019-11-09 05:00:00,23.63,73.4,0.0,-0.0,0.0,372.4,1.31,228.0,97337.0,False,11,5,313
2019-11-09 06:00:00,23.23,76.55,0.0,0.0,0.0,370.4,1.31,231.0,97385.0,False,11,6,313
2019-11-09 07:00:00,24.1,78.35,203.0,512.23,76.0,368.6,1.03,238.0,97463.0,False,11,7,313
2019-11-09 08:00:00,28.21,58.4,417.0,571.17,151.0,373.0,1.1,219.0,97501.0,False,11,8,313
2019-11-09 09:00:00,31.23,44.35,644.0,747.46,160.0,381.8,1.66,192.0,97549.0,False,11,9,313
2019-11-09 10:00:00,33.23,34.4,806.0,806.67,176.0,392.6,2.21,170.0,97521.0,False,11,10,313
2019-11-09 11:00:00,34.63,29.7,895.0,821.46,191.0,400.05,2.14,157.0,97482.0,False,11,11,313
2019-11-09 12:00:00,35.66,26.3,911.0,826.05,192.0,406.05,1.93,138.0,97328.0,False,11,12,313
2019-11-09 13:00:00,36.4,23.25,840.0,777.79,202.0,410.25,2.14,117.0,97222.0,False,11,13,313
2019-11-09 14:00:00,36.76,21.45,704.0,719.71,193.0,411.65,2.41,110.0,97144.0,False,11,14,313
2019-11-09 15:00:00,36.68,20.95,535.0,734.74,133.0,409.85,2.34,109.0,97115.0,False,11,15,313
2019-11-09 16:00:00,36.29,21.1,299.0,566.0,105.0,408.05,2.07,112.0,97125.0,False,11,16,313
2019-11-09 17:00:00,35.36,23.55,67.0,234.66,41.0,402.45,1.59,128.0,97183.0,False,11,17,313
2019-11-09 18:00:00,33.41,27.9,0.0,-0.0,0.0,401.85,1.72,164.0,97212.0,False,11,18,313
2019-11-09 19:00:00,31.57,31.5,0.0,-0.0,0.0,393.05,2.14,175.0,97308.0,False,11,19,313
2019-11-09 20:00:00,30.26,35.7,0.0,-0.0,0.0,391.6,2.41,186.0,97357.0,False,11,20,313
2019-11-09 21:00:00,29.29,40.2,0.0,-0.0,0.0,387.8,2.48,192.0,97443.0,False,11,21,313
2019-11-09 22:00:00,28.46,44.45,0.0,-0.0,0.0,385.8,2.34,198.0,97443.0,False,11,22,313
2019-11-09 23:00:00,27.7,48.3,0.0,-0.0,0.0,383.8,2.21,204.0,97434.0,False,11,23,313
2019-11-10 00:00:00,26.94,51.95,0.0,-0.0,0.0,381.6,2.07,210.0,97424.0,False,11,0,314
2019-11-10 01:00:00,26.22,55.55,0.0,-0.0,0.0,379.25,1.93,216.0,97385.0,False,11,1,314
2019-11-10 02:00:00,25.51,59.5,0.0,-0.0,0.0,377.2,1.79,223.0,97328.0,False,11,2,314
2019-11-10 03:00:00,24.89,63.3,0.0,-0.0,0.0,374.6,1.66,230.0,97289.0,False,11,3,314
2019-11-10 04:00:00,24.34,66.95,0.0,-0.0,0.0,372.6,1.52,234.0,97279.0,False,11,4,314
2019-11-10 05:00:00,23.85,69.1,0.0,-0.0,0.0,370.2,1.52,234.0,97279.0,False,11,5,314
2019-11-10 06:00:00,23.41,71.9,0.0,0.0,0.0,368.4,1.59,241.0,97347.0,False,11,6,314
2019-11-10 07:00:00,23.93,75.8,194.0,443.14,85.0,366.0,1.03,238.0,97453.0,False,11,7,314
2019-11-10 08:00:00,28.08,54.05,430.0,640.81,133.0,372.0,1.24,249.0,97511.0,False,11,8,314
2019-11-10 09:00:00,31.13,43.95,646.0,762.66,154.0,383.4,1.59,255.0,97549.0,False,11,9,314
2019-11-10 10:00:00,33.42,35.35,809.0,823.4,168.0,396.45,1.38,247.0,97511.0,False,11,10,314
2019-11-10 11:00:00,34.93,29.25,908.0,870.67,164.0,406.65,0.76,225.0,97395.0,False,11,11,314
2019-11-10 12:00:00,35.67,25.55,920.0,859.43,174.0,417.05,0.34,176.0,97328.0,False,11,12,314
2019-11-10 13:00:00,36.11,23.2,858.0,840.99,170.0,432.05,0.55,122.0,97222.0,False,11,13,314
2019-11-10 14:00:00,36.2,22.2,707.0,735.77,186.0,420.45,0.76,107.0,97115.0,False,11,14,314
2019-11-10 15:00:00,36.55,21.1,468.0,461.9,216.0,414.85,0.83,98.0,97067.0,False,11,15,314
2019-11-10 16:00:00,36.12,21.3,243.0,275.19,149.0,420.85,0.76,88.0,97058.0,False,11,16,314
2019-11-10 17:00:00,35.56,21.35,59.0,154.52,42.0,411.45,0.34,56.0,97086.0,False,11,17,314
2019-11-10 18:00:00,34.16,26.6,0.0,-0.0,0.0,400.05,0.62,308.0,97144.0,False,11,18,314
2019-11-10 19:00:00,31.63,31.75,0.0,-0.0,0.0,399.65,1.79,198.0,97241.0,False,11,19,314
2019-11-10 20:00:00,30.2,34.55,0.0,-0.0,0.0,394.25,2.41,202.0,97357.0,False,11,20,314
2019-11-10 21:00:00,29.41,36.7,0.0,-0.0,0.0,390.25,2.55,208.0,97414.0,False,11,21,314
2019-11-10 22:00:00,28.65,39.9,0.0,-0.0,0.0,387.0,2.55,215.0,97405.0,False,11,22,314
2019-11-10 23:00:00,27.96,42.75,0.0,-0.0,0.0,384.6,2.41,213.0,97347.0,False,11,23,314
2019-11-11 00:00:00,27.28,45.5,0.0,-0.0,0.0,381.2,2.28,206.0,97357.0,False,11,0,315
2019-11-11 01:00:00,26.61,48.25,0.0,-0.0,0.0,379.25,2.14,204.0,97308.0,False,11,1,315
2019-11-11 02:00:00,26.04,50.95,0.0,-0.0,0.0,377.4,2.07,208.0,97241.0,False,11,2,315
2019-11-11 03:00:00,25.5,53.65,0.0,-0.0,0.0,377.2,1.93,225.0,97231.0,False,11,3,315
2019-11-11 04:00:00,25.09,54.7,0.0,-0.0,0.0,373.4,2.0,244.0,97212.0,False,11,4,315
2019-11-11 05:00:00,24.64,56.45,0.0,-0.0,0.0,372.4,2.07,261.0,97212.0,False,11,5,315
2019-11-11 06:00:00,24.44,57.85,0.0,0.0,0.0,372.8,2.0,282.0,97270.0,False,11,6,315
2019-11-11 07:00:00,24.88,60.1,190.0,434.46,84.0,372.0,1.72,316.0,97376.0,False,11,7,315
2019-11-11 08:00:00,27.73,47.9,423.0,622.26,136.0,378.2,1.72,327.0,97414.0,False,11,8,315
2019-11-11 09:00:00,30.3,40.65,637.0,742.21,160.0,388.4,1.38,315.0,97453.0,False,11,9,315
2019-11-11 10:00:00,32.46,36.35,789.0,771.94,190.0,399.25,1.45,283.0,97482.0,False,11,10,315
2019-11-11 11:00:00,34.07,32.75,838.0,670.17,267.0,409.25,1.72,270.0,97385.0,False,11,11,315
2019-11-11 12:00:00,35.0,29.95,834.0,620.34,297.0,420.45,1.66,268.0,97250.0,False,11,12,315
2019-11-11 13:00:00,35.61,28.3,773.0,593.19,289.0,423.45,1.59,279.0,97154.0,False,11,13,315
2019-11-11 14:00:00,35.95,27.1,0.0,0.0,0.0,423.25,1.52,293.0,97067.0,False,11,14,315
2019-11-11 15:00:00,35.99,26.4,478.0,510.95,200.0,422.85,1.38,306.0,96990.0,False,11,15,315
2019-11-11 16:00:00,35.4,26.9,286.0,499.31,116.0,427.05,1.31,320.0,96990.0,False,11,16,315
2019-11-11 17:00:00,34.65,28.5,59.0,164.68,41.0,425.05,1.1,329.0,97000.0,False,11,17,315
2019-11-11 18:00:00,33.37,39.25,0.0,-0.0,0.0,417.85,0.55,311.0,97029.0,False,11,18,315
2019-11-11 19:00:00,31.54,36.2,0.0,-0.0,0.0,402.45,1.38,13.0,97067.0,False,11,19,315
2019-11-11 20:00:00,30.59,42.85,0.0,-0.0,0.0,393.25,0.69,14.0,97173.0,False,11,20,315
2019-11-11 21:00:00,30.17,38.9,0.0,-0.0,0.0,389.0,0.62,195.0,97222.0,False,11,21,315
2019-11-11 22:00:00,28.34,44.15,0.0,-0.0,0.0,382.0,1.17,197.0,97250.0,False,11,22,315
2019-11-11 23:00:00,26.78,47.95,0.0,-0.0,0.0,380.6,1.66,198.0,97212.0,False,11,23,315
2019-11-12 00:00:00,26.07,52.0,0.0,-0.0,0.0,386.2,2.07,203.0,97250.0,False,11,0,316
2019-11-12 01:00:00,25.71,54.05,0.0,-0.0,0.0,378.25,1.79,222.0,97193.0,False,11,1,316
2019-11-12 02:00:00,25.03,59.3,0.0,-0.0,0.0,382.4,1.45,274.0,97173.0,False,11,2,316
2019-11-12 03:00:00,24.29,58.6,0.0,-0.0,0.0,371.8,1.86,313.0,97183.0,False,11,3,316
2019-11-12 04:00:00,23.96,55.8,0.0,-0.0,0.0,371.6,2.0,331.0,97164.0,False,11,4,316
2019-11-12 05:00:00,23.73,51.2,0.0,-0.0,0.0,372.2,1.93,347.0,97202.0,False,11,5,316
2019-11-12 06:00:00,23.36,46.95,0.0,0.0,0.0,359.2,2.14,5.0,97231.0,False,11,6,316
2019-11-12 07:00:00,23.74,36.25,190.0,433.96,85.0,346.2,2.14,28.0,97337.0,False,11,7,316
2019-11-12 08:00:00,26.48,25.5,429.0,642.78,134.0,348.4,2.21,38.0,97405.0,False,11,8,316
2019-11-12 09:00:00,28.86,18.8,646.0,760.67,159.0,355.2,2.69,49.0,97443.0,False,11,9,316
2019-11-12 10:00:00,31.32,15.8,809.0,820.99,174.0,361.0,2.76,53.0,97434.0,False,11,10,316
2019-11-12 11:00:00,33.3,14.65,899.0,834.57,190.0,366.6,2.83,56.0,97357.0,False,11,11,316
2019-11-12 12:00:00,34.73,14.35,916.0,839.79,191.0,373.8,2.62,61.0,97260.0,False,11,12,316
2019-11-12 13:00:00,35.58,14.4,859.0,838.02,177.0,379.4,2.34,66.0,97135.0,False,11,13,316
2019-11-12 14:00:00,36.02,14.6,732.0,821.92,153.0,382.6,2.07,69.0,97048.0,False,11,14,316
2019-11-12 15:00:00,36.05,14.95,536.0,737.13,136.0,384.0,1.79,66.0,96961.0,False,11,15,316
2019-11-12 16:00:00,35.71,15.4,300.0,571.55,106.0,382.8,1.59,51.0,96951.0,False,11,16,316
2019-11-12 17:00:00,34.73,17.45,66.0,239.28,40.0,379.6,1.45,23.0,96980.0,False,11,17,316
2019-11-12 18:00:00,32.63,20.05,0.0,-0.0,0.0,374.8,1.93,6.0,97029.0,False,11,18,316
2019-11-12 19:00:00,30.32,30.05,0.0,-0.0,0.0,372.6,1.66,16.0,97096.0,False,11,19,316
2019-11-12 20:00:00,28.83,36.9,0.0,-0.0,0.0,368.2,1.24,24.0,97202.0,False,11,20,316
2019-11-12 21:00:00,29.99,23.8,0.0,-0.0,0.0,365.0,0.41,31.0,97279.0,False,11,21,316
2019-11-12 22:00:00,28.86,26.05,0.0,-0.0,0.0,360.4,0.07,168.0,97308.0,False,11,22,316
2019-11-12 23:00:00,27.82,28.2,0.0,-0.0,0.0,355.4,0.55,358.0,97328.0,False,11,23,316
2019-11-13 00:00:00,24.6,42.25,0.0,-0.0,0.0,349.8,1.45,10.0,97328.0,False,11,0,317
2019-11-13 01:00:00,24.45,40.25,0.0,-0.0,0.0,345.65,1.24,25.0,97279.0,False,11,1,317
2019-11-13 02:00:00,24.61,35.65,0.0,-0.0,0.0,341.6,0.97,42.0,97260.0,False,11,2,317
2019-11-13 03:00:00,23.39,39.45,0.0,-0.0,0.0,340.0,1.24,31.0,97222.0,False,11,3,317
2019-11-13 04:00:00,21.54,41.65,0.0,-0.0,0.0,335.6,1.93,20.0,97250.0,False,11,4,317
2019-11-13 05:00:00,20.83,38.9,0.0,-0.0,0.0,333.0,2.0,19.0,97260.0,False,11,5,317
2019-11-13 06:00:00,20.54,38.7,0.0,0.0,0.0,336.6,2.0,19.0,97337.0,False,11,6,317
2019-11-13 07:00:00,20.74,43.95,188.0,429.33,85.0,329.2,1.66,34.0,97385.0,False,11,7,317
2019-11-13 08:00:00,25.24,23.55,434.0,678.86,124.0,334.0,1.38,51.0,97501.0,False,11,8,317
2019-11-13 09:00:00,28.38,18.6,636.0,732.24,169.0,345.0,1.59,69.0,97511.0,False,11,9,317
2019-11-13 10:00:00,31.0,17.7,806.0,821.08,173.0,356.4,1.31,89.0,97549.0,False,11,10,317
2019-11-13 11:00:00,32.95,18.85,891.0,819.29,197.0,367.2,0.76,104.0,97492.0,False,11,11,317
2019-11-13 12:00:00,34.41,18.4,883.0,746.8,240.0,378.0,0.83,94.0,97385.0,False,11,12,317
2019-11-13 13:00:00,35.4,17.55,838.0,776.09,208.0,387.6,1.03,81.0,97260.0,False,11,13,317
2019-11-13 14:00:00,35.85,17.05,703.0,718.65,198.0,388.6,1.1,67.0,97183.0,False,11,14,317
2019-11-13 15:00:00,35.9,17.0,377.0,203.23,267.0,389.6,1.03,50.0,97154.0,False,11,15,317
2019-11-13 16:00:00,35.58,17.3,311.0,658.87,88.0,389.45,1.24,35.0,97135.0,False,11,16,317
2019-11-13 17:00:00,34.64,19.5,65.0,240.54,39.0,385.8,1.38,19.0,97173.0,False,11,17,317
2019-11-13 18:00:00,32.67,22.2,0.0,-0.0,0.0,382.6,1.86,10.0,97183.0,False,11,18,317
2019-11-13 19:00:00,30.55,25.65,0.0,-0.0,0.0,376.2,1.93,22.0,97260.0,False,11,19,317
2019-11-13 20:00:00,29.04,27.9,0.0,-0.0,0.0,371.4,2.07,30.0,97337.0,False,11,20,317
2019-11-13 21:00:00,27.88,27.95,0.0,-0.0,0.0,366.6,2.34,38.0,97414.0,False,11,21,317
2019-11-13 22:00:00,26.98,26.4,0.0,-0.0,0.0,360.4,2.55,40.0,97443.0,False,11,22,317
2019-11-13 23:00:00,26.14,24.95,0.0,-0.0,0.0,353.8,2.48,44.0,97482.0,False,11,23,317
2019-11-14 00:00:00,25.22,25.45,0.0,-0.0,0.0,349.0,2.21,52.0,97453.0,False,11,0,318
2019-11-14 01:00:00,24.37,26.8,0.0,-0.0,0.0,346.05,2.14,54.0,97395.0,False,11,1,318
2019-11-14 02:00:00,23.72,26.95,0.0,-0.0,0.0,343.0,2.14,49.0,97366.0,False,11,2,318
2019-11-14 03:00:00,22.86,29.8,0.0,-0.0,0.0,341.4,2.07,46.0,97347.0,False,11,3,318
2019-11-14 04:00:00,22.11,31.4,0.0,-0.0,0.0,337.0,2.07,42.0,97376.0,False,11,4,318
2019-11-14 05:00:00,21.71,30.65,0.0,-0.0,0.0,335.0,2.07,42.0,97395.0,False,11,5,318
2019-11-14 06:00:00,21.11,36.1,0.0,0.0,0.0,333.2,1.93,49.0,97463.0,False,11,6,318
2019-11-14 07:00:00,21.15,41.2,189.0,449.89,82.0,332.0,1.66,52.0,97540.0,False,11,7,318
2019-11-14 08:00:00,25.04,26.35,423.0,636.1,134.0,334.8,1.52,68.0,97627.0,False,11,8,318
2019-11-14 09:00:00,27.83,20.55,638.0,755.54,158.0,341.0,1.93,80.0,97636.0,False,11,9,318
2019-11-14 10:00:00,30.5,17.0,801.0,815.95,174.0,354.6,2.21,89.0,97636.0,False,11,10,318
2019-11-14 11:00:00,32.58,14.95,891.0,829.95,190.0,358.4,2.14,95.0,97569.0,False,11,11,318
2019-11-14 12:00:00,34.05,13.7,903.0,819.82,199.0,365.8,2.07,94.0,97472.0,False,11,12,318
2019-11-14 13:00:00,34.94,13.2,852.0,833.61,177.0,371.4,1.66,86.0,97347.0,False,11,13,318
2019-11-14 14:00:00,35.38,13.15,726.0,817.39,153.0,374.8,1.52,69.0,97260.0,False,11,14,318
2019-11-14 15:00:00,35.4,13.35,531.0,731.54,136.0,376.0,1.59,51.0,97212.0,False,11,15,318
2019-11-14 16:00:00,35.05,13.7,298.0,577.69,103.0,375.2,1.86,41.0,97193.0,False,11,16,318
2019-11-14 17:00:00,33.99,15.8,66.0,241.66,40.0,372.4,1.52,30.0,97202.0,False,11,17,318
2019-11-14 18:00:00,32.0,18.95,0.0,-0.0,0.0,367.6,1.72,19.0,97212.0,False,11,18,318
2019-11-14 19:00:00,29.86,29.85,0.0,-0.0,0.0,366.4,1.45,26.0,97289.0,False,11,19,318
2019-11-14 20:00:00,29.57,29.35,0.0,-0.0,0.0,363.4,0.9,29.0,97385.0,False,11,20,318
2019-11-14 21:00:00,29.79,22.3,0.0,-0.0,0.0,361.2,0.28,78.0,97463.0,False,11,21,318
2019-11-14 22:00:00,28.6,24.7,0.0,-0.0,0.0,358.8,0.28,184.0,97453.0,False,11,22,318
2019-11-14 23:00:00,27.27,27.75,0.0,-0.0,0.0,355.8,0.34,263.0,97463.0,False,11,23,318
2019-11-15 00:00:00,25.5,34.2,0.0,-0.0,0.0,352.2,0.97,326.0,97424.0,False,11,0,319
2019-11-15 01:00:00,22.82,44.15,0.0,-0.0,0.0,348.85,1.72,340.0,97395.0,False,11,1,319
2019-11-15 02:00:00,22.1,47.7,0.0,-0.0,0.0,345.6,1.45,345.0,97357.0,False,11,2,319
2019-11-15 03:00:00,21.76,49.15,0.0,-0.0,0.0,342.4,1.31,351.0,97308.0,False,11,3,319
2019-11-15 04:00:00,20.91,51.85,0.0,-0.0,0.0,340.2,1.45,358.0,97366.0,False,11,4,319
2019-11-15 05:00:00,20.3,51.0,0.0,-0.0,0.0,337.2,1.59,1.0,97366.0,False,11,5,319
2019-11-15 06:00:00,19.85,53.75,0.0,-0.0,0.0,335.8,1.59,359.0,97424.0,False,11,6,319
2019-11-15 07:00:00,20.69,54.95,171.0,335.12,92.0,341.8,1.52,13.0,97463.0,False,11,7,319
2019-11-15 08:00:00,25.18,34.65,405.0,566.38,149.0,347.2,1.24,20.0,97530.0,False,11,8,319
2019-11-15 09:00:00,29.03,24.75,613.0,676.33,185.0,365.4,1.79,34.0,97540.0,False,11,9,319
2019-11-15 10:00:00,32.06,18.7,766.0,718.09,216.0,366.2,2.41,49.0,97521.0,False,11,10,319
2019-11-15 11:00:00,34.08,15.45,769.0,508.19,341.0,374.6,2.97,60.0,97472.0,False,11,11,319
2019-11-15 12:00:00,35.14,15.2,829.0,623.49,295.0,381.4,2.83,65.0,97347.0,False,11,12,319
2019-11-15 13:00:00,35.72,15.45,834.0,793.56,193.0,385.6,2.55,63.0,97260.0,False,11,13,319
2019-11-15 14:00:00,36.0,15.45,597.0,420.38,303.0,388.4,2.28,61.0,97173.0,False,11,14,319
2019-11-15 15:00:00,35.99,15.45,499.0,607.01,172.0,389.0,2.21,58.0,97154.0,False,11,15,319
2019-11-15 16:00:00,35.6,15.65,230.0,234.62,151.0,388.0,2.21,52.0,97144.0,False,11,16,319
2019-11-15 17:00:00,34.45,17.5,60.0,186.63,40.0,384.2,1.79,38.0,97144.0,False,11,17,319
2019-11-15 18:00:00,32.44,19.9,0.0,-0.0,0.0,379.2,2.21,26.0,97173.0,False,11,18,319
2019-11-15 19:00:00,30.72,22.75,0.0,-0.0,0.0,376.0,2.07,37.0,97222.0,False,11,19,319
2019-11-15 20:00:00,29.27,25.1,0.0,-0.0,0.0,372.2,2.07,44.0,97299.0,False,11,20,319
2019-11-15 21:00:00,27.98,27.25,0.0,-0.0,0.0,369.0,2.14,54.0,97385.0,False,11,21,319
2019-11-15 22:00:00,26.94,28.55,0.0,-0.0,0.0,366.4,2.14,57.0,97405.0,False,11,22,319
2019-11-15 23:00:00,25.96,30.55,0.0,-0.0,0.0,367.2,2.07,50.0,97434.0,False,11,23,319
2019-11-16 00:00:00,25.17,32.4,0.0,-0.0,0.0,363.8,1.93,49.0,97405.0,False,11,0,320
2019-11-16 01:00:00,24.34,37.35,0.0,-0.0,0.0,362.85,1.72,69.0,97376.0,False,11,1,320
2019-11-16 02:00:00,23.81,35.9,0.0,-0.0,0.0,366.4,1.79,106.0,97328.0,False,11,2,320
2019-11-16 03:00:00,23.3,37.45,0.0,-0.0,0.0,363.6,1.86,114.0,97308.0,False,11,3,320
2019-11-16 04:00:00,22.88,42.8,0.0,-0.0,0.0,354.4,1.52,85.0,97289.0,False,11,4,320
2019-11-16 05:00:00,22.43,43.5,0.0,-0.0,0.0,352.2,1.59,56.0,97289.0,False,11,5,320
2019-11-16 06:00:00,21.99,46.65,0.0,-0.0,0.0,360.8,1.72,47.0,97308.0,False,11,6,320
2019-11-16 07:00:00,21.9,58.6,182.0,440.9,79.0,355.6,1.17,360.0,97395.0,False,11,7,320
2019-11-16 08:00:00,26.64,36.5,413.0,627.16,131.0,360.0,0.48,6.0,97453.0,False,11,8,320
2019-11-16 09:00:00,30.32,27.9,627.0,751.96,153.0,368.6,0.48,28.0,97511.0,False,11,9,320
2019-11-16 10:00:00,32.77,24.4,789.0,814.74,167.0,379.6,0.41,72.0,97492.0,False,11,10,320
2019-11-16 11:00:00,34.39,21.65,874.0,814.48,190.0,389.0,0.69,110.0,97453.0,False,11,11,320
2019-11-16 12:00:00,35.45,19.25,892.0,819.43,192.0,395.45,1.03,101.0,97318.0,False,11,12,320
2019-11-16 13:00:00,36.05,18.2,837.0,816.56,179.0,399.25,1.1,83.0,97241.0,False,11,13,320
2019-11-16 14:00:00,36.33,17.85,697.0,742.35,179.0,400.45,1.17,68.0,97125.0,False,11,14,320
2019-11-16 15:00:00,36.33,17.75,433.0,370.22,234.0,400.85,1.24,57.0,97096.0,False,11,15,320
2019-11-16 16:00:00,35.99,17.95,212.0,172.64,154.0,398.85,1.45,44.0,97058.0,False,11,16,320
2019-11-16 17:00:00,35.11,19.65,40.0,37.45,36.0,394.85,1.38,26.0,97096.0,False,11,17,320
2019-11-16 18:00:00,33.24,22.3,0.0,-0.0,0.0,389.2,1.79,11.0,97183.0,False,11,18,320
2019-11-16 19:00:00,31.53,26.6,0.0,-0.0,0.0,397.85,1.86,19.0,97250.0,False,11,19,320
2019-11-16 20:00:00,30.39,29.85,0.0,-0.0,0.0,411.05,1.66,27.0,97357.0,False,11,20,320
2019-11-16 21:00:00,29.44,33.8,0.0,-0.0,0.0,414.05,1.59,28.0,97385.0,False,11,21,320
2019-11-16 22:00:00,28.3,35.6,0.0,-0.0,0.0,389.0,1.72,19.0,97414.0,False,11,22,320
2019-11-16 23:00:00,27.85,33.5,0.0,-0.0,0.0,393.45,1.93,8.0,97385.0,False,11,23,320
2019-11-17 00:00:00,26.82,36.3,0.0,-0.0,0.0,389.0,1.93,2.0,97395.0,False,11,0,321
2019-11-17 01:00:00,26.3,36.45,0.0,-0.0,0.0,390.85,1.93,357.0,97337.0,False,11,1,321
2019-11-17 02:00:00,25.86,37.15,0.0,-0.0,0.0,389.8,1.86,358.0,97318.0,False,11,2,321
2019-11-17 03:00:00,25.85,35.9,0.0,-0.0,0.0,398.45,1.79,23.0,97299.0,False,11,3,321
2019-11-17 04:00:00,25.11,37.35,0.0,-0.0,0.0,381.8,1.93,43.0,97328.0,False,11,4,321
2019-11-17 05:00:00,24.57,37.15,0.0,-0.0,0.0,371.4,2.07,36.0,97366.0,False,11,5,321
2019-11-17 06:00:00,23.96,38.25,0.0,-0.0,0.0,355.8,2.21,30.0,97434.0,False,11,6,321
2019-11-17 07:00:00,24.2,41.45,181.0,427.7,82.0,367.4,1.93,29.0,97482.0,False,11,7,321
2019-11-17 08:00:00,27.13,31.9,421.0,664.01,124.0,367.0,1.93,40.0,97549.0,False,11,8,321
2019-11-17 09:00:00,30.23,23.2,628.0,748.55,158.0,373.6,2.69,49.0,97578.0,False,11,9,321
2019-11-17 10:00:00,32.63,19.2,790.0,810.83,173.0,384.0,2.97,51.0,97559.0,False,11,10,321
2019-11-17 11:00:00,34.54,16.95,870.0,794.11,205.0,386.8,3.31,51.0,97463.0,False,11,11,321
2019-11-17 12:00:00,35.82,15.85,908.0,862.6,173.0,389.25,3.31,52.0,97376.0,False,11,12,321
2019-11-17 13:00:00,36.46,15.05,839.0,813.5,185.0,394.6,3.17,53.0,97241.0,False,11,13,321
2019-11-17 14:00:00,36.81,14.5,688.0,696.57,203.0,397.25,3.1,53.0,97173.0,False,11,14,321
2019-11-17 15:00:00,36.77,14.35,388.0,240.49,259.0,397.85,3.03,50.0,97106.0,False,11,15,321
2019-11-17 16:00:00,36.37,14.5,200.0,134.23,155.0,394.45,3.03,45.0,97096.0,False,11,16,321
2019-11-17 17:00:00,35.03,16.55,53.0,122.04,40.0,394.65,2.14,35.0,97135.0,False,11,17,321
2019-11-17 18:00:00,33.05,18.75,0.0,-0.0,0.0,389.2,2.34,24.0,97193.0,False,11,18,321
2019-11-17 19:00:00,31.6,20.55,0.0,-0.0,0.0,388.8,2.48,26.0,97250.0,False,11,19,321
2019-11-17 20:00:00,30.39,21.6,0.0,-0.0,0.0,384.0,2.55,26.0,97328.0,False,11,20,321
2019-11-17 21:00:00,29.31,22.4,0.0,-0.0,0.0,373.8,2.69,26.0,97385.0,False,11,21,321
2019-11-17 22:00:00,28.5,22.9,0.0,-0.0,0.0,372.6,2.69,24.0,97395.0,False,11,22,321
2019-11-17 23:00:00,27.74,23.5,0.0,-0.0,0.0,367.4,2.62,22.0,97366.0,False,11,23,321
2019-11-18 00:00:00,27.07,24.15,0.0,-0.0,0.0,363.8,2.62,21.0,97337.0,False,11,0,322
2019-11-18 01:00:00,26.47,24.8,0.0,-0.0,0.0,362.25,2.62,20.0,97289.0,False,11,1,322
2019-11-18 02:00:00,25.9,25.6,0.0,-0.0,0.0,358.8,2.55,17.0,97289.0,False,11,2,322
2019-11-18 03:00:00,25.34,26.5,0.0,-0.0,0.0,356.4,2.55,16.0,97279.0,False,11,3,322
2019-11-18 04:00:00,24.96,27.2,0.0,-0.0,0.0,358.8,2.62,18.0,97308.0,False,11,4,322
2019-11-18 05:00:00,24.5,28.1,0.0,-0.0,0.0,353.4,2.62,22.0,97299.0,False,11,5,322
2019-11-18 06:00:00,24.05,29.65,0.0,-0.0,0.0,349.0,2.62,27.0,97385.0,False,11,6,322
2019-11-18 07:00:00,23.8,33.55,180.0,436.1,80.0,347.0,2.21,30.0,97424.0,False,11,7,322
2019-11-18 08:00:00,26.56,28.95,414.0,640.58,129.0,349.4,2.07,32.0,97511.0,False,11,8,322
2019-11-18 09:00:00,29.6,23.85,626.0,749.92,157.0,357.0,2.62,32.0,97540.0,False,11,9,322
2019-11-18 10:00:00,32.33,20.55,788.0,812.16,172.0,366.8,2.9,35.0,97530.0,False,11,10,322
2019-11-18 11:00:00,34.51,17.85,879.0,826.29,189.0,377.0,3.17,41.0,97453.0,False,11,11,322
2019-11-18 12:00:00,36.02,15.6,897.0,831.83,190.0,384.8,3.1,50.0,97328.0,False,11,12,322
2019-11-18 13:00:00,36.82,14.6,843.0,829.08,178.0,390.0,2.9,56.0,97212.0,False,11,13,322
2019-11-18 14:00:00,37.13,14.45,714.0,798.79,159.0,392.05,2.69,58.0,97115.0,False,11,14,322
2019-11-18 15:00:00,37.09,14.5,451.0,424.02,224.0,392.25,2.48,55.0,97067.0,False,11,15,322
2019-11-18 16:00:00,36.68,14.75,288.0,531.93,110.0,390.6,2.34,50.0,97058.0,False,11,16,322
2019-11-18 17:00:00,35.43,17.1,64.0,235.18,39.0,387.2,1.72,37.0,97125.0,False,11,17,322
2019-11-18 18:00:00,33.45,19.6,0.0,-0.0,0.0,381.2,2.14,26.0,97173.0,False,11,18,322
2019-11-18 19:00:00,31.58,22.3,0.0,-0.0,0.0,377.2,2.28,25.0,97250.0,False,11,19,322
2019-11-18 20:00:00,30.14,24.05,0.0,-0.0,0.0,372.8,2.34,23.0,97337.0,False,11,20,322
2019-11-18 21:00:00,28.95,25.4,0.0,-0.0,0.0,369.2,2.48,22.0,97395.0,False,11,21,322
2019-11-18 22:00:00,27.96,26.6,0.0,-0.0,0.0,365.4,2.48,17.0,97405.0,False,11,22,322
2019-11-18 23:00:00,27.11,27.9,0.0,-0.0,0.0,362.2,2.48,12.0,97453.0,False,11,23,322
2019-11-19 00:00:00,26.4,28.9,0.0,-0.0,0.0,359.2,2.62,7.0,97424.0,False,11,0,323
2019-11-19 01:00:00,25.85,29.2,0.0,-0.0,0.0,356.05,2.83,7.0,97405.0,False,11,1,323
2019-11-19 02:00:00,25.31,28.6,0.0,-0.0,0.0,352.0,2.83,11.0,97385.0,False,11,2,323
2019-11-19 03:00:00,24.67,27.6,0.0,-0.0,0.0,347.8,2.69,13.0,97376.0,False,11,3,323
2019-11-19 04:00:00,24.04,26.6,0.0,-0.0,0.0,345.4,2.55,11.0,97405.0,False,11,4,323
2019-11-19 05:00:00,23.45,25.55,0.0,-0.0,0.0,342.8,2.41,9.0,97472.0,False,11,5,323
2019-11-19 06:00:00,22.89,25.5,0.0,-0.0,0.0,341.2,2.34,14.0,97511.0,False,11,6,323
2019-11-19 07:00:00,22.86,30.0,178.0,431.48,80.0,338.8,1.86,30.0,97559.0,False,11,7,323
2019-11-19 08:00:00,25.45,22.35,418.0,662.1,125.0,341.8,2.07,40.0,97607.0,False,11,8,323
2019-11-19 09:00:00,28.12,17.9,629.0,757.72,157.0,347.0,2.62,41.0,97617.0,False,11,9,323
2019-11-19 10:00:00,30.71,15.9,796.0,835.96,164.0,354.6,2.69,43.0,97559.0,False,11,10,323
2019-11-19 11:00:00,33.02,14.75,888.0,850.22,180.0,362.6,2.62,46.0,97501.0,False,11,11,323
2019-11-19 12:00:00,34.81,14.2,907.0,856.3,181.0,370.2,2.62,48.0,97376.0,False,11,12,323
2019-11-19 13:00:00,35.96,13.75,852.0,853.42,169.0,377.0,2.41,54.0,97270.0,False,11,13,323
2019-11-19 14:00:00,36.25,13.6,719.0,807.62,159.0,381.8,2.14,59.0,97202.0,False,11,14,323
2019-11-19 15:00:00,36.37,13.65,526.0,722.35,140.0,382.2,1.86,55.0,97154.0,False,11,15,323
2019-11-19 16:00:00,35.99,14.0,292.0,550.78,108.0,381.8,1.79,45.0,97154.0,False,11,16,323
2019-11-19 17:00:00,34.87,16.75,64.0,235.5,39.0,377.4,1.38,34.0,97212.0,False,11,17,323
2019-11-19 18:00:00,32.88,19.65,0.0,-0.0,0.0,371.4,1.59,24.0,97231.0,False,11,18,323
2019-11-19 19:00:00,30.96,23.95,0.0,-0.0,0.0,368.0,1.86,26.0,97328.0,False,11,19,323
2019-11-19 20:00:00,29.2,26.95,0.0,-0.0,0.0,363.6,2.0,17.0,97385.0,False,11,20,323
2019-11-19 21:00:00,27.66,29.75,0.0,-0.0,0.0,360.8,2.07,9.0,97443.0,False,11,21,323
2019-11-19 22:00:00,26.45,31.35,0.0,-0.0,0.0,357.0,2.21,4.0,97463.0,False,11,22,323
2019-11-19 23:00:00,25.43,32.3,0.0,-0.0,0.0,353.4,2.21,359.0,97463.0,False,11,23,323
2019-11-20 00:00:00,24.65,32.45,0.0,-0.0,0.0,349.6,2.28,354.0,97463.0,False,11,0,324
2019-11-20 01:00:00,24.11,31.45,0.0,-0.0,0.0,345.65,2.41,357.0,97443.0,False,11,1,324
2019-11-20 02:00:00,23.66,29.55,0.0,-0.0,0.0,343.2,2.48,4.0,97414.0,False,11,2,324
2019-11-20 03:00:00,23.11,27.5,0.0,-0.0,0.0,336.6,2.41,14.0,97414.0,False,11,3,324
2019-11-20 04:00:00,22.47,26.25,0.0,-0.0,0.0,333.0,2.28,25.0,97424.0,False,11,4,324
2019-11-20 05:00:00,21.8,25.9,0.0,-0.0,0.0,330.2,2.14,34.0,97482.0,False,11,5,324
2019-11-20 06:00:00,21.15,28.2,0.0,-0.0,0.0,327.6,2.07,32.0,97521.0,False,11,6,324
2019-11-20 07:00:00,21.21,32.5,176.0,422.36,81.0,327.6,1.86,29.0,97598.0,False,11,7,324
2019-11-20 08:00:00,24.65,20.95,418.0,658.88,128.0,330.2,1.86,28.0,97685.0,False,11,8,324
2019-11-20 09:00:00,27.47,15.65,632.0,767.18,156.0,336.2,2.48,30.0,97704.0,False,11,9,324
2019-11-20 10:00:00,30.14,13.6,796.0,829.38,171.0,343.8,2.55,34.0,97646.0,False,11,10,324
2019-11-20 11:00:00,32.62,12.45,883.0,827.29,196.0,352.0,2.41,38.0,97598.0,False,11,11,324
2019-11-20 12:00:00,34.61,11.95,902.0,833.55,197.0,360.8,2.41,42.0,97463.0,False,11,12,324
2019-11-20 13:00:00,35.88,11.9,853.0,847.76,176.0,368.0,2.34,44.0,97347.0,False,11,13,324
2019-11-20 14:00:00,36.42,12.2,716.0,787.51,171.0,372.6,2.28,41.0,97270.0,False,11,14,324
2019-11-20 15:00:00,36.41,12.5,521.0,693.6,151.0,374.2,2.21,35.0,97193.0,False,11,15,324
2019-11-20 16:00:00,36.02,12.65,293.0,551.58,109.0,373.2,2.21,31.0,97202.0,False,11,16,324
2019-11-20 17:00:00,34.71,15.05,68.0,292.23,37.0,369.8,1.59,29.0,97231.0,False,11,17,324
2019-11-20 18:00:00,32.77,17.4,0.0,-0.0,0.0,364.2,1.93,25.0,97270.0,False,11,18,324
2019-11-20 19:00:00,30.79,20.35,0.0,-0.0,0.0,361.2,2.21,24.0,97357.0,False,11,19,324
2019-11-20 20:00:00,29.09,22.5,0.0,-0.0,0.0,357.8,2.34,16.0,97434.0,False,11,20,324
2019-11-20 21:00:00,27.77,23.7,0.0,-0.0,0.0,354.4,2.48,11.0,97511.0,False,11,21,324
2019-11-20 22:00:00,26.81,23.95,0.0,-0.0,0.0,350.8,2.69,9.0,97530.0,False,11,22,324
2019-11-20 23:00:00,26.1,23.6,0.0,-0.0,0.0,346.4,2.83,10.0,97559.0,False,11,23,324
2019-11-21 00:00:00,25.61,23.0,0.0,-0.0,0.0,342.8,3.1,10.0,97521.0,False,11,0,325
2019-11-21 01:00:00,25.2,22.9,0.0,-0.0,0.0,339.85,3.31,14.0,97501.0,False,11,1,325
2019-11-21 02:00:00,24.77,23.5,0.0,-0.0,0.0,337.2,3.31,19.0,97434.0,False,11,2,325
2019-11-21 03:00:00,24.27,24.25,0.0,-0.0,0.0,334.8,3.17,22.0,97434.0,False,11,3,325
2019-11-21 04:00:00,23.74,24.8,0.0,-0.0,0.0,333.2,3.03,22.0,97424.0,False,11,4,325
2019-11-21 05:00:00,23.26,25.0,0.0,-0.0,0.0,331.6,2.97,23.0,97443.0,False,11,5,325
2019-11-21 06:00:00,22.86,25.2,0.0,-0.0,0.0,330.6,2.97,25.0,97482.0,False,11,6,325
2019-11-21 07:00:00,22.9,26.85,170.0,390.63,83.0,328.6,2.76,23.0,97540.0,False,11,7,325
2019-11-21 08:00:00,25.41,23.45,399.0,580.24,145.0,331.4,2.76,29.0,97617.0,False,11,8,325
2019-11-21 09:00:00,28.36,18.85,616.0,720.08,171.0,338.6,3.52,36.0,97656.0,False,11,9,325
2019-11-21 10:00:00,31.0,15.65,786.0,808.1,179.0,347.0,3.79,43.0,97636.0,False,11,10,325
2019-11-21 11:00:00,33.18,13.45,872.0,806.61,204.0,355.0,3.72,48.0,97540.0,False,11,11,325
2019-11-21 12:00:00,34.88,12.05,891.0,813.03,205.0,362.2,3.59,52.0,97443.0,False,11,12,325
2019-11-21 13:00:00,35.97,11.25,843.0,826.95,184.0,367.6,3.45,55.0,97328.0,False,11,13,325
2019-11-21 14:00:00,36.47,11.0,716.0,797.66,165.0,371.4,3.1,55.0,97231.0,False,11,14,325
2019-11-21 15:00:00,36.51,11.2,527.0,728.5,139.0,372.6,2.76,55.0,97183.0,False,11,15,325
2019-11-21 16:00:00,36.08,11.7,295.0,567.27,106.0,371.6,2.41,52.0,97202.0,False,11,16,325
2019-11-21 17:00:00,34.73,14.25,61.0,197.97,40.0,368.8,1.72,35.0,97231.0,False,11,17,325
2019-11-21 18:00:00,32.65,16.6,0.0,-0.0,0.0,363.4,2.14,20.0,97279.0,False,11,18,325
2019-11-21 19:00:00,30.77,19.95,0.0,-0.0,0.0,361.8,2.14,15.0,97376.0,False,11,19,325
2019-11-21 20:00:00,29.05,22.35,0.0,-0.0,0.0,358.2,2.28,10.0,97434.0,False,11,20,325
2019-11-21 21:00:00,27.65,24.3,0.0,-0.0,0.0,354.8,2.28,8.0,97492.0,False,11,21,325
2019-11-21 22:00:00,26.52,25.65,0.0,-0.0,0.0,351.8,2.28,9.0,97501.0,False,11,22,325
2019-11-21 23:00:00,25.58,26.9,0.0,-0.0,0.0,348.4,2.28,8.0,97492.0,False,11,23,325
2019-11-22 00:00:00,24.77,28.05,0.0,-0.0,0.0,345.8,2.28,9.0,97511.0,False,11,0,326
2019-11-22 01:00:00,24.1,29.25,0.0,-0.0,0.0,343.25,2.14,14.0,97434.0,False,11,1,326
2019-11-22 02:00:00,23.38,31.55,0.0,-0.0,0.0,341.0,1.86,25.0,97405.0,False,11,2,326
2019-11-22 03:00:00,22.71,33.85,0.0,-0.0,0.0,339.4,1.72,41.0,97385.0,False,11,3,326
2019-11-22 04:00:00,21.82,36.7,0.0,-0.0,0.0,337.4,1.93,33.0,97405.0,False,11,4,326
2019-11-22 05:00:00,21.26,37.45,0.0,-0.0,0.0,336.4,2.21,21.0,97443.0,False,11,5,326
2019-11-22 06:00:00,21.08,38.9,0.0,-0.0,0.0,335.0,2.34,20.0,97472.0,False,11,6,326
2019-11-22 07:00:00,21.91,43.05,153.0,281.19,91.0,339.4,2.14,31.0,97549.0,False,11,7,326
2019-11-22 08:00:00,25.38,35.0,361.0,420.35,178.0,342.8,2.07,36.0,97627.0,False,11,8,326
2019-11-22 09:00:00,28.34,29.7,546.0,480.88,250.0,349.8,2.62,49.0,97685.0,False,11,9,326
2019-11-22 10:00:00,30.92,25.75,676.0,484.81,313.0,359.0,2.83,61.0,97665.0,False,11,10,326
2019-11-22 11:00:00,33.11,21.9,769.0,527.9,333.0,368.0,2.97,69.0,97569.0,False,11,11,326
2019-11-22 12:00:00,34.76,18.6,876.0,776.92,222.0,375.8,3.03,75.0,97472.0,False,11,12,326
2019-11-22 13:00:00,35.71,17.0,810.0,730.56,229.0,380.8,2.83,78.0,97366.0,False,11,13,326
2019-11-22 14:00:00,36.15,16.1,692.0,719.31,196.0,384.8,2.62,78.0,97279.0,False,11,14,326
2019-11-22 15:00:00,36.18,15.3,475.0,513.33,202.0,384.0,2.48,76.0,97250.0,False,11,15,326
2019-11-22 16:00:00,35.79,15.3,293.0,561.85,106.0,382.0,2.28,70.0,97241.0,False,11,16,326
2019-11-22 17:00:00,34.56,17.8,61.0,207.28,39.0,379.0,1.59,57.0,97308.0,False,11,17,326
2019-11-22 18:00:00,32.71,20.55,0.0,-0.0,0.0,374.0,1.86,45.0,97347.0,False,11,18,326
2019-11-22 19:00:00,30.83,23.5,0.0,-0.0,0.0,370.0,1.79,51.0,97443.0,False,11,19,326
2019-11-22 20:00:00,29.02,28.05,0.0,-0.0,0.0,364.6,1.79,58.0,97482.0,False,11,20,326
2019-11-22 21:00:00,27.71,32.6,0.0,-0.0,0.0,368.2,1.59,70.0,97549.0,False,11,21,326
2019-11-22 22:00:00,26.59,36.75,0.0,-0.0,0.0,360.2,1.45,83.0,97559.0,False,11,22,326
2019-11-22 23:00:00,26.34,36.85,0.0,-0.0,0.0,358.0,1.17,99.0,97569.0,False,11,23,326
2019-11-23 00:00:00,26.46,34.85,0.0,-0.0,0.0,367.4,0.83,117.0,97540.0,False,11,0,327
2019-11-23 01:00:00,26.34,32.5,0.0,-0.0,0.0,357.65,0.21,115.0,97521.0,False,11,1,327
2019-11-23 02:00:00,25.48,34.75,0.0,-0.0,0.0,353.0,0.76,342.0,97463.0,False,11,2,327
2019-11-23 03:00:00,22.53,45.75,0.0,-0.0,0.0,361.0,1.66,346.0,97414.0,False,11,3,327
2019-11-23 04:00:00,21.92,48.25,0.0,-0.0,0.0,360.2,1.59,353.0,97405.0,False,11,4,327
2019-11-23 05:00:00,21.39,49.2,0.0,-0.0,0.0,350.0,1.66,358.0,97424.0,False,11,5,327
2019-11-23 06:00:00,21.21,47.85,0.0,-0.0,0.0,349.4,2.07,4.0,97472.0,False,11,6,327
2019-11-23 07:00:00,21.96,45.05,171.0,435.26,76.0,345.2,2.0,24.0,97559.0,False,11,7,327
2019-11-23 08:00:00,25.33,34.85,409.0,672.12,118.0,348.8,1.79,32.0,97627.0,False,11,8,327
2019-11-23 09:00:00,28.59,27.45,618.0,761.72,151.0,355.0,2.48,38.0,97675.0,False,11,9,327
2019-11-23 10:00:00,31.35,23.3,781.0,825.33,165.0,365.6,2.9,42.0,97636.0,False,11,10,327
2019-11-23 11:00:00,33.69,20.4,873.0,841.31,180.0,374.8,3.03,46.0,97578.0,False,11,11,327
2019-11-23 12:00:00,35.29,18.2,893.0,847.76,181.0,388.4,3.1,53.0,97443.0,False,11,12,327
2019-11-23 13:00:00,36.31,16.7,840.0,845.4,169.0,388.6,2.9,62.0,97337.0,False,11,13,327
2019-11-23 14:00:00,36.66,15.95,713.0,814.94,152.0,391.6,2.62,71.0,97260.0,False,11,14,327
2019-11-23 15:00:00,36.67,15.65,519.0,713.6,140.0,392.25,2.41,73.0,97202.0,False,11,15,327
2019-11-23 16:00:00,36.27,15.8,284.0,511.2,114.0,391.0,2.14,69.0,97183.0,False,11,16,327
2019-11-23 17:00:00,35.1,18.2,63.0,225.84,39.0,387.8,1.52,54.0,97279.0,False,11,17,327
2019-11-23 18:00:00,33.26,21.0,0.0,-0.0,0.0,381.6,1.93,35.0,97270.0,False,11,18,327
2019-11-23 19:00:00,31.47,24.9,0.0,-0.0,0.0,378.2,2.0,29.0,97376.0,False,11,19,327
2019-11-23 20:00:00,29.74,28.0,0.0,-0.0,0.0,374.4,2.0,32.0,97405.0,False,11,20,327
2019-11-23 21:00:00,28.42,30.55,0.0,-0.0,0.0,371.0,2.0,41.0,97492.0,False,11,21,327
2019-11-23 22:00:00,27.15,33.35,0.0,-0.0,0.0,368.0,1.93,51.0,97472.0,False,11,22,327
2019-11-23 23:00:00,26.19,35.6,0.0,-0.0,0.0,365.2,1.79,66.0,97482.0,False,11,23,327
2019-11-24 00:00:00,25.24,40.4,0.0,-0.0,0.0,362.8,1.45,77.0,97463.0,False,11,0,328
2019-11-24 01:00:00,25.31,41.1,0.0,-0.0,0.0,361.05,0.97,77.0,97414.0,False,11,1,328
2019-11-24 02:00:00,26.01,34.3,0.0,-0.0,0.0,360.8,0.62,42.0,97347.0,False,11,2,328
2019-11-24 03:00:00,25.21,37.05,0.0,-0.0,0.0,358.4,0.83,4.0,97357.0,False,11,3,328
2019-11-24 04:00:00,22.79,47.95,0.0,-0.0,0.0,354.0,1.31,355.0,97318.0,False,11,4,328
2019-11-24 05:00:00,22.11,45.45,0.0,-0.0,0.0,351.6,2.0,355.0,97414.0,False,11,5,328
2019-11-24 06:00:00,21.86,44.2,0.0,-0.0,0.0,349.0,2.41,359.0,97453.0,False,11,6,328
2019-11-24 07:00:00,22.48,42.95,167.0,421.26,76.0,344.6,2.21,14.0,97578.0,False,11,7,328
2019-11-24 08:00:00,25.63,34.05,406.0,661.92,121.0,346.8,2.07,27.0,97646.0,False,11,8,328
2019-11-24 09:00:00,28.9,25.85,610.0,735.27,161.0,355.0,2.69,35.0,97665.0,False,11,9,328
2019-11-24 10:00:00,31.64,21.7,759.0,752.67,199.0,364.2,2.83,40.0,97636.0,False,11,10,328
2019-11-24 11:00:00,33.99,18.95,868.0,827.7,188.0,373.4,2.69,46.0,97540.0,False,11,11,328
2019-11-24 12:00:00,35.65,17.45,893.0,849.65,181.0,382.0,2.48,60.0,97434.0,False,11,12,328
2019-11-24 13:00:00,36.58,16.8,845.0,864.68,160.0,388.8,2.34,78.0,97337.0,False,11,13,328
2019-11-24 14:00:00,37.0,16.0,710.0,801.68,159.0,391.6,2.34,83.0,97231.0,False,11,14,328
2019-11-24 15:00:00,36.96,15.75,520.0,716.36,140.0,392.25,2.21,79.0,97183.0,False,11,15,328
2019-11-24 16:00:00,36.53,16.0,289.0,544.61,108.0,390.25,2.0,74.0,97164.0,False,11,16,328
2019-11-24 17:00:00,35.36,18.55,65.0,244.2,39.0,386.8,1.45,64.0,97193.0,False,11,17,328
2019-11-24 18:00:00,33.54,21.6,0.0,-0.0,0.0,381.4,1.66,55.0,97231.0,False,11,18,328
2019-11-24 19:00:00,31.44,25.5,0.0,-0.0,0.0,378.2,1.79,61.0,97318.0,False,11,19,328
2019-11-24 20:00:00,29.52,31.1,0.0,-0.0,0.0,376.4,1.66,66.0,97405.0,False,11,20,328
2019-11-24 21:00:00,28.04,37.1,0.0,-0.0,0.0,376.2,1.45,72.0,97482.0,False,11,21,328
2019-11-24 22:00:00,27.05,40.85,0.0,-0.0,0.0,369.6,1.17,68.0,97482.0,False,11,22,328
2019-11-24 23:00:00,28.05,32.35,0.0,-0.0,0.0,368.2,0.69,56.0,97482.0,False,11,23,328
2019-11-25 00:00:00,27.54,33.15,0.0,-0.0,0.0,366.0,0.41,2.0,97472.0,False,11,0,329
2019-11-25 01:00:00,26.91,34.5,0.0,-0.0,0.0,364.25,0.69,311.0,97443.0,False,11,1,329
2019-11-25 02:00:00,25.23,41.6,0.0,-0.0,0.0,362.0,1.1,302.0,97376.0,False,11,2,329
2019-11-25 03:00:00,23.6,47.75,0.0,-0.0,0.0,357.2,1.38,311.0,97357.0,False,11,3,329
2019-11-25 04:00:00,22.9,45.8,0.0,-0.0,0.0,357.0,2.14,330.0,97366.0,False,11,4,329
2019-11-25 05:00:00,22.76,42.95,0.0,-0.0,0.0,358.0,2.55,344.0,97453.0,False,11,5,329
2019-11-25 06:00:00,22.73,38.75,0.0,-0.0,0.0,348.8,2.62,357.0,97492.0,False,11,6,329
2019-11-25 07:00:00,22.93,37.3,164.0,392.95,80.0,343.0,2.21,23.0,97569.0,False,11,7,329
2019-11-25 08:00:00,25.72,30.0,423.0,763.71,96.0,343.0,2.14,33.0,97636.0,False,11,8,329
2019-11-25 09:00:00,28.75,23.15,625.0,792.45,143.0,349.4,2.83,36.0,97685.0,False,11,9,329
2019-11-25 10:00:00,31.54,19.5,778.0,810.31,177.0,357.6,2.9,37.0,97656.0,False,11,10,329
2019-11-25 11:00:00,33.99,17.1,870.0,824.96,194.0,368.2,2.76,43.0,97559.0,False,11,11,329
2019-11-25 12:00:00,35.71,16.4,901.0,863.47,179.0,377.2,2.55,56.0,97492.0,False,11,12,329
2019-11-25 13:00:00,36.68,16.05,853.0,877.64,159.0,384.4,2.41,68.0,97366.0,False,11,13,329
2019-11-25 14:00:00,37.15,15.25,717.0,815.98,157.0,388.2,2.41,68.0,97279.0,False,11,14,329
2019-11-25 15:00:00,37.15,14.9,526.0,732.23,138.0,389.2,2.28,62.0,97241.0,False,11,15,329
2019-11-25 16:00:00,36.77,14.95,292.0,550.85,109.0,388.25,2.14,54.0,97241.0,False,11,16,329
2019-11-25 17:00:00,35.52,17.15,67.0,271.69,38.0,384.8,1.66,32.0,97299.0,False,11,17,329
2019-11-25 18:00:00,33.44,19.8,0.0,-0.0,0.0,379.2,2.14,13.0,97328.0,False,11,18,329
2019-11-25 19:00:00,31.57,22.45,0.0,-0.0,0.0,373.4,2.07,15.0,97414.0,False,11,19,329
2019-11-25 20:00:00,29.95,24.55,0.0,-0.0,0.0,369.2,2.14,14.0,97463.0,False,11,20,329
2019-11-25 21:00:00,28.61,26.4,0.0,-0.0,0.0,365.0,2.07,20.0,97530.0,False,11,21,329
2019-11-25 22:00:00,27.49,27.85,0.0,-0.0,0.0,361.2,2.07,25.0,97530.0,False,11,22,329
2019-11-25 23:00:00,26.5,29.75,0.0,-0.0,0.0,358.0,1.86,29.0,97501.0,False,11,23,329
2019-11-26 00:00:00,25.35,33.7,0.0,-0.0,0.0,355.4,1.66,29.0,97472.0,False,11,0,330
2019-11-26 01:00:00,24.29,37.65,0.0,-0.0,0.0,352.85,1.59,22.0,97424.0,False,11,1,330
2019-11-26 02:00:00,23.41,38.8,0.0,-0.0,0.0,350.4,1.72,13.0,97366.0,False,11,2,330
2019-11-26 03:00:00,22.66,40.05,0.0,-0.0,0.0,348.2,1.79,7.0,97347.0,False,11,3,330
2019-11-26 04:00:00,22.26,38.6,0.0,-0.0,0.0,346.2,2.0,357.0,97366.0,False,11,4,330
2019-11-26 05:00:00,21.77,38.6,0.0,-0.0,0.0,342.8,2.28,355.0,97405.0,False,11,5,330
2019-11-26 06:00:00,21.56,37.8,0.0,-0.0,0.0,339.8,2.28,5.0,97472.0,False,11,6,330
2019-11-26 07:00:00,22.09,39.0,165.0,420.78,76.0,336.6,2.0,22.0,97530.0,False,11,7,330
2019-11-26 08:00:00,25.46,28.8,403.0,659.95,122.0,339.0,1.93,29.0,97607.0,False,11,8,330
2019-11-26 09:00:00,28.67,22.15,615.0,760.93,154.0,346.2,2.34,34.0,97627.0,False,11,9,330
2019-11-26 10:00:00,31.65,18.85,779.0,823.65,170.0,355.2,2.21,38.0,97646.0,False,11,10,330
2019-11-26 11:00:00,34.21,16.55,872.0,839.3,186.0,365.2,2.07,49.0,97549.0,False,11,11,330
2019-11-26 12:00:00,35.99,15.1,898.0,861.7,179.0,374.2,2.07,69.0,97443.0,False,11,12,330
2019-11-26 13:00:00,37.03,13.8,850.0,875.39,159.0,380.0,2.55,77.0,97328.0,False,11,13,330
2019-11-26 14:00:00,37.42,12.75,715.0,814.2,157.0,382.2,2.76,74.0,97231.0,False,11,14,330
2019-11-26 15:00:00,37.34,12.4,528.0,744.26,134.0,382.0,2.55,69.0,97183.0,False,11,15,330
2019-11-26 16:00:00,36.9,12.5,293.0,559.99,107.0,380.6,2.28,63.0,97173.0,False,11,16,330
2019-11-26 17:00:00,35.59,14.85,67.0,270.84,38.0,377.0,1.66,44.0,97231.0,False,11,17,330
2019-11-26 18:00:00,33.55,17.35,0.0,-0.0,0.0,371.2,2.07,27.0,97260.0,False,11,18,330
2019-11-26 19:00:00,31.5,20.1,0.0,-0.0,0.0,365.8,2.14,25.0,97366.0,False,11,19,330
2019-11-26 20:00:00,29.71,22.7,0.0,-0.0,0.0,361.8,2.21,20.0,97434.0,False,11,20,330
2019-11-26 21:00:00,28.27,24.85,0.0,-0.0,0.0,358.4,2.28,20.0,97472.0,False,11,21,330
2019-11-26 22:00:00,27.17,26.4,0.0,-0.0,0.0,354.6,2.21,19.0,97472.0,False,11,22,330
2019-11-26 23:00:00,26.24,27.6,0.0,-0.0,0.0,352.0,2.21,19.0,97463.0,False,11,23,330
2019-11-27 00:00:00,25.32,29.25,0.0,-0.0,0.0,349.0,2.21,18.0,97472.0,False,11,0,331
2019-11-27 01:00:00,24.43,30.9,0.0,-0.0,0.0,346.45,2.14,17.0,97405.0,False,11,1,331
2019-11-27 02:00:00,23.69,32.55,0.0,-0.0,0.0,343.2,2.0,19.0,97357.0,False,11,2,331
2019-11-27 03:00:00,22.97,35.75,0.0,-0.0,0.0,341.4,1.72,32.0,97299.0,False,11,3,331
2019-11-27 04:00:00,22.29,38.95,0.0,-0.0,0.0,338.6,1.52,57.0,97337.0,False,11,4,331
2019-11-27 05:00:00,21.43,41.1,0.0,-0.0,0.0,335.8,1.59,56.0,97337.0,False,11,5,331
2019-11-27 06:00:00,21.06,40.1,0.0,-0.0,0.0,333.0,2.07,22.0,97434.0,False,11,6,331
2019-11-27 07:00:00,21.07,44.3,164.0,425.33,75.0,329.6,1.86,14.0,97521.0,False,11,7,331
2019-11-27 08:00:00,24.76,31.8,403.0,663.66,122.0,332.0,1.59,20.0,97569.0,False,11,8,331
2019-11-27 09:00:00,28.25,23.7,615.0,763.93,154.0,339.6,2.07,28.0,97636.0,False,11,9,331
2019-11-27 10:00:00,31.36,19.35,780.0,827.53,170.0,349.8,2.07,35.0,97598.0,False,11,10,331
2019-11-27 11:00:00,34.01,16.5,873.0,842.62,186.0,361.2,2.0,48.0,97530.0,False,11,11,331
2019-11-27 12:00:00,35.86,15.2,900.0,864.68,180.0,371.4,1.93,70.0,97424.0,False,11,12,331
2019-11-27 13:00:00,36.9,14.25,852.0,880.67,158.0,378.8,2.34,89.0,97337.0,False,11,13,331
2019-11-27 14:00:00,37.29,13.35,721.0,834.25,150.0,382.8,2.62,91.0,97231.0,False,11,14,331
2019-11-27 15:00:00,37.22,13.05,527.0,735.42,138.0,383.8,2.48,91.0,97183.0,False,11,15,331
2019-11-27 16:00:00,36.77,13.4,298.0,587.07,103.0,383.0,2.28,92.0,97154.0,False,11,16,331
2019-11-27 17:00:00,35.5,15.9,68.0,279.14,38.0,379.8,1.45,94.0,97193.0,False,11,17,331
2019-11-27 18:00:00,33.53,20.35,0.0,-0.0,0.0,375.2,1.17,94.0,97241.0,False,11,18,331
2019-11-27 19:00:00,31.62,28.1,0.0,-0.0,0.0,370.2,0.83,89.0,97337.0,False,11,19,331
2019-11-27 20:00:00,31.25,22.15,0.0,-0.0,0.0,367.0,0.55,68.0,97405.0,False,11,20,331
2019-11-27 21:00:00,30.16,23.9,0.0,-0.0,0.0,364.0,0.41,51.0,97482.0,False,11,21,331
2019-11-27 22:00:00,29.15,25.65,0.0,-0.0,0.0,360.6,0.21,31.0,97463.0,False,11,22,331
2019-11-27 23:00:00,28.14,27.55,0.0,-0.0,0.0,358.0,0.0,291.0,97511.0,False,11,23,331
2019-11-28 00:00:00,27.41,29.15,0.0,-0.0,0.0,355.6,0.28,224.0,97463.0,False,11,0,332
2019-11-28 01:00:00,26.77,30.65,0.0,-0.0,0.0,354.05,0.34,224.0,97424.0,False,11,1,332
2019-11-28 02:00:00,26.16,32.15,0.0,-0.0,0.0,352.4,0.28,236.0,97385.0,False,11,2,332
2019-11-28 03:00:00,25.55,33.8,0.0,-0.0,0.0,350.6,0.14,320.0,97366.0,False,11,3,332
2019-11-28 04:00:00,24.65,36.45,0.0,-0.0,0.0,349.2,0.69,16.0,97347.0,False,11,4,332
2019-11-28 05:00:00,22.27,45.95,0.0,-0.0,0.0,347.8,1.24,31.0,97385.0,False,11,5,332
2019-11-28 06:00:00,21.07,51.8,0.0,-0.0,0.0,347.6,1.52,52.0,97443.0,False,11,6,332
2019-11-28 07:00:00,21.37,50.7,160.0,415.48,74.0,344.4,1.52,78.0,97511.0,False,11,7,332
2019-11-28 08:00:00,25.88,36.15,398.0,662.64,119.0,349.2,0.83,95.0,97578.0,False,11,8,332
2019-11-28 09:00:00,30.23,27.1,609.0,765.26,149.0,358.6,0.83,98.0,97646.0,False,11,9,332
2019-11-28 10:00:00,33.26,23.4,778.0,846.38,156.0,370.0,0.97,91.0,97627.0,False,11,10,332
2019-11-28 11:00:00,35.33,19.5,872.0,864.36,169.0,380.2,1.59,104.0,97559.0,False,11,11,332
2019-11-28 12:00:00,36.57,16.35,895.0,870.02,172.0,386.6,2.21,98.0,97443.0,False,11,12,332
2019-11-28 13:00:00,37.2,14.05,843.0,869.37,159.0,388.8,2.48,82.0,97347.0,False,11,13,332
2019-11-28 14:00:00,37.39,13.1,679.0,691.9,206.0,387.8,2.55,72.0,97250.0,False,11,14,332
2019-11-28 15:00:00,37.27,12.75,521.0,722.68,139.0,386.4,2.48,65.0,97202.0,False,11,15,332
2019-11-28 16:00:00,36.82,12.65,293.0,562.86,106.0,383.2,2.34,58.0,97183.0,False,11,16,332
2019-11-28 17:00:00,35.51,14.6,68.0,277.93,38.0,378.2,1.66,45.0,97260.0,False,11,17,332
2019-11-28 18:00:00,33.43,16.85,0.0,-0.0,0.0,371.4,2.14,30.0,97328.0,False,11,18,332
2019-11-28 19:00:00,31.46,19.7,0.0,-0.0,0.0,366.4,2.07,44.0,97395.0,False,11,19,332
2019-11-28 20:00:00,29.7,21.75,0.0,-0.0,0.0,361.6,2.14,44.0,97492.0,False,11,20,332
2019-11-28 21:00:00,28.22,23.55,0.0,-0.0,0.0,357.2,2.14,50.0,97559.0,False,11,21,332
2019-11-28 22:00:00,26.91,25.45,0.0,-0.0,0.0,353.6,2.14,57.0,97540.0,False,11,22,332
2019-11-28 23:00:00,25.76,27.15,0.0,-0.0,0.0,350.0,2.14,67.0,97578.0,False,11,23,332
2019-11-29 00:00:00,24.82,28.85,0.0,-0.0,0.0,347.2,2.14,76.0,97549.0,False,11,0,333
2019-11-29 01:00:00,24.04,30.75,0.0,-0.0,0.0,343.85,2.07,82.0,97530.0,False,11,1,333
2019-11-29 02:00:00,23.5,32.6,0.0,-0.0,0.0,340.4,1.79,89.0,97482.0,False,11,2,333
2019-11-29 03:00:00,22.92,35.9,0.0,-0.0,0.0,338.2,1.59,95.0,97463.0,False,11,3,333
2019-11-29 04:00:00,22.64,38.3,0.0,-0.0,0.0,336.0,1.38,97.0,97463.0,False,11,4,333
2019-11-29 05:00:00,22.82,36.5,0.0,-0.0,0.0,332.8,1.24,89.0,97501.0,False,11,5,333
2019-11-29 06:00:00,22.68,36.4,0.0,-0.0,0.0,330.4,1.24,76.0,97530.0,False,11,6,333
2019-11-29 07:00:00,22.46,40.0,160.0,424.95,73.0,327.4,1.03,112.0,97598.0,False,11,7,333
2019-11-29 08:00:00,25.19,37.45,399.0,666.37,120.0,330.8,0.76,122.0,97694.0,False,11,8,333
2019-11-29 09:00:00,29.72,22.45,612.0,766.58,153.0,338.6,1.72,119.0,97762.0,False,11,9,333
2019-11-29 10:00:00,32.59,17.15,778.0,829.8,170.0,348.8,2.62,111.0,97762.0,False,11,10,333
2019-11-29 11:00:00,34.69,14.05,872.0,845.48,186.0,358.4,3.24,100.0,97694.0,False,11,11,333
2019-11-29 12:00:00,35.92,11.8,895.0,852.42,188.0,365.0,3.52,93.0,97598.0,False,11,12,333
2019-11-29 13:00:00,36.54,10.7,844.0,851.6,175.0,368.0,3.52,85.0,97511.0,False,11,13,333
2019-11-29 14:00:00,36.75,10.2,719.0,822.99,157.0,368.6,3.45,79.0,97395.0,False,11,14,333
2019-11-29 15:00:00,36.65,9.95,543.0,810.15,115.0,367.6,3.45,74.0,97337.0,False,11,15,333
2019-11-29 16:00:00,36.15,9.95,230.0,231.66,153.0,366.0,3.31,71.0,97337.0,False,11,16,333
2019-11-29 17:00:00,34.57,11.9,46.0,55.31,40.0,362.2,2.21,67.0,97395.0,False,11,17,333
2019-11-29 18:00:00,32.3,13.75,0.0,-0.0,0.0,356.2,2.48,63.0,97453.0,False,11,18,333
2019-11-29 19:00:00,30.71,15.2,0.0,-0.0,0.0,352.4,2.55,67.0,97521.0,False,11,19,333
2019-11-29 20:00:00,29.27,16.3,0.0,-0.0,0.0,348.2,2.62,66.0,97588.0,False,11,20,333
2019-11-29 21:00:00,28.08,17.35,0.0,-0.0,0.0,344.4,2.62,67.0,97636.0,False,11,21,333
2019-11-29 22:00:00,27.04,18.55,0.0,-0.0,0.0,341.4,2.48,67.0,97588.0,False,11,22,333
2019-11-29 23:00:00,26.06,19.95,0.0,-0.0,0.0,338.4,2.41,66.0,97607.0,False,11,23,333
2019-11-30 00:00:00,25.18,21.25,0.0,-0.0,0.0,336.2,2.41,64.0,97578.0,False,11,0,334
2019-11-30 01:00:00,24.38,22.45,0.0,-0.0,0.0,333.85,2.41,64.0,97530.0,False,11,1,334
2019-11-30 02:00:00,23.66,23.6,0.0,-0.0,0.0,331.2,2.34,62.0,97511.0,False,11,2,334
2019-11-30 03:00:00,22.98,24.8,0.0,-0.0,0.0,328.4,2.34,58.0,97501.0,False,11,3,334
2019-11-30 04:00:00,22.34,26.1,0.0,-0.0,0.0,325.0,2.28,52.0,97511.0,False,11,4,334
2019-11-30 05:00:00,21.64,27.7,0.0,-0.0,0.0,322.4,2.21,48.0,97540.0,False,11,5,334
2019-11-30 06:00:00,21.02,30.4,0.0,-0.0,0.0,319.2,2.21,48.0,97559.0,False,11,6,334
2019-11-30 07:00:00,21.21,33.55,128.0,197.56,88.0,319.0,2.14,59.0,97598.0,False,11,7,334
2019-11-30 08:00:00,24.76,27.2,258.0,132.1,203.0,322.2,1.59,65.0,97713.0,False,11,8,334
2019-11-30 09:00:00,29.04,18.5,518.0,427.53,263.0,330.8,2.21,69.0,97752.0,False,11,9,334
2019-11-30 10:00:00,32.2,14.2,771.0,804.88,183.0,339.6,2.97,70.0,97704.0,False,11,10,334
2019-11-30 11:00:00,34.49,11.3,811.0,657.22,279.0,348.4,3.79,75.0,97665.0,False,11,11,334
2019-11-30 12:00:00,35.81,9.45,898.0,858.85,187.0,355.8,4.76,80.0,97569.0,False,11,12,334
2019-11-30 13:00:00,36.41,8.75,843.0,842.63,182.0,358.6,4.83,75.0,97453.0,False,11,13,334
2019-11-30 14:00:00,36.64,8.4,715.0,798.89,170.0,359.4,4.55,70.0,97357.0,False,11,14,334
2019-11-30 15:00:00,36.49,8.3,526.0,719.59,146.0,359.8,4.28,65.0,97337.0,False,11,15,334
2019-11-30 16:00:00,34.47,8.37,294.0,547.21,112.0,361.62,2.97,59.0,97337.0,False,11,16,334
2019-11-30 17:00:00,33.17,10.12,52.0,100.86,41.0,357.12,2.91,49.0,97395.0,False,11,17,334
2019-11-30 18:00:00,31.87,11.87,0.0,-0.0,0.0,352.62,2.84,41.0,97463.0,False,11,18,334
2019-11-30 19:00:00,30.57,13.62,0.0,-0.0,0.0,348.12,2.77,40.0,97501.0,False,11,19,334
2019-11-30 20:00:00,29.27,15.37,0.0,-0.0,0.0,343.62,2.7,43.0,97598.0,False,11,20,334
2019-11-30 21:00:00,27.98,17.12,0.0,-0.0,0.0,339.12,2.63,48.0,97636.0,False,11,21,334
2019-11-30 22:00:00,26.68,18.87,0.0,-0.0,0.0,334.63,2.56,53.0,97617.0,False,11,22,334
2019-11-30 23:00:00,25.38,20.62,0.0,-0.0,0.0,330.13,2.5,56.0,97617.0,False,11,23,334
2006-12-01 00:00:00,24.08,22.38,0.0,-0.0,0.0,325.63,2.43,39.0,97549.0,False,12,0,335
2006-12-01 01:00:00,22.79,24.13,0.0,-0.0,0.0,321.13,2.36,43.0,97530.0,False,12,1,335
2006-12-01 02:00:00,21.49,25.88,0.0,-0.0,0.0,316.63,2.29,41.0,97482.0,False,12,2,335
2006-12-01 03:00:00,20.19,27.63,0.0,-0.0,0.0,312.13,2.22,33.0,97482.0,False,12,3,335
2006-12-01 04:00:00,18.89,29.38,0.0,-0.0,0.0,307.63,2.15,25.0,97521.0,False,12,4,335
2006-12-01 05:00:00,17.6,31.13,0.0,-0.0,0.0,303.14,2.08,20.0,97569.0,False,12,5,335
2006-12-01 06:00:00,16.3,32.88,0.0,-0.0,0.0,298.64,2.02,15.0,97617.0,False,12,6,335
2006-12-01 07:00:00,15.0,34.63,144.0,309.66,82.0,294.14,1.95,8.0,97694.0,False,12,7,335
2006-12-01 08:00:00,20.42,31.15,327.0,335.74,188.0,307.2,1.72,14.0,97781.0,False,12,8,335
2006-12-01 09:00:00,23.9,24.4,517.0,429.17,262.0,316.8,2.07,24.0,97820.0,False,12,9,335
2006-12-01 10:00:00,26.97,19.7,771.0,811.34,180.0,322.4,2.21,35.0,97771.0,False,12,10,335
2006-12-01 11:00:00,29.55,16.15,870.0,840.74,191.0,329.2,2.48,44.0,97704.0,False,12,11,335
2006-12-01 12:00:00,31.31,12.7,904.0,879.75,177.0,335.2,2.83,42.0,97569.0,False,12,12,335
2006-12-01 13:00:00,32.24,11.2,853.0,879.52,164.0,338.4,2.48,35.0,97482.0,False,12,13,335
2006-12-01 14:00:00,32.61,10.6,733.0,870.03,140.0,341.4,2.07,27.0,97395.0,False,12,14,335
2006-12-01 15:00:00,32.62,10.4,532.0,744.42,139.0,345.8,1.86,19.0,97366.0,False,12,15,335
2006-12-01 16:00:00,32.17,10.6,282.0,465.64,127.0,345.4,1.72,16.0,97357.0,False,12,16,335
2006-12-01 17:00:00,30.99,13.05,77.0,382.77,35.0,343.4,1.59,7.0,97385.0,False,12,17,335
2006-12-01 18:00:00,28.85,15.35,0.0,-0.0,0.0,334.6,2.28,2.0,97424.0,False,12,18,335
2006-12-01 19:00:00,27.07,17.0,0.0,-0.0,0.0,331.6,2.28,7.0,97540.0,False,12,19,335
2006-12-01 20:00:00,25.5,18.3,0.0,-0.0,0.0,329.0,2.48,15.0,97588.0,False,12,20,335
2006-12-01 21:00:00,24.24,19.75,0.0,-0.0,0.0,324.0,2.55,19.0,97665.0,False,12,21,335
2006-12-01 22:00:00,23.21,21.3,0.0,-0.0,0.0,322.0,2.55,18.0,97665.0,False,12,22,335
2006-12-01 23:00:00,22.24,23.0,0.0,-0.0,0.0,317.4,2.48,13.0,97627.0,False,12,23,335
2006-12-02 00:00:00,21.34,24.55,0.0,-0.0,0.0,315.8,2.48,6.0,97627.0,False,12,0,336
2006-12-02 01:00:00,20.6,25.75,0.0,-0.0,0.0,315.25,2.55,3.0,97627.0,False,12,1,336
2006-12-02 02:00:00,19.9,26.65,0.0,-0.0,0.0,308.8,2.62,5.0,97569.0,False,12,2,336
2006-12-02 03:00:00,19.32,27.35,0.0,-0.0,0.0,305.4,2.62,9.0,97569.0,False,12,3,336
2006-12-02 04:00:00,18.79,28.1,0.0,-0.0,0.0,303.2,2.62,13.0,97578.0,False,12,4,336
2006-12-02 05:00:00,18.33,28.8,0.0,-0.0,0.0,301.2,2.62,16.0,97588.0,False,12,5,336
2006-12-02 06:00:00,17.88,29.8,0.0,-0.0,0.0,300.0,2.62,15.0,97656.0,False,12,6,336
2006-12-02 07:00:00,17.96,31.95,164.0,510.18,63.0,300.6,2.48,17.0,97723.0,False,12,7,336
2006-12-02 08:00:00,20.52,28.25,406.0,735.97,103.0,303.6,2.34,21.0,97800.0,False,12,8,336
2006-12-02 09:00:00,23.71,22.7,624.0,841.33,126.0,311.4,2.76,28.0,97820.0,False,12,9,336
2006-12-02 10:00:00,26.68,18.45,795.0,907.27,136.0,321.2,3.03,36.0,97762.0,False,12,10,336
2006-12-02 11:00:00,29.13,15.25,887.0,905.9,157.0,331.0,3.17,44.0,97723.0,False,12,11,336
2006-12-02 12:00:00,30.82,13.2,882.0,813.39,211.0,339.4,3.17,51.0,97627.0,False,12,12,336
2006-12-02 13:00:00,31.82,12.25,866.0,930.5,138.0,344.8,2.62,52.0,97549.0,False,12,13,336
2006-12-02 14:00:00,32.29,12.0,724.0,836.95,154.0,347.6,2.14,50.0,97443.0,False,12,14,336
2006-12-02 15:00:00,32.38,12.15,555.0,863.88,99.0,350.4,1.86,48.0,97434.0,False,12,15,336
2006-12-02 16:00:00,32.0,12.5,308.0,630.19,98.0,349.2,1.79,42.0,97405.0,False,12,16,336
2006-12-02 17:00:00,30.93,14.9,72.0,298.78,39.0,348.4,1.52,20.0,97443.0,False,12,17,336
2006-12-02 18:00:00,28.89,17.4,0.0,-0.0,0.0,341.6,2.21,4.0,97492.0,False,12,18,336
2006-12-02 19:00:00,27.16,18.15,0.0,-0.0,0.0,336.0,2.41,9.0,97569.0,False,12,19,336
2006-12-02 20:00:00,25.74,19.5,0.0,-0.0,0.0,332.8,2.55,14.0,97646.0,False,12,20,336
2006-12-02 21:00:00,24.59,21.0,0.0,-0.0,0.0,330.2,2.62,19.0,97704.0,False,12,21,336
2006-12-02 22:00:00,23.67,22.5,0.0,-0.0,0.0,328.2,2.62,20.0,97723.0,False,12,22,336
2006-12-02 23:00:00,22.84,23.95,0.0,-0.0,0.0,326.8,2.55,21.0,97704.0,False,12,23,336
2006-12-03 00:00:00,22.09,25.3,0.0,-0.0,0.0,325.2,2.48,26.0,97694.0,False,12,0,337
2006-12-03 01:00:00,21.39,26.6,0.0,-0.0,0.0,323.45,2.48,32.0,97685.0,False,12,1,337
2006-12-03 02:00:00,20.72,27.85,0.0,-0.0,0.0,321.6,2.41,36.0,97646.0,False,12,2,337
2006-12-03 03:00:00,20.12,29.05,0.0,-0.0,0.0,320.0,2.34,38.0,97656.0,False,12,3,337
2006-12-03 04:00:00,19.6,30.05,0.0,-0.0,0.0,318.6,2.41,40.0,97636.0,False,12,4,337
2006-12-03 05:00:00,19.23,30.6,0.0,-0.0,0.0,317.8,2.48,43.0,97675.0,False,12,5,337
2006-12-03 06:00:00,18.97,30.85,0.0,-0.0,0.0,317.4,2.55,46.0,97723.0,False,12,6,337
2006-12-03 07:00:00,19.54,30.4,113.0,137.95,86.0,316.8,2.62,51.0,97810.0,False,12,7,337
2006-12-03 08:00:00,22.08,25.6,378.0,583.77,139.0,319.4,2.76,54.0,97877.0,False,12,8,337
2006-12-03 09:00:00,24.89,19.7,588.0,693.57,179.0,325.6,3.59,60.0,97926.0,False,12,9,337
2006-12-03 10:00:00,27.42,16.25,741.0,719.3,220.0,333.4,3.93,64.0,97887.0,False,12,10,337
2006-12-03 11:00:00,29.49,14.1,922.0,1042.17,84.0,341.4,4.07,67.0,97829.0,False,12,11,337
2006-12-03 12:00:00,30.99,12.75,880.0,813.53,210.0,347.2,4.0,67.0,97762.0,False,12,12,337
2006-12-03 13:00:00,31.81,12.3,842.0,847.14,180.0,355.6,3.72,66.0,97665.0,False,12,13,337
2006-12-03 14:00:00,32.31,12.15,724.0,837.52,154.0,360.6,3.38,64.0,97588.0,False,12,14,337
2006-12-03 15:00:00,32.28,12.3,496.0,585.4,187.0,359.2,3.17,61.0,97559.0,False,12,15,337
2006-12-03 16:00:00,31.9,12.55,300.0,572.45,109.0,359.6,3.03,56.0,97530.0,False,12,16,337
2006-12-03 17:00:00,30.62,14.4,72.0,287.69,40.0,354.4,2.28,43.0,97569.0,False,12,17,337
2006-12-03 18:00:00,28.52,16.45,0.0,-0.0,0.0,347.0,2.55,32.0,97617.0,False,12,18,337
2006-12-03 19:00:00,26.77,17.7,0.0,-0.0,0.0,342.0,2.76,28.0,97733.0,False,12,19,337
2006-12-03 20:00:00,25.56,18.6,0.0,-0.0,0.0,337.4,2.97,29.0,97820.0,False,12,20,337
2006-12-03 21:00:00,24.6,19.4,0.0,-0.0,0.0,334.4,2.97,32.0,97897.0,False,12,21,337
2006-12-03 22:00:00,23.77,20.15,0.0,-0.0,0.0,332.2,2.97,34.0,97887.0,False,12,22,337
2006-12-03 23:00:00,23.05,20.8,0.0,-0.0,0.0,330.4,2.9,35.0,97906.0,False,12,23,337
2006-12-04 00:00:00,22.38,21.35,0.0,-0.0,0.0,328.8,2.9,36.0,97897.0,False,12,0,338
2006-12-04 01:00:00,21.79,21.75,0.0,-0.0,0.0,328.05,2.83,37.0,97877.0,False,12,1,338
2006-12-04 02:00:00,21.25,22.05,0.0,-0.0,0.0,328.0,2.83,37.0,97810.0,False,12,2,338
2006-12-04 03:00:00,20.86,22.15,0.0,-0.0,0.0,331.2,2.83,39.0,97800.0,False,12,3,338
2006-12-04 04:00:00,20.37,22.4,0.0,-0.0,0.0,323.8,2.83,40.0,97771.0,False,12,4,338
2006-12-04 05:00:00,19.94,22.6,0.0,-0.0,0.0,321.0,2.83,41.0,97781.0,False,12,5,338
2006-12-04 06:00:00,19.47,23.0,0.0,-0.0,0.0,313.8,2.97,40.0,97820.0,False,12,6,338
2006-12-04 07:00:00,19.33,24.1,117.0,165.38,85.0,315.4,3.1,37.0,97916.0,False,12,7,338
2006-12-04 08:00:00,21.12,22.1,386.0,643.52,124.0,314.4,3.24,39.0,98022.0,False,12,8,338
2006-12-04 09:00:00,23.44,18.45,582.0,679.13,183.0,318.0,4.07,46.0,98041.0,False,12,9,338
2006-12-04 10:00:00,25.75,16.15,501.0,164.74,382.0,326.4,4.21,51.0,98012.0,False,12,10,338
2006-12-04 11:00:00,27.78,14.6,796.0,630.6,290.0,332.8,4.14,55.0,97945.0,False,12,11,338
2006-12-04 12:00:00,29.38,13.45,879.0,813.6,210.0,342.6,4.0,57.0,97887.0,False,12,12,338
2006-12-04 13:00:00,30.54,12.6,836.0,830.14,188.0,343.2,3.79,56.0,97781.0,False,12,13,338
2006-12-04 14:00:00,31.16,12.25,683.0,688.05,215.0,345.8,3.52,53.0,97694.0,False,12,14,338
2006-12-04 15:00:00,31.23,12.25,527.0,716.03,149.0,346.4,3.31,49.0,97656.0,False,12,15,338
2006-12-04 16:00:00,30.85,12.5,322.0,724.25,80.0,345.0,3.17,44.0,97656.0,False,12,16,338
2006-12-04 17:00:00,29.57,14.55,68.0,231.98,42.0,342.0,2.41,32.0,97675.0,False,12,17,338
2006-12-04 18:00:00,27.44,16.8,0.0,-0.0,0.0,336.6,2.62,23.0,97742.0,False,12,18,338
2006-12-04 19:00:00,25.75,18.25,0.0,-0.0,0.0,330.0,2.83,20.0,97829.0,False,12,19,338
2006-12-04 20:00:00,24.55,19.4,0.0,-0.0,0.0,327.6,2.97,24.0,97897.0,False,12,20,338
2006-12-04 21:00:00,23.57,20.4,0.0,-0.0,0.0,324.8,2.97,29.0,97964.0,False,12,21,338
2006-12-04 22:00:00,22.68,21.4,0.0,-0.0,0.0,322.4,2.9,30.0,97964.0,False,12,22,338
2006-12-04 23:00:00,21.85,22.3,0.0,-0.0,0.0,319.8,2.83,30.0,97964.0,False,12,23,338
2006-12-05 00:00:00,21.02,23.1,0.0,-0.0,0.0,313.6,2.83,31.0,97964.0,False,12,0,339
2006-12-05 01:00:00,20.3,23.65,0.0,-0.0,0.0,309.8,2.83,32.0,97906.0,False,12,1,339
2006-12-05 02:00:00,19.7,24.0,0.0,-0.0,0.0,309.0,2.83,33.0,97848.0,False,12,2,339
2006-12-05 03:00:00,19.22,24.2,0.0,-0.0,0.0,307.6,2.9,35.0,97791.0,False,12,3,339
2006-12-05 04:00:00,18.9,24.15,0.0,-0.0,0.0,310.6,2.9,37.0,97771.0,False,12,4,339
2006-12-05 05:00:00,18.5,24.4,0.0,-0.0,0.0,306.6,2.83,37.0,97781.0,False,12,5,339
2006-12-05 06:00:00,18.04,25.0,0.0,-0.0,0.0,302.2,2.9,35.0,97810.0,False,12,6,339
2006-12-05 07:00:00,18.23,25.65,60.0,5.23,59.0,303.6,2.9,37.0,97935.0,False,12,7,339
2006-12-05 08:00:00,20.04,23.6,403.0,760.7,95.0,302.8,2.9,40.0,97993.0,False,12,8,339
2006-12-05 09:00:00,22.58,19.45,543.0,538.13,228.0,307.6,3.72,48.0,98032.0,False,12,9,339
2006-12-05 10:00:00,25.06,16.5,650.0,462.25,317.0,314.4,4.07,54.0,97955.0,False,12,10,339
2006-12-05 11:00:00,27.18,14.25,750.0,514.5,338.0,321.6,4.14,58.0,97926.0,False,12,11,339
2006-12-05 12:00:00,28.77,12.7,912.0,929.31,149.0,326.4,3.93,60.0,97839.0,False,12,12,339
2006-12-05 13:00:00,29.86,11.85,831.0,814.31,196.0,331.4,3.59,59.0,97762.0,False,12,13,339
2006-12-05 14:00:00,30.45,11.45,723.0,836.93,154.0,334.4,3.24,56.0,97665.0,False,12,14,339
2006-12-05 15:00:00,30.57,11.35,533.0,744.25,140.0,336.4,2.97,50.0,97627.0,False,12,15,339
2006-12-05 16:00:00,30.17,11.6,322.0,726.03,79.0,337.0,2.83,43.0,97627.0,False,12,16,339
2006-12-05 17:00:00,28.89,13.7,44.0,35.4,40.0,335.4,2.21,31.0,97685.0,False,12,17,339
2006-12-05 18:00:00,26.79,15.85,0.0,-0.0,0.0,328.2,2.55,22.0,97742.0,False,12,18,339
2006-12-05 19:00:00,25.3,17.05,0.0,-0.0,0.0,322.4,2.69,20.0,97848.0,False,12,19,339
2006-12-05 20:00:00,23.96,18.4,0.0,-0.0,0.0,318.8,2.76,20.0,97906.0,False,12,20,339
2006-12-05 21:00:00,22.88,19.75,0.0,-0.0,0.0,315.2,2.69,23.0,97974.0,False,12,21,339
2006-12-05 22:00:00,21.9,21.15,0.0,-0.0,0.0,312.6,2.62,25.0,97955.0,False,12,22,339
2006-12-05 23:00:00,21.0,22.6,0.0,-0.0,0.0,310.0,2.55,27.0,97955.0,False,12,23,339
2006-12-06 00:00:00,20.17,24.0,0.0,-0.0,0.0,307.2,2.55,28.0,97964.0,False,12,0,340
2006-12-06 01:00:00,19.4,25.25,0.0,-0.0,0.0,304.8,2.55,28.0,97926.0,False,12,1,340
2006-12-06 02:00:00,18.7,26.35,0.0,-0.0,0.0,302.6,2.48,29.0,97868.0,False,12,2,340
2006-12-06 03:00:00,18.1,27.15,0.0,-0.0,0.0,300.6,2.48,30.0,97839.0,False,12,3,340
2006-12-06 04:00:00,17.58,27.75,0.0,-0.0,0.0,299.2,2.48,31.0,97820.0,False,12,4,340
2006-12-06 05:00:00,17.12,28.2,0.0,-0.0,0.0,297.4,2.48,32.0,97829.0,False,12,5,340
2006-12-06 06:00:00,16.7,28.8,0.0,-0.0,0.0,296.4,2.41,34.0,97868.0,False,12,6,340
2006-12-06 07:00:00,16.71,30.2,152.0,460.16,65.0,296.4,2.28,33.0,97945.0,False,12,7,340
2006-12-06 08:00:00,19.33,26.0,386.0,665.56,118.0,298.8,2.07,37.0,97993.0,False,12,8,340
2006-12-06 09:00:00,22.42,20.35,605.0,792.12,143.0,305.0,2.62,45.0,98012.0,False,12,9,340
2006-12-06 10:00:00,25.22,16.7,773.0,855.95,158.0,313.0,2.83,50.0,97945.0,False,12,10,340
2006-12-06 11:00:00,27.52,14.4,875.0,887.13,166.0,321.8,2.9,55.0,97906.0,False,12,11,340
2006-12-06 12:00:00,29.19,13.1,906.0,912.34,158.0,329.8,2.62,57.0,97829.0,False,12,12,340
2006-12-06 13:00:00,30.32,12.25,858.0,912.62,147.0,335.8,2.28,50.0,97733.0,False,12,13,340
2006-12-06 14:00:00,30.95,11.9,727.0,853.42,147.0,340.0,2.14,40.0,97646.0,False,12,14,340
2006-12-06 15:00:00,31.14,11.8,536.0,759.1,135.0,342.0,2.14,32.0,97588.0,False,12,15,340
2006-12-06 16:00:00,30.84,12.0,304.0,584.52,108.0,342.0,2.28,28.0,97569.0,False,12,16,340
2006-12-06 17:00:00,29.61,14.4,79.0,359.81,38.0,340.0,1.86,21.0,97588.0,False,12,17,340
2006-12-06 18:00:00,27.55,16.6,0.0,-0.0,0.0,335.4,2.34,15.0,97646.0,False,12,18,340
2006-12-06 19:00:00,25.9,17.9,0.0,-0.0,0.0,332.0,2.55,17.0,97742.0,False,12,19,340
2006-12-06 20:00:00,24.56,19.5,0.0,-0.0,0.0,328.8,2.69,22.0,97810.0,False,12,20,340
2006-12-06 21:00:00,23.5,21.1,0.0,-0.0,0.0,326.4,2.62,28.0,97868.0,False,12,21,340
2006-12-06 22:00:00,22.55,22.75,0.0,-0.0,0.0,323.4,2.48,33.0,97848.0,False,12,22,340
2006-12-06 23:00:00,21.66,24.4,0.0,-0.0,0.0,321.2,2.41,34.0,97839.0,False,12,23,340
2006-12-07 00:00:00,20.8,26.0,0.0,-0.0,0.0,318.4,2.41,30.0,97820.0,False,12,0,341
2006-12-07 01:00:00,20.02,27.3,0.0,-0.0,0.0,316.65,2.48,24.0,97781.0,False,12,1,341
2006-12-07 02:00:00,19.35,28.2,0.0,-0.0,0.0,313.6,2.48,21.0,97752.0,False,12,2,341
2006-12-07 03:00:00,18.78,28.8,0.0,-0.0,0.0,312.0,2.48,20.0,97733.0,False,12,3,341
2006-12-07 04:00:00,18.33,28.95,0.0,-0.0,0.0,310.0,2.41,25.0,97733.0,False,12,4,341
2006-12-07 05:00:00,17.96,28.8,0.0,-0.0,0.0,308.4,2.48,34.0,97723.0,False,12,5,341
2006-12-07 06:00:00,17.66,28.7,0.0,-0.0,0.0,307.6,2.48,41.0,97733.0,False,12,6,341
2006-12-07 07:00:00,17.84,29.5,146.0,422.75,67.0,305.4,2.34,44.0,97800.0,False,12,7,341
2006-12-07 08:00:00,20.42,25.55,381.0,651.73,120.0,307.2,2.14,45.0,97848.0,False,12,8,341
2006-12-07 09:00:00,23.43,20.05,605.0,805.27,137.0,312.4,2.76,50.0,97926.0,False,12,9,341
2006-12-07 10:00:00,26.06,16.7,771.0,855.36,158.0,319.2,3.03,54.0,97858.0,False,12,10,341
2006-12-07 11:00:00,28.23,14.55,874.0,887.55,166.0,326.8,3.1,53.0,97820.0,False,12,11,341
2006-12-07 12:00:00,29.78,13.05,900.0,895.25,167.0,333.2,2.97,49.0,97762.0,False,12,12,341
2006-12-07 13:00:00,30.75,12.0,853.0,896.67,155.0,337.6,2.55,43.0,97636.0,False,12,13,341
2006-12-07 14:00:00,31.29,11.35,727.0,853.64,147.0,339.8,2.41,35.0,97559.0,False,12,14,341
2006-12-07 15:00:00,31.35,11.05,537.0,760.59,135.0,341.0,2.48,26.0,97521.0,False,12,15,341
2006-12-07 16:00:00,30.91,11.1,304.0,586.3,107.0,339.6,2.69,19.0,97511.0,False,12,16,341
2006-12-07 17:00:00,29.5,13.3,73.0,269.63,42.0,336.2,2.28,11.0,97549.0,False,12,17,341
2006-12-07 18:00:00,27.23,15.5,0.0,-0.0,0.0,330.4,2.62,9.0,97598.0,False,12,18,341
2006-12-07 19:00:00,25.56,16.8,0.0,-0.0,0.0,324.2,2.76,15.0,97675.0,False,12,19,341
2006-12-07 20:00:00,24.24,18.2,0.0,-0.0,0.0,320.2,2.76,19.0,97733.0,False,12,20,341
2006-12-07 21:00:00,23.12,19.5,0.0,-0.0,0.0,316.6,2.76,22.0,97800.0,False,12,21,341
2006-12-07 22:00:00,22.14,20.75,0.0,-0.0,0.0,313.2,2.69,24.0,97800.0,False,12,22,341
2006-12-07 23:00:00,21.21,22.05,0.0,-0.0,0.0,309.8,2.69,26.0,97781.0,False,12,23,341
2006-12-08 00:00:00,20.34,23.25,0.0,-0.0,0.0,307.2,2.62,30.0,97762.0,False,12,0,342
2006-12-08 01:00:00,19.55,24.4,0.0,-0.0,0.0,303.8,2.62,34.0,97742.0,False,12,1,342
2006-12-08 02:00:00,18.87,25.35,0.0,-0.0,0.0,300.8,2.55,36.0,97704.0,False,12,2,342
2006-12-08 03:00:00,18.26,26.2,0.0,-0.0,0.0,299.0,2.48,35.0,97685.0,False,12,3,342
2006-12-08 04:00:00,17.68,27.15,0.0,-0.0,0.0,297.0,2.34,34.0,97675.0,False,12,4,342
2006-12-08 05:00:00,17.12,28.2,0.0,-0.0,0.0,295.4,2.28,32.0,97685.0,False,12,5,342
2006-12-08 06:00:00,16.57,29.4,0.0,-0.0,0.0,293.2,2.41,29.0,97723.0,False,12,6,342
2006-12-08 07:00:00,16.62,30.8,146.0,443.98,64.0,290.8,2.62,36.0,97752.0,False,12,7,342
2006-12-08 08:00:00,18.98,27.0,383.0,675.36,114.0,291.6,2.69,31.0,97877.0,False,12,8,342
2006-12-08 09:00:00,21.78,21.65,600.0,790.83,142.0,295.8,3.38,33.0,97935.0,False,12,9,342
2006-12-08 10:00:00,24.53,18.0,769.0,854.7,158.0,303.2,3.59,38.0,97906.0,False,12,10,342
2006-12-08 11:00:00,26.85,15.05,867.0,870.33,174.0,310.8,3.86,44.0,97820.0,False,12,11,342
2006-12-08 12:00:00,28.41,13.0,899.0,895.16,167.0,317.2,3.79,47.0,97742.0,False,12,12,342
2006-12-08 13:00:00,29.41,11.7,852.0,896.05,155.0,321.4,3.52,44.0,97617.0,False,12,13,342
2006-12-08 14:00:00,29.94,10.95,727.0,853.77,147.0,323.6,3.38,40.0,97511.0,False,12,14,342
2006-12-08 15:00:00,30.02,10.55,540.0,775.21,130.0,325.0,3.24,37.0,97472.0,False,12,15,342
2006-12-08 16:00:00,29.58,10.55,312.0,632.5,99.0,323.6,3.1,34.0,97434.0,False,12,16,342
2006-12-08 17:00:00,28.28,12.5,79.0,327.44,41.0,321.2,2.21,28.0,97443.0,False,12,17,342
2006-12-08 18:00:00,26.19,14.55,0.0,-0.0,0.0,316.0,2.41,23.0,97472.0,False,12,18,342
2006-12-08 19:00:00,24.75,16.15,0.0,-0.0,0.0,312.6,2.55,19.0,97540.0,False,12,19,342
2006-12-08 20:00:00,23.32,17.4,0.0,-0.0,0.0,309.2,2.69,20.0,97656.0,False,12,20,342
2006-12-08 21:00:00,22.15,18.6,0.0,-0.0,0.0,306.2,2.69,23.0,97685.0,False,12,21,342
2006-12-08 22:00:00,21.11,19.95,0.0,-0.0,0.0,303.0,2.55,24.0,97646.0,False,12,22,342
2006-12-08 23:00:00,20.12,21.45,0.0,-0.0,0.0,300.4,2.55,24.0,97665.0,False,12,23,342
2006-12-09 00:00:00,19.24,22.9,0.0,-0.0,0.0,297.6,2.62,28.0,97665.0,False,12,0,343
2006-12-09 01:00:00,18.52,24.0,0.0,-0.0,0.0,295.4,2.69,33.0,97617.0,False,12,1,343
2006-12-09 02:00:00,17.94,24.7,0.0,-0.0,0.0,293.2,2.76,36.0,97549.0,False,12,2,343
2006-12-09 03:00:00,17.43,25.2,0.0,-0.0,0.0,291.2,2.69,39.0,97540.0,False,12,3,343
2006-12-09 04:00:00,16.97,25.65,0.0,-0.0,0.0,289.6,2.62,41.0,97530.0,False,12,4,343
2006-12-09 05:00:00,16.53,26.15,0.0,-0.0,0.0,288.2,2.62,43.0,97549.0,False,12,5,343
2006-12-09 06:00:00,16.09,26.85,0.0,-0.0,0.0,287.0,2.55,45.0,97607.0,False,12,6,343
2006-12-09 07:00:00,16.12,28.75,146.0,460.19,62.0,287.6,2.21,48.0,97665.0,False,12,7,343
2006-12-09 08:00:00,18.76,25.0,378.0,661.33,116.0,289.8,1.79,47.0,97762.0,False,12,8,343
2006-12-09 09:00:00,21.92,19.6,601.0,803.96,137.0,295.2,2.28,48.0,97810.0,False,12,9,343
2006-12-09 10:00:00,24.73,16.3,767.0,853.98,158.0,303.0,2.41,48.0,97762.0,False,12,10,343
2006-12-09 11:00:00,27.06,13.8,870.0,886.94,165.0,311.2,2.62,50.0,97733.0,False,12,11,343
2006-12-09 12:00:00,28.78,12.15,898.0,894.99,167.0,318.4,2.69,58.0,97646.0,False,12,12,343
2006-12-09 13:00:00,29.94,11.25,852.0,896.63,155.0,324.2,2.41,66.0,97530.0,False,12,13,343
2006-12-09 14:00:00,30.63,10.8,727.0,853.81,147.0,328.2,2.21,74.0,97463.0,False,12,14,343
2006-12-09 15:00:00,30.86,10.65,538.0,759.48,136.0,330.4,1.93,80.0,97366.0,False,12,15,343
2006-12-09 16:00:00,30.63,10.75,308.0,598.38,106.0,330.6,1.66,79.0,97366.0,False,12,16,343
2006-12-09 17:00:00,29.69,12.95,80.0,332.8,41.0,329.0,1.1,50.0,97385.0,False,12,17,343
2006-12-09 18:00:00,28.04,15.3,0.0,-0.0,0.0,324.8,1.72,1.0,97414.0,False,12,18,343
2006-12-09 19:00:00,25.64,17.9,0.0,-0.0,0.0,322.6,2.28,360.0,97501.0,False,12,19,343
2006-12-09 20:00:00,23.98,19.05,0.0,-0.0,0.0,319.0,2.41,7.0,97578.0,False,12,20,343
2006-12-09 21:00:00,22.71,19.85,0.0,-0.0,0.0,316.2,2.62,18.0,97656.0,False,12,21,343
2006-12-09 22:00:00,21.7,20.9,0.0,-0.0,0.0,313.8,2.69,25.0,97656.0,False,12,22,343
2006-12-09 23:00:00,20.85,22.2,0.0,-0.0,0.0,311.4,2.62,31.0,97675.0,False,12,23,343
2006-12-10 00:00:00,20.14,23.55,0.0,-0.0,0.0,309.8,2.48,39.0,97646.0,False,12,0,344
2006-12-10 01:00:00,19.49,24.75,0.0,-0.0,0.0,309.4,2.41,41.0,97607.0,False,12,1,344
2006-12-10 02:00:00,18.85,25.9,0.0,-0.0,0.0,307.8,2.28,40.0,97549.0,False,12,2,344
2006-12-10 03:00:00,18.23,27.1,0.0,-0.0,0.0,306.0,2.21,38.0,97559.0,False,12,3,344
2006-12-10 04:00:00,17.69,28.15,0.0,-0.0,0.0,305.4,2.14,39.0,97559.0,False,12,4,344
2006-12-10 05:00:00,17.24,29.0,0.0,-0.0,0.0,304.8,2.21,40.0,97607.0,False,12,5,344
2006-12-10 06:00:00,16.86,29.85,0.0,-0.0,0.0,304.4,2.28,42.0,97627.0,False,12,6,344
2006-12-10 07:00:00,17.07,32.15,144.0,465.65,60.0,305.2,2.07,46.0,97704.0,False,12,7,344
2006-12-10 08:00:00,20.08,26.85,380.0,685.17,110.0,308.4,1.86,59.0,97733.0,False,12,8,344
2006-12-10 09:00:00,23.72,20.4,602.0,818.85,131.0,314.8,2.41,69.0,97791.0,False,12,9,344
2006-12-10 10:00:00,26.72,16.9,769.0,870.05,150.0,324.2,2.62,75.0,97742.0,False,12,10,344
2006-12-10 11:00:00,29.17,15.05,873.0,903.54,156.0,334.0,2.41,81.0,97685.0,False,12,11,344
2006-12-10 12:00:00,31.05,13.75,907.0,929.06,149.0,342.4,2.21,92.0,97588.0,False,12,12,344
2006-12-10 13:00:00,32.27,13.0,861.0,929.3,139.0,349.2,1.86,104.0,97453.0,False,12,13,344
2006-12-10 14:00:00,32.96,12.9,735.0,886.14,133.0,354.0,1.52,115.0,97424.0,False,12,14,344
2006-12-10 15:00:00,33.16,13.1,544.0,788.98,126.0,356.4,1.24,115.0,97357.0,False,12,15,344
2006-12-10 16:00:00,32.93,13.45,312.0,623.41,101.0,357.0,1.1,103.0,97385.0,False,12,16,344
2006-12-10 17:00:00,32.08,15.65,65.0,152.05,47.0,354.8,0.9,78.0,97414.0,False,12,17,344
2006-12-10 18:00:00,30.46,19.4,0.0,-0.0,0.0,350.4,0.76,38.0,97472.0,False,12,18,344
2006-12-10 19:00:00,27.72,22.4,0.0,-0.0,0.0,346.8,1.45,30.0,97559.0,False,12,19,344
2006-12-10 20:00:00,25.74,25.2,0.0,-0.0,0.0,347.8,1.86,30.0,97617.0,False,12,20,344
2006-12-10 21:00:00,24.53,26.35,0.0,-0.0,0.0,348.4,2.14,26.0,97713.0,False,12,21,344
2006-12-10 22:00:00,23.24,27.7,0.0,-0.0,0.0,347.2,2.34,20.0,97771.0,False,12,22,344
2006-12-10 23:00:00,22.3,27.95,0.0,-0.0,0.0,342.8,2.28,20.0,97762.0,False,12,23,344
2006-12-11 00:00:00,21.58,28.35,0.0,-0.0,0.0,336.0,2.28,24.0,97791.0,False,12,0,345
2006-12-11 01:00:00,20.86,29.45,0.0,-0.0,0.0,331.45,2.21,31.0,97752.0,False,12,1,345
2006-12-11 02:00:00,20.27,30.65,0.0,-0.0,0.0,330.6,2.14,40.0,97704.0,False,12,2,345
2006-12-11 03:00:00,19.81,31.65,0.0,-0.0,0.0,334.6,2.14,46.0,97675.0,False,12,3,345
2006-12-11 04:00:00,19.39,32.5,0.0,-0.0,0.0,331.8,2.14,50.0,97704.0,False,12,4,345
2006-12-11 05:00:00,18.96,33.25,0.0,-0.0,0.0,327.0,2.14,51.0,97704.0,False,12,5,345
2006-12-11 06:00:00,18.6,34.1,0.0,-0.0,0.0,326.0,2.21,51.0,97733.0,False,12,6,345
2006-12-11 07:00:00,18.88,35.35,87.0,72.92,74.0,325.6,2.0,62.0,97791.0,False,12,7,345
2006-12-11 08:00:00,22.0,29.15,393.0,785.72,85.0,328.0,1.72,66.0,97868.0,False,12,8,345
2006-12-11 09:00:00,25.58,22.3,603.0,833.77,125.0,335.2,2.28,74.0,97906.0,False,12,9,345
2006-12-11 10:00:00,28.57,18.45,779.0,918.53,127.0,344.4,2.48,81.0,97848.0,False,12,10,345
2006-12-11 11:00:00,31.05,15.8,881.0,936.52,139.0,353.8,2.55,87.0,97800.0,False,12,11,345
2006-12-11 12:00:00,32.81,14.0,915.0,963.12,130.0,361.6,2.34,90.0,97694.0,False,12,12,345
2006-12-11 13:00:00,33.84,13.15,869.0,964.49,120.0,367.4,1.93,89.0,97569.0,False,12,13,345
2006-12-11 14:00:00,34.41,12.85,743.0,919.83,118.0,370.8,1.66,87.0,97472.0,False,12,14,345
2006-12-11 15:00:00,34.54,12.8,551.0,820.19,116.0,372.0,1.52,82.0,97385.0,False,12,15,345
2006-12-11 16:00:00,34.27,13.0,319.0,659.97,95.0,371.4,1.31,73.0,97405.0,False,12,16,345
2006-12-11 17:00:00,33.39,15.05,86.0,401.25,38.0,368.2,0.97,61.0,97395.0,False,12,17,345
2006-12-11 18:00:00,31.73,18.5,0.0,-0.0,0.0,362.6,0.76,37.0,97492.0,False,12,18,345
2006-12-11 19:00:00,29.76,22.1,0.0,-0.0,0.0,356.6,0.83,16.0,97559.0,False,12,19,345
2006-12-11 20:00:00,27.08,25.9,0.0,-0.0,0.0,352.6,1.38,10.0,97656.0,False,12,20,345
2006-12-11 21:00:00,24.98,27.7,0.0,-0.0,0.0,349.0,2.0,17.0,97713.0,False,12,21,345
2006-12-11 22:00:00,23.88,28.2,0.0,-0.0,0.0,345.4,2.34,27.0,97781.0,False,12,22,345
2006-12-11 23:00:00,22.96,28.8,0.0,-0.0,0.0,342.0,2.34,34.0,97771.0,False,12,23,345
2006-12-12 00:00:00,22.23,29.6,0.0,-0.0,0.0,339.0,2.21,39.0,97762.0,False,12,0,346
2006-12-12 01:00:00,21.56,30.8,0.0,-0.0,0.0,336.85,2.21,50.0,97704.0,False,12,1,346
2006-12-12 02:00:00,21.01,31.9,0.0,-0.0,0.0,334.6,2.28,61.0,97656.0,False,12,2,346
2006-12-12 03:00:00,20.46,33.1,0.0,-0.0,0.0,332.6,2.14,61.0,97627.0,False,12,3,346
2006-12-12 04:00:00,19.91,34.45,0.0,-0.0,0.0,330.8,2.07,47.0,97636.0,False,12,4,346
2006-12-12 05:00:00,19.33,35.85,0.0,-0.0,0.0,329.4,2.07,32.0,97656.0,False,12,5,346
2006-12-12 06:00:00,18.85,37.4,0.0,-0.0,0.0,328.4,2.14,29.0,97685.0,False,12,6,346
2006-12-12 07:00:00,19.11,39.65,135.0,402.99,64.0,327.6,1.86,24.0,97771.0,False,12,7,346
2006-12-12 08:00:00,22.24,32.45,367.0,633.4,120.0,329.6,1.52,22.0,97848.0,False,12,8,346
2006-12-12 09:00:00,25.92,25.0,591.0,787.48,141.0,335.6,1.86,27.0,97877.0,False,12,9,346
2006-12-12 10:00:00,28.97,20.35,761.0,852.79,157.0,344.4,2.07,35.0,97810.0,False,12,10,346
2006-12-12 11:00:00,31.41,17.15,875.0,920.23,147.0,353.4,2.21,49.0,97771.0,False,12,11,346
2006-12-12 12:00:00,33.09,15.2,910.0,945.59,140.0,360.6,2.14,66.0,97636.0,False,12,12,346
2006-12-12 13:00:00,34.05,14.35,847.0,879.82,164.0,366.0,1.93,80.0,97492.0,False,12,13,346
2006-12-12 14:00:00,34.54,14.05,716.0,806.28,168.0,369.0,1.66,86.0,97405.0,False,12,14,346
2006-12-12 15:00:00,34.58,14.2,516.0,651.61,170.0,369.8,1.31,86.0,97299.0,False,12,15,346
2006-12-12 16:00:00,34.28,14.5,295.0,502.32,124.0,368.8,1.03,75.0,97299.0,False,12,16,346
2006-12-12 17:00:00,33.44,16.55,78.0,272.89,45.0,366.4,0.62,25.0,97328.0,False,12,17,346
2006-12-12 18:00:00,31.75,19.45,0.0,-0.0,0.0,361.2,1.24,336.0,97366.0,False,12,18,346
2006-12-12 19:00:00,29.19,22.5,0.0,-0.0,0.0,357.2,2.28,343.0,97472.0,False,12,19,346
2006-12-12 20:00:00,27.4,24.25,0.0,-0.0,0.0,353.8,2.34,351.0,97540.0,False,12,20,346
2006-12-12 21:00:00,26.21,25.1,0.0,-0.0,0.0,350.0,2.48,1.0,97598.0,False,12,21,346
2006-12-12 22:00:00,25.21,26.2,0.0,-0.0,0.0,346.6,2.62,5.0,97656.0,False,12,22,346
2006-12-12 23:00:00,24.31,27.3,0.0,-0.0,0.0,343.0,2.83,356.0,97685.0,False,12,23,346
2006-12-13 00:00:00,23.54,26.85,0.0,-0.0,0.0,339.0,3.17,355.0,97675.0,False,12,0,347
2006-12-13 01:00:00,22.79,24.95,0.0,-0.0,0.0,334.45,3.24,1.0,97685.0,False,12,1,347
2006-12-13 02:00:00,22.04,23.75,0.0,-0.0,0.0,330.4,3.17,7.0,97646.0,False,12,2,347
2006-12-13 03:00:00,21.37,23.7,0.0,-0.0,0.0,327.2,3.03,11.0,97665.0,False,12,3,347
2006-12-13 04:00:00,20.73,24.35,0.0,-0.0,0.0,324.6,2.83,14.0,97665.0,False,12,4,347
2006-12-13 05:00:00,20.17,25.25,0.0,-0.0,0.0,323.0,2.76,17.0,97713.0,False,12,5,347
2006-12-13 06:00:00,19.67,26.15,0.0,-0.0,0.0,321.8,2.69,21.0,97713.0,False,12,6,347
2006-12-13 07:00:00,19.77,26.65,133.0,402.04,63.0,321.6,2.62,18.0,97781.0,False,12,7,347
2006-12-13 08:00:00,21.53,24.6,353.0,559.33,136.0,324.0,2.55,25.0,97848.0,False,12,8,347
2006-12-13 09:00:00,24.24,20.85,566.0,686.4,175.0,329.2,2.83,35.0,97868.0,False,12,9,347
2006-12-13 10:00:00,27.1,17.95,742.0,789.52,184.0,337.2,2.76,48.0,97810.0,False,12,10,347
2006-12-13 11:00:00,29.7,15.85,855.0,851.92,182.0,346.0,2.69,59.0,97771.0,False,12,11,347
2006-12-13 12:00:00,31.8,14.5,895.0,893.53,168.0,354.6,2.48,68.0,97665.0,False,12,12,347
2006-12-13 13:00:00,33.29,13.8,842.0,863.3,172.0,361.6,2.28,80.0,97530.0,False,12,13,347
2006-12-13 14:00:00,34.09,13.65,704.0,761.84,186.0,366.8,1.93,91.0,97434.0,False,12,14,347
2006-12-13 15:00:00,34.32,13.8,514.0,639.46,174.0,369.4,1.66,96.0,97357.0,False,12,15,347
2006-12-13 16:00:00,34.09,14.2,291.0,474.39,129.0,369.2,1.52,95.0,97318.0,False,12,16,347
2006-12-13 17:00:00,33.24,16.15,79.0,269.87,46.0,366.2,1.03,78.0,97328.0,False,12,17,347
2006-12-13 18:00:00,31.61,19.95,0.0,-0.0,0.0,361.2,0.9,27.0,97395.0,False,12,18,347
2006-12-13 19:00:00,29.22,21.9,0.0,-0.0,0.0,356.6,1.93,348.0,97453.0,False,12,19,347
2006-12-13 20:00:00,27.21,24.8,0.0,-0.0,0.0,353.2,2.28,349.0,97521.0,False,12,20,347
2006-12-13 21:00:00,25.77,25.8,0.0,-0.0,0.0,349.2,2.48,355.0,97598.0,False,12,21,347
2006-12-13 22:00:00,24.82,25.75,0.0,-0.0,0.0,345.2,2.69,2.0,97646.0,False,12,22,347
2006-12-13 23:00:00,23.94,26.25,0.0,-0.0,0.0,340.4,2.62,6.0,97656.0,False,12,23,347
2006-12-14 00:00:00,23.09,27.05,0.0,-0.0,0.0,336.4,2.48,8.0,97627.0,False,12,0,348
2006-12-14 01:00:00,22.31,27.7,0.0,-0.0,0.0,333.85,2.48,7.0,97578.0,False,12,1,348
2006-12-14 02:00:00,21.65,27.95,0.0,-0.0,0.0,331.0,2.41,12.0,97492.0,False,12,2,348
2006-12-14 03:00:00,21.06,28.1,0.0,-0.0,0.0,328.6,2.48,15.0,97472.0,False,12,3,348
2006-12-14 04:00:00,20.5,28.25,0.0,-0.0,0.0,326.0,2.41,17.0,97482.0,False,12,4,348
2006-12-14 05:00:00,19.98,28.6,0.0,-0.0,0.0,324.0,2.34,18.0,97501.0,False,12,5,348
2006-12-14 06:00:00,19.54,29.1,0.0,-0.0,0.0,322.2,2.41,14.0,97549.0,False,12,6,348
2006-12-14 07:00:00,19.6,30.65,126.0,342.89,67.0,321.0,2.14,14.0,97607.0,False,12,7,348
2006-12-14 08:00:00,21.99,27.15,330.0,453.36,155.0,323.4,1.86,24.0,97685.0,False,12,8,348
2006-12-14 09:00:00,25.3,22.05,541.0,593.43,204.0,329.4,2.21,33.0,97713.0,False,12,9,348
2006-12-14 10:00:00,28.33,18.9,720.0,714.57,216.0,338.0,2.41,42.0,97713.0,False,12,10,348
2006-12-14 11:00:00,30.8,16.95,840.0,803.62,206.0,347.6,2.48,55.0,97665.0,False,12,11,348
2006-12-14 12:00:00,32.67,15.75,884.0,860.98,184.0,355.8,2.34,68.0,97559.0,False,12,12,348
2006-12-14 13:00:00,33.87,15.15,837.0,846.69,180.0,362.8,2.07,76.0,97453.0,False,12,13,348
2006-12-14 14:00:00,34.47,14.8,705.0,761.46,187.0,366.8,1.72,77.0,97366.0,False,12,14,348
2006-12-14 15:00:00,34.59,14.6,509.0,614.12,182.0,368.2,1.38,78.0,97299.0,False,12,15,348
2006-12-14 16:00:00,34.31,14.6,289.0,455.31,133.0,367.6,1.24,72.0,97270.0,False,12,16,348
2006-12-14 17:00:00,33.48,16.55,80.0,274.9,46.0,364.6,0.9,41.0,97337.0,False,12,17,348
2006-12-14 18:00:00,31.8,19.35,0.0,-0.0,0.0,359.4,1.31,1.0,97385.0,False,12,18,348
2006-12-14 19:00:00,28.93,23.5,0.0,-0.0,0.0,355.2,2.28,341.0,97482.0,False,12,19,348
2006-12-14 20:00:00,27.34,24.5,0.0,-0.0,0.0,351.0,2.55,354.0,97549.0,False,12,20,348
2006-12-14 21:00:00,26.17,24.95,0.0,-0.0,0.0,346.8,2.76,5.0,97646.0,False,12,21,348
2006-12-14 22:00:00,25.21,25.3,0.0,-0.0,0.0,342.2,2.83,9.0,97675.0,False,12,22,348
2006-12-14 23:00:00,24.33,25.8,0.0,-0.0,0.0,338.2,2.69,10.0,97665.0,False,12,23,348
2006-12-15 00:00:00,23.58,26.2,0.0,-0.0,0.0,334.8,2.62,9.0,97636.0,False,12,0,349
2006-12-15 01:00:00,22.89,26.55,0.0,-0.0,0.0,332.45,2.62,10.0,97598.0,False,12,1,349
2006-12-15 02:00:00,22.27,26.85,0.0,-0.0,0.0,330.0,2.62,14.0,97569.0,False,12,2,349
2006-12-15 03:00:00,21.65,27.35,0.0,-0.0,0.0,327.6,2.55,17.0,97569.0,False,12,3,349
2006-12-15 04:00:00,21.04,28.1,0.0,-0.0,0.0,325.2,2.41,20.0,97617.0,False,12,4,349
2006-12-15 05:00:00,20.45,29.05,0.0,-0.0,0.0,323.0,2.34,23.0,97656.0,False,12,5,349
2006-12-15 06:00:00,19.94,30.0,0.0,-0.0,0.0,321.2,2.34,28.0,97694.0,False,12,6,349
2006-12-15 07:00:00,19.81,32.6,124.0,346.95,65.0,320.8,2.07,30.0,97752.0,False,12,7,349
2006-12-15 08:00:00,22.29,28.8,351.0,570.18,132.0,322.8,1.72,39.0,97810.0,False,12,8,349
2006-12-15 09:00:00,25.73,22.7,582.0,770.06,146.0,328.6,2.21,51.0,97868.0,False,12,9,349
2006-12-15 10:00:00,28.69,18.2,756.0,850.93,157.0,337.0,2.55,64.0,97839.0,False,12,10,349
2006-12-15 11:00:00,31.09,13.9,867.0,902.34,156.0,344.8,2.97,75.0,97781.0,False,12,11,349
2006-12-15 12:00:00,32.71,11.45,908.0,945.23,140.0,350.0,3.17,76.0,97675.0,False,12,12,349
2006-12-15 13:00:00,33.72,10.4,855.0,913.76,146.0,353.8,3.03,72.0,97598.0,False,12,13,349
2006-12-15 14:00:00,34.27,9.95,729.0,855.02,147.0,355.4,2.83,68.0,97501.0,False,12,14,349
2006-12-15 15:00:00,34.37,9.7,546.0,778.16,131.0,355.8,2.76,64.0,97453.0,False,12,15,349
2006-12-15 16:00:00,34.01,9.7,317.0,616.6,105.0,354.0,2.69,61.0,97434.0,False,12,16,349
2006-12-15 17:00:00,32.6,11.8,87.0,351.62,43.0,350.8,1.93,55.0,97453.0,False,12,17,349
2006-12-15 18:00:00,30.48,13.7,0.0,-0.0,0.0,345.0,2.34,46.0,97492.0,False,12,18,349
2006-12-15 19:00:00,28.7,14.9,0.0,-0.0,0.0,342.0,2.41,44.0,97549.0,False,12,19,349
2006-12-15 20:00:00,27.18,15.65,0.0,-0.0,0.0,338.6,2.62,41.0,97636.0,False,12,20,349
2006-12-15 21:00:00,25.97,16.3,0.0,-0.0,0.0,335.8,2.62,41.0,97694.0,False,12,21,349
2006-12-15 22:00:00,24.93,17.15,0.0,-0.0,0.0,333.2,2.55,42.0,97742.0,False,12,22,349
2006-12-15 23:00:00,23.98,18.2,0.0,-0.0,0.0,331.0,2.48,43.0,97742.0,False,12,23,349
2006-12-16 00:00:00,23.19,19.2,0.0,-0.0,0.0,331.4,2.48,45.0,97713.0,False,12,0,350
2006-12-16 01:00:00,22.47,20.1,0.0,-0.0,0.0,329.25,2.48,45.0,97675.0,False,12,1,350
2006-12-16 02:00:00,21.77,20.7,0.0,-0.0,0.0,324.8,2.55,46.0,97627.0,False,12,2,350
2006-12-16 03:00:00,21.14,21.05,0.0,-0.0,0.0,320.0,2.55,47.0,97636.0,False,12,3,350
2006-12-16 04:00:00,20.59,21.2,0.0,-0.0,0.0,318.6,2.48,49.0,97656.0,False,12,4,350
2006-12-16 05:00:00,20.09,21.35,0.0,-0.0,0.0,315.0,2.48,51.0,97694.0,False,12,5,350
2006-12-16 06:00:00,19.72,21.5,0.0,-0.0,0.0,315.0,2.48,52.0,97742.0,False,12,6,350
2006-12-16 07:00:00,19.62,23.5,131.0,440.31,57.0,311.0,2.34,55.0,97820.0,False,12,7,350
2006-12-16 08:00:00,22.18,21.1,367.0,677.63,108.0,313.2,2.0,57.0,97887.0,False,12,8,350
2006-12-16 09:00:00,25.81,15.7,589.0,813.05,130.0,319.8,2.55,61.0,97955.0,False,12,9,350
2006-12-16 10:00:00,28.7,12.15,759.0,866.76,150.0,328.8,3.1,63.0,97906.0,False,12,10,350
2006-12-16 11:00:00,30.83,9.65,861.0,884.33,165.0,337.2,3.59,60.0,97829.0,False,12,11,350
2006-12-16 12:00:00,32.3,8.45,903.0,928.52,149.0,343.6,3.72,54.0,97752.0,False,12,12,350
2006-12-16 13:00:00,33.3,7.9,856.0,913.73,147.0,348.6,3.79,52.0,97636.0,False,12,13,350
2006-12-16 14:00:00,33.82,7.8,730.0,855.88,147.0,351.4,3.72,50.0,97559.0,False,12,14,350
2006-12-16 15:00:00,33.87,7.95,541.0,748.76,141.0,352.4,3.66,50.0,97530.0,False,12,15,350
2006-12-16 16:00:00,33.42,8.4,311.0,570.89,114.0,351.8,3.45,48.0,97492.0,False,12,16,350
2006-12-16 17:00:00,31.95,10.25,86.0,323.76,45.0,349.8,2.48,44.0,97521.0,False,12,17,350
2006-12-16 18:00:00,29.66,12.15,0.0,-0.0,0.0,344.8,2.62,39.0,97569.0,False,12,18,350
2006-12-16 19:00:00,28.21,13.35,0.0,-0.0,0.0,340.0,2.69,34.0,97636.0,False,12,19,350
2006-12-16 20:00:00,26.86,14.45,0.0,-0.0,0.0,337.2,2.76,35.0,97713.0,False,12,20,350
2006-12-16 21:00:00,25.74,15.5,0.0,-0.0,0.0,334.2,2.69,36.0,97762.0,False,12,21,350
2006-12-16 22:00:00,24.73,16.6,0.0,-0.0,0.0,331.0,2.55,36.0,97800.0,False,12,22,350
2006-12-16 23:00:00,23.78,17.7,0.0,-0.0,0.0,328.4,2.55,36.0,97781.0,False,12,23,350
2006-12-17 00:00:00,22.95,18.55,0.0,-0.0,0.0,325.8,2.55,32.0,97771.0,False,12,0,351
2006-12-17 01:00:00,22.16,19.25,0.0,-0.0,0.0,323.05,2.55,32.0,97733.0,False,12,1,351
2006-12-17 02:00:00,21.42,19.85,0.0,-0.0,0.0,320.6,2.48,31.0,97685.0,False,12,2,351
2006-12-17 03:00:00,20.77,20.45,0.0,-0.0,0.0,317.8,2.41,31.0,97646.0,False,12,3,351
2006-12-17 04:00:00,20.2,21.05,0.0,-0.0,0.0,316.2,2.41,31.0,97646.0,False,12,4,351
2006-12-17 05:00:00,19.65,21.7,0.0,-0.0,0.0,314.4,2.41,32.0,97675.0,False,12,5,351
2006-12-17 06:00:00,19.11,22.7,0.0,-0.0,0.0,313.2,2.34,30.0,97752.0,False,12,6,351
2006-12-17 07:00:00,18.93,24.75,127.0,409.37,59.0,312.0,2.21,25.0,97810.0,False,12,7,351
2006-12-17 08:00:00,21.28,22.4,357.0,625.69,119.0,313.2,1.93,27.0,97926.0,False,12,8,351
2006-12-17 09:00:00,24.5,17.9,581.0,783.38,140.0,318.6,2.48,32.0,97955.0,False,12,9,351
2006-12-17 10:00:00,27.46,14.95,753.0,849.77,157.0,326.4,2.9,38.0,97906.0,False,12,10,351
2006-12-17 11:00:00,29.89,12.55,860.0,884.0,165.0,335.0,3.38,43.0,97877.0,False,12,11,351
2006-12-17 12:00:00,31.63,10.55,902.0,927.72,149.0,342.6,3.79,47.0,97800.0,False,12,12,351
2006-12-17 13:00:00,32.76,9.45,851.0,896.87,155.0,347.8,3.79,44.0,97723.0,False,12,13,351
2006-12-17 14:00:00,33.4,9.25,727.0,839.04,155.0,350.8,3.66,40.0,97636.0,False,12,14,351
2006-12-17 15:00:00,33.51,9.55,536.0,721.24,150.0,352.2,3.59,36.0,97598.0,False,12,15,351
2006-12-17 16:00:00,33.09,10.05,314.0,583.17,112.0,351.6,3.45,32.0,97540.0,False,12,16,351
2006-12-17 17:00:00,31.71,11.85,88.0,327.64,46.0,349.0,2.55,26.0,97607.0,False,12,17,351
2006-12-17 18:00:00,29.43,13.85,0.0,-0.0,0.0,344.2,2.62,19.0,97656.0,False,12,18,351
2006-12-17 19:00:00,27.93,15.25,0.0,-0.0,0.0,339.0,2.62,17.0,97742.0,False,12,19,351
2006-12-17 20:00:00,26.57,16.4,0.0,-0.0,0.0,335.4,2.69,19.0,97820.0,False,12,20,351
2006-12-17 21:00:00,25.43,17.4,0.0,-0.0,0.0,332.6,2.62,21.0,97868.0,False,12,21,351
2006-12-17 22:00:00,24.41,18.35,0.0,-0.0,0.0,329.2,2.62,21.0,97887.0,False,12,22,351
2006-12-17 23:00:00,23.47,19.3,0.0,-0.0,0.0,326.4,2.55,20.0,97877.0,False,12,23,351
2006-12-18 00:00:00,22.56,20.2,0.0,-0.0,0.0,323.2,2.55,18.0,97839.0,False,12,0,352
2006-12-18 01:00:00,21.67,21.1,0.0,-0.0,0.0,320.05,2.48,15.0,97820.0,False,12,1,352
2006-12-18 02:00:00,20.8,22.1,0.0,-0.0,0.0,317.0,2.41,10.0,97752.0,False,12,2,352
2006-12-18 03:00:00,20.01,23.0,0.0,-0.0,0.0,314.2,2.48,2.0,97742.0,False,12,3,352
2006-12-18 04:00:00,19.34,23.65,0.0,-0.0,0.0,311.6,2.55,358.0,97752.0,False,12,4,352
2006-12-18 05:00:00,18.85,23.9,0.0,-0.0,0.0,309.0,2.69,357.0,97771.0,False,12,5,352
2006-12-18 06:00:00,18.45,24.1,0.0,-0.0,0.0,307.6,2.76,1.0,97791.0,False,12,6,352
2006-12-18 07:00:00,18.26,25.7,124.0,395.89,59.0,305.0,2.62,0.0,97858.0,False,12,7,352
2006-12-18 08:00:00,20.12,23.85,353.0,612.79,121.0,306.0,2.55,5.0,97916.0,False,12,8,352
2006-12-18 09:00:00,22.82,20.1,576.0,767.71,145.0,310.6,2.97,13.0,97964.0,False,12,9,352
2006-12-18 10:00:00,25.67,17.05,752.0,849.79,157.0,317.8,2.9,19.0,97906.0,False,12,10,352
2006-12-18 11:00:00,28.3,14.35,860.0,884.87,165.0,326.2,2.76,25.0,97810.0,False,12,11,352
2006-12-18 12:00:00,30.36,12.35,902.0,928.07,149.0,333.8,2.76,31.0,97733.0,False,12,12,352
2006-12-18 13:00:00,31.66,11.25,852.0,896.66,156.0,339.6,2.62,34.0,97578.0,False,12,13,352
2006-12-18 14:00:00,32.4,10.8,728.0,839.72,155.0,343.4,2.41,29.0,97521.0,False,12,14,352
2006-12-18 15:00:00,32.6,10.75,541.0,736.63,146.0,345.4,2.34,21.0,97463.0,False,12,15,352
2006-12-18 16:00:00,32.3,10.95,316.0,583.75,113.0,344.8,2.41,14.0,97463.0,False,12,16,352
2006-12-18 17:00:00,31.07,12.9,88.0,315.91,47.0,342.8,2.0,8.0,97501.0,False,12,17,352
2006-12-18 18:00:00,28.93,15.05,0.0,-0.0,0.0,338.4,2.41,4.0,97569.0,False,12,18,352
2006-12-18 19:00:00,27.39,16.3,0.0,-0.0,0.0,335.4,2.55,2.0,97646.0,False,12,19,352
2006-12-18 20:00:00,25.95,17.7,0.0,-0.0,0.0,331.6,2.62,6.0,97752.0,False,12,20,352
2006-12-18 21:00:00,24.72,19.1,0.0,-0.0,0.0,328.6,2.62,7.0,97800.0,False,12,21,352
2006-12-18 22:00:00,23.63,20.45,0.0,-0.0,0.0,325.2,2.55,3.0,97848.0,False,12,22,352
2006-12-18 23:00:00,22.62,21.6,0.0,-0.0,0.0,322.4,2.55,358.0,97839.0,False,12,23,352
2006-12-19 00:00:00,21.74,22.4,0.0,-0.0,0.0,319.8,2.62,355.0,97829.0,False,12,0,353
2006-12-19 01:00:00,20.98,22.95,0.0,-0.0,0.0,316.65,2.62,354.0,97781.0,False,12,1,353
2006-12-19 02:00:00,20.31,23.4,0.0,-0.0,0.0,314.2,2.69,354.0,97752.0,False,12,2,353
2006-12-19 03:00:00,19.72,23.95,0.0,-0.0,0.0,311.8,2.69,355.0,97733.0,False,12,3,353
2006-12-19 04:00:00,19.12,24.65,0.0,-0.0,0.0,309.6,2.55,359.0,97713.0,False,12,4,353
2006-12-19 05:00:00,18.52,25.55,0.0,-0.0,0.0,308.0,2.41,5.0,97733.0,False,12,5,353
2006-12-19 06:00:00,17.96,26.55,0.0,-0.0,0.0,306.4,2.34,11.0,97742.0,False,12,6,353
2006-12-19 07:00:00,17.92,28.1,122.0,382.02,60.0,305.6,2.28,12.0,97800.0,False,12,7,353
2006-12-19 08:00:00,20.03,25.2,351.0,610.31,121.0,306.6,2.07,21.0,97848.0,False,12,8,353
2006-12-19 09:00:00,23.08,20.35,577.0,782.23,139.0,312.0,2.34,29.0,97916.0,False,12,9,353
2006-12-19 10:00:00,26.14,17.05,750.0,849.72,156.0,320.2,2.21,34.0,97829.0,False,12,10,353
2006-12-19 11:00:00,28.85,14.85,859.0,884.38,165.0,329.2,2.21,41.0,97781.0,False,12,11,353
2006-12-19 12:00:00,30.84,13.8,897.0,911.07,158.0,338.6,2.14,52.0,97675.0,False,12,12,353
2006-12-19 13:00:00,32.07,13.0,852.0,896.37,156.0,345.0,1.79,57.0,97588.0,False,12,13,353
2006-12-19 14:00:00,32.71,12.5,733.0,856.42,148.0,349.4,1.31,53.0,97482.0,False,12,14,353
2006-12-19 15:00:00,32.92,12.3,545.0,751.86,141.0,351.4,0.9,44.0,97443.0,False,12,15,353
2006-12-19 16:00:00,32.66,12.45,323.0,621.46,106.0,350.8,0.76,37.0,97395.0,False,12,16,353
2006-12-19 17:00:00,31.96,14.05,91.0,334.79,47.0,348.4,0.83,11.0,97434.0,False,12,17,353
2006-12-19 18:00:00,30.36,16.7,0.0,-0.0,0.0,343.6,1.45,350.0,97492.0,False,12,18,353
2006-12-19 19:00:00,28.3,19.95,0.0,-0.0,0.0,340.8,2.0,351.0,97559.0,False,12,19,353
2006-12-19 20:00:00,26.27,22.5,0.0,-0.0,0.0,337.0,2.28,355.0,97627.0,False,12,20,353
2006-12-19 21:00:00,24.85,23.75,0.0,-0.0,0.0,333.4,2.41,1.0,97704.0,False,12,21,353
2006-12-19 22:00:00,23.74,25.05,0.0,-0.0,0.0,330.8,2.48,9.0,97685.0,False,12,22,353
2006-12-19 23:00:00,22.83,26.75,0.0,-0.0,0.0,327.2,2.41,15.0,97733.0,False,12,23,353
2006-12-20 00:00:00,22.04,28.6,0.0,-0.0,0.0,324.6,2.34,20.0,97694.0,False,12,0,354
2006-12-20 01:00:00,21.32,30.45,0.0,-0.0,0.0,322.65,2.21,23.0,97675.0,False,12,1,354
2006-12-20 02:00:00,20.61,32.2,0.0,-0.0,0.0,320.8,2.21,27.0,97617.0,False,12,2,354
2006-12-20 03:00:00,19.97,33.8,0.0,-0.0,0.0,318.4,2.21,31.0,97607.0,False,12,3,354
2006-12-20 04:00:00,19.33,35.35,0.0,-0.0,0.0,316.2,2.21,34.0,97598.0,False,12,4,354
2006-12-20 05:00:00,18.76,36.75,0.0,-0.0,0.0,313.8,2.14,36.0,97665.0,False,12,5,354
2006-12-20 06:00:00,18.27,38.2,0.0,-0.0,0.0,312.0,2.07,36.0,97713.0,False,12,6,354
2006-12-20 07:00:00,18.92,38.75,123.0,411.36,57.0,312.0,1.72,37.0,97762.0,False,12,7,354
2006-12-20 08:00:00,21.45,33.8,355.0,647.72,112.0,314.6,1.45,41.0,97858.0,False,12,8,354
2006-12-20 09:00:00,25.53,23.4,579.0,794.97,135.0,320.4,1.93,50.0,97926.0,False,12,9,354
2006-12-20 10:00:00,28.74,18.1,753.0,865.33,149.0,329.4,2.41,56.0,97868.0,False,12,10,354
2006-12-20 11:00:00,31.24,14.4,863.0,900.38,157.0,338.2,2.83,62.0,97820.0,False,12,11,354
2006-12-20 12:00:00,32.92,12.25,902.0,928.5,149.0,345.2,2.97,62.0,97752.0,False,12,12,354
2006-12-20 13:00:00,33.88,11.4,853.0,897.28,156.0,350.0,2.69,59.0,97627.0,False,12,13,354
2006-12-20 14:00:00,34.39,10.9,734.0,856.91,148.0,352.4,2.48,58.0,97540.0,False,12,14,354
2006-12-20 15:00:00,34.48,10.45,552.0,781.79,131.0,353.0,2.34,58.0,97501.0,False,12,15,354
2006-12-20 16:00:00,34.17,10.3,328.0,644.5,102.0,352.0,2.21,57.0,97482.0,False,12,16,354
2006-12-20 17:00:00,32.99,12.1,95.0,368.11,46.0,348.6,1.72,43.0,97540.0,False,12,17,354
2006-12-20 18:00:00,30.84,14.15,0.0,-0.0,0.0,343.0,2.34,28.0,97569.0,False,12,18,354
2006-12-20 19:00:00,28.94,14.8,0.0,-0.0,0.0,338.4,2.41,28.0,97665.0,False,12,19,354
2006-12-20 20:00:00,27.26,15.6,0.0,-0.0,0.0,334.2,2.62,29.0,97742.0,False,12,20,354
2006-12-20 21:00:00,25.97,16.15,0.0,-0.0,0.0,330.2,2.76,32.0,97810.0,False,12,21,354
2006-12-20 22:00:00,24.93,16.85,0.0,-0.0,0.0,326.8,2.83,36.0,97791.0,False,12,22,354
2006-12-20 23:00:00,24.04,17.7,0.0,-0.0,0.0,323.4,2.83,40.0,97791.0,False,12,23,354
2006-12-21 00:00:00,23.27,18.65,0.0,-0.0,0.0,321.2,2.83,45.0,97791.0,False,12,0,355
2006-12-21 01:00:00,22.53,19.6,0.0,-0.0,0.0,318.85,2.76,51.0,97733.0,False,12,1,355
2006-12-21 02:00:00,21.82,20.6,0.0,-0.0,0.0,317.0,2.69,55.0,97685.0,False,12,2,355
2006-12-21 03:00:00,21.15,21.7,0.0,-0.0,0.0,314.4,2.55,59.0,97665.0,False,12,3,355
2006-12-21 04:00:00,20.57,22.75,0.0,-0.0,0.0,312.6,2.48,62.0,97656.0,False,12,4,355
2006-12-21 05:00:00,20.04,23.75,0.0,-0.0,0.0,311.0,2.41,66.0,97685.0,False,12,5,355
2006-12-21 06:00:00,19.53,24.95,0.0,-0.0,0.0,309.0,2.34,67.0,97723.0,False,12,6,355
2006-12-21 07:00:00,19.09,28.15,125.0,460.2,52.0,306.6,2.14,69.0,97791.0,False,12,7,355
2006-12-21 08:00:00,21.48,26.85,355.0,658.6,109.0,307.6,1.59,67.0,97906.0,False,12,8,355
2006-12-21 09:00:00,25.4,19.15,577.0,795.11,134.0,312.2,2.34,72.0,97945.0,False,12,9,355
2006-12-21 10:00:00,28.5,15.2,752.0,865.12,149.0,319.4,3.03,78.0,97877.0,False,12,10,355
2006-12-21 11:00:00,31.04,12.3,857.0,884.42,164.0,328.2,3.38,82.0,97820.0,False,12,11,355
2006-12-21 12:00:00,32.91,10.0,892.0,894.05,167.0,335.2,3.45,85.0,97723.0,False,12,12,355
2006-12-21 13:00:00,34.12,8.5,849.0,880.09,165.0,340.4,3.38,89.0,97607.0,False,12,13,355
2006-12-21 14:00:00,34.71,7.85,731.0,841.24,155.0,343.4,3.38,91.0,97521.0,False,12,14,355
2006-12-21 15:00:00,34.79,7.6,551.0,767.03,137.0,344.6,3.1,89.0,97482.0,False,12,15,355
2006-12-21 16:00:00,34.42,7.65,323.0,599.1,112.0,344.2,2.76,83.0,97492.0,False,12,16,355
2006-12-21 17:00:00,33.02,9.65,95.0,355.98,47.0,341.6,1.86,64.0,97511.0,False,12,17,355
2006-12-21 18:00:00,30.76,11.45,0.0,-0.0,0.0,336.4,2.48,47.0,97578.0,False,12,18,355
2006-12-21 19:00:00,28.83,12.45,0.0,-0.0,0.0,332.8,2.55,43.0,97636.0,False,12,19,355
2006-12-21 20:00:00,27.14,13.3,0.0,-0.0,0.0,329.2,2.83,42.0,97752.0,False,12,20,355
2006-12-21 21:00:00,25.95,14.5,0.0,-0.0,0.0,326.4,2.97,44.0,97829.0,False,12,21,355
2006-12-21 22:00:00,25.03,15.9,0.0,-0.0,0.0,323.6,3.03,47.0,97829.0,False,12,22,355
2006-12-21 23:00:00,24.23,17.35,0.0,-0.0,0.0,320.6,2.97,50.0,97848.0,False,12,23,355
2006-12-22 00:00:00,23.49,18.6,0.0,-0.0,0.0,318.0,2.97,52.0,97829.0,False,12,0,356
2006-12-22 01:00:00,22.75,19.75,0.0,-0.0,0.0,315.25,2.9,54.0,97820.0,False,12,1,356
2006-12-22 02:00:00,21.97,20.95,0.0,-0.0,0.0,311.8,2.76,53.0,97791.0,False,12,2,356
2006-12-22 03:00:00,21.23,22.2,0.0,-0.0,0.0,309.0,2.62,53.0,97771.0,False,12,3,356
2006-12-22 04:00:00,20.54,23.35,0.0,-0.0,0.0,306.6,2.55,53.0,97762.0,False,12,4,356
2006-12-22 05:00:00,19.93,24.35,0.0,-0.0,0.0,304.6,2.55,54.0,97781.0,False,12,5,356
2006-12-22 06:00:00,19.38,25.4,0.0,-0.0,0.0,302.8,2.48,54.0,97781.0,False,12,6,356
2006-12-22 07:00:00,19.8,26.8,121.0,427.16,54.0,303.8,2.21,50.0,97839.0,False,12,7,356
2006-12-22 08:00:00,22.09,25.2,355.0,669.48,106.0,305.6,1.86,55.0,97926.0,False,12,8,356
2006-12-22 09:00:00,26.12,17.4,576.0,793.37,135.0,310.6,2.55,62.0,97964.0,False,12,9,356
2006-12-22 10:00:00,29.05,13.15,747.0,847.58,157.0,319.0,3.31,69.0,97897.0,False,12,10,356
2006-12-22 11:00:00,31.18,10.35,852.0,867.07,173.0,326.6,3.93,74.0,97848.0,False,12,11,356
2006-12-22 12:00:00,32.57,8.9,892.0,894.05,167.0,332.6,4.0,72.0,97704.0,False,12,12,356
2006-12-22 13:00:00,33.53,8.05,849.0,880.84,164.0,336.6,3.79,68.0,97598.0,False,12,13,356
2006-12-22 14:00:00,34.02,7.5,728.0,825.53,162.0,340.6,3.59,65.0,97492.0,False,12,14,356
2006-12-22 15:00:00,34.07,7.2,546.0,739.32,146.0,339.6,3.45,62.0,97463.0,False,12,15,356
2006-12-22 16:00:00,33.63,7.3,328.0,624.68,107.0,338.4,3.24,58.0,97424.0,False,12,16,356
2006-12-22 17:00:00,32.3,8.55,97.0,366.01,47.0,336.2,2.34,47.0,97492.0,False,12,17,356
2006-12-22 18:00:00,29.88,10.05,0.0,-0.0,0.0,330.2,2.62,34.0,97521.0,False,12,18,356
2006-12-22 19:00:00,28.21,11.25,0.0,-0.0,0.0,326.0,2.9,32.0,97607.0,False,12,19,356
2006-12-22 20:00:00,26.74,12.7,0.0,-0.0,0.0,322.2,2.9,33.0,97675.0,False,12,20,356
2006-12-22 21:00:00,25.55,14.1,0.0,-0.0,0.0,319.4,2.9,37.0,97781.0,False,12,21,356
2006-12-22 22:00:00,24.45,15.3,0.0,-0.0,0.0,315.6,2.83,43.0,97771.0,False,12,22,356
2006-12-22 23:00:00,23.46,16.35,0.0,-0.0,0.0,312.2,2.76,48.0,97771.0,False,12,23,356
2006-12-23 00:00:00,22.52,17.3,0.0,-0.0,0.0,308.8,2.76,49.0,97752.0,False,12,0,357
2006-12-23 01:00:00,21.61,18.35,0.0,-0.0,0.0,305.2,2.62,47.0,97733.0,False,12,1,357
2006-12-23 02:00:00,20.73,19.45,0.0,-0.0,0.0,302.2,2.55,45.0,97694.0,False,12,2,357
2006-12-23 03:00:00,19.98,20.45,0.0,-0.0,0.0,299.4,2.48,44.0,97665.0,False,12,3,357
2006-12-23 04:00:00,19.33,21.2,0.0,-0.0,0.0,296.4,2.48,45.0,97685.0,False,12,4,357
2006-12-23 05:00:00,18.75,21.75,0.0,-0.0,0.0,294.2,2.41,48.0,97675.0,False,12,5,357
2006-12-23 06:00:00,18.25,22.35,0.0,-0.0,0.0,292.2,2.41,49.0,97713.0,False,12,6,357
2006-12-23 07:00:00,18.15,24.5,119.0,419.06,54.0,292.4,2.28,52.0,97771.0,False,12,7,357
2006-12-23 08:00:00,20.55,24.05,353.0,666.87,106.0,294.4,1.72,59.0,97820.0,False,12,8,357
2006-12-23 09:00:00,25.02,15.6,577.0,807.76,129.0,300.2,2.28,67.0,97868.0,False,12,9,357
2006-12-23 10:00:00,28.33,11.8,746.0,847.18,157.0,309.2,3.03,72.0,97877.0,False,12,10,357
2006-12-23 11:00:00,30.65,9.35,852.0,867.52,173.0,318.2,3.79,76.0,97791.0,False,12,11,357
2006-12-23 12:00:00,32.13,7.9,887.0,876.7,176.0,324.8,3.59,74.0,97685.0,False,12,12,357
2006-12-23 13:00:00,33.11,7.15,845.0,864.79,172.0,328.0,3.17,68.0,97598.0,False,12,13,357
2006-12-23 14:00:00,33.63,6.8,733.0,841.82,155.0,331.4,2.83,62.0,97482.0,False,12,14,357
2006-12-23 15:00:00,33.72,6.65,554.0,768.8,137.0,332.2,2.69,57.0,97463.0,False,12,15,357
2006-12-23 16:00:00,33.34,6.7,330.0,624.61,108.0,331.8,2.69,52.0,97463.0,False,12,16,357
2006-12-23 17:00:00,32.0,8.15,101.0,390.12,47.0,329.6,2.07,41.0,97482.0,False,12,17,357
2006-12-23 18:00:00,29.57,9.6,0.0,-0.0,0.0,325.0,2.55,31.0,97501.0,False,12,18,357
2006-12-23 19:00:00,27.83,10.7,0.0,-0.0,0.0,322.2,2.83,28.0,97598.0,False,12,19,357
2006-12-23 20:00:00,26.27,12.2,0.0,-0.0,0.0,319.0,2.97,30.0,97675.0,False,12,20,357
2006-12-23 21:00:00,25.05,13.85,0.0,-0.0,0.0,315.8,2.97,32.0,97762.0,False,12,21,357
2006-12-23 22:00:00,24.02,15.35,0.0,-0.0,0.0,313.4,2.9,33.0,97752.0,False,12,22,357
2006-12-23 23:00:00,23.11,16.5,0.0,-0.0,0.0,310.6,2.9,38.0,97752.0,False,12,23,357
2006-12-24 00:00:00,22.34,17.35,0.0,-0.0,0.0,308.2,2.9,43.0,97733.0,False,12,0,358
2006-12-24 01:00:00,21.61,18.05,0.0,-0.0,0.0,305.6,2.9,46.0,97713.0,False,12,1,358
2006-12-24 02:00:00,20.87,18.75,0.0,-0.0,0.0,303.2,2.76,49.0,97675.0,False,12,2,358
2006-12-24 03:00:00,20.19,19.45,0.0,-0.0,0.0,300.6,2.62,51.0,97665.0,False,12,3,358
2006-12-24 04:00:00,19.59,20.15,0.0,-0.0,0.0,298.4,2.55,52.0,97656.0,False,12,4,358
2006-12-24 05:00:00,19.02,20.85,0.0,-0.0,0.0,296.4,2.55,53.0,97675.0,False,12,5,358
2006-12-24 06:00:00,18.48,21.7,0.0,-0.0,0.0,294.0,2.41,51.0,97704.0,False,12,6,358
2006-12-24 07:00:00,18.26,24.55,117.0,417.17,53.0,294.0,2.28,53.0,97762.0,False,12,7,358
2006-12-24 08:00:00,20.64,23.55,352.0,666.85,106.0,295.2,1.79,60.0,97820.0,False,12,8,358
2006-12-24 09:00:00,24.89,15.95,576.0,807.67,129.0,300.6,2.34,66.0,97877.0,False,12,9,358
2006-12-24 10:00:00,28.02,12.3,745.0,848.12,156.0,309.0,3.1,67.0,97858.0,False,12,10,358
2006-12-24 11:00:00,30.21,9.85,851.0,866.6,173.0,317.2,3.93,71.0,97820.0,False,12,11,358
2006-12-24 12:00:00,31.58,8.45,888.0,877.76,176.0,323.0,3.86,72.0,97694.0,False,12,12,358
2006-12-24 13:00:00,32.51,7.6,841.0,848.69,180.0,327.0,3.45,72.0,97607.0,False,12,13,358
2006-12-24 14:00:00,32.99,7.1,735.0,841.98,156.0,329.6,3.1,69.0,97492.0,False,12,14,358
2006-12-24 15:00:00,33.07,6.95,556.0,768.63,138.0,330.4,2.83,63.0,97472.0,False,12,15,358
2006-12-24 16:00:00,32.68,7.05,332.0,627.25,108.0,329.8,2.69,55.0,97424.0,False,12,16,358
2006-12-24 17:00:00,31.45,8.45,101.0,377.85,48.0,328.0,2.07,40.0,97463.0,False,12,17,358
2006-12-24 18:00:00,29.07,10.05,0.0,-0.0,0.0,323.6,2.55,28.0,97492.0,False,12,18,358
2006-12-24 19:00:00,27.32,11.3,0.0,-0.0,0.0,320.4,2.76,23.0,97598.0,False,12,19,358
2006-12-24 20:00:00,25.8,12.9,0.0,-0.0,0.0,317.4,2.83,22.0,97665.0,False,12,20,358
2006-12-24 21:00:00,24.59,14.6,0.0,-0.0,0.0,314.6,2.76,23.0,97752.0,False,12,21,358
2006-12-24 22:00:00,23.51,16.15,0.0,-0.0,0.0,311.6,2.69,25.0,97752.0,False,12,22,358
2006-12-24 23:00:00,22.52,17.6,0.0,-0.0,0.0,309.6,2.62,29.0,97733.0,False,12,23,358
2006-12-25 00:00:00,21.66,18.85,0.0,-0.0,0.0,306.8,2.62,34.0,97713.0,False,12,0,359
2006-12-25 01:00:00,20.84,20.05,0.0,-0.0,0.0,304.4,2.62,37.0,97665.0,False,12,1,359
2006-12-25 02:00:00,20.07,21.25,0.0,-0.0,0.0,301.8,2.48,38.0,97627.0,False,12,2,359
2006-12-25 03:00:00,19.34,22.45,0.0,-0.0,0.0,299.4,2.41,37.0,97617.0,False,12,3,359
2006-12-25 04:00:00,18.68,23.65,0.0,-0.0,0.0,297.0,2.28,35.0,97636.0,False,12,4,359
2006-12-25 05:00:00,18.08,24.8,0.0,-0.0,0.0,295.2,2.21,33.0,97694.0,False,12,5,359
2006-12-25 06:00:00,17.49,26.15,0.0,-0.0,0.0,293.4,2.21,33.0,97704.0,False,12,6,359
2006-12-25 07:00:00,17.23,29.1,116.0,421.72,52.0,293.2,2.14,38.0,97762.0,False,12,7,359
2006-12-25 08:00:00,19.61,27.15,350.0,664.01,106.0,294.0,1.66,44.0,97848.0,False,12,8,359
2006-12-25 09:00:00,23.79,19.0,571.0,792.99,133.0,299.2,2.07,49.0,97887.0,False,12,9,359
2006-12-25 10:00:00,27.09,14.45,744.0,847.54,156.0,307.4,2.55,54.0,97868.0,False,12,10,359
2006-12-25 11:00:00,29.67,11.2,851.0,866.87,173.0,316.6,3.17,62.0,97791.0,False,12,11,359
2006-12-25 12:00:00,31.29,9.15,888.0,877.51,176.0,322.8,3.38,63.0,97694.0,False,12,12,359
2006-12-25 13:00:00,32.23,8.15,847.0,864.6,173.0,327.0,2.83,57.0,97588.0,False,12,13,359
2006-12-25 14:00:00,32.73,7.65,736.0,843.5,155.0,329.6,2.48,49.0,97511.0,False,12,14,359
2006-12-25 15:00:00,32.82,7.45,555.0,755.54,143.0,330.2,2.41,41.0,97472.0,False,12,15,359
2006-12-25 16:00:00,32.45,7.5,334.0,627.0,109.0,329.8,2.48,36.0,97472.0,False,12,16,359
2006-12-25 17:00:00,31.27,8.75,103.0,379.88,49.0,327.4,2.07,28.0,97511.0,False,12,17,359
2006-12-25 18:00:00,28.92,10.4,0.0,-0.0,0.0,322.8,2.48,22.0,97569.0,False,12,18,359
2006-12-25 19:00:00,27.17,11.6,0.0,-0.0,0.0,319.4,2.76,20.0,97636.0,False,12,19,359
2006-12-25 20:00:00,25.64,13.2,0.0,-0.0,0.0,316.0,2.9,23.0,97733.0,False,12,20,359
2006-12-25 21:00:00,24.47,14.8,0.0,-0.0,0.0,313.0,2.9,24.0,97820.0,False,12,21,359
2006-12-25 22:00:00,23.41,16.3,0.0,-0.0,0.0,310.2,2.76,23.0,97820.0,False,12,22,359
2006-12-25 23:00:00,22.37,17.65,0.0,-0.0,0.0,307.6,2.55,23.0,97800.0,False,12,23,359
2006-12-26 00:00:00,21.38,19.0,0.0,-0.0,0.0,305.0,2.48,23.0,97791.0,False,12,0,360
2006-12-26 01:00:00,20.39,20.4,0.0,-0.0,0.0,302.0,2.48,21.0,97742.0,False,12,1,360
2006-12-26 02:00:00,19.49,21.75,0.0,-0.0,0.0,299.2,2.41,20.0,97723.0,False,12,2,360
2006-12-26 03:00:00,18.71,22.95,0.0,-0.0,0.0,296.6,2.34,18.0,97713.0,False,12,3,360
2006-12-26 04:00:00,18.07,24.1,0.0,-0.0,0.0,294.4,2.21,17.0,97752.0,False,12,4,360
2006-12-26 05:00:00,17.48,25.2,0.0,-0.0,0.0,293.4,2.14,16.0,97762.0,False,12,5,360
2006-12-26 06:00:00,16.88,26.55,0.0,-0.0,0.0,292.0,2.21,11.0,97791.0,False,12,6,360
2006-12-26 07:00:00,16.87,27.4,116.0,432.91,51.0,292.2,2.34,6.0,97829.0,False,12,7,360
2006-12-26 08:00:00,19.22,23.95,348.0,663.77,105.0,292.8,2.14,8.0,97945.0,False,12,8,360
2006-12-26 09:00:00,22.57,18.4,573.0,807.2,128.0,296.6,2.69,15.0,98003.0,False,12,9,360
2006-12-26 10:00:00,25.54,15.05,743.0,846.88,156.0,304.4,2.76,20.0,97993.0,False,12,10,360
2006-12-26 11:00:00,28.16,12.35,851.0,867.06,173.0,313.0,2.83,27.0,97926.0,False,12,11,360
2006-12-26 12:00:00,30.07,10.3,888.0,877.18,176.0,320.6,2.83,34.0,97848.0,False,12,12,360
2006-12-26 13:00:00,31.17,9.3,848.0,865.02,173.0,325.8,2.83,33.0,97733.0,False,12,13,360
2006-12-26 14:00:00,31.75,8.8,738.0,843.49,156.0,328.8,2.76,28.0,97656.0,False,12,14,360
2006-12-26 15:00:00,31.83,8.6,553.0,742.44,147.0,330.6,2.69,25.0,97588.0,False,12,15,360
2006-12-26 16:00:00,31.47,8.7,336.0,629.43,109.0,329.8,2.48,29.0,97598.0,False,12,16,360
2006-12-26 17:00:00,30.39,9.9,106.0,388.69,50.0,327.4,1.93,29.0,97607.0,False,12,17,360
2006-12-26 18:00:00,28.3,11.65,0.0,-0.0,0.0,321.8,2.28,19.0,97665.0,False,12,18,360
2006-12-26 19:00:00,26.46,12.9,0.0,-0.0,0.0,317.8,2.55,11.0,97771.0,False,12,19,360
2006-12-26 20:00:00,24.9,14.4,0.0,-0.0,0.0,314.2,2.62,16.0,97820.0,False,12,20,360
2006-12-26 21:00:00,23.63,15.95,0.0,-0.0,0.0,311.4,2.69,20.0,97877.0,False,12,21,360
2006-12-26 22:00:00,22.52,17.55,0.0,-0.0,0.0,308.4,2.62,20.0,97868.0,False,12,22,360
2006-12-26 23:00:00,21.47,19.05,0.0,-0.0,0.0,305.8,2.55,16.0,97897.0,False,12,23,360
2006-12-27 00:00:00,20.51,20.5,0.0,-0.0,0.0,303.2,2.55,9.0,97877.0,False,12,0,361
2006-12-27 01:00:00,19.63,21.75,0.0,-0.0,0.0,300.6,2.62,6.0,97877.0,False,12,1,361
2006-12-27 02:00:00,18.8,22.9,0.0,-0.0,0.0,297.4,2.69,7.0,97839.0,False,12,2,361
2006-12-27 03:00:00,18.09,23.65,0.0,-0.0,0.0,294.4,2.62,11.0,97858.0,False,12,3,361
2006-12-27 04:00:00,17.42,24.2,0.0,-0.0,0.0,291.6,2.55,13.0,97848.0,False,12,4,361
2006-12-27 05:00:00,16.78,24.55,0.0,-0.0,0.0,289.4,2.41,15.0,97868.0,False,12,5,361
2006-12-27 06:00:00,16.19,24.9,0.0,-0.0,0.0,287.6,2.34,18.0,97877.0,False,12,6,361
2006-12-27 07:00:00,15.99,26.55,114.0,430.74,50.0,287.4,2.28,24.0,97926.0,False,12,7,361
2006-12-27 08:00:00,18.28,23.35,347.0,663.44,105.0,288.2,1.93,31.0,98012.0,False,12,8,361
2006-12-27 09:00:00,21.82,18.05,572.0,806.81,128.0,293.0,2.34,38.0,98032.0,False,12,9,361
2006-12-27 10:00:00,25.15,14.65,743.0,846.12,157.0,301.0,2.55,46.0,98003.0,False,12,10,361
2006-12-27 11:00:00,27.95,12.25,851.0,867.17,173.0,310.4,2.69,60.0,97906.0,False,12,11,361
2006-12-27 12:00:00,29.93,10.5,0.0,0.0,0.0,318.6,2.83,73.0,97791.0,False,12,12,361
2006-12-27 13:00:00,31.09,9.5,849.0,865.36,173.0,324.6,2.34,78.0,97665.0,False,12,13,361
2006-12-27 14:00:00,31.67,9.05,739.0,844.84,155.0,328.6,1.86,74.0,97578.0,False,12,14,361
2006-12-27 15:00:00,31.86,8.85,562.0,771.27,139.0,330.4,1.52,63.0,97549.0,False,12,15,361
2006-12-27 16:00:00,31.59,8.85,340.0,642.8,107.0,330.2,1.52,51.0,97540.0,False,12,16,361
2006-12-27 17:00:00,30.73,10.0,107.0,397.18,49.0,328.6,1.38,32.0,97588.0,False,12,17,361
2006-12-27 18:00:00,28.75,11.8,0.0,-0.0,0.0,324.2,2.28,13.0,97646.0,False,12,18,361
2006-12-27 19:00:00,26.69,12.75,0.0,-0.0,0.0,320.4,2.55,14.0,97723.0,False,12,19,361
2006-12-27 20:00:00,25.06,14.2,0.0,-0.0,0.0,316.8,2.83,19.0,97820.0,False,12,20,361
2006-12-27 21:00:00,23.82,15.8,0.0,-0.0,0.0,314.0,2.9,24.0,97906.0,False,12,21,361
2006-12-27 22:00:00,22.8,17.35,0.0,-0.0,0.0,311.2,2.76,28.0,97945.0,False,12,22,361
2006-12-27 23:00:00,21.88,18.7,0.0,-0.0,0.0,308.6,2.69,32.0,97964.0,False,12,23,361
2006-12-28 00:00:00,21.03,20.0,0.0,-0.0,0.0,306.6,2.69,39.0,97916.0,False,12,0,362
2006-12-28 01:00:00,20.24,21.3,0.0,-0.0,0.0,304.4,2.62,47.0,97887.0,False,12,1,362
2006-12-28 02:00:00,19.47,22.7,0.0,-0.0,0.0,302.0,2.55,52.0,97848.0,False,12,2,362
2006-12-28 03:00:00,18.8,23.9,0.0,-0.0,0.0,300.2,2.48,56.0,97858.0,False,12,3,362
2006-12-28 04:00:00,18.23,24.75,0.0,-0.0,0.0,298.0,2.41,57.0,97858.0,False,12,4,362
2006-12-28 05:00:00,17.7,25.45,0.0,-0.0,0.0,296.6,2.41,55.0,97897.0,False,12,5,362
2006-12-28 06:00:00,17.21,26.05,0.0,-0.0,0.0,295.0,2.41,54.0,97935.0,False,12,6,362
2006-12-28 07:00:00,17.3,27.1,111.0,408.0,51.0,294.4,2.34,55.0,97993.0,False,12,7,362
2006-12-28 08:00:00,19.69,23.9,344.0,649.24,108.0,295.8,2.0,61.0,98070.0,False,12,8,362
2006-12-28 09:00:00,23.45,17.0,568.0,789.95,134.0,301.0,2.83,70.0,98128.0,False,12,9,362
2006-12-28 10:00:00,26.36,13.55,742.0,846.72,156.0,308.2,3.31,74.0,98080.0,False,12,10,362
2006-12-28 11:00:00,28.71,11.2,856.0,883.82,165.0,316.0,3.45,76.0,97993.0,False,12,11,362
2006-12-28 12:00:00,30.36,9.9,899.0,911.96,158.0,322.8,3.1,75.0,97945.0,False,12,12,362
2006-12-28 13:00:00,31.4,9.3,855.0,882.25,165.0,327.6,2.48,71.0,97829.0,False,12,13,362
2006-12-28 14:00:00,31.93,8.9,745.0,860.55,149.0,330.8,1.86,62.0,97742.0,False,12,14,362
2006-12-28 15:00:00,32.07,8.75,564.0,772.59,139.0,332.2,1.59,51.0,97685.0,False,12,15,362
2006-12-28 16:00:00,31.79,8.75,340.0,633.99,109.0,332.4,1.59,38.0,97694.0,False,12,16,362
2006-12-28 17:00:00,30.88,9.95,109.0,391.85,51.0,330.0,1.59,26.0,97752.0,False,12,17,362
2006-12-28 18:00:00,28.75,11.7,0.0,-0.0,0.0,325.8,2.34,21.0,97810.0,False,12,18,362
2006-12-28 19:00:00,26.79,12.7,0.0,-0.0,0.0,321.8,2.62,22.0,97897.0,False,12,19,362
2006-12-28 20:00:00,25.15,13.95,0.0,-0.0,0.0,318.0,2.9,28.0,97984.0,False,12,20,362
2006-12-28 21:00:00,23.91,15.05,0.0,-0.0,0.0,314.0,3.03,34.0,98070.0,False,12,21,362
2006-12-28 22:00:00,22.85,15.9,0.0,-0.0,0.0,310.2,2.97,39.0,98061.0,False,12,22,362
2006-12-28 23:00:00,21.93,16.5,0.0,-0.0,0.0,306.8,2.9,43.0,98041.0,False,12,23,362
2006-12-29 00:00:00,21.06,16.9,0.0,-0.0,0.0,303.8,2.9,47.0,98051.0,False,12,0,363
2006-12-29 01:00:00,20.25,17.25,0.0,-0.0,0.0,301.0,2.83,51.0,98032.0,False,12,1,363
2006-12-29 02:00:00,19.48,17.75,0.0,-0.0,0.0,298.2,2.69,53.0,97984.0,False,12,2,363
2006-12-29 03:00:00,18.79,18.35,0.0,-0.0,0.0,296.2,2.62,53.0,97964.0,False,12,3,363
2006-12-29 04:00:00,18.17,19.0,0.0,-0.0,0.0,294.2,2.55,53.0,97974.0,False,12,4,363
2006-12-29 05:00:00,17.62,19.7,0.0,-0.0,0.0,292.8,2.62,56.0,98022.0,False,12,5,363
2006-12-29 06:00:00,17.15,20.35,0.0,-0.0,0.0,291.8,2.62,60.0,98012.0,False,12,6,363
2006-12-29 07:00:00,16.9,22.2,104.0,343.44,54.0,289.8,2.48,63.0,98061.0,False,12,7,363
2006-12-29 08:00:00,19.11,20.2,333.0,587.92,120.0,291.0,2.21,65.0,98157.0,False,12,8,363
2006-12-29 09:00:00,22.28,16.1,551.0,718.25,157.0,295.6,3.1,70.0,98196.0,False,12,9,363
2006-12-29 10:00:00,24.96,14.05,721.0,769.15,189.0,302.4,3.38,75.0,98138.0,False,12,10,363
2006-12-29 11:00:00,27.39,12.15,832.0,801.9,205.0,310.0,3.17,79.0,98109.0,False,12,11,363
2006-12-29 12:00:00,29.25,10.7,880.0,844.94,193.0,317.0,2.83,80.0,98012.0,False,12,12,363
2006-12-29 13:00:00,30.49,9.85,832.0,801.96,204.0,322.6,2.28,75.0,97897.0,False,12,13,363
2006-12-29 14:00:00,31.18,9.5,710.0,723.37,208.0,326.8,1.72,66.0,97810.0,False,12,14,363
2006-12-29 15:00:00,31.38,9.4,531.0,623.4,187.0,329.4,1.24,52.0,97781.0,False,12,15,363
2006-12-29 16:00:00,31.09,9.5,310.0,447.74,146.0,328.8,1.1,35.0,97742.0,False,12,16,363
2006-12-29 17:00:00,30.34,10.6,113.0,413.24,51.0,326.2,1.24,22.0,97762.0,False,12,17,363
2006-12-29 18:00:00,28.58,12.6,0.0,-0.0,0.0,322.0,2.07,21.0,97800.0,False,12,18,363
2006-12-29 19:00:00,26.18,14.05,0.0,-0.0,0.0,319.0,2.28,25.0,97868.0,False,12,19,363
2006-12-29 20:00:00,24.5,15.4,0.0,-0.0,0.0,313.4,2.48,21.0,97964.0,False,12,20,363
2006-12-29 21:00:00,23.07,16.9,0.0,-0.0,0.0,309.2,2.69,22.0,98051.0,False,12,21,363
2006-12-29 22:00:00,21.89,18.6,0.0,-0.0,0.0,306.2,2.69,27.0,98119.0,False,12,22,363
2006-12-29 23:00:00,20.92,20.25,0.0,-0.0,0.0,303.4,2.62,34.0,98148.0,False,12,23,363
2006-12-30 00:00:00,20.03,21.8,0.0,-0.0,0.0,300.6,2.62,36.0,98128.0,False,12,0,364
2006-12-30 01:00:00,19.27,23.05,0.0,-0.0,0.0,298.4,2.69,40.0,98080.0,False,12,1,364
2006-12-30 02:00:00,18.56,24.1,0.0,-0.0,0.0,296.2,2.69,42.0,98012.0,False,12,2,364
2006-12-30 03:00:00,17.92,25.2,0.0,-0.0,0.0,294.2,2.62,42.0,98012.0,False,12,3,364
2006-12-30 04:00:00,17.37,26.2,0.0,-0.0,0.0,292.0,2.55,45.0,98022.0,False,12,4,364
2006-12-30 05:00:00,16.89,27.1,0.0,-0.0,0.0,291.2,2.55,50.0,98051.0,False,12,5,364
2006-12-30 06:00:00,16.57,27.7,0.0,-0.0,0.0,295.6,2.48,54.0,98070.0,False,12,6,364
2006-12-30 07:00:00,16.54,28.75,92.0,228.91,59.0,294.4,2.34,57.0,98090.0,False,12,7,364
2006-12-30 08:00:00,18.59,25.9,303.0,429.19,148.0,294.8,2.14,64.0,98148.0,False,12,8,364
2006-12-30 09:00:00,21.73,20.3,519.0,586.01,198.0,299.8,2.83,71.0,98205.0,False,12,9,364
2006-12-30 10:00:00,24.5,17.05,696.0,681.3,225.0,305.2,2.76,72.0,98196.0,False,12,10,364
2006-12-30 11:00:00,26.95,14.4,818.0,755.73,227.0,309.4,2.69,73.0,98119.0,False,12,11,364
2006-12-30 12:00:00,28.83,12.3,876.0,829.56,201.0,317.0,2.62,74.0,98022.0,False,12,12,364
2006-12-30 13:00:00,30.0,11.15,829.0,786.84,212.0,321.8,2.21,70.0,97916.0,False,12,13,364
2006-12-30 14:00:00,30.65,10.55,703.0,695.97,219.0,325.8,1.79,57.0,97800.0,False,12,14,364
2006-12-30 15:00:00,30.87,10.3,524.0,585.29,200.0,327.8,1.66,41.0,97762.0,False,12,15,364
2006-12-30 16:00:00,30.61,10.3,308.0,431.77,149.0,327.8,1.79,31.0,97752.0,False,12,16,364
2006-12-30 17:00:00,29.73,11.5,100.0,263.01,60.0,325.0,1.66,25.0,97810.0,False,12,17,364
2006-12-30 18:00:00,27.77,13.55,0.0,-0.0,0.0,320.6,2.21,22.0,97877.0,False,12,18,364
2006-12-30 19:00:00,25.71,15.35,0.0,-0.0,0.0,316.0,2.48,19.0,97955.0,False,12,19,364
2006-12-30 20:00:00,24.1,16.95,0.0,-0.0,0.0,312.6,2.76,24.0,98032.0,False,12,20,364
2006-12-30 21:00:00,22.82,18.7,0.0,-0.0,0.0,309.0,2.83,28.0,98109.0,False,12,21,364
2006-12-30 22:00:00,21.75,20.55,0.0,-0.0,0.0,306.0,2.83,33.0,98138.0,False,12,22,364
2006-12-30 23:00:00,20.86,22.15,0.0,-0.0,0.0,303.8,2.76,38.0,98138.0,False,12,23,364
2006-12-31 00:00:00,20.09,23.45,0.0,-0.0,0.0,303.8,2.83,40.0,98138.0,False,12,0,365
2006-12-31 01:00:00,19.35,24.55,0.0,-0.0,0.0,300.4,2.83,40.0,98109.0,False,12,1,365
2006-12-31 02:00:00,18.62,25.55,0.0,-0.0,0.0,297.0,2.83,40.0,98070.0,False,12,2,365
2006-12-31 03:00:00,17.97,26.35,0.0,-0.0,0.0,294.0,2.76,41.0,98061.0,False,12,3,365
2006-12-31 04:00:00,17.41,26.9,0.0,-0.0,0.0,292.8,2.69,43.0,98090.0,False,12,4,365
2006-12-31 05:00:00,16.97,26.95,0.0,-0.0,0.0,294.6,2.69,44.0,98109.0,False,12,5,365
2006-12-31 06:00:00,16.63,26.5,0.0,-0.0,0.0,297.4,2.69,45.0,98138.0,False,12,6,365
2006-12-31 07:00:00,16.63,25.55,72.0,91.04,59.0,296.0,2.69,48.0,98176.0,False,12,7,365
2006-12-31 08:00:00,18.41,22.25,288.0,366.61,156.0,294.8,2.55,50.0,98263.0,False,12,8,365
2006-12-31 09:00:00,21.13,16.35,512.0,561.18,205.0,294.2,3.59,54.0,98273.0,False,12,9,365
2006-12-31 10:00:00,23.55,12.9,703.0,709.06,213.0,297.6,3.86,58.0,98244.0,False,12,10,365
2006-12-31 11:00:00,25.75,11.0,823.0,770.87,220.0,302.0,3.59,59.0,98205.0,False,12,11,365
2006-12-31 12:00:00,27.46,9.95,872.0,812.9,210.0,306.6,3.31,56.0,98090.0,False,12,12,365
2006-12-31 13:00:00,28.67,9.35,835.0,802.26,205.0,311.2,3.03,48.0,97993.0,False,12,13,365
2006-12-31 14:00:00,29.33,9.05,713.0,724.59,208.0,314.4,2.9,41.0,97897.0,False,12,14,365
2006-12-31 15:00:00,29.49,8.85,535.0,624.79,188.0,315.6,2.9,35.0,97829.0,False,12,15,365
2006-12-31 16:00:00,26.33,9.33,318.0,469.94,144.0,306.18,2.98,32.0,97820.0,False,12,16,365
2006-12-31 17:00:00,25.78,10.63,106.0,304.87,59.0,306.21,2.94,28.0,97868.0,False,12,17,365
2006-12-31 18:00:00,25.24,11.93,0.0,-0.0,0.0,306.24,2.91,22.0,97916.0,False,12,18,365
2006-12-31 19:00:00,24.69,13.23,0.0,-0.0,0.0,306.28,2.87,22.0,97993.0,False,12,19,365
2006-12-31 20:00:00,24.15,14.53,0.0,-0.0,0.0,306.31,2.83,23.0,98080.0,False,12,20,365
2006-12-31 21:00:00,23.6,15.82,0.0,-0.0,0.0,306.34,2.79,25.0,98148.0,False,12,21,365
2006-12-31 22:00:00,23.05,17.12,0.0,-0.0,0.0,306.37,2.76,28.0,98196.0,False,12,22,365
2006-12-31 23:00:00,22.51,18.42,0.0,-0.0,0.0,306.4,2.72,30.0,98225.0,False,12,23,365
